       0        0 -469.119        0  5.29649        0 0 0 0 0 0 0        0        0 -468.612        0  5.29077        0 0 0 0 0 0 0 
           0            0     -469.115 -3.55461e-15      5.45735            0 -0.000181443   -7.215e-07     -468.792  1.67379e-07  2.38354e-05  8.65287e-09            0            0     -468.616 -3.55082e-15      5.45154            0 -0.000181441 -7.21498e-07     -468.938  1.67379e-07  2.38354e-05  8.65287e-09 
          0           0    -469.105 3.55453e-15     5.63801           0 -0.000192883 -2.13497e-07     -468.792  7.94518e-07  2.38202e-05 -9.00152e-08          0          0   -468.626 3.5509e-15    5.63224          0 -0.000192901 -2.13485e-07     -468.938  7.94518e-07  2.38202e-05 -9.00152e-08 
           0            0     -469.038 -3.55402e-15      5.89555            0 -0.000199172 -5.79063e-08     -468.792  9.63319e-07  2.38172e-05 -1.16572e-07            0            0     -468.693 -3.55141e-15      5.89121            0 -0.000199195 -5.78917e-08     -468.938  9.63319e-07  2.38172e-05 -1.16572e-07 
       0        0 -468.881        0  6.13113        0 -0.000211051  3.76895e-07     -468.792  1.34593e-06  2.38106e-05 -1.76768e-07       0       0 -468.85       0 6.13072       0 -0.000211087  3.76916e-07     -468.938  1.34593e-06  2.38106e-05 -1.76768e-07 
      0       0 -468.69       0 6.59485       0 -0.000220329  1.19267e-06     -468.792   1.8374e-06   2.3802e-05 -2.54092e-07        0        0 -469.041        0  6.59979        0 -0.000220381  1.19269e-06     -468.938   1.8374e-06   2.3802e-05 -2.54092e-07 
       0        0 -468.594        0  7.03024        0 -0.000230547  2.23769e-06     -468.792  2.33739e-06  2.37925e-05 -3.32759e-07        0        0 -469.137        0   7.0384        0 -0.000230614  2.23773e-06     -468.938  2.33739e-06  2.37925e-05 -3.32759e-07 
           0            0     -468.497 -3.54992e-15      7.41585            0 -0.000246044  3.03373e-06     -468.792  2.90147e-06  2.37827e-05  -4.2151e-07            0            0     -469.234 -3.55551e-15      7.42751            0 -0.00024613 3.03378e-06    -468.938 2.90147e-06 2.37827e-05 -4.2151e-07 
          0           0    -468.422 3.54935e-15     7.62121           0 -0.000262728  3.84437e-06     -468.792  3.52862e-06  2.37719e-05 -5.20183e-07           0           0    -469.309 3.55608e-15     7.63565           0 -0.000262834  3.84443e-06     -468.938  3.52862e-06  2.37719e-05 -5.20183e-07 
          0           0     -468.35 -3.5488e-15     7.72921           0 -0.000275866   4.6901e-06     -468.792  4.21876e-06  2.37597e-05 -6.28769e-07            0            0     -469.381 -3.55662e-15      7.74625            0 -0.000275995  4.69017e-06     -468.938  4.21876e-06  2.37597e-05 -6.28769e-07 
          0           0    -468.276 -7.0965e-15     7.77172           0 -0.000283604  5.56454e-06     -468.792  4.97245e-06  2.37456e-05 -7.47353e-07           0           0    -469.457 3.55719e-15     7.79182           0 -0.000283757  5.56462e-06     -468.938  4.97245e-06  2.37456e-05 -7.47353e-07 
           0            0     -468.209 -3.54774e-15      7.77923            0 -0.000287048  6.46259e-06     -468.792  5.79078e-06    2.373e-05  -8.7611e-07            0            0     -469.522 -3.55769e-15      7.80106            0 -0.000287227  6.46268e-06     -468.938  5.79078e-06    2.373e-05  -8.7611e-07 
           0            0     -468.147 -3.54727e-15      7.77012            0 -0.000288342  7.38572e-06     -468.792  6.67543e-06  2.37128e-05  -1.0153e-06            0            0     -469.584 -3.55816e-15      7.79397            0 -0.00028855 7.38583e-06    -468.938 6.67543e-06 2.37128e-05 -1.0153e-06 
       0        0 -468.088        0  7.73347        0 -0.000288342  7.38572e-06     -468.792  6.67543e-06  2.37128e-05  -1.0153e-06        0        0 -469.643        0  7.75915        0 -0.00028855 7.38583e-06    -468.938 6.67543e-06 2.37128e-05 -1.0153e-06 
       0        0 -468.034        0  7.65183        0 -0.000288546  9.32488e-06     -468.792   8.6532e-06  2.36745e-05 -1.32649e-06        0        0 -469.697        0  7.67903        0 -0.000288817  9.32501e-06     -468.938   8.6532e-06  2.36745e-05 -1.32649e-06 
           0            0     -467.981 -3.54601e-15      7.51759            0  -0.00028688  1.03596e-05     -468.792  9.75243e-06   2.3653e-05 -1.49945e-06            0            0      -469.75 -3.55941e-15      7.54599            0 -0.000287187  1.03598e-05     -468.938  9.75243e-06   2.3653e-05 -1.49945e-06 
         0          0   -467.927 7.0912e-15     7.3245          0 -0.000283215  1.14494e-05     -468.792  1.09303e-05  2.36299e-05 -1.68477e-06           0           0    -469.804 7.11965e-15     7.35388           0  -0.00028356  1.14496e-05     -468.938  1.09303e-05  2.36299e-05 -1.68477e-06 
       0        0 -467.868        0  7.07554        0 -0.000277368  1.26037e-05     -468.792  1.21912e-05  2.36049e-05 -1.88316e-06        0        0 -469.863        0  7.10571        0 -0.000277753  1.26039e-05     -468.938  1.21912e-05  2.36049e-05 -1.88316e-06 
           0            0     -467.805 -3.54468e-15      6.78928            0 -0.000269513  1.38339e-05     -468.792  1.35402e-05   2.3578e-05 -2.09543e-06            0            0     -469.926 -3.56075e-15      6.82005            0 -0.000269942  1.38342e-05     -468.938  1.35402e-05   2.3578e-05 -2.09543e-06 
          0           0    -467.738 3.54417e-15     6.47236           0 -0.000259906  1.51517e-05     -468.792   1.4983e-05  2.35491e-05 -2.32245e-06           0           0    -469.993 3.56125e-15     6.50355           0 -0.000260382  1.51519e-05     -468.938   1.4983e-05  2.35491e-05 -2.32245e-06 
      0       0 -467.66       0 6.10107       0 -0.000248718  1.65681e-05     -468.792   1.6526e-05  2.35181e-05 -2.56523e-06        0        0 -470.071        0  6.13252        0 -0.000249244  1.65684e-05     -468.938   1.6526e-05  2.35181e-05 -2.56523e-06 
       0        0 -467.577        0  5.71382        0 -0.000236036   1.8094e-05     -468.792  1.81759e-05  2.34849e-05 -2.82484e-06        0        0 -470.154        0  5.74532        0 -0.000236615  1.80943e-05     -468.938  1.81759e-05  2.34849e-05 -2.82484e-06 
       0        0 -467.482        0  5.28512        0 -0.000221931  1.97401e-05     -468.792  1.99406e-05  2.34493e-05  -3.1025e-06        0        0 -470.249        0   5.3164        0 -0.000222567  1.97404e-05     -468.938  1.99406e-05  2.34493e-05  -3.1025e-06 
           0            0     -467.377 -7.08287e-15      4.82834            0 -0.000206497  2.15155e-05     -468.792  2.18282e-05  2.34111e-05 -3.39952e-06            0            0     -470.354 -7.12799e-15       4.8591            0 -0.000207194  2.15159e-05     -468.938  2.18282e-05  2.34111e-05 -3.39952e-06 
           0            0     -467.258 -3.54054e-15      4.33527            0 -0.000189859  2.34299e-05     -468.792  2.38479e-05  2.33703e-05 -3.71732e-06            0            0     -470.473 -3.56489e-15      4.36509            0 -0.000190621  2.34303e-05     -468.938  2.38479e-05  2.33703e-05 -3.71732e-06 
           0            0     -467.132 -7.07916e-15      3.83367            0 -0.000172167   2.5492e-05     -468.792  2.60096e-05  2.33265e-05 -4.05745e-06            0            0     -470.599 -7.13169e-15      3.86211            0 -0.000172999  2.54925e-05     -468.938  2.60096e-05  2.33265e-05 -4.05745e-06 
           0            0     -466.996 -3.53855e-15      3.31502            0  -0.00015356  2.77102e-05     -468.792   2.8324e-05  2.32797e-05 -4.42162e-06            0            0     -470.735 -3.56688e-15      3.34156            0 -0.000154466  2.77107e-05     -468.938   2.8324e-05  2.32797e-05 -4.42162e-06 
       0        0 -466.849        0   2.7824        0 -0.000134164  3.00925e-05     -468.792  3.08025e-05  2.32296e-05 -4.81162e-06        0        0 -470.882        0  2.80643        0  -0.00013515   3.0093e-05     -468.938  3.08025e-05  2.32296e-05 -4.81162e-06 
          0           0    -466.693 3.53625e-15     2.23895           0 -0.000114093  3.26463e-05     -468.792  3.34576e-05  2.31759e-05  -5.2294e-06           0           0    -471.038 3.56917e-15     2.25979           0 -0.000115165  3.26468e-05     -468.938  3.34576e-05  2.31759e-05  -5.2294e-06 
       0        0 -466.527        0  1.68798        0 -9.34622e-05  3.53784e-05     -468.792  3.63021e-05  2.31185e-05 -5.67699e-06        0        0 -471.204        0   1.7049        0 -9.46257e-05   3.5379e-05     -468.938  3.63021e-05  2.31185e-05 -5.67699e-06 
          0           0    -466.352 3.53367e-15     1.13286           0 -7.23923e-05  3.82956e-05     -468.792  3.93495e-05  2.30571e-05 -6.15649e-06           0           0    -471.379 3.57176e-15     1.14507           0 -7.36541e-05  3.82963e-05     -468.938  3.93495e-05  2.30571e-05 -6.15649e-06 
       0        0 -466.167        0 0.576968        0 -5.10094e-05  4.14047e-05     -468.792  4.26133e-05  2.29913e-05 -6.67007e-06        0        0 -471.564        0 0.583647        0 -5.23765e-05  4.14054e-05     -468.938  4.26133e-05  2.29913e-05 -6.67007e-06 
          0           0    -465.974 -3.5308e-15   0.0235881           0 -2.94429e-05  4.47128e-05     -468.793  4.61076e-05  2.29208e-05  -7.2199e-06            0            0     -471.757 -3.57463e-15    0.0238809            0 -3.09227e-05  4.47135e-05     -468.938  4.61076e-05  2.29208e-05  -7.2199e-06 
          0           0    -465.776 -3.5293e-15   -0.510487           0 -7.81878e-06  4.82269e-05     -468.793  4.98458e-05  2.28453e-05 -7.80812e-06            0            0     -471.955 -3.57613e-15     -0.51726            0 -9.41916e-06  4.82277e-05     -468.938  4.98458e-05  2.28453e-05 -7.80812e-06 
       0        0 -465.561        0 -1.06283        0  1.37393e-05  5.19549e-05     -468.793  5.38412e-05  2.27645e-05 -8.43682e-06        0        0  -472.17        0 -1.07792        0    1.201e-05  5.19557e-05     -468.938  5.38412e-05  2.27645e-05 -8.43682e-06 
          0           0    -465.351 3.52608e-15     -1.5894           0  3.51068e-05  5.58982e-05     -468.793  5.81008e-05  2.26778e-05 -9.10708e-06           0           0     -472.38 3.57934e-15    -1.61341           0  3.32401e-05  5.58991e-05     -468.938  5.81008e-05  2.26778e-05 -9.10708e-06 
           0            0     -465.134 -7.04888e-15     -2.11297            0  5.61566e-05  5.99682e-05     -468.793  6.25584e-05   2.2585e-05 -9.80852e-06            0            0     -472.597 -7.16197e-15     -2.14687            0  5.41461e-05  5.99692e-05     -468.938  6.25584e-05   2.2585e-05 -9.80852e-06 
       0        0 -464.925        0 -2.59239        0  7.67595e-05  6.42597e-05     -468.793  6.72842e-05  2.24855e-05 -1.05522e-05        0        0 -472.806        0 -2.63634        0  7.45966e-05  6.42608e-05     -468.938  6.72842e-05  2.24855e-05 -1.05522e-05 
           0            0     -464.705 -3.52119e-15     -3.06152            0 9.67803e-05 6.87878e-05    -468.793 7.22909e-05 2.23788e-05  -1.134e-05            0            0     -473.026 -3.58424e-15     -3.11634            0 9.44559e-05  6.8789e-05    -468.938 7.22909e-05 2.23788e-05  -1.134e-05 
       0        0 -464.485        0 -3.48354        0  0.000116076  7.35725e-05     -468.793  7.75943e-05  2.22644e-05 -1.21745e-05        0        0 -473.246        0 -3.54924        0   0.00011358  7.35738e-05     -468.938  7.75943e-05  2.22644e-05 -1.21745e-05 
          0           0    -464.245 -3.5177e-15    -3.87027           0  0.000134461  7.86371e-05     -468.793  8.32134e-05  2.21417e-05 -1.30588e-05            0            0     -473.486 -3.58773e-15     -3.94731            0  0.000131784  7.86384e-05     -468.938  8.32134e-05  2.21417e-05 -1.30588e-05 
         0          0   -463.994 3.5158e-15   -4.20044          0  0.000150902  8.39951e-05     -468.793  8.91705e-05  2.20101e-05 -1.39962e-05           0           0    -473.737 3.58963e-15    -4.28865           0  0.000148033  8.39966e-05     -468.938  8.91705e-05  2.20101e-05 -1.39962e-05 
       0        0 -463.724        0 -4.48403        0  0.000165543  8.97085e-05     -468.793  9.54917e-05  2.18691e-05 -1.49909e-05        0        0 -474.007        0 -4.58345        0   0.00016247    8.971e-05     -468.938  9.54917e-05  2.18691e-05 -1.49909e-05 
       0        0 -463.433        0 -4.71381        0    0.0001785  9.58077e-05     -468.793  0.000102207  2.17177e-05 -1.60476e-05        0        0 -474.298        0 -4.82433        0   0.00017521  9.58093e-05     -468.938  0.000102207  2.17177e-05 -1.60476e-05 
          0           0    -463.111 3.50911e-15    -4.87958           0  0.000189609  0.000102336     -468.793  0.000109351  2.15553e-05 -1.71718e-05           0           0     -474.62 3.59632e-15    -5.00084           0  0.000186089  0.000102338     -468.938  0.000109351  2.15553e-05 -1.71718e-05 
          0           0    -462.652 3.50563e-15    -4.98171           0  0.000198508  0.000109347     -468.793  0.000116969  2.13811e-05 -1.83705e-05          0          0   -475.079 3.5998e-15   -5.11552          0  0.000194742  0.000109349     -468.938  0.000116969  2.13811e-05 -1.83705e-05 
          0           0    -462.346 3.50332e-15    -4.98062           0  0.000204801  0.000116991     -468.793  0.000125185  2.11943e-05 -1.96633e-05           0           0    -475.385 3.60211e-15    -5.12107           0  0.000200771  0.000116993     -468.938  0.000125185  2.11943e-05 -1.96633e-05 
           0            0     -461.907 -3.49999e-15      -4.9005            0  0.000208125  0.000125236     -468.793  0.000133988  2.09942e-05 -2.10486e-05            0            0     -475.824 -3.60544e-15     -5.04815            0   0.00020381  0.000125238     -468.938  0.000133988  2.09942e-05 -2.10486e-05 
       0        0 -461.426        0 -4.71886        0  0.000208159  0.000134109     -468.793  0.000143435  2.07801e-05 -2.25351e-05        0        0 -476.305        0 -4.87101        0   0.00020354  0.000134111     -468.938  0.000143435  2.07801e-05 -2.25351e-05 
           0            0     -460.894 -3.49231e-15     -4.42358            0   0.00020464  0.000143654     -468.793  0.000153582  2.05513e-05 -2.41318e-05            0            0     -476.837 -3.61312e-15      -4.5766            0  0.000199693  0.000143656     -468.938  0.000153582  2.05513e-05 -2.41318e-05 
          0           0    -460.293 3.48776e-15    -4.04566           0  0.000196726  0.000153959     -468.793   0.00016449  2.03068e-05 -2.58481e-05           0           0    -477.438 3.61767e-15    -4.19635           0  0.000191427  0.000153961     -468.938   0.00016449  2.03068e-05 -2.58481e-05 
       0        0 -459.617        0 -3.59599        0  0.000185038  0.000165105     -468.793  0.000176222  2.00469e-05 -2.76942e-05        0        0 -478.114        0 -3.74072        0  0.000179361  0.000165108     -468.938  0.000176222  2.00469e-05 -2.76942e-05 
          0           0    -459.112 3.47881e-15    -3.08795           0  0.000170289  0.000177218     -468.793  0.000188847  1.97715e-05 -2.96807e-05           0           0    -478.619 3.62662e-15    -3.21916           0  0.000164205  0.000177221     -468.938  0.000188847  1.97715e-05 -2.96807e-05 
          0           0    -458.685 6.95115e-15    -2.48037           0  0.000152803  0.000190039     -468.793  0.000202437  1.94805e-05 -3.18191e-05           0           0    -479.046 7.25971e-15    -2.59047           0   0.00014628  0.000190043     -468.938  0.000202437  1.94805e-05 -3.18191e-05 
         0          0   -458.187 3.4718e-15   -1.83264          0  0.000132128  0.000202884     -468.793  0.000217071  1.91741e-05 -3.41217e-05           0           0    -479.544 3.63362e-15    -1.91806           0  0.000125133  0.000202887     -468.938  0.000217071  1.91741e-05 -3.41217e-05 
       0        0 -457.596        0  -1.1689        0  0.000108844  0.000216674     -468.793  0.000232831  1.88525e-05 -3.66014e-05        0        0 -480.135        0 -1.22647        0  0.000101341  0.000216678     -468.938  0.000232831  1.88525e-05 -3.66014e-05 
          0           0    -456.964 3.46253e-15    -0.54729           0  8.39571e-05  0.000231773     -468.793  0.000249806   1.8516e-05 -3.92722e-05           0           0    -480.767 3.64289e-15   -0.575798           0  7.59065e-05  0.000231777     -468.938  0.000249806   1.8516e-05 -3.92722e-05 
           0            0     -456.346 -3.45785e-15   -0.0185747            0  5.94387e-05  0.000248126     -468.793   0.00026809  1.81648e-05 -4.21491e-05            0            0     -481.385 -3.64758e-15   -0.0195938            0  5.07984e-05   0.00024813     -468.938   0.00026809  1.81648e-05 -4.21491e-05 
       0        0 -455.823        0 0.390416        0  3.73124e-05  0.000265601     -468.793  0.000287787  1.77991e-05 -4.52482e-05        0        0 -481.908        0 0.412758        0  2.80367e-05  0.000265605     -468.938  0.000287787  1.77991e-05 -4.52482e-05 
       0        0 -455.366        0 0.757331        0  1.97749e-05  0.000284015     -468.793  0.000309005  1.74195e-05 -4.85867e-05        0        0 -482.365        0 0.802234        0  9.81488e-06   0.00028402     -468.938  0.000309005  1.74195e-05 -4.85867e-05 
           0            0      -454.93 -3.44712e-15      1.04446            0  4.50819e-06  0.000303322     -468.793  0.000331863  1.70268e-05 -5.21831e-05            0            0     -482.801 -3.65831e-15      1.10845            0 -6.18913e-06  0.000303328     -468.938  0.000331863  1.70268e-05 -5.21831e-05 
       0        0 -454.484        0  1.25651        0 -8.45093e-06  0.000323829     -468.793  0.000356485   1.6622e-05 -5.60571e-05        0        0 -483.247        0  1.33603        0 -1.99424e-05  0.000323835     -468.938  0.000356485   1.6622e-05 -5.60571e-05 
       0        0 -454.008        0   1.3973        0 -1.83745e-05  0.000345761     -468.793  0.000383008  1.62057e-05 -6.02302e-05        0        0 -483.723        0  1.48875        0 -3.07215e-05  0.000345767     -468.938  0.000383008  1.62057e-05 -6.02302e-05 
           0            0      -453.49 -3.43621e-15      1.46011            0 -2.56094e-05  0.000369331     -468.793  0.000411577   1.5779e-05 -6.47252e-05            0            0     -484.241 -3.66922e-15      1.55912            0 -3.88779e-05  0.000369338     -468.938  0.000411577   1.5779e-05 -6.47252e-05 
           0            0       -452.9 -3.43174e-15      1.44446            0 -3.00518e-05  0.000394713     -468.793  0.000442349  1.53428e-05 -6.95667e-05            0            0     -484.831 -3.67369e-15      1.54631            0 -4.43128e-05   0.00039472     -468.938  0.000442349  1.53428e-05 -6.95667e-05 
           0            0     -452.149 -3.42605e-15      1.36769            0 -3.12167e-05  0.000422096     -468.793  0.000475492  1.48981e-05 -7.47814e-05            0            0     -485.582 -3.67938e-15      1.46882            0 -4.65467e-05  0.000422104     -468.938  0.000475492  1.48981e-05 -7.47814e-05 
           0            0     -451.184 -3.41873e-15      1.29936            0 -2.96643e-05   0.00045185     -468.793  0.000511188  1.44459e-05 -8.03977e-05            0            0     -486.547 -3.68669e-15       1.4012            0 -4.61457e-05  0.000451858     -468.938  0.000511188  1.44459e-05 -8.03977e-05 
           0            0     -449.809 -3.40832e-15      1.26644            0   -2.713e-05  0.000484457     -468.793  0.000549631  1.39876e-05 -8.64461e-05            0            0     -487.922 -3.69711e-15      1.37375            0 -4.48513e-05  0.000484465     -468.938  0.000549631  1.39876e-05 -8.64461e-05 
           0            0     -448.173 -3.39592e-15        1.258            0 -2.56721e-05  0.000520154     -468.793  0.000591031  1.35244e-05 -9.29598e-05            0            0     -489.558 -3.70951e-15      1.37417            0 -4.47287e-05  0.000520163     -468.938  0.000591031  1.35244e-05 -9.29598e-05 
           0            0     -446.838 -3.38581e-15      1.26403            0 -2.54035e-05  0.000560663     -468.793  0.000635615  1.30575e-05 -9.99743e-05            0            0     -490.893 -3.71962e-15      1.38865            0 -4.58981e-05  0.000560673     -468.938  0.000635615  1.30575e-05 -9.99743e-05 
          0           0    -445.647 3.37678e-15     1.28231           0 -2.57236e-05  0.000602716     -468.793  0.000683626   1.2588e-05 -0.000107528           0           0    -492.084 3.72865e-15     1.41593           0 -4.77667e-05  0.000602727     -468.938  0.000683626   1.2588e-05 -0.000107528 
           0            0     -444.471 -3.36787e-15      1.31335            0  -2.6451e-05  0.000646817     -468.793  0.000735329  1.21168e-05 -0.000115662            0            0      -493.26 -3.73756e-15      1.45752            0 -5.01616e-05  0.000646829     -468.938  0.000735329  1.21168e-05 -0.000115662 
       0        0 -443.208        0  1.33918        0  -2.7664e-05  0.000693657     -468.793  0.000791007  1.16452e-05 -0.000124422        0        0 -494.523        0  1.49424        0 -5.31704e-05   0.00069367     -468.938  0.000791007  1.16452e-05 -0.000124422 
       0        0 -441.835        0  1.36392        0 -2.91528e-05  0.000743941     -468.793  0.000850969  1.11742e-05 -0.000133856        0        0 -495.896        0   1.5308        0 -5.65931e-05  0.000743954     -468.938  0.000850969  1.11742e-05 -0.000133856 
      0       0 -440.31       0  1.4366       0 -3.01783e-05  0.000798114     -468.793  0.000915548  1.07048e-05 -0.000144016        0        0 -497.421        0  1.62293        0 -5.97015e-05  0.000798128     -468.938  0.000915548  1.07048e-05 -0.000144016 
           0            0     -438.781 -6.64952e-15      1.48454            0 -3.22194e-05  0.000856668     -468.793  0.000985109  1.02382e-05  -0.00015496            0            0      -498.95 -7.56134e-15      1.68811            0 -6.3986e-05 0.000856684    -468.938 0.000985109 1.02382e-05 -0.00015496 
       0        0 -437.406        0  1.45206        0 -3.49274e-05  0.000919822     -468.793   0.00106013  9.77541e-06 -0.000166762        0        0 -500.325        0  1.66094        0 -6.91135e-05  0.000919839     -468.938   0.00106013  9.77541e-06 -0.000166762 
       0        0 -436.083        0   1.3373        0 -3.50327e-05  0.000987106     -468.793   0.00114096  9.31707e-06 -0.000179479        0        0 -501.648        0  1.53836        0 -7.18257e-05  0.000987124     -468.938   0.00114096  9.31707e-06 -0.000179479 
        0         0  -434.854 3.295e-15     1.176         0 -3.16229e-05   0.00105864     -468.793   0.00122806  8.86401e-06 -0.000193181           0           0    -502.877 3.81043e-15     1.35995           0  -7.1225e-05   0.00105866     -468.938   0.00122806  8.86401e-06 -0.000193181 
          0           0    -433.628 3.28571e-15    0.994364           0 -2.55364e-05   0.00113494     -468.793    0.0013219  8.41726e-06 -0.000207946           0           0    -504.103 3.81972e-15     1.15597           0 -6.81653e-05   0.00113496     -468.938    0.0013219  8.41726e-06 -0.000207946 
           0            0      -432.37 -3.27618e-15     0.808554            0 -1.79938e-05   0.00121666     -468.793   0.00142302  7.97782e-06 -0.000223855            0            0     -505.361 -3.82925e-15     0.945052            0 -6.38839e-05   0.00121668     -468.938   0.00142302  7.97782e-06 -0.000223855 
          0           0     -431.06 -6.5325e-15    0.624891           0  -9.8597e-06   0.00130437     -468.793   0.00153197  7.54663e-06 -0.000240994            0            0     -506.671 -7.67835e-15     0.734501            0 -5.92634e-05   0.00130439     -468.938   0.00153197  7.54663e-06 -0.000240994 
           0            0     -429.677 -3.25577e-15      0.44529            0 -1.53897e-06   0.00139862     -468.793   0.00164933  7.12447e-06 -0.000259459            0            0     -508.054 -3.84966e-15     0.526516            0  -5.4728e-05   0.00139865     -468.938   0.00164933  7.12447e-06 -0.000259459 
          0           0    -428.191 3.24451e-15    0.271045           0 6.83395e-06  0.00149997    -468.793  0.00177577 6.71203e-06 -0.00027935           0           0     -509.54 3.86092e-15     0.32254           0 -5.04328e-05       0.0015     -468.938   0.00177577  6.71203e-06  -0.00027935 
       0        0 -426.576        0 0.103872        0  1.52044e-05   0.00160904     -468.793   0.00191195   6.3099e-06 -0.000300775        0        0 -511.155        0 0.124467        0 -4.64544e-05   0.00160907     -468.938   0.00191195   6.3099e-06 -0.000300775 
          0           0    -424.809 3.21889e-15  -0.0535216           0 2.35122e-05   0.0017265    -468.793  0.00205862 5.91858e-06 -0.00032385           0           0    -512.922 3.88654e-15  -0.0646229           0 -4.28769e-05   0.00172653     -468.938   0.00205862  5.91858e-06  -0.00032385 
           0            0      -422.86 -3.20412e-15    -0.197053            0  3.16664e-05   0.00185297     -468.793   0.00221648  5.53849e-06 -0.000348684            0            0     -514.871 -3.90131e-15     -0.23993            0 -3.98138e-05     0.001853     -468.938   0.00221648  5.53849e-06 -0.000348684 
        0         0  -420.698         0 -0.321872         0  3.95229e-05   0.00198932     -468.793   0.00238644  5.16993e-06 -0.000375423         0         0  -517.033         0 -0.395577         0 -3.74387e-05   0.00198936     -468.938   0.00238644  5.16993e-06 -0.000375423 
           0            0     -418.293 -3.16951e-15     -0.42327            0  4.68868e-05    0.0021364     -468.793   0.00256943  4.81308e-06 -0.000404211            0            0     -519.438 -3.93592e-15    -0.525619            0 -3.59764e-05   0.00213644     -468.938   0.00256943  4.81308e-06 -0.000404211 
           0            0     -415.615 -3.14922e-15    -0.497083            0  5.35429e-05   0.00229499     -468.793   0.00276644  4.46799e-06 -0.000435205           0           0    -522.116 -3.9562e-15   -0.624459           0 -3.56741e-05   0.00229503     -468.938   0.00276644  4.46799e-06 -0.000435205 
          0           0    -412.642 3.12669e-15   -0.539698           0 5.92891e-05  0.00246556    -468.793  0.00297852 4.13459e-06 -0.00046857           0           0    -525.089 3.97874e-15   -0.686769           0 -3.67677e-05   0.00246561     -468.938   0.00297852  4.13459e-06  -0.00046857 
        0         0  -409.352         0 -0.547942         0  6.37373e-05   0.00263704     -468.793   0.00319114   3.8151e-06 -0.000502022         0         0  -528.379         0 -0.707266         0 -3.91772e-05    0.0026371     -468.938   0.00319114   3.8151e-06 -0.000502022 
          0           0    -405.802 3.07486e-15   -0.519558           0  6.63347e-05   0.00278708     -468.793   0.00337456  3.51402e-06 -0.000530883           0           0    -531.929 4.03056e-15   -0.681042           0 -4.24963e-05   0.00278714     -468.938   0.00337456  3.51402e-06 -0.000530883 
       0        0 -402.232        0 -0.45308        0  6.64851e-05   0.00288746     -468.793   0.00349141  3.23691e-06 -0.000549279         0         0  -535.499         0 -0.603194         0 -4.61171e-05   0.00288752     -468.938   0.00349141  3.23691e-06 -0.000549279 
        0         0   -398.63         0 -0.345743         0  6.35819e-05   0.00290382     -468.793   0.00349736  2.99034e-06 -0.000550236         0         0  -539.101         0 -0.467578         0 -4.92163e-05   0.00290388     -468.938   0.00349736  2.99034e-06 -0.000550236 
          0           0    -395.071 5.98711e-15   -0.188816           0  5.69781e-05   0.00279757     -468.793   0.00334163  2.78181e-06 -0.000525763           0           0     -542.66 8.22374e-15   -0.259353           0 -5.08034e-05   0.00279763     -468.938   0.00334163  2.78181e-06 -0.000525763 
           0            0     -390.225 -2.95683e-15    0.0962227            0 4.60575e-05  0.00253738    -468.793  0.00298309 2.61733e-06 -0.00046939           0           0    -547.506 -4.1486e-15    0.135006           0 -5.01674e-05   0.00253743     -468.938   0.00298309  2.61733e-06  -0.00046939 
           0            0     -387.497 -2.93616e-15     0.252232            0  3.00177e-05   0.00209925     -468.793   0.00239074  2.50139e-06 -0.000376231            0            0     -550.234 -4.16926e-15     0.358162            0 -4.71097e-05   0.00209929     -468.938   0.00239074  2.50139e-06 -0.000376231 
         0          0   -390.802 2.9612e-15   0.480705          0  1.04684e-05   0.00146364     -468.793   0.00153829  2.43731e-06 -0.000242144           0           0    -546.929 4.14422e-15     0.67275           0  -3.9171e-05   0.00146366     -468.938   0.00153829  2.43731e-06 -0.000242144 
       0        0 -485.174        0 0.895974        0 -1.12061e-05  0.000620077     -468.793  0.000408258  2.42649e-06 -6.43561e-05        0        0 -452.557        0 0.835741        0 -2.43991e-05  0.000620084     -468.938  0.000408258  2.42649e-06 -6.43561e-05 
          0           0    -586.567 4.44456e-15     1.44541           0 -3.51966e-05 -0.000447032     -525.065  -0.00101978  2.47152e-06  0.000160369           0           0    -351.164 2.66086e-15    0.865333           0 -2.32094e-06 -0.000447048     -412.666  -0.00101978  2.47152e-06  0.000160369 
           0            0      -692.68 -5.24861e-15      2.14631            0 -5.79107e-05  -0.00156288     -618.853  -0.00246454  2.53352e-06   0.00038779            0            0     -245.051 -1.85681e-15     0.759305            0 2.15862e-05 -0.00156292    -318.878 -0.00246454 2.53352e-06  0.00038779 
          0           0    -801.796 6.07542e-15     3.06634           0 -7.74051e-05  -0.00249511      -712.64  -0.00364059  2.56472e-06  0.000573004           0           0    -135.935 1.03001e-15     0.51986           0 4.00608e-05 -0.00249517    -225.091 -0.00364059 2.56472e-06 0.000573004 
           0            0     -906.303 -1.71682e-14      4.17534            0 -9.4741e-05 -0.00319449    -806.428 -0.00449333 2.55672e-06 0.000707425            0            0     -31.4276 -5.95338e-16     0.144787            0 5.02811e-05 -0.00319456    -131.303 -0.00449333 2.55672e-06 0.000707425 
           0            0     -923.711 -5.68685e-15       4.9754            0 -0.000110421  -0.00362103     -900.216  -0.00496973  2.50144e-06  0.000782693            0            0     -14.0197 -8.63123e-17    0.0755144            0 5.00307e-05 -0.00362111    -37.5159 -0.00496973 2.50144e-06 0.000782693 
           0            0      -936.37 -3.49213e-15      5.97745            0 -0.000122685  -0.00372858     -937.731  -0.00500744  2.38804e-06  0.000788946            0            0     -1.36117 -5.07639e-18   0.00868923            0  6.77626e-21 -4.33681e-19 -7.10543e-15 -8.67362e-19  4.23516e-22   1.0842e-19 
       0        0 -937.731 -2.11186  6.97296        0 -0.000136755  -0.00365199     -937.731  -0.00483964  2.24701e-06  0.000762507  0  0  0 -0 -0  0  7.52316e-37 -4.81482e-35 -7.88861e-31 -9.62965e-35  4.70198e-38  1.20371e-35 
       0        0 -937.731 -3.39842  7.48216        0 -0.000153131  -0.00359208     -937.731  -0.00469916  2.11894e-06  0.000740371  0  0  0 -0 -0  0  8.35239e-53 -5.34553e-51 -8.75812e-47 -1.06911e-50  5.22024e-54  1.33638e-51 
       0        0 -937.731 -3.75475  8.06519        0 -0.000153131  -0.00359208     -937.731  -0.00469916  2.11894e-06  0.000740371  0  0  0 -0 -0  0  8.35239e-53 -5.34553e-51 -8.75812e-47 -1.06911e-50  5.22024e-54  1.33638e-51 
       0        0 -937.731 -3.24619   8.7559        0 -0.000173309  -0.00348457     -937.731  -0.00449634  1.89884e-06  0.000708414  0  0  0 -0 -0  0  1.02951e-84 -6.58887e-83 -1.07952e-78 -1.31777e-82  6.43445e-86  1.64722e-83 
       0        0 -937.731 -2.06816  9.36233        0 -0.000185697   -0.0034337     -937.731   -0.0044328  1.80794e-06  0.000698401  0  0  0 -0 -0  0 1.14299e-100 -7.31512e-99 -1.19851e-94 -1.46302e-98 7.14367e-102  1.82878e-99 
        0         0  -937.731 -0.526627   10.0795         0 -0.000197135  -0.00338715     -937.731  -0.00439394  1.73137e-06  0.000692276  0  0  0 -0 -0  0  1.26897e-116 -8.12141e-115 -1.33061e-110 -1.62428e-114  7.93107e-118  2.03035e-115 
          0           0    -933.066 1.32564e-15     10.7802           0 -0.000209876  -0.00334897     -937.731  -0.00437949  1.67195e-06  0.000689998           0           0    -4.66468 6.62728e-18   0.0538934           0  1.40884e-132 -9.01658e-131 -1.47728e-126 -1.80332e-130  8.80525e-134  2.25415e-131 
          0           0    -929.444 3.96148e-15     11.2941           0 -0.000224265  -0.00332746     -937.731  -0.00438934  1.63387e-06  0.000691548           0           0    -8.28667 3.53195e-17    0.100695           0  1.56413e-148 -1.00104e-146 -1.64011e-142 -2.00208e-146   9.7758e-150   2.5026e-147 
           0            0     -933.139 -4.86106e-15      11.5012            0  -0.0002374 -0.00333043    -937.731  -0.0044235 1.62292e-06 0.000696929           0           0    -4.59232 -2.3923e-17   0.0566017           0  1.73653e-164 -1.11138e-162 -1.82088e-158 -2.22276e-162  1.08533e-165  2.77845e-163 
        0         0  -937.731 -0.450271    11.272         0 -0.000245143  -0.00337591     -937.731  -0.00448215  1.65259e-06  0.000706168  0  0  0 -0 -0  0  1.92794e-180 -1.23388e-178 -2.02159e-174 -2.46776e-178  1.20496e-181   3.0847e-179 
       0        0 -937.731 -2.45603   10.568        0 -0.000245284  -0.00345965     -937.731  -0.00456566  1.80837e-06  0.000719324  0  0  0 -0 -0  0  2.14044e-196 -1.36988e-194 -2.24441e-190 -2.73976e-194  1.33777e-197   3.4247e-195 
       0        0 -937.731 -5.01455  9.46062        0 -0.000237514  -0.00357257     -937.731   -0.0046744  2.04631e-06  0.000736456  0  0  0 -0 -0  0  2.37636e-212 -1.52087e-210  -2.4918e-206 -3.04175e-210  1.48523e-213  3.80218e-211 
       0        0 -937.731 -7.80871  8.02823        0 -0.000222113   -0.0037172     -937.731  -0.00480894  2.37975e-06  0.000757653  0  0  0 -0 -0  0  2.63829e-228 -1.68851e-226 -2.76645e-222 -3.37702e-226  1.64893e-229  4.22127e-227 
       0        0 -937.731 -10.3856  6.43235        0 -0.000200008  -0.00388955     -937.731     -0.00497  2.82099e-06  0.000783029  0  0  0 -0 -0  0   2.9291e-244 -1.87462e-242 -3.07138e-238 -3.74924e-242  1.83068e-245  4.68655e-243 
       0        0 -937.731 -12.4234  4.86697        0 -0.000173506  -0.00408339     -937.731  -0.00515843  3.38163e-06  0.000812717  0  0  0 -0 -0  0  3.25195e-260 -2.08125e-258 -3.40992e-254 -4.16249e-258  2.03247e-261  5.20312e-259 
       0        0 -937.731 -14.2857  3.33997        0 -0.000146036  -0.00428985     -937.731  -0.00537524  4.07241e-06  0.000846877  0  0  0 -0 -0  0  3.61039e-276 -2.31065e-274 -3.78577e-270  -4.6213e-274  2.25649e-277  5.77662e-275 
       0        0 -937.731 -16.2815   2.0012        0 -0.000118749   -0.0045136     -937.731   -0.0056216  4.90284e-06  0.000885692  0  0  0 -0 -0  0  4.00834e-292 -2.56534e-290 -4.20305e-286 -5.13067e-290  2.50521e-293  6.41334e-291 
       0        0 -937.731 -18.5474 0.463956        0 -9.58085e-05  -0.00476025     -937.731  -0.00589882  5.88135e-06  0.000929371  0  0  0 -0 -0  0  4.45015e-308 -2.84809e-306 -4.66632e-302 -5.69619e-306  2.78134e-309  7.12024e-307 
       0        0 -937.731 -21.4442 -1.16453        0 -7.25436e-05   -0.0050359     -937.731   -0.0062084  7.01432e-06  0.000978148  0  0  0 -0  0  0  4.94066e-324 -3.16202e-322 -5.18065e-318 -6.32404e-322            -0  7.90505e-323 
       0        0 -937.731 -24.4356  -2.4925        0 -4.49694e-05  -0.00534436     -937.731  -0.00655199  8.30087e-06   0.00103228  0  0  0 -0  0  0  0  0 -0  0 -0  0 
       0        0 -937.731 -27.2051 -3.66378        0 -2.21232e-05  -0.00567711     -937.731  -0.00691489   9.6669e-06   0.00108946  0  0  0 -0  0  0  0  0 -0  0 -0  0 
       0        0 -937.731 -29.8301 -4.61107        0 -2.93516e-06  -0.00599712     -937.731  -0.00726671  1.11653e-05   0.00114488  0  0  0 -0  0  0  0  0 -0  0 -0  0 
       0        0 -937.731 -32.4109 -5.22777        0 1.28965e-05 -0.00627602    -937.731 -0.00756912 1.27909e-05  0.00119251  0  0  0 -0  0  0  0  0 -0  0 -0  0 
       0        0 -937.731 -34.9898 -5.44406        0 2.39282e-05 -0.00648113    -937.731 -0.00777659 1.45391e-05  0.00122515  0  0  0 -0  0  0  0  0 -0  0 -0  0 
       0        0 -937.731 -37.5771 -5.25105        0 2.90066e-05 -0.00657395    -937.731  -0.0078369 1.64055e-05  0.00123457  0  0  0 -0  0  0  0  0 -0  0 -0  0 
       0        0 -937.731 -40.2088 -4.69183        0 2.82123e-05 -0.00651013    -937.731 -0.00769168 1.83857e-05  0.00121157  0  0  0 -0  0  0  0  0 -0  0 -0  0 
       0        0 -937.731  -42.955 -3.85448        0 2.28825e-05 -0.00624122    -937.731 -0.00727726 2.04757e-05  0.00114613  0  0  0 -0  0  0  0  0 -0  0 -0  0 
       0        0 -937.731 -44.2908 -2.62001        0 1.59638e-05 -0.00571833    -937.731   -0.006527 2.26723e-05  0.00102777  0  0  0 -0  0  0  0  0 -0  0 -0  0 
       0        0 -937.731 -26.1218 -1.33953        0 8.59236e-06 -0.00489612    -937.731  -0.0053762 2.49742e-05  0.00084635  0  0  0 -0  0  0  0  0 -0  0 -0  0 
        0         0  -937.731  -6.60603 -0.404636         0  3.6072e-06  -0.0037191    -878.722 -0.00375219 2.73804e-05 0.000590526  0  0  0 -0  0  0 0.000124665 -0.00371916    -59.0089 -0.00375219 2.73804e-05 0.000590526 
          0           0    -868.767 1.48115e-14    0.648047           0  3.6072e-06  -0.0037191    -878.722 -0.00375219 2.73804e-05 0.000590526           0           0     -68.964 1.17575e-15   0.0514429           0 0.000124665 -0.00371916    -59.0089 -0.00375219 2.73804e-05 0.000590526 
          0           0    -761.941 5.77342e-15     1.77004           0  1.93297e-05  -0.00099629     -682.028 -0.000146101   3.2721e-05  2.31918e-05           0           0     -175.79 1.33201e-15    0.408372           0  2.40844e-05 -0.000996292     -255.703 -0.000146101   3.2721e-05  2.31918e-05 
          0           0    -643.784 4.87812e-15     1.37991           0  2.70866e-05  0.000311274     -583.681    0.0015321  3.57261e-05 -0.000240857           0           0    -293.947 2.22731e-15    0.630056           0 -2.22886e-05  0.000311299      -354.05    0.0015321  3.57261e-05 -0.000240857 
          0           0    -522.571 3.95965e-15  -0.0290276           0  2.70866e-05  0.000311274     -583.681    0.0015321  3.57261e-05 -0.000240857           0           0     -415.16 3.14577e-15  -0.0230612           0 -2.22886e-05  0.000311299      -354.05    0.0015321  3.57261e-05 -0.000240857 
        0         0  -388.578         0 -0.606032         0  7.38193e-05   0.00298271     -423.717   0.00471494  2.01292e-05 -0.000741788         0         0  -549.153         0 -0.856467         0 -8.14973e-05   0.00297962     -514.014   0.00471494  2.01292e-05 -0.000741788 
          0           0    -251.142 1.90297e-15   -0.542014           0 0.000146263   0.0040687    -327.418  0.00597151 3.11448e-05 -0.00093965           0           0    -686.589 5.20246e-15     -1.4818           0 -5.04864e-05   0.00406478     -610.313   0.00597151  3.11448e-05  -0.00093965 
        0         0  -113.952         0 -0.239043         0 0.000194857  0.00497269    -231.119  0.00696578 4.12898e-05 -0.00109634        0        0 -823.779        0 -1.72808        0 -3.47038e-05   0.00496812     -706.612   0.00696578  4.12898e-05  -0.00109634 
 0  0 -0  0 -0  0 0.000225266  0.00563846     -134.82  0.00763892 5.03414e-05  -0.0012026        0        0 -937.731   3.4941 -1.73341        0 -2.6549e-05  0.00563345    -802.911  0.00763892 5.03414e-05  -0.0012026 
 0  0 -0  0 -0  0 0.000239708  0.00602303    -38.5208  0.00793407 5.80697e-05 -0.00124947        0        0 -937.731   10.307 -1.54014        0 -2.19253e-05   0.00601782     -899.211   0.00793407  5.80697e-05  -0.00124947 
 0  0 -0  0 -0  0  2.71051e-20  8.67362e-19 -7.10543e-15            0  6.77626e-21  -2.1684e-19        0        0 -937.731  15.6519  -1.5507        0 -1.28447e-05   0.00605878      -937.73   0.00778467  6.42438e-05  -0.00122642 
 0  0 -0  0 -0  0  3.00927e-36  9.62965e-35 -7.88861e-31            0  7.52316e-37 -2.40741e-35         0         0  -937.731   20.3877 -0.904584         0 -1.91184e-06   0.00590176     -937.731   0.00743405  6.99895e-05  -0.00117117 
 0  0 -0  0  0  0  3.34096e-52  1.06911e-50 -8.75812e-47            0  8.35239e-53 -2.67276e-51        0        0 -937.731  23.4968 0.341781        0  6.7889e-06  0.00576053    -937.731  0.00712546 7.61323e-05 -0.00112254 
 0  0 -0  0  0  0  3.70921e-68  1.18695e-66 -9.72346e-63            0  9.27302e-69 -2.96736e-67        0        0 -937.731  24.9401  1.41921        0 -1.79698e-06   0.00562923     -937.731    0.0068569  8.27053e-05  -0.00108022 
 0  0 -0  0  0  0  4.11805e-84  1.31777e-82 -1.07952e-78            0  1.02951e-84 -3.29444e-83        0        0 -937.731   24.997  2.09227        0 -1.33863e-05   0.00549623     -937.731   0.00662682  8.97426e-05  -0.00104395 
 0  0 -0  0  0  0 4.57195e-100  1.46302e-98 -1.19851e-94            0 1.14299e-100 -3.65756e-99        0        0 -937.731   23.929  2.67476        0 -1.93194e-05    0.0053634     -937.731   0.00643387  9.72816e-05  -0.00101354 
 0  0 -0  0  0  0  5.07588e-116  1.62428e-114 -1.33061e-110             0  1.26897e-116 -4.06071e-115        0        0 -937.731  22.1855  3.24083        0 -2.09478e-05   0.00523497     -937.731   0.00627691  0.000105364 -0.000988796 
 0  0 -0  0  0  0  5.63536e-132  1.80332e-130 -1.47728e-126             0  1.40884e-132 -4.50829e-131        0        0 -937.731  20.2864  3.74175        0 -2.22292e-05   0.00511644     -937.731   0.00615502  0.000114036 -0.000969577 
 0  0 -0  0  0  0  6.25651e-148  2.00208e-146 -1.64011e-142             0  1.56413e-148 -5.00521e-147        0        0 -937.731  18.8085  4.02724        0 -2.33917e-05   0.00501599     -937.731   0.00606747  0.000123348 -0.000955767 
 0  0 -0  0  0  0  6.94612e-164  2.22276e-162 -1.82088e-158             0  1.73653e-164  -5.5569e-163        0        0 -937.731  18.2907  3.97789        0 -2.20666e-05   0.00494371     -937.731   0.00601371  0.000133356  -0.00094728 
 0  0 -0  0  0  0  7.71174e-180  2.46776e-178 -2.02159e-174             0  1.92794e-180 -6.16939e-179        0        0 -937.731  19.2879  3.53562        0 -1.54594e-05   0.00490943     -937.731    0.0059934  0.000144126 -0.000944063 
 0  0 -0  0  0  0  8.56176e-196  2.73976e-194 -2.24441e-190             0  2.14044e-196  -6.8494e-195        0        0 -937.731  21.3215  2.79247        0 -1.70298e-06   0.00492482     -937.731   0.00600647  0.000155802 -0.000946104 
 0  0 -0  0  0  0  9.50546e-212  3.04175e-210  -2.4918e-206             0  2.37636e-212 -7.60437e-211        0        0 -937.731  24.1324  1.77388        0  1.88147e-05    0.0049903     -937.731   0.00605288  0.000168401 -0.000953397 
 0  0 -0  0  0  0  1.05532e-227  3.37702e-226 -2.76645e-222             0  2.63829e-228 -8.44254e-227        0        0 -937.731  27.4163 0.631967        0  4.52505e-05   0.00509852     -937.731   0.00613285  0.000182002 -0.000965975 
 0  0 -0  0 -0  0  1.17164e-243  3.74924e-242 -3.07138e-238             0   2.9291e-244 -9.37311e-243         0         0  -937.731   30.9938 -0.520262         0 7.50768e-05  0.00524089    -937.731  0.00624676  0.00019669  -0.0009839 
 0  0 -0  0 -0  0  1.30078e-259  4.16249e-258 -3.40992e-254             0  3.25195e-260 -1.04062e-258        0        0 -937.731  34.4147 -1.50869        0 0.000106782  0.00541811    -937.731  0.00639521 0.000212552 -0.00100727 
 0  0 -0  0 -0  0  1.44416e-275   4.6213e-274 -3.78577e-270             0  3.61039e-276 -1.15532e-274        0        0 -937.731   37.312 -2.44551        0 0.000137481  0.00562481    -937.731  0.00657897 0.000229681 -0.00103619 
 0  0 -0  0 -0  0  1.60333e-291  5.13067e-290 -4.20305e-286             0  4.00834e-292 -1.28267e-290        0        0 -937.731  39.8056 -3.49787        0 0.000166752  0.00585175    -937.731  0.00679899 0.000248175 -0.00107083 
 0  0 -0  0 -0  0  1.78006e-307  5.69619e-306 -4.66632e-302             0  4.45015e-308 -1.42405e-306        0        0 -937.731  41.6318 -4.87335        0 0.000195524  0.00609985    -937.731  0.00705646 0.000268138 -0.00111136 
 0  0 -0  0 -0  0  1.97626e-323  6.32404e-322 -5.18065e-318             0  4.94066e-324 -1.58101e-322        0        0 -937.731  42.5189 -5.82002        0 0.000233068  0.00636589    -937.731  0.00735275 0.000289677 -0.00115801 
 0  0 -0  0 -0  0  0  0 -0  0 -0  0        0        0 -937.731  42.6306 -6.71349        0 0.000265204  0.00664817    -937.731  0.00768941 0.000312903 -0.00121102 
 0  0 -0  0 -0  0  0  0 -0  0 -0  0        0        0 -937.731  43.4339 -7.51655        0 0.000295366  0.00693032    -937.731  0.00805017 0.000337796 -0.00126782 
 0  0 -0  0 -0  0  0  0 -0  0 -0  0        0        0 -937.731  44.2227  -8.0573        0 0.000325376  0.00720724    -937.731   0.0084016 0.000364408 -0.00132314 
 0  0 -0  0 -0  0  0  0 -0  0 -0  0        0        0 -937.731   45.242 -8.26898        0 0.000353154  0.00744856     -937.73  0.00870162 0.000392715 -0.00137033 
 0  0 -0  0 -0  0  0  0 -0  0 -0  0        0        0 -937.731  46.2646 -8.12968        0 0.000376855  0.00761779     -937.73  0.00890027 0.000422677 -0.00140153 
 0  0 -0  0 -0  0  0  0 -0  0 -0  0        0        0 -937.731  47.4583 -7.65173        0 0.000396574  0.00766571     -937.73  0.00894034 0.000454242  -0.0014077 
 0  0 -0  0 -0  0  0  0 -0  0 -0  0        0        0 -937.731  48.9799 -6.84696        0 0.000412944  0.00754625     -937.73  0.00875788  0.00048735 -0.00137876 
 0  0 -0  0 -0  0  0  0 -0  0 -0  0        0        0 -937.731  50.8116 -5.76385        0 0.000427582  0.00720734     -937.73  0.00828316 0.000521942 -0.00130373 
 0  0 -0  0 -0  0  0  0 -0  0 -0  0        0        0 -937.731  51.3649 -4.37908        0 0.000443015  0.00659588     -937.73   0.0074432 0.000557958 -0.00117115 
 0  0 -0  0 -0  0  0  0 -0  0 -0  0        0        0 -937.731    30.34 -2.88361        0  0.000460711   0.00566266      -937.73   0.00616719  0.000595348 -0.000969913 
 0  0 -0  0 -0  0  0.000630174   0.00436353     -63.1549   0.00439421  0.000634151 -0.000690534        0        0 -937.731   8.5174 -1.52053        0  0.000485107   0.00436065     -874.576   0.00439421  0.000634151 -0.000690534 
           0            0     -62.6405 -1.18661e-16   -0.0350139            0  0.000597819   0.00286986     -168.412   0.00241802  0.000676009 -0.000379587           0           0     -875.09 -1.6577e-15   -0.489145           0  0.000517819   0.00286827     -769.319   0.00241802  0.000676009 -0.000379587 
          0           0    -169.121 6.40736e-16     0.10513           0  0.00058112  0.00142621    -273.669  0.00053925 0.000722203 -8.3953e-05           0           0     -768.61 2.91198e-15    0.477789           0 0.000562978  0.00142586    -664.062  0.00053925 0.000722203 -8.3953e-05 
       0        0 -286.688        0 0.376593        0  0.00057404 6.21519e-05    -378.926 -0.00120137 0.000773231  0.00018997        0        0 -651.043        0  0.85521        0 0.000613206   6.294e-05    -558.805 -0.00120137 0.000773231  0.00018997 
          0           0    -416.295 3.15438e-15   -0.271856           0  0.00057404 6.21519e-05    -378.926 -0.00120137 0.000773231  0.00018997           0           0    -521.436 3.95105e-15   -0.340516           0 0.000613206   6.294e-05    -558.805 -0.00120137 0.000773231  0.00018997 
          0           0    -564.006 4.27362e-15    -1.73584           0 0.000648601 -0.00305748    -514.842 -0.00494017 0.000968626 0.000778579           0           0    -373.725 2.83181e-15    -1.15021           0 0.000829522 -0.00306951    -422.889 -0.00494017 0.000968626 0.000778579 
          0           0    -713.311 5.40494e-15    -3.32573           0 0.000743405 -0.00431846    -610.953   -0.006322  0.00104697 0.000996268           0           0     -224.42 1.70049e-15    -1.04633           0 0.000974433 -0.00433386    -326.779   -0.006322  0.00104697 0.000996268 
       0        0 -860.274        0 -4.75655        0 0.000827727 -0.00536768    -707.064 -0.00741598  0.00113051  0.00116879         0         0  -77.4568         0 -0.428267         0  0.00109852 -0.00538575    -230.668 -0.00741598  0.00113051  0.00116879 
       0        0 -937.731 -16.6306 -4.81848        0  0.00090803 -0.00615399    -803.175 -0.00815785  0.00121958  0.00128605  0  0  0 -0  0  0  0.00120593 -0.00617387    -134.557 -0.00815785  0.00121958  0.00128605 
       0        0 -937.731 -28.3095 -3.35186        0 0.000980382 -0.00663758    -899.286  -0.0084855  0.00131451  0.00133826  0  0  0 -0  0  0  0.00129049 -0.00665826    -38.4457  -0.0084855  0.00131451  0.00133826 
       0        0 -937.731  -35.475 -3.47769        0  0.00104119 -0.00677296     -937.73  -0.0083262  0.00141572  0.00131393  0  0  0 -0  0  0   2.1684e-19            0 -7.10543e-15 -1.73472e-18   2.1684e-19   2.1684e-19 
        0         0  -937.731  -40.8364 -0.879844         0  0.00112974 -0.00665315     -937.73 -0.00794596  0.00152416  0.00125417  0  0  0 -0  0  0  2.40741e-35            0 -7.88861e-31 -1.92593e-34  2.40741e-35  2.40741e-35 
       0        0 -937.731 -44.9941  1.76852        0  0.00112974 -0.00665315     -937.73 -0.00794596  0.00152416  0.00125417  0  0  0 -0 -0  0  2.40741e-35            0 -7.88861e-31 -1.92593e-34  2.40741e-35  2.40741e-35 
       0        0 -937.731 -47.4489  4.59881        0  0.00125159 -0.00638003    -937.731 -0.00731813  0.00176647   0.0011556  0  0  0 -0 -0  0  2.96736e-67            0 -9.72346e-63 -2.37389e-66  2.96736e-67  2.96736e-67 
       0        0 -937.731 -48.5753  7.90234        0  0.00131427  -0.0062521    -937.731 -0.00706668  0.00190166  0.00111618  0  0  0 -0 -0  0  3.29444e-83            0 -1.07952e-78 -2.63555e-82  3.29444e-83  3.29444e-83 
       0        0 -937.731 -48.5772  11.1821        0  0.00137246 -0.00612827    -937.731 -0.00685483  0.00204716  0.00108301  0  0  0 -0 -0  0  3.65756e-99            0 -1.19851e-94 -2.92605e-98  3.65756e-99  3.65756e-99 
       0        0 -937.731 -47.8531  14.4687        0   0.0014331 -0.00601099    -937.731 -0.00668135  0.00220375   0.0010559  0  0  0 -0 -0  0  4.06071e-115             0 -1.33061e-110 -3.24857e-114  4.06071e-115  4.06071e-115 
       0        0 -937.731 -46.9679  17.4584        0  0.00150157 -0.00590451    -937.731 -0.00654521   0.0023723  0.00103469  0  0  0 -0 -0  0  4.50829e-131             0 -1.47728e-126 -3.60663e-130  4.50829e-131  4.50829e-131 
       0        0 -937.731 -46.5409  19.7179        0  0.00158195 -0.00581753    -937.731 -0.00644559  0.00255371  0.00101925  0  0  0 -0 -0  0  5.00521e-147             0 -1.64011e-142 -4.00417e-146  5.00521e-147  5.00521e-147 
       0        0 -937.731 -47.0694  21.0416        0  0.00167918 -0.00576031    -937.731 -0.00638188  0.00274897   0.0010095  0  0  0 -0 -0  0   5.5569e-163             0 -1.82088e-158 -4.44552e-162   5.5569e-163   5.5569e-163 
       0        0 -937.731 -48.8289  21.2252        0  0.00180315 -0.00574404    -937.731 -0.00635369  0.00295916  0.00100536  0  0  0 -0 -0  0  6.16939e-179             0 -2.02159e-174 -4.93552e-178  6.16939e-179  6.16939e-179 
       0        0 -937.731 -51.7853  20.4862        0   0.0019591 -0.00577572    -937.731 -0.00636088  0.00318549  0.00100682  0  0  0 -0 -0  0   6.8494e-195             0 -2.24441e-190 -5.47952e-194   6.8494e-195   6.8494e-195 
       0        0 -937.731 -55.8829   19.405        0  0.00214806  -0.0058573    -937.731 -0.00640339  0.00342915  0.00101387  0  0  0 -0 -0  0  7.60437e-211             0  -2.4918e-206 -6.08349e-210  7.60437e-211  7.60437e-211 
       0        0 -937.731  -60.499  18.0176        0  0.00236078 -0.00598657    -937.731 -0.00648141  0.00369147  0.00102654  0  0  0 -0 -0  0  8.44254e-227             0 -2.76645e-222 -6.75403e-226  8.44254e-227  8.44254e-227 
       0        0 -937.731 -65.8032  15.9502        0  0.00259365 -0.00615968     -937.73 -0.00659531  0.00397387   0.0010449  0  0  0 -0 -0  0  9.37311e-243             0 -3.07138e-238 -7.49848e-242  9.37311e-243  9.37311e-243 
       0        0 -937.731  -71.009  12.9789        0  0.00285094 -0.00637189     -937.73 -0.00674568  0.00427791  0.00106903  0  0  0 -0 -0  0  1.04062e-258             0 -3.40992e-254 -8.32499e-258  1.04062e-258  1.04062e-258 
       0        0 -937.731 -76.0795  9.90286        0  0.00314146 -0.00661635     -937.73 -0.00693329  0.00460522  0.00109906  0  0  0 -0 -0  0  1.15532e-274             0 -3.78577e-270  -9.2426e-274  1.15532e-274  1.15532e-274 
       0        0 -937.731 -80.6336  7.61797        0  0.00346197 -0.00688997     -937.73 -0.00715913   0.0049576  0.00113516  0  0  0 -0 -0  0  1.28267e-290             0 -4.20305e-286 -1.02613e-289  1.28267e-290  1.28267e-290 
       0        0 -937.731 -84.2513  5.73356        0  0.00379365 -0.00718936     -937.73  -0.0074244  0.00533696   0.0011775  0  0  0 -0 -0  0  1.42405e-306             0 -4.66632e-302 -1.13924e-305  1.42405e-306  1.42405e-306 
       0        0 -937.731 -87.1206   3.4957        0  0.00413465 -0.00750665     -937.73 -0.00773052  0.00574538  0.00122632  0  0  0 -0 -0  0  1.58101e-322             0 -5.18065e-318 -1.26481e-321  1.58101e-322  1.58101e-322 
       0        0 -937.731  -89.132 0.502313        0  0.00449735 -0.00784049     -937.73 -0.00807908  0.00618504  0.00128188  0  0  0 -0 -0  0  0  0 -0  0 -0  0 
       0        0 -937.731  -91.159 -3.00891        0  0.00488121 -0.00817739     -937.73 -0.00845311  0.00664128  0.00134147  0  0  0 -0  0  0  0  0 -0  0 -0  0 
       0        0 -937.731 -94.1935 -6.93637        0  0.00526663 -0.00849584     -937.73 -0.00881774  0.00708319  0.00139955  0  0  0 -0  0  0  0  0 -0  0 -0  0 
       0        0 -937.731 -97.4481 -10.9971        0  0.00562094 -0.00879238     -937.73 -0.00912907  0.00747169  0.00144914  0  0  0 -0  0  0  0  0 -0  0 -0  0 
       0        0 -937.731 -101.357 -15.3971        0  0.00590631 -0.00901516     -937.73   -0.009335  0.00776028  0.00148194  0  0  0 -0  0  0  0  0 -0  0 -0  0 
       0        0 -937.731 -105.549 -19.6078        0  0.00608096  -0.0091217     -937.73 -0.00937586  0.00789566  0.00148848  0  0  0 -0  0  0  0  0 -0  0 -0  0 
       0        0 -937.731 -110.484 -23.8779        0  0.00609836  -0.0090562     -937.73 -0.00918496  0.00781822  0.00145814  0  0  0 -0  0  0  0  0 -0  0 -0  0 
       0        0 -937.731  -115.93 -27.9244        0  0.00590909 -0.00876634     -937.73 -0.00868956  0.00746297  0.00137939  0  0  0 -0  0  0  0  0 -0  0 -0  0 
       0        0 -937.731 -120.622 -30.5487        0   0.0054627 -0.00819418     -937.73 -0.00781359   0.0067619  0.00124017  0  0  0 -0  0  0  0  0 -0  0 -0  0 
       0        0 -937.731 -103.093 -14.0574        0  0.00471288 -0.00728589     -937.73 -0.00648317  0.00564871  0.00102882  0  0  0 -0  0  0  0  0 -0  0 -0  0 
       0        0 -937.731 -84.9054  3.88945        0  0.00360795  -0.0059802     -877.61 -0.00462086  0.00405443 0.000733144  0  0  0 -0 -0  0  0.00378612 -0.00584505    -60.1216 -0.00462086  0.00405443 0.000733144 
       0        0 -937.731 -66.3947  23.0789        0  0.00231301 -0.00446323    -777.409 -0.00252878   0.0022572 0.000401339  0  0  0 -0 -0  0  0.00241063 -0.00438925    -160.322 -0.00252878   0.0022572 0.000401339 
       0        0 -937.731 -46.0445  45.1971        0   0.00104736  -0.00298607     -677.208 -0.000516655  0.000536919  8.22221e-05  0  0  0 -0 -0  0   0.00106755  -0.00297091     -260.522 -0.000516655  0.000536919  8.22221e-05 
       0        0 -937.731 -26.4739  70.2422        0 -0.000164488  -0.00158245     -577.008   0.00137631  -0.00106944 -0.000217994  0  0  0 -0 -0  0 -0.000217127  -0.00162263     -360.723   0.00137631  -0.00106944 -0.000217994 
       0        0 -937.731 -4.18881  87.7513        0 -0.000164488  -0.00158245     -577.008   0.00137631  -0.00106944 -0.000217994  0  0  0 -0 -0  0 -0.000217127  -0.00162263     -360.723   0.00137631  -0.00106944 -0.000217994 
          0           0    -838.511 9.53042e-15     79.8681           0 -0.00213512  0.00132929    -422.821  0.00509172 -0.00311173 -0.00080563           0           0      -99.22 1.12772e-15      9.4507           0 -0.00228161  0.00110397    -514.911  0.00509172 -0.00311173 -0.00080563 
          0           0     -709.39 1.07505e-14     67.3567           0 -0.00283878  0.00258575    -326.726  0.00653027 -0.00407548 -0.00103354           0           0    -228.341 3.46039e-15      21.681           0 -0.00302547  0.00229672    -611.006  0.00653027 -0.00407548 -0.00103354 
          0           0    -554.764 4.20359e-15     51.1757           0 -0.00342195  0.00367823    -230.631  0.00766831 -0.00478971 -0.00121391           0           0    -382.967 2.90184e-15     35.3278           0 -0.00364117  0.00333878    -707.101  0.00766831 -0.00478971 -0.00121391 
          0           0    -382.094 2.89522e-15     32.7785           0 -0.00382405  0.00456929    -134.535  0.00843882 -0.00519954 -0.00133612          0          0   -555.637 4.2102e-15    47.6661          0 -0.00406642  0.00419568    -803.197  0.00843882 -0.00519954 -0.00133612 
       0        0 -272.482        0  19.1294        0 -0.00399299  0.00520104    -38.4403  0.00877701 -0.00525206  -0.0013899        0        0 -665.249        0  46.7033        0 -0.00424743  0.00481242    -899.292  0.00877701 -0.00525206  -0.0013899 
       0        0 -182.614        0  10.0712        0            0  8.67362e-19 -7.10543e-15  1.73472e-18 -8.67362e-19  -2.1684e-19        0        0 -755.117        0   41.645        0 -0.00408983  0.00519057     -937.73  0.00860703 -0.00488495 -0.00136317 
          0           0    -109.091 4.13303e-16     4.39741           0            0  9.62965e-35 -7.88861e-31  1.92593e-34 -9.62965e-35 -2.40741e-35           0           0     -828.64 3.13941e-15     33.4022           0 -0.00371644  0.00526498     -937.73  0.00820628 -0.00431899 -0.00129922 
       0        0 -83.3088        0  3.24349        0            0  1.06911e-50 -8.75812e-47  2.13821e-50 -1.06911e-50 -2.67276e-51        0        0 -854.422        0  33.2655        0 -0.00330386   0.0053126     -937.73  0.00785196 -0.00377819 -0.00124262 
       0        0 -63.1779        0  2.69504        0            0  1.18695e-66 -9.72346e-63  2.37389e-66 -1.18695e-66 -2.96736e-67        0        0 -874.553        0  37.3066        0 -0.00290189   0.0052842     -937.73  0.00754178 -0.00325929   -0.001193 
          0           0    -43.4747 8.23547e-17      1.8478           0            0  1.31777e-82 -1.07952e-78  2.63555e-82 -1.31777e-82 -3.29444e-83         0         0  -894.256 1.694e-15   38.0085         0 -0.00264145  0.00513113     -937.73  0.00727396 -0.00275938 -0.00115007 
           0            0     -38.6837 -7.32791e-17      1.96323            0            0  1.46302e-98 -1.19851e-94  2.92605e-98 -1.46302e-98 -3.65756e-99            0            0     -899.047 -1.70308e-15      45.6273            0 -0.00236006  0.00505909    -937.731  0.00704692 -0.00227565 -0.00111359 
         0          0   -36.5673 3.4635e-17    2.31092          0             0  1.62428e-114 -1.33061e-110  3.24857e-114 -1.62428e-114 -4.06071e-115           0           0    -901.164 8.53543e-16     56.9502           0 -0.00208731  0.00497755    -937.731  0.00685934  -0.0018054 -0.00108334 
           0            0     -31.2785 -2.96257e-17      2.34098            0             0  1.80332e-130 -1.47728e-126  3.60663e-130 -1.80332e-130 -4.50829e-131            0            0     -906.452 -8.58553e-16      67.8415            0 -0.00195678  0.00488287    -937.731  0.00671012 -0.00134598 -0.00105914 
          0           0    -19.2173 1.82018e-17     1.62447           0             0  2.00208e-146 -1.64011e-142  4.00417e-146 -2.00208e-146 -5.00521e-147           0           0    -918.514 8.69977e-16     77.6435           0  -0.00185029   0.00482933     -937.731   0.00659835 -0.000894821  -0.00104085 
 0  0 -0  0  0  0             0  2.22276e-162 -1.82088e-158  4.44552e-162 -2.22276e-162  -5.5569e-163        0        0 -937.731  0.19636  84.4491        0  -0.00174039   0.00481489     -937.731   0.00652336 -0.000449414  -0.00102837 
 0  0 -0  0  0  0             0  2.46776e-178 -2.02159e-174  4.93552e-178 -2.46776e-178 -6.16939e-179        0        0 -937.731  5.84887  87.8063        0  -0.00158525   0.00486293     -937.731   0.00648468 -7.26302e-06  -0.00102161 
 0  0 -0  0  0  0             0  2.73976e-194 -2.24441e-190  5.47952e-194 -2.73976e-194  -6.8494e-195        0        0 -937.731  12.8999  87.2109        0 -0.00135971  0.00495778    -937.731  0.00648214 0.000434171 -0.00102056 
 0  0 -0  0  0  0             0  3.04175e-210  -2.4918e-206  6.08349e-210 -3.04175e-210 -7.60437e-211        0        0 -937.731  21.7879  83.5662        0 -0.00105942  0.00509575    -937.731  0.00651561 0.000877291 -0.00102517 
 0  0 -0  0  0  0             0  3.37702e-226 -2.76645e-222  6.75403e-226 -3.37702e-226 -8.44254e-227        0        0 -937.731  30.6849  77.9618        0 -0.000691922    0.0052893     -937.731   0.00658521   0.00132456  -0.00103548 
 0  0 -0  0  0  0             0  3.74924e-242 -3.07138e-238  7.49848e-242 -3.74924e-242 -9.37311e-243        0        0 -937.731  39.5616  71.2855        0 -0.000276418   0.00552672     -937.731    0.0066913   0.00177847  -0.00105153 
 0  0 -0  0  0  0             0  4.16249e-258 -3.40992e-254  8.32499e-258 -4.16249e-258 -1.04062e-258        0        0 -937.731  47.9574  63.4338        0 0.000175209  0.00580114    -937.731  0.00683439  0.00224153 -0.00107339 
 0  0 -0  0  0  0             0   4.6213e-274 -3.78577e-270   9.2426e-274  -4.6213e-274 -1.15532e-274        0        0 -937.731  55.2276  55.6423        0 0.000654102  0.00609866    -937.731  0.00701524   0.0027163 -0.00110119 
 0  0 -0  0  0  0             0  5.13067e-290 -4.20305e-286  1.02613e-289 -5.13067e-290 -1.28267e-290        0        0 -937.731  61.9466  48.1114        0  0.00115945  0.00641539     -937.73  0.00723478   0.0032054 -0.00113506 
 0  0 -0  0  0  0             0  5.69619e-306 -4.66632e-302  1.13924e-305 -5.69619e-306 -1.42405e-306        0        0 -937.731  67.5477  41.9715        0  0.00167775  0.00675321     -937.73  0.00749418  0.00371153 -0.00117518 
 0  0 -0  0  0  0             0  6.32404e-322 -5.18065e-318  1.26481e-321 -6.32404e-322 -1.58101e-322        0        0 -937.731  72.0692  37.6519        0  0.00219535  0.00710797     -937.73  0.00779483  0.00423748 -0.00122177 
 0  0 -0  0  0  0  0  0 -0  0 -0  0        0        0 -937.731  76.1027  33.8559        0  0.00270375  0.00747858     -937.73  0.00813828   0.0047861 -0.00127507 
 0  0 -0  0  0  0  0  0 -0  0 -0  0        0        0 -937.731  79.5551   30.118        0  0.00319358  0.00785301     -937.73  0.00850756  0.00534406 -0.00133242 
 0  0 -0  0  0  0  0  0 -0  0 -0  0        0        0 -937.731  82.8185  25.6598        0  0.00366422  0.00821054     -937.73  0.00886776   0.0058824 -0.00138836 
 0  0 -0  0  0  0  0  0 -0  0 -0  0        0        0 -937.731  86.3597    20.27        0   0.0040996  0.00852334     -937.73    0.009175  0.00636428 -0.00143603 
 0  0 -0  0  0  0  0  0 -0  0 -0  0        0        0 -937.731  91.3512  13.6368        0  0.00447609  0.00875641     -937.73  0.00937717   0.0067457 -0.00146726 
 0  0 -0  0 -0  0  0  0 -0  0 -0  0         0         0  -937.731    97.551 -0.240281         0  0.00475752  0.00887722     -937.73   0.0094146  0.00697606 -0.00147272 
 0  0 -0  0 -0  0  0  0 -0  0 -0  0        0        0 -937.731  109.141 -23.5732        0  0.00489029  0.00883751     -937.73  0.00922062  0.00699865 -0.00144199 
 0  0 -0  0 -0  0  0  0 -0  0 -0  0        0        0 -937.731  122.164 -39.2596        0  0.00513388   0.0086295     -937.73  0.00872251  0.00675149 -0.00136373 
 0  0 -0  0 -0  0  0  0 -0  0 -0  0        0        0 -937.731  136.671 -47.6853        0  0.00506673  0.00819848     -937.73   0.0078442  0.00616972 -0.00122604 
 0  0 -0  0 -0  0  0  0 -0  0 -0  0        0        0 -937.731  127.758 -33.3625        0  0.00457306  0.00746101     -937.73  0.00651183  0.00519024 -0.00101746 
 0  0 -0  0 -0  0   0.00387229   0.00624436      -57.658    0.0046405   0.00374054 -0.000724837        0        0 -937.731   115.35  -16.116        0   0.00364355   0.00632054     -880.073    0.0046405   0.00374054 -0.000724837 
 0  0 -0  0  0  0   0.00259049   0.00488214     -153.753     0.002525   0.00207905 -0.000394413        0        0 -937.731  98.9977  2.03478        0   0.00246538   0.00492359     -783.978     0.002525   0.00207905 -0.000394413 
 0  0 -0  0  0  0   0.00132358   0.00348712     -249.848  0.000471426  0.000472141 -7.36507e-05        0        0 -937.731  78.8677  20.8678        0   0.00129897   0.00349486     -687.883  0.000471426  0.000472141 -7.36507e-05 
 0  0 -0  0  0  0  0.00013263  0.00209678    -345.943 -0.00148415 -0.00104754 0.000231828        0        0 -937.731  59.2263  45.6548        0 0.000203583  0.00207242    -591.788 -0.00148415 -0.00104754 0.000231828 
 0  0 -0  0  0  0  0.00013263  0.00209678    -345.943 -0.00148415 -0.00104754 0.000231828        0        0 -937.731  38.8916  52.1641        0 0.000203583  0.00207242    -591.788 -0.00148415 -0.00104754 0.000231828 
 0  0 -0  0  0  0  -0.00254836 -0.000498255     -512.727  -0.00506999  -0.00389465  0.000791995        0        0 -937.731  14.8472  62.9781        0  -0.00240479 -0.000693339     -425.004  -0.00506999  -0.00389465  0.000791995 
           0            0     -47.9747 -9.08791e-17      3.54421            0 -0.00293995 -0.00161136    -609.319 -0.00650954 -0.00471222  0.00101746            0            0     -889.756 -1.68548e-15      65.7324            0 -0.00275215 -0.00186194    -328.413 -0.00650954 -0.00471222  0.00101746 
       0        0 -175.868        0  11.9099        0 -0.00324455 -0.00256532     -705.91 -0.00764861 -0.00530162  0.00119608        0        0 -761.863        0  51.5937        0 -0.00302105 -0.00285984    -231.821 -0.00764861 -0.00530162  0.00119608 
           0            0     -332.761 -2.52142e-15        19.17            0 -0.00324455 -0.00256532     -705.91 -0.00764861 -0.00530162  0.00119608            0            0      -604.97 -4.58401e-15      34.8517            0 -0.00302105 -0.00285984    -231.821 -0.00764861 -0.00530162  0.00119608 
      0       0 -403.27       0 18.1001       0 -0.00337125 -0.00387504    -899.093 -0.00875951 -0.00559389  0.00137128        0        0 -534.461        0  23.9885        0 -0.00310944  -0.0042126    -38.6387 -0.00875951 -0.00559389  0.00137128 
           0            0     -469.175 -3.55506e-15      15.5952            0 -0.00307471 -0.00416509     -937.73 -0.00859079 -0.00518957  0.00134586            0            0     -468.556 -3.55037e-15      15.5746            0 -4.33681e-19 -8.67362e-19 -7.10543e-15 -1.73472e-18 -1.73472e-18   2.1684e-19 
           0            0     -529.006 -4.00841e-15        10.65            0 -0.00263585 -0.00415731     -937.73 -0.00819133  -0.0046014  0.00128381            0            0     -408.725 -3.09701e-15       8.2285            0 -4.81482e-35 -9.62965e-35 -7.88861e-31 -1.92593e-34 -1.92593e-34  2.40741e-35 
       0        0 -579.407        0  3.72808        0 -0.00219916 -0.00414313     -937.73 -0.00783822 -0.00403998  0.00122903        0        0 -358.324        0  2.30556        0 -5.34553e-51 -1.06911e-50 -8.75812e-47 -2.13821e-50 -2.13821e-50  2.67276e-51 
          0           0    -575.749 -4.3626e-15     7.34866           0  -0.0017274 -0.00409068     -937.73 -0.00752917 -0.00350196  0.00118114            0            0     -361.982 -2.74283e-15      4.62021            0 -5.93473e-67 -1.18695e-66 -9.72346e-63 -2.37389e-66 -2.37389e-66  2.96736e-67 
           0            0     -582.206 -4.41152e-15       9.2247            0 -0.00135197 -0.00391713    -937.731 -0.00726241 -0.00298431  0.00113988            0            0     -355.525 -2.69391e-15      5.63308            0 -6.58887e-83 -1.31777e-82 -1.07952e-78 -2.63555e-82 -2.63555e-82  3.29444e-83 
           0            0     -580.491 -4.39853e-15      11.2303            0 -0.00103678 -0.00376821    -937.731 -0.00703636 -0.00248411    0.001105           0           0     -357.24 -2.7069e-15     6.91127           0 -7.31512e-99 -1.46302e-98 -1.19851e-94 -2.92605e-98 -2.92605e-98  3.65756e-99 
           0            0     -572.792 -4.34019e-15      17.4998            0 -0.000720188  -0.00364324     -937.731  -0.00684971  -0.00199857    0.0010763            0            0     -364.939 -2.76523e-15      11.1495            0 -8.12141e-115 -1.62428e-114 -1.33061e-110 -3.24857e-114 -3.24857e-114  4.06071e-115 
           0            0     -570.224 -4.32073e-15      23.2272            0 -0.000476524  -0.00351371     -937.731  -0.00670136  -0.00152496   0.00105362           0           0    -367.507 -2.7847e-15     14.9698           0 -9.01658e-131 -1.80332e-130 -1.47728e-126 -3.60663e-130 -3.60663e-130  4.50829e-131 
       0        0 -563.394        0  26.5593        0 -0.000476524  -0.00351371     -937.731  -0.00670136  -0.00152496   0.00105362        0        0 -374.337        0  17.6468        0 -9.01658e-131 -1.80332e-130 -1.47728e-126 -3.60663e-130 -3.60663e-130  4.50829e-131 
       0        0 -561.038        0  27.2612        0 -0.000324978  -0.00334794     -937.731   -0.0065162 -0.000602976   0.00102578        0        0 -376.693        0  18.3038        0 -1.11138e-162 -2.22276e-162 -1.82088e-158 -4.44552e-162 -4.44552e-162   5.5569e-163 
         0          0   -560.005 8.4866e-15    24.8755          0 -0.000223047   -0.0033098     -937.731  -0.00647826 -0.000149457   0.00102046           0           0    -377.726 5.72425e-15     16.7786           0 -1.23388e-178 -2.46776e-178 -2.02159e-174 -4.93552e-178 -4.93552e-178  6.16939e-179 
          0           0     -562.12 8.51866e-15     19.5399           0 -7.02831e-05  -0.00330052     -937.731  -0.00647642   0.00030254   0.00102082          0          0   -375.611 5.6922e-15    13.0566          0 -1.36988e-194 -2.73976e-194 -2.24441e-190 -5.47952e-194 -5.47952e-194   6.8494e-195 
           0            0     -568.754 -8.61919e-15      11.2218            0   0.0001705  -0.0033106    -937.731 -0.00651056 0.000755475  0.00102687            0            0     -368.977 -5.59167e-15      7.28011            0 -1.52087e-210 -3.04175e-210  -2.4918e-206 -6.08349e-210 -6.08349e-210  7.60437e-211 
           0            0     -579.516 -8.78228e-15      1.37051            0 0.000511299 -0.00334831    -937.731 -0.00658081  0.00121187  0.00103861            0            0     -358.215 -5.42857e-15     0.847151            0 -1.68851e-226 -3.37702e-226 -2.76645e-222 -6.75403e-226 -6.75403e-226  8.44254e-227 
           0            0     -592.864 -8.98457e-15     -8.93601            0 0.000944796 -0.00342328    -937.731 -0.00668751  0.00167426  0.00105611            0            0     -344.867 -5.22628e-15     -5.19804            0 -1.87462e-242 -3.74924e-242 -3.07138e-238 -7.49848e-242 -7.49848e-242  9.37311e-243 
           0            0     -606.926 -4.59883e-15     -19.3282            0  0.00143803 -0.00354512    -937.731  -0.0068312   0.0021452  0.00107946           0           0    -330.805 -2.5066e-15    -10.5349           0 -2.08125e-258 -4.16249e-258 -3.40992e-254 -8.32499e-258 -8.32499e-258  1.04062e-258 
           0            0     -622.008 -9.42622e-15     -29.4815            0  0.00196236 -0.00371353    -937.731 -0.00701262  0.00262731  0.00110877            0            0     -315.723 -4.78463e-15     -14.9645            0 -2.31065e-274  -4.6213e-274 -3.78577e-270  -9.2426e-274  -9.2426e-274  1.15532e-274 
       0        0 -636.346        0 -38.3823        0  0.00251536 -0.00393186    -937.731 -0.00723272  0.00312325  0.00114419        0        0 -301.385        0 -18.1786        0 -2.56534e-290 -5.13067e-290 -4.20305e-286 -1.02613e-289 -1.02613e-289  1.28267e-290 
           0            0     -649.727 -4.92314e-15     -45.8902            0  0.00307704  -0.0042016    -937.731 -0.00749266  0.00363574  0.00118592            0            0     -288.004 -2.18228e-15     -20.3418            0 -2.84809e-306 -5.69619e-306 -4.66632e-302 -1.13924e-305 -1.13924e-305  1.42405e-306 
          0           0    -660.139 1.00041e-14    -51.1517           0  0.00362315 -0.00450505    -937.731 -0.00779384  0.00416762  0.00123417           0           0    -277.592 4.20677e-15    -21.5096           0 -3.16202e-322 -6.32404e-322 -5.18065e-318 -1.26481e-321 -1.26481e-321  1.58101e-322 
           0            0     -666.307 -1.00976e-14     -55.2796            0  0.00414268 -0.00483684    -937.731 -0.00813782  0.00472179  0.00128919            0            0     -271.424 -4.11329e-15     -22.5184            0  0  0 -0  0 -0  0 
          0           0     -669.05 1.01391e-14    -58.3382           0  0.00462565 -0.00517268    -937.731  -0.0085076  0.00528483  0.00134828           0           0    -268.681 4.07173e-15    -23.4278           0  0  0 -0  0 -0  0 
       0        0 -662.386        0 -62.3273        0  0.00507661 -0.00548625    -937.731 -0.00886829  0.00582764  0.00140591        0        0 -275.345        0 -25.9086        0  0  0 -0  0 -0  0 
           0            0     -673.632 -5.10428e-15     -64.6949            0  0.00547761 -0.00573758     -937.73 -0.00917597  0.00631318  0.00145508            0            0     -264.099 -2.00114e-15     -25.3638            0  0  0 -0  0 -0  0 
         0          0   -715.958 -1.085e-14   -79.4753          0  0.00580292 -0.00589128     -937.73 -0.00937851  0.00669721   0.0014875            0            0     -221.773 -3.36087e-15     -24.6181            0  0  0 -0  0 -0  0 
           0            0     -781.808 -1.18479e-14     -100.103            0  0.00580292 -0.00589128     -937.73 -0.00937851  0.00669721   0.0014875            0            0     -155.923 -2.36294e-15     -19.9645            0  0  0 -0  0 -0  0 
          0           0    -864.635 6.55156e-15    -114.267           0  0.00666401 -0.00614939     -937.73 -0.00922242  0.00695101  0.00146307           0           0    -73.0965 5.53871e-16    -9.66017           0  0  0 -0  0 -0  0 
        0         0  -937.731 -0.764624  -119.321         0   0.0068826 -0.00609267     -937.73 -0.00872432  0.00670149  0.00138403  0  0  0 -0  0  0  0  0 -0  0 -0  0 
       0        0 -937.731 -15.7296 -120.791        0  0.00667286 -0.00575369     -937.73 -0.00784586  0.00611504  0.00124452  0  0  0 -0  0  0  0  0 -0  0 -0  0 
       0        0 -937.731 -6.46156 -101.511        0  0.00602715 -0.00504613     -937.73 -0.00651314  0.00512818  0.00103289  0  0  0 -0  0  0  0  0 -0  0 -0  0 
           0            0     -912.312 -1.38256e-14      -81.334            0   0.0049741 -0.00389485    -879.775 -0.00464122  0.00366804 0.000735753            0            0     -25.4187 -3.85208e-16     -2.26611            0   0.0051913 -0.00380109    -57.9561 -0.00464122  0.00366804 0.000735753 
          0           0    -850.749 1.28927e-14    -69.3885           0  0.00368075 -0.00248049    -783.184 -0.00252654  0.00199619 0.000400618           0           0    -86.9821 1.31817e-15     -7.0944           0    0.003799 -0.00242943    -154.547 -0.00252654  0.00199619 0.000400618 
           0            0     -783.684 -2.96909e-15     -63.0354            0  0.00246467 -0.00108111    -686.593 -0.00047581 0.000380854 7.56253e-05            0            0     -154.047 -5.83626e-16     -12.3907            0  0.00248704 -0.00107146    -251.138 -0.00047581 0.000380854 7.56253e-05 
           0            0     -722.615 -5.47544e-15     -58.1853            0   0.00136518  0.000309605     -590.002   0.00147443  -0.00114473 -0.000233439            0            0     -215.116 -1.62999e-15     -17.3212            0   0.00129649  0.000279878     -347.729   0.00147443  -0.00114473 -0.000233439 
           0            0     -651.028 -9.86601e-15     -50.5077            0   0.00136518  0.000309605     -590.002   0.00147443  -0.00114473 -0.000233439            0            0     -286.703 -4.34484e-15     -22.2428            0   0.00129649  0.000279878     -347.729   0.00147443  -0.00114473 -0.000233439 
       0        0 -572.769        0 -43.8447        0 -6.61651e-05   0.00301173     -428.382   0.00507256  -0.00327662 -0.000802738           0           0    -367.098 -2.7816e-15    -28.0954           0 -0.000263924   0.00286822     -509.349   0.00507256  -0.00327662 -0.000802738 
           0            0      -478.75 -3.62761e-15     -36.3018            0 -0.000760402    0.0040152     -331.023   0.00651254  -0.00430968  -0.00103097            0            0     -458.981 -3.47781e-15     -34.8027            0 -0.00101465  0.00383088    -606.708  0.00651254 -0.00430968 -0.00103097 
       0        0 -379.117        0 -27.7167        0 -0.00128666  0.00484576    -233.664  0.00765191 -0.00507841 -0.00121166        0        0 -558.614        0 -40.8395        0  -0.0015855  0.00462913    -704.068  0.00765191 -0.00507841 -0.00121166 
           0            0     -271.318 -2.05585e-15     -18.4867            0 -0.00162541  0.00542822    -136.305  0.00842365  -0.0055241 -0.00133418            0            0     -666.413 -5.04958e-15     -45.4071            0 -0.00195429  0.00518967    -801.427  0.00842365  -0.0055241 -0.00133418 
       0        0 -266.645        0 -16.9869        0 -0.00176457  0.00572255    -38.9461  0.00876298 -0.00558985 -0.00138826        0        0 -671.086        0 -42.7522        0 -0.00210638  0.00547433    -898.786  0.00876298 -0.00558985 -0.00138826 
           0            0     -251.668 -1.90695e-15     -15.1362            0 -4.33681e-19            0 -7.10543e-15  1.73472e-18 -8.67362e-19  -2.1684e-19            0            0     -686.063 -5.19847e-15     -41.2621            0 -0.00192698  0.00534453     -937.73  0.00859406 -0.00520939 -0.00136182 
           0            0     -247.657 -1.87656e-15     -13.9615            0 -4.81482e-35            0 -7.88861e-31  1.92593e-34 -9.62965e-35 -2.40741e-35            0            0     -690.074 -5.22886e-15     -38.9024            0 -0.00157532  0.00511575     -937.73  0.00819427  -0.0046199 -0.00129796 
       0        0 -250.384        0  -12.734        0 -5.34553e-51            0 -8.75812e-47  2.13821e-50 -1.06911e-50 -2.67276e-51        0        0 -687.347        0  -34.957        0 -0.00123431  0.00488577    -937.731  0.00784083 -0.00405727 -0.00124144 
       0        0 -254.376        0 -10.3315        0 -5.93473e-67            0 -9.72346e-63  2.37389e-66 -1.18695e-66 -2.96736e-67        0        0 -683.355        0 -27.7545        0 -0.000874138   0.00464784     -937.731   0.00753148  -0.00351813   -0.0011919 
          0           0    -262.266 1.98726e-15    -7.64459           0 -6.58887e-83            0 -1.07952e-78  2.63555e-82 -1.31777e-82 -3.29444e-83           0           0    -675.465 5.11817e-15    -19.6886           0 -0.000609147    0.0044236     -937.731   0.00726441  -0.00299945  -0.00114905 
       0        0 -275.006        0 -5.38281        0 -7.31512e-99            0 -1.19851e-94  2.92605e-98 -1.46302e-98 -3.65756e-99        0        0 -662.725        0 -12.9718        0 -0.00042294  0.00423397    -937.731  0.00703808 -0.00249831 -0.00111264 
       0        0 -293.072        0  -3.4062        0 -8.12141e-115             0 -1.33061e-110  3.24857e-114 -1.62428e-114 -4.06071e-115        0        0 -644.659        0 -7.49248        0 -0.000248222   0.00406474     -937.731   0.00685115  -0.00201191  -0.00108246 
          0           0     -313.86 2.37819e-15    -1.92738           0 -9.01658e-131             0 -1.47728e-126  3.60663e-130 -1.80332e-130 -4.50829e-131           0           0    -623.871 4.72723e-15    -3.83113           0 -7.09914e-05     0.003908     -937.731   0.00670252  -0.00153753  -0.00105834 
       0        0 -333.277        0 -1.12753        0 -1.00104e-146             0 -1.64011e-142  4.00417e-146 -2.00208e-146 -5.00521e-147        0        0 -604.454        0 -2.04497        0 0.000114673  0.00375193    -937.731  0.00659131 -0.00107252 -0.00104012 
       0        0 -347.887        0 -1.02597        0 -1.11138e-162             0 -1.82088e-158  4.44552e-162 -2.22276e-162  -5.5569e-163        0        0 -589.844        0 -1.73953        0  0.000315453   0.00361359     -937.731   0.00651684 -0.000614288  -0.00102771 
          0           0    -360.205 2.72936e-15     -1.7873           0 -1.23388e-178             0 -2.02159e-174  4.93552e-178 -2.46776e-178 -6.16939e-179           0           0    -577.526 4.37607e-15    -2.86563           0  0.000525836   0.00351097     -937.731   0.00647865 -0.000160274  -0.00102102 
       0        0 -366.056        0 -3.29109        0 -1.36988e-194             0 -2.24441e-190  5.47952e-194 -2.73976e-194  -6.8494e-195        0        0 -571.675        0 -5.13974        0  0.00074906  0.00343371    -937.731  0.00647655 0.000292042 -0.00102002 
       0        0  -365.18        0 -5.32618        0 -1.52087e-210             0  -2.4918e-206  6.08349e-210 -3.04175e-210 -7.60437e-211        0        0 -572.551        0  -8.3507        0  0.00099605  0.00339584    -937.731  0.00651042 0.000745169 -0.00102469 
       0        0 -358.041        0 -7.95245        0 -1.68851e-226             0 -2.76645e-222  6.75403e-226 -3.37702e-226 -8.44254e-227        0        0  -579.69        0 -12.8755        0  0.00126364  0.00340998    -937.731  0.00658039  0.00120162 -0.00103504 
       0        0 -346.597        0 -11.3414        0 -1.87462e-242             0 -3.07138e-238  7.49848e-242 -3.74924e-242 -9.37311e-243        0        0 -591.134        0 -19.3431        0  0.00155743   0.0034769    -937.731  0.00668678  0.00166391 -0.00105113 
         0          0   -336.599 2.5505e-15   -14.8007          0 -2.08125e-258             0 -3.40992e-254  8.32499e-258 -4.16249e-258 -1.04062e-258           0           0    -601.132 4.55493e-15    -26.4325           0  0.00191963  0.00360098    -937.731  0.00683012   0.0021346 -0.00107303 
          0           0    -328.529 2.48935e-15    -17.7357           0 -2.31065e-274             0 -3.78577e-270   9.2426e-274  -4.6213e-274 -1.15532e-274           0           0    -609.202 4.61608e-15    -32.8879           0  0.00233113  0.00376476    -937.731  0.00701106  0.00261628 -0.00110084 
           0            0     -321.081 -4.86582e-15     -19.9951            0 -2.56534e-290             0 -4.20305e-286  1.02613e-289 -5.13067e-290 -1.28267e-290            0            0      -616.65 -9.34503e-15     -38.4014            0  0.00276515  0.00396203    -937.731  0.00723058  0.00311161 -0.00113471 
          0           0    -313.319 -4.7482e-15     -21.667           0 -2.84809e-306             0 -4.66632e-302  1.13924e-305 -5.69619e-306 -1.42405e-306            0            0     -624.412 -9.46266e-15     -43.1801            0  0.00319862  0.00419198    -937.731  0.00748986  0.00362331 -0.00117481 
          0           0    -307.358 4.65786e-15    -22.7193           0 -3.16202e-322             0 -5.18065e-318  1.26481e-321 -6.32404e-322 -1.58101e-322           0           0    -630.373 9.55299e-15     -46.596           0  0.00363703  0.00445995    -937.731  0.00779025  0.00415421 -0.00122137 
       0        0 -303.833        0 -23.6198        0  0  0 -0  0 -0  0        0        0 -633.898        0 -49.2788        0  0.00407751  0.00475919    -937.731  0.00813335   0.0047072 -0.00127462 
       0        0 -303.256        0 -24.1306        0  0  0 -0  0 -0  0        0        0 -634.475        0 -50.4862        0  0.00450718   0.0050677    -937.731  0.00850224  0.00526883 -0.00133192 
           0            0     -305.762 -2.31684e-15     -24.5801            0  0  0 -0  0 -0  0            0            0     -631.969 -4.78859e-15     -50.8038            0 0.00489371  0.0053603   -937.731 0.00886196 0.00580971 -0.0013878 
       0        0 -312.205        0 -26.0225        0  0  0 -0  0 -0  0        0        0 -625.526        0 -52.1379        0  0.00521041  0.00560141    -937.731  0.00916863  0.00629248 -0.00143538 
       0        0 -299.219        0 -24.7159        0  0  0 -0  0 -0  0        0        0 -638.512        0 -52.7418        0  0.00546429  0.00574301     -937.73  0.00937014  0.00667259 -0.00146651 
           0            0     -267.593 -2.02762e-15     -21.9774            0  0  0 -0  0 -0  0            0            0     -670.138 -5.07781e-15     -55.0385            0  0.00560499  0.00579092     -937.73  0.00940684  0.00689875 -0.00147186 
       0        0 -214.359        0 -19.1592        0  0  0 -0  0 -0  0        0        0 -723.372        0 -64.6543        0  0.0056363 0.00574395    -937.73 0.00921204 0.00691352  -0.001441 
          0           0    -146.047 1.10663e-15    -13.1348           0  0  0 -0  0 -0  0          0          0   -791.684 5.9988e-15   -71.2009          0   0.0056309  0.00555256     -937.73  0.00871302  0.00665415 -0.00136257 
       0        0 -82.5506        0 -6.53522        0  0  0 -0  0 -0  0        0        0  -855.18        0 -67.7014        0 0.00547137 0.00513771    -937.73 0.00783371 0.00605493 -0.0012247 
          0           0    -120.099 4.55009e-16     -7.9665           0  0  0 -0  0 -0  0           0           0    -817.632 3.09771e-15     -54.236           0 0.00484713 0.00440825    -937.73 0.00650028 0.00505192 -0.0010159 
       0        0 -171.592        0 -9.22957        0   0.00392576    0.0031022     -58.4168   0.00462779   0.00357172 -0.000723026        0        0 -766.139        0 -41.2091        0   0.00376422   0.00325857     -879.315   0.00462779   0.00357172 -0.000723026 
           0            0     -228.469 -1.73117e-15     -10.4261            0   0.00256576   0.00177154     -155.776   0.00251492   0.00188032 -0.000393098            0            0     -709.262 -5.37426e-15     -32.3668            0   0.00247778   0.00185655     -781.956   0.00251492   0.00188032 -0.000393098 
           0            0     -295.398 -2.23831e-15     -12.2836            0   0.00125344  0.000437033     -253.134  0.000468963  0.000248376 -7.36089e-05            0            0     -642.333 -4.86712e-15     -26.7102            0    0.0012367  0.000452947     -684.597  0.000468963  0.000248376 -7.36089e-05 
          0           0    -370.588 5.61608e-15    -16.2644           0  6.53321e-05 -0.000854341     -350.493  -0.00147293  -0.00129001  0.000229657           0           0    -567.143 8.59477e-15    -24.8908           0  0.000116245 -0.000904018     -587.238  -0.00147293  -0.00129001  0.000229657 
           0            0      -444.85 -3.37074e-15     -18.0355            0  6.53321e-05 -0.000854341     -350.493  -0.00147293  -0.00129001  0.000229657            0            0     -492.881 -3.73469e-15     -19.9828            0  0.000116245 -0.000904018     -587.238  -0.00147293  -0.00129001  0.000229657 
       0        0 -518.282        0 -19.5519        0 -0.00151297 -0.00359534    -509.305 -0.00509063 -0.00331945 0.000795909        0        0 -419.449        0 -15.8235        0 -0.00131323 -0.00373203    -428.427 -0.00509063 -0.00331945 0.000795909 
           0            0     -606.726 -4.59731e-15     -20.8379            0 -0.00227093 -0.00453648    -606.674 -0.00653208  -0.0043552  0.00102134            0            0     -331.005 -2.50811e-15     -11.3683            0 -0.00201427 -0.00471189    -331.058 -0.00653208  -0.0043552  0.00102134 
           0            0      -703.01 -5.32689e-15     -20.6043            0 -0.00286107 -0.00532005    -704.043 -0.00767318 -0.00512714  0.00120002            0            0     -234.721 -1.77854e-15     -6.87936            0 -0.00255946 -0.00552615    -233.688 -0.00767318 -0.00512714  0.00120002 
          0           0    -797.843 3.02273e-15    -17.5878           0 -0.00325633 -0.00586065    -801.413 -0.00844698 -0.00557664  0.00132154           0           0    -139.888 5.29983e-16    -3.08372           0 -0.00292443 -0.00608764    -136.319 -0.00844698 -0.00557664  0.00132154 
          0           0    -791.481 8.99588e-15    -12.5742           0 -0.00342507 -0.00611848    -898.782 -0.00878871 -0.00564691  0.00137577           0           0     -146.25 1.66226e-15    -2.32347           0 -0.00308012  -0.0063548      -38.95 -0.00878871 -0.00564691  0.00137577 
       0        0 -792.819        0 -9.88572        0 -0.00325966 -0.00595628     -937.73  -0.0086226 -0.00527172  0.00135083        0        0 -144.912        0 -1.80691        0 -4.33681e-19 -8.67362e-19 -7.10543e-15 -1.73472e-18 -8.67362e-19   2.1684e-19 
          0           0    -783.301 -8.9029e-15    -2.92409           0 -0.00288069 -0.00567227     -937.73  -0.0082259 -0.00468805  0.00128918            0            0      -154.43 -1.75524e-15    -0.576493            0 -4.81482e-35 -9.62965e-35 -7.88861e-31 -1.92593e-34 -9.62965e-35  2.40741e-35 
           0            0     -767.765 -5.81756e-15      6.39684            0 -0.00251849 -0.00538608     -937.73 -0.00787573 -0.00413163  0.00123482            0            0     -169.966 -1.28787e-15      1.41611            0 -5.34553e-51 -1.06911e-50 -8.75812e-47 -2.13821e-50 -1.06911e-50  2.67276e-51 
           0            0     -750.972 -1.13806e-14       16.076            0 -0.00226721 -0.00509873     -937.73 -0.00756985  -0.0035991   0.0011874            0            0     -186.759 -2.83025e-15      3.99796            0 -5.93473e-67 -1.18695e-66 -9.72346e-63 -2.37389e-66 -1.18695e-66  2.96736e-67 
       0        0 -732.754        0  24.5353        0  -0.0020578 -0.00482989    -937.731 -0.00730647 -0.00308749  0.00114664        0        0 -204.977        0  6.86337        0 -6.58887e-83 -1.31777e-82 -1.07952e-78 -2.63555e-82 -1.31777e-82  3.29444e-83 
       0        0 -714.011        0  31.2998        0 -0.00187332 -0.00459092    -937.731 -0.00708406 -0.00259392  0.00111231       0       0 -223.72       0 9.80712       0 -7.31512e-99 -1.46302e-98 -1.19851e-94 -2.92605e-98 -1.46302e-98  3.65756e-99 
           0            0     -695.774 -1.05441e-14      36.2027            0 -0.00169485 -0.00437607    -937.731 -0.00690131 -0.00211562  0.00108421            0            0     -241.957 -3.66674e-15      12.5896            0 -8.12141e-115 -1.62428e-114 -1.33061e-110 -3.24857e-114 -1.62428e-114  4.06071e-115 
          0           0    -679.513 1.02977e-14     39.1177           0 -0.00150501 -0.00419147    -937.731 -0.00675712 -0.00164992  0.00106217           0           0    -258.218 3.91316e-15     14.8649           0 -9.01658e-131 -1.80332e-130 -1.47728e-126 -3.60663e-130 -1.80332e-130  4.50829e-131 
          0           0    -668.673 -5.0667e-15     40.1065           0 -0.00130839 -0.00403388    -937.731 -0.00665065  -0.0011942  0.00104605            0            0     -269.058 -2.03872e-15      16.1379            0 -1.00104e-146 -2.00208e-146 -1.64011e-142 -4.00417e-146 -2.00208e-146  5.00521e-147 
       0        0 -664.059        0  39.6697        0   -0.0010932  -0.00391712     -937.731  -0.00658122 -0.000745923   0.00103577        0        0 -273.672        0  16.3487        0 -1.11138e-162 -2.22276e-162 -1.82088e-158 -4.44552e-162 -2.22276e-162   5.5569e-163 
          0           0     -666.06 1.00938e-14     38.3882           0 -0.000855555  -0.00384604     -937.731  -0.00654838 -0.000302591   0.00103124           0           0    -271.671 4.11704e-15     15.6577           0 -1.23388e-178 -2.46776e-178 -2.02159e-174 -4.93552e-178 -2.46776e-178  6.16939e-179 
          0           0    -669.722 5.07465e-15      36.531           0 -0.000598785  -0.00383205     -937.731  -0.00655189  0.000138262   0.00103244           0           0    -268.009 2.03077e-15      14.619           0 -1.36988e-194 -2.73976e-194 -2.24441e-190 -5.47952e-194 -2.73976e-194   6.8494e-195 
          0           0    -672.083 5.09254e-15     34.2435           0 -0.000325854  -0.00386124     -937.731   -0.0065917  0.000579088   0.00103937           0           0    -265.648 2.01288e-15     13.5351           0 -1.52087e-210 -3.04175e-210  -2.4918e-206 -6.08349e-210 -3.04175e-210  7.60437e-211 
           0            0     -674.568 -5.11138e-15      31.6696            0 -3.78817e-05  -0.00391483     -937.731  -0.00666797   0.00102233   0.00105203            0            0     -263.163 -1.99405e-15      12.3549            0 -1.68851e-226 -3.37702e-226 -2.76645e-222 -6.75403e-226 -3.37702e-226  8.44254e-227 
          0           0    -677.873 1.02728e-14     28.7984           0 0.000264504  -0.0039948    -937.731 -0.00678106  0.00147044  0.00107051           0           0    -259.858 3.93802e-15     11.0397           0 -1.87462e-242 -3.74924e-242 -3.07138e-238 -7.49848e-242 -3.74924e-242  9.37311e-243 
           0            0     -681.828 -1.03328e-14      25.4816            0 0.000583138 -0.00411009    -937.731 -0.00693152   0.0019259  0.00109489            0            0     -255.903 -3.87809e-15      9.56373            0 -2.08125e-258 -4.16249e-258 -3.40992e-254 -8.32499e-258 -4.16249e-258  1.04062e-258 
           0            0     -688.345 -5.21576e-15      21.6239            0 0.000920503 -0.00426082    -937.731 -0.00712013  0.00239121  0.00112529            0            0     -249.386 -1.88966e-15      7.83431            0 -2.31065e-274  -4.6213e-274 -3.78577e-270  -9.2426e-274  -4.6213e-274  1.15532e-274 
          0           0    -697.616 -1.0572e-14     17.7634           0  0.00128659  -0.0044511    -937.731 -0.00734786  0.00286895  0.00116188            0            0     -240.115 -3.63883e-15      6.11406            0 -2.56534e-290 -5.13067e-290 -4.20305e-286 -1.02613e-289 -5.13067e-290  1.28267e-290 
          0           0    -707.772 5.36297e-15     14.0649           0  0.00168041 -0.00468722    -937.731 -0.00761593  0.00336174  0.00120484           0           0    -229.959 1.74246e-15     4.56978           0 -2.84809e-306 -5.69619e-306 -4.66632e-302 -1.13924e-305 -5.69619e-306  1.42405e-306 
          0           0     -717.83 5.43918e-15     10.8107           0   0.0020939 -0.00496388    -937.731 -0.00792574  0.00387231   0.0012544           0           0    -219.901 1.66625e-15     3.31176           0 -3.16202e-322 -6.32404e-322 -5.18065e-318 -1.26481e-321 -6.32404e-322  1.58101e-322 
          0           0    -728.042 1.10331e-14      7.6627           0  0.00252223 -0.00527668     -937.73 -0.00827895  0.00440345  0.00131083           0           0    -209.689 3.17773e-15     2.20699           0  0  0 -0  0 -0  0 
           0            0     -737.661 -1.11789e-14      4.65625            0  0.00295091 -0.00561142     -937.73 -0.00865868  0.00494156  0.00137145            0            0      -200.07 -3.03196e-15      1.26288            0  0  0 -0  0 -0  0 
          0           0    -748.048 1.13363e-14     1.28925           0  0.00336624 -0.00594122     -937.73 -0.00903003   0.0054571  0.00143071           0           0    -189.683 2.87455e-15    0.326916           0  0  0 -0  0 -0  0 
       0        0 -762.262        0  -5.7767        0  0.00374787 -0.00623305     -937.73 -0.00934915  0.00591258  0.00148163        0        0 -175.469        0 -1.32977        0  0  0 -0  0 -0  0 
          0           0    -804.077 9.13904e-15    -28.6286           0  0.00406649 -0.00644743     -937.73 -0.00956399  0.00626322  0.00151594          0          0   -133.654 1.5191e-15   -4.75865          0  0  0 -0  0 -0  0 
          0           0    -912.788 1.21037e-14    -55.3093           0  0.00464128 -0.00661031     -937.73 -0.00961493  0.00645755  0.00152419           0           0    -24.9433 3.30753e-16    -1.51141           0  0  0 -0  0 -0  0 
       0        0 -937.731 -13.1434 -73.9976        0  0.00523104 -0.00674925     -937.73 -0.00943532  0.00643792  0.00149576  0  0  0 -0  0  0  0  0 -0  0 -0  0 
       0        0 -937.731 -25.2248 -80.9583        0  0.00554508  -0.0067672     -937.73 -0.00895252  0.00614138  0.00141909  0  0  0 -0  0  0  0  0 -0  0 -0  0 
       0        0 -937.731 -37.3185 -81.3375        0  0.00540916 -0.00644522     -937.73 -0.00809052  0.00550196  0.00128214  0  0  0 -0  0  0  0  0 -0  0 -0  0 
       0        0 -937.731 -25.2095 -61.0199        0  0.00471694 -0.00571394     -937.73 -0.00677553  0.00445548  0.00107325  0  0  0 -0  0  0  0  0 -0  0 -0  0 
       0        0 -937.731 -10.9193 -44.4691        0  0.00358408 -0.00452935    -879.308 -0.00492269  0.00292823  0.00077907  0  0  0 -0  0  0  0.00375736 -0.00435581    -58.4226 -0.00492269  0.00292823  0.00077907 
         0          0   -918.889 1.0444e-14   -36.1647          0  0.00228606 -0.00309193    -781.939 -0.00283098  0.00118614 0.000447384           0           0    -18.8425 2.14161e-16   -0.741584           0  0.00238735 -0.00299226    -155.792 -0.00283098  0.00118614 0.000447384 
         0          0   -882.536 5.0154e-15    -35.492          0   0.00117247  -0.00169024      -684.57 -0.000807945 -0.000500196  0.000126584           0           0    -55.1953 3.13672e-16    -2.21973           0   0.00120414  -0.00166202     -253.161 -0.000807945 -0.000500196  0.000126584 
           0            0     -845.612 -3.20371e-15     -34.4792            0  0.000180205 -0.000413707     -587.201   0.00110912  -0.00209691 -0.000177422            0            0     -92.1187 -3.49004e-16     -3.75607            0  0.000145892 -0.000453185      -350.53   0.00110912  -0.00209691 -0.000177422 
       0        0 -791.514        0 -31.3414        0  0.000180205 -0.000413707     -587.201   0.00110912  -0.00209691 -0.000177422        0        0 -146.217        0 -5.78972        0  0.000145892 -0.000453185      -350.53   0.00110912  -0.00209691 -0.000177422 
          0           0    -724.663 1.09819e-14    -26.7174           0  -0.00109271   0.00189069     -413.215   0.00467114  -0.00436279 -0.000741304           0           0    -213.068 3.22893e-15    -7.85551           0  -0.00127765   0.00174787     -524.516   0.00467114  -0.00436279 -0.000741304 
          0           0    -639.539 4.84595e-15    -23.4136           0  -0.00177183   0.00282284     -319.303   0.00608127  -0.00543411 -0.000964921           0           0    -298.192 2.25947e-15    -10.9168           0  -0.00201236   0.00263694     -618.428   0.00608127  -0.00543411 -0.000964921 
           0            0     -541.756 -4.10502e-15     -20.0589            0 -0.00230751  0.00359026    -225.391  0.00718848 -0.00625298 -0.00114061           0           0    -395.975 -3.0004e-15    -14.6612           0 -0.00259169  0.00337052     -712.34  0.00718848 -0.00625298 -0.00114061 
          0           0    -429.052 3.25103e-15    -16.0745           0 -0.00264797  0.00414382    -131.479  0.00792558 -0.00676245 -0.00125771           0           0    -508.679 3.85439e-15    -19.0577           0 -0.00296122  0.00390152    -806.253  0.00792558 -0.00676245 -0.00125771 
       0        0 -382.198        0 -16.1353        0 -0.00277951  0.00444877    -37.5673  0.00822759 -0.00690744 -0.00130593        0        0 -555.533        0  -23.453        0 -0.00310467  0.00419717    -900.165  0.00822759 -0.00690744 -0.00130593 
          0           0    -342.128 2.59239e-15    -15.0624           0 -8.67362e-19            0 -7.10543e-15            0 -8.67362e-19  -2.1684e-19           0           0    -595.603 4.51303e-15    -26.2218           0 -0.00296929  0.00420667     -937.73  0.00801846 -0.00662354 -0.00127313 
       0        0  -315.95        0 -13.9758        0 -9.62965e-35            0 -7.88861e-31            0 -9.62965e-35 -2.40741e-35        0        0 -621.781        0 -27.5041        0 -0.00268019  0.00406264     -937.73   0.0075754 -0.00614252 -0.00120262 
       0        0 -298.707        0 -13.1119        0 -1.06911e-50            0 -8.75812e-47            0 -1.06911e-50 -2.67276e-51        0        0 -639.024        0 -28.0502        0 -0.00242921  0.00390228     -937.73  0.00717538 -0.00569662 -0.00113894 
          0           0    -290.139 4.39692e-15    -12.1524           0 -1.18695e-66            0 -9.72346e-63            0 -1.18695e-66 -2.96736e-67           0           0    -647.592 9.81393e-15    -27.1242           0 -0.00216969  0.00372324    -937.731  0.00681586  -0.0052831 -0.00108169 
          0           0    -278.943 2.11363e-15    -9.72378           0 -1.31777e-82            0 -1.07952e-78            0 -1.31777e-82 -3.29444e-83          0          0   -658.788 4.9918e-15   -22.9649          0  -0.0019089  0.00352795    -937.731  0.00649478 -0.00489961 -0.00103054 
          0           0    -271.123 2.05436e-15    -6.91478           0 -1.46302e-98            0 -1.19851e-94            0 -1.46302e-98 -3.65756e-99           0           0    -666.608 5.05106e-15    -17.0014           0  -0.00173675   0.00335135     -937.731   0.00621027  -0.00454397 -0.000985185 
       0        0 -272.027        0 -4.50681        0 -1.62428e-114             0 -1.33061e-110             0 -1.62428e-114 -4.06071e-115        0        0 -665.704        0 -11.0291        0  -0.00168148    0.0032219     -937.731    0.0059607  -0.00421415 -0.000945368 
           0            0     -279.276 -2.11614e-15     -2.71102            0 -1.80332e-130             0 -1.47728e-126             0 -1.80332e-130 -4.50829e-131            0            0     -658.455 -4.98928e-15     -6.39185            0  -0.00165542   0.00309414     -937.731   0.00574461  -0.00390827 -0.000910862 
       0        0 -294.734        0 -1.32854        0 -2.00208e-146             0 -1.64011e-142             0 -2.00208e-146 -5.00521e-147        0        0 -642.997        0 -2.89837        0  -0.00162319   0.00296015     -937.731   0.00556076  -0.00362462 -0.000881468 
        0         0  -312.486         0 -0.581742         0 -2.22276e-162             0 -1.82088e-158             0 -2.22276e-162  -5.5569e-163        0        0 -625.245        0 -1.16399        0    -0.001572   0.00281278     -937.731   0.00540807  -0.00336156 -0.000857014 
           0            0     -322.605 -2.44446e-15    -0.624291            0 -2.46776e-178             0 -2.02159e-174             0 -2.46776e-178 -6.16939e-179            0            0     -615.126 -4.66097e-15     -1.19037            0  -0.00149501   0.00265712     -937.731   0.00528562  -0.00311761 -0.000837357 
       0        0 -328.875        0  -1.3877        0 -2.73976e-194             0 -2.24441e-190             0 -2.73976e-194  -6.8494e-195        0        0 -608.856        0 -2.56909        0  -0.00140632   0.00252831     -937.731   0.00519269  -0.00289138 -0.000822378 
       0        0 -324.813        0 -4.41592        0 -3.04175e-210             0  -2.4918e-206             0 -3.04175e-210 -7.60437e-211        0        0 -612.918        0 -8.33278        0  -0.00130609   0.00243534     -937.731   0.00512871  -0.00268158 -0.000811986 
           0            0     -319.715 -2.42256e-15     -7.09954            0 -3.37702e-226             0 -2.76645e-222             0 -3.37702e-226 -8.44254e-227            0            0     -618.016 -4.68287e-15     -13.7236            0   -0.0011769   0.00238175     -937.731   0.00509327  -0.00248702 -0.000806116 
          0           0    -312.609 2.36871e-15    -10.4013           0 -3.74924e-242             0 -3.07138e-238             0 -3.74924e-242 -9.37311e-243           0           0    -625.122 4.73671e-15    -20.7994           0  -0.00097071   0.00237767     -937.731   0.00508612   -0.0023066 -0.000804729 
          0           0    -306.725 2.32413e-15     -12.705           0 -4.16249e-258             0 -3.40992e-254             0 -4.16249e-258 -1.04062e-258           0           0    -631.006 4.78129e-15    -26.1373           0 -0.000737498   0.00240203     -937.731   0.00510717  -0.00213929 -0.000807808 
       0        0 -300.568        0  -14.066        0  -4.6213e-274             0 -3.78577e-270             0  -4.6213e-274 -1.15532e-274        0        0 -637.163        0 -29.8179        0 -0.000524358   0.00245043     -937.731   0.00515649  -0.00198413 -0.000815357 
       0        0  -291.08        0 -14.5961        0 -5.13067e-290             0 -4.20305e-286             0 -5.13067e-290 -1.28267e-290        0        0 -646.651        0 -32.4261        0 -0.000360323    0.0025201     -937.731    0.0052343  -0.00184024  -0.00082741 
           0            0     -278.956 -2.11372e-15     -14.2381            0 -5.69619e-306             0 -4.66632e-302             0 -5.69619e-306 -1.42405e-306            0            0     -658.775 -4.99171e-15     -33.6243            0 -0.000233269   0.00262705     -937.731     0.005341  -0.00170681 -0.000844029 
           0            0     -267.163 -2.02437e-15     -13.2605            0 -6.32404e-322             0 -5.18065e-318             0 -6.32404e-322 -1.58101e-322            0            0     -670.568 -5.08106e-15     -33.2831            0  -0.00013434   0.00277644     -937.731   0.00547714  -0.00158307 -0.000865299 
       0        0 -256.746        0 -11.9286        0  0  0 -0  0 -0  0        0        0 -680.985        0 -31.6391        0 -8.43012e-05    0.0029551     -937.731   0.00564341  -0.00146832 -0.000891326 
       0        0 -253.364        0 -10.8555        0  0  0 -0  0 -0  0        0        0 -684.367        0  -29.322        0 -5.97994e-05   0.00314238     -937.731   0.00582193  -0.00134628 -0.000919269 
       0        0  -243.44        0 -9.13859        0  0  0 -0  0 -0  0        0        0 -694.291        0 -26.0632        0 -2.81923e-05   0.00329961     -937.731    0.0059767  -0.00118553 -0.000943406 
       0        0 -221.859        0 -7.37655        0  0  0 -0  0 -0  0        0        0 -715.872        0 -23.8018        0  4.67558e-05   0.00338018     -937.731    0.0060627  -0.00094738 -0.000956574 
       0        0 -186.907        0 -5.45397        0  0  0 -0  0 -0  0        0        0 -750.824        0 -21.9091        0  0.000202364   0.00342657     -937.731   0.00602661 -0.000586664 -0.000950298 
           0            0     -139.069 -5.26881e-16     -3.39711            0  0  0 -0  0 -0  0            0            0     -798.662 -3.02583e-15     -19.5093            0   0.00050031   0.00338386     -937.731   0.00580746 -5.26668e-05 -0.000914894 
           0            0     -82.3404 -3.11957e-16     -1.48924            0  0  0 -0  0 -0  0            0            0     -855.391 -3.24076e-15     -15.4709            0  0.000950494   0.00322352     -937.731    0.0053567  0.000693734 -0.000842646 
        0         0  -21.3502         0 -0.217502         0  0  0 -0  0 -0  0        0        0 -916.381        0 -9.33549        0   0.00155563   0.00290987     -937.731   0.00463735   0.00168077 -0.000727696 
 0  0 -0  0 -0  0  0  0 -0  0 -0  0        0        0 -937.731  7.70749  -1.3044        0   0.00232623   0.00239488     -937.731    0.0036182   0.00293229 -0.000565114 
          0           0    -10.1973 4.82921e-18   0.0832971           0  0  0 -0  0 -0  0          0          0   -927.534 4.3926e-16    7.57662          0   0.00328158   0.00165046     -937.731   0.00227853   0.00446772 -0.000351661 
       0        0 -63.6443        0  1.08152        0   0.00445629  0.000657835     -56.3464  0.000594243   0.00630209 -8.36173e-05        0        0 -874.087        0  14.8535        0   0.00444102  0.000641781     -881.384  0.000594243   0.00630209 -8.36173e-05 
          0           0    -118.295 4.48178e-16     2.51599           0   0.00551169 -0.000506442     -150.258  -0.00115992   0.00810315   0.00019483        0        0 -818.044        0  17.4646        0   0.00556602 -0.000468851     -787.472  -0.00115992   0.00810315   0.00019483 
       0        0 -174.828        0   4.1383        0  0.00643672 -0.00150296     -244.17 -0.00266169  0.00960845 0.000433148        0        0 -762.903        0  18.0585        0  0.00655059 -0.00141946     -693.56 -0.00266169  0.00960845 0.000433148 
       0        0 -220.473        0  5.68898        0  0.00717578 -0.00224824    -338.082 -0.00386233   0.0107568 0.000623613        0        0 -717.258        0  18.5077        0  0.00733719 -0.00212804    -599.647 -0.00386233   0.0107568 0.000623613 
       0        0 -175.737        0  4.86237        0  0.00764564 -0.00271192    -431.994 -0.00471178   0.0114847 0.000758273        0        0 -761.994        0  21.0832        0  0.00784059 -0.00256578    -505.735 -0.00471178   0.0114847 0.000758273 
           0            0     -129.043 -4.88897e-16      3.89589            0  0.00123923 -0.00281277    -467.213 -0.00510583   0.0025056 0.000806957            0            0     -808.688 -3.06382e-15      24.4147            0   0.0014387 -0.00265733    -470.518 -0.00510583   0.0025056 0.000806957 
          0           0    -84.9274 3.21758e-16     2.82263           0  0.00123821 -0.00281715    -467.213 -0.00542573  0.00258105 0.000857506           0           0    -852.804 3.23096e-15     28.3436           0  0.00145011 -0.00265197    -470.519 -0.00542573  0.00258105 0.000857506 
       0        0 -50.0951        0  1.83948        0  0.00121501 -0.00294411    -467.213 -0.00591126  0.00264568 0.000934175        0        0 -887.636        0  32.5938        0  0.00144572 -0.00276416    -470.519 -0.00591126  0.00264568 0.000934175 
          0           0    -28.5371 2.70291e-17      1.1264           0  0.00117646 -0.00322841    -467.213 -0.00656836   0.0027019  0.00103794           0           0    -909.194 8.61149e-16     35.8872           0   0.0014326 -0.00302847    -470.519 -0.00656836   0.0027019  0.00103794 
       0        0 -26.7861        0  1.06055        0  0.00112068 -0.00369527    -467.214 -0.00739912  0.00275565  0.00116918        0        0 -910.945        0  36.0674        0  0.00140897 -0.00347005     -470.52 -0.00739912  0.00275565  0.00116918 
         0          0   -31.0223 2.9383e-17    1.25896          0  0.00112287 -0.00352201    -467.214 -0.00725787  0.00276744  0.00114697           0           0    -906.709 8.58795e-16     36.7966           0  0.00140574 -0.00330107     -470.52 -0.00725787  0.00276744  0.00114697 
           0            0      -41.057 -7.77749e-17      1.76399            0   0.0011199 -0.00340725    -467.214 -0.00712805  0.00277073  0.00112653            0            0     -896.674 -1.69858e-15       38.525            0  0.00139777 -0.00319024     -470.52 -0.00712805  0.00277073  0.00112653 
       0        0 -54.0573        0  2.52777        0  0.00108294  -0.0033282    -467.214 -0.00700783  0.00276179  0.00110758        0        0 -883.674        0  41.3214        0  0.00135616 -0.00311484     -470.52 -0.00700783  0.00276179  0.00110758 
           0            0     -67.7645 -1.28367e-16      3.38935            0  0.00100261 -0.00327981    -467.214 -0.00689945  0.00272199  0.00109045            0            0     -869.967 -1.64799e-15      43.5128            0  0.00127161 -0.00306975     -470.52 -0.00689945  0.00272199  0.00109045 
           0            0     -82.3443 -3.11972e-16       4.2641            0 0.000866093 -0.00324291    -467.214 -0.00679497  0.00262632  0.00107384            0            0     -855.387 -3.24074e-15      44.2951            0  0.00113096 -0.00303605     -470.52 -0.00679497  0.00262632  0.00107384 
           0            0     -97.6981 -3.70142e-16      5.04744            0 0.000721556  -0.0032122    -467.214 -0.00669261  0.00249055  0.00105751            0            0     -840.033 -3.18257e-15      43.3991            0 0.000982311 -0.00300849     -470.52 -0.00669261  0.00249055  0.00105751 
       0        0 -114.746        0  5.69654        0 0.000595593  -0.0031906    -467.214 -0.00659695   0.0023407  0.00104221        0        0 -822.985        0  40.8571        0 0.000852483 -0.00298984     -470.52 -0.00659695   0.0023407  0.00104221 
          0           0    -132.516 5.02053e-16     6.13324           0 0.000506156 -0.00318335    -467.214 -0.00651143   0.0021989  0.00102853           0           0    -805.215 3.05066e-15     37.2679           0 0.000759583 -0.00298523     -470.52 -0.00651143   0.0021989  0.00102853 
       0        0 -152.899        0    6.388        0 0.000460564  -0.0031919    -467.214 -0.00643605  0.00207964  0.00101649        0        0 -784.832        0  32.7897        0 0.000710946  -0.0029961     -470.52 -0.00643605  0.00207964  0.00101649 
       0        0 -173.805        0  6.46242        0 0.000456662 -0.00321494    -467.214 -0.00636839  0.00198981   0.0010057        0        0 -763.926        0  28.4043        0 0.000704331 -0.00302121     -470.52 -0.00636839  0.00198981   0.0010057 
          0           0    -197.135 1.49374e-15      6.4046           0 0.000487457 -0.00324944    -467.214 -0.00630545  0.00193191 0.000995707           0           0    -740.596 5.61168e-15     24.0608           0 0.000732634 -0.00305764     -470.52 -0.00630545  0.00193191 0.000995707 
          0           0    -221.174 1.67589e-15     6.24419           0 0.000545034  -0.0032925    -467.214 -0.00624528  0.00190865 0.000986201           0           0    -716.557 5.42954e-15     20.2299           0 0.000787866 -0.00310253     -470.52 -0.00624528  0.00190865 0.000986201 
          0           0    -246.506 1.86784e-15     6.00452           0 0.000621991 -0.00334359    -467.214 -0.00618809  0.00191488 0.000977206           0           0    -691.225 5.23759e-15     16.8372           0 0.000862627 -0.00315535     -470.52 -0.00618809  0.00191488 0.000977206 
       0        0 -272.556        0  5.72591        0  0.00071205 -0.00340402    -467.214 -0.00613505  0.00194541 0.000968902        0        0 -665.175        0  13.9741        0 0.000950681 -0.00321738     -470.52 -0.00613505  0.00194541 0.000968902 
       0        0 -300.961        0  5.44785        0 0.000809921 -0.00347502    -467.214 -0.00608723   0.0019933 0.000961442       0       0 -636.77       0 11.5265       0  0.00104677 -0.00328982     -470.52 -0.00608723   0.0019933 0.000961442 
           0            0     -331.173 -2.50938e-15      5.20239            0 0.000906304 -0.00355819    -467.214 -0.00604464  0.00204922 0.000954819            0            0     -606.558 -4.59605e-15      9.52842            0  0.00114157 -0.00337427     -470.52 -0.00604464  0.00204922 0.000954819 
         0          0   -364.102 2.7589e-15    4.92368          0 0.000993579 -0.00365327    -467.214 -0.00600601  0.00210403 0.000948813           0           0    -573.629 4.34653e-15     7.75707           0  0.00122743  -0.0034705     -470.52 -0.00600601  0.00210403 0.000948813 
       0        0 -398.181        0  4.53881        0   0.0010698 -0.00375919    -467.214    -0.00597  0.00215252  0.00094321       0       0 -539.55       0 6.15026       0 0.00130232 -0.0035775    -470.52   -0.00597 0.00215252 0.00094321 
          0           0    -433.964 6.57651e-15     3.92712           0  0.00113315 -0.00387567    -467.214 -0.00593595  0.00218676 0.000937892           0           0    -503.767 7.63434e-15      4.5588           0  0.00136439 -0.00369501     -470.52 -0.00593595  0.00218676 0.000937892 
           0            0     -470.173 -7.12524e-15       3.0395            0  0.00118395 -0.00400308    -467.214 -0.00590415  0.00220328 0.000932903            0            0     -467.558 -7.08562e-15       3.0226            0  0.00141399 -0.00382337     -470.52 -0.00590415  0.00220328 0.000932903 
       0        0 -508.576        0  1.65541        0  0.00122405 -0.00413897    -467.214 -0.00587498  0.00220151   0.0009283        0        0 -429.155        0  1.39689        0  0.00145296 -0.00396016     -470.52 -0.00587498  0.00220151   0.0009283 
        0         0  -556.176         0 -0.626177         0  0.00116835 -0.00422867    -467.214 -0.00577515  0.00205733 0.000912352         0         0  -381.555         0 -0.429578         0  0.00139324 -0.00405292     -470.52 -0.00577515  0.00205733 0.000912352 
          0           0    -593.373 4.49614e-15    -2.73805           0  0.00116835 -0.00422867    -467.214 -0.00577515  0.00205733 0.000912352           0           0    -344.358 2.60929e-15      -1.589           0  0.00139324 -0.00405292     -470.52 -0.00577515  0.00205733 0.000912352 
           0            0     -642.211 -4.86619e-15     -5.18402            0  0.00068228 -0.00421606    -467.214 -0.00527926  0.00120582  0.00083295            0            0      -295.52 -2.23923e-15     -2.38548            0 0.000887043 -0.00405561     -470.52 -0.00527926  0.00120582  0.00083295 
          0           0    -690.943 5.23545e-15    -7.48358           0 0.000217266 -0.00410683    -467.214  -0.0048467 0.000453247 0.000763683           0           0    -246.788 1.86998e-15    -2.67296           0 0.000404465 -0.00395974    -470.519  -0.0048467 0.000453247 0.000763683 
          0           0    -730.256 1.10667e-14    -9.71762           0 -0.000436196  -0.00391195     -467.214  -0.00427414 -0.000542398  0.000672013           0           0    -207.475 3.14418e-15    -2.76089           0 -0.000272244  -0.00378252     -470.519  -0.00427414 -0.000542398  0.000672013 
       0        0 -755.982        0 -12.1433        0 -0.00128384   -0.003557    -467.215 -0.00353781 -0.00180801 0.000554181        0        0 -181.749        0 -2.91943        0 -0.00114975 -0.00345027    -470.519 -0.00353781 -0.00180801 0.000554181 
          0           0    -766.288 5.80636e-15    -14.3812           0 -0.00233375 -0.00304174    -467.215 -0.00263303 -0.00336306  0.00040945           0           0    -171.443 1.29906e-15    -3.21752           0 -0.00223636  -0.0029629    -470.518 -0.00263303 -0.00336306  0.00040945 
       0        0 -762.857        0 -15.5531        0 -0.00357134 -0.00232526    -467.215 -0.00155544 -0.00521227 0.000237163        0        0 -174.874        0 -3.56532        0 -0.00351761 -0.00227962    -470.518 -0.00155544 -0.00521227 0.000237163 
       0        0 -753.153        0 -15.8794        0  -0.00504085  -0.00141651     -467.215 -0.000296655  -0.00737619  3.60196e-05        0        0 -184.578        0 -3.89161        0  -0.00503811  -0.00140963     -470.517 -0.000296655  -0.00737619  3.60196e-05 
          0           0    -738.779 5.59792e-15    -15.8518           0  -0.00502038  -0.00137667     -467.215 -0.000274984  -0.00737859   3.2601e-05        0        0 -199.367        0  -4.2774        0  -0.00501848  -0.00137045     -470.517 -0.000274984  -0.00737859   3.2601e-05 
       0        0 -720.263        0 -15.0222        0  -0.00499787  -0.00125862     -467.215 -0.000179759  -0.00736747   1.7629e-05        0        0 -217.468        0 -4.53564        0  -0.00499963  -0.00125528     -470.517 -0.000179759  -0.00736747   1.7629e-05 
       0        0 -700.019        0 -13.8804        0 -0.00497775 -0.00105023    -467.215 1.16843e-05 -0.00734786  -1.247e-05        0        0 -237.712        0 -4.71348        0 -0.00498685 -0.00105269    -470.518 1.16843e-05 -0.00734786  -1.247e-05 
           0            0     -679.898 -1.03035e-14      -12.503            0   -0.0049556 -0.000744638     -467.215  0.000319691  -0.00731295 -6.08877e-05            0            0     -257.833 -3.90733e-15     -4.74144            0  -0.00497652 -0.000756421     -470.518  0.000319691  -0.00731295 -6.08877e-05 
           0            0     -679.898 -1.03035e-14      -12.503            0   -0.0049556 -0.000744638     -467.215  0.000319691  -0.00731295 -6.08877e-05            0            0     -257.833 -3.90733e-15     -4.74144            0  -0.00497652 -0.000756421     -470.518  0.000319691  -0.00731295 -6.08877e-05 
           0            0     -679.898 -1.03035e-14      -12.503            0   -0.0049556 -0.000744638     -467.215  0.000319691  -0.00731295 -6.08877e-05            0            0     -257.833 -3.90733e-15     -4.74144            0  -0.00497652 -0.000756421     -470.518  0.000319691  -0.00731295 -6.08877e-05 
           0            0     -679.898 -1.03035e-14      -12.503            0   -0.0049556 -0.000744638     -467.215  0.000319691  -0.00731295 -6.08877e-05            0            0     -257.833 -3.90733e-15     -4.74144            0  -0.00497652 -0.000756421     -470.518  0.000319691  -0.00731295 -6.08877e-05 
           0            0     -679.898 -1.03035e-14      -12.503            0   -0.0049556 -0.000744638     -467.215  0.000319691  -0.00731295 -6.08877e-05            0            0     -257.833 -3.90733e-15     -4.74144            0  -0.00497652 -0.000756421     -470.518  0.000319691  -0.00731295 -6.08877e-05 
           0            0     -679.898 -1.03035e-14      -12.503            0   -0.0049556 -0.000744638     -467.215  0.000319691  -0.00731295 -6.08877e-05            0            0     -257.833 -3.90733e-15     -4.74144            0  -0.00497652 -0.000756421     -470.518  0.000319691  -0.00731295 -6.08877e-05 
           0            0     -679.898 -1.03035e-14      -12.503            0   -0.0049556 -0.000744638     -467.215  0.000319691  -0.00731295 -6.08877e-05            0            0     -257.833 -3.90733e-15     -4.74144            0  -0.00497652 -0.000756421     -470.518  0.000319691  -0.00731295 -6.08877e-05 
           0            0     -679.898 -1.03035e-14      -12.503            0   -0.0049556 -0.000744638     -467.215  0.000319691  -0.00731295 -6.08877e-05            0            0     -257.833 -3.90733e-15     -4.74144            0  -0.00497652 -0.000756421     -470.518  0.000319691  -0.00731295 -6.08877e-05 
           0            0     -679.898 -1.03035e-14      -12.503            0   -0.0049556 -0.000744638     -467.215  0.000319691  -0.00731295 -6.08877e-05            0            0     -257.833 -3.90733e-15     -4.74144            0  -0.00497652 -0.000756421     -470.518  0.000319691  -0.00731295 -6.08877e-05 
           0            0     -679.898 -1.03035e-14      -12.503            0   -0.0049556 -0.000744638     -467.215  0.000319691  -0.00731295 -6.08877e-05            0            0     -257.833 -3.90733e-15     -4.74144            0  -0.00497652 -0.000756421     -470.518  0.000319691  -0.00731295 -6.08877e-05 
           0            0     -679.898 -1.03035e-14      -12.503            0   -0.0049556 -0.000744638     -467.215  0.000319691  -0.00731295 -6.08877e-05            0            0     -257.833 -3.90733e-15     -4.74144            0  -0.00497652 -0.000756421     -470.518  0.000319691  -0.00731295 -6.08877e-05 
           0            0     -679.898 -1.03035e-14      -12.503            0   -0.0049556 -0.000744638     -467.215  0.000319691  -0.00731295 -6.08877e-05            0            0     -257.833 -3.90733e-15     -4.74144            0  -0.00497652 -0.000756421     -470.518  0.000319691  -0.00731295 -6.08877e-05 
           0            0     -679.898 -1.03035e-14      -12.503            0   -0.0049556 -0.000744638     -467.215  0.000319691  -0.00731295 -6.08877e-05            0            0     -257.833 -3.90733e-15     -4.74144            0  -0.00497652 -0.000756421     -470.518  0.000319691  -0.00731295 -6.08877e-05 
           0            0     -679.898 -1.03035e-14      -12.503            0   -0.0049556 -0.000744638     -467.215  0.000319691  -0.00731295 -6.08877e-05            0            0     -257.833 -3.90733e-15     -4.74144            0  -0.00497652 -0.000756421     -470.518  0.000319691  -0.00731295 -6.08877e-05 
           0            0     -679.898 -1.03035e-14      -12.503            0   -0.0049556 -0.000744638     -467.215  0.000319691  -0.00731295 -6.08877e-05            0            0     -257.833 -3.90733e-15     -4.74144            0  -0.00497652 -0.000756421     -470.518  0.000319691  -0.00731295 -6.08877e-05 
           0            0     -679.898 -1.03035e-14      -12.503            0   -0.0049556 -0.000744638     -467.215  0.000319691  -0.00731295 -6.08877e-05            0            0     -257.833 -3.90733e-15     -4.74144            0  -0.00497652 -0.000756421     -470.518  0.000319691  -0.00731295 -6.08877e-05 
           0            0     -679.898 -1.03035e-14      -12.503            0   -0.0049556 -0.000744638     -467.215  0.000319691  -0.00731295 -6.08877e-05            0            0     -257.833 -3.90733e-15     -4.74144            0  -0.00497652 -0.000756421     -470.518  0.000319691  -0.00731295 -6.08877e-05 
           0            0     -679.898 -1.03035e-14      -12.503            0   -0.0049556 -0.000744638     -467.215  0.000319691  -0.00731295 -6.08877e-05            0            0     -257.833 -3.90733e-15     -4.74144            0  -0.00497652 -0.000756421     -470.518  0.000319691  -0.00731295 -6.08877e-05 
           0            0     -679.898 -1.03035e-14      -12.503            0   -0.0049556 -0.000744638     -467.215  0.000319691  -0.00731295 -6.08877e-05            0            0     -257.833 -3.90733e-15     -4.74144            0  -0.00497652 -0.000756421     -470.518  0.000319691  -0.00731295 -6.08877e-05 
           0            0     -679.898 -1.03035e-14      -12.503            0   -0.0049556 -0.000744638     -467.215  0.000319691  -0.00731295 -6.08877e-05            0            0     -257.833 -3.90733e-15     -4.74144            0  -0.00497652 -0.000756421     -470.518  0.000319691  -0.00731295 -6.08877e-05 
           0            0     -679.898 -1.03035e-14      -12.503            0   -0.0049556 -0.000744638     -467.215  0.000319691  -0.00731295 -6.08877e-05            0            0     -257.833 -3.90733e-15     -4.74144            0  -0.00497652 -0.000756421     -470.518  0.000319691  -0.00731295 -6.08877e-05 
           0            0     -679.898 -1.03035e-14      -12.503            0   -0.0049556 -0.000744638     -467.215  0.000319691  -0.00731295 -6.08877e-05            0            0     -257.833 -3.90733e-15     -4.74144            0  -0.00497652 -0.000756421     -470.518  0.000319691  -0.00731295 -6.08877e-05 
           0            0     -679.898 -1.03035e-14      -12.503            0   -0.0049556 -0.000744638     -467.215  0.000319691  -0.00731295 -6.08877e-05            0            0     -257.833 -3.90733e-15     -4.74144            0  -0.00497652 -0.000756421     -470.518  0.000319691  -0.00731295 -6.08877e-05 
           0            0     -679.898 -1.03035e-14      -12.503            0   -0.0049556 -0.000744638     -467.215  0.000319691  -0.00731295 -6.08877e-05            0            0     -257.833 -3.90733e-15     -4.74144            0  -0.00497652 -0.000756421     -470.518  0.000319691  -0.00731295 -6.08877e-05 
           0            0     -679.898 -1.03035e-14      -12.503            0   -0.0049556 -0.000744638     -467.215  0.000319691  -0.00731295 -6.08877e-05            0            0     -257.833 -3.90733e-15     -4.74144            0  -0.00497652 -0.000756421     -470.518  0.000319691  -0.00731295 -6.08877e-05 
           0            0     -679.898 -1.03035e-14      -12.503            0   -0.0049556 -0.000744638     -467.215  0.000319691  -0.00731295 -6.08877e-05            0            0     -257.833 -3.90733e-15     -4.74144            0  -0.00497652 -0.000756421     -470.518  0.000319691  -0.00731295 -6.08877e-05 
           0            0     -679.898 -1.03035e-14      -12.503            0   -0.0049556 -0.000744638     -467.215  0.000319691  -0.00731295 -6.08877e-05            0            0     -257.833 -3.90733e-15     -4.74144            0  -0.00497652 -0.000756421     -470.518  0.000319691  -0.00731295 -6.08877e-05 
           0            0     -679.898 -1.03035e-14      -12.503            0   -0.0049556 -0.000744638     -467.215  0.000319691  -0.00731295 -6.08877e-05            0            0     -257.833 -3.90733e-15     -4.74144            0  -0.00497652 -0.000756421     -470.518  0.000319691  -0.00731295 -6.08877e-05 
           0            0     -679.898 -1.03035e-14      -12.503            0   -0.0049556 -0.000744638     -467.215  0.000319691  -0.00731295 -6.08877e-05            0            0     -257.833 -3.90733e-15     -4.74144            0  -0.00497652 -0.000756421     -470.518  0.000319691  -0.00731295 -6.08877e-05 
           0            0     -679.898 -1.03035e-14      -12.503            0   -0.0049556 -0.000744638     -467.215  0.000319691  -0.00731295 -6.08877e-05            0            0     -257.833 -3.90733e-15     -4.74144            0  -0.00497652 -0.000756421     -470.518  0.000319691  -0.00731295 -6.08877e-05 
           0            0     -679.898 -1.03035e-14      -12.503            0   -0.0049556 -0.000744638     -467.215  0.000319691  -0.00731295 -6.08877e-05            0            0     -257.833 -3.90733e-15     -4.74144            0  -0.00497652 -0.000756421     -470.518  0.000319691  -0.00731295 -6.08877e-05 
           0            0     -679.898 -1.03035e-14      -12.503            0   -0.0049556 -0.000744638     -467.215  0.000319691  -0.00731295 -6.08877e-05            0            0     -257.833 -3.90733e-15     -4.74144            0  -0.00497652 -0.000756421     -470.518  0.000319691  -0.00731295 -6.08877e-05 
           0            0     -679.898 -1.03035e-14      -12.503            0   -0.0049556 -0.000744638     -467.215  0.000319691  -0.00731295 -6.08877e-05            0            0     -257.833 -3.90733e-15     -4.74144            0  -0.00497652 -0.000756421     -470.518  0.000319691  -0.00731295 -6.08877e-05 
           0            0     -679.898 -1.03035e-14      -12.503            0   -0.0049556 -0.000744638     -467.215  0.000319691  -0.00731295 -6.08877e-05            0            0     -257.833 -3.90733e-15     -4.74144            0  -0.00497652 -0.000756421     -470.518  0.000319691  -0.00731295 -6.08877e-05 
           0            0     -679.898 -1.03035e-14      -12.503            0   -0.0049556 -0.000744638     -467.215  0.000319691  -0.00731295 -6.08877e-05            0            0     -257.833 -3.90733e-15     -4.74144            0  -0.00497652 -0.000756421     -470.518  0.000319691  -0.00731295 -6.08877e-05 
           0            0     -679.898 -1.03035e-14      -12.503            0   -0.0049556 -0.000744638     -467.215  0.000319691  -0.00731295 -6.08877e-05            0            0     -257.833 -3.90733e-15     -4.74144            0  -0.00497652 -0.000756421     -470.518  0.000319691  -0.00731295 -6.08877e-05 
           0            0     -679.898 -1.03035e-14      -12.503            0   -0.0049556 -0.000744638     -467.215  0.000319691  -0.00731295 -6.08877e-05            0            0     -257.833 -3.90733e-15     -4.74144            0  -0.00497652 -0.000756421     -470.518  0.000319691  -0.00731295 -6.08877e-05 
           0            0     -679.898 -1.03035e-14      -12.503            0   -0.0049556 -0.000744638     -467.215  0.000319691  -0.00731295 -6.08877e-05            0            0     -257.833 -3.90733e-15     -4.74144            0  -0.00497652 -0.000756421     -470.518  0.000319691  -0.00731295 -6.08877e-05 
           0            0     -679.898 -1.03035e-14      -12.503            0   -0.0049556 -0.000744638     -467.215  0.000319691  -0.00731295 -6.08877e-05            0            0     -257.833 -3.90733e-15     -4.74144            0  -0.00497652 -0.000756421     -470.518  0.000319691  -0.00731295 -6.08877e-05 
           0            0     -679.898 -1.03035e-14      -12.503            0   -0.0049556 -0.000744638     -467.215  0.000319691  -0.00731295 -6.08877e-05            0            0     -257.833 -3.90733e-15     -4.74144            0  -0.00497652 -0.000756421     -470.518  0.000319691  -0.00731295 -6.08877e-05 
           0            0     -679.898 -1.03035e-14      -12.503            0   -0.0049556 -0.000744638     -467.215  0.000319691  -0.00731295 -6.08877e-05            0            0     -257.833 -3.90733e-15     -4.74144            0  -0.00497652 -0.000756421     -470.518  0.000319691  -0.00731295 -6.08877e-05 
           0            0     -679.898 -1.03035e-14      -12.503            0   -0.0049556 -0.000744638     -467.215  0.000319691  -0.00731295 -6.08877e-05            0            0     -257.833 -3.90733e-15     -4.74144            0  -0.00497652 -0.000756421     -470.518  0.000319691  -0.00731295 -6.08877e-05 
           0            0     -679.898 -1.03035e-14      -12.503            0   -0.0049556 -0.000744638     -467.215  0.000319691  -0.00731295 -6.08877e-05            0            0     -257.833 -3.90733e-15     -4.74144            0  -0.00497652 -0.000756421     -470.518  0.000319691  -0.00731295 -6.08877e-05 
           0            0     -679.898 -1.03035e-14      -12.503            0   -0.0049556 -0.000744638     -467.215  0.000319691  -0.00731295 -6.08877e-05            0            0     -257.833 -3.90733e-15     -4.74144            0  -0.00497652 -0.000756421     -470.518  0.000319691  -0.00731295 -6.08877e-05 
           0            0     -679.898 -1.03035e-14      -12.503            0   -0.0049556 -0.000744638     -467.215  0.000319691  -0.00731295 -6.08877e-05            0            0     -257.833 -3.90733e-15     -4.74144            0  -0.00497652 -0.000756421     -470.518  0.000319691  -0.00731295 -6.08877e-05 
           0            0     -679.898 -1.03035e-14      -12.503            0   -0.0049556 -0.000744638     -467.215  0.000319691  -0.00731295 -6.08877e-05            0            0     -257.833 -3.90733e-15     -4.74144            0  -0.00497652 -0.000756421     -470.518  0.000319691  -0.00731295 -6.08877e-05 
           0            0     -679.898 -1.03035e-14      -12.503            0   -0.0049556 -0.000744638     -467.215  0.000319691  -0.00731295 -6.08877e-05            0            0     -257.833 -3.90733e-15     -4.74144            0  -0.00497652 -0.000756421     -470.518  0.000319691  -0.00731295 -6.08877e-05 
           0            0     -679.898 -1.03035e-14      -12.503            0   -0.0049556 -0.000744638     -467.215  0.000319691  -0.00731295 -6.08877e-05            0            0     -257.833 -3.90733e-15     -4.74144            0  -0.00497652 -0.000756421     -470.518  0.000319691  -0.00731295 -6.08877e-05 
           0            0     -679.898 -1.03035e-14      -12.503            0   -0.0049556 -0.000744638     -467.215  0.000319691  -0.00731295 -6.08877e-05            0            0     -257.833 -3.90733e-15     -4.74144            0  -0.00497652 -0.000756421     -470.518  0.000319691  -0.00731295 -6.08877e-05 
           0            0     -679.898 -1.03035e-14      -12.503            0   -0.0049556 -0.000744638     -467.215  0.000319691  -0.00731295 -6.08877e-05            0            0     -257.833 -3.90733e-15     -4.74144            0  -0.00497652 -0.000756421     -470.518  0.000319691  -0.00731295 -6.08877e-05 
           0            0     -679.898 -1.03035e-14      -12.503            0   -0.0049556 -0.000744638     -467.215  0.000319691  -0.00731295 -6.08877e-05            0            0     -257.833 -3.90733e-15     -4.74144            0  -0.00497652 -0.000756421     -470.518  0.000319691  -0.00731295 -6.08877e-05 
           0            0     -679.898 -1.03035e-14      -12.503            0   -0.0049556 -0.000744638     -467.215  0.000319691  -0.00731295 -6.08877e-05            0            0     -257.833 -3.90733e-15     -4.74144            0  -0.00497652 -0.000756421     -470.518  0.000319691  -0.00731295 -6.08877e-05 
           0            0     -679.898 -1.03035e-14      -12.503            0   -0.0049556 -0.000744638     -467.215  0.000319691  -0.00731295 -6.08877e-05            0            0     -257.833 -3.90733e-15     -4.74144            0  -0.00497652 -0.000756421     -470.518  0.000319691  -0.00731295 -6.08877e-05 
           0            0     -679.898 -1.03035e-14      -12.503            0   -0.0049556 -0.000744638     -467.215  0.000319691  -0.00731295 -6.08877e-05            0            0     -257.833 -3.90733e-15     -4.74144            0  -0.00497652 -0.000756421     -470.518  0.000319691  -0.00731295 -6.08877e-05 
           0            0     -679.898 -1.03035e-14      -12.503            0   -0.0049556 -0.000744638     -467.215  0.000319691  -0.00731295 -6.08877e-05            0            0     -257.833 -3.90733e-15     -4.74144            0  -0.00497652 -0.000756421     -470.518  0.000319691  -0.00731295 -6.08877e-05 
           0            0     -679.898 -1.03035e-14      -12.503            0   -0.0049556 -0.000744638     -467.215  0.000319691  -0.00731295 -6.08877e-05            0            0     -257.833 -3.90733e-15     -4.74144            0  -0.00497652 -0.000756421     -470.518  0.000319691  -0.00731295 -6.08877e-05 
           0            0     -679.898 -1.03035e-14      -12.503            0   -0.0049556 -0.000744638     -467.215  0.000319691  -0.00731295 -6.08877e-05            0            0     -257.833 -3.90733e-15     -4.74144            0  -0.00497652 -0.000756421     -470.518  0.000319691  -0.00731295 -6.08877e-05 
           0            0     -679.898 -1.03035e-14      -12.503            0   -0.0049556 -0.000744638     -467.215  0.000319691  -0.00731295 -6.08877e-05            0            0     -257.833 -3.90733e-15     -4.74144            0  -0.00497652 -0.000756421     -470.518  0.000319691  -0.00731295 -6.08877e-05 
           0            0     -679.898 -1.03035e-14      -12.503            0   -0.0049556 -0.000744638     -467.215  0.000319691  -0.00731295 -6.08877e-05            0            0     -257.833 -3.90733e-15     -4.74144            0  -0.00497652 -0.000756421     -470.518  0.000319691  -0.00731295 -6.08877e-05 
           0            0     -679.898 -1.03035e-14      -12.503            0   -0.0049556 -0.000744638     -467.215  0.000319691  -0.00731295 -6.08877e-05            0            0     -257.833 -3.90733e-15     -4.74144            0  -0.00497652 -0.000756421     -470.518  0.000319691  -0.00731295 -6.08877e-05 
           0            0     -679.898 -1.03035e-14      -12.503            0   -0.0049556 -0.000744638     -467.215  0.000319691  -0.00731295 -6.08877e-05            0            0     -257.833 -3.90733e-15     -4.74144            0  -0.00497652 -0.000756421     -470.518  0.000319691  -0.00731295 -6.08877e-05 
           0            0     -679.898 -1.03035e-14      -12.503            0   -0.0049556 -0.000744638     -467.215  0.000319691  -0.00731295 -6.08877e-05            0            0     -257.833 -3.90733e-15     -4.74144            0  -0.00497652 -0.000756421     -470.518  0.000319691  -0.00731295 -6.08877e-05 
           0            0     -679.898 -1.03035e-14      -12.503            0   -0.0049556 -0.000744638     -467.215  0.000319691  -0.00731295 -6.08877e-05            0            0     -257.833 -3.90733e-15     -4.74144            0  -0.00497652 -0.000756421     -470.518  0.000319691  -0.00731295 -6.08877e-05 
           0            0     -679.898 -1.03035e-14      -12.503            0   -0.0049556 -0.000744638     -467.215  0.000319691  -0.00731295 -6.08877e-05            0            0     -257.833 -3.90733e-15     -4.74144            0  -0.00497652 -0.000756421     -470.518  0.000319691  -0.00731295 -6.08877e-05 
           0            0     -679.898 -1.03035e-14      -12.503            0   -0.0049556 -0.000744638     -467.215  0.000319691  -0.00731295 -6.08877e-05            0            0     -257.833 -3.90733e-15     -4.74144            0  -0.00497652 -0.000756421     -470.518  0.000319691  -0.00731295 -6.08877e-05 
           0            0     -679.898 -1.03035e-14      -12.503            0   -0.0049556 -0.000744638     -467.215  0.000319691  -0.00731295 -6.08877e-05            0            0     -257.833 -3.90733e-15     -4.74144            0  -0.00497652 -0.000756421     -470.518  0.000319691  -0.00731295 -6.08877e-05 
           0            0     -679.898 -1.03035e-14      -12.503            0   -0.0049556 -0.000744638     -467.215  0.000319691  -0.00731295 -6.08877e-05            0            0     -257.833 -3.90733e-15     -4.74144            0  -0.00497652 -0.000756421     -470.518  0.000319691  -0.00731295 -6.08877e-05 
           0            0     -679.898 -1.03035e-14      -12.503            0   -0.0049556 -0.000744638     -467.215  0.000319691  -0.00731295 -6.08877e-05            0            0     -257.833 -3.90733e-15     -4.74144            0  -0.00497652 -0.000756421     -470.518  0.000319691  -0.00731295 -6.08877e-05 
           0            0     -679.898 -1.03035e-14      -12.503            0   -0.0049556 -0.000744638     -467.215  0.000319691  -0.00731295 -6.08877e-05            0            0     -257.833 -3.90733e-15     -4.74144            0  -0.00497652 -0.000756421     -470.518  0.000319691  -0.00731295 -6.08877e-05 
           0            0     -679.898 -1.03035e-14      -12.503            0   -0.0049556 -0.000744638     -467.215  0.000319691  -0.00731295 -6.08877e-05            0            0     -257.833 -3.90733e-15     -4.74144            0  -0.00497652 -0.000756421     -470.518  0.000319691  -0.00731295 -6.08877e-05 
           0            0     -679.898 -1.03035e-14      -12.503            0   -0.0049556 -0.000744638     -467.215  0.000319691  -0.00731295 -6.08877e-05            0            0     -257.833 -3.90733e-15     -4.74144            0  -0.00497652 -0.000756421     -470.518  0.000319691  -0.00731295 -6.08877e-05 
           0            0     -679.898 -1.03035e-14      -12.503            0   -0.0049556 -0.000744638     -467.215  0.000319691  -0.00731295 -6.08877e-05            0            0     -257.833 -3.90733e-15     -4.74144            0  -0.00497652 -0.000756421     -470.518  0.000319691  -0.00731295 -6.08877e-05 
           0            0     -679.898 -1.03035e-14      -12.503            0   -0.0049556 -0.000744638     -467.215  0.000319691  -0.00731295 -6.08877e-05            0            0     -257.833 -3.90733e-15     -4.74144            0  -0.00497652 -0.000756421     -470.518  0.000319691  -0.00731295 -6.08877e-05 
           0            0     -679.898 -1.03035e-14      -12.503            0   -0.0049556 -0.000744638     -467.215  0.000319691  -0.00731295 -6.08877e-05            0            0     -257.833 -3.90733e-15     -4.74144            0  -0.00497652 -0.000756421     -470.518  0.000319691  -0.00731295 -6.08877e-05 
           0            0     -679.898 -1.03035e-14      -12.503            0   -0.0049556 -0.000744638     -467.215  0.000319691  -0.00731295 -6.08877e-05            0            0     -257.833 -3.90733e-15     -4.74144            0  -0.00497652 -0.000756421     -470.518  0.000319691  -0.00731295 -6.08877e-05 
           0            0     -679.898 -1.03035e-14      -12.503            0   -0.0049556 -0.000744638     -467.215  0.000319691  -0.00731295 -6.08877e-05            0            0     -257.833 -3.90733e-15     -4.74144            0  -0.00497652 -0.000756421     -470.518  0.000319691  -0.00731295 -6.08877e-05 
           0            0     -679.898 -1.03035e-14      -12.503            0   -0.0049556 -0.000744638     -467.215  0.000319691  -0.00731295 -6.08877e-05            0            0     -257.833 -3.90733e-15     -4.74144            0  -0.00497652 -0.000756421     -470.518  0.000319691  -0.00731295 -6.08877e-05 
           0            0     -679.898 -1.03035e-14      -12.503            0   -0.0049556 -0.000744638     -467.215  0.000319691  -0.00731295 -6.08877e-05            0            0     -257.833 -3.90733e-15     -4.74144            0  -0.00497652 -0.000756421     -470.518  0.000319691  -0.00731295 -6.08877e-05 
           0            0     -679.898 -1.03035e-14      -12.503            0   -0.0049556 -0.000744638     -467.215  0.000319691  -0.00731295 -6.08877e-05            0            0     -257.833 -3.90733e-15     -4.74144            0  -0.00497652 -0.000756421     -470.518  0.000319691  -0.00731295 -6.08877e-05 
           0            0     -679.898 -1.03035e-14      -12.503            0   -0.0049556 -0.000744638     -467.215  0.000319691  -0.00731295 -6.08877e-05            0            0     -257.833 -3.90733e-15     -4.74144            0  -0.00497652 -0.000756421     -470.518  0.000319691  -0.00731295 -6.08877e-05 
           0            0     -679.898 -1.03035e-14      -12.503            0   -0.0049556 -0.000744638     -467.215  0.000319691  -0.00731295 -6.08877e-05            0            0     -257.833 -3.90733e-15     -4.74144            0  -0.00497652 -0.000756421     -470.518  0.000319691  -0.00731295 -6.08877e-05 
           0            0     -679.898 -1.03035e-14      -12.503            0   -0.0049556 -0.000744638     -467.215  0.000319691  -0.00731295 -6.08877e-05            0            0     -257.833 -3.90733e-15     -4.74144            0  -0.00497652 -0.000756421     -470.518  0.000319691  -0.00731295 -6.08877e-05 
           0            0     -679.898 -1.03035e-14      -12.503            0   -0.0049556 -0.000744638     -467.215  0.000319691  -0.00731295 -6.08877e-05            0            0     -257.833 -3.90733e-15     -4.74144            0  -0.00497652 -0.000756421     -470.518  0.000319691  -0.00731295 -6.08877e-05 
           0            0     -679.898 -1.03035e-14      -12.503            0   -0.0049556 -0.000744638     -467.215  0.000319691  -0.00731295 -6.08877e-05            0            0     -257.833 -3.90733e-15     -4.74144            0  -0.00497652 -0.000756421     -470.518  0.000319691  -0.00731295 -6.08877e-05 
           0            0     -679.898 -1.03035e-14      -12.503            0   -0.0049556 -0.000744638     -467.215  0.000319691  -0.00731295 -6.08877e-05            0            0     -257.833 -3.90733e-15     -4.74144            0  -0.00497652 -0.000756421     -470.518  0.000319691  -0.00731295 -6.08877e-05 
           0            0     -679.898 -1.03035e-14      -12.503            0   -0.0049556 -0.000744638     -467.215  0.000319691  -0.00731295 -6.08877e-05            0            0     -257.833 -3.90733e-15     -4.74144            0  -0.00497652 -0.000756421     -470.518  0.000319691  -0.00731295 -6.08877e-05 
           0            0     -679.898 -1.03035e-14      -12.503            0   -0.0049556 -0.000744638     -467.215  0.000319691  -0.00731295 -6.08877e-05            0            0     -257.833 -3.90733e-15     -4.74144            0  -0.00497652 -0.000756421     -470.518  0.000319691  -0.00731295 -6.08877e-05 
           0            0     -679.898 -1.03035e-14      -12.503            0   -0.0049556 -0.000744638     -467.215  0.000319691  -0.00731295 -6.08877e-05            0            0     -257.833 -3.90733e-15     -4.74144            0  -0.00497652 -0.000756421     -470.518  0.000319691  -0.00731295 -6.08877e-05 
           0            0     -679.898 -1.03035e-14      -12.503            0   -0.0049556 -0.000744638     -467.215  0.000319691  -0.00731295 -6.08877e-05            0            0     -257.833 -3.90733e-15     -4.74144            0  -0.00497652 -0.000756421     -470.518  0.000319691  -0.00731295 -6.08877e-05 
           0            0     -679.898 -1.03035e-14      -12.503            0   -0.0049556 -0.000744638     -467.215  0.000319691  -0.00731295 -6.08877e-05            0            0     -257.833 -3.90733e-15     -4.74144            0  -0.00497652 -0.000756421     -470.518  0.000319691  -0.00731295 -6.08877e-05 
           0            0     -679.898 -1.03035e-14      -12.503            0   -0.0049556 -0.000744638     -467.215  0.000319691  -0.00731295 -6.08877e-05            0            0     -257.833 -3.90733e-15     -4.74144            0  -0.00497652 -0.000756421     -470.518  0.000319691  -0.00731295 -6.08877e-05 
           0            0     -679.898 -1.03035e-14      -12.503            0   -0.0049556 -0.000744638     -467.215  0.000319691  -0.00731295 -6.08877e-05            0            0     -257.833 -3.90733e-15     -4.74144            0  -0.00497652 -0.000756421     -470.518  0.000319691  -0.00731295 -6.08877e-05 
           0            0     -679.898 -1.03035e-14      -12.503            0   -0.0049556 -0.000744638     -467.215  0.000319691  -0.00731295 -6.08877e-05            0            0     -257.833 -3.90733e-15     -4.74144            0  -0.00497652 -0.000756421     -470.518  0.000319691  -0.00731295 -6.08877e-05 
           0            0     -679.898 -1.03035e-14      -12.503            0   -0.0049556 -0.000744638     -467.215  0.000319691  -0.00731295 -6.08877e-05            0            0     -257.833 -3.90733e-15     -4.74144            0  -0.00497652 -0.000756421     -470.518  0.000319691  -0.00731295 -6.08877e-05 
           0            0     -679.898 -1.03035e-14      -12.503            0   -0.0049556 -0.000744638     -467.215  0.000319691  -0.00731295 -6.08877e-05            0            0     -257.833 -3.90733e-15     -4.74144            0  -0.00497652 -0.000756421     -470.518  0.000319691  -0.00731295 -6.08877e-05 
           0            0     -679.898 -1.03035e-14      -12.503            0   -0.0049556 -0.000744638     -467.215  0.000319691  -0.00731295 -6.08877e-05            0            0     -257.833 -3.90733e-15     -4.74144            0  -0.00497652 -0.000756421     -470.518  0.000319691  -0.00731295 -6.08877e-05 
           0            0     -679.898 -1.03035e-14      -12.503            0   -0.0049556 -0.000744638     -467.215  0.000319691  -0.00731295 -6.08877e-05            0            0     -257.833 -3.90733e-15     -4.74144            0  -0.00497652 -0.000756421     -470.518  0.000319691  -0.00731295 -6.08877e-05 
           0            0     -679.898 -1.03035e-14      -12.503            0   -0.0049556 -0.000744638     -467.215  0.000319691  -0.00731295 -6.08877e-05            0            0     -257.833 -3.90733e-15     -4.74144            0  -0.00497652 -0.000756421     -470.518  0.000319691  -0.00731295 -6.08877e-05 
           0            0     -679.898 -1.03035e-14      -12.503            0   -0.0049556 -0.000744638     -467.215  0.000319691  -0.00731295 -6.08877e-05            0            0     -257.833 -3.90733e-15     -4.74144            0  -0.00497652 -0.000756421     -470.518  0.000319691  -0.00731295 -6.08877e-05 
           0            0     -679.898 -1.03035e-14      -12.503            0   -0.0049556 -0.000744638     -467.215  0.000319691  -0.00731295 -6.08877e-05            0            0     -257.833 -3.90733e-15     -4.74144            0  -0.00497652 -0.000756421     -470.518  0.000319691  -0.00731295 -6.08877e-05 
           0            0     -679.898 -1.03035e-14      -12.503            0   -0.0049556 -0.000744638     -467.215  0.000319691  -0.00731295 -6.08877e-05            0            0     -257.833 -3.90733e-15     -4.74144            0  -0.00497652 -0.000756421     -470.518  0.000319691  -0.00731295 -6.08877e-05 
           0            0     -679.898 -1.03035e-14      -12.503            0   -0.0049556 -0.000744638     -467.215  0.000319691  -0.00731295 -6.08877e-05            0            0     -257.833 -3.90733e-15     -4.74144            0  -0.00497652 -0.000756421     -470.518  0.000319691  -0.00731295 -6.08877e-05 
           0            0     -679.898 -1.03035e-14      -12.503            0   -0.0049556 -0.000744638     -467.215  0.000319691  -0.00731295 -6.08877e-05            0            0     -257.833 -3.90733e-15     -4.74144            0  -0.00497652 -0.000756421     -470.518  0.000319691  -0.00731295 -6.08877e-05 
           0            0     -679.898 -1.03035e-14      -12.503            0   -0.0049556 -0.000744638     -467.215  0.000319691  -0.00731295 -6.08877e-05            0            0     -257.833 -3.90733e-15     -4.74144            0  -0.00497652 -0.000756421     -470.518  0.000319691  -0.00731295 -6.08877e-05 
           0            0     -679.898 -1.03035e-14      -12.503            0   -0.0049556 -0.000744638     -467.215  0.000319691  -0.00731295 -6.08877e-05            0            0     -257.833 -3.90733e-15     -4.74144            0  -0.00497652 -0.000756421     -470.518  0.000319691  -0.00731295 -6.08877e-05 
           0            0     -679.898 -1.03035e-14      -12.503            0   -0.0049556 -0.000744638     -467.215  0.000319691  -0.00731295 -6.08877e-05            0            0     -257.833 -3.90733e-15     -4.74144            0  -0.00497652 -0.000756421     -470.518  0.000319691  -0.00731295 -6.08877e-05 
           0            0     -679.898 -1.03035e-14      -12.503            0   -0.0049556 -0.000744638     -467.215  0.000319691  -0.00731295 -6.08877e-05            0            0     -257.833 -3.90733e-15     -4.74144            0  -0.00497652 -0.000756421     -470.518  0.000319691  -0.00731295 -6.08877e-05 
           0            0     -679.898 -1.03035e-14      -12.503            0   -0.0049556 -0.000744638     -467.215  0.000319691  -0.00731295 -6.08877e-05            0            0     -257.833 -3.90733e-15     -4.74144            0  -0.00497652 -0.000756421     -470.518  0.000319691  -0.00731295 -6.08877e-05 
           0            0     -679.898 -1.03035e-14      -12.503            0   -0.0049556 -0.000744638     -467.215  0.000319691  -0.00731295 -6.08877e-05            0            0     -257.833 -3.90733e-15     -4.74144            0  -0.00497652 -0.000756421     -470.518  0.000319691  -0.00731295 -6.08877e-05 
           0            0     -679.898 -1.03035e-14      -12.503            0   -0.0049556 -0.000744638     -467.215  0.000319691  -0.00731295 -6.08877e-05            0            0     -257.833 -3.90733e-15     -4.74144            0  -0.00497652 -0.000756421     -470.518  0.000319691  -0.00731295 -6.08877e-05 
           0            0     -679.898 -1.03035e-14      -12.503            0   -0.0049556 -0.000744638     -467.215  0.000319691  -0.00731295 -6.08877e-05            0            0     -257.833 -3.90733e-15     -4.74144            0  -0.00497652 -0.000756421     -470.518  0.000319691  -0.00731295 -6.08877e-05 
           0            0     -679.898 -1.03035e-14      -12.503            0   -0.0049556 -0.000744638     -467.215  0.000319691  -0.00731295 -6.08877e-05            0            0     -257.833 -3.90733e-15     -4.74144            0  -0.00497652 -0.000756421     -470.518  0.000319691  -0.00731295 -6.08877e-05 
           0            0     -679.898 -1.03035e-14      -12.503            0   -0.0049556 -0.000744638     -467.215  0.000319691  -0.00731295 -6.08877e-05            0            0     -257.833 -3.90733e-15     -4.74144            0  -0.00497652 -0.000756421     -470.518  0.000319691  -0.00731295 -6.08877e-05 
           0            0     -679.898 -1.03035e-14      -12.503            0   -0.0049556 -0.000744638     -467.215  0.000319691  -0.00731295 -6.08877e-05            0            0     -257.833 -3.90733e-15     -4.74144            0  -0.00497652 -0.000756421     -470.518  0.000319691  -0.00731295 -6.08877e-05 
           0            0     -679.898 -1.03035e-14      -12.503            0   -0.0049556 -0.000744638     -467.215  0.000319691  -0.00731295 -6.08877e-05            0            0     -257.833 -3.90733e-15     -4.74144            0  -0.00497652 -0.000756421     -470.518  0.000319691  -0.00731295 -6.08877e-05 
           0            0     -679.898 -1.03035e-14      -12.503            0   -0.0049556 -0.000744638     -467.215  0.000319691  -0.00731295 -6.08877e-05            0            0     -257.833 -3.90733e-15     -4.74144            0  -0.00497652 -0.000756421     -470.518  0.000319691  -0.00731295 -6.08877e-05 
           0            0     -679.898 -1.03035e-14      -12.503            0   -0.0049556 -0.000744638     -467.215  0.000319691  -0.00731295 -6.08877e-05            0            0     -257.833 -3.90733e-15     -4.74144            0  -0.00497652 -0.000756421     -470.518  0.000319691  -0.00731295 -6.08877e-05 
           0            0     -679.898 -1.03035e-14      -12.503            0   -0.0049556 -0.000744638     -467.215  0.000319691  -0.00731295 -6.08877e-05            0            0     -257.833 -3.90733e-15     -4.74144            0  -0.00497652 -0.000756421     -470.518  0.000319691  -0.00731295 -6.08877e-05 
           0            0     -679.898 -1.03035e-14      -12.503            0   -0.0049556 -0.000744638     -467.215  0.000319691  -0.00731295 -6.08877e-05            0            0     -257.833 -3.90733e-15     -4.74144            0  -0.00497652 -0.000756421     -470.518  0.000319691  -0.00731295 -6.08877e-05 
           0            0     -679.898 -1.03035e-14      -12.503            0   -0.0049556 -0.000744638     -467.215  0.000319691  -0.00731295 -6.08877e-05            0            0     -257.833 -3.90733e-15     -4.74144            0  -0.00497652 -0.000756421     -470.518  0.000319691  -0.00731295 -6.08877e-05 
           0            0     -679.898 -1.03035e-14      -12.503            0   -0.0049556 -0.000744638     -467.215  0.000319691  -0.00731295 -6.08877e-05            0            0     -257.833 -3.90733e-15     -4.74144            0  -0.00497652 -0.000756421     -470.518  0.000319691  -0.00731295 -6.08877e-05 
           0            0     -679.898 -1.03035e-14      -12.503            0   -0.0049556 -0.000744638     -467.215  0.000319691  -0.00731295 -6.08877e-05            0            0     -257.833 -3.90733e-15     -4.74144            0  -0.00497652 -0.000756421     -470.518  0.000319691  -0.00731295 -6.08877e-05 
           0            0     -679.898 -1.03035e-14      -12.503            0   -0.0049556 -0.000744638     -467.215  0.000319691  -0.00731295 -6.08877e-05            0            0     -257.833 -3.90733e-15     -4.74144            0  -0.00497652 -0.000756421     -470.518  0.000319691  -0.00731295 -6.08877e-05 
           0            0     -679.898 -1.03035e-14      -12.503            0   -0.0049556 -0.000744638     -467.215  0.000319691  -0.00731295 -6.08877e-05            0            0     -257.833 -3.90733e-15     -4.74144            0  -0.00497652 -0.000756421     -470.518  0.000319691  -0.00731295 -6.08877e-05 
           0            0     -679.898 -1.03035e-14      -12.503            0   -0.0049556 -0.000744638     -467.215  0.000319691  -0.00731295 -6.08877e-05            0            0     -257.833 -3.90733e-15     -4.74144            0  -0.00497652 -0.000756421     -470.518  0.000319691  -0.00731295 -6.08877e-05 
           0            0     -679.898 -1.03035e-14      -12.503            0   -0.0049556 -0.000744638     -467.215  0.000319691  -0.00731295 -6.08877e-05            0            0     -257.833 -3.90733e-15     -4.74144            0  -0.00497652 -0.000756421     -470.518  0.000319691  -0.00731295 -6.08877e-05 
           0            0     -679.898 -1.03035e-14      -12.503            0   -0.0049556 -0.000744638     -467.215  0.000319691  -0.00731295 -6.08877e-05            0            0     -257.833 -3.90733e-15     -4.74144            0  -0.00497652 -0.000756421     -470.518  0.000319691  -0.00731295 -6.08877e-05 
           0            0     -679.898 -1.03035e-14      -12.503            0   -0.0049556 -0.000744638     -467.215  0.000319691  -0.00731295 -6.08877e-05            0            0     -257.833 -3.90733e-15     -4.74144            0  -0.00497652 -0.000756421     -470.518  0.000319691  -0.00731295 -6.08877e-05 
           0            0     -679.898 -1.03035e-14      -12.503            0   -0.0049556 -0.000744638     -467.215  0.000319691  -0.00731295 -6.08877e-05            0            0     -257.833 -3.90733e-15     -4.74144            0  -0.00497652 -0.000756421     -470.518  0.000319691  -0.00731295 -6.08877e-05 
           0            0     -679.898 -1.03035e-14      -12.503            0   -0.0049556 -0.000744638     -467.215  0.000319691  -0.00731295 -6.08877e-05            0            0     -257.833 -3.90733e-15     -4.74144            0  -0.00497652 -0.000756421     -470.518  0.000319691  -0.00731295 -6.08877e-05 
           0            0     -679.898 -1.03035e-14      -12.503            0   -0.0049556 -0.000744638     -467.215  0.000319691  -0.00731295 -6.08877e-05            0            0     -257.833 -3.90733e-15     -4.74144            0  -0.00497652 -0.000756421     -470.518  0.000319691  -0.00731295 -6.08877e-05 
           0            0     -679.898 -1.03035e-14      -12.503            0   -0.0049556 -0.000744638     -467.215  0.000319691  -0.00731295 -6.08877e-05            0            0     -257.833 -3.90733e-15     -4.74144            0  -0.00497652 -0.000756421     -470.518  0.000319691  -0.00731295 -6.08877e-05 
           0            0     -679.898 -1.03035e-14      -12.503            0   -0.0049556 -0.000744638     -467.215  0.000319691  -0.00731295 -6.08877e-05            0            0     -257.833 -3.90733e-15     -4.74144            0  -0.00497652 -0.000756421     -470.518  0.000319691  -0.00731295 -6.08877e-05 
           0            0     -679.898 -1.03035e-14      -12.503            0   -0.0049556 -0.000744638     -467.215  0.000319691  -0.00731295 -6.08877e-05            0            0     -257.833 -3.90733e-15     -4.74144            0  -0.00497652 -0.000756421     -470.518  0.000319691  -0.00731295 -6.08877e-05 
           0            0     -679.898 -1.03035e-14      -12.503            0   -0.0049556 -0.000744638     -467.215  0.000319691  -0.00731295 -6.08877e-05            0            0     -257.833 -3.90733e-15     -4.74144            0  -0.00497652 -0.000756421     -470.518  0.000319691  -0.00731295 -6.08877e-05 
