1.25935e-05   -0.204998 1.91534e-05 1.25935e-05   -0.204998 1.91534e-05
1.25935e-05   -0.204998 1.91534e-05 1.26442e-05   -0.204998 1.91653e-05
1.25935e-05   -0.204998 1.91534e-05 1.26612e-05   -0.204998 1.91713e-05
1.25935e-05   -0.204998 1.91534e-05 1.26978e-05   -0.204998   1.917e-05
1.25935e-05   -0.204998 1.91534e-05 1.26853e-05   -0.204998 1.91838e-05
1.25935e-05   -0.204998 1.91534e-05 1.27023e-05   -0.204998 1.91898e-05
1.25935e-05   -0.204998 1.91534e-05 1.27094e-05   -0.204998 1.91963e-05
1.25935e-05   -0.204998 1.91534e-05 1.2746e-05  -0.204998 1.9195e-05
1.25935e-05   -0.204998 1.91534e-05 1.2763e-05  -0.204998 1.9201e-05
1.25935e-05   -0.204998 1.91534e-05  1.278e-05  -0.204998 1.9207e-05
1.25935e-05   -0.204998 1.91534e-05 1.28166e-05   -0.204998 1.92057e-05
1.25935e-05   -0.204998 1.91534e-05 1.28041e-05   -0.204998 1.92195e-05
1.25935e-05   -0.204998 1.91534e-05 1.28212e-05   -0.204998 1.92255e-05
1.25935e-05   -0.204998 1.91534e-05 1.28478e-05   -0.204998 1.92247e-05
1.25935e-05   -0.204998 1.91534e-05 1.28648e-05   -0.204998 1.92307e-05
1.25935e-05   -0.204998 1.91534e-05 1.28719e-05   -0.204998 1.92372e-05
1.25935e-05   -0.204998 1.91534e-05 1.29085e-05   -0.204998 1.92359e-05
1.25935e-05   -0.204998 1.91534e-05 1.29255e-05   -0.204998 1.92419e-05
1.25935e-05   -0.204998 1.91534e-05  1.2913e-05   -0.204998 1.92557e-05
1.25935e-05   -0.204998 1.91534e-05 1.29496e-05   -0.204998 1.92543e-05
1.25935e-05   -0.204998 1.91534e-05 1.29567e-05   -0.204998 1.92609e-05
1.25935e-05   -0.204998 1.91534e-05 1.29837e-05   -0.204998 1.92662e-05
1.25935e-05   -0.204998 1.91534e-05 1.29908e-05   -0.204998 1.92728e-05
1.25935e-05   -0.204998 1.91534e-05 1.30273e-05   -0.204998 1.92714e-05
1.25935e-05   -0.204998 1.91534e-05 1.30444e-05   -0.204998 1.92774e-05
1.25935e-05   -0.204998 1.91534e-05 1.30319e-05   -0.204998 1.92912e-05
1.25935e-05   -0.204998 1.91534e-05 1.30685e-05   -0.204998 1.92898e-05
1.25935e-05   -0.204998 1.91534e-05 1.30756e-05   -0.204998 1.92963e-05
1.25935e-05   -0.204998 1.91534e-05 1.30926e-05   -0.204998 1.93023e-05
1.25935e-05   -0.204998 1.91534e-05 1.31193e-05   -0.204998 1.93015e-05
1.25935e-05   -0.204998 1.91534e-05 1.31363e-05   -0.204998 1.93074e-05
1.25935e-05   -0.204998 1.91534e-05 1.31533e-05   -0.204998 1.93134e-05
1.25935e-05   -0.204998 1.91534e-05 1.31604e-05   -0.204998 1.93199e-05
1.25935e-05   -0.204998 1.91534e-05 1.31775e-05   -0.204998 1.93258e-05
1.25935e-05   -0.204998 1.91534e-05 1.31945e-05   -0.204998 1.93318e-05
1.25935e-05   -0.204998 1.91534e-05 1.32115e-05   -0.204998 1.93377e-05
1.25935e-05   -0.204998 1.91534e-05 1.32382e-05   -0.204998 1.93369e-05
1.25935e-05   -0.204998 1.91534e-05 1.32552e-05   -0.204998 1.93428e-05
1.25935e-05   -0.204998 1.91534e-05 1.32723e-05   -0.204998 1.93488e-05
1.25935e-05   -0.204998 1.91534e-05 1.32794e-05   -0.204998 1.93553e-05
1.25935e-05   -0.204998 1.91534e-05 1.32964e-05   -0.204998 1.93612e-05
1.25935e-05   -0.204998 1.91534e-05 1.33035e-05   -0.204998 1.93677e-05
1.25935e-05   -0.204998 1.91534e-05 1.33401e-05   -0.204998 1.93663e-05
1.25935e-05   -0.204998 1.91534e-05 1.33472e-05   -0.204998 1.93728e-05
1.25935e-05   -0.204998 1.91534e-05 1.33643e-05   -0.204998 1.93788e-05
1.25935e-05   -0.204998 1.91534e-05 1.34009e-05   -0.204998 1.93774e-05
1.25935e-05   -0.204998 1.91534e-05 1.33984e-05   -0.204998 1.93906e-05
1.25935e-05   -0.204998 1.91534e-05 1.34154e-05   -0.204998 1.93966e-05
1.25935e-05   -0.204998 1.91534e-05 1.34225e-05   -0.204998 1.94031e-05
1.25935e-05   -0.204998 1.91534e-05 1.34591e-05   -0.204998 1.94017e-05
1.25935e-05   -0.204998 1.91534e-05 1.34662e-05   -0.204998 1.94082e-05
1.25935e-05   -0.204998 1.91534e-05 1.34833e-05   -0.204998 1.94141e-05
1.25935e-05   -0.204998 1.91534e-05 1.35199e-05   -0.204998 1.94128e-05
1.25935e-05   -0.204998 1.91534e-05 1.35074e-05   -0.204998 1.94266e-05
1.25935e-05   -0.204998 1.91534e-05 1.35245e-05   -0.204998 1.94325e-05
1.25935e-05   -0.204998 1.91534e-05 1.35511e-05   -0.204998 1.94317e-05
1.25935e-05   -0.204998 1.91534e-05 1.35682e-05   -0.204998 1.94377e-05
1.25935e-05   -0.204998 1.91534e-05 1.35852e-05   -0.204998 1.94436e-05
1.25935e-05   -0.204998 1.91534e-05 1.36219e-05   -0.204998 1.94423e-05
1.25935e-05   -0.204998 1.91534e-05 1.36389e-05   -0.204998 1.94482e-05
1.25935e-05   -0.204998 1.91534e-05 1.36265e-05   -0.204998  1.9462e-05
1.25935e-05   -0.204998 1.91534e-05 1.36435e-05   -0.204998 1.94679e-05
1.25935e-05   -0.204998 1.91534e-05 1.36702e-05   -0.204998 1.94672e-05
1.25935e-05   -0.204998 1.91534e-05 1.36873e-05   -0.204998 1.94731e-05
1.25935e-05   -0.204998 1.91534e-05 1.36944e-05   -0.204998 1.94797e-05
1.25935e-05   -0.204998 1.91534e-05  1.3731e-05   -0.204998 1.94783e-05
1.25935e-05   -0.204998 1.91534e-05 1.37185e-05   -0.204998 1.94921e-05
1.25935e-05   -0.204998 1.91534e-05 1.37356e-05   -0.204998 1.94981e-05
1.25935e-05   -0.204998 1.91534e-05 1.37822e-05   -0.204998 1.94962e-05
1.25935e-05   -0.204998 1.91534e-05 1.37893e-05   -0.204998 1.95028e-05
1.25935e-05   -0.204998 1.91534e-05 1.38064e-05   -0.204998 1.95087e-05
1.25935e-05   -0.204998 1.91534e-05 1.3833e-05  -0.204998 1.9508e-05
1.25935e-05   -0.204998 1.91534e-05 1.38501e-05   -0.204998  1.9514e-05
1.25935e-05   -0.204998 1.91534e-05 1.38377e-05   -0.204998 1.95278e-05
1.25935e-05   -0.204998 1.91534e-05 1.38743e-05   -0.204998 1.95265e-05
1.25935e-05   -0.204998 1.91534e-05 1.38914e-05   -0.204998 1.95325e-05
1.25935e-05   -0.204998 1.91534e-05 1.38985e-05   -0.204998 1.95391e-05
1.25935e-05   -0.204998 1.91534e-05 1.39155e-05   -0.204998 1.95451e-05
1.25935e-05   -0.204998 1.91534e-05 1.39422e-05   -0.204998 1.95444e-05
1.25935e-05   -0.204998 1.91534e-05 1.39692e-05   -0.204998 1.95498e-05
1.25935e-05   -0.204998 1.91534e-05 1.39568e-05   -0.204998 1.95637e-05
1.25935e-05   -0.204998 1.91534e-05 1.39934e-05   -0.204998 1.95625e-05
1.25935e-05   -0.204998 1.91534e-05 1.40006e-05   -0.204998 1.95691e-05
1.25935e-05   -0.204998 1.91534e-05 1.40176e-05   -0.204998 1.95751e-05
1.25935e-05   -0.204998 1.91534e-05 1.40543e-05   -0.204998 1.95739e-05
1.25935e-05   -0.204998 1.91534e-05 1.40614e-05   -0.204998 1.95805e-05
1.25935e-05   -0.204998 1.91534e-05 1.40785e-05   -0.204998 1.95866e-05
1.25935e-05   -0.204998 1.91534e-05 1.40856e-05   -0.204998 1.95932e-05
1.25935e-05   -0.204998 1.91534e-05 1.41126e-05   -0.204998 1.95987e-05
1.25935e-05   -0.204998 1.91534e-05 1.41198e-05   -0.204998 1.96054e-05
1.25935e-05   -0.204998 1.91534e-05 1.41368e-05   -0.204998 1.96114e-05
1.25935e-05   -0.204998 1.91534e-05 1.41635e-05   -0.204998 1.96108e-05
1.25935e-05   -0.204998 1.91534e-05 1.41806e-05   -0.204998 1.96169e-05
1.25935e-05   -0.204998 1.91534e-05 1.41877e-05   -0.204998 1.96236e-05
1.25935e-05   -0.204998 1.91534e-05 1.42048e-05   -0.204998 1.96298e-05
1.25935e-05   -0.204998 1.91534e-05 1.42219e-05   -0.204998 1.96359e-05
1.25935e-05   -0.204998 1.91534e-05  1.4229e-05   -0.204998 1.96426e-05
1.25935e-05   -0.204998 1.91534e-05 1.42657e-05   -0.204998 1.96415e-05
1.25935e-05   -0.204998 1.91534e-05 1.42828e-05   -0.204998 1.96477e-05
1.25935e-05   -0.204998 1.91534e-05 1.42998e-05   -0.204998 1.96538e-05
1.25935e-05   -0.204998 1.91534e-05 1.43265e-05   -0.204998 1.96533e-05
1.25935e-05   -0.204998 1.91534e-05 1.43241e-05   -0.204998 1.96668e-05
1.25935e-05   -0.204998 1.91534e-05 1.43312e-05   -0.204998 1.96736e-05
1.25935e-05   -0.204998 1.91534e-05 1.43678e-05   -0.204998 1.96725e-05
1.25935e-05   -0.204998 1.91534e-05  1.4375e-05   -0.204998 1.96793e-05
1.25935e-05   -0.204998 1.91534e-05 1.43921e-05   -0.204998 1.96855e-05
1.25935e-05   -0.204998 1.91534e-05 1.44191e-05   -0.204998 1.96912e-05
1.25935e-05   -0.204998 1.91534e-05 1.44458e-05   -0.204998 1.96908e-05
1.25935e-05   -0.204998 1.91534e-05 1.44433e-05   -0.204998 1.97044e-05
1.25935e-05   -0.204998 1.91534e-05 1.44505e-05   -0.204998 1.97112e-05
1.25935e-05   -0.204998 1.91534e-05 1.44871e-05   -0.204998 1.97102e-05
1.25935e-05   -0.204998 1.91534e-05 1.44943e-05   -0.204998 1.97171e-05
1.25935e-05   -0.204998 1.91534e-05 1.45114e-05   -0.204998 1.97235e-05
1.25935e-05   -0.204998 1.91534e-05  1.4538e-05   -0.204998 1.97231e-05
1.25935e-05   -0.204998 1.91534e-05 1.45356e-05   -0.204998 1.97367e-05
1.25935e-05   -0.204998 1.91534e-05 1.45527e-05   -0.204998 1.97431e-05
1.25935e-05   -0.204998 1.91534e-05 1.45893e-05   -0.204998 1.97422e-05
1.25935e-05   -0.204998 1.91534e-05 1.45965e-05   -0.204998 1.97492e-05
1.25935e-05   -0.204998 1.91534e-05 1.46136e-05   -0.204998 1.97556e-05
1.25935e-05   -0.204998 1.91534e-05 1.46403e-05   -0.204998 1.97554e-05
1.25935e-05   -0.204998 1.91534e-05 1.46574e-05   -0.204998 1.97618e-05
1.25935e-05   -0.204998 1.91534e-05 1.46549e-05   -0.204998 1.97756e-05
1.25935e-05   -0.204998 1.91534e-05 1.46621e-05   -0.204998 1.97826e-05
1.25935e-05   -0.204998 1.91534e-05 1.47087e-05   -0.204998 1.97813e-05
1.25935e-05   -0.204998 1.91534e-05 1.47158e-05   -0.204998 1.97884e-05
1.25935e-05   -0.204998 1.91534e-05 1.47329e-05   -0.204998 1.97949e-05
1.25935e-05   -0.204998 1.91534e-05 1.47596e-05   -0.204998 1.97948e-05
1.25935e-05   -0.204998 1.91534e-05 1.47767e-05   -0.204998 1.98014e-05
1.25935e-05   -0.204998 1.91534e-05 1.47643e-05   -0.204998 1.98158e-05
1.25935e-05   -0.204998 1.91534e-05  1.4801e-05   -0.204998 1.98152e-05
1.25935e-05   -0.204998 1.91534e-05 1.48181e-05   -0.204998 1.98218e-05
1.25935e-05   -0.204998 1.91534e-05 1.48352e-05   -0.204998 1.98285e-05
1.25935e-05   -0.204998 1.91534e-05 1.48619e-05   -0.204998 1.98284e-05
1.25935e-05   -0.204998 1.91534e-05  1.4879e-05   -0.204998 1.98351e-05
1.25935e-05   -0.204998 1.91534e-05 1.48861e-05   -0.204998 1.98424e-05
1.25935e-05   -0.204998 1.91534e-05 1.49033e-05   -0.204998 1.98492e-05
1.25935e-05   -0.204998 1.91534e-05 1.49104e-05   -0.204998 1.98565e-05
1.25935e-05   -0.204998 1.91534e-05 1.49375e-05   -0.204998 1.98628e-05
1.25935e-05   -0.204998 1.91534e-05 1.49642e-05   -0.204998 1.98629e-05
1.25935e-05   -0.204998 1.91534e-05 1.49813e-05   -0.204998 1.98697e-05
1.25935e-05   -0.204998 1.91534e-05 1.49884e-05   -0.204998 1.98771e-05
1.25935e-05   -0.204998 1.91534e-05 1.50055e-05   -0.204998  1.9884e-05
1.25935e-05   -0.204998 1.91534e-05 1.50127e-05   -0.204998 1.98915e-05
1.25935e-05   -0.204998 1.91534e-05 1.50298e-05   -0.204998 1.98984e-05
1.25935e-05   -0.204998 1.91534e-05 1.50469e-05   -0.204998 1.99054e-05
1.25935e-05   -0.204998 1.91534e-05 1.50836e-05   -0.204998 1.99051e-05
1.25935e-05   -0.204998 1.91534e-05 1.50908e-05   -0.204998 1.99127e-05
1.25935e-05   -0.204998 1.91534e-05 1.51079e-05   -0.204998 1.99197e-05
1.25935e-05   -0.204998 1.91534e-05  1.5115e-05   -0.204998 1.99274e-05
1.25935e-05   -0.204998 1.91534e-05 1.51321e-05   -0.204998 1.99345e-05
1.25935e-05   -0.204998 1.91534e-05 1.51493e-05   -0.204998 1.99416e-05
1.25935e-05   -0.204998 1.91534e-05 1.51859e-05   -0.204998 1.99415e-05
1.25935e-05   -0.204998 1.91534e-05 1.51931e-05   -0.204998 1.99492e-05
1.25935e-05   -0.204998 1.91534e-05 1.52102e-05   -0.204998 1.99564e-05
1.25935e-05   -0.204998 1.91534e-05 1.52369e-05   -0.204998  1.9957e-05
1.25935e-05   -0.204998 1.91534e-05 1.52345e-05   -0.204998 1.99715e-05
1.25935e-05   -0.204998 1.91534e-05 1.52417e-05   -0.204998 1.99794e-05
1.25935e-05   -0.204998 1.91534e-05 1.52883e-05   -0.204998 1.99789e-05
1.25935e-05   -0.204998 1.91534e-05 1.52955e-05   -0.204998 1.99868e-05
1.25935e-05   -0.204998 1.91534e-05 1.53126e-05   -0.204998 1.99942e-05
1.25935e-05   -0.204998 1.91534e-05 1.53198e-05   -0.204998 2.00022e-05
1.25935e-05   -0.204998 1.91534e-05 1.53564e-05   -0.204998 2.00024e-05
1.25935e-05   -0.204998 1.91534e-05  1.5354e-05   -0.204998 2.00172e-05
1.25935e-05   -0.204998 1.91534e-05 1.53711e-05   -0.204998 2.00247e-05
1.25935e-05   -0.204998 1.91534e-05 1.53979e-05   -0.204998 2.00256e-05
1.25935e-05   -0.204998 1.91534e-05  1.5415e-05   -0.204998 2.00332e-05
1.25935e-05   -0.204998 1.91534e-05 1.54222e-05   -0.204998 2.00414e-05
1.25935e-05   -0.204998 1.91534e-05 1.54588e-05   -0.204998 2.00418e-05
1.25935e-05   -0.204998 1.91534e-05  1.5476e-05   -0.204998 2.00495e-05
1.25935e-05   -0.204998 1.91534e-05 1.54736e-05   -0.204998 2.00645e-05
1.25935e-05   -0.204998 1.91534e-05 1.55003e-05   -0.204998 2.00656e-05
1.25935e-05   -0.204998 1.91534e-05 1.55174e-05   -0.204998 2.00734e-05
1.25935e-05   -0.204998 1.91534e-05 1.55246e-05   -0.204998 2.00818e-05
1.25935e-05   -0.204998 1.91534e-05 1.55613e-05   -0.204998 2.00825e-05
1.25935e-05   -0.204998 1.91534e-05 1.55784e-05   -0.204998 2.00904e-05
1.25935e-05   -0.204998 1.91534e-05  1.5576e-05   -0.204998 2.01057e-05
1.25935e-05   -0.204998 1.91534e-05 1.56028e-05   -0.204998  2.0107e-05
1.25935e-05   -0.204998 1.91534e-05   1.561e-05   -0.204998 2.01156e-05
1.25935e-05   -0.204998 1.91534e-05 1.56271e-05   -0.204998 2.01237e-05
1.25935e-05   -0.204998 1.91534e-05 1.56442e-05   -0.204998 2.01319e-05
1.25935e-05   -0.204998 1.91534e-05 1.56809e-05   -0.204998 2.01328e-05
1.25935e-05   -0.204998 1.91534e-05 1.56881e-05   -0.204998 2.01416e-05
1.25935e-05   -0.204998 1.91534e-05 1.56857e-05   -0.204998 2.01572e-05
1.25935e-05   -0.204998 1.91534e-05 1.57125e-05   -0.204998 2.01588e-05
1.25935e-05   -0.204998 1.91534e-05 1.57396e-05   -0.204998 2.01666e-05
1.25935e-05   -0.204998 1.91534e-05 1.57468e-05   -0.204998 2.01756e-05
1.25935e-05   -0.204998 1.91534e-05 1.57835e-05   -0.204998 2.01767e-05
1.25935e-05   -0.204998 1.91534e-05 1.57907e-05   -0.204998 2.01858e-05
1.25935e-05   -0.204998 1.91534e-05 1.57883e-05   -0.204998 2.02017e-05
1.25935e-05   -0.204998 1.91534e-05 1.5825e-05  -0.204998 2.0203e-05
1.25935e-05   -0.204998 1.91534e-05 1.58322e-05   -0.204998 2.02122e-05
1.25935e-05   -0.204998 1.91534e-05 1.58493e-05   -0.204998 2.02209e-05
1.25935e-05   -0.204998 1.91534e-05 1.58761e-05   -0.204998  2.0223e-05
1.25935e-05   -0.204998 1.91534e-05 1.58933e-05   -0.204998 2.02318e-05
1.25935e-05   -0.204998 1.91534e-05 1.59104e-05   -0.204998 2.02406e-05
1.25935e-05   -0.204998 1.91534e-05 1.59276e-05   -0.204998 2.02495e-05
1.25935e-05   -0.204998 1.91534e-05 1.59348e-05   -0.204998 2.02591e-05
1.25935e-05   -0.204998 1.91534e-05  1.5952e-05   -0.204998 2.02681e-05
1.25935e-05   -0.204998 1.91534e-05 1.59887e-05   -0.204998 2.02698e-05
1.25935e-05   -0.204998 1.91534e-05 1.59959e-05   -0.204998 2.02795e-05
1.25935e-05   -0.204998 1.91534e-05 1.60131e-05   -0.204998 2.02887e-05
1.25935e-05   -0.204998 1.91534e-05 1.60398e-05   -0.204998 2.02912e-05
1.25935e-05   -0.204998 1.91534e-05 1.60375e-05   -0.204998 2.03078e-05
1.25935e-05   -0.204998 1.91534e-05 1.60546e-05   -0.204998 2.03171e-05
1.25935e-05   -0.204998 1.91534e-05 1.60718e-05   -0.204998 2.03265e-05
1.25935e-05   -0.204998 1.91534e-05 1.60986e-05   -0.204998 2.03293e-05
1.25935e-05   -0.204998 1.91534e-05 1.61158e-05   -0.204998 2.03388e-05
1.25935e-05   -0.204998 1.91534e-05 1.61329e-05   -0.204998 2.03484e-05
1.25935e-05   -0.204998 1.91534e-05 1.61402e-05   -0.204998 2.03586e-05
1.25935e-05   -0.204998 1.91534e-05 1.61573e-05   -0.204998 2.03683e-05
1.25935e-05   -0.204998 1.91534e-05 1.61646e-05   -0.204998 2.03786e-05
1.25935e-05   -0.204998 1.91534e-05 1.62113e-05   -0.204998 2.03805e-05
1.25935e-05   -0.204998 1.91534e-05 1.62185e-05   -0.204998  2.0391e-05
1.25935e-05   -0.204998 1.91534e-05 1.62357e-05   -0.204998 2.04009e-05
1.25935e-05   -0.204998 1.91534e-05 1.62625e-05   -0.204998 2.04042e-05
1.25935e-05   -0.204998 1.91534e-05 1.62601e-05   -0.204998 2.04216e-05
1.25935e-05   -0.204998 1.91534e-05 1.62773e-05   -0.204998 2.04317e-05
1.25935e-05   -0.204998 1.91534e-05 1.63041e-05   -0.204998 2.04352e-05
1.25935e-05   -0.204998 1.91534e-05 1.63213e-05   -0.204998 2.04455e-05
1.25935e-05   -0.204998 1.91534e-05 1.63385e-05   -0.204998 2.04558e-05
1.25935e-05   -0.204998 1.91534e-05 1.63653e-05   -0.204998 2.04595e-05
1.25935e-05   -0.204998 1.91534e-05  1.6363e-05   -0.204998 2.04772e-05
1.25935e-05   -0.204998 1.91534e-05 1.63702e-05   -0.204998 2.04883e-05
1.25935e-05   -0.204998 1.91534e-05 1.64169e-05   -0.204998 2.04911e-05
1.25935e-05   -0.204998 1.91534e-05 1.64242e-05   -0.204998 2.05023e-05
1.25935e-05   -0.204998 1.91534e-05 1.64414e-05   -0.204998 2.05131e-05
1.25935e-05   -0.204998 1.91534e-05 1.64682e-05   -0.204998 2.05172e-05
1.25935e-05   -0.204998 1.91534e-05 1.64854e-05   -0.204998  2.0528e-05
1.25935e-05   -0.204998 1.91534e-05 1.64831e-05   -0.204998 2.05463e-05
1.25935e-05   -0.204998 1.91534e-05 1.65099e-05   -0.204998 2.05506e-05
1.25935e-05   -0.204998 1.91534e-05 1.65271e-05   -0.204998 2.05617e-05
1.25935e-05   -0.204998 1.91534e-05 1.65443e-05   -0.204998 2.05729e-05
1.25935e-05   -0.204998 1.91534e-05 1.65516e-05   -0.204998 2.05847e-05
1.25935e-05   -0.204998 1.91534e-05 1.65884e-05   -0.204998 2.05888e-05
1.25935e-05   -0.204998 1.91534e-05 1.65761e-05   -0.204998  2.0608e-05
1.25935e-05   -0.204998 1.91534e-05 1.66033e-05   -0.204998  2.0619e-05
1.25935e-05   -0.204998 1.91534e-05 1.66301e-05   -0.204998 2.06238e-05
1.25935e-05   -0.204998 1.91534e-05 1.66374e-05   -0.204998  2.0636e-05
1.25935e-05   -0.204998 1.91534e-05 1.66645e-05   -0.204998 2.06472e-05
1.25935e-05   -0.204998 1.91534e-05 1.66914e-05   -0.204998 2.06523e-05
1.25935e-05   -0.204998 1.91534e-05 1.66987e-05   -0.204998 2.06648e-05
1.25935e-05   -0.204998 1.91534e-05 1.66964e-05   -0.204998  2.0684e-05
1.25935e-05   -0.204998 1.91534e-05 1.67332e-05   -0.204998 2.06888e-05
1.25935e-05   -0.204998 1.91534e-05 1.67504e-05   -0.204998 2.07009e-05
1.25935e-05   -0.204998 1.91534e-05 1.67577e-05   -0.204998 2.07137e-05
1.25935e-05   -0.204998 1.91534e-05 1.67945e-05   -0.204998 2.07187e-05
1.25935e-05   -0.204998 1.91534e-05 1.68117e-05   -0.204998 2.07311e-05
1.25935e-05   -0.204998 1.91534e-05 1.67995e-05   -0.204998 2.07515e-05
1.25935e-05   -0.204998 1.91534e-05 1.68363e-05   -0.204998 2.07567e-05
1.25935e-05   -0.204998 1.91534e-05 1.68535e-05   -0.204998 2.07694e-05
1.25935e-05   -0.204998 1.91534e-05 1.68609e-05   -0.204998 2.07827e-05
1.25935e-05   -0.204998 1.91534e-05 1.68977e-05   -0.204998 2.07883e-05
1.25935e-05   -0.204998 1.91534e-05 1.69149e-05   -0.204998 2.08012e-05
1.25935e-05   -0.204998 1.91534e-05 1.69027e-05   -0.204998  2.0822e-05
1.25935e-05   -0.204998 1.91534e-05 1.69395e-05   -0.204998 2.08279e-05
1.25935e-05   -0.204998 1.91534e-05 1.69568e-05   -0.204998 2.08411e-05
1.25935e-05   -0.204998 1.91534e-05  1.6974e-05   -0.204998 2.08543e-05
1.25935e-05   -0.204998 1.91534e-05 1.70009e-05   -0.204998  2.0861e-05
1.25935e-05   -0.204998 1.91534e-05 1.70083e-05   -0.204998 2.08751e-05
1.25935e-05   -0.204998 1.91534e-05 1.70355e-05   -0.204998 2.08881e-05
1.25935e-05   -0.204998 1.91534e-05 1.70428e-05   -0.204998 2.09023e-05
1.25935e-05   -0.204998 1.91534e-05 1.70501e-05   -0.204998 2.09166e-05
1.25935e-05   -0.204998 1.91534e-05 1.70774e-05   -0.204998 2.09299e-05
1.25935e-05   -0.204998 1.91534e-05 1.71043e-05   -0.204998 2.09372e-05
1.25935e-05   -0.204998 1.91534e-05 1.71116e-05   -0.204998 2.09518e-05
1.25935e-05   -0.204998 1.91534e-05 1.71389e-05   -0.204998 2.09654e-05
1.25935e-05   -0.204998 1.91534e-05 1.71462e-05   -0.204998 2.09802e-05
1.25935e-05   -0.204998 1.91534e-05 1.71635e-05   -0.204998 2.09946e-05
1.25935e-05   -0.204998 1.91534e-05 1.71808e-05   -0.204998 2.10091e-05
1.25935e-05   -0.204998 1.91534e-05 1.72077e-05   -0.204998 2.10169e-05
1.25935e-05   -0.204998 1.91534e-05  1.7225e-05   -0.204998 2.10316e-05
1.25935e-05   -0.204998 1.91534e-05 1.72423e-05   -0.204998 2.10464e-05
1.25935e-05   -0.204998 1.91534e-05 1.72497e-05   -0.204998 2.10619e-05
1.25935e-05   -0.204998 1.91534e-05  1.7267e-05   -0.204998 2.10769e-05
1.25935e-05   -0.204998 1.91534e-05 1.72843e-05   -0.204998  2.1092e-05
1.25935e-05   -0.204998 1.91534e-05 1.73112e-05   -0.204998 2.11005e-05
1.25935e-05   -0.204998 1.91534e-05 1.73286e-05   -0.204998 2.11158e-05
1.25935e-05   -0.204998 1.91534e-05 1.73459e-05   -0.204998 2.11312e-05
1.25935e-05   -0.204998 1.91534e-05 1.73533e-05   -0.204998 2.11473e-05
1.25935e-05   -0.204998 1.91534e-05 1.73706e-05   -0.204998  2.1163e-05
1.25935e-05   -0.204998 1.91534e-05 1.73879e-05   -0.204998 2.11787e-05
1.25935e-05   -0.204998 1.91534e-05 1.74149e-05   -0.204998 2.11879e-05
1.25935e-05   -0.204998 1.91534e-05 1.74322e-05   -0.204998 2.12039e-05
1.25935e-05   -0.204998 1.91534e-05 1.74495e-05   -0.204998   2.122e-05
1.25935e-05   -0.204998 1.91534e-05 1.74765e-05   -0.204998 2.12295e-05
1.25935e-05   -0.204998 1.91534e-05 1.74842e-05   -0.204998 2.12525e-05
1.25935e-05   -0.204998 1.91534e-05 1.74916e-05   -0.204998 2.12696e-05
1.25935e-05   -0.204998 1.91534e-05  1.7499e-05   -0.204998 2.12867e-05
1.25935e-05   -0.204998 1.91534e-05 1.75459e-05   -0.204998 2.12955e-05
1.25935e-05   -0.204998 1.91534e-05 1.75533e-05   -0.204998 2.13129e-05
1.25935e-05   -0.204998 1.91534e-05 1.75607e-05   -0.204998 2.13304e-05
1.25935e-05   -0.204998 1.91534e-05 1.75881e-05   -0.204998 2.13469e-05
1.25935e-05   -0.204998 1.91534e-05 1.75955e-05   -0.204998 2.13647e-05
1.25935e-05   -0.204998 1.91534e-05 1.76029e-05   -0.204998 2.13825e-05
1.25935e-05   -0.204998 1.91534e-05 1.76498e-05   -0.204998 2.13921e-05
1.25935e-05   -0.204998 1.91534e-05 1.76572e-05   -0.204998 2.14102e-05
1.25935e-05   -0.204998 1.91534e-05 1.76746e-05   -0.204998 2.14279e-05
1.25935e-05   -0.204998 1.91534e-05  1.7692e-05   -0.204998 2.14457e-05
1.25935e-05   -0.204998 1.91534e-05 1.76994e-05   -0.204998 2.14642e-05
1.25935e-05   -0.204998 1.91534e-05 1.77168e-05   -0.204998 2.14822e-05
1.25935e-05   -0.204998 1.91534e-05 1.77438e-05   -0.204998 2.14937e-05
1.25935e-05   -0.204998 1.91534e-05 1.77612e-05   -0.204998  2.1512e-05
1.25935e-05   -0.204998 1.91534e-05 1.77786e-05   -0.204998 2.15305e-05
1.25935e-05   -0.204998 1.91534e-05 1.77861e-05   -0.204998 2.15496e-05
1.25935e-05   -0.204998 1.91534e-05 1.78135e-05   -0.204998 2.15678e-05
1.25935e-05   -0.204998 1.91534e-05 1.78209e-05   -0.204998 2.15872e-05
1.25935e-05   -0.204998 1.91534e-05  1.7848e-05   -0.204998 2.15994e-05
1.25935e-05   -0.204998 1.91534e-05 1.78753e-05   -0.204998  2.1618e-05
1.25935e-05   -0.204998 1.91534e-05 1.78828e-05   -0.204998 2.16378e-05
1.25935e-05   -0.204998 1.91534e-05 1.79002e-05   -0.204998 2.16572e-05
1.25935e-05   -0.204998 1.91534e-05 1.79077e-05   -0.204998 2.16773e-05
1.25935e-05   -0.204998 1.91534e-05 1.79252e-05   -0.204998  2.1697e-05
1.25935e-05   -0.204998 1.91534e-05 1.79622e-05   -0.204998 2.17095e-05
1.25935e-05   -0.204998 1.91534e-05 1.79697e-05   -0.204998   2.173e-05
1.25935e-05   -0.204998 1.91534e-05 1.79971e-05   -0.204998 2.17495e-05
1.25935e-05   -0.204998 1.91534e-05 1.80046e-05   -0.204998 2.17703e-05
1.25935e-05   -0.204998 1.91534e-05  1.8022e-05   -0.204998 2.17907e-05
1.25935e-05   -0.204998 1.91534e-05 1.80395e-05   -0.204998 2.18112e-05
1.25935e-05   -0.204998 1.91534e-05 1.80666e-05   -0.204998 2.18251e-05
1.25935e-05   -0.204998 1.91534e-05  1.8084e-05   -0.204998 2.18459e-05
1.25935e-05   -0.204998 1.91534e-05 1.80915e-05   -0.204998 2.18675e-05
1.25935e-05   -0.204998 1.91534e-05 1.8119e-05  -0.204998 2.1888e-05
1.25935e-05   -0.204998 1.91534e-05 1.81265e-05   -0.204998 2.19098e-05
1.25935e-05   -0.204998 1.91534e-05  1.8134e-05   -0.204998 2.19318e-05
1.25935e-05   -0.204998 1.91534e-05  1.8181e-05   -0.204998 2.19455e-05
1.25935e-05   -0.204998 1.91534e-05 1.81886e-05   -0.204998 2.19677e-05
1.25935e-05   -0.204998 1.91534e-05 1.82061e-05   -0.204998 2.19896e-05
1.25935e-05   -0.204998 1.91534e-05 1.82136e-05   -0.204998 2.20122e-05
1.25935e-05   -0.204998 1.91534e-05 1.82411e-05   -0.204998 2.20338e-05
1.25935e-05   -0.204998 1.91534e-05 1.82682e-05   -0.204998 2.20494e-05
1.25935e-05   -0.204998 1.91534e-05 1.82857e-05   -0.204998 2.20718e-05
1.25935e-05   -0.204998 1.91534e-05 1.82933e-05   -0.204998  2.2095e-05
1.25935e-05   -0.204998 1.91534e-05 1.83304e-05   -0.204998 2.21105e-05
1.25935e-05   -0.204998 1.91534e-05 1.83283e-05   -0.204998 2.21407e-05
1.25935e-05   -0.204998 1.91534e-05 1.83359e-05   -0.204998 2.21644e-05
1.25935e-05   -0.204998 1.91534e-05  1.8373e-05   -0.204998 2.21804e-05
1.25935e-05   -0.204998 1.91534e-05 1.83906e-05   -0.204998 2.22038e-05
1.25935e-05   -0.204998 1.91534e-05 1.84081e-05   -0.204998 2.22274e-05
1.25935e-05   -0.204998 1.91534e-05 1.84352e-05   -0.204998 2.22444e-05
1.25935e-05   -0.204998 1.91534e-05 1.84432e-05   -0.204998 2.22751e-05
1.25935e-05   -0.204998 1.91534e-05 1.84508e-05   -0.204998 2.22997e-05
1.25935e-05   -0.204998 1.91534e-05 1.84879e-05   -0.204998 2.23167e-05
1.25935e-05   -0.204998 1.91534e-05 1.84955e-05   -0.204998 2.23416e-05
1.25935e-05   -0.204998 1.91534e-05 1.85131e-05   -0.204998 2.23662e-05
1.25935e-05   -0.204998 1.91534e-05 1.85502e-05   -0.204998 2.23837e-05
1.25935e-05   -0.204998 1.91534e-05 1.85383e-05   -0.204998 2.24164e-05
1.25935e-05   -0.204998 1.91534e-05 1.85559e-05   -0.204998 2.24415e-05
1.25935e-05   -0.204998 1.91534e-05 1.85931e-05   -0.204998 2.24595e-05
1.25935e-05   -0.204998 1.91534e-05 1.86106e-05   -0.204998 2.24849e-05
1.25935e-05   -0.204998 1.91534e-05 1.86183e-05   -0.204998 2.25111e-05
1.25935e-05   -0.204998 1.91534e-05 1.86555e-05   -0.204998 2.25296e-05
1.25935e-05   -0.204998 1.91534e-05 1.86535e-05   -0.204998 2.25628e-05
1.25935e-05   -0.204998 1.91534e-05 1.86711e-05   -0.204998 2.25889e-05
1.25935e-05   -0.204998 1.91534e-05 1.86984e-05   -0.204998 2.26085e-05
1.25935e-05   -0.204998 1.91534e-05 1.8716e-05  -0.204998 2.2635e-05
1.25935e-05   -0.204998 1.91534e-05 1.87336e-05   -0.204998 2.26616e-05
1.25935e-05   -0.204998 1.91534e-05 1.87512e-05   -0.204998 2.26885e-05
1.25935e-05   -0.204998 1.91534e-05 1.87589e-05   -0.204998  2.2716e-05
1.25935e-05   -0.204998 1.91534e-05 1.87766e-05   -0.204998 2.27432e-05
1.25935e-05   -0.204998 1.91534e-05 1.88038e-05   -0.204998 2.27639e-05
1.25935e-05   -0.204998 1.91534e-05 1.88314e-05   -0.204998 2.27909e-05
1.25935e-05   -0.204998 1.91534e-05 1.88392e-05   -0.204998 2.28192e-05
1.25935e-05   -0.204998 1.91534e-05 1.88568e-05   -0.204998 2.28471e-05
1.25935e-05   -0.204998 1.91534e-05 1.88645e-05   -0.204998 2.28758e-05
1.25935e-05   -0.204998 1.91534e-05 1.88922e-05   -0.204998 2.29036e-05
1.25935e-05   -0.204998 1.91534e-05 1.89195e-05   -0.204998 2.29253e-05
1.25935e-05   -0.204998 1.91534e-05 1.89371e-05   -0.204998  2.2954e-05
1.25935e-05   -0.204998 1.91534e-05 1.89449e-05   -0.204998 2.29835e-05
1.25935e-05   -0.204998 1.91534e-05 1.89725e-05   -0.204998  2.3012e-05
1.25935e-05   -0.204998 1.91534e-05 1.89803e-05   -0.204998 2.30418e-05
1.25935e-05   -0.204998 1.91534e-05  1.8998e-05   -0.204998 2.30712e-05
1.25935e-05   -0.204998 1.91534e-05 1.90253e-05   -0.204998 2.30941e-05
1.25935e-05   -0.204998 1.91534e-05 1.9043e-05  -0.204998 2.3124e-05
1.25935e-05   -0.204998 1.91534e-05 1.90608e-05   -0.204998  2.3154e-05
1.25935e-05   -0.204998 1.91534e-05 1.90785e-05   -0.204998 2.31842e-05
1.25935e-05   -0.204998 1.91534e-05 1.90962e-05   -0.204998 2.32146e-05
1.25935e-05   -0.204998 1.91534e-05  1.9104e-05   -0.204998 2.32458e-05
1.25935e-05   -0.204998 1.91534e-05 1.91413e-05   -0.204998 2.32694e-05
1.25935e-05   -0.204998 1.91534e-05 1.91591e-05   -0.204998 2.33004e-05
1.25935e-05   -0.204998 1.91534e-05 1.91573e-05   -0.204998 2.33389e-05
1.25935e-05   -0.204998 1.91534e-05 1.91847e-05   -0.204998 2.33636e-05
1.25935e-05   -0.204998 1.91534e-05 1.92025e-05   -0.204998 2.33952e-05
1.25935e-05   -0.204998 1.91534e-05 1.92398e-05   -0.204998 2.34197e-05
1.25935e-05   -0.204998 1.91534e-05 1.92576e-05   -0.204998 2.34518e-05
1.25935e-05   -0.204998 1.91534e-05 1.92654e-05   -0.204998 2.34846e-05
1.25935e-05   -0.204998 1.91534e-05 1.92832e-05   -0.204998  2.3517e-05
1.25935e-05   -0.204998 1.91534e-05  1.9301e-05   -0.204998 2.35497e-05
1.25935e-05   -0.204998 1.91534e-05 1.93188e-05   -0.204998 2.35825e-05
1.25935e-05   -0.204998 1.91534e-05 1.93562e-05   -0.204998 2.36083e-05
1.25935e-05   -0.204998 1.91534e-05 1.93641e-05   -0.204998 2.36422e-05
1.25935e-05   -0.204998 1.91534e-05 1.93623e-05   -0.204998 2.36829e-05
1.25935e-05   -0.204998 1.91534e-05 1.93898e-05   -0.204998 2.37099e-05
1.25935e-05   -0.204998 1.91534e-05 1.94176e-05   -0.204998 2.37433e-05
1.25935e-05   -0.204998 1.91534e-05 1.94354e-05   -0.204998 2.37774e-05
1.25935e-05   -0.204998 1.91534e-05 1.94629e-05   -0.204998  2.3805e-05
1.25935e-05   -0.204998 1.91534e-05 1.94807e-05   -0.204998 2.38396e-05
1.25935e-05   -0.204998 1.91534e-05 1.94691e-05   -0.204998 2.38822e-05
1.25935e-05   -0.204998 1.91534e-05 1.95065e-05   -0.204998 2.39099e-05
1.25935e-05   -0.204998 1.91534e-05 1.95244e-05   -0.204998 2.39451e-05
1.25935e-05   -0.204998 1.91534e-05 1.95423e-05   -0.204998 2.39805e-05
1.25935e-05   -0.204998 1.91534e-05 1.95797e-05   -0.204998 2.40089e-05
1.25935e-05   -0.204998 1.91534e-05 1.95877e-05   -0.204998 2.40453e-05
1.25935e-05   -0.204998 1.91534e-05  1.9586e-05   -0.204998 2.40887e-05
1.25935e-05   -0.204998 1.91534e-05 1.96235e-05   -0.204998 2.41177e-05
1.25935e-05   -0.204998 1.91534e-05 1.96414e-05   -0.204998 2.41543e-05
1.25935e-05   -0.204998 1.91534e-05 1.96593e-05   -0.204998  2.4191e-05
1.25935e-05   -0.204998 1.91534e-05 1.96869e-05   -0.204998 2.42213e-05
1.25935e-05   -0.204998 1.91534e-05 1.96852e-05   -0.204998 2.42658e-05
1.25935e-05   -0.204998 1.91534e-05 1.96932e-05   -0.204998 2.43038e-05
1.25935e-05   -0.204998 1.91534e-05 1.97407e-05   -0.204998 2.43337e-05
1.25935e-05   -0.204998 1.91534e-05 1.97587e-05   -0.204998 2.43716e-05
1.25935e-05   -0.204998 1.91534e-05 1.97667e-05   -0.204998 2.44103e-05
1.25935e-05   -0.204998 1.91534e-05 1.98042e-05   -0.204998 2.44413e-05
1.25935e-05   -0.204998 1.91534e-05 1.97927e-05   -0.204998 2.44878e-05
1.25935e-05   -0.204998 1.91534e-05 1.98402e-05   -0.204998 2.45188e-05
1.25935e-05   -0.204998 1.91534e-05 1.98581e-05   -0.204998 2.45578e-05
1.25935e-05   -0.204998 1.91534e-05 1.98662e-05   -0.204998 2.45977e-05
1.25935e-05   -0.204998 1.91534e-05 1.99038e-05   -0.204998   2.463e-05
1.25935e-05   -0.204998 1.91534e-05 1.99022e-05   -0.204998  2.4677e-05
1.25935e-05   -0.204998 1.91534e-05 1.99103e-05   -0.204998 2.47176e-05
1.25935e-05   -0.204998 1.91534e-05 1.99578e-05   -0.204998   2.475e-05
1.25935e-05   -0.204998 1.91534e-05 1.99759e-05   -0.204998 2.47905e-05
1.25935e-05   -0.204998 1.91534e-05 1.99839e-05   -0.204998 2.48318e-05
1.25935e-05   -0.204998 1.91534e-05  2.0002e-05   -0.204998 2.48728e-05
1.25935e-05   -0.204998 1.91534e-05 2.00101e-05   -0.204998 2.49145e-05
1.25935e-05   -0.204998 1.91534e-05 2.00282e-05   -0.204998  2.4956e-05
1.25935e-05   -0.204998 1.91534e-05 2.00658e-05   -0.204998 2.49904e-05
1.25935e-05   -0.204998 1.91534e-05 2.00839e-05   -0.204998 2.50324e-05
1.25935e-05   -0.204998 1.91534e-05  2.0102e-05   -0.204998 2.50746e-05
1.25935e-05   -0.204998 1.91534e-05 2.01201e-05   -0.204998  2.5117e-05
1.25935e-05   -0.204998 1.91534e-05 2.01282e-05   -0.204998 2.51603e-05
1.25935e-05   -0.204998 1.91534e-05 2.01463e-05   -0.204998 2.52032e-05
1.25935e-05   -0.204998 1.91534e-05  2.0184e-05   -0.204998 2.52391e-05
1.25935e-05   -0.204998 1.91534e-05 2.02021e-05   -0.204998 2.52825e-05
1.25935e-05   -0.204998 1.91534e-05 2.02007e-05   -0.204998 2.53335e-05
1.25935e-05   -0.204998 1.91534e-05 2.02384e-05   -0.204998 2.53702e-05
1.25935e-05   -0.204998 1.91534e-05 2.02466e-05   -0.204998 2.54149e-05
1.25935e-05   -0.204998 1.91534e-05 2.02843e-05   -0.204998 2.54521e-05
1.25935e-05   -0.204998 1.91534e-05 2.03025e-05   -0.204998 2.54968e-05
1.25935e-05   -0.204998 1.91534e-05 2.02912e-05   -0.204998 2.55496e-05
1.25935e-05   -0.204998 1.91534e-05 2.03389e-05   -0.204998  2.5587e-05
1.25935e-05   -0.204998 1.91534e-05 2.03571e-05   -0.204998 2.56325e-05
1.25935e-05   -0.204998 1.91534e-05 2.03653e-05   -0.204998 2.56788e-05
1.25935e-05   -0.204998 1.91534e-05 2.04031e-05   -0.204998 2.57175e-05
1.25935e-05   -0.204998 1.91534e-05 2.04213e-05   -0.204998 2.57637e-05
1.25935e-05   -0.204998 1.91534e-05   2.042e-05   -0.204998 2.58175e-05
1.25935e-05   -0.204998 1.91534e-05 2.04478e-05   -0.204998 2.58576e-05
1.25935e-05   -0.204998 1.91534e-05  2.0476e-05   -0.204998 2.59041e-05
1.25935e-05   -0.204998 1.91534e-05 2.04943e-05   -0.204998 2.59514e-05
1.25935e-05   -0.204998 1.91534e-05 2.05221e-05   -0.204998 2.59922e-05
1.25935e-05   -0.204998 1.91534e-05 2.05208e-05   -0.204998 2.60474e-05
1.25935e-05   -0.204998 1.91534e-05 2.05391e-05   -0.204998 2.60955e-05
1.25935e-05   -0.204998 1.91534e-05  2.0567e-05   -0.204998 2.61371e-05
1.25935e-05   -0.204998 1.91534e-05 2.05853e-05   -0.204998 2.61858e-05
1.25935e-05   -0.204998 1.91534e-05 2.06136e-05   -0.204998 2.62341e-05
1.25935e-05   -0.204998 1.91534e-05 2.06319e-05   -0.204998 2.62833e-05
1.25935e-05   -0.204998 1.91534e-05 2.06402e-05   -0.204998 2.63333e-05
1.25935e-05   -0.204998 1.91534e-05 2.06781e-05   -0.204998 2.63758e-05
1.25935e-05   -0.204998 1.91534e-05 2.06965e-05   -0.204998 2.64258e-05
1.25935e-05   -0.204998 1.91534e-05 2.07049e-05   -0.204998 2.64766e-05
1.25935e-05   -0.204998 1.91534e-05 2.07232e-05   -0.204998 2.65271e-05
1.25935e-05   -0.204998 1.91534e-05 2.07416e-05   -0.204998  2.6578e-05
1.25935e-05   -0.204998 1.91534e-05   2.076e-05   -0.204998 2.66291e-05
1.25935e-05   -0.204998 1.91534e-05 2.07879e-05   -0.204998 2.66737e-05
1.25935e-05   -0.204998 1.91534e-05 2.08063e-05   -0.204998 2.67254e-05
1.25935e-05   -0.204998 1.91534e-05 2.08246e-05   -0.204998 2.67774e-05
1.25935e-05   -0.204998 1.91534e-05 2.08525e-05   -0.204998 2.68229e-05
1.25935e-05   -0.204998 1.91534e-05 2.08608e-05   -0.204998 2.68761e-05
1.25935e-05   -0.204998 1.91534e-05 2.08886e-05   -0.204998 2.69222e-05
1.25935e-05   -0.204998 1.91534e-05 2.09064e-05   -0.204998 2.69692e-05
1.25935e-05   -0.204998 1.91534e-05 2.09242e-05   -0.204998 2.70165e-05
1.25935e-05   -0.204998 1.91534e-05 2.09321e-05   -0.204998 2.70647e-05
1.25935e-05   -0.204998 1.91534e-05 2.09694e-05   -0.204998 2.71053e-05
1.25935e-05   -0.204998 1.91534e-05 2.09674e-05   -0.204998 2.71546e-05
1.25935e-05   -0.204998 1.91534e-05 2.09752e-05   -0.204998 2.72037e-05
1.25935e-05   -0.204998 1.91534e-05 2.09831e-05   -0.204998  2.7253e-05
1.25935e-05   -0.204998 1.91534e-05 2.10202e-05   -0.204998 2.72887e-05
1.25935e-05   -0.204998 1.91534e-05 2.10282e-05   -0.204998 2.73387e-05
1.25935e-05   -0.204998 1.91534e-05 2.10358e-05   -0.204998 2.73828e-05
1.25935e-05   -0.204998 1.91534e-05 2.10534e-05   -0.204998 2.74266e-05
1.25935e-05   -0.204998 1.91534e-05 2.10512e-05   -0.204998 2.74719e-05
1.25935e-05   -0.204998 1.91534e-05 2.10785e-05   -0.204998 2.75096e-05
1.25935e-05   -0.204998 1.91534e-05 2.11059e-05   -0.204998 2.75476e-05
1.25935e-05   -0.204998 1.91534e-05 2.11038e-05   -0.204998 2.75937e-05
1.25935e-05   -0.204998 1.91534e-05 2.11113e-05   -0.204998 2.76335e-05
1.25935e-05   -0.204998 1.91534e-05  2.1119e-05   -0.204998 2.76735e-05
1.25935e-05   -0.204998 1.91534e-05 2.11462e-05   -0.204998 2.77065e-05
1.25935e-05   -0.204998 1.91534e-05  2.1144e-05   -0.204998 2.77477e-05
1.25935e-05   -0.204998 1.91534e-05 2.11419e-05   -0.204998 2.77892e-05
1.25935e-05   -0.204998 1.91534e-05 2.11693e-05   -0.204998 2.78231e-05
1.25935e-05   -0.204998 1.91534e-05 2.11574e-05   -0.204998 2.78658e-05
1.25935e-05   -0.204998 1.91534e-05 2.11651e-05   -0.204998 2.79014e-05
1.25935e-05   -0.204998 1.91534e-05 2.11828e-05   -0.204998 2.79369e-05
1.25935e-05   -0.204998 1.91534e-05 2.11807e-05   -0.204998 2.79737e-05
1.25935e-05   -0.204998 1.91534e-05 2.12082e-05   -0.204998  2.8003e-05
1.25935e-05   -0.204998 1.91534e-05 2.12259e-05   -0.204998 2.80332e-05
1.25935e-05   -0.204998 1.91534e-05 2.12141e-05   -0.204998 2.80716e-05
1.25935e-05   -0.204998 1.91534e-05 2.12319e-05   -0.204998 2.81024e-05
1.25935e-05   -0.204998 1.91534e-05 2.12398e-05   -0.204998 2.81341e-05
1.25935e-05   -0.204998 1.91534e-05 2.12379e-05   -0.204998 2.81666e-05
1.25935e-05   -0.204998 1.91534e-05  2.1246e-05   -0.204998 2.81989e-05
1.25935e-05   -0.204998 1.91534e-05 2.12443e-05   -0.204998 2.82321e-05
1.25935e-05   -0.204998 1.91534e-05 2.12526e-05   -0.204998  2.8265e-05
1.25935e-05   -0.204998 1.91534e-05 2.12607e-05   -0.204998 2.82921e-05
1.25935e-05   -0.204998 1.91534e-05 2.12592e-05   -0.204998 2.83262e-05
1.25935e-05   -0.204998 1.91534e-05 2.12675e-05   -0.204998 2.83539e-05
1.25935e-05   -0.204998 1.91534e-05 2.12659e-05   -0.204998 2.83825e-05
1.25935e-05   -0.204998 1.91534e-05 2.12644e-05   -0.204998 2.84113e-05
1.25935e-05   -0.204998 1.91534e-05 2.12729e-05   -0.204998   2.844e-05
1.25935e-05   -0.204998 1.91534e-05 2.12616e-05   -0.204998 2.84701e-05
1.25935e-05   -0.204998 1.91534e-05 2.12604e-05   -0.204998 2.84999e-05
1.25935e-05   -0.204998 1.91534e-05 2.12788e-05   -0.204998 2.85228e-05
1.25935e-05   -0.204998 1.91534e-05 2.12578e-05   -0.204998 2.85544e-05
1.25935e-05   -0.204998 1.91534e-05  2.1286e-05   -0.204998 2.85712e-05
1.25935e-05   -0.204998 1.91534e-05 2.12751e-05   -0.204998 2.86029e-05
1.25935e-05   -0.204998 1.91534e-05 2.12839e-05   -0.204998 2.86276e-05
1.25935e-05   -0.204998 1.91534e-05 2.12828e-05   -0.204998 2.86533e-05
1.25935e-05   -0.204998 1.91534e-05 2.12818e-05   -0.204998 2.86793e-05
1.25935e-05   -0.204998 1.91534e-05 2.12809e-05   -0.204998 2.87056e-05
1.25935e-05   -0.204998 1.91534e-05 2.12701e-05   -0.204998 2.87328e-05
1.25935e-05   -0.204998 1.91534e-05 2.12693e-05   -0.204998 2.87598e-05
1.25935e-05   -0.204998 1.91534e-05 2.12978e-05   -0.204998 2.87731e-05
1.25935e-05   -0.204998 1.91534e-05 2.12873e-05   -0.204998 2.88013e-05
1.25935e-05   -0.204998 1.91534e-05 2.12768e-05   -0.204998 2.88299e-05
1.25935e-05   -0.204998 1.91534e-05 2.12859e-05   -0.204998 2.88516e-05
1.25935e-05   -0.204998 1.91534e-05 2.12656e-05   -0.204998 2.88814e-05
1.25935e-05   -0.204998 1.91534e-05 2.12749e-05   -0.204998 2.89037e-05
1.25935e-05   -0.204998 1.91534e-05 2.12843e-05   -0.204998 2.89264e-05
1.25935e-05   -0.204998 1.91534e-05 2.12738e-05   -0.204998 2.89506e-05
1.25935e-05   -0.204998 1.91534e-05 2.12833e-05   -0.204998  2.8974e-05
1.25935e-05   -0.204998 1.91534e-05  2.1273e-05   -0.204998 2.89989e-05
1.25935e-05   -0.204998 1.91534e-05 2.12727e-05   -0.204998 2.90236e-05
1.25935e-05   -0.204998 1.91534e-05 2.12625e-05   -0.204998 2.90492e-05
1.25935e-05   -0.204998 1.91534e-05 2.12623e-05   -0.204998 2.90746e-05
1.25935e-05   -0.204998 1.91534e-05 2.12718e-05   -0.204998 2.90937e-05
1.25935e-05   -0.204998 1.91534e-05 2.12618e-05   -0.204998 2.91204e-05
1.25935e-05   -0.204998 1.91534e-05 2.12814e-05   -0.204998 2.91396e-05
1.25935e-05   -0.204998 1.91534e-05 2.12715e-05   -0.204998 2.91671e-05
1.25935e-05   -0.204998 1.91534e-05 2.12518e-05   -0.204998 2.91955e-05
1.25935e-05   -0.204998 1.91534e-05  2.1242e-05   -0.204998 2.92237e-05
1.25935e-05   -0.204998 1.91534e-05 2.12714e-05   -0.204998 2.92377e-05
1.25935e-05   -0.204998 1.91534e-05 2.12618e-05   -0.204998 2.92667e-05
1.25935e-05   -0.204998 1.91534e-05 2.12618e-05   -0.204998 2.92893e-05
1.25935e-05   -0.204998 1.91534e-05 2.12424e-05   -0.204998 2.93196e-05
1.25935e-05   -0.204998 1.91534e-05 2.12525e-05   -0.204998 2.93424e-05
1.25935e-05   -0.204998 1.91534e-05 2.12332e-05   -0.204998 2.93735e-05
1.25935e-05   -0.204998 1.91534e-05  2.1253e-05   -0.204998 2.93904e-05
1.25935e-05   -0.204998 1.91534e-05 2.12532e-05   -0.204998 2.94149e-05
1.25935e-05   -0.204998 1.91534e-05  2.1234e-05   -0.204998 2.94471e-05
1.25935e-05   -0.204998 1.91534e-05 2.12443e-05   -0.204998 2.94719e-05
1.25935e-05   -0.204998 1.91534e-05 2.12348e-05   -0.204998 2.94982e-05
1.25935e-05   -0.204998 1.91534e-05 2.12352e-05   -0.204998 2.95244e-05
1.25935e-05   -0.204998 1.91534e-05 2.12457e-05   -0.204998 2.95504e-05
1.25935e-05   -0.204998 1.91534e-05 2.12362e-05   -0.204998 2.95779e-05
1.25935e-05   -0.204998 1.91534e-05 2.12172e-05   -0.204998 2.96125e-05
1.25935e-05   -0.204998 1.91534e-05 2.12178e-05   -0.204998 2.96403e-05
1.25935e-05   -0.204998 1.91534e-05  2.1238e-05   -0.204998 2.96611e-05
1.25935e-05   -0.204998 1.91534e-05 2.12387e-05   -0.204998 2.96897e-05
1.25935e-05   -0.204998 1.91534e-05 2.12198e-05   -0.204998  2.9726e-05
1.25935e-05   -0.204998 1.91534e-05 2.12106e-05   -0.204998 2.97559e-05
1.25935e-05   -0.204998 1.91534e-05 2.12309e-05   -0.204998 2.97785e-05
1.25935e-05   -0.204998 1.91534e-05 2.12317e-05   -0.204998 2.98087e-05
1.25935e-05   -0.204998 1.91534e-05  2.1213e-05   -0.204998 2.98466e-05
1.25935e-05   -0.204998 1.91534e-05 2.12039e-05   -0.204998 2.98782e-05
1.25935e-05   -0.204998 1.91534e-05 2.12049e-05   -0.204998 2.99097e-05
1.25935e-05   -0.204998 1.91534e-05 2.12154e-05   -0.204998 2.99349e-05
1.25935e-05   -0.204998 1.91534e-05 2.12164e-05   -0.204998 2.99672e-05
1.25935e-05   -0.204998 1.91534e-05 2.11879e-05   -0.204998 3.00078e-05
1.25935e-05   -0.204998 1.91534e-05 2.1189e-05  -0.204998 3.0041e-05
1.25935e-05   -0.204998 1.91534e-05 2.11997e-05   -0.204998 3.00679e-05
1.25935e-05   -0.204998 1.91534e-05 2.11909e-05   -0.204998 3.01025e-05
1.25935e-05   -0.204998 1.91534e-05 2.11921e-05   -0.204998  3.0137e-05
1.25935e-05   -0.204998 1.91534e-05 2.11933e-05   -0.204998 3.01719e-05
1.25935e-05   -0.204998 1.91534e-05 2.12041e-05   -0.204998 3.02005e-05
1.25935e-05   -0.204998 1.91534e-05 2.11955e-05   -0.204998 3.02369e-05
1.25935e-05   -0.204998 1.91534e-05 2.11869e-05   -0.204998 3.02737e-05
1.25935e-05   -0.204998 1.91534e-05 2.11783e-05   -0.204998 3.03109e-05
1.25935e-05   -0.204998 1.91534e-05 2.11992e-05   -0.204998 3.03407e-05
1.25935e-05   -0.204998 1.91534e-05 2.11907e-05   -0.204998 3.03788e-05
1.25935e-05   -0.204998 1.91534e-05 2.11922e-05   -0.204998 3.04168e-05
1.25935e-05   -0.204998 1.91534e-05 2.11837e-05   -0.204998 3.04558e-05
1.25935e-05   -0.204998 1.91534e-05 2.11949e-05   -0.204998  3.0488e-05
1.25935e-05   -0.204998 1.91534e-05 2.11865e-05   -0.204998 3.05279e-05
1.25935e-05   -0.204998 1.91534e-05 2.11781e-05   -0.204998 3.05683e-05
1.25935e-05   -0.204998 1.91534e-05 2.11698e-05   -0.204998 3.06091e-05
1.25935e-05   -0.204998 1.91534e-05  2.1181e-05   -0.204998 3.06431e-05
1.25935e-05   -0.204998 1.91534e-05 2.11728e-05   -0.204998 3.06848e-05
1.25935e-05   -0.204998 1.91534e-05 2.11645e-05   -0.204998  3.0727e-05
1.25935e-05   -0.204998 1.91534e-05 2.11659e-05   -0.204998  3.0763e-05
1.25935e-05   -0.204998 1.91534e-05 2.11772e-05   -0.204998 3.07989e-05
1.25935e-05   -0.204998 1.91534e-05  2.1169e-05   -0.204998 3.08425e-05
1.25935e-05   -0.204998 1.91534e-05 2.11608e-05   -0.204998 3.08866e-05
1.25935e-05   -0.204998 1.91534e-05 2.11526e-05   -0.204998 3.09312e-05
1.25935e-05   -0.204998 1.91534e-05 2.11736e-05   -0.204998 3.09622e-05
1.25935e-05   -0.204998 1.91534e-05 2.11655e-05   -0.204998 3.10077e-05
1.25935e-05   -0.204998 1.91534e-05 2.11574e-05   -0.204998 3.10537e-05
1.25935e-05   -0.204998 1.91534e-05 2.11393e-05   -0.204998 3.11008e-05
1.25935e-05   -0.204998 1.91534e-05 2.11703e-05   -0.204998 3.11332e-05
1.25935e-05   -0.204998 1.91534e-05 2.11623e-05   -0.204998 3.11807e-05
1.25935e-05   -0.204998 1.91534e-05 2.11443e-05   -0.204998 3.12292e-05
1.25935e-05   -0.204998 1.91534e-05 2.11558e-05   -0.204998 3.12704e-05
1.25935e-05   -0.204998 1.91534e-05 2.11378e-05   -0.204998 3.13199e-05
1.25935e-05   -0.204998 1.91534e-05 2.11393e-05   -0.204998 3.13626e-05
1.25935e-05   -0.204998 1.91534e-05 2.11509e-05   -0.204998 3.14052e-05
1.25935e-05   -0.204998 1.91534e-05 2.11329e-05   -0.204998 3.14562e-05
1.25935e-05   -0.204998 1.91534e-05 2.11445e-05   -0.204998 3.14999e-05
1.25935e-05   -0.204998 1.91534e-05 2.11461e-05   -0.204998 3.15446e-05
1.25935e-05   -0.204998 1.91534e-05 2.11281e-05   -0.204998 3.15971e-05
1.25935e-05   -0.204998 1.91534e-05 2.11396e-05   -0.204998 3.16423e-05
1.25935e-05   -0.204998 1.91534e-05 2.11216e-05   -0.204998 3.16958e-05
1.25935e-05   -0.204998 1.91534e-05 2.11136e-05   -0.204998 3.17492e-05
1.25935e-05   -0.204998 1.91534e-05 2.11446e-05   -0.204998 3.17886e-05
1.25935e-05   -0.204998 1.91534e-05 2.11167e-05   -0.204998 3.18443e-05
1.25935e-05   -0.204998 1.91534e-05 2.11086e-05   -0.204998 3.18992e-05
1.25935e-05   -0.204998 1.91534e-05   2.112e-05   -0.204998 3.19475e-05
1.25935e-05   -0.204998 1.91534e-05 2.11315e-05   -0.204998 3.19962e-05
1.25935e-05   -0.204998 1.91534e-05 2.11234e-05   -0.204998 3.20528e-05
1.25935e-05   -0.204998 1.91534e-05 2.10954e-05   -0.204998 3.21109e-05
1.25935e-05   -0.204998 1.91534e-05 2.11263e-05   -0.204998  3.2154e-05
1.25935e-05   -0.204998 1.91534e-05 2.11182e-05   -0.204998 3.22121e-05
1.25935e-05   -0.204998 1.91534e-05 2.11101e-05   -0.204998 3.22707e-05
1.25935e-05   -0.204998 1.91534e-05  2.1092e-05   -0.204998 3.23304e-05
1.25935e-05   -0.204998 1.91534e-05  2.1123e-05   -0.204998 3.23755e-05
1.25935e-05   -0.204998 1.91534e-05 2.11149e-05   -0.204998 3.24357e-05
1.25935e-05   -0.204998 1.91534e-05 2.10968e-05   -0.204998  3.2497e-05
1.25935e-05   -0.204998 1.91534e-05 2.10886e-05   -0.204998 3.25582e-05
1.25935e-05   -0.204998 1.91534e-05 2.11196e-05   -0.204998 3.26054e-05
1.25935e-05   -0.204998 1.91534e-05 2.11015e-05   -0.204998 3.26683e-05
1.25935e-05   -0.204998 1.91534e-05 2.10834e-05   -0.204998 3.27317e-05
1.25935e-05   -0.204998 1.91534e-05 2.10949e-05   -0.204998 3.27878e-05
1.25935e-05   -0.204998 1.91534e-05 2.10963e-05   -0.204998  3.2845e-05
1.25935e-05   -0.204998 1.91534e-05 2.10882e-05   -0.204998 3.29094e-05
1.25935e-05   -0.204998 1.91534e-05 2.10701e-05   -0.204998  3.2975e-05
1.25935e-05   -0.204998 1.91534e-05 2.11011e-05   -0.204998 3.30259e-05
1.25935e-05   -0.204998 1.91534e-05 2.1093e-05  -0.204998 3.3092e-05
1.25935e-05   -0.204998 1.91534e-05  2.1075e-05   -0.204998 3.31591e-05
1.25935e-05   -0.204998 1.91534e-05 2.10669e-05   -0.204998 3.32263e-05
1.25935e-05   -0.204998 1.91534e-05 2.10979e-05   -0.204998 3.32794e-05
1.25935e-05   -0.204998 1.91534e-05 2.10699e-05   -0.204998 3.33487e-05
1.25935e-05   -0.204998 1.91534e-05 2.10619e-05   -0.204998 3.34175e-05
1.25935e-05   -0.204998 1.91534e-05  2.1083e-05   -0.204998 3.34728e-05
1.25935e-05   -0.204998 1.91534e-05 2.10749e-05   -0.204998 3.35426e-05
1.25935e-05   -0.204998 1.91534e-05 2.10669e-05   -0.204998  3.3613e-05
1.25935e-05   -0.204998 1.91534e-05 2.10586e-05   -0.204998 3.36778e-05
1.25935e-05   -0.204998 1.91534e-05 2.10701e-05   -0.204998  3.3742e-05
1.25935e-05   -0.204998 1.91534e-05 2.10817e-05   -0.204998 3.38067e-05
1.25935e-05   -0.204998 1.91534e-05 2.10538e-05   -0.204998 3.38804e-05
1.25935e-05   -0.204998 1.91534e-05 2.10459e-05   -0.204998 3.39535e-05
1.25935e-05   -0.204998 1.91534e-05 2.10771e-05   -0.204998 3.40126e-05
1.25935e-05   -0.204998 1.91534e-05 2.10493e-05   -0.204998  3.4088e-05
1.25935e-05   -0.204998 1.91534e-05 2.10609e-05   -0.204998 3.41555e-05
1.25935e-05   -0.204998 1.91534e-05 2.10332e-05   -0.204998 3.42319e-05
1.25935e-05   -0.204998 1.91534e-05 2.10644e-05   -0.204998 3.42933e-05
1.25935e-05   -0.204998 1.91534e-05 2.10466e-05   -0.204998 3.43703e-05
1.25935e-05   -0.204998 1.91534e-05 2.10484e-05   -0.204998 3.44405e-05
1.25935e-05   -0.204998 1.91534e-05 2.10307e-05   -0.204998 3.45186e-05
1.25935e-05   -0.204998 1.91534e-05  2.1062e-05   -0.204998 3.45822e-05
1.25935e-05   -0.204998 1.91534e-05 2.10344e-05   -0.204998 3.46619e-05
1.25935e-05   -0.204998 1.91534e-05 2.10363e-05   -0.204998 3.47344e-05
1.25935e-05   -0.204998 1.91534e-05 2.10286e-05   -0.204998 3.48142e-05
1.25935e-05   -0.204998 1.91534e-05 2.10501e-05   -0.204998 3.48805e-05
1.25935e-05   -0.204998 1.91534e-05 2.10225e-05   -0.204998 3.49625e-05
1.25935e-05   -0.204998 1.91534e-05 2.10343e-05   -0.204998 3.50367e-05
1.25935e-05   -0.204998 1.91534e-05 2.10068e-05   -0.204998 3.51198e-05
1.25935e-05   -0.204998 1.91534e-05 2.10382e-05   -0.204998 3.51878e-05
1.25935e-05   -0.204998 1.91534e-05 2.10305e-05   -0.204998 3.52709e-05
1.25935e-05   -0.204998 1.91534e-05 2.10224e-05   -0.204998 3.53485e-05
1.25935e-05   -0.204998 1.91534e-05 2.10148e-05   -0.204998 3.54327e-05
1.25935e-05   -0.204998 1.91534e-05 2.10363e-05   -0.204998 3.55035e-05
1.25935e-05   -0.204998 1.91534e-05 2.10186e-05   -0.204998 3.55895e-05
1.25935e-05   -0.204998 1.91534e-05  2.1011e-05   -0.204998 3.56754e-05
1.25935e-05   -0.204998 1.91534e-05 2.10129e-05   -0.204998 3.57552e-05
1.25935e-05   -0.204998 1.91534e-05 2.10249e-05   -0.204998  3.5835e-05
1.25935e-05   -0.204998 1.91534e-05 2.10269e-05   -0.204998 3.59159e-05
1.25935e-05   -0.204998 1.91534e-05 2.10193e-05   -0.204998 3.60041e-05
1.25935e-05   -0.204998 1.91534e-05 2.09918e-05   -0.204998 3.60939e-05
1.25935e-05   -0.204998 1.91534e-05 2.10233e-05   -0.204998 3.61687e-05
1.25935e-05   -0.204998 1.91534e-05 2.10058e-05   -0.204998 3.62592e-05
1.25935e-05   -0.204998 1.91534e-05 2.09983e-05   -0.204998 3.63496e-05
1.25935e-05   -0.204998 1.91534e-05   2.102e-05   -0.204998 3.64266e-05
1.25935e-05   -0.204998 1.91534e-05 2.10125e-05   -0.204998 3.65182e-05
1.25935e-05   -0.204998 1.91534e-05 2.09951e-05   -0.204998 3.66109e-05
1.25935e-05   -0.204998 1.91534e-05 2.10072e-05   -0.204998 3.66964e-05
1.25935e-05   -0.204998 1.91534e-05 2.10194e-05   -0.204998 3.67824e-05
1.25935e-05   -0.204998 1.91534e-05  2.1002e-05   -0.204998 3.68768e-05
1.25935e-05   -0.204998 1.91534e-05 2.10142e-05   -0.204998  3.6964e-05
1.25935e-05   -0.204998 1.91534e-05  2.0987e-05   -0.204998 3.70601e-05
1.25935e-05   -0.204998 1.91534e-05 2.10188e-05   -0.204998 3.71411e-05
1.25935e-05   -0.204998 1.91534e-05 2.10016e-05   -0.204998 3.72378e-05
1.25935e-05   -0.204998 1.91534e-05 2.09944e-05   -0.204998 3.73345e-05
1.25935e-05   -0.204998 1.91534e-05 2.10164e-05   -0.204998 3.74178e-05
1.25935e-05   -0.204998 1.91534e-05 2.10093e-05   -0.204998 3.75156e-05
1.25935e-05   -0.204998 1.91534e-05 2.10018e-05   -0.204998 3.76079e-05
1.25935e-05   -0.204998 1.91534e-05 2.09947e-05   -0.204998 3.77069e-05
1.25935e-05   -0.204998 1.91534e-05 2.10072e-05   -0.204998 3.77992e-05
1.25935e-05   -0.204998 1.91534e-05 2.10098e-05   -0.204998 3.78926e-05
1.25935e-05   -0.204998 1.91534e-05 2.10029e-05   -0.204998 3.79933e-05
1.25935e-05   -0.204998 1.91534e-05 2.09956e-05   -0.204998 3.80884e-05
1.25935e-05   -0.204998 1.91534e-05 2.10083e-05   -0.204998  3.8183e-05
1.25935e-05   -0.204998 1.91534e-05  2.1021e-05   -0.204998 3.82781e-05
1.25935e-05   -0.204998 1.91534e-05 2.09944e-05   -0.204998 3.83822e-05
1.25935e-05   -0.204998 1.91534e-05 2.10072e-05   -0.204998 3.84785e-05
1.25935e-05   -0.204998 1.91534e-05 2.10001e-05   -0.204998 3.85765e-05
1.25935e-05   -0.204998 1.91534e-05  2.1013e-05   -0.204998 3.86739e-05
1.25935e-05   -0.204998 1.91534e-05 2.10064e-05   -0.204998 3.87792e-05
1.25935e-05   -0.204998 1.91534e-05 2.09995e-05   -0.204998 3.88789e-05
1.25935e-05   -0.204998 1.91534e-05 2.10126e-05   -0.204998  3.8978e-05
1.25935e-05   -0.204998 1.91534e-05 2.10157e-05   -0.204998 3.90783e-05
1.25935e-05   -0.204998 1.91534e-05 2.10189e-05   -0.204998 3.91791e-05
1.25935e-05   -0.204998 1.91534e-05 2.10026e-05   -0.204998 3.92879e-05
1.25935e-05   -0.204998 1.91534e-05 2.10255e-05   -0.204998 3.93826e-05
1.25935e-05   -0.204998 1.91534e-05 2.10093e-05   -0.204998 3.94924e-05
1.25935e-05   -0.204998 1.91534e-05 2.10127e-05   -0.204998 3.95956e-05
1.25935e-05   -0.204998 1.91534e-05 2.10161e-05   -0.204998 3.96993e-05
1.25935e-05   -0.204998 1.91534e-05 2.10195e-05   -0.204998 3.98036e-05
1.25935e-05   -0.204998 1.91534e-05  2.1023e-05   -0.204998 3.99084e-05
1.25935e-05   -0.204998 1.91534e-05 2.10169e-05   -0.204998 4.00206e-05
1.25935e-05   -0.204998 1.91534e-05 2.10203e-05   -0.204998 4.01266e-05
1.25935e-05   -0.204998 1.91534e-05 2.10043e-05   -0.204998 4.02405e-05
1.25935e-05   -0.204998 1.91534e-05 2.10274e-05   -0.204998 4.03403e-05
1.25935e-05   -0.204998 1.91534e-05 2.10214e-05   -0.204998 4.04548e-05
1.25935e-05   -0.204998 1.91534e-05 2.10349e-05   -0.204998 4.05625e-05
1.25935e-05   -0.204998 1.91534e-05 2.10386e-05   -0.204998 4.06714e-05
1.25935e-05   -0.204998 1.91534e-05 2.10522e-05   -0.204998 4.07803e-05
1.25935e-05   -0.204998 1.91534e-05 2.10463e-05   -0.204998 4.08971e-05
1.25935e-05   -0.204998 1.91534e-05 2.10206e-05   -0.204998 4.10155e-05
1.25935e-05   -0.204998 1.91534e-05 2.10539e-05   -0.204998 4.11189e-05
1.25935e-05   -0.204998 1.91534e-05 2.10481e-05   -0.204998 4.12373e-05
1.25935e-05   -0.204998 1.91534e-05 2.10619e-05   -0.204998 4.13491e-05
1.25935e-05   -0.204998 1.91534e-05 2.10463e-05   -0.204998 4.14693e-05
1.25935e-05   -0.204998 1.91534e-05 2.10602e-05   -0.204998 4.15823e-05
1.25935e-05   -0.204998 1.91534e-05 2.10641e-05   -0.204998 4.16964e-05
1.25935e-05   -0.204998 1.91534e-05 2.10585e-05   -0.204998 4.18178e-05
1.25935e-05   -0.204998 1.91534e-05  2.1043e-05   -0.204998 4.19403e-05
1.25935e-05   -0.204998 1.91534e-05 2.10765e-05   -0.204998 4.20483e-05
1.25935e-05   -0.204998 1.91534e-05 2.10611e-05   -0.204998  4.2172e-05
1.25935e-05   -0.204998 1.91534e-05 2.10851e-05   -0.204998 4.22879e-05
1.25935e-05   -0.204998 1.91534e-05 2.10697e-05   -0.204998 4.24128e-05
1.25935e-05   -0.204998 1.91534e-05 2.10839e-05   -0.204998 4.25304e-05
1.25935e-05   -0.204998 1.91534e-05 2.10881e-05   -0.204998 4.26492e-05
1.25935e-05   -0.204998 1.91534e-05 2.10828e-05   -0.204998 4.27753e-05
1.25935e-05   -0.204998 1.91534e-05 2.10871e-05   -0.204998 4.28953e-05
1.25935e-05   -0.204998 1.91534e-05 2.11014e-05   -0.204998 4.30153e-05
1.25935e-05   -0.204998 1.91534e-05 2.11057e-05   -0.204998 4.31364e-05
1.25935e-05   -0.204998 1.91534e-05 2.11006e-05   -0.204998 4.32649e-05
1.25935e-05   -0.204998 1.91534e-05  2.1105e-05   -0.204998 4.33872e-05
1.25935e-05   -0.204998 1.91534e-05 2.11195e-05   -0.204998 4.35096e-05
1.25935e-05   -0.204998 1.91534e-05  2.1124e-05   -0.204998 4.36331e-05
1.25935e-05   -0.204998 1.91534e-05  2.1119e-05   -0.204998 4.37639e-05
1.25935e-05   -0.204998 1.91534e-05 2.11236e-05   -0.204998 4.38886e-05
1.25935e-05   -0.204998 1.91534e-05 2.11382e-05   -0.204998 4.40134e-05
1.25935e-05   -0.204998 1.91534e-05 2.11429e-05   -0.204998 4.41393e-05
1.25935e-05   -0.204998 1.91534e-05 2.11281e-05   -0.204998  4.4273e-05
1.25935e-05   -0.204998 1.91534e-05 2.11329e-05   -0.204998 4.44001e-05
1.25935e-05   -0.204998 1.91534e-05 2.11477e-05   -0.204998 4.45272e-05
1.25935e-05   -0.204998 1.91534e-05 2.11526e-05   -0.204998 4.46555e-05
1.25935e-05   -0.204998 1.91534e-05 2.11574e-05   -0.204998 4.47844e-05
1.25935e-05   -0.204998 1.91534e-05 2.11623e-05   -0.204998 4.49139e-05
1.25935e-05   -0.204998 1.91534e-05 2.11576e-05   -0.204998 4.50507e-05
1.25935e-05   -0.204998 1.91534e-05 2.11625e-05   -0.204998 4.51813e-05
1.25935e-05   -0.204998 1.91534e-05 2.11773e-05   -0.204998  4.5312e-05
1.25935e-05   -0.204998 1.91534e-05 2.11822e-05   -0.204998 4.54439e-05
1.25935e-05   -0.204998 1.91534e-05 2.11775e-05   -0.204998 4.55831e-05
1.25935e-05   -0.204998 1.91534e-05 2.11824e-05   -0.204998 4.57161e-05
1.25935e-05   -0.204998 1.91534e-05 2.11973e-05   -0.204998 4.58492e-05
1.25935e-05   -0.204998 1.91534e-05 2.12023e-05   -0.204998 4.59835e-05
1.25935e-05   -0.204998 1.91534e-05 2.11877e-05   -0.204998 4.61256e-05
1.25935e-05   -0.204998 1.91534e-05 2.12026e-05   -0.204998 4.62605e-05
1.25935e-05   -0.204998 1.91534e-05  2.1198e-05   -0.204998 4.64033e-05
1.25935e-05   -0.204998 1.91534e-05 2.12325e-05   -0.204998 4.65321e-05
1.25935e-05   -0.204998 1.91534e-05  2.1218e-05   -0.204998 4.66766e-05
1.25935e-05   -0.204998 1.91534e-05 2.12331e-05   -0.204998 4.68139e-05
1.25935e-05   -0.204998 1.91534e-05 2.12186e-05   -0.204998 4.69596e-05
1.25935e-05   -0.204998 1.91534e-05 2.12532e-05   -0.204998 4.70908e-05
1.25935e-05   -0.204998 1.91534e-05 2.12388e-05   -0.204998 4.72377e-05
1.25935e-05   -0.204998 1.91534e-05  2.1254e-05   -0.204998 4.73774e-05
1.25935e-05   -0.204998 1.91534e-05 2.12496e-05   -0.204998  4.7525e-05
1.25935e-05   -0.204998 1.91534e-05 2.12744e-05   -0.204998 4.76592e-05
1.25935e-05   -0.204998 1.91534e-05 2.12701e-05   -0.204998 4.78079e-05
1.25935e-05   -0.204998 1.91534e-05 2.12754e-05   -0.204998 4.79506e-05
1.25935e-05   -0.204998 1.91534e-05 2.12711e-05   -0.204998 4.81005e-05
1.25935e-05   -0.204998 1.91534e-05 2.12765e-05   -0.204998 4.82444e-05
1.25935e-05   -0.204998 1.91534e-05 2.12919e-05   -0.204998 4.83883e-05
1.25935e-05   -0.204998 1.91534e-05 2.12973e-05   -0.204998 4.85333e-05
1.25935e-05   -0.204998 1.91534e-05 2.12932e-05   -0.204998 4.86856e-05
1.25935e-05   -0.204998 1.91534e-05 2.12987e-05   -0.204998 4.88319e-05
1.25935e-05   -0.204998 1.91534e-05 2.13143e-05   -0.204998 4.89782e-05
1.25935e-05   -0.204998 1.91534e-05 2.13199e-05   -0.204998 4.91256e-05
1.25935e-05   -0.204998 1.91534e-05 2.13355e-05   -0.204998 4.92731e-05
1.25935e-05   -0.204998 1.91534e-05 2.13216e-05   -0.204998  4.9429e-05
1.25935e-05   -0.204998 1.91534e-05 2.13273e-05   -0.204998 4.95782e-05
1.25935e-05   -0.204998 1.91534e-05 2.13431e-05   -0.204998 4.97274e-05
1.25935e-05   -0.204998 1.91534e-05 2.13489e-05   -0.204998 4.98779e-05
1.25935e-05   -0.204998 1.91534e-05 2.13647e-05   -0.204998 5.00283e-05
1.25935e-05   -0.204998 1.91534e-05 2.13705e-05   -0.204998 5.01799e-05
1.25935e-05   -0.204998 1.91534e-05 2.13667e-05   -0.204998 5.03388e-05
1.25935e-05   -0.204998 1.91534e-05 2.13725e-05   -0.204998 5.04916e-05
1.25935e-05   -0.204998 1.91534e-05 2.13883e-05   -0.204998 5.06444e-05
1.25935e-05   -0.204998 1.91534e-05 2.13941e-05   -0.204998 5.07984e-05
1.25935e-05   -0.204998 1.91534e-05 2.13903e-05   -0.204998 5.09596e-05
1.25935e-05   -0.204998 1.91534e-05 2.13962e-05   -0.204998 5.11148e-05
1.25935e-05   -0.204998 1.91534e-05 2.1412e-05  -0.204998  5.127e-05
1.25935e-05   -0.204998 1.91534e-05 2.14179e-05   -0.204998 5.14263e-05
1.25935e-05   -0.204998 1.91534e-05 2.14142e-05   -0.204998 5.15899e-05
1.25935e-05   -0.204998 1.91534e-05   2.143e-05   -0.204998 5.17468e-05
1.25935e-05   -0.204998 1.91534e-05 2.14263e-05   -0.204998 5.19116e-05
1.25935e-05   -0.204998 1.91534e-05 2.14518e-05   -0.204998  5.2063e-05
1.25935e-05   -0.204998 1.91534e-05 2.14482e-05   -0.204998  5.2229e-05
1.25935e-05   -0.204998 1.91534e-05 2.14642e-05   -0.204998 5.23883e-05
1.25935e-05   -0.204998 1.91534e-05 2.14606e-05   -0.204998 5.25554e-05
1.25935e-05   -0.204998 1.91534e-05 2.14862e-05   -0.204998 5.27092e-05
1.25935e-05   -0.204998 1.91534e-05 2.14926e-05   -0.204998 5.28769e-05
1.25935e-05   -0.204998 1.91534e-05 2.14987e-05   -0.204998 5.30391e-05
1.25935e-05   -0.204998 1.91534e-05 2.14953e-05   -0.204998 5.32085e-05
1.25935e-05   -0.204998 1.91534e-05 2.15014e-05   -0.204998 5.33719e-05
1.25935e-05   -0.204998 1.91534e-05 2.15276e-05   -0.204998 5.35346e-05
1.25935e-05   -0.204998 1.91534e-05 2.15338e-05   -0.204998 5.36991e-05
1.25935e-05   -0.204998 1.91534e-05 2.15305e-05   -0.204998 5.38709e-05
1.25935e-05   -0.204998 1.91534e-05 2.15368e-05   -0.204998 5.40365e-05
1.25935e-05   -0.204998 1.91534e-05 2.15435e-05   -0.204998 5.42089e-05
1.25935e-05   -0.204998 1.91534e-05 2.15794e-05   -0.204998 5.43679e-05
1.25935e-05   -0.204998 1.91534e-05 2.15663e-05   -0.204998 5.45425e-05
1.25935e-05   -0.204998 1.91534e-05 2.15827e-05   -0.204998 5.47099e-05
1.25935e-05   -0.204998 1.91534e-05 2.15696e-05   -0.204998 5.48857e-05
1.25935e-05   -0.204998 1.91534e-05 2.16057e-05   -0.204998 5.50469e-05
1.25935e-05   -0.204998 1.91534e-05 2.15928e-05   -0.204998 5.52238e-05
1.25935e-05   -0.204998 1.91534e-05 2.16093e-05   -0.204998 5.53935e-05
1.25935e-05   -0.204998 1.91534e-05 2.16064e-05   -0.204998 5.55709e-05
1.25935e-05   -0.204998 1.91534e-05 2.16132e-05   -0.204998 5.57423e-05
1.25935e-05   -0.204998 1.91534e-05 2.16494e-05   -0.204998 5.59064e-05
1.25935e-05   -0.204998 1.91534e-05 2.16367e-05   -0.204998 5.60861e-05
1.25935e-05   -0.204998 1.91534e-05 2.16535e-05   -0.204998 5.62586e-05
1.25935e-05   -0.204998 1.91534e-05 2.16509e-05   -0.204998 5.64389e-05
1.25935e-05   -0.204998 1.91534e-05 2.16578e-05   -0.204998  5.6613e-05
1.25935e-05   -0.204998 1.91534e-05 2.16747e-05   -0.204998 5.67872e-05
1.25935e-05   -0.204998 1.91534e-05 2.16916e-05   -0.204998 5.69619e-05
1.25935e-05   -0.204998 1.91534e-05 2.16986e-05   -0.204998 5.71377e-05
1.25935e-05   -0.204998 1.91534e-05  2.1696e-05   -0.204998 5.73208e-05
1.25935e-05   -0.204998 1.91534e-05 2.17029e-05   -0.204998 5.74977e-05
1.25935e-05   -0.204998 1.91534e-05 2.17298e-05   -0.204998 5.76741e-05
1.25935e-05   -0.204998 1.91534e-05 2.17468e-05   -0.204998 5.78516e-05
1.25935e-05   -0.204998 1.91534e-05 2.17538e-05   -0.204998 5.80301e-05
1.25935e-05   -0.204998 1.91534e-05 2.17512e-05   -0.204998  5.8216e-05
1.25935e-05   -0.204998 1.91534e-05 2.17486e-05   -0.204998 5.84024e-05
1.25935e-05   -0.204998 1.91534e-05 2.17851e-05   -0.204998 5.85748e-05
1.25935e-05   -0.204998 1.91534e-05 2.17826e-05   -0.204998 5.87622e-05
1.25935e-05   -0.204998 1.91534e-05 2.17997e-05   -0.204998  5.8943e-05
1.25935e-05   -0.204998 1.91534e-05 2.17972e-05   -0.204998 5.91315e-05
1.25935e-05   -0.204998 1.91534e-05 2.18142e-05   -0.204998 5.93134e-05
1.25935e-05   -0.204998 1.91534e-05 2.18314e-05   -0.204998 5.94957e-05
1.25935e-05   -0.204998 1.91534e-05 2.18485e-05   -0.204998 5.96786e-05
1.25935e-05   -0.204998 1.91534e-05 2.18461e-05   -0.204998 5.98694e-05
1.25935e-05   -0.204998 1.91534e-05 2.18438e-05   -0.204998 6.00606e-05
1.25935e-05   -0.204998 1.91534e-05  2.1861e-05   -0.204998 6.02451e-05
1.25935e-05   -0.204998 1.91534e-05 2.18782e-05   -0.204998 6.04302e-05
1.25935e-05   -0.204998 1.91534e-05 2.18955e-05   -0.204998 6.06158e-05
1.25935e-05   -0.204998 1.91534e-05 2.18933e-05   -0.204998 6.08092e-05
1.25935e-05   -0.204998 1.91534e-05 2.19011e-05   -0.204998 6.10025e-05
1.25935e-05   -0.204998 1.91534e-05 2.19281e-05   -0.204998  6.1183e-05
1.25935e-05   -0.204998 1.91534e-05 2.19359e-05   -0.204998 6.13774e-05
1.25935e-05   -0.204998 1.91534e-05 2.19435e-05   -0.204998 6.15662e-05
1.25935e-05   -0.204998 1.91534e-05 2.19414e-05   -0.204998 6.17622e-05
1.25935e-05   -0.204998 1.91534e-05 2.19689e-05   -0.204998 6.19509e-05
1.25935e-05   -0.204998 1.91534e-05 2.19766e-05   -0.204998 6.21413e-05
1.25935e-05   -0.204998 1.91534e-05 2.20042e-05   -0.204998  6.2331e-05
1.25935e-05   -0.204998 1.91534e-05 2.20023e-05   -0.204998 6.25291e-05
1.25935e-05   -0.204998 1.91534e-05 2.20101e-05   -0.204998  6.2721e-05
1.25935e-05   -0.204998 1.91534e-05 2.20183e-05   -0.204998 6.29196e-05
1.25935e-05   -0.204998 1.91534e-05 2.20457e-05   -0.204998 6.31053e-05
1.25935e-05   -0.204998 1.91534e-05  2.2044e-05   -0.204998 6.33055e-05
1.25935e-05   -0.204998 1.91534e-05 2.20719e-05   -0.204998 6.34983e-05
1.25935e-05   -0.204998 1.91534e-05 2.20703e-05   -0.204998 6.36995e-05
1.25935e-05   -0.204998 1.91534e-05 2.20784e-05   -0.204998 6.38945e-05
1.25935e-05   -0.204998 1.91534e-05 2.20964e-05   -0.204998 6.40895e-05
1.25935e-05   -0.204998 1.91534e-05 2.21146e-05   -0.204998 6.42849e-05
1.25935e-05   -0.204998 1.91534e-05 2.21032e-05   -0.204998 6.44888e-05
1.25935e-05   -0.204998 1.91534e-05 2.21314e-05   -0.204998 6.46847e-05
1.25935e-05   -0.204998 1.91534e-05 2.21496e-05   -0.204998 6.48816e-05
1.25935e-05   -0.204998 1.91534e-05 2.21679e-05   -0.204998 6.50791e-05
1.25935e-05   -0.204998 1.91534e-05 2.21764e-05   -0.204998 6.52776e-05
1.25935e-05   -0.204998 1.91534e-05 2.21752e-05   -0.204998 6.54834e-05
1.25935e-05   -0.204998 1.91534e-05 2.21936e-05   -0.204998 6.56823e-05
1.25935e-05   -0.204998 1.91534e-05  2.2212e-05   -0.204998 6.58818e-05
1.25935e-05   -0.204998 1.91534e-05 2.22009e-05   -0.204998 6.60896e-05
1.25935e-05   -0.204998 1.91534e-05 2.22389e-05   -0.204998 6.62828e-05
1.25935e-05   -0.204998 1.91534e-05 2.22477e-05   -0.204998 6.64905e-05
1.25935e-05   -0.204998 1.91534e-05 2.22561e-05   -0.204998 6.66925e-05
1.25935e-05   -0.204998 1.91534e-05  2.2265e-05   -0.204998 6.69011e-05
1.25935e-05   -0.204998 1.91534e-05 2.22834e-05   -0.204998 6.71035e-05
1.25935e-05   -0.204998 1.91534e-05 2.23018e-05   -0.204998 6.73064e-05
1.25935e-05   -0.204998 1.91534e-05 2.23203e-05   -0.204998 6.75098e-05
1.25935e-05   -0.204998 1.91534e-05 2.23192e-05   -0.204998  6.7721e-05
1.25935e-05   -0.204998 1.91534e-05 2.23281e-05   -0.204998  6.7932e-05
1.25935e-05   -0.204998 1.91534e-05 2.23466e-05   -0.204998 6.81369e-05
1.25935e-05   -0.204998 1.91534e-05 2.23651e-05   -0.204998 6.83422e-05
1.25935e-05   -0.204998 1.91534e-05 2.23936e-05   -0.204998 6.85475e-05
1.25935e-05   -0.204998 1.91534e-05 2.23827e-05   -0.204998 6.87616e-05
1.25935e-05   -0.204998 1.91534e-05 2.23917e-05   -0.204998 6.89751e-05
1.25935e-05   -0.204998 1.91534e-05 2.24202e-05   -0.204998 6.91818e-05
1.25935e-05   -0.204998 1.91534e-05 2.24289e-05   -0.204998 6.93901e-05
1.25935e-05   -0.204998 1.91534e-05  2.2438e-05   -0.204998 6.96051e-05
1.25935e-05   -0.204998 1.91534e-05 2.24667e-05   -0.204998 6.98132e-05
1.25935e-05   -0.204998 1.91534e-05 2.24559e-05   -0.204998 7.00302e-05
1.25935e-05   -0.204998 1.91534e-05 2.25042e-05   -0.204998  7.0232e-05
1.25935e-05   -0.204998 1.91534e-05 2.25134e-05   -0.204998 7.04489e-05
1.25935e-05   -0.204998 1.91534e-05 2.25127e-05   -0.204998 7.06667e-05
1.25935e-05   -0.204998 1.91534e-05 2.25415e-05   -0.204998 7.08772e-05
1.25935e-05   -0.204998 1.91534e-05 2.25508e-05   -0.204998 7.10955e-05
1.25935e-05   -0.204998 1.91534e-05 2.25602e-05   -0.204998 7.13142e-05
1.25935e-05   -0.204998 1.91534e-05 2.25891e-05   -0.204998 7.15261e-05
1.25935e-05   -0.204998 1.91534e-05 2.2579e-05  -0.204998 7.1753e-05
1.25935e-05   -0.204998 1.91534e-05 2.26179e-05   -0.204998 7.19653e-05
1.25935e-05   -0.204998 1.91534e-05 2.26374e-05   -0.204998 7.21852e-05
1.25935e-05   -0.204998 1.91534e-05 2.26373e-05   -0.204998 7.24129e-05
1.25935e-05   -0.204998 1.91534e-05 2.26863e-05   -0.204998  7.2626e-05
1.25935e-05   -0.204998 1.91534e-05 2.26863e-05   -0.204998 7.28546e-05
1.25935e-05   -0.204998 1.91534e-05 2.26963e-05   -0.204998 7.30831e-05
1.25935e-05   -0.204998 1.91534e-05 2.27259e-05   -0.204998 7.33048e-05
1.25935e-05   -0.204998 1.91534e-05 2.27459e-05   -0.204998 7.35337e-05
1.25935e-05   -0.204998 1.91534e-05 2.2766e-05  -0.204998 7.3763e-05
1.25935e-05   -0.204998 1.91534e-05 2.27762e-05   -0.204998 7.39933e-05
1.25935e-05   -0.204998 1.91534e-05 2.27868e-05   -0.204998 7.42302e-05
1.25935e-05   -0.204998 1.91534e-05 2.28265e-05   -0.204998 7.44536e-05
1.25935e-05   -0.204998 1.91534e-05 2.28471e-05   -0.204998 7.46908e-05
1.25935e-05   -0.204998 1.91534e-05 2.28873e-05   -0.204998 7.49213e-05
1.25935e-05   -0.204998 1.91534e-05 2.28981e-05   -0.204998   7.516e-05
1.25935e-05   -0.204998 1.91534e-05 2.29288e-05   -0.204998  7.5398e-05
1.25935e-05   -0.204998 1.91534e-05 2.29396e-05   -0.204998 7.56376e-05
1.25935e-05   -0.204998 1.91534e-05 2.29704e-05   -0.204998 7.58765e-05
1.25935e-05   -0.204998 1.91534e-05 2.30012e-05   -0.204998 7.61158e-05
1.25935e-05   -0.204998 1.91534e-05 2.30125e-05   -0.204998 7.63629e-05
1.25935e-05   -0.204998 1.91534e-05 2.30435e-05   -0.204998 7.66031e-05
1.25935e-05   -0.204998 1.91534e-05 2.30748e-05   -0.204998 7.68499e-05
1.25935e-05   -0.204998 1.91534e-05 2.31058e-05   -0.204998  7.7091e-05
1.25935e-05   -0.204998 1.91534e-05 2.31176e-05   -0.204998  7.7346e-05
1.25935e-05   -0.204998 1.91534e-05 2.31587e-05   -0.204998 7.75874e-05
1.25935e-05   -0.204998 1.91534e-05 2.32097e-05   -0.204998 7.78287e-05
1.25935e-05   -0.204998 1.91534e-05 2.32117e-05   -0.204998 7.80856e-05
1.25935e-05   -0.204998 1.91534e-05 2.32433e-05   -0.204998  7.8335e-05
1.25935e-05   -0.204998 1.91534e-05 2.32749e-05   -0.204998 7.85849e-05
1.25935e-05   -0.204998 1.91534e-05 2.33165e-05   -0.204998 7.88347e-05
1.25935e-05   -0.204998 1.91534e-05 2.33287e-05   -0.204998 7.90927e-05
1.25935e-05   -0.204998 1.91534e-05 2.33704e-05   -0.204998 7.93434e-05
1.25935e-05   -0.204998 1.91534e-05 2.34022e-05   -0.204998  7.9595e-05
1.25935e-05   -0.204998 1.91534e-05 2.34245e-05   -0.204998 7.98538e-05
1.25935e-05   -0.204998 1.91534e-05 2.34567e-05   -0.204998 8.01124e-05
1.25935e-05   -0.204998 1.91534e-05 2.34887e-05   -0.204998 8.03653e-05
1.25935e-05   -0.204998 1.91534e-05 2.35211e-05   -0.204998 8.06248e-05
1.25935e-05   -0.204998 1.91534e-05 2.35435e-05   -0.204998 8.08853e-05
1.25935e-05   -0.204998 1.91534e-05 2.35955e-05   -0.204998 8.11384e-05
1.25935e-05   -0.204998 1.91534e-05  2.3628e-05   -0.204998 8.13992e-05
1.25935e-05   -0.204998 1.91534e-05 2.36606e-05   -0.204998 8.16604e-05
1.25935e-05   -0.204998 1.91534e-05 2.36833e-05   -0.204998 8.19226e-05
1.25935e-05   -0.204998 1.91534e-05 2.37454e-05   -0.204998 8.21768e-05
1.25935e-05   -0.204998 1.91534e-05 2.37682e-05   -0.204998 8.24399e-05
1.25935e-05   -0.204998 1.91534e-05 2.37914e-05   -0.204998 8.27095e-05
1.25935e-05   -0.204998 1.91534e-05 2.38143e-05   -0.204998 8.29734e-05
1.25935e-05   -0.204998 1.91534e-05 2.38767e-05   -0.204998 8.32294e-05
1.25935e-05   -0.204998 1.91534e-05 2.39096e-05   -0.204998 8.34935e-05
1.25935e-05   -0.204998 1.91534e-05 2.39526e-05   -0.204998 8.37576e-05
1.25935e-05   -0.204998 1.91534e-05 2.39857e-05   -0.204998 8.40226e-05
1.25935e-05   -0.204998 1.91534e-05 2.39992e-05   -0.204998 8.42954e-05
1.25935e-05   -0.204998 1.91534e-05 2.40324e-05   -0.204998 8.45613e-05
1.25935e-05   -0.204998 1.91534e-05 2.40756e-05   -0.204998  8.4827e-05
1.25935e-05   -0.204998 1.91534e-05  2.4109e-05   -0.204998 8.50937e-05
1.25935e-05   -0.204998 1.91534e-05 2.41523e-05   -0.204998 8.53603e-05
1.25935e-05   -0.204998 1.91534e-05 2.41857e-05   -0.204998 8.56278e-05
1.25935e-05   -0.204998 1.91534e-05 2.42292e-05   -0.204998 8.58952e-05
1.25935e-05   -0.204998 1.91534e-05 2.42628e-05   -0.204998 8.61636e-05
1.25935e-05   -0.204998 1.91534e-05 2.43064e-05   -0.204998 8.64319e-05
1.25935e-05   -0.204998 1.91534e-05   2.435e-05   -0.204998 8.67005e-05
1.25935e-05   -0.204998 1.91534e-05 2.43838e-05   -0.204998 8.69702e-05
1.25935e-05   -0.204998 1.91534e-05 2.44276e-05   -0.204998 8.72397e-05
1.25935e-05   -0.204998 1.91534e-05 2.44516e-05   -0.204998 8.75107e-05
1.25935e-05   -0.204998 1.91534e-05  2.4476e-05   -0.204998 8.77883e-05
1.25935e-05   -0.204998 1.91534e-05   2.452e-05   -0.204998 8.80591e-05
1.25935e-05   -0.204998 1.91534e-05 2.45541e-05   -0.204998 8.83308e-05
1.25935e-05   -0.204998 1.91534e-05 2.45883e-05   -0.204998 8.86029e-05
1.25935e-05   -0.204998 1.91534e-05 2.46325e-05   -0.204998 8.88749e-05
1.25935e-05   -0.204998 1.91534e-05 2.46669e-05   -0.204998 8.91479e-05
1.25935e-05   -0.204998 1.91534e-05 2.47208e-05   -0.204998  8.9414e-05
1.25935e-05   -0.204998 1.91534e-05 2.47553e-05   -0.204998 8.96877e-05
1.25935e-05   -0.204998 1.91534e-05 2.47899e-05   -0.204998 8.99619e-05
1.25935e-05   -0.204998 1.91534e-05 2.48245e-05   -0.204998 9.02366e-05
1.25935e-05   -0.204998 1.91534e-05 2.48492e-05   -0.204998 9.05121e-05
1.25935e-05   -0.204998 1.91534e-05 2.48839e-05   -0.204998 9.07875e-05
1.25935e-05   -0.204998 1.91534e-05 2.49284e-05   -0.204998 9.10566e-05
1.25935e-05   -0.204998 1.91534e-05 2.49632e-05   -0.204998 9.13328e-05
1.25935e-05   -0.204998 1.91534e-05 2.49882e-05   -0.204998   9.161e-05
1.25935e-05   -0.204998 1.91534e-05 2.50524e-05   -0.204998 9.18731e-05
1.25935e-05   -0.204998 1.91534e-05 2.50776e-05   -0.204998 9.21511e-05
1.25935e-05   -0.204998 1.91534e-05 2.51223e-05   -0.204998 9.24222e-05
1.25935e-05   -0.204998 1.91534e-05 2.51476e-05   -0.204998 9.27011e-05
1.25935e-05   -0.204998 1.91534e-05 2.51826e-05   -0.204998 9.29736e-05
1.25935e-05   -0.204998 1.91534e-05  2.5208e-05   -0.204998 9.32532e-05
1.25935e-05   -0.204998 1.91534e-05 2.52726e-05   -0.204998 9.35187e-05
1.25935e-05   -0.204998 1.91534e-05 2.53077e-05   -0.204998 9.37925e-05
1.25935e-05   -0.204998 1.91534e-05  2.5343e-05   -0.204998 9.40666e-05
1.25935e-05   -0.204998 1.91534e-05 2.53587e-05   -0.204998 9.43484e-05
1.25935e-05   -0.204998 1.91534e-05 2.54136e-05   -0.204998 9.46161e-05
1.25935e-05   -0.204998 1.91534e-05 2.54491e-05   -0.204998 9.48915e-05
1.25935e-05   -0.204998 1.91534e-05 2.54746e-05   -0.204998 9.51678e-05
1.25935e-05   -0.204998 1.91534e-05 2.55102e-05   -0.204998  9.5444e-05
1.25935e-05   -0.204998 1.91534e-05 2.55554e-05   -0.204998 9.57139e-05
1.25935e-05   -0.204998 1.91534e-05 2.55812e-05   -0.204998 9.59914e-05
1.25935e-05   -0.204998 1.91534e-05  2.5607e-05   -0.204998 9.62693e-05
1.25935e-05   -0.204998 1.91534e-05 2.56525e-05   -0.204998 9.65404e-05
1.25935e-05   -0.204998 1.91534e-05  2.5698e-05   -0.204998 9.68119e-05
1.25935e-05   -0.204998 1.91534e-05  2.5734e-05   -0.204998 9.70905e-05
1.25935e-05   -0.204998 1.91534e-05 2.57697e-05   -0.204998 9.73633e-05
1.25935e-05   -0.204998 1.91534e-05 2.58055e-05   -0.204998 9.76366e-05
1.25935e-05   -0.204998 1.91534e-05 2.58413e-05   -0.204998 9.79103e-05
1.25935e-05   -0.204998 1.91534e-05 2.58772e-05   -0.204998 9.81843e-05
1.25935e-05   -0.204998 1.91534e-05 2.58937e-05   -0.204998  9.8466e-05
1.25935e-05   -0.204998 1.91534e-05 2.59593e-05   -0.204998 9.87331e-05
1.25935e-05   -0.204998 1.91534e-05 2.59758e-05   -0.204998 9.90156e-05
1.25935e-05   -0.204998 1.91534e-05 2.60216e-05   -0.204998 9.92845e-05
1.25935e-05   -0.204998 1.91534e-05 2.60579e-05   -0.204998 9.95606e-05
1.25935e-05   -0.204998 1.91534e-05 2.61039e-05   -0.204998 9.98304e-05
1.25935e-05   -0.204998 1.91534e-05 2.61108e-05   -0.204998 0.000100115
1.25935e-05   -0.204998 1.91534e-05 2.61569e-05   -0.204998 0.000100386
1.25935e-05   -0.204998 1.91534e-05 2.61935e-05   -0.204998 0.000100663
1.25935e-05   -0.204998 1.91534e-05 2.62298e-05   -0.204998 0.000100935
1.25935e-05   -0.204998 1.91534e-05 2.62565e-05   -0.204998 0.000101214
1.25935e-05   -0.204998 1.91534e-05 2.63029e-05   -0.204998 0.000101486
1.25935e-05   -0.204998 1.91534e-05 2.63199e-05   -0.204998 0.000101767
1.25935e-05   -0.204998 1.91534e-05 2.63764e-05   -0.204998 0.000102039
1.25935e-05   -0.204998 1.91534e-05 2.64032e-05   -0.204998 0.000102314
1.25935e-05   -0.204998 1.91534e-05 2.64499e-05   -0.204998 0.000102587
1.25935e-05   -0.204998 1.91534e-05 2.64868e-05   -0.204998 0.000102862
1.25935e-05   -0.204998 1.91534e-05 2.65042e-05   -0.204998 0.000103145
1.25935e-05   -0.204998 1.91534e-05 2.65608e-05   -0.204998 0.000103413
1.25935e-05   -0.204998 1.91534e-05  2.6588e-05   -0.204998 0.000103689
1.25935e-05   -0.204998 1.91534e-05 2.66157e-05   -0.204998 0.000103972
1.25935e-05   -0.204998 1.91534e-05 2.66627e-05   -0.204998 0.000104242
1.25935e-05   -0.204998 1.91534e-05 2.66806e-05   -0.204998 0.000104527
1.25935e-05   -0.204998 1.91534e-05 2.67378e-05   -0.204998 0.000104797
1.25935e-05   -0.204998 1.91534e-05 2.67655e-05   -0.204998 0.000105075
1.25935e-05   -0.204998 1.91534e-05 2.68034e-05   -0.204998 0.000105354
1.25935e-05   -0.204998 1.91534e-05 2.68314e-05   -0.204998 0.000105633
1.25935e-05   -0.204998 1.91534e-05 2.68791e-05   -0.204998 0.000105906
1.25935e-05   -0.204998 1.91534e-05 2.68878e-05   -0.204998 0.000106193
1.25935e-05   -0.204998 1.91534e-05 2.69456e-05   -0.204998 0.000106466
1.25935e-05   -0.204998 1.91534e-05 2.69936e-05   -0.204998 0.000106739
1.25935e-05   -0.204998 1.91534e-05 2.70221e-05   -0.204998 0.000107021
1.25935e-05   -0.204998 1.91534e-05 2.70507e-05   -0.204998 0.000107302
1.25935e-05   -0.204998 1.91534e-05 2.70989e-05   -0.204998 0.000107577
1.25935e-05   -0.204998 1.91534e-05 2.71277e-05   -0.204998  0.00010786
1.25935e-05   -0.204998 1.91534e-05 2.71761e-05   -0.204998 0.000108135
1.25935e-05   -0.204998 1.91534e-05  2.7205e-05   -0.204998 0.000108419
1.25935e-05   -0.204998 1.91534e-05 2.72435e-05   -0.204998 0.000108696
1.25935e-05   -0.204998 1.91534e-05 2.72726e-05   -0.204998  0.00010898
1.25935e-05   -0.204998 1.91534e-05 2.73212e-05   -0.204998 0.000109258
1.25935e-05   -0.204998 1.91534e-05 2.73404e-05   -0.204998 0.000109543
1.25935e-05   -0.204998 1.91534e-05 2.73891e-05   -0.204998 0.000109821
1.25935e-05   -0.204998 1.91534e-05 2.74379e-05   -0.204998   0.0001101
1.25935e-05   -0.204998 1.91534e-05 2.74572e-05   -0.204998 0.000110387
1.25935e-05   -0.204998 1.91534e-05 2.75061e-05   -0.204998 0.000110666
1.25935e-05   -0.204998 1.91534e-05 2.75451e-05   -0.204998 0.000110947
1.25935e-05   -0.204998 1.91534e-05 2.75745e-05   -0.204998 0.000111234
1.25935e-05   -0.204998 1.91534e-05 2.76135e-05   -0.204998 0.000111516
1.25935e-05   -0.204998 1.91534e-05 2.76526e-05   -0.204998 0.000111798
1.25935e-05   -0.204998 1.91534e-05 2.77016e-05   -0.204998 0.000112079
1.25935e-05   -0.204998 1.91534e-05 2.77408e-05   -0.204998 0.000112362
1.25935e-05   -0.204998 1.91534e-05   2.777e-05   -0.204998 0.000112645
1.25935e-05   -0.204998 1.91534e-05 2.78191e-05   -0.204998 0.000112928
1.25935e-05   -0.204998 1.91534e-05 2.78583e-05   -0.204998 0.000113212
1.25935e-05   -0.204998 1.91534e-05 2.78976e-05   -0.204998 0.000113496
1.25935e-05   -0.204998 1.91534e-05 2.79368e-05   -0.204998 0.000113781
1.25935e-05   -0.204998 1.91534e-05 2.79662e-05   -0.204998 0.000114067
1.25935e-05   -0.204998 1.91534e-05 2.79859e-05   -0.204998  0.00011436
1.25935e-05   -0.204998 1.91534e-05 2.80153e-05   -0.204998 0.000114647
1.25935e-05   -0.204998 1.91534e-05 2.80547e-05   -0.204998 0.000114933
1.25935e-05   -0.204998 1.91534e-05 2.8094e-05  -0.204998 0.00011522
1.25935e-05   -0.204998 1.91534e-05 2.81235e-05   -0.204998 0.000115508
1.25935e-05   -0.204998 1.91534e-05 2.81725e-05   -0.204998 0.000115789
1.25935e-05   -0.204998 1.91534e-05 2.82019e-05   -0.204998 0.000116078
1.25935e-05   -0.204998 1.91534e-05 2.8251e-05  -0.204998 0.00011636
1.25935e-05   -0.204998 1.91534e-05    2.83e-05   -0.204998 0.000116643
1.25935e-05   -0.204998 1.91534e-05 2.83295e-05   -0.204998 0.000116933
1.25935e-05   -0.204998 1.91534e-05  2.8359e-05   -0.204998 0.000117224
1.25935e-05   -0.204998 1.91534e-05 2.84081e-05   -0.204998 0.000117507
1.25935e-05   -0.204998 1.91534e-05 2.84377e-05   -0.204998 0.000117799
1.25935e-05   -0.204998 1.91534e-05 2.84669e-05   -0.204998 0.000118085
1.25935e-05   -0.204998 1.91534e-05 2.84965e-05   -0.204998 0.000118377
1.25935e-05   -0.204998 1.91534e-05 2.85356e-05   -0.204998 0.000118663
1.25935e-05   -0.204998 1.91534e-05 2.85553e-05   -0.204998 0.000118957
1.25935e-05   -0.204998 1.91534e-05 2.85945e-05   -0.204998 0.000119244
1.25935e-05   -0.204998 1.91534e-05 2.86533e-05   -0.204998 0.000119525
1.25935e-05   -0.204998 1.91534e-05 2.86729e-05   -0.204998  0.00011982
1.25935e-05   -0.204998 1.91534e-05 2.87022e-05   -0.204998 0.000120109
1.25935e-05   -0.204998 1.91534e-05 2.87415e-05   -0.204998 0.000120398
1.25935e-05   -0.204998 1.91534e-05 2.87708e-05   -0.204998 0.000120688
1.25935e-05   -0.204998 1.91534e-05 2.88296e-05   -0.204998  0.00012097
1.25935e-05   -0.204998 1.91534e-05  2.8859e-05   -0.204998 0.000121261
1.25935e-05   -0.204998 1.91534e-05 2.88883e-05   -0.204998 0.000121552
1.25935e-05   -0.204998 1.91534e-05 2.89177e-05   -0.204998 0.000121844
1.25935e-05   -0.204998 1.91534e-05 2.89371e-05   -0.204998 0.000122137
1.25935e-05   -0.204998 1.91534e-05  2.8986e-05   -0.204998 0.000122422
1.25935e-05   -0.204998 1.91534e-05 2.90054e-05   -0.204998 0.000122716
1.25935e-05   -0.204998 1.91534e-05 2.90348e-05   -0.204998 0.000123009
1.25935e-05   -0.204998 1.91534e-05 2.90934e-05   -0.204998  0.00012329
1.25935e-05   -0.204998 1.91534e-05 2.91128e-05   -0.204998 0.000123585
1.25935e-05   -0.204998 1.91534e-05 2.91323e-05   -0.204998  0.00012388
1.25935e-05   -0.204998 1.91534e-05 2.91618e-05   -0.204998 0.000124176
1.25935e-05   -0.204998 1.91534e-05 2.92204e-05   -0.204998 0.000124458
1.25935e-05   -0.204998 1.91534e-05 2.92399e-05   -0.204998 0.000124754
1.25935e-05   -0.204998 1.91534e-05 2.92594e-05   -0.204998 0.000125052
1.25935e-05   -0.204998 1.91534e-05  2.9318e-05   -0.204998 0.000125335
1.25935e-05   -0.204998 1.91534e-05 2.93276e-05   -0.204998 0.000125634
1.25935e-05   -0.204998 1.91534e-05 2.93862e-05   -0.204998 0.000125918
1.25935e-05   -0.204998 1.91534e-05 2.93959e-05   -0.204998 0.000126218
1.25935e-05   -0.204998 1.91534e-05  2.9435e-05   -0.204998 0.000126511
1.25935e-05   -0.204998 1.91534e-05 2.94741e-05   -0.204998 0.000126804
1.25935e-05   -0.204998 1.91534e-05 2.95033e-05   -0.204998 0.000127098
1.25935e-05   -0.204998 1.91534e-05 2.95425e-05   -0.204998 0.000127391
1.25935e-05   -0.204998 1.91534e-05 2.95717e-05   -0.204998 0.000127686
1.25935e-05   -0.204998 1.91534e-05 2.95814e-05   -0.204998 0.000127989
1.25935e-05   -0.204998 1.91534e-05 2.96302e-05   -0.204998 0.000128278
1.25935e-05   -0.204998 1.91534e-05 2.96399e-05   -0.204998 0.000128581
1.25935e-05   -0.204998 1.91534e-05 2.96986e-05   -0.204998  0.00012887
1.25935e-05   -0.204998 1.91534e-05 2.97279e-05   -0.204998 0.000129167
1.25935e-05   -0.204998 1.91534e-05 2.97572e-05   -0.204998 0.000129465
1.25935e-05   -0.204998 1.91534e-05 2.97864e-05   -0.204998 0.000129763
1.25935e-05   -0.204998 1.91534e-05 2.98157e-05   -0.204998 0.000130061
1.25935e-05   -0.204998 1.91534e-05 2.98449e-05   -0.204998  0.00013036
1.25935e-05   -0.204998 1.91534e-05 2.98937e-05   -0.204998 0.000130652
1.25935e-05   -0.204998 1.91534e-05 2.99034e-05   -0.204998 0.000130959
1.25935e-05   -0.204998 1.91534e-05 2.99423e-05   -0.204998 0.000131253
1.25935e-05   -0.204998 1.91534e-05 2.99715e-05   -0.204998 0.000131553
1.25935e-05   -0.204998 1.91534e-05 3.00107e-05   -0.204998 0.000131853
1.25935e-05   -0.204998 1.91534e-05   3.003e-05   -0.204998 0.000132155
1.25935e-05   -0.204998 1.91534e-05 3.00788e-05   -0.204998  0.00013245
1.25935e-05   -0.204998 1.91534e-05 3.00785e-05   -0.204998  0.00013276
1.25935e-05   -0.204998 1.91534e-05 3.01272e-05   -0.204998 0.000133056
1.25935e-05   -0.204998 1.91534e-05  3.0176e-05   -0.204998 0.000133351
1.25935e-05   -0.204998 1.91534e-05 3.01757e-05   -0.204998 0.000133663
1.25935e-05   -0.204998 1.91534e-05 3.02145e-05   -0.204998  0.00013396
1.25935e-05   -0.204998 1.91534e-05 3.02537e-05   -0.204998 0.000134264
1.25935e-05   -0.204998 1.91534e-05 3.02925e-05   -0.204998 0.000134562
1.25935e-05   -0.204998 1.91534e-05 3.03118e-05   -0.204998 0.000134868
1.25935e-05   -0.204998 1.91534e-05  3.0341e-05   -0.204998 0.000135174
1.25935e-05   -0.204998 1.91534e-05 3.03898e-05   -0.204998 0.000135473
1.25935e-05   -0.204998 1.91534e-05 3.03895e-05   -0.204998 0.000135788
1.25935e-05   -0.204998 1.91534e-05 3.04283e-05   -0.204998 0.000136089
1.25935e-05   -0.204998 1.91534e-05 3.04771e-05   -0.204998 0.000136389
1.25935e-05   -0.204998 1.91534e-05 3.04965e-05   -0.204998 0.000136696
1.25935e-05   -0.204998 1.91534e-05 3.05158e-05   -0.204998 0.000137003
1.25935e-05   -0.204998 1.91534e-05 3.05648e-05   -0.204998 0.000137302
1.25935e-05   -0.204998 1.91534e-05 3.05842e-05   -0.204998 0.000137607
1.25935e-05   -0.204998 1.91534e-05 3.06233e-05   -0.204998 0.000137904
1.25935e-05   -0.204998 1.91534e-05 3.06428e-05   -0.204998 0.000138207
1.25935e-05   -0.204998 1.91534e-05 3.06724e-05   -0.204998 0.000138508
1.25935e-05   -0.204998 1.91534e-05 3.07116e-05   -0.204998   0.0001388
1.25935e-05   -0.204998 1.91534e-05 3.07509e-05   -0.204998 0.000139091
1.25935e-05   -0.204998 1.91534e-05 3.07807e-05   -0.204998 0.000139385
1.25935e-05   -0.204998 1.91534e-05 3.08005e-05   -0.204997 0.000139678
1.25935e-05   -0.204998 1.91534e-05   3.084e-05   -0.204997 0.000139961
1.25935e-05   -0.204998 1.91534e-05   3.087e-05   -0.204997 0.000140248
1.25935e-05   -0.204998 1.91534e-05 3.08901e-05   -0.204997 0.000140532
1.25935e-05   -0.204998 1.91534e-05 3.09298e-05   -0.204997 0.000140806
1.25935e-05   -0.204998 1.91534e-05 3.09795e-05   -0.204997 0.000141076
1.25935e-05   -0.204998 1.91534e-05 3.09802e-05   -0.204997 0.000141358
1.25935e-05   -0.204998 1.91534e-05 3.10201e-05   -0.204997 0.000141622
1.25935e-05   -0.204998 1.91534e-05 3.10701e-05   -0.204997 0.000141881
1.25935e-05   -0.204998 1.91534e-05 3.10906e-05   -0.204997 0.000142144
1.25935e-05   -0.204998 1.91534e-05 3.11111e-05   -0.204997 0.000142404
1.25935e-05   -0.204998 1.91534e-05 3.11612e-05   -0.204997 0.000142652
1.25935e-05   -0.204998 1.91534e-05 3.11819e-05   -0.204997 0.000142903
1.25935e-05   -0.204998 1.91534e-05 3.12221e-05   -0.204997 0.000143144
1.25935e-05   -0.204998 1.91534e-05 3.12527e-05   -0.204997 0.000143388
1.25935e-05   -0.204998 1.91534e-05 3.12734e-05   -0.204997 0.000143629
1.25935e-05   -0.204998 1.91534e-05 3.13235e-05   -0.204997 0.000143858
1.25935e-05   -0.204998 1.91534e-05 3.13541e-05   -0.204997 0.000144091
1.25935e-05   -0.204998 1.91534e-05 3.13943e-05   -0.204997 0.000144314
1.25935e-05   -0.204998 1.91534e-05 3.14053e-05   -0.204997 0.000144547
1.25935e-05   -0.204998 1.91534e-05 3.14454e-05   -0.204997 0.000144762
1.25935e-05   -0.204998 1.91534e-05 3.14858e-05   -0.204997  0.00014498
1.25935e-05   -0.204998 1.91534e-05 3.15163e-05   -0.204997 0.000145195
1.25935e-05   -0.204998 1.91534e-05 3.15562e-05   -0.204997   0.0001454
1.25935e-05   -0.204998 1.91534e-05  3.1567e-05   -0.204997 0.000145615
1.25935e-05   -0.204998 1.91534e-05 3.15972e-05   -0.204997  0.00014582
1.25935e-05   -0.204998 1.91534e-05 3.16273e-05   -0.204997 0.000146021
1.25935e-05   -0.204998 1.91534e-05 3.16574e-05   -0.204997 0.000146219
1.25935e-05   -0.204998 1.91534e-05 3.16973e-05   -0.204997 0.000146414
1.25935e-05   -0.204998 1.91534e-05 3.17371e-05   -0.204997 0.000146605
1.25935e-05   -0.204998 1.91534e-05 3.17669e-05   -0.204997 0.000146794
1.25935e-05   -0.204998 1.91534e-05  3.1787e-05   -0.204997 0.000146986
1.25935e-05   -0.204998 1.91534e-05 3.18265e-05   -0.204997 0.000147168
1.25935e-05   -0.204998 1.91534e-05  3.1846e-05   -0.204997 0.000147349
1.25935e-05   -0.204998 1.91534e-05 3.18657e-05   -0.204997 0.000147532
1.25935e-05   -0.204998 1.91534e-05 3.19049e-05   -0.204997 0.000147706
1.25935e-05   -0.204998 1.91534e-05 3.19539e-05   -0.204997 0.000147876
1.25935e-05   -0.204998 1.91534e-05 3.19732e-05   -0.204997 0.000148051
1.25935e-05   -0.204998 1.91534e-05  3.2012e-05   -0.204997 0.000148217
1.25935e-05   -0.204998 1.91534e-05 3.20311e-05   -0.204997 0.000148387
1.25935e-05   -0.204998 1.91534e-05   3.206e-05   -0.204997 0.000148555
1.25935e-05   -0.204998 1.91534e-05 3.20984e-05   -0.204997 0.000148713
1.25935e-05   -0.204998 1.91534e-05 3.21171e-05   -0.204997 0.000148876
1.25935e-05   -0.204998 1.91534e-05 3.21555e-05   -0.204997 0.000149035
1.25935e-05   -0.204998 1.91534e-05 3.21838e-05   -0.204997 0.000149194
1.25935e-05   -0.204998 1.91534e-05 3.22021e-05   -0.204997  0.00014935
1.25935e-05   -0.204998 1.91534e-05   3.224e-05   -0.204997 0.000149504
1.25935e-05   -0.204998 1.91534e-05  3.2258e-05   -0.204997 0.000149656
1.25935e-05   -0.204998 1.91534e-05 3.22959e-05   -0.204997 0.000149806
1.25935e-05   -0.204998 1.91534e-05 3.23237e-05   -0.204997 0.000149954
1.25935e-05   -0.204998 1.91534e-05 3.23514e-05   -0.204997 0.000150101
1.25935e-05   -0.204998 1.91534e-05  3.2379e-05   -0.204997 0.000150246
1.25935e-05   -0.204998 1.91534e-05 3.23869e-05   -0.204997 0.000150397
1.25935e-05   -0.204998 1.91534e-05 3.24243e-05   -0.204997 0.000150538
1.25935e-05   -0.204998 1.91534e-05 3.24515e-05   -0.204997 0.000150679
1.25935e-05   -0.204998 1.91534e-05 3.24592e-05   -0.204997 0.000150825
1.25935e-05   -0.204998 1.91534e-05 3.25257e-05   -0.204997 0.000150955
1.25935e-05   -0.204998 1.91534e-05 3.25526e-05   -0.204997 0.000151092
1.25935e-05   -0.204998 1.91534e-05 3.25599e-05   -0.204997 0.000151235
1.25935e-05   -0.204998 1.91534e-05 3.25967e-05   -0.204997 0.000151369
1.25935e-05   -0.204998 1.91534e-05 3.26138e-05   -0.204997 0.000151509
1.25935e-05   -0.204998 1.91534e-05 3.26505e-05   -0.204997 0.000151641
1.25935e-05   -0.204998 1.91534e-05 3.26575e-05   -0.204997 0.000151781
1.25935e-05   -0.204998 1.91534e-05  3.2694e-05   -0.204997 0.000151912
1.25935e-05   -0.204998 1.91534e-05 3.27109e-05   -0.204997 0.000152049
1.25935e-05   -0.204998 1.91534e-05 3.27472e-05   -0.204997 0.000152179
1.25935e-05   -0.204998 1.91534e-05 3.27834e-05   -0.204997 0.000152308
1.25935e-05   -0.204998 1.91534e-05    3.28e-05   -0.204997 0.000152444
1.25935e-05   -0.204998 1.91534e-05 3.28262e-05   -0.204997 0.000152573
1.25935e-05   -0.204998 1.91534e-05 3.28428e-05   -0.204997 0.000152709
1.25935e-05   -0.204998 1.91534e-05 3.28693e-05   -0.204997 0.000152844
1.25935e-05   -0.204998 1.91534e-05 3.28953e-05   -0.204997 0.000152972
1.25935e-05   -0.204998 1.91534e-05 3.29313e-05   -0.204997   0.0001531
1.25935e-05   -0.204998 1.91534e-05 3.29476e-05   -0.204997 0.000153235
1.25935e-05   -0.204998 1.91534e-05 3.29834e-05   -0.204997 0.000153364
1.25935e-05   -0.204998 1.91534e-05 3.29996e-05   -0.204997 0.000153499
1.25935e-05   -0.204998 1.91534e-05 3.30157e-05   -0.204997 0.000153635
1.25935e-05   -0.204998 1.91534e-05 3.30318e-05   -0.204997 0.000153771
1.25935e-05   -0.204998 1.91534e-05 3.30674e-05   -0.204997 0.000153901
1.25935e-05   -0.204998 1.91534e-05 3.31129e-05   -0.204997  0.00015403
1.25935e-05   -0.204998 1.91534e-05 3.31289e-05   -0.204997 0.000154168
1.25935e-05   -0.204998 1.91534e-05 3.31449e-05   -0.204997 0.000154306
1.25935e-05   -0.204998 1.91534e-05 3.31704e-05   -0.204997 0.000154438
1.25935e-05   -0.204998 1.91534e-05 3.31962e-05   -0.204997 0.000154578
1.25935e-05   -0.204998 1.91534e-05 3.32119e-05   -0.204997 0.000154718
1.25935e-05   -0.204998 1.91534e-05 3.32472e-05   -0.204997 0.000154852
1.25935e-05   -0.204998 1.91534e-05 3.32629e-05   -0.204997 0.000154995
1.25935e-05   -0.204998 1.91534e-05 3.32786e-05   -0.204997 0.000155138
1.25935e-05   -0.204998 1.91534e-05 3.33138e-05   -0.204997 0.000155275
1.25935e-05   -0.204998 1.91534e-05 3.33295e-05   -0.204997 0.000155421
1.25935e-05   -0.204998 1.91534e-05 3.33451e-05   -0.204997 0.000155568
1.25935e-05   -0.204998 1.91534e-05 3.33802e-05   -0.204997 0.000155709
1.25935e-05   -0.204998 1.91534e-05 3.33958e-05   -0.204997 0.000155858
1.25935e-05   -0.204998 1.91534e-05 3.34212e-05   -0.204997 0.000156009
1.25935e-05   -0.204998 1.91534e-05 3.34563e-05   -0.204997 0.000156154
1.25935e-05   -0.204998 1.91534e-05 3.34718e-05   -0.204997 0.000156307
1.25935e-05   -0.204998 1.91534e-05 3.34873e-05   -0.204997 0.000156463
1.25935e-05   -0.204998 1.91534e-05 3.35224e-05   -0.204997 0.000156612
1.25935e-05   -0.204998 1.91534e-05 3.35378e-05   -0.204997 0.000156771
1.25935e-05   -0.204998 1.91534e-05 3.35533e-05   -0.204997 0.000156931
1.25935e-05   -0.204998 1.91534e-05 3.35787e-05   -0.204997 0.000157092
1.25935e-05   -0.204998 1.91534e-05 3.35941e-05   -0.204997 0.000157256
1.25935e-05   -0.204998 1.91534e-05 3.36291e-05   -0.204997 0.000157414
1.25935e-05   -0.204998 1.91534e-05 3.36641e-05   -0.204997 0.000157575
1.25935e-05   -0.204998 1.91534e-05 3.36796e-05   -0.204997 0.000157744
1.25935e-05   -0.204998 1.91534e-05  3.3705e-05   -0.204997 0.000157915
1.25935e-05   -0.204998 1.91534e-05 3.37205e-05   -0.204997 0.000158089
1.25935e-05   -0.204998 1.91534e-05 3.37459e-05   -0.204997 0.000158264
1.25935e-05   -0.204998 1.91534e-05 3.37809e-05   -0.204997 0.000158434
1.25935e-05   -0.204998 1.91534e-05 3.38062e-05   -0.204997 0.000158613
1.25935e-05   -0.204998 1.91534e-05 3.38217e-05   -0.204997 0.000158795
1.25935e-05   -0.204998 1.91534e-05 3.38372e-05   -0.204997  0.00015898
1.25935e-05   -0.204998 1.91534e-05 3.38627e-05   -0.204997 0.000159166
1.25935e-05   -0.204998 1.91534e-05 3.38782e-05   -0.204997 0.000159355
1.25935e-05   -0.204998 1.91534e-05 3.39133e-05   -0.204997 0.000159539
1.25935e-05   -0.204998 1.91534e-05 3.39388e-05   -0.204997 0.000159732
1.25935e-05   -0.204998 1.91534e-05 3.39544e-05   -0.204997 0.000159928
1.25935e-05   -0.204998 1.91534e-05   3.399e-05   -0.204997 0.000160126
1.25935e-05   -0.204998 1.91534e-05 3.40057e-05   -0.204997 0.000160327
1.25935e-05   -0.204998 1.91534e-05 3.40314e-05   -0.204997  0.00016053
1.25935e-05   -0.204998 1.91534e-05 3.40571e-05   -0.204997 0.000160736
1.25935e-05   -0.204998 1.91534e-05 3.41024e-05   -0.204997 0.000160937
1.25935e-05   -0.204998 1.91534e-05 3.41181e-05   -0.204997 0.000161148
1.25935e-05   -0.204998 1.91534e-05 3.41538e-05   -0.204997 0.000161361
1.25935e-05   -0.204998 1.91534e-05   3.416e-05   -0.204997 0.000161584
1.25935e-05   -0.204998 1.91534e-05 3.41858e-05   -0.204997 0.000161803
1.25935e-05   -0.204998 1.91534e-05 3.42216e-05   -0.204997 0.000162024
1.25935e-05   -0.204998 1.91534e-05 3.42379e-05   -0.204997 0.000162256
1.25935e-05   -0.204998 1.91534e-05 3.42737e-05   -0.204997 0.000162482
1.25935e-05   -0.204998 1.91534e-05 3.42899e-05   -0.204997 0.000162719
1.25935e-05   -0.204998 1.91534e-05 3.43357e-05   -0.204997 0.000162951
1.25935e-05   -0.204998 1.91534e-05 3.43519e-05   -0.204997 0.000163193
1.25935e-05   -0.204998 1.91534e-05  3.4388e-05   -0.204997 0.000163437
1.25935e-05   -0.204998 1.91534e-05 3.44241e-05   -0.204997 0.000163684
1.25935e-05   -0.204998 1.91534e-05 3.44501e-05   -0.204997 0.000163934
1.25935e-05   -0.204998 1.91534e-05 3.44861e-05   -0.204997 0.000164187
1.25935e-05   -0.204998 1.91534e-05 3.45123e-05   -0.204997  0.00016445
1.25935e-05   -0.204998 1.91534e-05  3.4548e-05   -0.204997 0.000164708
1.25935e-05   -0.204998 1.91534e-05  3.4584e-05   -0.204997 0.000164976
1.25935e-05   -0.204998 1.91534e-05 3.46099e-05   -0.204997 0.000165247
1.25935e-05   -0.204998 1.91534e-05 3.46555e-05   -0.204997  0.00016552
1.25935e-05   -0.204998 1.91534e-05 3.46911e-05   -0.204997 0.000165797
1.25935e-05   -0.204998 1.91534e-05 3.46974e-05   -0.204997 0.000166091
1.25935e-05   -0.204998 1.91534e-05 3.47332e-05   -0.204997  0.00016638
1.25935e-05   -0.204998 1.91534e-05 3.47687e-05   -0.204997 0.000166672
1.25935e-05   -0.204998 1.91534e-05  3.4814e-05   -0.204997 0.000166966
1.25935e-05   -0.204998 1.91534e-05 3.48492e-05   -0.204997 0.000167264
1.25935e-05   -0.204998 1.91534e-05 3.48846e-05   -0.204997 0.000167571
1.25935e-05   -0.204998 1.91534e-05 3.49198e-05   -0.204997 0.000167881
1.25935e-05   -0.204998 1.91534e-05 3.49749e-05   -0.204997 0.000168193
1.25935e-05   -0.204998 1.91534e-05 3.50099e-05   -0.204997  0.00016851
1.25935e-05   -0.204998 1.91534e-05 3.50552e-05   -0.204997 0.000168835
1.25935e-05   -0.204998 1.91534e-05 3.50904e-05   -0.204997 0.000169163
1.25935e-05   -0.204998 1.91534e-05 3.51455e-05   -0.204997 0.000169494
1.25935e-05   -0.204998 1.91534e-05  3.5171e-05   -0.204997 0.000169835
1.25935e-05   -0.204998 1.91534e-05 3.52063e-05   -0.204997 0.000170179
1.25935e-05   -0.204998 1.91534e-05 3.52612e-05   -0.204997 0.000170519
1.25935e-05   -0.204998 1.91534e-05 3.53163e-05   -0.204997 0.000170868
1.25935e-05   -0.204998 1.91534e-05  3.5332e-05   -0.204997 0.000171229
1.25935e-05   -0.204998 1.91534e-05  3.5387e-05   -0.204997 0.000171584
1.25935e-05   -0.204998 1.91534e-05  3.5452e-05   -0.204997 0.000171942
1.25935e-05   -0.204998 1.91534e-05 3.55069e-05   -0.204997 0.000172303
1.25935e-05   -0.204998 1.91534e-05 3.55522e-05   -0.204997 0.000172675
1.25935e-05   -0.204998 1.91534e-05 3.55876e-05   -0.204997  0.00017305
1.25935e-05   -0.204998 1.91534e-05 3.56328e-05   -0.204997 0.000173427
1.25935e-05   -0.204998 1.91534e-05 3.56685e-05   -0.204997 0.000173815
1.25935e-05   -0.204998 1.91534e-05 3.57236e-05   -0.204997 0.000174198
1.25935e-05   -0.204998 1.91534e-05 3.57887e-05   -0.204997 0.000174583
1.25935e-05   -0.204998 1.91534e-05 3.58243e-05   -0.204997  0.00017498
1.25935e-05   -0.204998 1.91534e-05 3.58797e-05   -0.204997 0.000175379
1.25935e-05   -0.204998 1.91534e-05 3.59351e-05   -0.204997  0.00017578
1.25935e-05   -0.204998 1.91534e-05 3.59906e-05   -0.204997 0.000176185
1.25935e-05   -0.204998 1.91534e-05 3.60364e-05   -0.204997 0.000176599
1.25935e-05   -0.204998 1.91534e-05 3.60921e-05   -0.204997 0.000177016
1.25935e-05   -0.204998 1.91534e-05 3.61575e-05   -0.204997 0.000177429
1.25935e-05   -0.204998 1.91534e-05 3.62135e-05   -0.204997 0.000177853
1.25935e-05   -0.204998 1.91534e-05   3.625e-05   -0.204997 0.000178286
1.25935e-05   -0.204998 1.91534e-05 3.63062e-05   -0.204997 0.000178715
1.25935e-05   -0.204998 1.91534e-05 3.63724e-05   -0.204997 0.000179147
1.25935e-05   -0.204998 1.91534e-05 3.64388e-05   -0.204997 0.000179581
1.25935e-05   -0.204998 1.91534e-05 3.64956e-05   -0.204997 0.000180026
1.25935e-05   -0.204998 1.91534e-05 3.65525e-05   -0.204997 0.000180473
1.25935e-05   -0.204998 1.91534e-05 3.66095e-05   -0.204997 0.000180924
1.25935e-05   -0.204998 1.91534e-05 3.66666e-05   -0.204997 0.000181377
1.25935e-05   -0.204998 1.91534e-05 3.67241e-05   -0.204997  0.00018184
1.25935e-05   -0.204998 1.91534e-05 3.67718e-05   -0.204997 0.000182306
1.25935e-05   -0.204998 1.91534e-05  3.6859e-05   -0.204997 0.000182766
1.25935e-05   -0.204998 1.91534e-05 3.69267e-05   -0.204997 0.000183237
1.25935e-05   -0.204998 1.91534e-05 3.69649e-05   -0.204997 0.000183719
1.25935e-05   -0.204998 1.91534e-05 3.70622e-05   -0.204997 0.000184188
1.25935e-05   -0.204998 1.91534e-05 3.71205e-05   -0.204997 0.000184674
1.25935e-05   -0.204998 1.91534e-05 3.71788e-05   -0.204997 0.000185163
1.25935e-05   -0.204998 1.91534e-05 3.72472e-05   -0.204997 0.000185655
1.25935e-05   -0.204998 1.91534e-05 3.73255e-05   -0.204997 0.000186149
1.25935e-05   -0.204998 1.91534e-05 3.74135e-05   -0.204997 0.000186639
1.25935e-05   -0.204998 1.91534e-05 3.74724e-05   -0.204997 0.000187146
1.25935e-05   -0.204998 1.91534e-05 3.75413e-05   -0.204997 0.000187656
1.25935e-05   -0.204998 1.91534e-05 3.76199e-05   -0.204997 0.000188161
1.25935e-05   -0.204998 1.91534e-05 3.76988e-05   -0.204997 0.000188676
1.25935e-05   -0.204998 1.91534e-05 3.77678e-05   -0.204997 0.000189193
1.25935e-05   -0.204998 1.91534e-05 3.78273e-05   -0.204997 0.000189721
1.25935e-05   -0.204998 1.91534e-05 3.79066e-05   -0.204997 0.000190244
1.25935e-05   -0.204998 1.91534e-05  3.7996e-05   -0.204997 0.000190769
1.25935e-05   -0.204998 1.91534e-05 3.80561e-05   -0.204997 0.000191305
1.25935e-05   -0.204998 1.91534e-05 3.81459e-05   -0.204997 0.000191836
1.25935e-05   -0.204998 1.91534e-05 3.82163e-05   -0.204997 0.000192377
1.25935e-05   -0.204998 1.91534e-05 3.82969e-05   -0.204997  0.00019292
1.25935e-05   -0.204998 1.91534e-05 3.83773e-05   -0.204997  0.00019346
1.25935e-05   -0.204998 1.91534e-05 3.84582e-05   -0.204997 0.000194009
1.25935e-05   -0.204998 1.91534e-05 3.85492e-05   -0.204997  0.00019456
1.25935e-05   -0.204998 1.91534e-05 3.86305e-05   -0.204997 0.000195114
1.25935e-05   -0.204998 1.91534e-05 3.87119e-05   -0.204997 0.000195671
1.25935e-05   -0.204998 1.91534e-05 3.87838e-05   -0.204997 0.000196237
1.25935e-05   -0.204998 1.91534e-05 3.88754e-05   -0.204997 0.000196799
1.25935e-05   -0.204998 1.91534e-05 3.89572e-05   -0.204997 0.000197364
1.25935e-05   -0.204998 1.91534e-05 3.90395e-05   -0.204997 0.000197938
1.25935e-05   -0.204998 1.91534e-05 3.91315e-05   -0.204997 0.000198508
1.25935e-05   -0.204998 1.91534e-05  3.9224e-05   -0.204997 0.000199087
1.25935e-05   -0.204998 1.91534e-05 3.92967e-05   -0.204997 0.000199669
1.25935e-05   -0.204998 1.91534e-05 3.93794e-05   -0.204997 0.000200254
1.25935e-05   -0.204998 1.91534e-05 3.94723e-05   -0.204997 0.000200841
1.25935e-05   -0.204998 1.91534e-05 3.95553e-05   -0.204997 0.000201431
1.25935e-05   -0.204998 1.91534e-05 3.96288e-05   -0.204997  0.00020203
1.25935e-05   -0.204998 1.91534e-05 3.97319e-05   -0.204997 0.000202624
1.25935e-05   -0.204998 1.91534e-05 3.98252e-05   -0.204997 0.000203221
1.25935e-05   -0.204998 1.91534e-05 3.99086e-05   -0.204997 0.000203821
1.25935e-05   -0.204998 1.91534e-05 3.99925e-05   -0.204997  0.00020443
1.25935e-05   -0.204998 1.91534e-05  4.0096e-05   -0.204997 0.000205035
1.25935e-05   -0.204998 1.91534e-05 4.01897e-05   -0.204997 0.000205642
1.25935e-05   -0.204998 1.91534e-05 4.02838e-05   -0.204997 0.000206258
1.25935e-05   -0.204998 1.91534e-05 4.03876e-05   -0.204997  0.00020687
1.25935e-05   -0.204998 1.91534e-05 4.04719e-05   -0.204997 0.000207492
1.25935e-05   -0.204998 1.91534e-05 4.05564e-05   -0.204997 0.000208116
1.25935e-05   -0.204998 1.91534e-05 4.06608e-05   -0.204997 0.000208742
1.25935e-05   -0.204998 1.91534e-05  4.0765e-05   -0.204997 0.000209364
1.25935e-05   -0.204998 1.91534e-05 4.08597e-05   -0.204997 0.000209996
1.25935e-05   -0.204998 1.91534e-05 4.09545e-05   -0.204997  0.00021063
1.25935e-05   -0.204998 1.91534e-05 4.10298e-05   -0.204997 0.000211273
1.25935e-05   -0.204998 1.91534e-05 4.11247e-05   -0.204997 0.000211912
1.25935e-05   -0.204998 1.91534e-05 4.12197e-05   -0.204997 0.000212553
1.25935e-05   -0.204998 1.91534e-05 4.13248e-05   -0.204997 0.000213197
1.25935e-05   -0.204998 1.91534e-05   4.141e-05   -0.204997 0.000213843
1.25935e-05   -0.204998 1.91534e-05 4.15153e-05   -0.204997 0.000214492
1.25935e-05   -0.204998 1.91534e-05 4.16206e-05   -0.204997 0.000215142
1.25935e-05   -0.204998 1.91534e-05 4.17061e-05   -0.204998 0.000215796
1.25935e-05   -0.204998 1.91534e-05 4.18116e-05   -0.204998 0.000216452
1.25935e-05   -0.204998 1.91534e-05 4.19172e-05   -0.204998  0.00021711
1.25935e-05   -0.204998 1.91534e-05 4.20129e-05   -0.204998 0.000217771
1.25935e-05   -0.204998 1.91534e-05 4.20991e-05   -0.204998 0.000218441
1.25935e-05   -0.204998 1.91534e-05 4.22049e-05   -0.204998 0.000219106
1.25935e-05   -0.204998 1.91534e-05 4.23009e-05   -0.204998 0.000219774
1.25935e-05   -0.204998 1.91534e-05 4.23969e-05   -0.204998 0.000220445
1.25935e-05   -0.204998 1.91534e-05  4.2503e-05   -0.204998 0.000221117
1.25935e-05   -0.204998 1.91534e-05 4.26091e-05   -0.204998 0.000221792
1.25935e-05   -0.204998 1.91534e-05 4.27054e-05   -0.204998 0.000222469
1.25935e-05   -0.204998 1.91534e-05 4.28118e-05   -0.204998 0.000223149
1.25935e-05   -0.204998 1.91534e-05 4.29082e-05   -0.204998 0.000223831
1.25935e-05   -0.204998 1.91534e-05 4.29952e-05   -0.204998 0.000224523
1.25935e-05   -0.204998 1.91534e-05 4.30918e-05   -0.204998  0.00022521
1.25935e-05   -0.204998 1.91534e-05 4.31985e-05   -0.204998 0.000225899
1.25935e-05   -0.204998 1.91534e-05 4.32952e-05   -0.204998 0.000226591
1.25935e-05   -0.204998 1.91534e-05 4.33921e-05   -0.204998 0.000227285
1.25935e-05   -0.204998 1.91534e-05  4.3499e-05   -0.204998 0.000227981
1.25935e-05   -0.204998 1.91534e-05 4.35959e-05   -0.204998  0.00022868
1.25935e-05   -0.204998 1.91534e-05 4.37026e-05   -0.204998  0.00022938
1.25935e-05   -0.204998 1.91534e-05 4.37892e-05   -0.204998 0.000230084
1.25935e-05   -0.204998 1.91534e-05 4.38957e-05   -0.204998  0.00023079
1.25935e-05   -0.204998 1.91534e-05 4.39922e-05   -0.204998 0.000231498
1.25935e-05   -0.204998 1.91534e-05 4.40886e-05   -0.204998 0.000232208
1.25935e-05   -0.204998 1.91534e-05 4.42048e-05   -0.204998  0.00023292
1.25935e-05   -0.204998 1.91534e-05 4.43011e-05   -0.204998 0.000233635
1.25935e-05   -0.204998 1.91534e-05 4.43678e-05   -0.204998  0.00023436
1.25935e-05   -0.204998 1.91534e-05  4.4474e-05   -0.204998 0.000235079
1.25935e-05   -0.204998 1.91534e-05 4.45996e-05   -0.204998 0.000235793
1.25935e-05   -0.204998 1.91534e-05 4.46957e-05   -0.204998 0.000236517
1.25935e-05   -0.204998 1.91534e-05 4.47918e-05   -0.204998 0.000237243
1.25935e-05   -0.204998 1.91534e-05 4.48583e-05   -0.204998  0.00023798
1.25935e-05   -0.204998 1.91534e-05 4.49839e-05   -0.204998 0.000238703
1.25935e-05   -0.204998 1.91534e-05 4.50799e-05   -0.204998 0.000239436
1.25935e-05   -0.204998 1.91534e-05 4.51855e-05   -0.204998 0.000240165
1.25935e-05   -0.204998 1.91534e-05 4.5262e-05  -0.204998 0.00024091
1.25935e-05   -0.204998 1.91534e-05 4.53676e-05   -0.204998 0.000241643
1.25935e-05   -0.204998 1.91534e-05 4.54637e-05   -0.204998 0.000242385
1.25935e-05   -0.204998 1.91534e-05 4.55693e-05   -0.204998 0.000243123
1.25935e-05   -0.204998 1.91534e-05 4.56654e-05   -0.204998 0.000243869
1.25935e-05   -0.204998 1.91534e-05 4.57515e-05   -0.204998 0.000244619
1.25935e-05   -0.204998 1.91534e-05 4.58572e-05   -0.204998 0.000245363
1.25935e-05   -0.204998 1.91534e-05 4.5953e-05  -0.204998 0.00024611
1.25935e-05   -0.204998 1.91534e-05 4.60392e-05   -0.204998 0.000246867
1.25935e-05   -0.204998 1.91534e-05  4.6145e-05   -0.204998 0.000247618
1.25935e-05   -0.204998 1.91534e-05 4.62604e-05   -0.204998 0.000248364
1.25935e-05   -0.204998 1.91534e-05 4.63367e-05   -0.204998 0.000249127
1.25935e-05   -0.204998 1.91534e-05 4.64326e-05   -0.204998 0.000249886
1.25935e-05   -0.204998 1.91534e-05 4.65382e-05   -0.204998 0.000250639
1.25935e-05   -0.204998 1.91534e-05 4.66147e-05   -0.204998 0.000251409
1.25935e-05   -0.204998 1.91534e-05 4.67203e-05   -0.204998 0.000252168
1.25935e-05   -0.204998 1.91534e-05 4.68065e-05   -0.204998 0.000252935
1.25935e-05   -0.204998 1.91534e-05 4.68926e-05   -0.204998 0.000253705
1.25935e-05   -0.204998 1.91534e-05 4.70084e-05   -0.204998 0.000254469
1.25935e-05   -0.204998 1.91534e-05 4.71042e-05   -0.204998 0.000255237
1.25935e-05   -0.204998 1.91534e-05 4.71806e-05   -0.204998 0.000256014
1.25935e-05   -0.204998 1.91534e-05 4.72766e-05   -0.204998 0.000256785
1.25935e-05   -0.204998 1.91534e-05 4.73726e-05   -0.204998 0.000257559
1.25935e-05   -0.204998 1.91534e-05 4.74587e-05   -0.204998 0.000258336
1.25935e-05   -0.204998 1.91534e-05 4.75448e-05   -0.204998 0.000259115
1.25935e-05   -0.204998 1.91534e-05 4.76505e-05   -0.204998 0.000259889
1.25935e-05   -0.204998 1.91534e-05 4.77467e-05   -0.204998 0.000260672
1.25935e-05   -0.204998 1.91534e-05 4.78424e-05   -0.204998  0.00026145
1.25935e-05   -0.204998 1.91534e-05 4.79284e-05   -0.204998 0.000262238
1.25935e-05   -0.204998 1.91534e-05 4.80142e-05   -0.204998 0.000263028
1.25935e-05   -0.204998 1.91534e-05 4.81096e-05   -0.204998 0.000263813
1.25935e-05   -0.204998 1.91534e-05 4.81853e-05   -0.204998 0.000264607
1.25935e-05   -0.204998 1.91534e-05 4.82904e-05   -0.204998 0.000265396
1.25935e-05   -0.204998 1.91534e-05 4.83954e-05   -0.204998 0.000266187
1.25935e-05   -0.204998 1.91534e-05 4.84709e-05   -0.204998 0.000266988
1.25935e-05   -0.204998 1.91534e-05 4.85559e-05   -0.204998 0.000267784
1.25935e-05   -0.204998 1.91534e-05 4.86411e-05   -0.204998 0.000268588
1.25935e-05   -0.204998 1.91534e-05  4.8736e-05   -0.204998 0.000269388
1.25935e-05   -0.204998 1.91534e-05 4.88012e-05   -0.204998 0.000270198
1.25935e-05   -0.204998 1.91534e-05 4.89155e-05   -0.204998 0.000270995
1.25935e-05   -0.204998 1.91534e-05 4.89807e-05   -0.204998 0.000271809
1.25935e-05   -0.204998 1.91534e-05 4.90849e-05   -0.204998 0.000272611
1.25935e-05   -0.204998 1.91534e-05   4.915e-05   -0.204998 0.000273429
1.25935e-05   -0.204998 1.91534e-05 4.92542e-05   -0.204998 0.000274235
1.25935e-05   -0.204998 1.91534e-05 4.93387e-05   -0.204998  0.00027505
1.25935e-05   -0.204998 1.91534e-05 4.94329e-05   -0.204998  0.00027586
1.25935e-05   -0.204998 1.91534e-05 4.95075e-05   -0.204998  0.00027668
1.25935e-05   -0.204998 1.91534e-05 4.96016e-05   -0.204998 0.000277495
1.25935e-05   -0.204998 1.91534e-05 4.96563e-05   -0.204998  0.00027832
1.25935e-05   -0.204998 1.91534e-05 4.97699e-05   -0.204998 0.000279132
1.25935e-05   -0.204998 1.91534e-05 4.98345e-05   -0.204998  0.00027996
1.25935e-05   -0.204998 1.91534e-05 4.99282e-05   -0.204998 0.000280777
1.25935e-05   -0.204998 1.91534e-05 5.00123e-05   -0.204998 0.000281603
1.25935e-05   -0.204998 1.91534e-05 5.00961e-05   -0.204998 0.000282424
1.25935e-05   -0.204998 1.91534e-05 5.01703e-05   -0.204998 0.000283254
1.25935e-05   -0.204998 1.91534e-05  5.0264e-05   -0.204998 0.000284079
1.25935e-05   -0.204998 1.91534e-05 5.03381e-05   -0.204998 0.000284914
1.25935e-05   -0.204998 1.91534e-05  5.0412e-05   -0.204998 0.000285744
1.25935e-05   -0.204998 1.91534e-05 5.04957e-05   -0.204998 0.000286576
1.25935e-05   -0.204998 1.91534e-05 5.05795e-05   -0.204998 0.000287409
1.25935e-05   -0.204998 1.91534e-05 5.06533e-05   -0.204998 0.000288245
1.25935e-05   -0.204998 1.91534e-05 5.07371e-05   -0.204998 0.000289083
1.25935e-05   -0.204998 1.91534e-05  5.0801e-05   -0.204998 0.000289924
1.25935e-05   -0.204998 1.91534e-05 5.08748e-05   -0.204998 0.000290766
1.25935e-05   -0.204998 1.91534e-05 5.09782e-05   -0.204998 0.000291602
1.25935e-05   -0.204998 1.91534e-05 5.10421e-05   -0.204998 0.000292449
1.25935e-05   -0.204998 1.91534e-05 5.11355e-05   -0.204998  0.00029329
1.25935e-05   -0.204998 1.91534e-05 5.11895e-05   -0.204998 0.000294141
1.25935e-05   -0.204998 1.91534e-05 5.13025e-05   -0.204998 0.000294979
1.25935e-05   -0.204998 1.91534e-05 5.13665e-05   -0.204998 0.000295833
1.25935e-05   -0.204998 1.91534e-05 5.14305e-05   -0.204998  0.00029669
1.25935e-05   -0.204998 1.91534e-05  5.1514e-05   -0.204998 0.000297541
1.25935e-05   -0.204998 1.91534e-05 5.15976e-05   -0.204998 0.000298394
1.25935e-05   -0.204998 1.91534e-05 5.16712e-05   -0.204998  0.00029925
1.25935e-05   -0.204998 1.91534e-05 5.17548e-05   -0.204998 0.000300107
1.25935e-05   -0.204998 1.91534e-05 5.18284e-05   -0.204998 0.000300966
1.25935e-05   -0.204998 1.91534e-05 5.19121e-05   -0.204998 0.000301827
1.25935e-05   -0.204998 1.91534e-05 5.19662e-05   -0.204998 0.000302697
1.25935e-05   -0.204998 1.91534e-05 5.20694e-05   -0.204998 0.000303555
1.25935e-05   -0.204998 1.91534e-05 5.21431e-05   -0.204998 0.000304422
1.25935e-05   -0.204998 1.91534e-05 5.22169e-05   -0.204998  0.00030529
1.25935e-05   -0.204998 1.91534e-05 5.22907e-05   -0.204998 0.000306161
1.25935e-05   -0.204998 1.91534e-05 5.23744e-05   -0.204998 0.000307033
1.25935e-05   -0.204998 1.91534e-05 5.24382e-05   -0.204998 0.000307908
1.25935e-05   -0.204998 1.91534e-05  5.2522e-05   -0.204998 0.000308784
1.25935e-05   -0.204998 1.91534e-05 5.26055e-05   -0.204998 0.000309655
1.25935e-05   -0.204998 1.91534e-05 5.26793e-05   -0.204998 0.000310535
1.25935e-05   -0.204998 1.91534e-05 5.27532e-05   -0.204998 0.000311417
1.25935e-05   -0.204998 1.91534e-05 5.28271e-05   -0.204998 0.000312301
1.25935e-05   -0.204998 1.91534e-05 5.28911e-05   -0.204998 0.000313187
1.25935e-05   -0.204998 1.91534e-05 5.29946e-05   -0.204998 0.000314066
1.25935e-05   -0.204998 1.91534e-05 5.30586e-05   -0.204998 0.000314956
1.25935e-05   -0.204998 1.91534e-05 5.31522e-05   -0.204998 0.000315839
1.25935e-05   -0.204998 1.91534e-05 5.32163e-05   -0.204998 0.000316732
1.25935e-05   -0.204998 1.91534e-05 5.32903e-05   -0.204998 0.000317627
1.25935e-05   -0.204998 1.91534e-05 5.33839e-05   -0.204998 0.000318515
1.25935e-05   -0.204998 1.91534e-05 5.34481e-05   -0.204998 0.000319414
1.25935e-05   -0.204998 1.91534e-05 5.35418e-05   -0.204998 0.000320306
1.25935e-05   -0.204998 1.91534e-05  5.3606e-05   -0.204998 0.000321208
1.25935e-05   -0.204998 1.91534e-05 5.36801e-05   -0.204998 0.000322111
1.25935e-05   -0.204998 1.91534e-05 5.37639e-05   -0.204998 0.000323009
1.25935e-05   -0.204998 1.91534e-05 5.38382e-05   -0.204998 0.000323916
1.25935e-05   -0.204998 1.91534e-05 5.39025e-05   -0.204998 0.000324825
1.25935e-05   -0.204998 1.91534e-05 5.39963e-05   -0.204998 0.000325727
1.25935e-05   -0.204998 1.91534e-05 5.40607e-05   -0.204998  0.00032664
1.25935e-05   -0.204998 1.91534e-05 5.41546e-05   -0.204998 0.000327546
1.25935e-05   -0.204998 1.91534e-05  5.4219e-05   -0.204998 0.000328461
1.25935e-05   -0.204998 1.91534e-05 5.42934e-05   -0.204998 0.000329378
1.25935e-05   -0.204998 1.91534e-05 5.43774e-05   -0.204998 0.000330289
1.25935e-05   -0.204998 1.91534e-05 5.44419e-05   -0.204998  0.00033121
1.25935e-05   -0.204998 1.91534e-05 5.45359e-05   -0.204998 0.000332124
1.25935e-05   -0.204998 1.91534e-05 5.45905e-05   -0.204998 0.000333049
1.25935e-05   -0.204998 1.91534e-05  5.4665e-05   -0.204998 0.000333973
1.25935e-05   -0.204998 1.91534e-05 5.47492e-05   -0.204998 0.000334893
1.25935e-05   -0.204998 1.91534e-05 5.48433e-05   -0.204998 0.000335814
1.25935e-05   -0.204998 1.91534e-05 5.49276e-05   -0.204998 0.000336737
1.25935e-05   -0.204998 1.91534e-05 5.50022e-05   -0.204998 0.000337668
1.25935e-05   -0.204998 1.91534e-05 5.50718e-05   -0.204998 0.000339529
1.25935e-05   -0.204998 1.91534e-05  5.5216e-05   -0.204998 0.000340465
1.25935e-05   -0.204998 1.91534e-05 5.52908e-05   -0.204998 0.000341403
1.25935e-05   -0.204998 1.91534e-05 5.53898e-05   -0.204998 0.000343269
1.25935e-05   -0.204998 1.91534e-05  5.5554e-05   -0.204998 0.000344205
1.25935e-05   -0.204998 1.91534e-05 5.56189e-05   -0.204998  0.00034515
1.25935e-05   -0.204998 1.91534e-05 5.57784e-05   -0.204998 0.000347038
1.25935e-05   -0.204998 1.91534e-05 5.58434e-05   -0.204998 0.000347988
1.25935e-05   -0.204998 1.91534e-05  5.5938e-05   -0.204998 0.000348933
1.25935e-05   -0.204998 1.91534e-05  5.6013e-05   -0.204998 0.000349886
1.25935e-05   -0.204998 1.91534e-05 5.61824e-05   -0.204998 0.000351785
1.25935e-05   -0.204998 1.91534e-05 5.62476e-05   -0.204998 0.000352745
1.25935e-05   -0.204998 1.91534e-05 5.63228e-05   -0.204998 0.000353706
1.25935e-05   -0.204998 1.91534e-05 5.64076e-05   -0.204998 0.000354662
1.25935e-05   -0.204998 1.91534e-05 5.65774e-05   -0.204998  0.00035658
1.25935e-05   -0.204998 1.91534e-05 5.66528e-05   -0.204998 0.000357549
1.25935e-05   -0.204998 1.91534e-05 5.67182e-05   -0.204998 0.000358519
1.25935e-05   -0.204998 1.91534e-05 5.68887e-05   -0.204998 0.000360458
1.25935e-05   -0.204998 1.91534e-05 5.69543e-05   -0.204998 0.000361435
1.25935e-05   -0.204998 1.91534e-05 5.70395e-05   -0.204998 0.000362406
1.25935e-05   -0.204998 1.91534e-05 5.71248e-05   -0.204998 0.000363379
1.25935e-05   -0.204998 1.91534e-05 5.72957e-05   -0.204998 0.000365336
1.25935e-05   -0.204998 1.91534e-05 5.73616e-05   -0.204998 0.000366322
1.25935e-05   -0.204998 1.91534e-05  5.7457e-05   -0.204998 0.000367302
1.25935e-05   -0.204998 1.91534e-05 5.75229e-05   -0.204998 0.000368291
1.25935e-05   -0.204998 1.91534e-05 5.77041e-05   -0.204998  0.00037026
1.25935e-05   -0.204998 1.91534e-05 5.77702e-05   -0.204998 0.000371254
1.25935e-05   -0.204998 1.91534e-05 5.78463e-05   -0.204998  0.00037225
1.25935e-05   -0.204998 1.91534e-05 5.79421e-05   -0.204998  0.00037324
1.25935e-05   -0.204998 1.91534e-05 5.81043e-05   -0.204998 0.000375233
1.25935e-05   -0.204998 1.91534e-05 5.81903e-05   -0.204998 0.000376228
1.25935e-05   -0.204998 1.91534e-05 5.82667e-05   -0.204998 0.000377232
1.25935e-05   -0.204998 1.91534e-05 5.83628e-05   -0.204998  0.00037823
1.25935e-05   -0.204998 1.91534e-05 5.84961e-05   -0.204998 0.000380247
1.25935e-05   -0.204998 1.91534e-05  5.8612e-05   -0.204998 0.000381242
1.25935e-05   -0.204998 1.91534e-05 5.86888e-05   -0.204998 0.000382254
1.25935e-05   -0.204998 1.91534e-05 5.87557e-05   -0.204998 0.000383267
1.25935e-05   -0.204998 1.91534e-05 5.89292e-05   -0.204998  0.00038529
1.25935e-05   -0.204998 1.91534e-05 5.89963e-05   -0.204998 0.000386308
1.25935e-05   -0.204998 1.91534e-05 5.91126e-05   -0.204998 0.000387312
1.25935e-05   -0.204998 1.91534e-05 5.91899e-05   -0.204998 0.000388332
1.25935e-05   -0.204998 1.91534e-05 5.92672e-05   -0.204998 0.000389353
1.25935e-05   -0.204998 1.91534e-05 5.94317e-05   -0.204998 0.000391392
1.25935e-05   -0.204998 1.91534e-05 5.95092e-05   -0.204998 0.000392417
1.25935e-05   -0.204998 1.91534e-05 5.96064e-05   -0.204998 0.000393435
1.25935e-05   -0.204998 1.91534e-05 5.96938e-05   -0.204998 0.000394456
1.25935e-05   -0.204998 1.91534e-05  5.9869e-05   -0.204998 0.000396506
1.25935e-05   -0.204998 1.91534e-05  5.9947e-05   -0.204998 0.000397536
1.25935e-05   -0.204998 1.91534e-05 6.00151e-05   -0.204998 0.000398569
1.25935e-05   -0.204998 1.91534e-05 6.01228e-05   -0.204998 0.000399593
1.25935e-05   -0.204998 1.91534e-05 5.98073e-05   -0.204998 0.000400843
1.25935e-05   -0.204998 1.91534e-05 5.96094e-05   -0.204998 0.000401362
1.25935e-05   -0.204998 1.91534e-05 5.93934e-05   -0.204998 0.000401915
1.25935e-05   -0.204998 1.91534e-05 5.92085e-05   -0.204999 0.000402486
1.25935e-05   -0.204998 1.91534e-05  5.9045e-05   -0.204999 0.000403081
1.25935e-05   -0.204998 1.91534e-05 5.87417e-05   -0.204999 0.000404336
1.25935e-05   -0.204998 1.91534e-05 5.86119e-05   -0.204999 0.000404995
1.25935e-05   -0.204998 1.91534e-05 5.84931e-05   -0.204999 0.000405672
1.25935e-05   -0.204998 1.91534e-05 5.83855e-05   -0.204999 0.000406369
1.25935e-05   -0.204998 1.91534e-05  5.8269e-05   -0.204999 0.000407086
1.25935e-05   -0.204998 1.91534e-05 5.81081e-05      -0.205 0.000408557
1.25935e-05   -0.204998 1.91534e-05 5.80437e-05      -0.205 0.000409311
1.25935e-05   -0.204998 1.91534e-05 5.79805e-05      -0.205 0.000410085
1.25935e-05   -0.204998 1.91534e-05  5.7928e-05      -0.205 0.000410872
1.25935e-05   -0.204998 1.91534e-05 5.77496e-05   -0.204999 0.000411579
1.25935e-05   -0.204998 1.91534e-05 5.78145e-05      -0.205 0.000413306
1.25935e-05   -0.204998 1.91534e-05 5.77846e-05      -0.205 0.000414139
1.25935e-05   -0.204998 1.91534e-05 5.77849e-05      -0.205 0.000414978
1.25935e-05   -0.204998 1.91534e-05 5.77662e-05      -0.205 0.000415832
1.25935e-05   -0.204998 1.91534e-05 5.77601e-05      -0.205 0.000417565
1.25935e-05   -0.204998 1.91534e-05 5.77628e-05      -0.205 0.000418445
1.25935e-05   -0.204998 1.91534e-05 5.77563e-05      -0.205 0.000419339
1.25935e-05   -0.204998 1.91534e-05 5.77698e-05      -0.205 0.000420233
1.25935e-05   -0.204998 1.91534e-05 5.78036e-05      -0.205 0.000421132
1.25935e-05   -0.204998 1.91534e-05 5.78278e-05      -0.205 0.000422039
1.25935e-05   -0.204998 1.91534e-05 5.78429e-05      -0.205  0.00042296
1.25935e-05   -0.204998 1.91534e-05  5.7868e-05   -0.205001 0.000423881
1.25935e-05   -0.204998 1.91534e-05 5.79034e-05   -0.205001 0.000424809
1.25935e-05   -0.204998 1.91534e-05 5.79492e-05   -0.205001 0.000425743
1.25935e-05   -0.204998 1.91534e-05 5.79951e-05   -0.205001 0.000426677
1.25935e-05   -0.204998 1.91534e-05 5.80218e-05   -0.205001 0.000427625
1.25935e-05   -0.204998 1.91534e-05  5.7925e-05   -0.205001 0.000428309
1.25935e-05   -0.204998 1.91534e-05 5.78097e-05   -0.205001 0.000429019
1.25935e-05   -0.204998 1.91534e-05 5.77152e-05   -0.205001 0.000429741
1.25935e-05   -0.204998 1.91534e-05 5.76413e-05   -0.205001 0.000430475
1.25935e-05   -0.204998 1.91534e-05 5.75586e-05   -0.205002 0.000431228
1.25935e-05   -0.204998 1.91534e-05 5.75261e-05   -0.205002 0.000431985
1.25935e-05   -0.204998 1.91534e-05 5.74748e-05   -0.205002 0.000432761
1.25935e-05   -0.204998 1.91534e-05 5.74243e-05   -0.205002 0.000433551
1.25935e-05   -0.204998 1.91534e-05 5.73746e-05   -0.205002 0.000434353
1.25935e-05   -0.204998 1.91534e-05 5.73355e-05   -0.205002 0.000435167
1.25935e-05   -0.204998 1.91534e-05 5.73268e-05   -0.205003 0.000435986
1.25935e-05   -0.204998 1.91534e-05 5.73184e-05   -0.205003 0.000436811
1.25935e-05   -0.204998 1.91534e-05 5.72912e-05   -0.205003 0.000437655
1.25935e-05   -0.204998 1.91534e-05 5.72943e-05   -0.205003 0.000438505
1.25935e-05   -0.204998 1.91534e-05 5.72879e-05   -0.205003 0.000439361
1.25935e-05   -0.204998 1.91534e-05 5.74313e-05   -0.205003 0.000440172
1.25935e-05   -0.204998 1.91534e-05 5.76406e-05   -0.205003 0.000440534
1.25935e-05   -0.204998 1.91534e-05 5.78599e-05   -0.205002 0.000440927
1.25935e-05   -0.204998 1.91534e-05   5.804e-05   -0.205002 0.000441363
1.25935e-05   -0.204998 1.91534e-05 5.82201e-05   -0.205002 0.000441826
1.25935e-05   -0.204998 1.91534e-05 5.84201e-05   -0.205002 0.000442313
1.25935e-05   -0.204998 1.91534e-05 5.85906e-05   -0.205002 0.000442832
1.25935e-05   -0.204998 1.91534e-05 5.87709e-05   -0.205001 0.000443372
1.25935e-05   -0.204998 1.91534e-05 5.89515e-05   -0.205001 0.000443938
1.25935e-05   -0.204998 1.91534e-05 5.91125e-05   -0.205001  0.00044453
1.25935e-05   -0.204998 1.91534e-05 5.92733e-05   -0.205001  0.00044514
1.25935e-05   -0.204998 1.91534e-05 5.94344e-05   -0.205001 0.000445772
1.25935e-05   -0.204998 1.91534e-05 5.95858e-05   -0.205001 0.000446425
1.25935e-05   -0.204998 1.91534e-05 5.97471e-05   -0.205001  0.00044709
1.25935e-05   -0.204998 1.91534e-05 5.99082e-05      -0.205 0.000447769
1.25935e-05   -0.204998 1.91534e-05 6.00599e-05      -0.205 0.000448471
1.25935e-05   -0.204998 1.91534e-05 6.02114e-05      -0.205 0.000449184
1.25935e-05   -0.204998 1.91534e-05 6.03436e-05      -0.205 0.000449919
1.25935e-05   -0.204998 1.91534e-05 6.04952e-05      -0.205 0.000450655
1.25935e-05   -0.204998 1.91534e-05 6.06178e-05      -0.205 0.000451419
1.25935e-05   -0.204998 1.91534e-05 6.07793e-05      -0.205 0.000452176
1.25935e-05   -0.204998 1.91534e-05 6.09019e-05      -0.205 0.000452958
1.25935e-05   -0.204998 1.91534e-05 6.10342e-05      -0.205 0.000453745
1.25935e-05   -0.204998 1.91534e-05 6.11567e-05      -0.205 0.000454544
1.25935e-05   -0.204998 1.91534e-05 6.12794e-05      -0.205 0.000455352
1.25935e-05   -0.204998 1.91534e-05 6.14218e-05      -0.205 0.000456162
1.25935e-05   -0.204998 1.91534e-05 6.14117e-05      -0.205 0.000456734
1.25935e-05   -0.204998 1.91534e-05 6.14121e-05      -0.205 0.000457321
1.25935e-05   -0.204998 1.91534e-05 6.13742e-05      -0.205 0.000457942
1.25935e-05   -0.204998 1.91534e-05 6.13763e-05   -0.205001 0.000458568
1.25935e-05   -0.204998 1.91534e-05 6.13987e-05   -0.205001 0.000459207
1.25935e-05   -0.204998 1.91534e-05 6.13825e-05   -0.205001 0.000459873
1.25935e-05   -0.204998 1.91534e-05 6.14162e-05   -0.205001 0.000460542
1.25935e-05   -0.204998 1.91534e-05 6.14309e-05   -0.205001  0.00046123
1.25935e-05   -0.204998 1.91534e-05 6.14363e-05   -0.205001 0.000461937
1.25935e-05   -0.204998 1.91534e-05 6.14814e-05   -0.205002  0.00046264
1.25935e-05   -0.204998 1.91534e-05 6.15076e-05   -0.205002 0.000463368
1.25935e-05   -0.204998 1.91534e-05 6.15344e-05   -0.205002 0.000464106
1.25935e-05   -0.204998 1.91534e-05 6.15811e-05   -0.205002 0.000464848
1.25935e-05   -0.204998 1.91534e-05 6.16282e-05   -0.205002 0.000465599
1.25935e-05   -0.204998 1.91534e-05 6.16661e-05   -0.205002 0.000466367
1.25935e-05   -0.204998 1.91534e-05 6.17041e-05   -0.205002 0.000467138
1.25935e-05   -0.204998 1.91534e-05 6.17625e-05   -0.205003 0.000467918
1.25935e-05   -0.204998 1.91534e-05 6.18113e-05   -0.205003 0.000468707
1.25935e-05   -0.204998 1.91534e-05 6.18701e-05   -0.205003 0.000469498
1.25935e-05   -0.204998 1.91534e-05 6.19293e-05   -0.205003 0.000470298
1.25935e-05   -0.204998 1.91534e-05 6.19793e-05   -0.205003 0.000471113
1.25935e-05   -0.204998 1.91534e-05 6.20489e-05   -0.205003 0.000471923
1.25935e-05   -0.204998 1.91534e-05  6.2099e-05   -0.205003 0.000472742
1.25935e-05   -0.204998 1.91534e-05 6.20274e-05   -0.205004 0.000473332
1.25935e-05   -0.204998 1.91534e-05 6.19666e-05   -0.205004 0.000473936
1.25935e-05   -0.204998 1.91534e-05 6.19261e-05   -0.205005 0.000474547
1.25935e-05   -0.204998 1.91534e-05 6.19956e-05   -0.205005 0.000474925
1.25935e-05   -0.204998 1.91534e-05 6.22233e-05   -0.205004 0.000475034
1.25935e-05   -0.204998 1.91534e-05 6.24408e-05   -0.205004 0.000475185
1.25935e-05   -0.204998 1.91534e-05 6.26676e-05   -0.205003 0.000475368
1.25935e-05   -0.204998 1.91534e-05 6.28748e-05   -0.205003   0.0004756
1.25935e-05   -0.204998 1.91534e-05 6.30717e-05   -0.205003 0.000475867
1.25935e-05   -0.204998 1.91534e-05 6.32586e-05   -0.205002 0.000476172
1.25935e-05   -0.204998 1.91534e-05 6.34451e-05   -0.205002 0.000476505
1.25935e-05   -0.204998 1.91534e-05 6.36316e-05   -0.205002 0.000476871
1.25935e-05   -0.204998 1.91534e-05 6.38177e-05   -0.205002 0.000477261
1.25935e-05   -0.204998 1.91534e-05 6.40037e-05   -0.205001  0.00047768
1.25935e-05   -0.204998 1.91534e-05 6.41797e-05   -0.205001 0.000478125
1.25935e-05   -0.204998 1.91534e-05 6.43556e-05   -0.205001 0.000478596
1.25935e-05   -0.204998 1.91534e-05 6.44919e-05   -0.205001 0.000479097
1.25935e-05   -0.204998 1.91534e-05 6.46477e-05   -0.205001 0.000479613
1.25935e-05   -0.204998 1.91534e-05 6.48328e-05      -0.205  0.00048014
1.25935e-05   -0.204998 1.91534e-05 6.49788e-05      -0.205 0.000480701
1.25935e-05   -0.204998 1.91534e-05 6.51441e-05      -0.205 0.000481271
1.25935e-05   -0.204998 1.91534e-05 6.52894e-05      -0.205 0.000481858
1.25935e-05   -0.204998 1.91534e-05 6.54449e-05      -0.205 0.000482465
1.25935e-05   -0.204998 1.91534e-05 6.55706e-05      -0.205 0.000483092
1.25935e-05   -0.204998 1.91534e-05 6.56962e-05   -0.204999 0.000483732
1.25935e-05   -0.204998 1.91534e-05 6.58611e-05   -0.204999 0.000484375
1.25935e-05   -0.204998 1.91534e-05 6.59867e-05   -0.204999 0.000485042
1.25935e-05   -0.204998 1.91534e-05 6.61317e-05   -0.204999 0.000485711
1.25935e-05   -0.204998 1.91534e-05 6.62473e-05   -0.204999 0.000486403
1.25935e-05   -0.204998 1.91534e-05 6.64022e-05   -0.204999 0.000487093
1.25935e-05   -0.204998 1.91534e-05 6.63771e-05   -0.204999 0.000487593
1.25935e-05   -0.204998 1.91534e-05 6.63921e-05      -0.205 0.000488103
1.25935e-05   -0.204998 1.91534e-05 6.63979e-05      -0.205 0.000488637
1.25935e-05   -0.204998 1.91534e-05 6.64042e-05      -0.205 0.000489189
1.25935e-05   -0.204998 1.91534e-05  6.6421e-05   -0.205001 0.000489757
1.25935e-05   -0.204998 1.91534e-05 6.64283e-05   -0.205001 0.000490342
1.25935e-05   -0.204998 1.91534e-05 6.64656e-05   -0.205001 0.000490935
1.25935e-05   -0.204998 1.91534e-05 6.64934e-05   -0.205002 0.000491543
1.25935e-05   -0.204998 1.91534e-05 6.65416e-05   -0.205002 0.000492165
1.25935e-05   -0.204998 1.91534e-05 6.65703e-05   -0.205002 0.000492802
1.25935e-05   -0.204998 1.91534e-05 6.66095e-05   -0.205002 0.000493452
1.25935e-05   -0.204998 1.91534e-05 6.66292e-05   -0.205002 0.000494117
1.25935e-05   -0.204998 1.91534e-05 6.67083e-05   -0.205003 0.000494779
1.25935e-05   -0.204998 1.91534e-05 6.67484e-05   -0.205003 0.000495462
1.25935e-05   -0.204998 1.91534e-05 6.67985e-05   -0.205003  0.00049615
1.25935e-05   -0.204998 1.91534e-05 6.68491e-05   -0.205003  0.00049685
1.25935e-05   -0.204998 1.91534e-05 6.69097e-05   -0.205003 0.000497555
1.25935e-05   -0.204998 1.91534e-05 6.69803e-05   -0.205004 0.000498265
1.25935e-05   -0.204998 1.91534e-05 6.70219e-05   -0.205004 0.000498993
1.25935e-05   -0.204998 1.91534e-05 6.71029e-05   -0.205004 0.000499718
1.25935e-05   -0.204998 1.91534e-05 6.72913e-05   -0.205003 0.000500019
1.25935e-05   -0.204998 1.91534e-05 6.75872e-05   -0.205003  0.00049992
1.25935e-05   -0.204998 1.91534e-05 6.78821e-05   -0.205002 0.000499867
1.25935e-05   -0.204998 1.91534e-05 6.81763e-05   -0.205001 0.000499862
1.25935e-05   -0.204998 1.91534e-05 6.84404e-05      -0.205 0.000499911
1.25935e-05   -0.204998 1.91534e-05 6.85842e-05      -0.205 0.000499806
1.25935e-05   -0.204998 1.91534e-05 6.86887e-05      -0.205 0.000499761
1.25935e-05   -0.204998 1.91534e-05 6.88422e-05      -0.205 0.000499749
1.25935e-05   -0.204998 1.91534e-05 6.89566e-05      -0.205 0.000499796
1.25935e-05   -0.204998 1.91534e-05  6.9071e-05   -0.204999 0.000499887
1.25935e-05   -0.204998 1.91534e-05  6.9215e-05   -0.204999 0.000500009
1.25935e-05   -0.204998 1.91534e-05 6.92999e-05   -0.204999 0.000500185
1.25935e-05   -0.204998 1.91534e-05 6.94537e-05   -0.204999  0.00050038
1.25935e-05   -0.204998 1.91534e-05 6.95289e-05   -0.204999  0.00050063
1.25935e-05   -0.204998 1.91534e-05 6.96631e-05   -0.204999 0.000500896
1.25935e-05   -0.204998 1.91534e-05 6.97876e-05   -0.204999 0.000501197
1.25935e-05   -0.204998 1.91534e-05 6.98924e-05   -0.204999 0.000501532
1.25935e-05   -0.204998 1.91534e-05 7.00072e-05   -0.204999 0.000501892
1.25935e-05   -0.204998 1.91534e-05 7.01317e-05   -0.204998 0.000502275
1.25935e-05   -0.204998 1.91534e-05 7.02366e-05   -0.204998 0.000502686
1.25935e-05   -0.204998 1.91534e-05 7.03613e-05   -0.204998 0.000503117
1.25935e-05   -0.204998 1.91534e-05 7.04763e-05   -0.204998 0.000503573
1.25935e-05   -0.204998 1.91534e-05 7.05911e-05   -0.204998 0.000504047
1.25935e-05   -0.204998 1.91534e-05 7.06966e-05   -0.204998  0.00050455
1.25935e-05   -0.204998 1.91534e-05 7.08115e-05   -0.204998 0.000505062
1.25935e-05   -0.204998 1.91534e-05 7.0907e-05  -0.204998  0.0005056
1.25935e-05   -0.204998 1.91534e-05 7.10319e-05   -0.204998 0.000506143
1.25935e-05   -0.204998 1.91534e-05 7.11374e-05   -0.204998 0.000506712
1.25935e-05   -0.204998 1.91534e-05 7.12331e-05   -0.204998 0.000507298
1.25935e-05   -0.204998 1.91534e-05 7.13681e-05   -0.204998 0.000507885
1.25935e-05   -0.204998 1.91534e-05 7.14638e-05   -0.204998 0.000508496
1.25935e-05   -0.204998 1.91534e-05 7.15596e-05   -0.204998 0.000509121
1.25935e-05   -0.204998 1.91534e-05 7.16752e-05   -0.204998 0.000509753
1.25935e-05   -0.204998 1.91534e-05  7.1771e-05   -0.204998 0.000510398
1.25935e-05   -0.204998 1.91534e-05 7.17586e-05   -0.204998 0.000510884
1.25935e-05   -0.204998 1.91534e-05 7.17074e-05   -0.204999 0.000511395
1.25935e-05   -0.204998 1.91534e-05 7.16669e-05   -0.204999  0.00051193
1.25935e-05   -0.204998 1.91534e-05 7.16365e-05   -0.204999 0.000512475
1.25935e-05   -0.204998 1.91534e-05 7.16262e-05      -0.205 0.000513029
1.25935e-05   -0.204998 1.91534e-05 7.16263e-05      -0.205 0.000513599
1.25935e-05   -0.204998 1.91534e-05 7.16074e-05   -0.205001 0.000514192
1.25935e-05   -0.204998 1.91534e-05 7.16085e-05   -0.205001 0.000514793
1.25935e-05   -0.204998 1.91534e-05 7.16196e-05   -0.205001 0.000515401
1.25935e-05   -0.204998 1.91534e-05 7.16216e-05   -0.205002 0.000516031
1.25935e-05   -0.204998 1.91534e-05 7.17593e-05   -0.205001 0.000516185
1.25935e-05   -0.204998 1.91534e-05 7.18873e-05   -0.205001 0.000516382
1.25935e-05   -0.204998 1.91534e-05 7.20053e-05   -0.205001 0.000516614
1.25935e-05   -0.204998 1.91534e-05 7.21332e-05   -0.205001 0.000516879
1.25935e-05   -0.204998 1.91534e-05 7.22511e-05   -0.205001 0.000517174
1.25935e-05   -0.204998 1.91534e-05 7.23884e-05      -0.205 0.000517491
1.25935e-05   -0.204998 1.91534e-05 7.24965e-05      -0.205 0.000517849
1.25935e-05   -0.204998 1.91534e-05 7.26241e-05      -0.205 0.000518224
1.25935e-05   -0.204998 1.91534e-05 7.27419e-05      -0.205 0.000518629
1.25935e-05   -0.204998 1.91534e-05 7.28596e-05      -0.205 0.000519056
1.25935e-05   -0.204998 1.91534e-05 7.29676e-05      -0.205 0.000519511
1.25935e-05   -0.204998 1.91534e-05 7.30755e-05   -0.204999 0.000519984
1.25935e-05   -0.204998 1.91534e-05 7.33184e-05   -0.204999 0.000519981
1.25935e-05   -0.204998 1.91534e-05 7.35315e-05   -0.204998 0.000520032
1.25935e-05   -0.204998 1.91534e-05 7.37539e-05   -0.204998 0.000520119
1.25935e-05   -0.204998 1.91534e-05 7.39564e-05   -0.204997 0.000520254
1.25935e-05   -0.204998 1.91534e-05 7.41487e-05   -0.204997 0.000520426
1.25935e-05   -0.204998 1.91534e-05 7.41937e-05   -0.204997 0.000520488
1.25935e-05   -0.204998 1.91534e-05 7.42291e-05   -0.204997 0.000520594
1.25935e-05   -0.204998 1.91534e-05 7.42746e-05   -0.204997 0.000520737
1.25935e-05   -0.204998 1.91534e-05 7.43299e-05   -0.204997 0.000520913
1.25935e-05   -0.204998 1.91534e-05 7.43857e-05   -0.204997 0.000521128
1.25935e-05   -0.204998 1.91534e-05 7.44417e-05   -0.204997 0.000521379
1.25935e-05   -0.204998 1.91534e-05 7.44881e-05   -0.204997 0.000521665
1.25935e-05   -0.204998 1.91534e-05 7.45444e-05   -0.204997 0.000521978
1.25935e-05   -0.204998 1.91534e-05 7.46106e-05   -0.204997 0.000522314
1.25935e-05   -0.204998 1.91534e-05 7.46771e-05   -0.204997  0.00052268
1.25935e-05   -0.204998 1.91534e-05 7.47339e-05   -0.204997 0.000523074
1.25935e-05   -0.204998 1.91534e-05 7.48106e-05   -0.204997 0.000523487
1.25935e-05   -0.204998 1.91534e-05 7.48679e-05   -0.204997 0.000523932
1.25935e-05   -0.204998 1.91534e-05 7.49546e-05   -0.204997 0.000524387
1.25935e-05   -0.204998 1.91534e-05 7.50221e-05   -0.204997 0.000524872
1.25935e-05   -0.204998 1.91534e-05 7.50993e-05   -0.204997 0.000525371
1.25935e-05   -0.204998 1.91534e-05 7.51572e-05   -0.204997 0.000525897
1.25935e-05   -0.204998 1.91534e-05 7.52449e-05   -0.204997 0.000526435
1.25935e-05   -0.204998 1.91534e-05 7.53324e-05   -0.204997 0.000526984
1.25935e-05   -0.204998 1.91534e-05 7.54201e-05   -0.204997 0.000527551
1.25935e-05   -0.204998 1.91534e-05 7.54885e-05   -0.204997  0.00052814
1.25935e-05   -0.204998 1.91534e-05 7.56818e-05   -0.204997 0.000528228
1.25935e-05   -0.204998 1.91534e-05 7.58847e-05   -0.204996 0.000528354
1.25935e-05   -0.204998 1.91534e-05 7.60579e-05   -0.204996 0.000528524
1.25935e-05   -0.204998 1.91534e-05 7.62406e-05   -0.204995 0.000528728
1.25935e-05   -0.204998 1.91534e-05 7.64035e-05   -0.204995 0.000528971
1.25935e-05   -0.204998 1.91534e-05 7.65859e-05   -0.204995 0.000529242
1.25935e-05   -0.204998 1.91534e-05 7.67484e-05   -0.204994 0.000529547
1.25935e-05   -0.204998 1.91534e-05 7.67646e-05   -0.204994 0.000529748
1.25935e-05   -0.204998 1.91534e-05 7.67421e-05   -0.204995     0.00053
1.25935e-05   -0.204998 1.91534e-05  7.6759e-05   -0.204995 0.000530271
1.25935e-05   -0.204998 1.91534e-05 7.67568e-05   -0.204995 0.000530581
1.25935e-05   -0.204998 1.91534e-05 7.68038e-05   -0.204995 0.000530907
1.25935e-05   -0.204998 1.91534e-05 7.68118e-05   -0.204995 0.000531271
1.25935e-05   -0.204998 1.91534e-05 7.68299e-05   -0.204995 0.000531661
1.25935e-05   -0.204998 1.91534e-05 7.68779e-05   -0.204996  0.00053207
1.25935e-05   -0.204998 1.91534e-05 7.69062e-05   -0.204996 0.000532505
1.25935e-05   -0.204998 1.91534e-05 7.70591e-05   -0.204995 0.000532432
1.25935e-05   -0.204998 1.91534e-05 7.71826e-05   -0.204995 0.000532421
1.25935e-05   -0.204998 1.91534e-05 7.73255e-05   -0.204995 0.000532446
1.25935e-05   -0.204998 1.91534e-05 7.74684e-05   -0.204994 0.000532519
1.25935e-05   -0.204998 1.91534e-05 7.7611e-05  -0.204994 0.00053263
1.25935e-05   -0.204998 1.91534e-05 7.77537e-05   -0.204994 0.000532783
1.25935e-05   -0.204998 1.91534e-05  7.7867e-05   -0.204993 0.000532984
1.25935e-05   -0.204998 1.91534e-05 7.80093e-05   -0.204993 0.000533207
1.25935e-05   -0.204998 1.91534e-05 7.81322e-05   -0.204993 0.000533473
1.25935e-05   -0.204998 1.91534e-05 7.8265e-05  -0.204992 0.00053377
1.25935e-05   -0.204998 1.91534e-05 7.83779e-05   -0.204992 0.000534099
1.25935e-05   -0.204998 1.91534e-05 7.85303e-05   -0.204992 0.000534449
1.25935e-05   -0.204998 1.91534e-05 7.86531e-05   -0.204992 0.000534832
1.25935e-05   -0.204998 1.91534e-05 7.87759e-05   -0.204992 0.000535241
1.25935e-05   -0.204998 1.91534e-05 7.89085e-05   -0.204991 0.000535672
1.25935e-05   -0.204998 1.91534e-05 7.90216e-05   -0.204991 0.000536133
1.25935e-05   -0.204998 1.91534e-05 7.91445e-05   -0.204991 0.000536613
1.25935e-05   -0.204998 1.91534e-05  7.9287e-05   -0.204991 0.000537105
1.25935e-05   -0.204998 1.91534e-05  7.9245e-05   -0.204991 0.000537512
1.25935e-05   -0.204998 1.91534e-05 7.91937e-05   -0.204992 0.000537948
1.25935e-05   -0.204998 1.91534e-05 7.91526e-05   -0.204992 0.000538406
1.25935e-05   -0.204998 1.91534e-05 7.91414e-05   -0.204993 0.000538877
1.25935e-05   -0.204998 1.91534e-05 7.91956e-05   -0.204992 0.000538838
1.25935e-05   -0.204998 1.91534e-05 7.92791e-05   -0.204992 0.000538837
1.25935e-05   -0.204998 1.91534e-05 7.93627e-05   -0.204992 0.000538883
1.25935e-05   -0.204998 1.91534e-05 7.94659e-05   -0.204992 0.000538968
1.25935e-05   -0.204998 1.91534e-05 7.95301e-05   -0.204992 0.000539109
1.25935e-05   -0.204998 1.91534e-05 7.96139e-05   -0.204991 0.000539283
1.25935e-05   -0.204998 1.91534e-05 7.97173e-05   -0.204991 0.000539488
1.25935e-05   -0.204998 1.91534e-05 7.98111e-05   -0.204991 0.000539735
1.25935e-05   -0.204998 1.91534e-05 7.99049e-05   -0.204991 0.000540014
1.25935e-05   -0.204998 1.91534e-05 7.99888e-05   -0.204991 0.000540325
1.25935e-05   -0.204998 1.91534e-05  8.0073e-05   -0.204991 0.000540672
1.25935e-05   -0.204998 1.91534e-05 8.01867e-05   -0.204991 0.000541038
1.25935e-05   -0.204998 1.91534e-05 8.02808e-05   -0.204991 0.000541436
1.25935e-05   -0.204998 1.91534e-05 8.03749e-05    -0.20499 0.000541858
1.25935e-05   -0.204998 1.91534e-05 8.04788e-05    -0.20499 0.000542302
1.25935e-05   -0.204998 1.91534e-05 8.05831e-05    -0.20499 0.000542773
1.25935e-05   -0.204998 1.91534e-05 8.06972e-05    -0.20499 0.000543263
1.25935e-05   -0.204998 1.91534e-05 8.08857e-05    -0.20499 0.000543219
1.25935e-05   -0.204998 1.91534e-05  8.1074e-05   -0.204989 0.000543225
1.25935e-05   -0.204998 1.91534e-05  8.1262e-05   -0.204988 0.000543276
1.25935e-05   -0.204998 1.91534e-05 8.14402e-05   -0.204988 0.000543378
1.25935e-05   -0.204998 1.91534e-05 8.16277e-05   -0.204987 0.000543512
1.25935e-05   -0.204998 1.91534e-05 8.16312e-05   -0.204987 0.000543594
1.25935e-05   -0.204998 1.91534e-05 8.16448e-05   -0.204987 0.000543716
1.25935e-05   -0.204998 1.91534e-05 8.16489e-05   -0.204988 0.000543883
1.25935e-05   -0.204998 1.91534e-05 8.16726e-05   -0.204988  0.00054408
1.25935e-05   -0.204998 1.91534e-05 8.16967e-05   -0.204988 0.000544318
1.25935e-05   -0.204998 1.91534e-05 8.17305e-05   -0.204988 0.000544588
1.25935e-05   -0.204998 1.91534e-05 8.17645e-05   -0.204988 0.000544895
1.25935e-05   -0.204998 1.91534e-05 8.18081e-05   -0.204988  0.00054523
1.25935e-05   -0.204998 1.91534e-05  8.1842e-05   -0.204988 0.000545598
1.25935e-05   -0.204998 1.91534e-05 8.19051e-05   -0.204988 0.000545983
1.25935e-05   -0.204998 1.91534e-05 8.19488e-05   -0.204988 0.000546406
1.25935e-05   -0.204998 1.91534e-05 8.20022e-05   -0.204988 0.000546849
1.25935e-05   -0.204998 1.91534e-05 8.20458e-05   -0.204988  0.00054732
1.25935e-05   -0.204998 1.91534e-05 8.20894e-05   -0.204989 0.000547816
1.25935e-05   -0.204998 1.91534e-05 8.21528e-05   -0.204989 0.000548329
1.25935e-05   -0.204998 1.91534e-05 8.23197e-05   -0.204988 0.000548281
1.25935e-05   -0.204998 1.91534e-05 8.24766e-05   -0.204988 0.000548287
1.25935e-05   -0.204998 1.91534e-05 8.26135e-05   -0.204987 0.000548347
1.25935e-05   -0.204998 1.91534e-05 8.27895e-05   -0.204987  0.00054844
1.25935e-05   -0.204998 1.91534e-05  8.2926e-05   -0.204986 0.000548588
1.25935e-05   -0.204998 1.91534e-05 8.30721e-05   -0.204986 0.000548771
1.25935e-05   -0.204998 1.91534e-05  8.3218e-05   -0.204985 0.000548995
1.25935e-05   -0.204998 1.91534e-05  8.3344e-05   -0.204985 0.000549258
1.25935e-05   -0.204998 1.91534e-05 8.34993e-05   -0.204985 0.000549549
1.25935e-05   -0.204998 1.91534e-05 8.36446e-05   -0.204984 0.000549873
1.25935e-05   -0.204998 1.91534e-05 8.36068e-05   -0.204985 0.000550145
1.25935e-05   -0.204998 1.91534e-05 8.35496e-05   -0.204985 0.000550459
1.25935e-05   -0.204998 1.91534e-05 8.35318e-05   -0.204985 0.000550792
1.25935e-05   -0.204998 1.91534e-05 8.35338e-05   -0.204986 0.000551152
1.25935e-05   -0.204998 1.91534e-05 8.34869e-05   -0.204986 0.000551557
1.25935e-05   -0.204998 1.91534e-05 8.34894e-05   -0.204986 0.000551977
1.25935e-05   -0.204998 1.91534e-05 8.35116e-05   -0.204986 0.000552418
1.25935e-05   -0.204998 1.91534e-05 8.35979e-05   -0.204986 0.000552302
1.25935e-05   -0.204998 1.91534e-05 8.36843e-05   -0.204986 0.000552244
1.25935e-05   -0.204998 1.91534e-05 8.37999e-05   -0.204985 0.000552228
1.25935e-05   -0.204998 1.91534e-05 8.38761e-05   -0.204985 0.000552272
1.25935e-05   -0.204998 1.91534e-05 8.39719e-05   -0.204985 0.000552359
1.25935e-05   -0.204998 1.91534e-05 8.40872e-05   -0.204985 0.000552484
1.25935e-05   -0.204998 1.91534e-05 8.41829e-05   -0.204984 0.000552661
1.25935e-05   -0.204998 1.91534e-05 8.42883e-05   -0.204984 0.000552871
1.25935e-05   -0.204998 1.91534e-05  8.4374e-05   -0.204984 0.000553128
1.25935e-05   -0.204998 1.91534e-05 8.45088e-05   -0.204984 0.000553406
1.25935e-05   -0.204998 1.91534e-05 8.45846e-05   -0.204983 0.000553733
1.25935e-05   -0.204998 1.91534e-05 8.46997e-05   -0.204983 0.000554084
1.25935e-05   -0.204998 1.91534e-05 8.47853e-05   -0.204983 0.000554472
1.25935e-05   -0.204998 1.91534e-05 8.49102e-05   -0.204983  0.00055488
1.25935e-05   -0.204998 1.91534e-05 8.50155e-05   -0.204983 0.000555321
1.25935e-05   -0.204998 1.91534e-05 8.51207e-05   -0.204982 0.000555787
1.25935e-05   -0.204998 1.91534e-05 8.52357e-05   -0.204982 0.000556276
1.25935e-05   -0.204998 1.91534e-05 8.52904e-05   -0.204982 0.000555987
1.25935e-05   -0.204998 1.91534e-05  8.5345e-05   -0.204982 0.000555762
1.25935e-05   -0.204998 1.91534e-05 8.54192e-05   -0.204982 0.000555589
1.25935e-05   -0.204998 1.91534e-05 8.54742e-05   -0.204982 0.000555486
1.25935e-05   -0.204998 1.91534e-05 8.55487e-05   -0.204982  0.00055543
1.25935e-05   -0.204998 1.91534e-05 8.56335e-05   -0.204982  0.00055543
1.25935e-05   -0.204998 1.91534e-05 8.57082e-05   -0.204982 0.000555478
1.25935e-05   -0.204998 1.91534e-05 8.57832e-05   -0.204982 0.000555576
1.25935e-05   -0.204998 1.91534e-05 8.58681e-05   -0.204982 0.000555716
1.25935e-05   -0.204998 1.91534e-05 8.59533e-05   -0.204982 0.000555902
1.25935e-05   -0.204998 1.91534e-05 8.60284e-05   -0.204981 0.000556126
1.25935e-05   -0.204998 1.91534e-05 8.61236e-05   -0.204981 0.000556389
1.25935e-05   -0.204998 1.91534e-05 8.62088e-05   -0.204981 0.000556686
1.25935e-05   -0.204998 1.91534e-05 8.62845e-05   -0.204981 0.000557027
1.25935e-05   -0.204998 1.91534e-05 8.63797e-05   -0.204981 0.000557389
1.25935e-05   -0.204998 1.91534e-05 8.64851e-05   -0.204981 0.000557783
1.25935e-05   -0.204998 1.91534e-05 8.65807e-05   -0.204981  0.00055821
1.25935e-05   -0.204998 1.91534e-05 8.6686e-05  -0.204981 0.00055866
1.25935e-05   -0.204998 1.91534e-05 8.68554e-05   -0.204981 0.000558535
1.25935e-05   -0.204998 1.91534e-05  8.7054e-05    -0.20498 0.000558457
1.25935e-05   -0.204998 1.91534e-05 8.72131e-05   -0.204979 0.000558445
1.25935e-05   -0.204998 1.91534e-05 8.73917e-05   -0.204979 0.000558481
1.25935e-05   -0.204998 1.91534e-05 8.75799e-05   -0.204979 0.000558562
1.25935e-05   -0.204998 1.91534e-05 8.77481e-05   -0.204978 0.000558693
1.25935e-05   -0.204998 1.91534e-05 8.79162e-05   -0.204978 0.000558869
1.25935e-05   -0.204998 1.91534e-05 8.80546e-05   -0.204978 0.000559097
1.25935e-05   -0.204998 1.91534e-05 8.82126e-05   -0.204977 0.000559357
1.25935e-05   -0.204998 1.91534e-05 8.83998e-05   -0.204977 0.000559648
1.25935e-05   -0.204998 1.91534e-05 8.85475e-05   -0.204977 0.000559983
1.25935e-05   -0.204998 1.91534e-05  8.8705e-05   -0.204977 0.000560352
1.25935e-05   -0.204998 1.91534e-05 8.86799e-05   -0.204978 0.000560678
1.25935e-05   -0.204998 1.91534e-05 8.8665e-05  -0.204979 0.00056104
1.25935e-05   -0.204998 1.91534e-05 8.86498e-05   -0.204979 0.000561431
1.25935e-05   -0.204998 1.91534e-05 8.87475e-05   -0.204979 0.000561224
1.25935e-05   -0.204998 1.91534e-05 8.88254e-05   -0.204979 0.000561085
1.25935e-05   -0.204998 1.91534e-05 8.89035e-05    -0.20498 0.000561009
1.25935e-05   -0.204998 1.91534e-05 8.90207e-05    -0.20498 0.000560977
1.25935e-05   -0.204998 1.91534e-05  8.9079e-05    -0.20498 0.000561017
1.25935e-05   -0.204998 1.91534e-05 8.91864e-05    -0.20498 0.000561095
1.25935e-05   -0.204998 1.91534e-05 8.92743e-05    -0.20498 0.000561229
1.25935e-05   -0.204998 1.91534e-05 8.93522e-05    -0.20498 0.000561411
1.25935e-05   -0.204998 1.91534e-05 8.94497e-05    -0.20498 0.000561629
1.25935e-05   -0.204998 1.91534e-05 8.95571e-05    -0.20498 0.000561888
1.25935e-05   -0.204998 1.91534e-05 8.96548e-05   -0.204981 0.000562193
1.25935e-05   -0.204998 1.91534e-05 8.97621e-05   -0.204981 0.000562528
1.25935e-05   -0.204998 1.91534e-05 8.98598e-05   -0.204981 0.000562903
1.25935e-05   -0.204998 1.91534e-05 8.99573e-05   -0.204981 0.000563311
1.25935e-05   -0.204998 1.91534e-05 9.00646e-05   -0.204982 0.000563749
1.25935e-05   -0.204998 1.91534e-05 9.01623e-05   -0.204982 0.000564222
1.25935e-05   -0.204998 1.91534e-05 9.02698e-05   -0.204982  0.00056472
1.25935e-05   -0.204998 1.91534e-05 9.03771e-05   -0.204983 0.000565244
1.25935e-05   -0.204998 1.91534e-05 9.05475e-05   -0.204982 0.000565158
1.25935e-05   -0.204998 1.91534e-05  9.0757e-05   -0.204982 0.000565121
1.25935e-05   -0.204998 1.91534e-05 9.09271e-05   -0.204982 0.000565153
1.25935e-05   -0.204998 1.91534e-05 9.10969e-05   -0.204982 0.000565234
1.25935e-05   -0.204998 1.91534e-05 9.12763e-05   -0.204982 0.000565363
1.25935e-05   -0.204998 1.91534e-05 9.14457e-05   -0.204982 0.000565542
1.25935e-05   -0.204998 1.91534e-05 9.16052e-05   -0.204982 0.000565769
1.25935e-05   -0.204998 1.91534e-05 9.17742e-05   -0.204982 0.000566034
1.25935e-05   -0.204998 1.91534e-05 9.19432e-05   -0.204982 0.000566341
1.25935e-05   -0.204998 1.91534e-05 9.21122e-05   -0.204983 0.000566688
1.25935e-05   -0.204998 1.91534e-05 9.22611e-05   -0.204983 0.000567072
1.25935e-05   -0.204998 1.91534e-05   9.242e-05   -0.204983 0.000567491
1.25935e-05   -0.204998 1.91534e-05 9.25787e-05   -0.204983 0.000567943
1.25935e-05   -0.204998 1.91534e-05 9.27274e-05   -0.204984 0.000568425
1.25935e-05   -0.204998 1.91534e-05 9.29682e-05   -0.204984 0.000568284
1.25935e-05   -0.204998 1.91534e-05 9.31794e-05   -0.204983 0.000568214
1.25935e-05   -0.204998 1.91534e-05 9.34194e-05   -0.204983 0.000568188
1.25935e-05   -0.204998 1.91534e-05   9.363e-05   -0.204983 0.000568232
1.25935e-05   -0.204998 1.91534e-05 9.38207e-05   -0.204983 0.000568335
1.25935e-05   -0.204998 1.91534e-05 9.40406e-05   -0.204983 0.000568478
1.25935e-05   -0.204998 1.91534e-05 9.42407e-05   -0.204983 0.000568674
1.25935e-05   -0.204998 1.91534e-05 9.44113e-05   -0.204984 0.000568926
1.25935e-05   -0.204998 1.91534e-05 9.4611e-05  -0.204984 0.00056921
1.25935e-05   -0.204998 1.91534e-05 9.48106e-05   -0.204984 0.000569536
1.25935e-05   -0.204998 1.91534e-05 9.49904e-05   -0.204984 0.000569904
1.25935e-05   -0.204998 1.91534e-05 9.51701e-05   -0.204985  0.00057031
1.25935e-05   -0.204998 1.91534e-05 9.53398e-05   -0.204985 0.000570751
1.25935e-05   -0.204998 1.91534e-05 9.55194e-05   -0.204986 0.000571226
1.25935e-05   -0.204998 1.91534e-05 9.57086e-05   -0.204986 0.000571725
1.25935e-05   -0.204998 1.91534e-05 9.58585e-05   -0.204987 0.000572268
1.25935e-05   -0.204998 1.91534e-05 9.60999e-05   -0.204987 0.000572165
1.25935e-05   -0.204998 1.91534e-05 9.63315e-05   -0.204986 0.000572109
1.25935e-05   -0.204998 1.91534e-05 9.65624e-05   -0.204986 0.000572081
1.25935e-05   -0.204998 1.91534e-05 9.67934e-05   -0.204986 0.000572116
1.25935e-05   -0.204998 1.91534e-05 9.70142e-05   -0.204987 0.000572205
1.25935e-05   -0.204998 1.91534e-05 9.72251e-05   -0.204987  0.00057235
1.25935e-05   -0.204998 1.91534e-05 9.74261e-05   -0.204987 0.000572549
1.25935e-05   -0.204998 1.91534e-05 9.76464e-05   -0.204987 0.000572785
1.25935e-05   -0.204998 1.91534e-05 9.78471e-05   -0.204987 0.000573074
1.25935e-05   -0.204998 1.91534e-05 9.80379e-05   -0.204988 0.000573408
1.25935e-05   -0.204998 1.91534e-05 9.82187e-05   -0.204988 0.000573784
1.25935e-05   -0.204998 1.91534e-05 9.84287e-05   -0.204989 0.000574183
1.25935e-05   -0.204998 1.91534e-05 9.85995e-05   -0.204989 0.000574626
1.25935e-05   -0.204998 1.91534e-05 9.87898e-05    -0.20499 0.000575083
1.25935e-05   -0.204998 1.91534e-05 9.89704e-05    -0.20499 0.000575561
1.25935e-05   -0.204998 1.91534e-05 9.92027e-05    -0.20499 0.000575394
1.25935e-05   -0.204998 1.91534e-05 9.94446e-05    -0.20499 0.000575247
1.25935e-05   -0.204998 1.91534e-05 9.97058e-05    -0.20499  0.00057511
1.25935e-05   -0.204998 1.91534e-05 9.99177e-05    -0.20499 0.000575053
1.25935e-05   -0.204998 1.91534e-05 0.000100139    -0.20499 0.000575054
1.25935e-05   -0.204998 1.91534e-05 0.000100371    -0.20499 0.000575112
1.25935e-05   -0.204998 1.91534e-05 0.000100582    -0.20499 0.000575228
1.25935e-05   -0.204998 1.91534e-05 0.000100783    -0.20499 0.000575401
1.25935e-05   -0.204998 1.91534e-05 0.000100984    -0.20499 0.000575621
1.25935e-05   -0.204998 1.91534e-05 0.000101174   -0.204991 0.000575875
1.25935e-05   -0.204998 1.91534e-05 0.000101384   -0.204991  0.00057616
1.25935e-05   -0.204998 1.91534e-05 0.000101564   -0.204991 0.000576472
1.25935e-05   -0.204998 1.91534e-05 0.000101754   -0.204992 0.000576801
1.25935e-05   -0.204998 1.91534e-05 0.000101944   -0.204992 0.000577143
1.25935e-05   -0.204998 1.91534e-05 0.000102123   -0.204992 0.000577492
1.25935e-05   -0.204998 1.91534e-05 0.000102312   -0.204993 0.000577843
1.25935e-05   -0.204998 1.91534e-05 0.000102471   -0.204993   0.0005782
1.25935e-05   -0.204998 1.91534e-05 0.000102722   -0.204993 0.000577901
1.25935e-05   -0.204998 1.91534e-05 0.000102961   -0.204993 0.000577612
1.25935e-05   -0.204998 1.91534e-05 0.000103191   -0.204993 0.000577337
1.25935e-05   -0.204998 1.91534e-05 0.000103421   -0.204993 0.000577128
1.25935e-05   -0.204998 1.91534e-05  0.00010364   -0.204993 0.000576989
1.25935e-05   -0.204998 1.91534e-05 0.000103879   -0.204993 0.000576908
1.25935e-05   -0.204998 1.91534e-05 0.000104088   -0.204993 0.000576888
1.25935e-05   -0.204998 1.91534e-05 0.000104298   -0.204993 0.000576918
1.25935e-05   -0.204998 1.91534e-05 0.000104477   -0.204993 0.000576999
1.25935e-05   -0.204998 1.91534e-05 0.000104687   -0.204993 0.000577109
1.25935e-05   -0.204998 1.91534e-05 0.000104876   -0.204993  0.00057725
1.25935e-05   -0.204998 1.91534e-05 0.000105065   -0.204993 0.000577414
1.25935e-05   -0.204998 1.91534e-05 0.000105254   -0.204994 0.000577597
1.25935e-05   -0.204998 1.91534e-05 0.000105443   -0.204994 0.000577794
1.25935e-05   -0.204998 1.91534e-05 0.000105632   -0.204994 0.000577999
1.25935e-05   -0.204998 1.91534e-05 0.000105811   -0.204995 0.000578216
1.25935e-05   -0.204998 1.91534e-05  0.00010598   -0.204995 0.000578434
1.25935e-05   -0.204998 1.91534e-05 0.000106158   -0.204995  0.00057865
1.25935e-05   -0.204998 1.91534e-05 0.000106347   -0.204995  0.00057886
1.25935e-05   -0.204998 1.91534e-05 0.000106516   -0.204996  0.00057907
1.25935e-05   -0.204998 1.91534e-05 0.000106665   -0.204996 0.000579278
1.25935e-05   -0.204998 1.91534e-05 0.000106914   -0.204996 0.000578822
1.25935e-05   -0.204998 1.91534e-05 0.000107143   -0.204995 0.000578379
1.25935e-05   -0.204998 1.91534e-05 0.000107402   -0.204995 0.000577939
1.25935e-05   -0.204998 1.91534e-05 0.000107631   -0.204995 0.000577569
1.25935e-05   -0.204998 1.91534e-05  0.00010786   -0.204995 0.000577266
1.25935e-05   -0.204998 1.91534e-05 0.000108079   -0.204995 0.000577029
1.25935e-05   -0.204998 1.91534e-05 0.000108279   -0.204995 0.000576858
1.25935e-05   -0.204998 1.91534e-05 0.000108488   -0.204995 0.000576732
1.25935e-05   -0.204998 1.91534e-05 0.000108697   -0.204995 0.000576651
1.25935e-05   -0.204998 1.91534e-05 0.000108907   -0.204995 0.000576609
1.25935e-05   -0.204998 1.91534e-05 0.000109096   -0.204995 0.000576607
1.25935e-05   -0.204998 1.91534e-05 0.000109286   -0.204995 0.000576633
1.25935e-05   -0.204998 1.91534e-05 0.000109475   -0.204995 0.000576682
1.25935e-05   -0.204998 1.91534e-05 0.000109675   -0.204995 0.000576748
1.25935e-05   -0.204998 1.91534e-05 0.000109854   -0.204995 0.000576835
1.25935e-05   -0.204998 1.91534e-05 0.000110044   -0.204996 0.000576931
1.25935e-05   -0.204998 1.91534e-05 0.000110214   -0.204996 0.000577041
1.25935e-05   -0.204998 1.91534e-05 0.000110403   -0.204996 0.000577146
1.25935e-05   -0.204998 1.91534e-05 0.000110582   -0.204996 0.000577259
1.25935e-05   -0.204998 1.91534e-05 0.000110732   -0.204996 0.000577383
1.25935e-05   -0.204998 1.91534e-05 0.000110912   -0.204997 0.000577495
1.25935e-05   -0.204998 1.91534e-05 0.000111081   -0.204997 0.000577607
1.25935e-05   -0.204998 1.91534e-05 0.000111241   -0.204997 0.000577717
1.25935e-05   -0.204998 1.91534e-05  0.0001115  -0.204997 0.00057716
1.25935e-05   -0.204998 1.91534e-05  0.00011174   -0.204996 0.000576622
1.25935e-05   -0.204998 1.91534e-05 0.000111989   -0.204996 0.000576092
1.25935e-05   -0.204998 1.91534e-05 0.000112219   -0.204996 0.000575639
1.25935e-05   -0.204998 1.91534e-05 0.000112448   -0.204996 0.000575256
1.25935e-05   -0.204998 1.91534e-05 0.000112678   -0.204995 0.000574934
1.25935e-05   -0.204998 1.91534e-05 0.000112897   -0.204995 0.000574681
1.25935e-05   -0.204998 1.91534e-05 0.000113117   -0.204995 0.000574482
1.25935e-05   -0.204998 1.91534e-05 0.000113317   -0.204995 0.000574339
1.25935e-05   -0.204998 1.91534e-05 0.000113537   -0.204995  0.00057423
1.25935e-05   -0.204998 1.91534e-05 0.000113737   -0.204995 0.000574165
1.25935e-05   -0.204998 1.91534e-05 0.000113947   -0.204995 0.000574131
1.25935e-05   -0.204998 1.91534e-05 0.000114118   -0.204995 0.000574136
1.25935e-05   -0.204998 1.91534e-05 0.000114327   -0.204996 0.000574148
1.25935e-05   -0.204998 1.91534e-05 0.000114508   -0.204996 0.000574191
1.25935e-05   -0.204998 1.91534e-05 0.000114698   -0.204996 0.000574246
1.25935e-05   -0.204998 1.91534e-05 0.000114878   -0.204996 0.000574317
1.25935e-05   -0.204998 1.91534e-05 0.000115058   -0.204996 0.000574394
1.25935e-05   -0.204998 1.91534e-05 0.000115248   -0.204996 0.000574474
1.25935e-05   -0.204998 1.91534e-05 0.000115408   -0.204997 0.000574568
1.25935e-05   -0.204998 1.91534e-05 0.000115578   -0.204997  0.00057466
1.25935e-05   -0.204998 1.91534e-05 0.000115767   -0.204997 0.000574747
1.25935e-05   -0.204998 1.91534e-05 0.000115926   -0.204997 0.000574835
1.25935e-05   -0.204998 1.91534e-05 0.000116085   -0.204998 0.000574922
1.25935e-05   -0.204998 1.91534e-05 0.000116352   -0.204997 0.000574338
1.25935e-05   -0.204998 1.91534e-05  0.00011661   -0.204997 0.000573769
1.25935e-05   -0.204998 1.91534e-05 0.000116848   -0.204996 0.000573221
1.25935e-05   -0.204998 1.91534e-05 0.000117085   -0.204996 0.000572745
1.25935e-05   -0.204998 1.91534e-05 0.000117342   -0.204996 0.000572332
1.25935e-05   -0.204998 1.91534e-05  0.00011757   -0.204996 0.000571995
1.25935e-05   -0.204998 1.91534e-05 0.000117787   -0.204995 0.000571726
1.25935e-05   -0.204998 1.91534e-05 0.000117995   -0.204995 0.000571515
1.25935e-05   -0.204998 1.91534e-05 0.000118212   -0.204995 0.000571351
1.25935e-05   -0.204998 1.91534e-05 0.000118429   -0.204995 0.000571231
1.25935e-05   -0.204998 1.91534e-05 0.000118617   -0.204995 0.000571162
1.25935e-05   -0.204998 1.91534e-05 0.000118813   -0.204995 0.000571118
1.25935e-05   -0.204998 1.91534e-05 0.00011903  -0.204996  0.0005711
1.25935e-05   -0.204998 1.91534e-05 0.000119207   -0.204996 0.000571118
1.25935e-05   -0.204998 1.91534e-05 0.000119394   -0.204996 0.000571154
1.25935e-05   -0.204998 1.91534e-05 0.000119591   -0.204996 0.000571203
1.25935e-05   -0.204998 1.91534e-05 0.000119758   -0.204996 0.000571276
1.25935e-05   -0.204998 1.91534e-05 0.000119945   -0.204996 0.000571349
1.25935e-05   -0.204998 1.91534e-05 0.000120131   -0.204997 0.000571433
1.25935e-05   -0.204998 1.91534e-05 0.000120278   -0.204997 0.000571532
1.25935e-05   -0.204998 1.91534e-05 0.000120465   -0.204997 0.000571622
1.25935e-05   -0.204998 1.91534e-05 0.000120641   -0.204997 0.000571715
1.25935e-05   -0.204998 1.91534e-05 0.000120778   -0.204997 0.000571818
1.25935e-05   -0.204998 1.91534e-05 0.000120965   -0.204998 0.000571905
1.25935e-05   -0.204998 1.91534e-05 0.000121131   -0.204998 0.000571991
1.25935e-05   -0.204998 1.91534e-05 0.000121386   -0.204997  0.00057141
1.25935e-05   -0.204998 1.91534e-05 0.000121632   -0.204997 0.000570843
1.25935e-05   -0.204998 1.91534e-05 0.000121897   -0.204997 0.000570283
1.25935e-05   -0.204998 1.91534e-05 0.000122152   -0.204996 0.000569801
1.25935e-05   -0.204998 1.91534e-05 0.000122377   -0.204996 0.000569397
1.25935e-05   -0.204998 1.91534e-05 0.000122613   -0.204996 0.000569059
1.25935e-05   -0.204998 1.91534e-05 0.000122849   -0.204996 0.000568784
1.25935e-05   -0.204998 1.91534e-05 0.000123084   -0.204996 0.000568565
1.25935e-05   -0.204998 1.91534e-05  0.00012328   -0.204996 0.000568409
1.25935e-05   -0.204998 1.91534e-05 0.000123516   -0.204996 0.000568288
1.25935e-05   -0.204998 1.91534e-05 0.000123722   -0.204996 0.000568212
1.25935e-05   -0.204998 1.91534e-05 0.000123899   -0.204996 0.000568187
1.25935e-05   -0.204998 1.91534e-05 0.000124105   -0.204996 0.000568184
1.25935e-05   -0.204998 1.91534e-05 0.000124321   -0.204996 0.000568202
1.25935e-05   -0.204998 1.91534e-05 0.000124488   -0.204996  0.00056826
1.25935e-05   -0.204998 1.91534e-05 0.000124693   -0.204996 0.000568317
1.25935e-05   -0.204998 1.91534e-05  0.00012488   -0.204996 0.000568397
1.25935e-05   -0.204998 1.91534e-05 0.000125047   -0.204997 0.000568492
1.25935e-05   -0.204998 1.91534e-05 0.000125233   -0.204997 0.000568589
1.25935e-05   -0.204998 1.91534e-05  0.00012543   -0.204997 0.000568687
1.25935e-05   -0.204998 1.91534e-05 0.000125587   -0.204997 0.000568804
1.25935e-05   -0.204998 1.91534e-05 0.000125764   -0.204997 0.000568912
1.25935e-05   -0.204998 1.91534e-05 0.00012594  -0.204998 0.00056902
1.25935e-05   -0.204998 1.91534e-05 0.000126107   -0.204998 0.000569128
1.25935e-05   -0.204998 1.91534e-05 0.000126284   -0.204998 0.000569228
1.25935e-05   -0.204998 1.91534e-05 0.000126422   -0.204998 0.000569339
1.25935e-05   -0.204998 1.91534e-05 0.000126706   -0.204998 0.000568752
1.25935e-05   -0.204998 1.91534e-05 0.000126971   -0.204997 0.000568185
1.25935e-05   -0.204998 1.91534e-05 0.000127246   -0.204997 0.000567631
1.25935e-05   -0.204998 1.91534e-05 0.000127502   -0.204997 0.000567154
1.25935e-05   -0.204998 1.91534e-05 0.000127747   -0.204996 0.000566747
1.25935e-05   -0.204998 1.91534e-05 0.000127993   -0.204996 0.000566414
1.25935e-05   -0.204998 1.91534e-05 0.000128219   -0.204996 0.000566149
1.25935e-05   -0.204998 1.91534e-05 0.000128465   -0.204996 0.000565932
1.25935e-05   -0.204998 1.91534e-05 0.000128711   -0.204996  0.00056577
1.25935e-05   -0.204998 1.91534e-05 0.000128909   -0.204996 0.000565667
1.25935e-05   -0.204998 1.91534e-05 0.000129135   -0.204996 0.000565593
1.25935e-05   -0.204998 1.91534e-05 0.000129352   -0.204996 0.000565559
1.25935e-05   -0.204998 1.91534e-05 0.000129549   -0.204996 0.000565565
1.25935e-05   -0.204998 1.91534e-05 0.000129756   -0.204996 0.000565587
1.25935e-05   -0.204998 1.91534e-05 0.000129964   -0.204996 0.000565633
1.25935e-05   -0.204998 1.91534e-05 0.000130142   -0.204996 0.000565709
1.25935e-05   -0.204998 1.91534e-05 0.000130349   -0.204996 0.000565788
1.25935e-05   -0.204998 1.91534e-05 0.000130556   -0.204997 0.000565881
1.25935e-05   -0.204998 1.91534e-05 0.000130725   -0.204997 0.000565994
1.25935e-05   -0.204998 1.91534e-05 0.000130913   -0.204997 0.000566109
1.25935e-05   -0.204998 1.91534e-05 0.000131081   -0.204997 0.000566233
1.25935e-05   -0.204998 1.91534e-05 0.000131269   -0.204997  0.00056636
1.25935e-05   -0.204998 1.91534e-05 0.000131048   -0.204999 0.000566424
1.25935e-05   -0.204998 1.91534e-05 0.000130958      -0.205  0.00056646
1.25935e-05   -0.204998 1.91534e-05 0.000130878      -0.205   0.0005665
1.25935e-05   -0.204998 1.91534e-05 0.000130827   -0.205001 0.000566549
1.25935e-05   -0.204998 1.91534e-05 0.000130756   -0.205001 0.000566622
1.25935e-05   -0.204998 1.91534e-05 0.000130716   -0.205002 0.000566701
1.25935e-05   -0.204998 1.91534e-05 0.000130685   -0.205002  0.00056679
1.25935e-05   -0.204998 1.91534e-05 0.000130634   -0.205003 0.000566896
1.25935e-05   -0.204998 1.91534e-05 0.000130632   -0.205003 0.000566993
1.25935e-05   -0.204998 1.91534e-05 0.000130728   -0.205003 0.000566407
1.25935e-05   -0.204998 1.91534e-05 0.000130854   -0.205003 0.000565838
1.25935e-05   -0.204998 1.91534e-05 0.000130979   -0.205002 0.000565289
1.25935e-05   -0.204998 1.91534e-05 0.000131066   -0.205002 0.000564829
1.25935e-05   -0.204998 1.91534e-05 0.000131192   -0.205002 0.000564439
1.25935e-05   -0.204998 1.91534e-05 0.000131317   -0.205001 0.000564119
1.25935e-05   -0.204998 1.91534e-05 0.000131414   -0.205001 0.000563878
1.25935e-05   -0.204998 1.91534e-05 0.000131559   -0.205001 0.000563684
1.25935e-05   -0.204998 1.91534e-05 0.000131695   -0.205001 0.000563547
1.25935e-05   -0.204998 1.91534e-05 0.000131772      -0.205 0.000563476
1.25935e-05   -0.204998 1.91534e-05 0.000131918      -0.205 0.000563427
1.25935e-05   -0.204998 1.91534e-05 0.000132015      -0.205 0.000563431
1.25935e-05   -0.204998 1.91534e-05 0.000132151      -0.205 0.000563454
1.25935e-05   -0.204998 1.91534e-05 0.000132277      -0.205 0.000563506
1.25935e-05   -0.204998 1.91534e-05 0.000132394      -0.205 0.000563589
1.25935e-05   -0.204998 1.91534e-05  0.00013251      -0.205 0.000563686
1.25935e-05   -0.204998 1.91534e-05 0.000132627      -0.205   0.0005638
1.25935e-05   -0.204998 1.91534e-05 0.000132753      -0.205 0.000563927
1.25935e-05   -0.204998 1.91534e-05 0.000132889      -0.205 0.000564058
1.25935e-05   -0.204998 1.91534e-05 0.000132996      -0.205 0.000564204
1.25935e-05   -0.204998 1.91534e-05 0.000133122      -0.205  0.00056435
1.25935e-05   -0.204998 1.91534e-05 0.000133239      -0.205 0.000564499
1.25935e-05   -0.204998 1.91534e-05 0.000133375      -0.205 0.000564649
1.25935e-05   -0.204998 1.91534e-05 0.000133491      -0.205   0.0005648
1.25935e-05   -0.204998 1.91534e-05 0.000133618      -0.205 0.000564948
1.25935e-05   -0.204998 1.91534e-05 0.000133744      -0.205 0.000565087
1.25935e-05   -0.204998 1.91534e-05  0.00013387      -0.205 0.000565228
1.25935e-05   -0.204998 1.91534e-05 0.000133997      -0.205 0.000565358
1.25935e-05   -0.204998 1.91534e-05 0.000134103      -0.205 0.000565489
1.25935e-05   -0.204998 1.91534e-05 0.000134239      -0.205 0.000565607
1.25935e-05   -0.204998 1.91534e-05 0.000134346      -0.205 0.000565725
1.25935e-05   -0.204998 1.91534e-05 0.000134502   -0.205001 0.000565821
1.25935e-05   -0.204998 1.91534e-05 0.000134599   -0.205001 0.000565926
1.25935e-05   -0.204998 1.91534e-05 0.000134745   -0.205001 0.000566007
1.25935e-05   -0.204998 1.91534e-05 0.000134871   -0.205001 0.000566088
1.25935e-05   -0.204998 1.91534e-05 0.000134987   -0.205001 0.000566162
1.25935e-05   -0.204998 1.91534e-05  0.00013525      -0.205 0.000565535
1.25935e-05   -0.204998 1.91534e-05 0.000135503      -0.205 0.000564925
1.25935e-05   -0.204998 1.91534e-05 0.000135756   -0.204999 0.000564326
1.25935e-05   -0.204998 1.91534e-05    0.000136   -0.204999 0.000563801
1.25935e-05   -0.204998 1.91534e-05 0.000136233   -0.204998 0.000563351
1.25935e-05   -0.204998 1.91534e-05 0.000136458   -0.204998 0.000562973
1.25935e-05   -0.204998 1.91534e-05 0.000136682   -0.204998 0.000562663
1.25935e-05   -0.204998 1.91534e-05 0.000136896   -0.204997 0.000562409
1.25935e-05   -0.204998 1.91534e-05  0.00013714   -0.204997 0.000562203
1.25935e-05   -0.204998 1.91534e-05 0.000137326   -0.204997 0.000562063
1.25935e-05   -0.204998 1.91534e-05  0.00013755   -0.204997 0.000561954
1.25935e-05   -0.204998 1.91534e-05 0.000137746   -0.204997 0.000561893
1.25935e-05   -0.204998 1.91534e-05 0.000137951   -0.204997 0.000561861
1.25935e-05   -0.204998 1.91534e-05 0.000138156   -0.204997 0.000561861
1.25935e-05   -0.204998 1.91534e-05 0.000138332   -0.204997 0.000561896
1.25935e-05   -0.204998 1.91534e-05 0.000138518   -0.204997 0.000561948
1.25935e-05   -0.204998 1.91534e-05 0.000138704   -0.204997 0.000562021
1.25935e-05   -0.204998 1.91534e-05  0.00013889   -0.204997 0.000562111
1.25935e-05   -0.204998 1.91534e-05 0.000139057   -0.204997 0.000562216
1.25935e-05   -0.204998 1.91534e-05 0.000139253   -0.204997 0.000562325
1.25935e-05   -0.204998 1.91534e-05 0.000139409   -0.204998 0.000562452
1.25935e-05   -0.204998 1.91534e-05 0.000139596   -0.204998 0.000562578
1.25935e-05   -0.204998 1.91534e-05 0.000139772   -0.204998  0.00056271
1.25935e-05   -0.204998 1.91534e-05 0.000139929   -0.204998 0.000562852
1.25935e-05   -0.204998 1.91534e-05 0.000140116   -0.204998 0.000562982
1.25935e-05   -0.204998 1.91534e-05 0.000140263   -0.204998 0.000563127
1.25935e-05   -0.204998 1.91534e-05 0.000140449   -0.204999 0.000563256
1.25935e-05   -0.204998 1.91534e-05 0.000140587   -0.204999 0.000563399
1.25935e-05   -0.204998 1.91534e-05 0.000140764   -0.204999 0.000563524
1.25935e-05   -0.204998 1.91534e-05 0.000140902   -0.204999 0.000563659
1.25935e-05   -0.204998 1.91534e-05 0.000141079   -0.204999 0.000563776
1.25935e-05   -0.204998 1.91534e-05 0.000141226   -0.204999 0.000563895
1.25935e-05   -0.204998 1.91534e-05 0.000141394      -0.205 0.000564001
1.25935e-05   -0.204998 1.91534e-05 0.000141522      -0.205 0.000564117
1.25935e-05   -0.204998 1.91534e-05 0.000141679      -0.205 0.000564211
1.25935e-05   -0.204998 1.91534e-05 0.000141827      -0.205 0.000564307
1.25935e-05   -0.204998 1.91534e-05 0.000141985      -0.205 0.000564389
1.25935e-05   -0.204998 1.91534e-05 0.000142133      -0.205 0.000564471
1.25935e-05   -0.204998 1.91534e-05 0.000142291      -0.205 0.000564539
1.25935e-05   -0.204998 1.91534e-05 0.000142419      -0.205 0.000564609
1.25935e-05   -0.204998 1.91534e-05 0.000142597   -0.205001 0.000564657
1.25935e-05   -0.204998 1.91534e-05 0.000142735   -0.205001 0.000564714
1.25935e-05   -0.204998 1.91534e-05 0.000142884   -0.205001 0.000564757
1.25935e-05   -0.204998 1.91534e-05 0.000143012   -0.205001 0.000564802
1.25935e-05   -0.204998 1.91534e-05  0.00014316   -0.205001 0.000564834
1.25935e-05   -0.204998 1.91534e-05 0.000143307   -0.205001 0.000564859
1.25935e-05   -0.204998 1.91534e-05 0.000143455   -0.205001  0.00056488
1.25935e-05   -0.204998 1.91534e-05 0.000143582   -0.205001 0.000564903
1.25935e-05   -0.204998 1.91534e-05 0.000143885   -0.205001 0.000564207
1.25935e-05   -0.204998 1.91534e-05 0.000144187      -0.205 0.000563531
1.25935e-05   -0.204998 1.91534e-05 0.000144431      -0.205 0.000562891
1.25935e-05   -0.204998 1.91534e-05 0.000144704   -0.204999 0.000562313
1.25935e-05   -0.204998 1.91534e-05 0.000144947   -0.204999 0.000561819
1.25935e-05   -0.204998 1.91534e-05 0.000145201   -0.204998 0.000561393
1.25935e-05   -0.204998 1.91534e-05 0.000145465   -0.204998 0.000561036
1.25935e-05   -0.204998 1.91534e-05 0.000145699   -0.204998 0.000560746
1.25935e-05   -0.204998 1.91534e-05 0.000145933   -0.204998 0.000560514
1.25935e-05   -0.204998 1.91534e-05 0.000146157   -0.204997 0.000560336
1.25935e-05   -0.204998 1.91534e-05 0.000146392   -0.204997 0.000560205
1.25935e-05   -0.204998 1.91534e-05 0.000146597   -0.204997 0.000560119
1.25935e-05   -0.204998 1.91534e-05 0.000146802   -0.204997 0.000560072
1.25935e-05   -0.204998 1.91534e-05 0.000147017   -0.204997 0.000560058
1.25935e-05   -0.204998 1.91534e-05 0.000147212   -0.204997 0.000560075
1.25935e-05   -0.204998 1.91534e-05 0.000147407   -0.204997 0.000560119
1.25935e-05   -0.204998 1.91534e-05 0.000147612   -0.204997 0.000560179
1.25935e-05   -0.204998 1.91534e-05 0.000147817   -0.204997 0.000560258
1.25935e-05   -0.204998 1.91534e-05 0.000147712   -0.204998 0.000560238
1.25935e-05   -0.204998 1.91534e-05 0.000147608   -0.204999 0.000560239
1.25935e-05   -0.204998 1.91534e-05 0.000147523   -0.204999 0.000560246
1.25935e-05   -0.204998 1.91534e-05 0.000147458      -0.205 0.000560278
1.25935e-05   -0.204998 1.91534e-05 0.000147383      -0.205  0.00056034
1.25935e-05   -0.204998 1.91534e-05 0.000147318   -0.205001 0.000560424
1.25935e-05   -0.204998 1.91534e-05 0.000147283   -0.205001 0.000560518
1.25935e-05   -0.204998 1.91534e-05 0.000147248   -0.205001 0.000560634
1.25935e-05   -0.204998 1.91534e-05 0.000147213   -0.205002 0.000560763
1.25935e-05   -0.204998 1.91534e-05 0.000147187   -0.205002   0.0005609
1.25935e-05   -0.204998 1.91534e-05 0.000147172   -0.205002 0.000561044
1.25935e-05   -0.204998 1.91534e-05 0.000147185   -0.205003 0.000561184
1.25935e-05   -0.204998 1.91534e-05 0.000147169   -0.205003 0.000561335
1.25935e-05   -0.204998 1.91534e-05 0.000147183   -0.205003 0.000561485
1.25935e-05   -0.204998 1.91534e-05 0.000147178   -0.205003 0.000561642
1.25935e-05   -0.204998 1.91534e-05 0.000147221   -0.205003 0.000561782
1.25935e-05   -0.204998 1.91534e-05 0.000147245   -0.205003 0.000561926
1.25935e-05   -0.204998 1.91534e-05  0.00014726   -0.205003 0.000562073
1.25935e-05   -0.204998 1.91534e-05 0.000147313   -0.205003   0.0005622
1.25935e-05   -0.204998 1.91534e-05 0.000147337   -0.205003 0.000562337
1.25935e-05   -0.204998 1.91534e-05 0.000147381   -0.205003  0.00056246
1.25935e-05   -0.204998 1.91534e-05 0.000147434   -0.205003 0.000562577
1.25935e-05   -0.204998 1.91534e-05 0.000147468   -0.205003 0.000562695
1.25935e-05   -0.204998 1.91534e-05 0.000147561   -0.205003  0.00056279
1.25935e-05   -0.204998 1.91534e-05 0.000147604   -0.205003 0.000562895
1.25935e-05   -0.204998 1.91534e-05 0.000147648   -0.205003 0.000562993
1.25935e-05   -0.204998 1.91534e-05  0.00014771   -0.205003 0.000563077
1.25935e-05   -0.204998 1.91534e-05 0.000147793   -0.205003 0.000563154
1.25935e-05   -0.204998 1.91534e-05 0.000147865   -0.205003 0.000563226
1.25935e-05   -0.204998 1.91534e-05 0.000147927   -0.205003 0.000563299
1.25935e-05   -0.204998 1.91534e-05  0.00014799   -0.205003 0.000563367
1.25935e-05   -0.204998 1.91534e-05 0.000148071   -0.205003 0.000563423
1.25935e-05   -0.204998 1.91534e-05 0.000148143   -0.205003  0.00056348
1.25935e-05   -0.204998 1.91534e-05 0.000148224   -0.205003 0.000563526
1.25935e-05   -0.204998 1.91534e-05 0.000148305   -0.205003 0.000563575
1.25935e-05   -0.204998 1.91534e-05 0.000148385   -0.205003 0.000563613
1.25935e-05   -0.204998 1.91534e-05 0.000148466   -0.205003 0.000563655
1.25935e-05   -0.204998 1.91534e-05 0.000148556   -0.205003 0.000563686
1.25935e-05   -0.204998 1.91534e-05 0.000148636   -0.205003 0.000563724
1.25935e-05   -0.204998 1.91534e-05 0.000148726   -0.205003 0.000563756
1.25935e-05   -0.204998 1.91534e-05 0.000148805   -0.205002 0.000563794
1.25935e-05   -0.204998 1.91534e-05 0.000148914   -0.205002 0.000563822
1.25935e-05   -0.204998 1.91534e-05 0.000148993   -0.205002 0.000563856
1.25935e-05   -0.204998 1.91534e-05 0.000149092   -0.205002 0.000563881
1.25935e-05   -0.204998 1.91534e-05 0.000149171   -0.205002 0.000563911
1.25935e-05   -0.204998 1.91534e-05  0.00014927   -0.205002 0.000563932
1.25935e-05   -0.204998 1.91534e-05 0.000149369   -0.205002 0.000563958
1.25935e-05   -0.204998 1.91534e-05 0.000149468   -0.205002 0.000563975
1.25935e-05   -0.204998 1.91534e-05 0.000149557   -0.205002 0.000563999
1.25935e-05   -0.204998 1.91534e-05 0.000149646   -0.205002 0.000564021
1.25935e-05   -0.204998 1.91534e-05 0.000149755   -0.205002 0.000564036
1.25935e-05   -0.204998 1.91534e-05 0.000149844   -0.205002 0.000564056
1.25935e-05   -0.204998 1.91534e-05 0.000149933   -0.205002 0.000564077
1.25935e-05   -0.204998 1.91534e-05 0.000150032   -0.205002 0.000564096
1.25935e-05   -0.204998 1.91534e-05  0.00015015   -0.205002 0.000564108
1.25935e-05   -0.204998 1.91534e-05  0.00015024   -0.205002 0.000564128
1.25935e-05   -0.204998 1.91534e-05 0.000150358   -0.205002  0.00056414
1.25935e-05   -0.204998 1.91534e-05 0.000150457   -0.205002  0.00056416
1.25935e-05   -0.204998 1.91534e-05 0.000150546   -0.205002 0.000564181
1.25935e-05   -0.204998 1.91534e-05 0.000150674   -0.205002   0.0005642
1.25935e-05   -0.204998 1.91534e-05 0.000150754   -0.205002 0.000564241
1.25935e-05   -0.204998 1.91534e-05 0.000150872   -0.205002 0.000564275
1.25935e-05   -0.204998 1.91534e-05 0.000150971   -0.205002 0.000564317
1.25935e-05   -0.204998 1.91534e-05 0.00015109  -0.205002 0.00056435
1.25935e-05   -0.204998 1.91534e-05 0.000151199   -0.205002  0.00056439
1.25935e-05   -0.204998 1.91534e-05 0.000151287   -0.205002  0.00056443
1.25935e-05   -0.204998 1.91534e-05 0.000151386   -0.205002 0.000564469
1.25935e-05   -0.204998 1.91534e-05 0.000151495   -0.205001 0.000564508
1.25935e-05   -0.204998 1.91534e-05 0.000151613   -0.205001 0.000564539
1.25935e-05   -0.204998 1.91534e-05 0.000151721   -0.205001 0.000564577
1.25935e-05   -0.204998 1.91534e-05 0.000151839   -0.205001 0.000564609
1.25935e-05   -0.204998 1.91534e-05 0.000151948   -0.205001 0.000564649
1.25935e-05   -0.204998 1.91534e-05 0.000152046   -0.205001 0.000564689
1.25935e-05   -0.204998 1.91534e-05 0.000152154   -0.205001  0.00056473
1.25935e-05   -0.204998 1.91534e-05 0.000152253   -0.205001 0.000564773
1.25935e-05   -0.204998 1.91534e-05  0.00015237   -0.205001 0.000564809
1.25935e-05   -0.204998 1.91534e-05 0.000152643   -0.205001 0.000564148
1.25935e-05   -0.204998 1.91534e-05 0.000152925      -0.205 0.000563506
1.25935e-05   -0.204998 1.91534e-05 0.000153178      -0.205 0.000562897
1.25935e-05   -0.204998 1.91534e-05 0.000153441   -0.204999 0.000562363
1.25935e-05   -0.204998 1.91534e-05 0.000153685   -0.204999 0.000561917
1.25935e-05   -0.204998 1.91534e-05 0.000153899   -0.204998 0.000561557
1.25935e-05   -0.204998 1.91534e-05 0.000154143   -0.204998 0.000561258
1.25935e-05   -0.204998 1.91534e-05 0.000154357   -0.204998 0.000561035
1.25935e-05   -0.204998 1.91534e-05 0.000154592   -0.204997 0.000560868
1.25935e-05   -0.204998 1.91534e-05 0.000154796   -0.204997 0.000560766
1.25935e-05   -0.204998 1.91534e-05 0.000155021   -0.204997 0.000560707
1.25935e-05   -0.204998 1.91534e-05 0.000154945   -0.204997 0.000560555
1.25935e-05   -0.204998 1.91534e-05 0.000154878   -0.204998 0.000560446
1.25935e-05   -0.204998 1.91534e-05 0.000154832   -0.204998 0.000560375
1.25935e-05   -0.204998 1.91534e-05 0.000154797   -0.204999 0.000560358
1.25935e-05   -0.204998 1.91534e-05 0.000154761   -0.204999 0.000560386
1.25935e-05   -0.204998 1.91534e-05 0.000154726      -0.205 0.000560463
1.25935e-05   -0.204998 1.91534e-05 0.000154702      -0.205 0.000560575
1.25935e-05   -0.204998 1.91534e-05 0.000154697      -0.205 0.000560718
1.25935e-05   -0.204998 1.91534e-05 0.000154703      -0.205 0.000560888
1.25935e-05   -0.204998 1.91534e-05 0.000154699   -0.205001 0.000561088
1.25935e-05   -0.204998 1.91534e-05 0.000154705   -0.205001 0.000561306
1.25935e-05   -0.204998 1.91534e-05 0.000154721   -0.205001  0.00056154
1.25935e-05   -0.204998 1.91534e-05 0.000154738   -0.205001 0.000561792
1.25935e-05   -0.204998 1.91534e-05 0.000154755   -0.205001 0.000562054
1.25935e-05   -0.204998 1.91534e-05 0.000154782   -0.205002 0.000562322
1.25935e-05   -0.204998 1.91534e-05 0.000154819   -0.205002 0.000562595
1.25935e-05   -0.204998 1.91534e-05 0.000154865   -0.205002 0.000562871
1.25935e-05   -0.204998 1.91534e-05 0.000154922   -0.205002 0.000563147
1.25935e-05   -0.204998 1.91534e-05  0.00015496   -0.205002 0.000563429
1.25935e-05   -0.204998 1.91534e-05 0.000154987   -0.205002 0.000563716
1.25935e-05   -0.204998 1.91534e-05 0.000155054   -0.205002 0.000563986
1.25935e-05   -0.204998 1.91534e-05 0.000155092   -0.205002 0.000564266
1.25935e-05   -0.204998 1.91534e-05 0.000155179   -0.205002 0.000564526
1.25935e-05   -0.204998 1.91534e-05 0.000155237   -0.205002 0.000564795
1.25935e-05   -0.204998 1.91534e-05 0.000155294   -0.205002 0.000565057
1.25935e-05   -0.204998 1.91534e-05 0.000155372   -0.205002 0.000565307
1.25935e-05   -0.204998 1.91534e-05  0.00015542   -0.205002 0.000565564
1.25935e-05   -0.204998 1.91534e-05 0.000155507   -0.205002 0.000565799
1.25935e-05   -0.204998 1.91534e-05 0.000155585   -0.205002 0.000566035
1.25935e-05   -0.204998 1.91534e-05 0.000155662   -0.205002 0.000566265
1.25935e-05   -0.204998 1.91534e-05  0.00015575   -0.205002 0.000566487
1.25935e-05   -0.204998 1.91534e-05 0.000155808   -0.205002 0.000566711
1.25935e-05   -0.204998 1.91534e-05 0.000155896   -0.205002  0.00056692
1.25935e-05   -0.204998 1.91534e-05 0.000155974   -0.205002  0.00056713
1.25935e-05   -0.204998 1.91534e-05 0.000156061   -0.205002 0.000567328
1.25935e-05   -0.204998 1.91534e-05 0.000156149   -0.205002 0.000567526
1.25935e-05   -0.204998 1.91534e-05 0.000156247   -0.205002 0.000567712
1.25935e-05   -0.204998 1.91534e-05 0.000156325   -0.205002 0.000567901
1.25935e-05   -0.204998 1.91534e-05 0.000156423   -0.205002 0.000568084
1.25935e-05   -0.204998 1.91534e-05 0.000156531   -0.205002 0.000568256
1.25935e-05   -0.204998 1.91534e-05 0.000156599   -0.205001 0.000568439
1.25935e-05   -0.204998 1.91534e-05 0.000156707   -0.205001 0.000568603
1.25935e-05   -0.204998 1.91534e-05 0.000156805   -0.205001 0.000568771
1.25935e-05   -0.204998 1.91534e-05 0.000156903   -0.205001 0.000568935
1.25935e-05   -0.204998 1.91534e-05 0.000157001   -0.205001 0.000569098
1.25935e-05   -0.204998 1.91534e-05 0.000157089   -0.205001 0.000569264
1.25935e-05   -0.204998 1.91534e-05 0.000157206   -0.205001 0.000569415
1.25935e-05   -0.204998 1.91534e-05 0.000157283   -0.205001 0.000569578
1.25935e-05   -0.204998 1.91534e-05  0.00015738   -0.205001 0.000569733
1.25935e-05   -0.204998 1.91534e-05 0.000157487   -0.205001 0.000569886
1.25935e-05   -0.204998 1.91534e-05 0.000157583   -0.205001 0.000570038
1.25935e-05   -0.204998 1.91534e-05  0.00015767   -0.205001 0.000570197
1.25935e-05   -0.204998 1.91534e-05 0.000157796   -0.205001  0.00057034
1.25935e-05   -0.204998 1.91534e-05 0.000157892   -0.205001 0.000570498
1.25935e-05   -0.204998 1.91534e-05 0.000157988   -0.205001 0.000570649
1.25935e-05   -0.204998 1.91534e-05 0.000158074   -0.205001 0.000570806
1.25935e-05   -0.204998 1.91534e-05  0.00015818   -0.205001 0.000570957
1.25935e-05   -0.204998 1.91534e-05 0.000158266   -0.205001 0.000571115
1.25935e-05   -0.204998 1.91534e-05 0.000158381   -0.205001 0.000571266
1.25935e-05   -0.204998 1.91534e-05 0.000158496   -0.205001 0.000571418
1.25935e-05   -0.204998 1.91534e-05 0.000158602   -0.205001 0.000571571
1.25935e-05   -0.204998 1.91534e-05 0.000158707   -0.205001 0.000571724
1.25935e-05   -0.204998 1.91534e-05 0.000158802   -0.205001 0.000571886
1.25935e-05   -0.204998 1.91534e-05 0.000158917   -0.205001 0.000572041
1.25935e-05   -0.204998 1.91534e-05 0.000159003      -0.205 0.000572206
1.25935e-05   -0.204998 1.91534e-05 0.000159118      -0.205 0.000572364
1.25935e-05   -0.204998 1.91534e-05 0.000159194      -0.205 0.000572537
1.25935e-05   -0.204998 1.91534e-05 0.000159299      -0.205 0.000572699
1.25935e-05   -0.204998 1.91534e-05 0.000159414      -0.205 0.000572861
1.25935e-05   -0.204998 1.91534e-05 0.000159509      -0.205 0.000573032
1.25935e-05   -0.204998 1.91534e-05  0.00015939   -0.205001 0.000573014
1.25935e-05   -0.204998 1.91534e-05 0.000159282   -0.205001 0.000573005
1.25935e-05   -0.204998 1.91534e-05 0.000159193   -0.205002 0.000572997
1.25935e-05   -0.204998 1.91534e-05 0.000159085   -0.205002  0.00057302
1.25935e-05   -0.204998 1.91534e-05 0.000159007   -0.205003 0.000573057
1.25935e-05   -0.204998 1.91534e-05  0.00015893   -0.205003 0.000573117
1.25935e-05   -0.204998 1.91534e-05 0.000158873   -0.205003 0.000573191
1.25935e-05   -0.204998 1.91534e-05 0.000158816   -0.205003 0.000573285
1.25935e-05   -0.204998 1.91534e-05  0.00015879   -0.205003 0.000573389
1.25935e-05   -0.204998 1.91534e-05 0.000158744   -0.205004 0.000573511
1.25935e-05   -0.204998 1.91534e-05 0.000158708   -0.205004 0.000573647
1.25935e-05   -0.204998 1.91534e-05 0.000158712   -0.205004 0.000573783
1.25935e-05   -0.204998 1.91534e-05 0.000158677   -0.205004 0.000573939
1.25935e-05   -0.204998 1.91534e-05 0.000158681   -0.205004 0.000574093
1.25935e-05   -0.204998 1.91534e-05 0.000158686   -0.205004 0.000574257
1.25935e-05   -0.204998 1.91534e-05 0.000158691   -0.205004 0.000574425
1.25935e-05   -0.204998 1.91534e-05 0.000158706   -0.205004 0.000574602
1.25935e-05   -0.204998 1.91534e-05 0.000158721   -0.205004 0.000574781
1.25935e-05   -0.204998 1.91534e-05 0.000158746   -0.205003 0.000574961
1.25935e-05   -0.204998 1.91534e-05 0.000158782   -0.205003 0.000575143
1.25935e-05   -0.204998 1.91534e-05 0.000158817   -0.205003 0.000575331
1.25935e-05   -0.204998 1.91534e-05 0.000158853   -0.205003 0.000575521
1.25935e-05   -0.204998 1.91534e-05  0.00015888   -0.205003 0.000575717
1.25935e-05   -0.204998 1.91534e-05 0.000158936   -0.205003 0.000575907
1.25935e-05   -0.204998 1.91534e-05 0.000158982   -0.205003 0.000576103
1.25935e-05   -0.204998 1.91534e-05 0.000159038   -0.205003 0.000576298
1.25935e-05   -0.204998 1.91534e-05 0.000159075   -0.205002 0.000576501
1.25935e-05   -0.204998 1.91534e-05 0.000159141   -0.205002 0.000576696
1.25935e-05   -0.204998 1.91534e-05 0.000159216   -0.205002 0.000576891
1.25935e-05   -0.204998 1.91534e-05 0.000159273   -0.205002 0.000577092
1.25935e-05   -0.204998 1.91534e-05 0.000159358   -0.205002 0.000577286
1.25935e-05   -0.204998 1.91534e-05 0.000159406   -0.205002 0.000577493
1.25935e-05   -0.204998 1.91534e-05 0.000159472   -0.205002 0.000577694
1.25935e-05   -0.204998 1.91534e-05 0.000159549   -0.205001 0.000577894
1.25935e-05   -0.204998 1.91534e-05 0.000159636   -0.205001 0.000578093
1.25935e-05   -0.204998 1.91534e-05 0.000159684   -0.205001 0.000578307
1.25935e-05   -0.204998 1.91534e-05 0.000159781   -0.205001 0.000578506
1.25935e-05   -0.204998 1.91534e-05 0.000159858   -0.205001 0.000578712
1.25935e-05   -0.204998 1.91534e-05 0.000159965   -0.205001  0.00057891
1.25935e-05   -0.204998 1.91534e-05 0.000160053   -0.205001 0.000579116
1.25935e-05   -0.204998 1.91534e-05  0.00016014   -0.205001 0.000579322
1.25935e-05   -0.204998 1.91534e-05 0.000160228   -0.205001 0.000579529
1.25935e-05   -0.204998 1.91534e-05 0.000160306   -0.205001 0.000579742
1.25935e-05   -0.204998 1.91534e-05 0.000160403      -0.205 0.000579949
1.25935e-05   -0.204998 1.91534e-05 0.000160481      -0.205 0.000580163
1.25935e-05   -0.204998 1.91534e-05 0.000160589      -0.205  0.00058037
1.25935e-05   -0.204998 1.91534e-05 0.000160677      -0.205 0.000580585
1.25935e-05   -0.204998 1.91534e-05 0.000160784      -0.205 0.000580793
1.25935e-05   -0.204998 1.91534e-05 0.000160872      -0.205 0.000581009
1.25935e-05   -0.204998 1.91534e-05  0.00016099      -0.205 0.000581217
1.25935e-05   -0.204998 1.91534e-05 0.000161058      -0.205 0.000581442
1.25935e-05   -0.204998 1.91534e-05 0.000161175      -0.205 0.000581651
1.25935e-05   -0.204998 1.91534e-05 0.000161283      -0.205 0.000581868
1.25935e-05   -0.204998 1.91534e-05 0.000161185      -0.205  0.00058187
1.25935e-05   -0.204998 1.91534e-05 0.000161107   -0.205001 0.000581879
1.25935e-05   -0.204998 1.91534e-05 0.000161049   -0.205001  0.00058189
1.25935e-05   -0.204998 1.91534e-05 0.000160963   -0.205002 0.000581935
1.25935e-05   -0.204998 1.91534e-05 0.000160925   -0.205002 0.000581986
1.25935e-05   -0.204998 1.91534e-05 0.000160879   -0.205002 0.000582065
1.25935e-05   -0.204998 1.91534e-05 0.000160853   -0.205002 0.000582157
1.25935e-05   -0.204998 1.91534e-05 0.000160817   -0.205003 0.000582274
1.25935e-05   -0.204998 1.91534e-05 0.000160811   -0.205003 0.000582395
1.25935e-05   -0.204998 1.91534e-05 0.000160775   -0.205003 0.000582538
1.25935e-05   -0.204998 1.91534e-05  0.00016078   -0.205003 0.000582687
1.25935e-05   -0.204998 1.91534e-05 0.000160775   -0.205003 0.000582849
1.25935e-05   -0.204998 1.91534e-05 0.000160789   -0.205003 0.000583015
1.25935e-05   -0.204998 1.91534e-05 0.000160814   -0.205003 0.000583191
1.25935e-05   -0.204998 1.91534e-05 0.000160839   -0.205003  0.00058337
1.25935e-05   -0.204998 1.91534e-05 0.000160835   -0.205003 0.000583565
1.25935e-05   -0.204998 1.91534e-05  0.00016089   -0.205003 0.000583746
1.25935e-05   -0.204998 1.91534e-05 0.000160896   -0.205003 0.000583949
1.25935e-05   -0.204998 1.91534e-05 0.000160931   -0.205003 0.000584146
1.25935e-05   -0.204998 1.91534e-05 0.000160986   -0.205003 0.000584341
1.25935e-05   -0.204998 1.91534e-05 0.000161031   -0.205003 0.000584543
1.25935e-05   -0.204998 1.91534e-05 0.000161087   -0.205002 0.000584744
1.25935e-05   -0.204998 1.91534e-05 0.000161132   -0.205002  0.00058495
1.25935e-05   -0.204998 1.91534e-05 0.000161178   -0.205002 0.000585156
1.25935e-05   -0.204998 1.91534e-05 0.000161223   -0.205002 0.000585367
1.25935e-05   -0.204998 1.91534e-05 0.000161299   -0.205002 0.000585568
1.25935e-05   -0.204998 1.91534e-05 0.000161354   -0.205002 0.000585776
1.25935e-05   -0.204998 1.91534e-05 0.000161419   -0.205002 0.000585981
1.25935e-05   -0.204998 1.91534e-05 0.000161475   -0.205001 0.000586192
1.25935e-05   -0.204998 1.91534e-05  0.00016156   -0.205001 0.000586393
1.25935e-05   -0.204998 1.91534e-05 0.000161645   -0.205001 0.000586593
1.25935e-05   -0.204998 1.91534e-05 0.000161691   -0.205001 0.000586806
1.25935e-05   -0.204998 1.91534e-05 0.000161785   -0.205001 0.000587003
1.25935e-05   -0.204998 1.91534e-05 0.000161861   -0.205001 0.000587211
1.25935e-05   -0.204998 1.91534e-05 0.000161947   -0.205001 0.000587411
1.25935e-05   -0.204998 1.91534e-05 0.000162024   -0.205001 0.000587617
1.25935e-05   -0.204998 1.91534e-05   0.0001621      -0.205 0.000587821
1.25935e-05   -0.204998 1.91534e-05 0.000162187      -0.205 0.000588023
1.25935e-05   -0.204998 1.91534e-05 0.000162273      -0.205 0.000588224
1.25935e-05   -0.204998 1.91534e-05 0.000162361      -0.205  0.00058843
1.25935e-05   -0.204998 1.91534e-05 0.000162468      -0.205 0.000588627
1.25935e-05   -0.204998 1.91534e-05 0.000162378   -0.205001 0.000588596
1.25935e-05   -0.204998 1.91534e-05 0.000162329   -0.205001 0.000588569
1.25935e-05   -0.204998 1.91534e-05 0.000162251   -0.205001 0.000588557
1.25935e-05   -0.204998 1.91534e-05 0.000162222   -0.205002 0.000588555
1.25935e-05   -0.204998 1.91534e-05 0.000162185   -0.205002 0.000588579
1.25935e-05   -0.204998 1.91534e-05 0.000162157   -0.205002 0.000588616
1.25935e-05   -0.204998 1.91534e-05 0.000162131   -0.205002 0.000588678
1.25935e-05   -0.204998 1.91534e-05 0.000162135   -0.205003 0.000588748
1.25935e-05   -0.204998 1.91534e-05 0.000162109   -0.205003 0.000588842
1.25935e-05   -0.204998 1.91534e-05 0.000162094   -0.205003 0.000588949
1.25935e-05   -0.204998 1.91534e-05 0.000162119   -0.205003 0.000589054
1.25935e-05   -0.204998 1.91534e-05 0.000162135   -0.205003 0.000589177
1.25935e-05   -0.204998 1.91534e-05  0.00016215   -0.205003 0.000589304
1.25935e-05   -0.204998 1.91534e-05 0.000162156   -0.205003 0.000589448
1.25935e-05   -0.204998 1.91534e-05 0.000162202   -0.205003 0.000589585
1.25935e-05   -0.204998 1.91534e-05 0.000162239   -0.205003  0.00058973
1.25935e-05   -0.204998 1.91534e-05 0.000162275   -0.205003 0.000589883
1.25935e-05   -0.204998 1.91534e-05 0.000162322   -0.205003 0.000590035
1.25935e-05   -0.204998 1.91534e-05 0.00016235  -0.205003  0.0005902
1.25935e-05   -0.204998 1.91534e-05 0.000162426   -0.205002  0.00059035
1.25935e-05   -0.204998 1.91534e-05 0.000162474   -0.205002 0.000590513
1.25935e-05   -0.204998 1.91534e-05 0.000162531   -0.205002 0.000590674
1.25935e-05   -0.204998 1.91534e-05 0.000162589   -0.205002 0.000590839
1.25935e-05   -0.204998 1.91534e-05 0.000162676   -0.205002 0.000590995
1.25935e-05   -0.204998 1.91534e-05 0.000162724   -0.205002 0.000591164
1.25935e-05   -0.204998 1.91534e-05 0.000162802   -0.205002 0.000591323
1.25935e-05   -0.204998 1.91534e-05 0.000162861   -0.205002 0.000591493
1.25935e-05   -0.204998 1.91534e-05 0.000162939   -0.205001 0.000591654
1.25935e-05   -0.204998 1.91534e-05 0.000163026   -0.205001 0.000591812
1.25935e-05   -0.204998 1.91534e-05 0.000163085   -0.205001 0.000591981
1.25935e-05   -0.204998 1.91534e-05 0.000163182   -0.205001 0.000592134
1.25935e-05   -0.204998 1.91534e-05 0.000163251   -0.205001 0.000592299
1.25935e-05   -0.204998 1.91534e-05 0.000163348   -0.205001 0.000592454
1.25935e-05   -0.204998 1.91534e-05 0.000163425   -0.205001 0.000592615
1.25935e-05   -0.204998 1.91534e-05 0.000163502   -0.205001 0.000592773
1.25935e-05   -0.204998 1.91534e-05 0.000163599      -0.205 0.000592928
1.25935e-05   -0.204998 1.91534e-05 0.000163509   -0.205001 0.000592853
1.25935e-05   -0.204998 1.91534e-05 0.000163478   -0.205001 0.000592769
1.25935e-05   -0.204998 1.91534e-05 0.000163429   -0.205002 0.000592704
1.25935e-05   -0.204998 1.91534e-05 0.000163389   -0.205002 0.000592656
1.25935e-05   -0.204998 1.91534e-05  0.00016336   -0.205002 0.000592627
1.25935e-05   -0.204998 1.91534e-05 0.000163341   -0.205003 0.000592617
1.25935e-05   -0.204998 1.91534e-05 0.000163322   -0.205003 0.000592624
1.25935e-05   -0.204998 1.91534e-05 0.000163294   -0.205003 0.000592654
1.25935e-05   -0.204998 1.91534e-05 0.000163315   -0.205003 0.000592684
1.25935e-05   -0.204998 1.91534e-05 0.000163317   -0.205003 0.000592734
1.25935e-05   -0.204998 1.91534e-05 0.000163318   -0.205003 0.000592796
1.25935e-05   -0.204998 1.91534e-05  0.00016334   -0.205003 0.000592862
1.25935e-05   -0.204998 1.91534e-05 0.000163341   -0.205003 0.000592945
1.25935e-05   -0.204998 1.91534e-05 0.000163382   -0.205003 0.000593022
1.25935e-05   -0.204998 1.91534e-05 0.000163404   -0.205003 0.000593115
1.25935e-05   -0.204998 1.91534e-05 0.000163415   -0.205003 0.000593215
1.25935e-05   -0.204998 1.91534e-05 0.000163466   -0.205003 0.000593308
1.25935e-05   -0.204998 1.91534e-05 0.000163487   -0.205003 0.000593414
1.25935e-05   -0.204998 1.91534e-05 0.000163537   -0.205003 0.000593513
1.25935e-05   -0.204998 1.91534e-05 0.000163577   -0.205003 0.000593623
1.25935e-05   -0.204998 1.91534e-05 0.000163598   -0.205002 0.000593739
1.25935e-05   -0.204998 1.91534e-05 0.000163668   -0.205002 0.000593838
1.25935e-05   -0.204998 1.91534e-05 0.000163718   -0.205002 0.000593949
1.25935e-05   -0.204998 1.91534e-05 0.000163759   -0.205002 0.000594065
1.25935e-05   -0.204998 1.91534e-05 0.000163819   -0.205002 0.000594171
1.25935e-05   -0.204998 1.91534e-05 0.000163879   -0.205002 0.000594281
1.25935e-05   -0.204998 1.91534e-05  0.00016393   -0.205002 0.000594396
1.25935e-05   -0.204998 1.91534e-05  0.00016398   -0.205002 0.000594508
1.25935e-05   -0.204998 1.91534e-05  0.00016407   -0.205001 0.000594609
1.25935e-05   -0.204998 1.91534e-05  0.00016411   -0.205001 0.000594723
1.25935e-05   -0.204998 1.91534e-05  0.00016417   -0.205001 0.000594834
1.25935e-05   -0.204998 1.91534e-05  0.00016425   -0.205001 0.000594934
1.25935e-05   -0.204998 1.91534e-05 0.000164319   -0.205001 0.000595039
1.25935e-05   -0.204998 1.91534e-05 0.000164379   -0.205001 0.000595148
1.25935e-05   -0.204998 1.91534e-05 0.000164438   -0.205001 0.000595255
1.25935e-05   -0.204998 1.91534e-05 0.000164527   -0.205001 0.000595351
1.25935e-05   -0.204998 1.91534e-05 0.000164606      -0.205 0.000595453
1.25935e-05   -0.204998 1.91534e-05 0.000164665      -0.205 0.000595559
1.25935e-05   -0.204998 1.91534e-05 0.000164734      -0.205 0.000595657
1.25935e-05   -0.204998 1.91534e-05 0.000164665   -0.205001 0.000595521
1.25935e-05   -0.204998 1.91534e-05 0.000164636   -0.205001 0.000595376
1.25935e-05   -0.204998 1.91534e-05 0.000164578   -0.205002 0.000595251
1.25935e-05   -0.204998 1.91534e-05 0.00016452  -0.205002 0.00059515
1.25935e-05   -0.204998 1.91534e-05 0.000164483   -0.205002 0.000595061
1.25935e-05   -0.204998 1.91534e-05 0.000164475   -0.205002 0.000594989
1.25935e-05   -0.204998 1.91534e-05 0.000164457   -0.205003 0.000594935
1.25935e-05   -0.204998 1.91534e-05  0.00016444   -0.205003 0.000594897
1.25935e-05   -0.204998 1.91534e-05 0.000164433   -0.205003 0.000594873
1.25935e-05   -0.204998 1.91534e-05 0.000164406   -0.205003  0.00059487
1.25935e-05   -0.204998 1.91534e-05  0.0001644  -0.205003 0.00059487
1.25935e-05   -0.204998 1.91534e-05 0.000164442   -0.205003 0.000594867
1.25935e-05   -0.204998 1.91534e-05 0.000164436   -0.205003 0.000594888
1.25935e-05   -0.204998 1.91534e-05 0.000164449   -0.205003 0.000594911
1.25935e-05   -0.204998 1.91534e-05 0.000164463   -0.205003 0.000594942
1.25935e-05   -0.204998 1.91534e-05 0.000164486   -0.205003 0.000594973
1.25935e-05   -0.204998 1.91534e-05   0.0001645   -0.205003 0.000595011
1.25935e-05   -0.204998 1.91534e-05 0.000164533   -0.205003 0.000595048
1.25935e-05   -0.204998 1.91534e-05 0.000164567   -0.205003  0.00059509
1.25935e-05   -0.204998 1.91534e-05  0.00016459   -0.205003 0.000595138
1.25935e-05   -0.204998 1.91534e-05 0.000164624   -0.205003 0.000595185
1.25935e-05   -0.204998 1.91534e-05 0.000164658   -0.205003 0.000595235
1.25935e-05   -0.204998 1.91534e-05 0.000164711   -0.205002 0.000595277
1.25935e-05   -0.204998 1.91534e-05 0.000164754   -0.205002 0.000595323
1.25935e-05   -0.204998 1.91534e-05 0.000164798   -0.205002 0.000595373
1.25935e-05   -0.204998 1.91534e-05 0.000164831   -0.205002 0.000595422
1.25935e-05   -0.204998 1.91534e-05 0.000164875   -0.205002 0.000595474
1.25935e-05   -0.204998 1.91534e-05 0.000164939   -0.205002 0.000595516
1.25935e-05   -0.204998 1.91534e-05 0.000165003   -0.205002 0.000595562
1.25935e-05   -0.204998 1.91534e-05 0.000165037   -0.205002 0.000595614
1.25935e-05   -0.204998 1.91534e-05 0.000165101   -0.205002 0.000595656
1.25935e-05   -0.204998 1.91534e-05 0.000165165   -0.205001 0.000595702
1.25935e-05   -0.204998 1.91534e-05   0.0001652   -0.205001 0.000595753
1.25935e-05   -0.204998 1.91534e-05 0.000165284   -0.205001 0.000595787
1.25935e-05   -0.204998 1.91534e-05 0.000165349   -0.205001 0.000595833
1.25935e-05   -0.204998 1.91534e-05 0.000165415   -0.205001 0.000595876
1.25935e-05   -0.204998 1.91534e-05  0.00016547   -0.205001 0.000595919
1.25935e-05   -0.204998 1.91534e-05 0.000165526   -0.205001 0.000595965
1.25935e-05   -0.204998 1.91534e-05 0.000165602   -0.205001 0.000596003
1.25935e-05   -0.204998 1.91534e-05 0.000165687   -0.205001 0.000596038
1.25935e-05   -0.204998 1.91534e-05 0.000165754   -0.205001 0.000596079
1.25935e-05   -0.204998 1.91534e-05  0.00016583   -0.205001 0.000596118
1.25935e-05   -0.204998 1.91534e-05 0.000165897      -0.205 0.000596156
1.25935e-05   -0.204998 1.91534e-05 0.000165975      -0.205 0.000596191
1.25935e-05   -0.204998 1.91534e-05 0.000166042      -0.205 0.000596232
1.25935e-05   -0.204998 1.91534e-05 0.000166149      -0.205 0.000596257
1.25935e-05   -0.204998 1.91534e-05 0.000166227      -0.205 0.000596295
1.25935e-05   -0.204998 1.91534e-05 0.000166295      -0.205 0.000596332
1.25935e-05   -0.204998 1.91534e-05 0.000166383      -0.205 0.000596367
1.25935e-05   -0.204998 1.91534e-05 0.000166451      -0.205 0.000596402
1.25935e-05   -0.204998 1.91534e-05 0.000166548      -0.205 0.000596427
1.25935e-05   -0.204998 1.91534e-05 0.000166626      -0.205 0.000596465
1.25935e-05   -0.204998 1.91534e-05 0.000166704      -0.205 0.000596496
1.25935e-05   -0.204998 1.91534e-05 0.000166792      -0.205 0.000596525
1.25935e-05   -0.204998 1.91534e-05  0.00016689      -0.205 0.000596552
1.25935e-05   -0.204998 1.91534e-05 0.000166958      -0.205 0.000596586
1.25935e-05   -0.204998 1.91534e-05 0.000167046      -0.205 0.000596612
1.25935e-05   -0.204998 1.91534e-05 0.000167125      -0.205 0.000596644
1.25935e-05   -0.204998 1.91534e-05 0.000167223      -0.205 0.000596667
1.25935e-05   -0.204998 1.91534e-05 0.000167302      -0.205 0.000596696
1.25935e-05   -0.204998 1.91534e-05 0.000167391      -0.205 0.000596724
1.25935e-05   -0.204998 1.91534e-05 0.000167489      -0.205 0.000596744
1.25935e-05   -0.204998 1.91534e-05 0.000167569      -0.205 0.000596771
1.25935e-05   -0.204998 1.91534e-05 0.000167658      -0.205 0.000596795
1.25935e-05   -0.204998 1.91534e-05 0.000167767      -0.205 0.000596812
1.25935e-05   -0.204998 1.91534e-05 0.000167847      -0.205 0.000596835
1.25935e-05   -0.204998 1.91534e-05 0.000167927      -0.205 0.000596863
1.25935e-05   -0.204998 1.91534e-05 0.000168037      -0.205 0.000596876
1.25935e-05   -0.204998 1.91534e-05 0.000168127      -0.205 0.000596896
1.25935e-05   -0.204998 1.91534e-05 0.000168208      -0.205 0.000596921
1.25935e-05   -0.204998 1.91534e-05 0.000168327      -0.205  0.00059693
1.25935e-05   -0.204998 1.91534e-05 0.000168399      -0.205 0.000596954
1.25935e-05   -0.204998 1.91534e-05 0.000168362   -0.205001 0.000596724
1.25935e-05   -0.204998 1.91534e-05 0.000168375   -0.205001 0.000596491
1.25935e-05   -0.204998 1.91534e-05  0.00016834   -0.205002 0.000596281
1.25935e-05   -0.204998 1.91534e-05 0.000168344   -0.205002 0.000596081
1.25935e-05   -0.204998 1.91534e-05 0.000168349   -0.205002 0.000595901
1.25935e-05   -0.204998 1.91534e-05 0.000168336   -0.205003 0.000595747
1.25935e-05   -0.204998 1.91534e-05 0.000168372   -0.205003 0.000595596
1.25935e-05   -0.204998 1.91534e-05 0.000168379   -0.205003 0.000595476
1.25935e-05   -0.204998 1.91534e-05 0.000168388   -0.205003 0.000595371
1.25935e-05   -0.204998 1.91534e-05 0.000168425   -0.205004 0.000595265
1.25935e-05   -0.204998 1.91534e-05 0.000168464   -0.205004 0.000595178
1.25935e-05   -0.204998 1.91534e-05 0.000168483   -0.205004 0.000595104
1.25935e-05   -0.204998 1.91534e-05 0.000168552   -0.205004 0.000595024
1.25935e-05   -0.204998 1.91534e-05 0.000168563   -0.205004  0.00059497
1.25935e-05   -0.204998 1.91534e-05 0.000168633   -0.205004 0.000594908
1.25935e-05   -0.204998 1.91534e-05 0.000168673   -0.205004 0.000594855
1.25935e-05   -0.204998 1.91534e-05 0.000168714   -0.205004 0.000594809
1.25935e-05   -0.204998 1.91534e-05 0.000168785   -0.205004 0.000594762
1.25935e-05   -0.204998 1.91534e-05 0.000168827   -0.205004 0.000594723
1.25935e-05   -0.204998 1.91534e-05 0.000168918   -0.205004 0.000594675
1.25935e-05   -0.204998 1.91534e-05  0.00016898   -0.205003 0.000594639
1.25935e-05   -0.204998 1.91534e-05 0.000169033   -0.205003 0.000594603
1.25935e-05   -0.204998 1.91534e-05 0.000169115   -0.205003 0.000594564
1.25935e-05   -0.204998 1.91534e-05 0.000169168   -0.205003 0.000594537
1.25935e-05   -0.204998 1.91534e-05  0.00016925   -0.205003 0.000594495
1.25935e-05   -0.204998 1.91534e-05 0.000169323   -0.205003 0.000594464
1.25935e-05   -0.204998 1.91534e-05 0.000169396   -0.205003 0.000594432
1.25935e-05   -0.204998 1.91534e-05 0.000169479   -0.205003 0.000594397
1.25935e-05   -0.204998 1.91534e-05 0.000169553   -0.205003 0.000594367
1.25935e-05   -0.204998 1.91534e-05 0.000169646   -0.205002 0.000594328
1.25935e-05   -0.204998 1.91534e-05 0.000169729   -0.205002 0.000594294
1.25935e-05   -0.204998 1.91534e-05 0.000169813   -0.205002 0.000594258
1.25935e-05   -0.204998 1.91534e-05 0.000169886   -0.205002 0.000594227
1.25935e-05   -0.204998 1.91534e-05  0.00016997   -0.205002 0.000594194
1.25935e-05   -0.204998 1.91534e-05 0.000170074   -0.205002 0.000594153
1.25935e-05   -0.204998 1.91534e-05 0.000170138   -0.205002 0.000594125
1.25935e-05   -0.204998 1.91534e-05 0.000170251   -0.205002  0.00059408
1.25935e-05   -0.204998 1.91534e-05 0.000170335   -0.205002 0.000594048
1.25935e-05   -0.204998 1.91534e-05 0.000170439   -0.205002 0.000594007
1.25935e-05   -0.204998 1.91534e-05 0.000170503   -0.205002  0.00059398
1.25935e-05   -0.204998 1.91534e-05 0.000170617   -0.205001 0.000593938
1.25935e-05   -0.204998 1.91534e-05 0.000170691   -0.205001 0.000593908
1.25935e-05   -0.204998 1.91534e-05 0.000170804   -0.205001 0.000593864
1.25935e-05   -0.204998 1.91534e-05 0.000170878   -0.205001 0.000593833
1.25935e-05   -0.204998 1.91534e-05 0.000170992   -0.205001 0.000593793
1.25935e-05   -0.204998 1.91534e-05 0.000171076   -0.205001  0.00059376
1.25935e-05   -0.204998 1.91534e-05 0.000171179   -0.205001 0.000593719
1.25935e-05   -0.204998 1.91534e-05 0.000171264   -0.205001 0.000593692
1.25935e-05   -0.204998 1.91534e-05 0.000171367   -0.205001 0.000593651
1.25935e-05   -0.204998 1.91534e-05  0.00017147   -0.205001 0.000593615
1.25935e-05   -0.204998 1.91534e-05 0.000171564   -0.205001  0.00059358
1.25935e-05   -0.204998 1.91534e-05 0.000171638   -0.205001 0.000593551
1.25935e-05   -0.204998 1.91534e-05 0.000171772   -0.205001 0.000593507
1.25935e-05   -0.204998 1.91534e-05 0.000171856   -0.205001 0.000593477
1.25935e-05   -0.204998 1.91534e-05 0.000171961   -0.205001 0.000593441
1.25935e-05   -0.204998 1.91534e-05 0.000172056   -0.205001  0.00059341
1.25935e-05   -0.204998 1.91534e-05 0.000172141   -0.205001  0.00059338
1.25935e-05   -0.204998 1.91534e-05 0.000172256   -0.205001 0.000593341
1.25935e-05   -0.204998 1.91534e-05 0.000172351   -0.205001  0.00059331
1.25935e-05   -0.204998 1.91534e-05 0.000172476   -0.205001 0.000593271
1.25935e-05   -0.204998 1.91534e-05 0.000172553   -0.205001 0.000593248
1.25935e-05   -0.204998 1.91534e-05 0.000172668   -0.205001 0.000593209
1.25935e-05   -0.204998 1.91534e-05 0.000172774   -0.205001 0.000593178
1.25935e-05   -0.204998 1.91534e-05  0.00017287   -0.205001 0.000593146
1.25935e-05   -0.204998 1.91534e-05 0.000172985   -0.205001 0.000593114
1.25935e-05   -0.204998 1.91534e-05 0.000173072   -0.205001 0.000593089
1.25935e-05   -0.204998 1.91534e-05 0.000173197   -0.205001 0.000593051
1.25935e-05   -0.204998 1.91534e-05 0.000173283   -0.205001 0.000593026
1.25935e-05   -0.204998 1.91534e-05 0.000173409   -0.205001 0.000592987
1.25935e-05   -0.204998 1.91534e-05 0.000173505   -0.205001 0.000592962
1.25935e-05   -0.204998 1.91534e-05  0.00017363   -0.205001 0.000592923
1.25935e-05   -0.204998 1.91534e-05 0.000173716   -0.205001 0.000592899
1.25935e-05   -0.204998 1.91534e-05 0.000173832   -0.205001 0.000592866
1.25935e-05   -0.204998 1.91534e-05 0.000173938   -0.205001 0.000592834
1.25935e-05   -0.204998 1.91534e-05 0.000174034   -0.205001 0.000592809
1.25935e-05   -0.204998 1.91534e-05 0.000174139   -0.205001 0.000592777
1.25935e-05   -0.204998 1.91534e-05 0.000174245   -0.205001 0.000592751
1.25935e-05   -0.204998 1.91534e-05 0.000174369   -0.205001 0.000592712
1.25935e-05   -0.204998 1.91534e-05 0.000174465   -0.205001 0.000592687
1.25935e-05   -0.204998 1.91534e-05  0.00017458   -0.205001 0.000592654
1.25935e-05   -0.204998 1.91534e-05 0.000174665   -0.205001  0.00059263
1.25935e-05   -0.204998 1.91534e-05  0.00017478   -0.205001 0.000592597
1.25935e-05   -0.204998 1.91534e-05 0.000174885   -0.205001 0.000592571
1.25935e-05   -0.204998 1.91534e-05  0.00017499   -0.205001 0.000592539
1.25935e-05   -0.204998 1.91534e-05 0.000175104   -0.205001 0.000592507
1.25935e-05   -0.204998 1.91534e-05 0.000175199   -0.205001 0.000592481
1.25935e-05   -0.204998 1.91534e-05 0.000175303   -0.205001 0.000592449
1.25935e-05   -0.204998 1.91534e-05 0.000175407   -0.205001 0.000592423
1.25935e-05   -0.204998 1.91534e-05 0.000175521   -0.205001  0.00059239
1.25935e-05   -0.204998 1.91534e-05 0.000175605   -0.205001 0.000592373
1.25935e-05   -0.204998 1.91534e-05 0.000175719   -0.205001 0.000592348
1.25935e-05   -0.204998 1.91534e-05 0.000175813   -0.205001  0.00059233
1.25935e-05   -0.204998 1.91534e-05 0.000175927   -0.205001 0.000592304
1.25935e-05   -0.204998 1.91534e-05 0.000176032   -0.205001 0.000592284
1.25935e-05   -0.204998 1.91534e-05 0.000176147   -0.205001 0.000592265
1.25935e-05   -0.204998 1.91534e-05 0.000176252   -0.205001 0.000592259
1.25935e-05   -0.204998 1.91534e-05 0.000176347   -0.205001 0.000592261
1.25935e-05   -0.204998 1.91534e-05 0.000176462   -0.205001 0.000592254
1.25935e-05   -0.204998 1.91534e-05 0.000176568   -0.205001  0.00059225
1.25935e-05   -0.204998 1.91534e-05 0.000176673   -0.205001 0.000592238
1.25935e-05   -0.204998 1.91534e-05 0.000176779   -0.205001 0.000592228
1.25935e-05   -0.204998 1.91534e-05 0.000176874   -0.205001 0.000592216
1.25935e-05   -0.204998 1.91534e-05 0.000176999   -0.205001 0.000592193
1.25935e-05   -0.204998 1.91534e-05 0.000177095   -0.205001 0.000592175
1.25935e-05   -0.204998 1.91534e-05  0.00017722   -0.205001 0.000592148
1.25935e-05   -0.204998 1.91534e-05 0.000177326   -0.205001 0.000592125
1.25935e-05   -0.204998 1.91534e-05 0.000177421   -0.205001 0.000592102
1.25935e-05   -0.204998 1.91534e-05 0.000177527   -0.205001 0.000592076
1.25935e-05   -0.204998 1.91534e-05 0.000177622   -0.205001  0.00059205
1.25935e-05   -0.204998 1.91534e-05 0.000177737   -0.205001 0.000592015
1.25935e-05   -0.204998 1.91534e-05 0.000177843   -0.205001 0.000591986
1.25935e-05   -0.204998 1.91534e-05 0.000177967   -0.205001 0.000591949
1.25935e-05   -0.204998 1.91534e-05 0.000178063   -0.205001 0.000591919
1.25935e-05   -0.204998 1.91534e-05 0.000178168   -0.205001 0.000591887
1.25935e-05   -0.204998 1.91534e-05 0.000178293   -0.205001 0.000591849
1.25935e-05   -0.204998 1.91534e-05 0.000178378   -0.205001 0.000591818
1.25935e-05   -0.204998 1.91534e-05 0.000178502   -0.205001 0.000591779
1.25935e-05   -0.204998 1.91534e-05 0.000178608   -0.205001 0.000591747
1.25935e-05   -0.204998 1.91534e-05 0.000178683   -0.205001 0.000591723
1.25935e-05   -0.204998 1.91534e-05 0.000178807   -0.205001 0.000591683
1.25935e-05   -0.204998 1.91534e-05 0.000178902   -0.205001 0.000591652
1.25935e-05   -0.204998 1.91534e-05 0.000179026   -0.205001 0.000591613
1.25935e-05   -0.204998 1.91534e-05 0.000179121   -0.205001 0.000591583
1.25935e-05   -0.204998 1.91534e-05 0.000179245   -0.205001 0.000591544
1.25935e-05   -0.204998 1.91534e-05  0.00017934   -0.205001 0.000591514
1.25935e-05   -0.204998 1.91534e-05 0.000179444   -0.205001 0.000591484
1.25935e-05   -0.204998 1.91534e-05 0.000179558   -0.205001 0.000591447
1.25935e-05   -0.204998 1.91534e-05 0.000179643   -0.205001 0.000591425
1.25935e-05   -0.204998 1.91534e-05 0.000179757   -0.205001 0.000591389
1.25935e-05   -0.204998 1.91534e-05 0.000179851   -0.205001 0.000591361
1.25935e-05   -0.204998 1.91534e-05 0.000179975   -0.205001 0.000591325
1.25935e-05   -0.204998 1.91534e-05 0.000180069   -0.205001 0.000591298
1.25935e-05   -0.204998 1.91534e-05 0.000180193   -0.205001 0.000591263
1.25935e-05   -0.204998 1.91534e-05 0.000180287   -0.205001 0.000591237
1.25935e-05   -0.204998 1.91534e-05 0.000180361   -0.205001 0.000591218
1.25935e-05   -0.204998 1.91534e-05 0.000180485   -0.205001 0.000591185
1.25935e-05   -0.204998 1.91534e-05 0.000180588   -0.205001  0.00059116
1.25935e-05   -0.204998 1.91534e-05 0.000180702   -0.205001 0.000591128
1.25935e-05   -0.204998 1.91534e-05 0.000180796   -0.205001 0.000591104
1.25935e-05   -0.204998 1.91534e-05 0.000180919   -0.205001 0.000591072
1.25935e-05   -0.204998 1.91534e-05 0.000180993   -0.205001 0.000591057
1.25935e-05   -0.204998 1.91534e-05 0.000181116   -0.205001 0.000591026
1.25935e-05   -0.204998 1.91534e-05   0.0001812   -0.205001 0.000591004
1.25935e-05   -0.204998 1.91534e-05 0.000181323   -0.205001 0.000590974
1.25935e-05   -0.204998 1.91534e-05 0.000181417   -0.205001 0.000590953
1.25935e-05   -0.204998 1.91534e-05  0.00018154   -0.205001 0.000590924
1.25935e-05   -0.204998 1.91534e-05 0.000181604   -0.205001 0.000590911
1.25935e-05   -0.204998 1.91534e-05 0.000181727   -0.205001 0.000590882
1.25935e-05   -0.204998 1.91534e-05  0.00018185   -0.205001 0.000590855
1.25935e-05   -0.204998 1.91534e-05 0.000181934   -0.205001 0.000590835
1.25935e-05   -0.204998 1.91534e-05 0.000182057   -0.205001 0.000590808
1.25935e-05   -0.204998 1.91534e-05 0.000182131   -0.205001 0.000590796
1.25935e-05   -0.204998 1.91534e-05 0.000182254   -0.205001 0.000590769
1.25935e-05   -0.204998 1.91534e-05 0.000182348   -0.205001  0.00059075
1.25935e-05   -0.204998 1.91534e-05 0.000182471   -0.205001 0.000590723
1.25935e-05   -0.204998 1.91534e-05 0.000182556   -0.205001 0.000590705
1.25935e-05   -0.204998 1.91534e-05 0.000182661   -0.205001 0.000590685
1.25935e-05   -0.204998 1.91534e-05 0.000182767   -0.205001 0.000590666
1.25935e-05   -0.204998 1.91534e-05 0.000182892   -0.205001 0.000590639
1.25935e-05   -0.204998 1.91534e-05 0.000182988   -0.205002  0.00059062
1.25935e-05   -0.204998 1.91534e-05 0.000183094   -0.205002   0.0005906
1.25935e-05   -0.204998 1.91534e-05  0.00018322   -0.205002 0.000590572
1.25935e-05   -0.204998 1.91534e-05 0.000183327   -0.205002 0.000590552
1.25935e-05   -0.204998 1.91534e-05 0.000183443   -0.205002 0.000590525
1.25935e-05   -0.204998 1.91534e-05 0.000183531   -0.205002 0.000590511
1.25935e-05   -0.204998 1.91534e-05 0.000183658   -0.205002 0.000590483
1.25935e-05   -0.204998 1.91534e-05 0.000183776   -0.205002 0.000590461
1.25935e-05   -0.204998 1.91534e-05 0.000183903   -0.205002 0.000590432
1.25935e-05   -0.204998 1.91534e-05 0.000183992   -0.205002 0.000590418
1.25935e-05   -0.204998 1.91534e-05 0.00018411  -0.205002 0.00059039
1.25935e-05   -0.204998 1.91534e-05 0.000184229   -0.205002 0.000590368
1.25935e-05   -0.204998 1.91534e-05 0.000184357   -0.205002 0.000590339
1.25935e-05   -0.204998 1.91534e-05 0.000184447   -0.205002 0.000590325
1.25935e-05   -0.204998 1.91534e-05 0.000184586   -0.205002 0.000590295
1.25935e-05   -0.204998 1.91534e-05 0.000184685   -0.205002 0.000590274
1.25935e-05   -0.204998 1.91534e-05 0.000184805   -0.205002 0.000590251
1.25935e-05   -0.204998 1.91534e-05 0.000184915   -0.205002 0.000590229
1.25935e-05   -0.204998 1.91534e-05 0.000185054   -0.205002   0.0005902
1.25935e-05   -0.204998 1.91534e-05 0.000185145   -0.205002 0.000590185
1.25935e-05   -0.204998 1.91534e-05 0.000185275   -0.205002 0.000590156
1.25935e-05   -0.204998 1.91534e-05 0.000185405   -0.205002 0.000590127
1.25935e-05   -0.204998 1.91534e-05 0.000185506   -0.205002 0.000590112
1.25935e-05   -0.204998 1.91534e-05 0.000185646   -0.205002 0.000590082
1.25935e-05   -0.204998 1.91534e-05 0.000185757   -0.205002  0.00059006
1.25935e-05   -0.204998 1.91534e-05 0.000185878   -0.205002 0.000590037
1.25935e-05   -0.204998 1.91534e-05  0.00018599   -0.205002 0.000590016
1.25935e-05   -0.204998 1.91534e-05 0.000186121   -0.205002 0.000589986
1.25935e-05   -0.204998 1.91534e-05 0.000186223   -0.205002 0.000589971
1.25935e-05   -0.204998 1.91534e-05 0.000186354   -0.205002 0.000589942
1.25935e-05   -0.204998 1.91534e-05 0.000186495   -0.205002 0.000589913
1.25935e-05   -0.204998 1.91534e-05 0.000186588   -0.205002 0.000589898
1.25935e-05   -0.204998 1.91534e-05 0.000186739   -0.205002 0.000589868
1.25935e-05   -0.204998 1.91534e-05 0.000186832   -0.205002 0.000589853
1.25935e-05   -0.204998 1.91534e-05 0.000186974   -0.205002 0.000589824
1.25935e-05   -0.204998 1.91534e-05 0.000187106   -0.205002 0.000589795
1.25935e-05   -0.204998 1.91534e-05 0.000187209   -0.205002  0.00058978
1.25935e-05   -0.204998 1.91534e-05 0.000187351   -0.205002  0.00058975
1.25935e-05   -0.204998 1.91534e-05 0.000187464   -0.205002 0.000589728
1.25935e-05   -0.204998 1.91534e-05 0.000187577   -0.205002 0.000589707
1.25935e-05   -0.204998 1.91534e-05   0.0001877   -0.205002 0.000589685
1.25935e-05   -0.204998 1.91534e-05 0.000187843   -0.205002 0.000589655
1.25935e-05   -0.204998 1.91534e-05 0.000187966   -0.205002 0.000589633
1.25935e-05   -0.204998 1.91534e-05 0.00018809  -0.205002 0.00058961
1.25935e-05   -0.204998 1.91534e-05 0.000188223   -0.205002 0.000589581
1.25935e-05   -0.204998 1.91534e-05 0.000188327   -0.205002 0.000589566
1.25935e-05   -0.204998 1.91534e-05  0.00018847   -0.205002 0.000589537
1.25935e-05   -0.204998 1.91534e-05 0.000188584   -0.205002 0.000589515
1.25935e-05   -0.204998 1.91534e-05 0.000188717   -0.205002 0.000589492
1.25935e-05   -0.204998 1.91534e-05 0.000188831   -0.205002 0.000589471
1.25935e-05   -0.204998 1.91534e-05 0.000188975   -0.205002 0.000589441
1.25935e-05   -0.204998 1.91534e-05 0.000189099   -0.205002 0.000589419
1.25935e-05   -0.204998 1.91534e-05 0.000189223   -0.205002 0.000589397
1.25935e-05   -0.204998 1.91534e-05 0.000189337   -0.205002 0.000589375
1.25935e-05   -0.204998 1.91534e-05 0.000189481   -0.205002 0.000589346
1.25935e-05   -0.204998 1.91534e-05 0.000189596   -0.205002 0.000589325
1.25935e-05   -0.204998 1.91534e-05  0.00018973   -0.205002 0.000589302
1.25935e-05   -0.204998 1.91534e-05 0.000189855   -0.205002  0.00058928
1.25935e-05   -0.204998 1.91534e-05 0.000189969   -0.205002 0.000589258
1.25935e-05   -0.204998 1.91534e-05 0.000190113   -0.205002 0.000589229
1.25935e-05   -0.204998 1.91534e-05 0.000190238   -0.205002 0.000589207
1.25935e-05   -0.204998 1.91534e-05 0.000190353   -0.205002 0.000589185
1.25935e-05   -0.204998 1.91534e-05 0.000190488   -0.205002 0.000589163
1.25935e-05   -0.204998 1.91534e-05 0.000190632   -0.205002 0.000589134
1.25935e-05   -0.204998 1.91534e-05 0.000190747   -0.205002 0.000589112
1.25935e-05   -0.204998 1.91534e-05 0.000190872   -0.205002  0.00058909
1.25935e-05   -0.204998 1.91534e-05 0.000191017   -0.205002 0.000589061
1.25935e-05   -0.204998 1.91534e-05 0.000191122   -0.205002 0.000589046
1.25935e-05   -0.204998 1.91534e-05 0.000191237   -0.205002 0.000589024
1.25935e-05   -0.204998 1.91534e-05 0.000191382   -0.205002 0.000588995
1.25935e-05   -0.204998 1.91534e-05 0.000191517   -0.205002 0.000588972
1.25935e-05   -0.204998 1.91534e-05 0.000191651   -0.205002 0.000588944
1.25935e-05   -0.204998 1.91534e-05 0.000191766   -0.205002 0.000588922
1.25935e-05   -0.204998 1.91534e-05 0.000191901   -0.205002 0.000588899
1.25935e-05   -0.204998 1.91534e-05 0.000192036   -0.205002 0.000588871
1.25935e-05   -0.204998 1.91534e-05 0.000192161   -0.205002 0.000588849
1.25935e-05   -0.204998 1.91534e-05 0.000192285   -0.205002 0.000588827
1.25935e-05   -0.204998 1.91534e-05  0.00019243   -0.205002 0.000588797
1.25935e-05   -0.204998 1.91534e-05 0.000192544   -0.205002 0.000588776
1.25935e-05   -0.204998 1.91534e-05 0.000192659   -0.205002 0.000588754
1.25935e-05   -0.204998 1.91534e-05 0.000192783   -0.205002 0.000588733
1.25935e-05   -0.204998 1.91534e-05 0.000192927   -0.205002 0.000588703
1.25935e-05   -0.204998 1.91534e-05 0.000193051   -0.205002 0.000588681
1.25935e-05   -0.204998 1.91534e-05 0.000193165   -0.205002  0.00058866
1.25935e-05   -0.204998 1.91534e-05 0.000193299   -0.205002 0.000588631
1.25935e-05   -0.204998 1.91534e-05 0.000193423   -0.205002 0.000588609
1.25935e-05   -0.204998 1.91534e-05 0.000193536   -0.205002 0.000588588
1.25935e-05   -0.204998 1.91534e-05  0.00019366   -0.205002 0.000588566
1.25935e-05   -0.204998 1.91534e-05 0.000193773   -0.205002 0.000588545
1.25935e-05   -0.204998 1.91534e-05 0.000193925   -0.205002 0.000588509
1.25935e-05   -0.204998 1.91534e-05 0.000194048   -0.205002 0.000588487
1.25935e-05   -0.204998 1.91534e-05 0.000194171   -0.205002 0.000588465
1.25935e-05   -0.204998 1.91534e-05 0.000194285   -0.205002 0.000588444
1.25935e-05   -0.204998 1.91534e-05 0.000194418   -0.205002 0.000588415
1.25935e-05   -0.204998 1.91534e-05 0.000194542   -0.205002 0.000588393
1.25935e-05   -0.204998 1.91534e-05 0.000194675   -0.205002 0.000588365
1.25935e-05   -0.204998 1.91534e-05 0.000194799   -0.205002 0.000588343
1.25935e-05   -0.204998 1.91534e-05 0.000194913   -0.205002 0.000588321
1.25935e-05   -0.204998 1.91534e-05 0.000195037   -0.205002 0.000588299
1.25935e-05   -0.204998 1.91534e-05 0.000195171   -0.205002 0.000588271
1.25935e-05   -0.204998 1.91534e-05 0.000195304   -0.205002 0.000588242
1.25935e-05   -0.204998 1.91534e-05 0.000195428   -0.205002 0.000588221
1.25935e-05   -0.204998 1.91534e-05 0.000195542   -0.205002   0.0005882
1.25935e-05   -0.204998 1.91534e-05 0.000195665   -0.205002 0.000588179
1.25935e-05   -0.204998 1.91534e-05 0.000195779   -0.205002 0.000588159
1.25935e-05   -0.204998 1.91534e-05 0.000195931   -0.205002 0.000588125
1.25935e-05   -0.204998 1.91534e-05 0.000196044   -0.205002 0.000588105
1.25935e-05   -0.204998 1.91534e-05 0.000196167   -0.205002 0.000588085
1.25935e-05   -0.204998 1.91534e-05  0.00019628   -0.205002 0.000588067
1.25935e-05   -0.204998 1.91534e-05 0.000196423   -0.205002  0.00058804
1.25935e-05   -0.204998 1.91534e-05 0.000196546   -0.205002 0.000588021
1.25935e-05   -0.204998 1.91534e-05 0.000196659   -0.205002 0.000588003
1.25935e-05   -0.204998 1.91534e-05 0.000196792   -0.205002 0.000587979
1.25935e-05   -0.204998 1.91534e-05 0.000196925   -0.205002 0.000587954
1.25935e-05   -0.204998 1.91534e-05 0.000197038   -0.205002 0.000587937
1.25935e-05   -0.204998 1.91534e-05 0.00019716  -0.205002 0.00058792
1.25935e-05   -0.204998 1.91534e-05 0.000197273   -0.205002 0.000587904
1.25935e-05   -0.204998 1.91534e-05 0.000197414   -0.205002  0.00058788
1.25935e-05   -0.204998 1.91534e-05 0.000197527   -0.205002 0.000587865
1.25935e-05   -0.204998 1.91534e-05 0.000197639   -0.205002  0.00058785
1.25935e-05   -0.204998 1.91534e-05 0.000197771   -0.205002 0.000587828
1.25935e-05   -0.204998 1.91534e-05 0.000197903   -0.205002 0.000587806
1.25935e-05   -0.204998 1.91534e-05 0.000198025   -0.205002 0.000587792
1.25935e-05   -0.204998 1.91534e-05 0.000198138   -0.205002 0.000587778
1.25935e-05   -0.204998 1.91534e-05 0.000198269   -0.205002 0.000587757
1.25935e-05   -0.204998 1.91534e-05 0.000198391   -0.205002 0.000587744
1.25935e-05   -0.204998 1.91534e-05 0.000198502   -0.205002 0.000587731
1.25935e-05   -0.204998 1.91534e-05 0.000198614   -0.205002 0.000587719
1.25935e-05   -0.204998 1.91534e-05 0.000198755   -0.205002 0.000587699
1.25935e-05   -0.204998 1.91534e-05 0.000198886   -0.205002  0.00058768
1.25935e-05   -0.204998 1.91534e-05 0.000198987   -0.205002 0.000587668
1.25935e-05   -0.204998 1.91534e-05 0.000199128   -0.205002 0.000587649
1.25935e-05   -0.204998 1.91534e-05 0.000199239   -0.205002 0.000587638
1.25935e-05   -0.204998 1.91534e-05 0.000199361   -0.205002 0.000587627
1.25935e-05   -0.204998 1.91534e-05 0.000199472   -0.205002 0.000587617
1.25935e-05   -0.204998 1.91534e-05 0.000199602   -0.205002 0.000587599
1.25935e-05   -0.204998 1.91534e-05 0.000199712   -0.205002  0.00058759
1.25935e-05   -0.204998 1.91534e-05 0.000199823   -0.205002  0.00058758
1.25935e-05   -0.204998 1.91534e-05 0.000199962   -0.205002 0.000587557
1.25935e-05   -0.204998 1.91534e-05 0.000200083   -0.205002 0.000587547
1.25935e-05   -0.204998 1.91534e-05 0.000200193   -0.205002 0.000587539
1.25935e-05   -0.204998 1.91534e-05 0.000200304   -0.205002  0.00058753
1.25935e-05   -0.204998 1.91534e-05 0.000200433   -0.205002 0.000587515
1.25935e-05   -0.204998 1.91534e-05 0.000200543   -0.205002 0.000587507
1.25935e-05   -0.204998 1.91534e-05 0.000200653   -0.205002   0.0005875
1.25935e-05   -0.204998 1.91534e-05 0.000200782   -0.205002 0.000587485
1.25935e-05   -0.204998 1.91534e-05 0.000200892   -0.205002 0.000587478
1.25935e-05   -0.204998 1.91534e-05 0.000201021   -0.205002 0.000587464
1.25935e-05   -0.204998 1.91534e-05 0.000201131   -0.205002 0.000587457
1.25935e-05   -0.204998 1.91534e-05  0.00020126   -0.205002 0.000587444
1.25935e-05   -0.204998 1.91534e-05 0.000201369   -0.205002 0.000587438
1.25935e-05   -0.204998 1.91534e-05 0.000201478   -0.205002 0.000587433
1.25935e-05   -0.204998 1.91534e-05 0.000201607   -0.205002  0.00058742
1.25935e-05   -0.204998 1.91534e-05 0.000201716   -0.205002 0.000587415
1.25935e-05   -0.204998 1.91534e-05 0.000201825   -0.205002  0.00058741
1.25935e-05   -0.204998 1.91534e-05 0.000201953   -0.205002 0.000587398
1.25935e-05   -0.204998 1.91534e-05 0.000202062   -0.205002 0.000587394
1.25935e-05   -0.204998 1.91534e-05  0.00020218   -0.205002 0.000587383
1.25935e-05   -0.204998 1.91534e-05 0.000202289   -0.205002 0.000587379
1.25935e-05   -0.204998 1.91534e-05 0.000202418   -0.205002 0.000587368
1.25935e-05   -0.204998 1.91534e-05 0.000202526   -0.205002 0.000587365
1.25935e-05   -0.204998 1.91534e-05 0.000202635   -0.205002 0.000587362
1.25935e-05   -0.204998 1.91534e-05 0.000202754   -0.205002 0.000587359
1.25935e-05   -0.204998 1.91534e-05 0.000202872   -0.205002 0.000587349
1.25935e-05   -0.204998 1.91534e-05   0.000203  -0.205002 0.00058734
1.25935e-05   -0.204998 1.91534e-05 0.000203098   -0.205002 0.000587338
1.25935e-05   -0.204998 1.91534e-05 0.000203236   -0.205002 0.000587329
1.25935e-05   -0.204998 1.91534e-05 0.000203344   -0.205002 0.000587327
1.25935e-05   -0.204998 1.91534e-05 0.000203442   -0.205002 0.000587327
1.25935e-05   -0.204998 1.91534e-05  0.00020355   -0.205002 0.000587326
1.25935e-05   -0.204998 1.91534e-05 0.000203697   -0.205002 0.000587311
1.25935e-05   -0.204998 1.91534e-05 0.000203795   -0.205002 0.000587312
1.25935e-05   -0.204998 1.91534e-05 0.000203903   -0.205002 0.000587312
1.25935e-05   -0.204998 1.91534e-05  0.00020403   -0.205002 0.000587305
1.25935e-05   -0.204998 1.91534e-05 0.000204128   -0.205002 0.000587306
1.25935e-05   -0.204998 1.91534e-05 0.000204235   -0.205002 0.000587307
1.25935e-05   -0.204998 1.91534e-05 0.000204351   -0.205002 0.000587302
1.25935e-05   -0.204998 1.91534e-05 0.000204467   -0.205002 0.000587298
1.25935e-05   -0.204998 1.91534e-05 0.000204583   -0.205002 0.000587293
1.25935e-05   -0.204998 1.91534e-05 0.000204679   -0.205002 0.000587297
1.25935e-05   -0.204998 1.91534e-05 0.000204793   -0.205002 0.000587293
1.25935e-05   -0.204998 1.91534e-05 0.000204898   -0.205002 0.000587297
1.25935e-05   -0.204998 1.91534e-05 0.000205011   -0.205002 0.000587294
1.25935e-05   -0.204998 1.91534e-05 0.000205115   -0.205002 0.000587292
1.25935e-05   -0.204998 1.91534e-05 0.000205227   -0.205002  0.00058729
1.25935e-05   -0.204998 1.91534e-05  0.00020532   -0.205002 0.000587289
1.25935e-05   -0.204998 1.91534e-05 0.000205402   -0.205002 0.000587295
1.25935e-05   -0.204998 1.91534e-05 0.000205503   -0.205002 0.000587294
1.25935e-05   -0.204998 1.91534e-05 0.000205604   -0.205002 0.000587294
1.25935e-05   -0.204998 1.91534e-05 0.000205703   -0.205002 0.000587295
1.25935e-05   -0.204998 1.91534e-05 0.000205773   -0.205002 0.000587303
1.25935e-05   -0.204998 1.91534e-05 0.000205882   -0.205002 0.000587297
1.25935e-05   -0.204998 1.91534e-05  0.00020598   -0.205002 0.000587298
1.25935e-05   -0.204998 1.91534e-05 0.000206069   -0.205002 0.000587301
1.25935e-05   -0.204998 1.91534e-05 0.000206157   -0.205002 0.000587304
1.25935e-05   -0.204998 1.91534e-05 0.000206245   -0.205002 0.000587306
1.25935e-05   -0.204998 1.91534e-05 0.000206362   -0.205002 0.000587302
1.25935e-05   -0.204998 1.91534e-05  0.00020644   -0.205002 0.000587306
1.25935e-05   -0.204998 1.91534e-05 0.000206527   -0.205002  0.00058731
1.25935e-05   -0.204998 1.91534e-05 0.000206614   -0.205002 0.000587314
1.25935e-05   -0.204998 1.91534e-05 0.000206721   -0.205002 0.000587312
1.25935e-05   -0.204998 1.91534e-05 0.000206788   -0.205002 0.000587324
1.25935e-05   -0.204998 1.91534e-05 0.000206875   -0.205002 0.000587329
1.25935e-05   -0.204998 1.91534e-05 0.000206981   -0.205002 0.000587328
1.25935e-05   -0.204998 1.91534e-05 0.000207049   -0.205002 0.000587341
1.25935e-05   -0.204998 1.91534e-05 0.000207156   -0.205002 0.000587341
1.25935e-05   -0.204998 1.91534e-05 0.000207243   -0.205002 0.000587348
1.25935e-05   -0.204998 1.91534e-05 0.000207322   -0.205002 0.000587361
1.25935e-05   -0.204998 1.91534e-05  0.00020743   -0.205002 0.000587361
1.25935e-05   -0.204998 1.91534e-05 0.000207518   -0.205002 0.000587369
1.25935e-05   -0.204998 1.91534e-05 0.000207597   -0.205002 0.000587383
1.25935e-05   -0.204998 1.91534e-05 0.000207706   -0.205002 0.000587384
1.25935e-05   -0.204998 1.91534e-05 0.000207806   -0.205002 0.000587392
1.25935e-05   -0.204998 1.91534e-05 0.000207895   -0.205002 0.000587401
1.25935e-05   -0.204998 1.91534e-05 0.000207976   -0.205002 0.000587417
1.25935e-05   -0.204998 1.91534e-05 0.000208075   -0.205002 0.000587425
1.25935e-05   -0.204998 1.91534e-05 0.000208194   -0.205002 0.000587427
1.25935e-05   -0.204998 1.91534e-05 0.000208284   -0.205002 0.000587436
1.25935e-05   -0.204998 1.91534e-05 0.000208384   -0.205002 0.000587446
1.25935e-05   -0.204998 1.91534e-05 0.000208484   -0.205002 0.000587456
1.25935e-05   -0.204998 1.91534e-05 0.000208584   -0.205002 0.000587465
1.25935e-05   -0.204998 1.91534e-05 0.000208665   -0.205002 0.000587483
1.25935e-05   -0.204998 1.91534e-05 0.000208766   -0.205002 0.000587493
1.25935e-05   -0.204998 1.91534e-05 0.000208866   -0.205002 0.000587503
1.25935e-05   -0.204998 1.91534e-05 0.000208948   -0.205002 0.000587521
1.25935e-05   -0.204998 1.91534e-05 0.000209049   -0.205002 0.000587532
1.25935e-05   -0.204998 1.91534e-05  0.00020904   -0.205003 0.000587238
1.25935e-05   -0.204998 1.91534e-05 0.000209001   -0.205004 0.000586967
1.25935e-05   -0.204998 1.91534e-05 0.000208993   -0.205004 0.000586702
1.25935e-05   -0.204998 1.91534e-05 0.000208977   -0.205004 0.000586461
1.25935e-05   -0.204998 1.91534e-05  0.00020896   -0.205005 0.000586246
1.25935e-05   -0.204998 1.91534e-05 0.000208899   -0.205005 0.000585974
1.25935e-05   -0.204998 1.91534e-05 0.000208976   -0.205006  0.00058574
1.25935e-05   -0.204998 1.91534e-05 0.000209003   -0.205006 0.000585622
1.25935e-05   -0.204998 1.91534e-05 0.000209011   -0.205006 0.000585535
1.25935e-05   -0.204998 1.91534e-05 0.000209039   -0.205006 0.000585468
1.25935e-05   -0.204998 1.91534e-05 0.000209116   -0.205006 0.000585403
1.25935e-05   -0.204998 1.91534e-05 0.000209165   -0.205006 0.000585407
1.25935e-05   -0.204998 1.91534e-05 0.000209204   -0.205006 0.000585434
1.25935e-05   -0.204998 1.91534e-05 0.000209233   -0.205006  0.00058548
1.25935e-05   -0.204998 1.91534e-05 0.000209293   -0.205006 0.000585534
1.25935e-05   -0.204998 1.91534e-05 0.000209402   -0.205006 0.000585708
1.25935e-05   -0.204998 1.91534e-05 0.000209462   -0.205006 0.000585822
1.25935e-05   -0.204998 1.91534e-05 0.000209533   -0.205006 0.000585947
1.25935e-05   -0.204998 1.91534e-05 0.000209594   -0.205006 0.000586087
1.25935e-05   -0.204998 1.91534e-05 0.000209645   -0.205006 0.000586248
1.25935e-05   -0.204998 1.91534e-05 0.000209807   -0.205005 0.000586601
1.25935e-05   -0.204998 1.91534e-05  0.00020986   -0.205005 0.000586804
1.25935e-05   -0.204998 1.91534e-05 0.000209932   -0.205005 0.000587013
1.25935e-05   -0.204998 1.91534e-05 0.000210015   -0.205005 0.000587226
1.25935e-05   -0.204998 1.91534e-05 0.000210191   -0.205005 0.000587687
1.25935e-05   -0.204998 1.91534e-05 0.000210264   -0.205004  0.00058794
1.25935e-05   -0.204998 1.91534e-05 0.000210348   -0.205004 0.000588198
1.25935e-05   -0.204998 1.91534e-05 0.000210443   -0.205004 0.000588459
1.25935e-05   -0.204998 1.91534e-05 0.000210547   -0.205004  0.00058873
1.25935e-05   -0.204998 1.91534e-05 0.000210725   -0.205004 0.000589309
1.25935e-05   -0.204998 1.91534e-05 0.000210799   -0.205004 0.000589613
1.25935e-05   -0.204998 1.91534e-05 0.000210883   -0.205004 0.000589919
1.25935e-05   -0.204998 1.91534e-05 0.000210996   -0.205003 0.000590219
1.25935e-05   -0.204998 1.91534e-05 0.000211174   -0.205003  0.00059086
1.25935e-05   -0.204998 1.91534e-05 0.000211268   -0.205003  0.00059119
1.25935e-05   -0.204998 1.91534e-05 0.000211371   -0.205003 0.000591517
1.25935e-05   -0.204998 1.91534e-05 0.000211475   -0.205003  0.00059185
1.25935e-05   -0.204998 1.91534e-05  0.00021155   -0.205003 0.000592191
1.25935e-05   -0.204998 1.91534e-05 0.000211532   -0.205003 0.000592227
1.25935e-05   -0.204998 1.91534e-05 0.000211496   -0.205004 0.000592293
1.25935e-05   -0.204998 1.91534e-05  0.00021145   -0.205004 0.000592377
1.25935e-05   -0.204998 1.91534e-05 0.000211435   -0.205005 0.000592477
1.25935e-05   -0.204998 1.91534e-05 0.000211451   -0.205005 0.000592582
1.25935e-05   -0.204998 1.91534e-05 0.000211428   -0.205005 0.000592706
1.25935e-05   -0.204998 1.91534e-05 0.000211415   -0.205005 0.000592839
1.25935e-05   -0.204998 1.91534e-05 0.000211443   -0.205006 0.000592965
1.25935e-05   -0.204998 1.91534e-05 0.000211461   -0.205006 0.000593097
1.25935e-05   -0.204998 1.91534e-05 0.000211471   -0.205006 0.000593234
1.25935e-05   -0.204998 1.91534e-05  0.00021151   -0.205006 0.000593361
1.25935e-05   -0.204998 1.91534e-05 0.000211521   -0.205006 0.000593499
1.25935e-05   -0.204998 1.91534e-05 0.000211571   -0.205006 0.000593618
1.25935e-05   -0.204998 1.91534e-05 0.000211622   -0.205006  0.00059374
1.25935e-05   -0.204998 1.91534e-05 0.000211643   -0.205006 0.000593865
1.25935e-05   -0.204998 1.91534e-05 0.000211714   -0.205006 0.000593971
1.25935e-05   -0.204998 1.91534e-05 0.000211766   -0.205006 0.000594079
1.25935e-05   -0.204998 1.91534e-05 0.000211809   -0.205006  0.00059419
1.25935e-05   -0.204998 1.91534e-05 0.000211852   -0.205006 0.000594289
1.25935e-05   -0.204998 1.91534e-05 0.000211943   -0.205006 0.000594369
1.25935e-05   -0.204998 1.91534e-05 0.000211997   -0.205005  0.00059446
1.25935e-05   -0.204998 1.91534e-05  0.00021206   -0.205005 0.000594541
1.25935e-05   -0.204998 1.91534e-05 0.000212123   -0.205005 0.000594618
1.25935e-05   -0.204998 1.91534e-05 0.000212196   -0.205005 0.000594685
1.25935e-05   -0.204998 1.91534e-05 0.00021227  -0.205005 0.00059475
1.25935e-05   -0.204998 1.91534e-05 0.000212353   -0.205005 0.000594805
1.25935e-05   -0.204998 1.91534e-05 0.000212427   -0.205005  0.00059486
1.25935e-05   -0.204998 1.91534e-05 0.000212521   -0.205005 0.000594905
1.25935e-05   -0.204998 1.91534e-05 0.000212585   -0.205004 0.000594958
1.25935e-05   -0.204998 1.91534e-05 0.000212669   -0.205004 0.000594996
1.25935e-05   -0.204998 1.91534e-05 0.000212763   -0.205004 0.000595027
1.25935e-05   -0.204998 1.91534e-05 0.000212837   -0.205004 0.000595066
1.25935e-05   -0.204998 1.91534e-05 0.000212921   -0.205004 0.000595099
1.25935e-05   -0.204998 1.91534e-05 0.000213025   -0.205004 0.000595119
1.25935e-05   -0.204998 1.91534e-05 0.000213119   -0.205004 0.000595141
1.25935e-05   -0.204998 1.91534e-05 0.000213203   -0.205004 0.000595165
1.25935e-05   -0.204998 1.91534e-05 0.000213278   -0.205004 0.000595192
1.25935e-05   -0.204998 1.91534e-05 0.000213391   -0.205003   0.0005952
1.25935e-05   -0.204998 1.91534e-05 0.000213466   -0.205003 0.000595219
1.25935e-05   -0.204998 1.91534e-05  0.00021357   -0.205003 0.000595233
1.25935e-05   -0.204998 1.91534e-05 0.000213683   -0.205003 0.000595238
1.25935e-05   -0.204998 1.91534e-05 0.000213757   -0.205003 0.000595254
1.25935e-05   -0.204998 1.91534e-05  0.00021371   -0.205004 0.000594964
1.25935e-05   -0.204998 1.91534e-05 0.000213664   -0.205004 0.000594692
1.25935e-05   -0.204998 1.91534e-05 0.000213657   -0.205004 0.000594418
1.25935e-05   -0.204998 1.91534e-05 0.000213631   -0.205005 0.000594171
1.25935e-05   -0.204998 1.91534e-05 0.000213597   -0.205005 0.000593953
1.25935e-05   -0.204998 1.91534e-05 0.000213602   -0.205005 0.000593743
1.25935e-05   -0.204998 1.91534e-05 0.000213598   -0.205006 0.000593554
1.25935e-05   -0.204998 1.91534e-05 0.000213605   -0.205006 0.000593384
1.25935e-05   -0.204998 1.91534e-05 0.000213593   -0.205006 0.000593235
1.25935e-05   -0.204998 1.91534e-05 0.000213621   -0.205006 0.000593088
1.25935e-05   -0.204998 1.91534e-05 0.000213649   -0.205006 0.000592959
1.25935e-05   -0.204998 1.91534e-05 0.000213677   -0.205006 0.000592838
1.25935e-05   -0.204998 1.91534e-05 0.000213716   -0.205006 0.000592725
1.25935e-05   -0.204998 1.91534e-05 0.000213735   -0.205006 0.000592627
1.25935e-05   -0.204998 1.91534e-05 0.000213784   -0.205006 0.000592528
1.25935e-05   -0.204998 1.91534e-05 0.000213824   -0.205006 0.000592443
1.25935e-05   -0.204998 1.91534e-05 0.000213863   -0.205006 0.000592357
1.25935e-05   -0.204998 1.91534e-05 0.000213903   -0.205006 0.000592283
1.25935e-05   -0.204998 1.91534e-05 0.000213963   -0.205006 0.000592206
1.25935e-05   -0.204998 1.91534e-05 0.000214032   -0.205006 0.000592128
1.25935e-05   -0.204998 1.91534e-05 0.000214063   -0.205006 0.000592068
1.25935e-05   -0.204998 1.91534e-05 0.000214132   -0.205006 0.000591998
1.25935e-05   -0.204998 1.91534e-05 0.000214192   -0.205006 0.000591933
1.25935e-05   -0.204998 1.91534e-05 0.000214261   -0.205005 0.000591872
1.25935e-05   -0.204998 1.91534e-05 0.000214312   -0.205005 0.000591815
1.25935e-05   -0.204998 1.91534e-05 0.000214382   -0.205005 0.000591755
1.25935e-05   -0.204998 1.91534e-05 0.000214463   -0.205005 0.000591692
1.25935e-05   -0.204998 1.91534e-05 0.000214534   -0.205005 0.000591634
1.25935e-05   -0.204998 1.91534e-05 0.000214606   -0.205005 0.000591579
1.25935e-05   -0.204998 1.91534e-05 0.000214678   -0.205005 0.000591523
1.25935e-05   -0.204998 1.91534e-05 0.000214769   -0.205005 0.000591462
1.25935e-05   -0.204998 1.91534e-05 0.000214832   -0.205005 0.000591414
1.25935e-05   -0.204998 1.91534e-05 0.000214914   -0.205004 0.000591356
1.25935e-05   -0.204998 1.91534e-05 0.000215016   -0.205004 0.000591296
1.25935e-05   -0.204998 1.91534e-05 0.000215089   -0.205004 0.000591247
1.25935e-05   -0.204998 1.91534e-05 0.000215172   -0.205004  0.00059119
1.25935e-05   -0.204998 1.91534e-05 0.000215274   -0.205004  0.00059113
1.25935e-05   -0.204998 1.91534e-05 0.000215347   -0.205004 0.000591082
1.25935e-05   -0.204998 1.91534e-05  0.00021544   -0.205004 0.000591026
1.25935e-05   -0.204998 1.91534e-05 0.000215522   -0.205004 0.000590975
1.25935e-05   -0.204998 1.91534e-05 0.000215634   -0.205004 0.000590914
1.25935e-05   -0.204998 1.91534e-05 0.000215707   -0.205004 0.000590867
1.25935e-05   -0.204998 1.91534e-05   0.0002158   -0.205004 0.000590811
1.25935e-05   -0.204998 1.91534e-05 0.000215912   -0.205004 0.000590753
1.25935e-05   -0.204998 1.91534e-05 0.000215994   -0.205004 0.000590701
1.25935e-05   -0.204998 1.91534e-05 0.000216067   -0.205004 0.000590655
1.25935e-05   -0.204998 1.91534e-05 0.000216169   -0.205003   0.0005906
1.25935e-05   -0.204998 1.91534e-05  0.00021627   -0.205003 0.000590545
1.25935e-05   -0.204998 1.91534e-05 0.000216371   -0.205003 0.000590488
1.25935e-05   -0.204998 1.91534e-05 0.000216453   -0.205003 0.000590437
1.25935e-05   -0.204998 1.91534e-05 0.000216564   -0.205003 0.000590378
1.25935e-05   -0.204998 1.91534e-05 0.000216635   -0.205003 0.000590333
1.25935e-05   -0.204998 1.91534e-05 0.000216726   -0.205003 0.000590279
1.25935e-05   -0.204998 1.91534e-05 0.000216807   -0.205003 0.000590231
1.25935e-05   -0.204998 1.91534e-05 0.000216928   -0.205003 0.000590169
1.25935e-05   -0.204998 1.91534e-05  0.00021701   -0.205003 0.000590119
1.25935e-05   -0.204998 1.91534e-05 0.000217102   -0.205003 0.000590069
1.25935e-05   -0.204998 1.91534e-05 0.000217213   -0.205003  0.00059001
1.25935e-05   -0.204998 1.91534e-05 0.000217154   -0.205004  0.00058966
1.25935e-05   -0.204998 1.91534e-05 0.000217134   -0.205004 0.000589314
1.25935e-05   -0.204998 1.91534e-05 0.000217096   -0.205005  0.00058899
1.25935e-05   -0.204998 1.91534e-05 0.000217078   -0.205005  0.00058868
1.25935e-05   -0.204998 1.91534e-05  0.00021707   -0.205006 0.000588393
1.25935e-05   -0.204998 1.91534e-05 0.000217033   -0.205006 0.000588137
1.25935e-05   -0.204998 1.91534e-05 0.000217036   -0.205006 0.000587888
1.25935e-05   -0.204998 1.91534e-05  0.00021705   -0.205007 0.000587652
1.25935e-05   -0.204998 1.91534e-05 0.000217045   -0.205007 0.000587444
1.25935e-05   -0.204998 1.91534e-05  0.00021705   -0.205007 0.000587247
1.25935e-05   -0.204998 1.91534e-05 0.000217066   -0.205007  0.00058706
1.25935e-05   -0.204998 1.91534e-05 0.000217111   -0.205007 0.000586875
1.25935e-05   -0.204998 1.91534e-05 0.000217118   -0.205007 0.000586713
1.25935e-05   -0.204998 1.91534e-05 0.000217165   -0.205007 0.000586552
1.25935e-05   -0.204998 1.91534e-05 0.000217182   -0.205007 0.000586406
1.25935e-05   -0.204998 1.91534e-05 0.000217238   -0.205007 0.000586253
1.25935e-05   -0.204998 1.91534e-05 0.000217285   -0.205007 0.000586113
1.25935e-05   -0.204998 1.91534e-05 0.000217313   -0.205007 0.000585987
1.25935e-05   -0.204998 1.91534e-05  0.00021735   -0.205007 0.000585859
1.25935e-05   -0.204998 1.91534e-05 0.000217417   -0.205007  0.00058573
1.25935e-05   -0.204998 1.91534e-05 0.000217465   -0.205007 0.000585607
1.25935e-05   -0.204998 1.91534e-05 0.000217532   -0.205007 0.000585488
1.25935e-05   -0.204998 1.91534e-05 0.000217581   -0.205007 0.000585375
1.25935e-05   -0.204998 1.91534e-05  0.00021762   -0.205007 0.000585268
1.25935e-05   -0.204998 1.91534e-05 0.000217708   -0.205007  0.00058515
1.25935e-05   -0.204998 1.91534e-05 0.000217777   -0.205006 0.000585039
1.25935e-05   -0.204998 1.91534e-05 0.000217827   -0.205006  0.00058494
1.25935e-05   -0.204998 1.91534e-05 0.000217906   -0.205006 0.000584831
1.25935e-05   -0.204998 1.91534e-05 0.000217975   -0.205006 0.000584729
1.25935e-05   -0.204998 1.91534e-05 0.000218054   -0.205006 0.000584625
1.25935e-05   -0.204998 1.91534e-05 0.000218123   -0.205006 0.000584526
1.25935e-05   -0.204998 1.91534e-05 0.000218202   -0.205006 0.000584427
1.25935e-05   -0.204998 1.91534e-05 0.000218271   -0.205006 0.000584332
1.25935e-05   -0.204998 1.91534e-05  0.00021834   -0.205006 0.000584237
1.25935e-05   -0.204998 1.91534e-05 0.000218399   -0.205006 0.000584149
1.25935e-05   -0.204998 1.91534e-05 0.000218506   -0.205006 0.000584045
1.25935e-05   -0.204998 1.91534e-05 0.000218584   -0.205005 0.000583954
1.25935e-05   -0.204998 1.91534e-05 0.000218654   -0.205005 0.000583869
1.25935e-05   -0.204998 1.91534e-05 0.000218732   -0.205005 0.000583778
1.25935e-05   -0.204998 1.91534e-05 0.000218812   -0.205005 0.000583693
1.25935e-05   -0.204998 1.91534e-05 0.000218891   -0.205005 0.000583607
1.25935e-05   -0.204998 1.91534e-05  0.00021898   -0.205005 0.000583521
1.25935e-05   -0.204998 1.91534e-05 0.000219049   -0.205005 0.000583442
1.25935e-05   -0.204998 1.91534e-05 0.000219148   -0.205005 0.000583356
1.25935e-05   -0.204998 1.91534e-05 0.000219227   -0.205005 0.000583277
1.25935e-05   -0.204998 1.91534e-05 0.000219316   -0.205005 0.000583198
1.25935e-05   -0.204998 1.91534e-05 0.000219405   -0.205005  0.00058312
1.25935e-05   -0.204998 1.91534e-05 0.000219493   -0.205005 0.000583041
1.25935e-05   -0.204998 1.91534e-05 0.000219572   -0.205005  0.00058297
1.25935e-05   -0.204998 1.91534e-05 0.000219669   -0.205005 0.000582892
1.25935e-05   -0.204998 1.91534e-05 0.000219747   -0.205005 0.000582823
1.25935e-05   -0.204998 1.91534e-05 0.000219825   -0.205005 0.000582753
1.25935e-05   -0.204998 1.91534e-05 0.000219912   -0.205005 0.000582684
1.25935e-05   -0.204998 1.91534e-05 0.000219999   -0.205005 0.000582616
1.25935e-05   -0.204998 1.91534e-05 0.000220085   -0.205005 0.000582549
1.25935e-05   -0.204998 1.91534e-05 0.000220171   -0.205005 0.000582482
1.25935e-05   -0.204998 1.91534e-05 0.000220266   -0.205005 0.000582415
1.25935e-05   -0.204998 1.91534e-05 0.000220341   -0.205005 0.000582357
1.25935e-05   -0.204998 1.91534e-05 0.000220425   -0.205005 0.000582293
1.25935e-05   -0.204998 1.91534e-05  0.00022051   -0.205005 0.000582235
1.25935e-05   -0.204998 1.91534e-05 0.000220603   -0.205005 0.000582171
1.25935e-05   -0.204998 1.91534e-05 0.000220657   -0.205005 0.000582123
1.25935e-05   -0.204998 1.91534e-05 0.000220729   -0.205005 0.000582069
1.25935e-05   -0.204998 1.91534e-05 0.000220802   -0.205005 0.000582015
1.25935e-05   -0.204998 1.91534e-05 0.000220904   -0.205005 0.000581954
1.25935e-05   -0.204998 1.91534e-05 0.000220976   -0.205005 0.000581902
1.25935e-05   -0.204998 1.91534e-05 0.000221058   -0.205005 0.000581851
1.25935e-05   -0.204998 1.91534e-05 0.000221111   -0.205005 0.000581808
1.25935e-05   -0.204998 1.91534e-05 0.000221212   -0.205005 0.000581751
1.25935e-05   -0.204998 1.91534e-05 0.000221121   -0.205005  0.00058141
1.25935e-05   -0.204998 1.91534e-05 0.000221049   -0.205006 0.000581076
1.25935e-05   -0.204998 1.91534e-05 0.000221018   -0.205006 0.000580749
1.25935e-05   -0.204998 1.91534e-05 0.000220938   -0.205007 0.000580461
1.25935e-05   -0.204998 1.91534e-05 0.000220889   -0.205007 0.000580188
1.25935e-05   -0.204998 1.91534e-05 0.000220869   -0.205008 0.000579925
1.25935e-05   -0.204998 1.91534e-05 0.000220841   -0.205008 0.000579691
1.25935e-05   -0.204998 1.91534e-05 0.000220812   -0.205008 0.000579473
1.25935e-05   -0.204998 1.91534e-05 0.000220784   -0.205008 0.000579275
1.25935e-05   -0.204998 1.91534e-05 0.000220767   -0.205008 0.000579089
1.25935e-05   -0.204998 1.91534e-05 0.000220749   -0.205009 0.000578915
1.25935e-05   -0.204998 1.91534e-05 0.000220752   -0.205009 0.000578751
1.25935e-05   -0.204998 1.91534e-05 0.000220744   -0.205009 0.000578604
1.25935e-05   -0.204998 1.91534e-05 0.000220737   -0.205009  0.00057846
1.25935e-05   -0.204998 1.91534e-05 0.000220739   -0.205009  0.00057833
1.25935e-05   -0.204998 1.91534e-05 0.000220751   -0.205009 0.000578201
1.25935e-05   -0.204998 1.91534e-05 0.000220743   -0.205009 0.000578087
1.25935e-05   -0.204998 1.91534e-05 0.000220764   -0.205009 0.000577967
1.25935e-05   -0.204998 1.91534e-05 0.000220766   -0.205009 0.000577867
1.25935e-05   -0.204998 1.91534e-05 0.000220767   -0.205009 0.000577768
1.25935e-05   -0.204998 1.91534e-05 0.000220788   -0.205008 0.000577668
1.25935e-05   -0.204998 1.91534e-05 0.000220798   -0.205008 0.000577575
1.25935e-05   -0.204998 1.91534e-05 0.000220817   -0.205008 0.000577487
1.25935e-05   -0.204998 1.91534e-05 0.000220836   -0.205008 0.000577399
1.25935e-05   -0.204998 1.91534e-05 0.000220855   -0.205008 0.000577317
1.25935e-05   -0.204998 1.91534e-05 0.000220873   -0.205008 0.000577242
1.25935e-05   -0.204998 1.91534e-05   0.0002209   -0.205008 0.000577159
1.25935e-05   -0.204998 1.91534e-05 0.000220917   -0.205008 0.000577089
1.25935e-05   -0.204998 1.91534e-05 0.000220923   -0.205008  0.00057702
1.25935e-05   -0.204998 1.91534e-05 0.000220939   -0.205007 0.000576957
1.25935e-05   -0.204998 1.91534e-05 0.000220944   -0.205007 0.000576894
1.25935e-05   -0.204998 1.91534e-05 0.000220997   -0.205007 0.000576822
1.25935e-05   -0.204998 1.91534e-05 0.000221001   -0.205007 0.000576765
1.25935e-05   -0.204998 1.91534e-05 0.000221013   -0.205007 0.000576707
1.25935e-05   -0.204998 1.91534e-05 0.000221016   -0.205007 0.000576657
1.25935e-05   -0.204998 1.91534e-05 0.000221047   -0.205007 0.000576599
1.25935e-05   -0.204998 1.91534e-05 0.000221058   -0.205007  0.00057655
1.25935e-05   -0.204998 1.91534e-05 0.000221078   -0.205007   0.0005765
1.25935e-05   -0.204998 1.91534e-05 0.000221097   -0.205007 0.000576451
1.25935e-05   -0.204998 1.91534e-05 0.000221105   -0.205007  0.00057641
1.25935e-05   -0.204998 1.91534e-05 0.000221113   -0.205006 0.000576369
1.25935e-05   -0.204998 1.91534e-05 0.000221111   -0.205006 0.000576336
1.25935e-05   -0.204998 1.91534e-05 0.000221146   -0.205006 0.000576289
1.25935e-05   -0.204998 1.91534e-05 0.000221152   -0.205006 0.000576258
1.25935e-05   -0.204998 1.91534e-05 0.000221157   -0.205006 0.000576228
1.25935e-05   -0.204998 1.91534e-05 0.000221161   -0.205006 0.000576198
1.25935e-05   -0.204998 1.91534e-05 0.000221184   -0.205006 0.000576163
1.25935e-05   -0.204998 1.91534e-05 0.000221177   -0.205006 0.000576143
1.25935e-05   -0.204998 1.91534e-05 0.000221189   -0.205006 0.000576116
1.25935e-05   -0.204998 1.91534e-05  0.00022119   -0.205006 0.000576098
1.25935e-05   -0.204998 1.91534e-05 0.000221181   -0.205006 0.000576082
1.25935e-05   -0.204998 1.91534e-05   0.0002212   -0.205006 0.000576059
1.25935e-05   -0.204998 1.91534e-05   0.0002212   -0.205006 0.000576044
1.25935e-05   -0.204998 1.91534e-05 0.000221198   -0.205006 0.000576032
1.25935e-05   -0.204998 1.91534e-05 0.000221196   -0.205006  0.00057602
1.25935e-05   -0.204998 1.91534e-05 0.000221203   -0.205006 0.000576009
1.25935e-05   -0.204998 1.91534e-05 0.000221199   -0.205006 0.000576001
1.25935e-05   -0.204998 1.91534e-05 0.000221175   -0.205006    0.000576
1.25935e-05   -0.204998 1.91534e-05  0.00022119   -0.205006 0.000575993
1.25935e-05   -0.204998 1.91534e-05 0.000221175   -0.205006 0.000575995
1.25935e-05   -0.204998 1.91534e-05 0.000221178   -0.205006 0.000575991
1.25935e-05   -0.204998 1.91534e-05 0.000221161   -0.205006 0.000575995
1.25935e-05   -0.204998 1.91534e-05 0.000221163   -0.205006 0.000575994
1.25935e-05   -0.204998 1.91534e-05 0.000221145   -0.205006    0.000576
1.25935e-05   -0.204998 1.91534e-05 0.000221117   -0.205006 0.000576016
1.25935e-05   -0.204998 1.91534e-05 0.000221117   -0.205006 0.000576018
1.25935e-05   -0.204998 1.91534e-05 0.000221107   -0.205006 0.000576028
1.25935e-05   -0.204998 1.91534e-05 0.000221087   -0.205006  0.00057604
1.25935e-05   -0.204998 1.91534e-05 0.000221056   -0.205006  0.00057606
1.25935e-05   -0.204998 1.91534e-05 0.000221044   -0.205006 0.000576068
1.25935e-05   -0.204998 1.91534e-05 0.000221031   -0.205006 0.000576083
1.25935e-05   -0.204998 1.91534e-05 0.000220999   -0.205006 0.000576107
1.25935e-05   -0.204998 1.91534e-05 0.000221004   -0.205006 0.000576117
1.25935e-05   -0.204998 1.91534e-05 0.000220971   -0.205006 0.000576143
1.25935e-05   -0.204998 1.91534e-05 0.000220946   -0.205006 0.000576163
1.25935e-05   -0.204998 1.91534e-05 0.000220931   -0.205006 0.000576184
1.25935e-05   -0.204998 1.91534e-05 0.000220885   -0.205006 0.000576214
1.25935e-05   -0.204998 1.91534e-05 0.000220888   -0.205006 0.000576229
1.25935e-05   -0.204998 1.91534e-05 0.000220842   -0.205006 0.000576261
1.25935e-05   -0.204998 1.91534e-05 0.000220661   -0.205006 0.000575991
1.25935e-05   -0.204998 1.91534e-05   0.0002205   -0.205007 0.000575728
1.25935e-05   -0.204998 1.91534e-05 0.000220319   -0.205007 0.000575487
1.25935e-05   -0.204998 1.91534e-05 0.000220149   -0.205008 0.000575268
1.25935e-05   -0.204998 1.91534e-05     0.00022   -0.205008 0.000575065
1.25935e-05   -0.204998 1.91534e-05 0.000219851   -0.205008 0.000574885
1.25935e-05   -0.204998 1.91534e-05 0.000219693   -0.205009 0.000574734
1.25935e-05   -0.204998 1.91534e-05 0.000219574   -0.205009 0.000574583
1.25935e-05   -0.204998 1.91534e-05 0.000219437   -0.205009 0.000574459
1.25935e-05   -0.204998 1.91534e-05  0.00021929   -0.205009 0.000574354
1.25935e-05   -0.204998 1.91534e-05 0.000219192   -0.205009 0.000574245
1.25935e-05   -0.204998 1.91534e-05 0.000219065   -0.205009 0.000574161
1.25935e-05   -0.204998 1.91534e-05 0.000219098   -0.205009 0.000573598
1.25935e-05   -0.204998 1.91534e-05 0.000219092   -0.205008 0.000573069
1.25935e-05   -0.204998 1.91534e-05 0.000219104   -0.205008 0.000572551
1.25935e-05   -0.204998 1.91534e-05 0.000219116   -0.205007 0.000572114
1.25935e-05   -0.204998 1.91534e-05 0.000219138   -0.205007 0.000571744
1.25935e-05   -0.204998 1.91534e-05  0.00021913   -0.205006 0.000571459
1.25935e-05   -0.204998 1.91534e-05 0.000219131   -0.205006  0.00057124
1.25935e-05   -0.204998 1.91534e-05 0.000219113   -0.205005 0.000571088
1.25935e-05   -0.204998 1.91534e-05 0.000219113   -0.205005 0.000570989
1.25935e-05   -0.204998 1.91534e-05 0.000219104   -0.205005 0.000570944
1.25935e-05   -0.204998 1.91534e-05 0.000219104   -0.205005  0.00057094
1.25935e-05   -0.204998 1.91534e-05 0.000219104   -0.205004 0.000570973
1.25935e-05   -0.204998 1.91534e-05 0.000219083   -0.205004 0.000571052
1.25935e-05   -0.204998 1.91534e-05 0.000219072   -0.205004 0.000571158
1.25935e-05   -0.204998 1.91534e-05 0.000219041   -0.205004 0.000571295
1.25935e-05   -0.204998 1.91534e-05 0.000219039   -0.205004 0.000571449
1.25935e-05   -0.204998 1.91534e-05 0.000219016   -0.205004 0.000571626
1.25935e-05   -0.204998 1.91534e-05 0.000218994   -0.205004 0.000571822
1.25935e-05   -0.204998 1.91534e-05  0.00021898   -0.205004 0.000572026
1.25935e-05   -0.204998 1.91534e-05 0.000218947   -0.205004 0.000572251
1.25935e-05   -0.204998 1.91534e-05 0.000218913   -0.205004  0.00057248
1.25935e-05   -0.204998 1.91534e-05 0.000218879   -0.205004 0.000572717
1.25935e-05   -0.204998 1.91534e-05 0.000218864   -0.205004 0.000572954
1.25935e-05   -0.204998 1.91534e-05 0.000218819   -0.205004 0.000573203
1.25935e-05   -0.204998 1.91534e-05 0.000218783   -0.205004 0.000573447
1.25935e-05   -0.204998 1.91534e-05 0.000218747   -0.205004 0.000573694
1.25935e-05   -0.204998 1.91534e-05 0.000218711   -0.205004  0.00057394
1.25935e-05   -0.204998 1.91534e-05 0.000218684   -0.205004 0.000574178
1.25935e-05   -0.204998 1.91534e-05 0.000218637   -0.205004 0.000574422
1.25935e-05   -0.204998 1.91534e-05 0.000218609   -0.205004 0.000574655
1.25935e-05   -0.204998 1.91534e-05 0.000218571   -0.205004 0.000574886
1.25935e-05   -0.204998 1.91534e-05 0.000218504   -0.205004  0.00057512
1.25935e-05   -0.204998 1.91534e-05 0.000218484   -0.205004 0.000575335
1.25935e-05   -0.204998 1.91534e-05 0.000218426   -0.205004 0.000575554
1.25935e-05   -0.204998 1.91534e-05 0.000218406   -0.205004 0.000575759
1.25935e-05   -0.204998 1.91534e-05 0.000218347   -0.205004 0.000575967
1.25935e-05   -0.204998 1.91534e-05 0.000218287   -0.205004 0.000576169
1.25935e-05   -0.204998 1.91534e-05 0.000218257   -0.205004 0.000576358
1.25935e-05   -0.204998 1.91534e-05 0.000218197   -0.205004 0.000576543
1.25935e-05   -0.204998 1.91534e-05 0.000218137   -0.205004 0.000576729
1.25935e-05   -0.204998 1.91534e-05 0.000218096   -0.205004 0.000576902
1.25935e-05   -0.204998 1.91534e-05 0.000218064   -0.205004 0.000577062
1.25935e-05   -0.204998 1.91534e-05 0.000218013   -0.205004 0.000577224
1.25935e-05   -0.204998 1.91534e-05 0.000217932   -0.205004 0.000577389
1.25935e-05   -0.204998 1.91534e-05 0.000217871   -0.205004 0.000577542
1.25935e-05   -0.204998 1.91534e-05 0.000217838   -0.205004 0.000577683
1.25935e-05   -0.204998 1.91534e-05 0.000217796   -0.205004 0.000577819
1.25935e-05   -0.204998 1.91534e-05 0.000217744   -0.205004 0.000577958
1.25935e-05   -0.204998 1.91534e-05 0.000217691   -0.205005 0.000578086
1.25935e-05   -0.204998 1.91534e-05 0.000217619   -0.205005 0.000578218
1.25935e-05   -0.204998 1.91534e-05 0.000217557   -0.205005 0.000578346
1.25935e-05   -0.204998 1.91534e-05 0.000217495   -0.205005  0.00057847
1.25935e-05   -0.204998 1.91534e-05 0.000217451   -0.205005 0.000578585
1.25935e-05   -0.204998 1.91534e-05 0.000217379   -0.205005 0.000578703
1.25935e-05   -0.204998 1.91534e-05 0.000217326   -0.205005 0.000578813
1.25935e-05   -0.204998 1.91534e-05 0.000217273   -0.205005 0.000578919
1.25935e-05   -0.204998 1.91534e-05 0.000217219   -0.205005 0.000579024
1.25935e-05   -0.204998 1.91534e-05 0.000217176   -0.205005 0.000579126
1.25935e-05   -0.204998 1.91534e-05 0.000217113   -0.205005 0.000579228
1.25935e-05   -0.204998 1.91534e-05  0.00021704   -0.205005 0.000579334
1.25935e-05   -0.204998 1.91534e-05 0.000216976   -0.205005 0.000579433
1.25935e-05   -0.204998 1.91534e-05 0.000216942   -0.205005 0.000579523
1.25935e-05   -0.204998 1.91534e-05 0.000216869   -0.205004 0.000579626
1.25935e-05   -0.204998 1.91534e-05 0.000216631   -0.205005 0.000579425
1.25935e-05   -0.204998 1.91534e-05 0.000216434   -0.205006 0.000579228
1.25935e-05   -0.204998 1.91534e-05 0.000216227   -0.205006  0.00057905
1.25935e-05   -0.204998 1.91534e-05 0.000216041   -0.205006 0.000578887
1.25935e-05   -0.204998 1.91534e-05 0.000215837   -0.205007 0.000578751
1.25935e-05   -0.204998 1.91534e-05 0.000215664   -0.205007 0.000578629
1.25935e-05   -0.204998 1.91534e-05 0.000215511   -0.205007  0.00057852
1.25935e-05   -0.204998 1.91534e-05 0.000215311   -0.205008 0.000578445
1.25935e-05   -0.204998 1.91534e-05  0.00021517   -0.205008 0.000578366
1.25935e-05   -0.204998 1.91534e-05  0.00021503   -0.205008 0.000578306
1.25935e-05   -0.204998 1.91534e-05 0.000214872   -0.205008 0.000578262
1.25935e-05   -0.204998 1.91534e-05 0.000214733   -0.205008 0.000578228
1.25935e-05   -0.204998 1.91534e-05 0.000214596   -0.205008 0.000578201
1.25935e-05   -0.204998 1.91534e-05 0.000214469   -0.205008 0.000578183
1.25935e-05   -0.204998 1.91534e-05 0.000214353   -0.205008 0.000578173
1.25935e-05   -0.204998 1.91534e-05 0.000214217   -0.205008 0.000578177
1.25935e-05   -0.204998 1.91534e-05 0.000214112   -0.205008  0.00057818
1.25935e-05   -0.204998 1.91534e-05 0.000213997   -0.205008 0.000578191
1.25935e-05   -0.204998 1.91534e-05 0.000213863   -0.205008 0.000578216
1.25935e-05   -0.204998 1.91534e-05 0.000213769   -0.205008 0.000578239
1.25935e-05   -0.204998 1.91534e-05 0.000213646   -0.205007  0.00057827
1.25935e-05   -0.204998 1.91534e-05 0.000213553   -0.205007 0.000578299
1.25935e-05   -0.204998 1.91534e-05  0.00021347   -0.205007 0.000578333
1.25935e-05   -0.204998 1.91534e-05 0.000213367   -0.205007 0.000578376
1.25935e-05   -0.204998 1.91534e-05 0.000213265   -0.205007 0.000578424
1.25935e-05   -0.204998 1.91534e-05 0.000213192   -0.205007 0.000578465
1.25935e-05   -0.204998 1.91534e-05 0.000213111   -0.205007 0.000578518
1.25935e-05   -0.204998 1.91534e-05  0.00021301   -0.205006 0.000578579
1.25935e-05   -0.204998 1.91534e-05 0.000212919   -0.205006 0.000578639
1.25935e-05   -0.204998 1.91534e-05 0.000212857   -0.205006 0.000578692
1.25935e-05   -0.204998 1.91534e-05 0.000212766   -0.205006  0.00057876
1.25935e-05   -0.204998 1.91534e-05 0.000212696   -0.205006 0.000578826
1.25935e-05   -0.204998 1.91534e-05 0.000212615   -0.205006   0.0005789
1.25935e-05   -0.204998 1.91534e-05 0.000212555   -0.205006 0.000578966
1.25935e-05   -0.204998 1.91534e-05 0.000212465   -0.205005 0.000579048
1.25935e-05   -0.204998 1.91534e-05 0.000212385   -0.205005 0.000579129
1.25935e-05   -0.204998 1.91534e-05 0.000212335   -0.205005 0.000579204
1.25935e-05   -0.204998 1.91534e-05 0.000212275   -0.205005 0.000579286
1.25935e-05   -0.204998 1.91534e-05 0.000212196   -0.205005 0.000579376
1.25935e-05   -0.204998 1.91534e-05 0.000212147   -0.205005 0.000579459
1.25935e-05   -0.204998 1.91534e-05 0.000212068   -0.205005 0.000579556
1.25935e-05   -0.204998 1.91534e-05 0.000212009   -0.205005 0.000579647
1.25935e-05   -0.204998 1.91534e-05  0.00021196   -0.205005 0.000579739
1.25935e-05   -0.204998 1.91534e-05 0.000211882   -0.205005 0.000579846
1.25935e-05   -0.204998 1.91534e-05 0.000211814   -0.205004 0.000579948
1.25935e-05   -0.204998 1.91534e-05 0.000211766   -0.205004  0.00058005
1.25935e-05   -0.204998 1.91534e-05 0.000211708   -0.205004 0.000580154
1.25935e-05   -0.204998 1.91534e-05  0.00021165   -0.205004 0.000580264
1.25935e-05   -0.204998 1.91534e-05 0.000211593   -0.205004 0.000580377
1.25935e-05   -0.204998 1.91534e-05 0.000211536   -0.205004  0.00058049
1.25935e-05   -0.204998 1.91534e-05 0.000211508   -0.205004 0.000580597
1.25935e-05   -0.204998 1.91534e-05 0.000211432   -0.205004  0.00058072
1.25935e-05   -0.204998 1.91534e-05 0.000211375   -0.205004 0.000580843
1.25935e-05   -0.204998 1.91534e-05 0.000211328   -0.205004 0.000580961
1.25935e-05   -0.204998 1.91534e-05 0.000211282   -0.205004 0.000581087
1.25935e-05   -0.204998 1.91534e-05 0.000211256   -0.205004 0.000581205
1.25935e-05   -0.204998 1.91534e-05 0.000211015   -0.205004 0.000581037
1.25935e-05   -0.204998 1.91534e-05 0.000210815   -0.205005 0.000580875
1.25935e-05   -0.204998 1.91534e-05 0.000210616   -0.205005 0.000580734
1.25935e-05   -0.204998 1.91534e-05 0.000210429   -0.205006 0.000580614
1.25935e-05   -0.204998 1.91534e-05 0.000210243   -0.205006 0.000580515
1.25935e-05   -0.204998 1.91534e-05 0.000210097   -0.205006 0.000580429
1.25935e-05   -0.204998 1.91534e-05 0.000209924   -0.205007 0.000580371
1.25935e-05   -0.204998 1.91534e-05 0.000209752   -0.205007 0.000580333
1.25935e-05   -0.204998 1.91534e-05  0.00020964   -0.205007 0.000580298
1.25935e-05   -0.204998 1.91534e-05  0.00020949   -0.205007 0.000580288
1.25935e-05   -0.204998 1.91534e-05 0.000209371   -0.205007 0.000580282
1.25935e-05   -0.204998 1.91534e-05 0.000209233   -0.205007 0.000580297
1.25935e-05   -0.204998 1.91534e-05 0.000209106   -0.205007 0.000580321
1.25935e-05   -0.204998 1.91534e-05 0.000209009   -0.205007 0.000580346
1.25935e-05   -0.204998 1.91534e-05 0.000208894   -0.205007 0.000580391
1.25935e-05   -0.204998 1.91534e-05 0.000208789   -0.205007 0.000580436
1.25935e-05   -0.204998 1.91534e-05 0.000208694   -0.205007 0.000580488
1.25935e-05   -0.204998 1.91534e-05  0.00020861   -0.205007 0.000580546
1.25935e-05   -0.204998 1.91534e-05 0.000208508   -0.205007 0.000580617
1.25935e-05   -0.204998 1.91534e-05 0.000208445   -0.205007  0.00058068
1.25935e-05   -0.204998 1.91534e-05 0.000208353   -0.205007 0.000580756
1.25935e-05   -0.204998 1.91534e-05 0.000208272   -0.205007 0.000580837
1.25935e-05   -0.204998 1.91534e-05 0.000208211   -0.205006 0.000580916
1.25935e-05   -0.204998 1.91534e-05 0.000208131   -0.205006 0.000581009
1.25935e-05   -0.204998 1.91534e-05 0.000208071   -0.205006 0.000581094
1.25935e-05   -0.204998 1.91534e-05 0.000208001   -0.205006 0.000581191
1.25935e-05   -0.204998 1.91534e-05 0.000207942   -0.205006 0.000581286
1.25935e-05   -0.204998 1.91534e-05 0.000207903   -0.205006 0.000581381
1.25935e-05   -0.204998 1.91534e-05 0.000207826   -0.205006 0.000581489
1.25935e-05   -0.204998 1.91534e-05 0.000207778   -0.205005 0.000581595
1.25935e-05   -0.204998 1.91534e-05  0.00020773   -0.205005 0.000581701
1.25935e-05   -0.204998 1.91534e-05 0.000207683   -0.205005 0.000581813
1.25935e-05   -0.204998 1.91534e-05 0.000207617   -0.205005 0.000581932
1.25935e-05   -0.204998 1.91534e-05  0.00020759   -0.205005 0.000582042
1.25935e-05   -0.204998 1.91534e-05 0.000207544   -0.205005  0.00058216
1.25935e-05   -0.204998 1.91534e-05 0.000207499   -0.205005 0.000582284
1.25935e-05   -0.204998 1.91534e-05 0.000207473   -0.205005 0.000582401
1.25935e-05   -0.204998 1.91534e-05 0.000207448   -0.205004 0.000582524
1.25935e-05   -0.204998 1.91534e-05 0.000207394   -0.205004 0.000582655
1.25935e-05   -0.204998 1.91534e-05 0.000207379   -0.205004 0.000582778
1.25935e-05   -0.204998 1.91534e-05 0.000207335   -0.205004 0.000582916
1.25935e-05   -0.204998 1.91534e-05 0.000207312   -0.205004 0.000583047
1.25935e-05   -0.204998 1.91534e-05 0.000207298   -0.205004 0.000583177
1.25935e-05   -0.204998 1.91534e-05 0.000207245   -0.205004 0.000583323
1.25935e-05   -0.204998 1.91534e-05 0.000207232   -0.205004  0.00058346
1.25935e-05   -0.204998 1.91534e-05  0.00020719   -0.205004 0.000583607
1.25935e-05   -0.204998 1.91534e-05 0.000207177   -0.205004 0.000583746
1.25935e-05   -0.204998 1.91534e-05 0.000207156   -0.205004 0.000583893
1.25935e-05   -0.204998 1.91534e-05 0.000207134   -0.205003  0.00058404
1.25935e-05   -0.204998 1.91534e-05 0.000207132   -0.205003  0.00058418
1.25935e-05   -0.204998 1.91534e-05 0.000207102   -0.205003 0.000584336
1.25935e-05   -0.204998 1.91534e-05 0.000207071   -0.205003 0.000584491
1.25935e-05   -0.204998 1.91534e-05 0.000206905   -0.205004 0.000584338
1.25935e-05   -0.204998 1.91534e-05  0.00020673   -0.205004 0.000584205
1.25935e-05   -0.204998 1.91534e-05 0.000206556   -0.205005 0.000584092
1.25935e-05   -0.204998 1.91534e-05 0.000206394   -0.205005    0.000584
1.25935e-05   -0.204998 1.91534e-05 0.000206262   -0.205005 0.000583919
1.25935e-05   -0.204998 1.91534e-05 0.000206094   -0.205006 0.000583874
1.25935e-05   -0.204998 1.91534e-05 0.000205985   -0.205006 0.000583832
1.25935e-05   -0.204998 1.91534e-05 0.000205849   -0.205006 0.000583816
1.25935e-05   -0.204998 1.91534e-05 0.000205743   -0.205006 0.000583811
1.25935e-05   -0.204998 1.91534e-05 0.000205638   -0.205006 0.000583822
1.25935e-05   -0.204998 1.91534e-05 0.000205545   -0.205006 0.000583841
1.25935e-05   -0.204998 1.91534e-05 0.000205453   -0.205007 0.000583875
1.25935e-05   -0.204998 1.91534e-05 0.000205361   -0.205007 0.000583918
1.25935e-05   -0.204998 1.91534e-05  0.00020529   -0.205007 0.000583967
1.25935e-05   -0.204998 1.91534e-05 0.000205201   -0.205007  0.00058403
1.25935e-05   -0.204998 1.91534e-05 0.000205132   -0.205006 0.000584099
1.25935e-05   -0.204998 1.91534e-05 0.000205093   -0.205006 0.000584165
1.25935e-05   -0.204998 1.91534e-05 0.000205036   -0.205006 0.000584246
1.25935e-05   -0.204998 1.91534e-05 0.000204969   -0.205006 0.000584332
1.25935e-05   -0.204998 1.91534e-05 0.000204923   -0.205006 0.000584422
1.25935e-05   -0.204998 1.91534e-05 0.000204867   -0.205006 0.000584519
1.25935e-05   -0.204998 1.91534e-05 0.000204842   -0.205006 0.000584613
1.25935e-05   -0.204998 1.91534e-05 0.000204787   -0.205006  0.00058472
1.25935e-05   -0.204998 1.91534e-05 0.000204753   -0.205006 0.000584825
1.25935e-05   -0.204998 1.91534e-05  0.00020472   -0.205005 0.000584935
1.25935e-05   -0.204998 1.91534e-05 0.000204677   -0.205005 0.000585051
1.25935e-05   -0.204998 1.91534e-05 0.000204674   -0.205005 0.000585158
1.25935e-05   -0.204998 1.91534e-05 0.000204661   -0.205005 0.000585277
1.25935e-05   -0.204998 1.91534e-05  0.00020462   -0.205005 0.000585403
1.25935e-05   -0.204998 1.91534e-05 0.000204608   -0.205005 0.000585526
1.25935e-05   -0.204998 1.91534e-05 0.000204597   -0.205005 0.000585649
1.25935e-05   -0.204998 1.91534e-05 0.000204606   -0.205004  0.00058577
1.25935e-05   -0.204998 1.91534e-05 0.000204576   -0.205004 0.000585905
1.25935e-05   -0.204998 1.91534e-05 0.000204566   -0.205004 0.000586039
1.25935e-05   -0.204998 1.91534e-05 0.000204566   -0.205004 0.000586171
1.25935e-05   -0.204998 1.91534e-05 0.000204556   -0.205004 0.000586309
1.25935e-05   -0.204998 1.91534e-05 0.000204567   -0.205004 0.000586441
1.25935e-05   -0.204998 1.91534e-05 0.000204558   -0.205004 0.000586585
1.25935e-05   -0.204998 1.91534e-05 0.00020455  -0.205004 0.00058673
1.25935e-05   -0.204998 1.91534e-05 0.000204551   -0.205003 0.000586874
1.25935e-05   -0.204998 1.91534e-05 0.000204563   -0.205003 0.000587018
1.25935e-05   -0.204998 1.91534e-05 0.000204556   -0.205003 0.000587169
1.25935e-05   -0.204998 1.91534e-05 0.000204587   -0.205003 0.000587306
1.25935e-05   -0.204998 1.91534e-05 0.000204569   -0.205003 0.000587459
1.25935e-05   -0.204998 1.91534e-05 0.000204571   -0.205003 0.000587605
1.25935e-05   -0.204998 1.91534e-05 0.000204593   -0.205003 0.000587744
1.25935e-05   -0.204998 1.91534e-05 0.000204584   -0.205003 0.000587885
1.25935e-05   -0.204998 1.91534e-05 0.000204576   -0.205003 0.000588027
1.25935e-05   -0.204998 1.91534e-05 0.000204392   -0.205003 0.000587868
1.25935e-05   -0.204998 1.91534e-05 0.000204227   -0.205004 0.000587709
1.25935e-05   -0.204998 1.91534e-05 0.000204053   -0.205004  0.00058756
1.25935e-05   -0.204998 1.91534e-05   0.0002039   -0.205005 0.000587434
1.25935e-05   -0.204998 1.91534e-05 0.000203729   -0.205005 0.000587335
1.25935e-05   -0.204998 1.91534e-05   0.0002036   -0.205005 0.000587253
1.25935e-05   -0.204998 1.91534e-05 0.000203472   -0.205005  0.00058719
1.25935e-05   -0.204998 1.91534e-05 0.000203356   -0.205006 0.000587143
1.25935e-05   -0.204998 1.91534e-05  0.00020325   -0.205006 0.000587113
1.25935e-05   -0.204998 1.91534e-05 0.000203146   -0.205006 0.000587099
1.25935e-05   -0.204998 1.91534e-05 0.000203053   -0.205006 0.000587098
1.25935e-05   -0.204998 1.91534e-05 0.000202971   -0.205006 0.000587106
1.25935e-05   -0.204998 1.91534e-05  0.00020289   -0.205006 0.000587127
1.25935e-05   -0.204998 1.91534e-05  0.00020281   -0.205006 0.000587155
1.25935e-05   -0.204998 1.91534e-05  0.00020274   -0.205006 0.000587189
1.25935e-05   -0.204998 1.91534e-05 0.000202681   -0.205006 0.000587229
1.25935e-05   -0.204998 1.91534e-05 0.000202622   -0.205006 0.000587275
1.25935e-05   -0.204998 1.91534e-05 0.000202584   -0.205006 0.000587319
1.25935e-05   -0.204998 1.91534e-05 0.000202516   -0.205006 0.000587377
1.25935e-05   -0.204998 1.91534e-05 0.000202459   -0.205005 0.000587433
1.25935e-05   -0.204998 1.91534e-05 0.000202421   -0.205005 0.000587488
1.25935e-05   -0.204998 1.91534e-05 0.000202383   -0.205005 0.000587541
1.25935e-05   -0.204998 1.91534e-05 0.000202317   -0.205005 0.000587607
1.25935e-05   -0.204998 1.91534e-05 0.000202269   -0.205005 0.000587666
1.25935e-05   -0.204998 1.91534e-05 0.000202222   -0.205005 0.000587723
1.25935e-05   -0.204998 1.91534e-05 0.000202185   -0.205005 0.000587778
1.25935e-05   -0.204998 1.91534e-05 0.000202137   -0.205005 0.000587834
1.25935e-05   -0.204998 1.91534e-05  0.00020209   -0.205004 0.000587888
1.25935e-05   -0.204998 1.91534e-05 0.000202052   -0.205004 0.000587936
1.25935e-05   -0.204998 1.91534e-05 0.000201995   -0.205004  0.00058799
1.25935e-05   -0.204998 1.91534e-05 0.000201947   -0.205004 0.000588036
1.25935e-05   -0.204998 1.91534e-05 0.000201888   -0.205004 0.000588083
1.25935e-05   -0.204998 1.91534e-05  0.00020184   -0.205004 0.000588123
1.25935e-05   -0.204998 1.91534e-05 0.000201781   -0.205004 0.000588163
1.25935e-05   -0.204998 1.91534e-05 0.000201713   -0.205004 0.000588203
1.25935e-05   -0.204998 1.91534e-05 0.000201653   -0.205003 0.000588236
1.25935e-05   -0.204998 1.91534e-05 0.000201594   -0.205003 0.000588263
1.25935e-05   -0.204998 1.91534e-05 0.000201553   -0.205003 0.000588284
1.25935e-05   -0.204998 1.91534e-05 0.000201474   -0.205003 0.000588312
1.25935e-05   -0.204998 1.91534e-05 0.000201403   -0.205003 0.000588334
1.25935e-05   -0.204998 1.91534e-05 0.000201332   -0.205003  0.00058835
1.25935e-05   -0.204998 1.91534e-05 0.000201261   -0.205003 0.000588361
1.25935e-05   -0.204998 1.91534e-05  0.00020117   -0.205003 0.000588378
1.25935e-05   -0.204998 1.91534e-05 0.000201089   -0.205003 0.000588384
1.25935e-05   -0.204998 1.91534e-05 0.000201026   -0.205003 0.000588382
1.25935e-05   -0.204998 1.91534e-05 0.000200924   -0.205003  0.00058839
1.25935e-05   -0.204998 1.91534e-05 0.000200852   -0.205003 0.000588384
1.25935e-05   -0.204998 1.91534e-05 0.000200759   -0.205002  0.00058838
1.25935e-05   -0.204998 1.91534e-05 0.000200656   -0.205002 0.000588377
1.25935e-05   -0.204998 1.91534e-05 0.000200573   -0.205002 0.000588361
1.25935e-05   -0.204998 1.91534e-05 0.000200479   -0.205002 0.000588346
1.25935e-05   -0.204998 1.91534e-05 0.000200375   -0.205002 0.000588332
1.25935e-05   -0.204998 1.91534e-05 0.000200271   -0.205002 0.000588313
1.25935e-05   -0.204998 1.91534e-05 0.000200167   -0.205002 0.000588295
1.25935e-05   -0.204998 1.91534e-05 0.000200082   -0.205002 0.000588263
1.25935e-05   -0.204998 1.91534e-05 0.000199948   -0.205002 0.000588248
1.25935e-05   -0.204998 1.91534e-05 0.000199863   -0.205002 0.000588212
1.25935e-05   -0.204998 1.91534e-05 0.000199719   -0.205002 0.000588192
1.25935e-05   -0.204998 1.91534e-05 0.000199613   -0.205002 0.000588158
1.25935e-05   -0.204998 1.91534e-05 0.000199507   -0.205002 0.000588119
1.25935e-05   -0.204998 1.91534e-05 0.000199383   -0.205002 0.000588088
1.25935e-05   -0.204998 1.91534e-05 0.000199276   -0.205002 0.000588043
1.25935e-05   -0.204998 1.91534e-05 0.000199151   -0.205002 0.000588007
1.25935e-05   -0.204998 1.91534e-05 0.000199035   -0.205002 0.000587964
1.25935e-05   -0.204998 1.91534e-05 0.000198919   -0.205002 0.000587922
1.25935e-05   -0.204998 1.91534e-05 0.000198793   -0.205002 0.000587875
1.25935e-05   -0.204998 1.91534e-05 0.000198657   -0.205002 0.000587835
1.25935e-05   -0.204998 1.91534e-05  0.00019854   -0.205002 0.000587783
1.25935e-05   -0.204998 1.91534e-05 0.000198414   -0.205002 0.000587737
1.25935e-05   -0.204998 1.91534e-05 0.000198287   -0.205002 0.000587686
1.25935e-05   -0.204998 1.91534e-05 0.000198161   -0.205002 0.000587635
1.25935e-05   -0.204998 1.91534e-05 0.000198034   -0.205002 0.000587584
1.25935e-05   -0.204998 1.91534e-05 0.000197907   -0.205002 0.000587528
1.25935e-05   -0.204998 1.91534e-05 0.000197771   -0.205002 0.000587479
1.25935e-05   -0.204998 1.91534e-05 0.000197634   -0.205002 0.000587424
1.25935e-05   -0.204998 1.91534e-05 0.000197497   -0.205002 0.000587369
1.25935e-05   -0.204998 1.91534e-05 0.000197361   -0.205002 0.000587315
1.25935e-05   -0.204998 1.91534e-05 0.000197243   -0.205002 0.000587254
1.25935e-05   -0.204998 1.91534e-05 0.000197106   -0.205002 0.000587194
1.25935e-05   -0.204998 1.91534e-05  0.00019696   -0.205002 0.000587141
1.25935e-05   -0.204998 1.91534e-05 0.000196833   -0.205002 0.000587081
1.25935e-05   -0.204998 1.91534e-05 0.000196696   -0.205002 0.000587022
1.25935e-05   -0.204998 1.91534e-05 0.000196559   -0.205002 0.000586963
1.25935e-05   -0.204998 1.91534e-05 0.000196431   -0.205002 0.000586898
1.25935e-05   -0.204998 1.91534e-05 0.000196284   -0.205002  0.00058684
1.25935e-05   -0.204998 1.91534e-05 0.000196157   -0.205002 0.000586775
1.25935e-05   -0.204998 1.91534e-05  0.00019601   -0.205002 0.000586718
1.25935e-05   -0.204998 1.91534e-05 0.000195873   -0.205002 0.000586653
1.25935e-05   -0.204998 1.91534e-05 0.000195726   -0.205002 0.000586596
1.25935e-05   -0.204998 1.91534e-05 0.000195774   -0.205002 0.000586082
1.25935e-05   -0.204998 1.91534e-05 0.000195803   -0.205001 0.000585584
1.25935e-05   -0.204998 1.91534e-05  0.00019581   -0.205001 0.000585091
1.25935e-05   -0.204998 1.91534e-05 0.000195836      -0.205 0.000584661
1.25935e-05   -0.204998 1.91534e-05 0.000195851      -0.205 0.000584302
1.25935e-05   -0.204998 1.91534e-05 0.000195837      -0.205  0.00058402
1.25935e-05   -0.204998 1.91534e-05 0.000195812   -0.204999   0.0005838
1.25935e-05   -0.204998 1.91534e-05 0.000195797   -0.204999 0.000583637
1.25935e-05   -0.204998 1.91534e-05  0.00019579   -0.204999 0.000583517
1.25935e-05   -0.204998 1.91534e-05 0.000195764   -0.204999 0.000583448
1.25935e-05   -0.204998 1.91534e-05 0.000195698   -0.204999 0.000583431
1.25935e-05   -0.204998 1.91534e-05  0.00019566   -0.204998 0.000583439
1.25935e-05   -0.204998 1.91534e-05 0.000195632   -0.204998 0.000583474
1.25935e-05   -0.204998 1.91534e-05 0.000195574   -0.204998 0.000583545
1.25935e-05   -0.204998 1.91534e-05 0.000195506   -0.204998 0.000583641
1.25935e-05   -0.204998 1.91534e-05 0.000195466   -0.204998 0.000583744
1.25935e-05   -0.204998 1.91534e-05 0.000195378   -0.204999 0.000583878
1.25935e-05   -0.204998 1.91534e-05 0.000195308   -0.204999 0.000584017
1.25935e-05   -0.204998 1.91534e-05 0.000195238   -0.204999 0.000584167
1.25935e-05   -0.204998 1.91534e-05 0.000195157   -0.204999 0.000584324
1.25935e-05   -0.204998 1.91534e-05 0.000195076   -0.204999 0.000584485
1.25935e-05   -0.204998 1.91534e-05 0.000194975   -0.204999 0.000584655
1.25935e-05   -0.204998 1.91534e-05 0.000194893   -0.204999 0.000584818
1.25935e-05   -0.204998 1.91534e-05 0.000194811   -0.204999 0.000584978
1.25935e-05   -0.204998 1.91534e-05 0.000194709   -0.204999 0.000585142
1.25935e-05   -0.204998 1.91534e-05 0.000194606      -0.205   0.0005853
1.25935e-05   -0.204998 1.91534e-05 0.000194513      -0.205 0.000585451
1.25935e-05   -0.204998 1.91534e-05 0.000194409      -0.205   0.0005856
1.25935e-05   -0.204998 1.91534e-05 0.000194295      -0.205 0.000585741
1.25935e-05   -0.204998 1.91534e-05   0.0001942      -0.205 0.000585865
1.25935e-05   -0.204998 1.91534e-05 0.000194076      -0.205 0.000585992
1.25935e-05   -0.204998 1.91534e-05 0.000193961      -0.205 0.000586107
1.25935e-05   -0.204998 1.91534e-05 0.000193826   -0.205001 0.000586218
1.25935e-05   -0.204998 1.91534e-05  0.00019369   -0.205001 0.000586317
1.25935e-05   -0.204998 1.91534e-05 0.000193574   -0.205001 0.000586402
1.25935e-05   -0.204998 1.91534e-05 0.000193457   -0.205001 0.000586474
1.25935e-05   -0.204998 1.91534e-05 0.00019333  -0.205001 0.00058654
1.25935e-05   -0.204998 1.91534e-05 0.000193202   -0.205001 0.000586594
1.25935e-05   -0.204998 1.91534e-05 0.000193065   -0.205001 0.000586641
1.25935e-05   -0.204998 1.91534e-05 0.000192917   -0.205001 0.000586682
1.25935e-05   -0.204998 1.91534e-05 0.000192778   -0.205002  0.00058671
1.25935e-05   -0.204998 1.91534e-05  0.00019263   -0.205002 0.000586731
1.25935e-05   -0.204998 1.91534e-05 0.000192511   -0.205002 0.000586739
1.25935e-05   -0.204998 1.91534e-05 0.000192363   -0.205002 0.000586747
1.25935e-05   -0.204998 1.91534e-05 0.000192216   -0.205002 0.000586749
1.25935e-05   -0.204998 1.91534e-05 0.000192098   -0.205002 0.000586738
1.25935e-05   -0.204998 1.91534e-05 0.000191951   -0.205002 0.000586735
1.25935e-05   -0.204998 1.91534e-05 0.000191805   -0.205002 0.000586726
1.25935e-05   -0.204998 1.91534e-05 0.000191669   -0.205002 0.000586717
1.25935e-05   -0.204998 1.91534e-05 0.000191553   -0.205002 0.000586696
1.25935e-05   -0.204998 1.91534e-05 0.00019142  -0.205002 0.00058669
1.25935e-05   -0.204998 1.91534e-05 0.000191307   -0.205002 0.000586672
1.25935e-05   -0.204998 1.91534e-05 0.000191186   -0.205002 0.000586663
1.25935e-05   -0.204998 1.91534e-05 0.000191086   -0.205002 0.000586648
1.25935e-05   -0.204998 1.91534e-05 0.000190977   -0.205003 0.000586642
1.25935e-05   -0.204998 1.91534e-05  0.00019088   -0.205003 0.000586632
1.25935e-05   -0.204998 1.91534e-05 0.000190773   -0.205003 0.000586632
1.25935e-05   -0.204998 1.91534e-05 0.000190697   -0.205003 0.000586627
1.25935e-05   -0.204998 1.91534e-05 0.000190622   -0.205003 0.000586625
1.25935e-05   -0.204998 1.91534e-05 0.000190539   -0.205003 0.000586632
1.25935e-05   -0.204998 1.91534e-05 0.000190466   -0.205003 0.000586643
1.25935e-05   -0.204998 1.91534e-05 0.000190395   -0.205003 0.000586658
1.25935e-05   -0.204998 1.91534e-05 0.000190334   -0.205003 0.000586675
1.25935e-05   -0.204998 1.91534e-05 0.000190265   -0.205003 0.000586703
1.25935e-05   -0.204998 1.91534e-05 0.000190225   -0.205003 0.000586728
1.25935e-05   -0.204998 1.91534e-05 0.000190178   -0.205003 0.000586763
1.25935e-05   -0.204998 1.91534e-05 0.000190121   -0.205003 0.000586803
1.25935e-05   -0.204998 1.91534e-05 0.000190084   -0.205003 0.000586847
1.25935e-05   -0.204998 1.91534e-05 0.000190048   -0.205003 0.000586894
1.25935e-05   -0.204998 1.91534e-05 0.000190033   -0.205003 0.000586939
1.25935e-05   -0.204998 1.91534e-05 0.000190009   -0.205003 0.000586996
1.25935e-05   -0.204998 1.91534e-05 0.000189985   -0.205003 0.000587057
1.25935e-05   -0.204998 1.91534e-05 0.000189962   -0.205003 0.000587123
1.25935e-05   -0.204998 1.91534e-05  0.00018994   -0.205003 0.000587193
1.25935e-05   -0.204998 1.91534e-05 0.000189928   -0.205003 0.000587269
1.25935e-05   -0.204998 1.91534e-05 0.000189936   -0.205003 0.000587341
1.25935e-05   -0.204998 1.91534e-05 0.000189915   -0.205003 0.000587427
1.25935e-05   -0.204998 1.91534e-05 0.000189914   -0.205003 0.000587509
1.25935e-05   -0.204998 1.91534e-05 0.000189924   -0.205003 0.000587597
1.25935e-05   -0.204998 1.91534e-05 0.000189925   -0.205003  0.00058769
1.25935e-05   -0.204998 1.91534e-05 0.000189945   -0.205003  0.00058778
1.25935e-05   -0.204998 1.91534e-05 0.000189956   -0.205003 0.000587876
1.25935e-05   -0.204998 1.91534e-05 0.000189957   -0.205003 0.000587979
1.25935e-05   -0.204998 1.91534e-05 0.000189978   -0.205003 0.000588079
1.25935e-05   -0.204998 1.91534e-05 0.000189999   -0.205003 0.000588178
1.25935e-05   -0.204998 1.91534e-05 0.000190021   -0.205003 0.000588282
1.25935e-05   -0.204998 1.91534e-05 0.000190063   -0.205003 0.000588385
1.25935e-05   -0.204998 1.91534e-05 0.000190065   -0.205003 0.000588501
1.25935e-05   -0.204998 1.91534e-05 0.000190097   -0.205003 0.000588608
1.25935e-05   -0.204998 1.91534e-05 0.000190139   -0.205003 0.000588713
1.25935e-05   -0.204998 1.91534e-05 0.000190152   -0.205003 0.000588832
1.25935e-05   -0.204998 1.91534e-05 0.000190184   -0.205003 0.000588942
1.25935e-05   -0.204998 1.91534e-05 0.000190216   -0.205003 0.000589051
1.25935e-05   -0.204998 1.91534e-05 0.000190229   -0.205003 0.000589173
1.25935e-05   -0.204998 1.91534e-05 0.000190252   -0.205003 0.000589287
1.25935e-05   -0.204998 1.91534e-05 0.000190313   -0.205003 0.000589393
1.25935e-05   -0.204998 1.91534e-05 0.000190326   -0.205003 0.000589512
1.25935e-05   -0.204998 1.91534e-05 0.000190357   -0.205003 0.000589624
1.25935e-05   -0.204998 1.91534e-05  0.00019038   -0.205002 0.000589742
1.25935e-05   -0.204998 1.91534e-05 0.000190402   -0.205002  0.00058986
1.25935e-05   -0.204998 1.91534e-05 0.000190433   -0.205002  0.00058997
1.25935e-05   -0.204998 1.91534e-05 0.000190484   -0.205002 0.000590078
1.25935e-05   -0.204998 1.91534e-05 0.000190496   -0.205002 0.000590194
1.25935e-05   -0.204998 1.91534e-05 0.000190537   -0.205002 0.000590302
1.25935e-05   -0.204998 1.91534e-05 0.000190548   -0.205002 0.000590417
1.25935e-05   -0.204998 1.91534e-05 0.000190569   -0.205002 0.000590531
1.25935e-05   -0.204998 1.91534e-05   0.0001906   -0.205002 0.000590637
1.25935e-05   -0.204998 1.91534e-05  0.00019063   -0.205002 0.000590744
1.25935e-05   -0.204998 1.91534e-05  0.00019066   -0.205002 0.000590849
1.25935e-05   -0.204998 1.91534e-05 0.000190689   -0.205002 0.000590954
1.25935e-05   -0.204998 1.91534e-05 0.000190689   -0.205002 0.000591066
1.25935e-05   -0.204998 1.91534e-05 0.000190728   -0.205002 0.000591164
1.25935e-05   -0.204998 1.91534e-05 0.000190747   -0.205002 0.000591268
1.25935e-05   -0.204998 1.91534e-05 0.000190756   -0.205002 0.000591372
1.25935e-05   -0.204998 1.91534e-05 0.000190794   -0.205002 0.000591469
1.25935e-05   -0.204998 1.91534e-05 0.000190792   -0.205002 0.000591573
1.25935e-05   -0.204998 1.91534e-05  0.00019081   -0.205002 0.000591669
1.25935e-05   -0.204998 1.91534e-05 0.000190828   -0.205002 0.000591766
1.25935e-05   -0.204998 1.91534e-05 0.000190826   -0.205002 0.000591869
1.25935e-05   -0.204998 1.91534e-05 0.000190852   -0.205002 0.000591958
1.25935e-05   -0.204998 1.91534e-05 0.000190859   -0.205002 0.000592054
1.25935e-05   -0.204998 1.91534e-05 0.000190855   -0.205002  0.00059215
1.25935e-05   -0.204998 1.91534e-05 0.000190881   -0.205002 0.000592238
1.25935e-05   -0.204998 1.91534e-05 0.000190887   -0.205002 0.000592326
1.25935e-05   -0.204998 1.91534e-05 0.000190902   -0.205002 0.000592413
1.25935e-05   -0.204998 1.91534e-05 0.000190907   -0.205002 0.000592507
1.25935e-05   -0.204998 1.91534e-05 0.000190892   -0.205002 0.000592614
1.25935e-05   -0.204998 1.91534e-05 0.000190915   -0.205002 0.000592712
1.25935e-05   -0.204998 1.91534e-05 0.000190899   -0.205002 0.000592829
1.25935e-05   -0.204998 1.91534e-05 0.000190872   -0.205001  0.00059295
1.25935e-05   -0.204998 1.91534e-05 0.000190874   -0.205001 0.000593065
1.25935e-05   -0.204998 1.91534e-05 0.000190847   -0.205001 0.000593194
1.25935e-05   -0.204998 1.91534e-05 0.000190839   -0.205001 0.000593308
1.25935e-05   -0.204998 1.91534e-05 0.000190821   -0.205001 0.000593421
1.25935e-05   -0.204998 1.91534e-05 0.000190803   -0.205001 0.000593525
1.25935e-05   -0.204998 1.91534e-05 0.000190784   -0.205001 0.000593627
1.25935e-05   -0.204998 1.91534e-05 0.000190766   -0.205001 0.000593722
1.25935e-05   -0.204998 1.91534e-05 0.000190757   -0.205001 0.000593808
1.25935e-05   -0.204998 1.91534e-05 0.000190738   -0.205001 0.000593896
1.25935e-05   -0.204998 1.91534e-05 0.000190739   -0.205001  0.00059397
1.25935e-05   -0.204998 1.91534e-05  0.00019071   -0.205001 0.000594053
1.25935e-05   -0.204998 1.91534e-05   0.0001907   -0.205001 0.000594125
1.25935e-05   -0.204998 1.91534e-05  0.00019069   -0.205001 0.000594193
1.25935e-05   -0.204998 1.91534e-05 0.000190661   -0.205001 0.000594271
1.25935e-05   -0.204998 1.91534e-05  0.00019067   -0.205001 0.000594332
1.25935e-05   -0.204998 1.91534e-05 0.000190659   -0.205001 0.000594397
1.25935e-05   -0.204998 1.91534e-05 0.000190629   -0.205001 0.000594468
1.25935e-05   -0.204998 1.91534e-05 0.000190638   -0.205001 0.000594528
1.25935e-05   -0.204998 1.91534e-05 0.000190607   -0.205001 0.000594596
1.25935e-05   -0.204998 1.91534e-05 0.000190586   -0.205001 0.000594662
1.25935e-05   -0.204998 1.91534e-05 0.000190604   -0.205001 0.000594718
1.25935e-05   -0.204998 1.91534e-05 0.000190582   -0.205001 0.000594782
1.25935e-05   -0.204998 1.91534e-05 0.000190551   -0.205001 0.000594853
1.25935e-05   -0.204998 1.91534e-05 0.000190568   -0.205001 0.000594908
1.25935e-05   -0.204998 1.91534e-05 0.000190546   -0.205001 0.000594977
1.25935e-05   -0.204998 1.91534e-05 0.000190533   -0.205001  0.00059504
1.25935e-05   -0.204998 1.91534e-05  0.00019053   -0.205001 0.000595102
1.25935e-05   -0.204998 1.91534e-05 0.000190507   -0.205001 0.000595171
1.25935e-05   -0.204998 1.91534e-05 0.000190484   -0.205001 0.000595241
1.25935e-05   -0.204998 1.91534e-05  0.00019049      -0.205 0.000595303
1.25935e-05   -0.204998 1.91534e-05 0.000190447      -0.205 0.000595381
1.25935e-05   -0.204998 1.91534e-05 0.000190452      -0.205 0.000595443
1.25935e-05   -0.204998 1.91534e-05 0.000190438      -0.205 0.000595514
1.25935e-05   -0.204998 1.91534e-05 0.000190414      -0.205 0.000595585
1.25935e-05   -0.204998 1.91534e-05 0.000190399      -0.205 0.000595657
1.25935e-05   -0.204998 1.91534e-05 0.000190384      -0.205 0.000595728
1.25935e-05   -0.204998 1.91534e-05 0.000190368      -0.205   0.0005958
1.25935e-05   -0.204998 1.91534e-05 0.000190334      -0.205  0.00059588
1.25935e-05   -0.204998 1.91534e-05 0.000190337      -0.205 0.000595946
1.25935e-05   -0.204998 1.91534e-05 0.000190312      -0.205 0.000596026
1.25935e-05   -0.204998 1.91534e-05 0.000190295      -0.205 0.000596099
1.25935e-05   -0.204998 1.91534e-05 0.000190279      -0.205 0.000596173
1.25935e-05   -0.204998 1.91534e-05 0.000190272      -0.205 0.000596247
1.25935e-05   -0.204998 1.91534e-05 0.000190235      -0.205 0.000596329
1.25935e-05   -0.204998 1.91534e-05 0.000190218      -0.205 0.000596403
1.25935e-05   -0.204998 1.91534e-05 0.000190201      -0.205 0.000596485
1.25935e-05   -0.204998 1.91534e-05 0.000190183      -0.205  0.00059656
1.25935e-05   -0.204998 1.91534e-05 0.000190155      -0.205 0.000596642
1.25935e-05   -0.204998 1.91534e-05 0.000190137      -0.205 0.000596718
1.25935e-05   -0.204998 1.91534e-05 0.000190109      -0.205   0.0005968
1.25935e-05   -0.204998 1.91534e-05   0.0001901      -0.205 0.000596875
1.25935e-05   -0.204998 1.91534e-05 0.000190062      -0.205 0.000596959
1.25935e-05   -0.204998 1.91534e-05 0.000190053      -0.205 0.000597035
1.25935e-05   -0.204998 1.91534e-05 0.000190023      -0.205 0.000597117
1.25935e-05   -0.204998 1.91534e-05 0.000190014      -0.205 0.000597193
1.25935e-05   -0.204998 1.91534e-05 0.000189974      -0.205 0.000597276
1.25935e-05   -0.204998 1.91534e-05 0.000189945      -0.205 0.000597359
1.25935e-05   -0.204998 1.91534e-05 0.000189934      -0.205 0.000597435
1.25935e-05   -0.204998 1.91534e-05 0.000189904      -0.205 0.000597517
1.25935e-05   -0.204998 1.91534e-05 0.000189893      -0.205 0.000597592
1.25935e-05   -0.204998 1.91534e-05 0.000189853   -0.204999 0.000597675
1.25935e-05   -0.204998 1.91534e-05 0.000189822   -0.204999 0.000597758
1.25935e-05   -0.204998 1.91534e-05 0.000189791   -0.204999  0.00059784
1.25935e-05   -0.204998 1.91534e-05  0.00018976   -0.204999 0.000597922
1.25935e-05   -0.204998 1.91534e-05 0.000189748   -0.204999 0.000597996
1.25935e-05   -0.204998 1.91534e-05 0.000189716   -0.204999 0.000598078
1.25935e-05   -0.204998 1.91534e-05 0.000189704   -0.204999 0.000598152
1.25935e-05   -0.204998 1.91534e-05 0.000189653   -0.204999 0.000598241
1.25935e-05   -0.204998 1.91534e-05  0.00018962   -0.204999 0.000598322
1.25935e-05   -0.204998 1.91534e-05 0.000189578   -0.204999 0.000598403
1.25935e-05   -0.204998 1.91534e-05 0.000189565   -0.204999 0.000598477
1.25935e-05   -0.204998 1.91534e-05 0.000189532   -0.204999 0.000598557
1.25935e-05   -0.204998 1.91534e-05 0.000189499   -0.204999 0.000598637
1.25935e-05   -0.204998 1.91534e-05 0.000189466   -0.204999 0.000598717
1.25935e-05   -0.204998 1.91534e-05 0.000189442   -0.204999  0.00059879
1.25935e-05   -0.204998 1.91534e-05 0.000189399   -0.204999 0.000598876
1.25935e-05   -0.204998 1.91534e-05 0.000189366   -0.204999 0.000598955
1.25935e-05   -0.204998 1.91534e-05 0.000189351   -0.204999 0.000599026
1.25935e-05   -0.204998 1.91534e-05 0.000189318   -0.204999 0.000599106
1.25935e-05   -0.204998 1.91534e-05 0.000189273   -0.204999 0.000599184
1.25935e-05   -0.204998 1.91534e-05  0.00018923   -0.204999 0.000599269
1.25935e-05   -0.204998 1.91534e-05 0.000189205   -0.204999  0.00059934
1.25935e-05   -0.204998 1.91534e-05  0.00018918   -0.204999 0.000599417
1.25935e-05   -0.204998 1.91534e-05 0.000189145   -0.204999 0.000599495
1.25935e-05   -0.204998 1.91534e-05   0.0001891   -0.204999 0.000599572
1.25935e-05   -0.204998 1.91534e-05 0.000189075   -0.204999 0.000599647
1.25935e-05   -0.204998 1.91534e-05  0.00018903   -0.204999 0.000599725
1.25935e-05   -0.204998 1.91534e-05 0.000189004   -0.204999   0.0005998
1.25935e-05   -0.204998 1.91534e-05 0.000188949   -0.204998 0.000599883
1.25935e-05   -0.204998 1.91534e-05 0.000188914   -0.204998 0.000599958
1.25935e-05   -0.204998 1.91534e-05 0.000188897   -0.204998 0.000600026
1.25935e-05   -0.204998 1.91534e-05 0.000188852   -0.204998 0.000600107
1.25935e-05   -0.204998 1.91534e-05 0.000188816   -0.204998 0.000600182
1.25935e-05   -0.204998 1.91534e-05  0.00018876   -0.204998 0.000600264
1.25935e-05   -0.204998 1.91534e-05 0.000188743   -0.204998  0.00060033
1.25935e-05   -0.204998 1.91534e-05 0.000188707   -0.204998 0.000600404
1.25935e-05   -0.204998 1.91534e-05  0.00018866   -0.204998 0.000600485
1.25935e-05   -0.204998 1.91534e-05 0.000188624   -0.204998 0.000600557
1.25935e-05   -0.204998 1.91534e-05 0.000188587   -0.204998 0.000600631
1.25935e-05   -0.204998 1.91534e-05  0.00018856   -0.204998 0.000600702
1.25935e-05   -0.204998 1.91534e-05 0.000188504   -0.204998 0.000600782
1.25935e-05   -0.204998 1.91534e-05 0.000188466   -0.204998 0.000600855
1.25935e-05   -0.204998 1.91534e-05 0.000188429   -0.204998 0.000600927
1.25935e-05   -0.204998 1.91534e-05 0.000188382   -0.204998 0.000601006
1.25935e-05   -0.204998 1.91534e-05 0.000188355   -0.204998 0.000601076
1.25935e-05   -0.204998 1.91534e-05 0.000188297   -0.204998 0.000601155
1.25935e-05   -0.204998 1.91534e-05  0.00018827   -0.204998 0.000601225
1.25935e-05   -0.204998 1.91534e-05 0.000188222   -0.204998 0.000601303
1.25935e-05   -0.204998 1.91534e-05 0.000188204   -0.204998 0.000601366
1.25935e-05   -0.204998 1.91534e-05 0.000188156   -0.204998 0.000601443
1.25935e-05   -0.204998 1.91534e-05 0.000188109   -0.204998 0.000601519
1.25935e-05   -0.204998 1.91534e-05 0.000188071   -0.204998 0.000601589
1.25935e-05   -0.204998 1.91534e-05 0.000188042   -0.204998 0.000601658
1.25935e-05   -0.204998 1.91534e-05 0.000187995   -0.204998 0.000601733
1.25935e-05   -0.204998 1.91534e-05 0.000187956   -0.204998 0.000601802
1.25935e-05   -0.204998 1.91534e-05 0.000187918   -0.204998 0.000601877
1.25935e-05   -0.204998 1.91534e-05  0.00018786   -0.204997 0.000601953
1.25935e-05   -0.204998 1.91534e-05 0.000187841   -0.204997  0.00060202
1.25935e-05   -0.204998 1.91534e-05 0.000187793   -0.204997 0.000602094
1.25935e-05   -0.204998 1.91534e-05 0.000187745   -0.204997 0.000602168
1.25935e-05   -0.204998 1.91534e-05 0.000187716   -0.204997 0.000602235
1.25935e-05   -0.204998 1.91534e-05 0.000187668   -0.204997 0.000602308
1.25935e-05   -0.204998 1.91534e-05 0.000187619   -0.204997 0.000602381
1.25935e-05   -0.204998 1.91534e-05 0.000187581   -0.204997 0.000602454
1.25935e-05   -0.204998 1.91534e-05 0.000187552   -0.204997 0.000602519
1.25935e-05   -0.204998 1.91534e-05 0.000187503   -0.204997 0.000602592
1.25935e-05   -0.204998 1.91534e-05 0.000187464   -0.204997 0.000602663
1.25935e-05   -0.204998 1.91534e-05 0.000187425   -0.204997 0.000602733
1.25935e-05   -0.204998 1.91534e-05 0.000187376   -0.204997 0.000602805
1.25935e-05   -0.204998 1.91534e-05 0.000187347   -0.204997 0.000602868
1.25935e-05   -0.204998 1.91534e-05 0.000187289   -0.204997 0.000602947
1.25935e-05   -0.204998 1.91534e-05  0.00018725   -0.204997 0.000603016
1.25935e-05   -0.204998 1.91534e-05  0.00018723   -0.204997 0.000603078
1.25935e-05   -0.204998 1.91534e-05 0.000187162   -0.204997 0.000603155
1.25935e-05   -0.204998 1.91534e-05 0.000187123   -0.204997 0.000603225
1.25935e-05   -0.204998 1.91534e-05 0.000187084   -0.204997 0.000603294
1.25935e-05   -0.204998 1.91534e-05 0.000187045   -0.204997 0.000603362
1.25935e-05   -0.204998 1.91534e-05 0.000187005   -0.204997 0.000603431
1.25935e-05   -0.204998 1.91534e-05 0.000186947   -0.204997 0.000603506
1.25935e-05   -0.204998 1.91534e-05 0.000186927   -0.204997 0.000603567
1.25935e-05   -0.204998 1.91534e-05 0.000186898   -0.204997 0.000603634
1.25935e-05   -0.204998 1.91534e-05 0.000186839   -0.204997 0.000603708
1.25935e-05   -0.204998 1.91534e-05   0.0001868   -0.204997 0.000603775
1.25935e-05   -0.204998 1.91534e-05 0.000186721   -0.204996 0.000603915
1.25935e-05   -0.204998 1.91534e-05 0.000186662   -0.204996 0.000604001
1.25935e-05   -0.204998 1.91534e-05 0.000186613   -0.204996 0.000604093
1.25935e-05   -0.204998 1.91534e-05 0.000186563   -0.204996 0.000604189
1.25935e-05   -0.204998 1.91534e-05 0.000186443   -0.204996 0.000604419
1.25935e-05   -0.204998 1.91534e-05 0.000186373   -0.204996 0.000604555
1.25935e-05   -0.204998 1.91534e-05 0.000186292   -0.204996 0.000604703
1.25935e-05   -0.204998 1.91534e-05 0.000186241   -0.204996 0.000604846
1.25935e-05   -0.204998 1.91534e-05 0.000186131   -0.204996 0.000605017
1.25935e-05   -0.204998 1.91534e-05 0.000185958   -0.204996 0.000605376
1.25935e-05   -0.204998 1.91534e-05 0.000185856   -0.204996 0.000605572
1.25935e-05   -0.204998 1.91534e-05 0.000185755   -0.204996 0.000605771
1.25935e-05   -0.204998 1.91534e-05 0.000185653   -0.204996 0.000605974
1.25935e-05   -0.204998 1.91534e-05 0.000185551   -0.204996 0.000606186
1.25935e-05   -0.204998 1.91534e-05 0.000185288   -0.204996 0.000606643
1.25935e-05   -0.204998 1.91534e-05 0.000185176   -0.204996 0.000606874
1.25935e-05   -0.204998 1.91534e-05 0.000185045   -0.204996  0.00060711
1.25935e-05   -0.204998 1.91534e-05 0.000184913   -0.204996 0.000607347
1.25935e-05   -0.204998 1.91534e-05  0.00018465   -0.204995 0.000607835
1.25935e-05   -0.204998 1.91534e-05 0.000184519   -0.204995 0.000608088
1.25935e-05   -0.204998 1.91534e-05 0.000184349   -0.204995 0.000608352
1.25935e-05   -0.204998 1.91534e-05 0.000184208   -0.204995 0.000608603
1.25935e-05   -0.204998 1.91534e-05 0.000184038   -0.204995 0.000608865
1.25935e-05   -0.204998 1.91534e-05 0.000183748   -0.204995 0.000609386
1.25935e-05   -0.204998 1.91534e-05 0.000183588   -0.204995 0.000609653
1.25935e-05   -0.204998 1.91534e-05  0.00018342   -0.204995 0.000609921
1.25935e-05   -0.204998 1.91534e-05 0.000183102   -0.204995 0.000610458
1.25935e-05   -0.204998 1.91534e-05 0.000182935   -0.204995 0.000610733
1.25935e-05   -0.204998 1.91534e-05 0.000182758   -0.204995 0.000611016
1.25935e-05   -0.204998 1.91534e-05 0.000182601   -0.204995 0.000611291
1.25935e-05   -0.204998 1.91534e-05 0.000182435   -0.204995 0.000611571
1.25935e-05   -0.204998 1.91534e-05 0.000182055   -0.204995 0.000612152
1.25935e-05   -0.204998 1.91534e-05 0.000181891   -0.204994 0.000612439
1.25935e-05   -0.204998 1.91534e-05 0.000181707   -0.204994 0.000612734
1.25935e-05   -0.204998 1.91534e-05 0.000181563   -0.204994 0.000613015
1.25935e-05   -0.204998 1.91534e-05  0.00018121   -0.204994 0.000613611
1.25935e-05   -0.204998 1.91534e-05 0.000181009   -0.204994 0.000613918
1.25935e-05   -0.204998 1.91534e-05 0.000180849   -0.204994 0.000614216
1.25935e-05   -0.204998 1.91534e-05 0.000180671   -0.204994 0.000614522
1.25935e-05   -0.204998 1.91534e-05 0.000180492   -0.204994  0.00061482
1.25935e-05   -0.204998 1.91534e-05 0.000180334   -0.204994 0.000615117
1.25935e-05   -0.204998 1.91534e-05 0.000179982   -0.204994 0.000615732
1.25935e-05   -0.204998 1.91534e-05 0.000179809   -0.204994 0.000616041
1.25935e-05   -0.204998 1.91534e-05 0.000179655   -0.204994 0.000616341
1.25935e-05   -0.204998 1.91534e-05 0.000179473   -0.204994 0.000616646
1.25935e-05   -0.204998 1.91534e-05 0.000179141   -0.204994 0.000617259
1.25935e-05   -0.204998 1.91534e-05 0.000179011   -0.204994 0.000617557
1.25935e-05   -0.204998 1.91534e-05 0.000178833   -0.204994 0.000617869
1.25935e-05   -0.204998 1.91534e-05 0.000178705   -0.204994 0.000618168
1.25935e-05   -0.204998 1.91534e-05  0.00017854   -0.204994 0.000618476
1.25935e-05   -0.204998 1.91534e-05 0.000178395   -0.204993 0.000618772
1.25935e-05   -0.204998 1.91534e-05 0.000178261   -0.204993 0.000619064
1.25935e-05   -0.204998 1.91534e-05 0.000178129   -0.204993 0.000619349
1.25935e-05   -0.204998 1.91534e-05 0.000178008   -0.204993 0.000619627
1.25935e-05   -0.204998 1.91534e-05 0.000177888   -0.204993 0.000619902
1.25935e-05   -0.204998 1.91534e-05  0.00017777   -0.204993 0.000620169
1.25935e-05   -0.204998 1.91534e-05 0.000177653   -0.204993 0.000620432
1.25935e-05   -0.204998 1.91534e-05 0.000177545   -0.204993 0.000620683
1.25935e-05   -0.204998 1.91534e-05 0.000177478   -0.204993 0.000620916
1.25935e-05   -0.204998 1.91534e-05 0.000177372   -0.204993 0.000621158
1.25935e-05   -0.204998 1.91534e-05 0.000177306   -0.204993 0.000621382
1.25935e-05   -0.204998 1.91534e-05 0.000177241   -0.204993 0.000621601
1.25935e-05   -0.204998 1.91534e-05 0.000177167   -0.204993 0.000621816
1.25935e-05   -0.204998 1.91534e-05 0.000177103   -0.204993 0.000622025
1.25935e-05   -0.204998 1.91534e-05  0.00017705   -0.204993 0.000622231
1.25935e-05   -0.204998 1.91534e-05 0.000177027   -0.204993 0.000622417
1.25935e-05   -0.204998 1.91534e-05 0.000176966   -0.204993 0.000622616
1.25935e-05   -0.204998 1.91534e-05 0.000176955   -0.204993 0.000622797
1.25935e-05   -0.204998 1.91534e-05 0.000176915   -0.204993 0.000622982
1.25935e-05   -0.204998 1.91534e-05 0.000176915   -0.204993 0.000623156
1.25935e-05   -0.204998 1.91534e-05 0.000176906   -0.204993 0.000623329
1.25935e-05   -0.204998 1.91534e-05 0.000176918   -0.204993 0.000623494
1.25935e-05   -0.204998 1.91534e-05 0.000176911   -0.204993 0.000623664
1.25935e-05   -0.204998 1.91534e-05 0.000176924   -0.204993 0.000623827
1.25935e-05   -0.204998 1.91534e-05 0.000176958   -0.204993 0.000623982
1.25935e-05   -0.204998 1.91534e-05 0.000176963   -0.204993 0.000624146
1.25935e-05   -0.204998 1.91534e-05 0.000176998   -0.204993 0.000624302
1.25935e-05   -0.204998 1.91534e-05 0.000177044   -0.204993 0.000624453
1.25935e-05   -0.204998 1.91534e-05 0.000177091   -0.204993 0.000624605
1.25935e-05   -0.204998 1.91534e-05 0.000177158   -0.204992 0.000624752
1.25935e-05   -0.204998 1.91534e-05 0.000177207   -0.204992 0.000624902
1.25935e-05   -0.204998 1.91534e-05 0.000177285   -0.204992 0.000625047
1.25935e-05   -0.204998 1.91534e-05 0.000177344   -0.204992 0.000625197
1.25935e-05   -0.204998 1.91534e-05 0.000177424   -0.204992 0.000625341
1.25935e-05   -0.204998 1.91534e-05 0.000177485   -0.204992 0.000625491
1.25935e-05   -0.204998 1.91534e-05 0.000177576   -0.204992 0.000625637
1.25935e-05   -0.204998 1.91534e-05 0.000177677   -0.204992 0.000625774
1.25935e-05   -0.204998 1.91534e-05  0.00017779   -0.204992 0.000625915
1.25935e-05   -0.204998 1.91534e-05 0.000177863   -0.204992 0.000626063
1.25935e-05   -0.204998 1.91534e-05 0.000177986   -0.204992 0.000626201
1.25935e-05   -0.204998 1.91534e-05 0.000178099   -0.204992 0.000626339
1.25935e-05   -0.204998 1.91534e-05 0.000178203   -0.204992 0.000626482
1.25935e-05   -0.204998 1.91534e-05 0.000178338   -0.204992 0.000626618
1.25935e-05   -0.204998 1.91534e-05 0.000178443   -0.204992 0.000626761
1.25935e-05   -0.204998 1.91534e-05 0.000178588   -0.204992 0.000626895
1.25935e-05   -0.204998 1.91534e-05 0.000178705   -0.204992 0.000627037
1.25935e-05   -0.204998 1.91534e-05 0.000178853   -0.204992 0.000627172
1.25935e-05   -0.204998 1.91534e-05 0.000178982   -0.204992 0.000627308
1.25935e-05   -0.204998 1.91534e-05 0.000179133   -0.204992 0.000627445
1.25935e-05   -0.204998 1.91534e-05 0.000179284   -0.204992 0.000627581
1.25935e-05   -0.204998 1.91534e-05 0.000179427   -0.204992  0.00062772
1.25935e-05   -0.204998 1.91534e-05  0.00017958   -0.204991 0.000627852
1.25935e-05   -0.204998 1.91534e-05 0.000179745   -0.204991 0.000627986
1.25935e-05   -0.204998 1.91534e-05  0.00017992   -0.204991 0.000628113
1.25935e-05   -0.204998 1.91534e-05 0.000180085   -0.204991 0.000628242
1.25935e-05   -0.204998 1.91534e-05 0.000180253   -0.204991 0.000628373
1.25935e-05   -0.204998 1.91534e-05  0.00018044   -0.204991 0.000628498
1.25935e-05   -0.204998 1.91534e-05 0.000180589   -0.204991 0.000628633
1.25935e-05   -0.204998 1.91534e-05 0.000180777   -0.204991 0.000628755
1.25935e-05   -0.204998 1.91534e-05 0.000180976   -0.204991 0.000628872
1.25935e-05   -0.204998 1.91534e-05 0.000181137   -0.204991 0.000628999
1.25935e-05   -0.204998 1.91534e-05 0.000181327   -0.204991 0.000629114
1.25935e-05   -0.204998 1.91534e-05 0.000181499   -0.204991 0.000629238
1.25935e-05   -0.204998 1.91534e-05  0.0001817  -0.204991 0.00062935
1.25935e-05   -0.204998 1.91534e-05 0.000181882   -0.204991 0.000629466
1.25935e-05   -0.204998 1.91534e-05 0.000182083   -0.204991  0.00062957
1.25935e-05   -0.204998 1.91534e-05 0.000182276   -0.204991 0.000629683
1.25935e-05   -0.204998 1.91534e-05 0.000182469    -0.20499 0.000629786
1.25935e-05   -0.204998 1.91534e-05 0.000182662    -0.20499 0.000629892
1.25935e-05   -0.204998 1.91534e-05 0.000182865    -0.20499 0.000629994
1.25935e-05   -0.204998 1.91534e-05 0.000183039    -0.20499 0.000630099
1.25935e-05   -0.204998 1.91534e-05 0.000183253    -0.20499 0.000630192
1.25935e-05   -0.204998 1.91534e-05 0.000183456    -0.20499 0.000630284
1.25935e-05   -0.204998 1.91534e-05  0.00018365    -0.20499 0.000630378
1.25935e-05   -0.204998 1.91534e-05 0.000183825    -0.20499 0.000630476
1.25935e-05   -0.204998 1.91534e-05 0.000184029    -0.20499 0.000630563
1.25935e-05   -0.204998 1.91534e-05 0.000184232    -0.20499 0.000630647
1.25935e-05   -0.204998 1.91534e-05 0.000184436    -0.20499 0.000630728
1.25935e-05   -0.204998 1.91534e-05 0.000184631    -0.20499 0.000630806
1.25935e-05   -0.204998 1.91534e-05 0.000184834    -0.20499 0.000630881
1.25935e-05   -0.204998 1.91534e-05 0.000185028    -0.20499 0.000630959
1.25935e-05   -0.204998 1.91534e-05 0.000185242    -0.20499 0.000631028
1.25935e-05   -0.204998 1.91534e-05 0.000185426    -0.20499 0.000631101
1.25935e-05   -0.204998 1.91534e-05  0.00018564   -0.204989 0.000631164
1.25935e-05   -0.204998 1.91534e-05 0.000185804   -0.204989 0.000631239
1.25935e-05   -0.204998 1.91534e-05 0.000186026   -0.204989  0.00063129
1.25935e-05   -0.204998 1.91534e-05  0.00018622   -0.204989 0.000631353
1.25935e-05   -0.204998 1.91534e-05 0.000186403   -0.204989 0.000631414
1.25935e-05   -0.204998 1.91534e-05 0.000186605   -0.204989 0.000631464
1.25935e-05   -0.204998 1.91534e-05 0.000186817   -0.204989 0.000631513
1.25935e-05   -0.204998 1.91534e-05 0.000186971   -0.204989 0.000631574
1.25935e-05   -0.204998 1.91534e-05 0.000187192   -0.204989  0.00063161
1.25935e-05   -0.204998 1.91534e-05 0.000187364   -0.204989 0.000631661
1.25935e-05   -0.204998 1.91534e-05 0.000187546   -0.204989 0.000631708
1.25935e-05   -0.204998 1.91534e-05 0.000187756   -0.204989 0.000631739
1.25935e-05   -0.204998 1.91534e-05 0.000187947   -0.204989 0.000631775
1.25935e-05   -0.204998 1.91534e-05 0.000188118   -0.204989 0.000631817
1.25935e-05   -0.204998 1.91534e-05 0.000188308   -0.204989  0.00063185
1.25935e-05   -0.204998 1.91534e-05 0.000188488   -0.204989 0.000631882
1.25935e-05   -0.204998 1.91534e-05 0.000188686   -0.204989 0.000631905
1.25935e-05   -0.204998 1.91534e-05 0.000188846   -0.204989 0.000631941
1.25935e-05   -0.204998 1.91534e-05 0.000189044   -0.204988  0.00063196
1.25935e-05   -0.204998 1.91534e-05 0.000189212   -0.204988 0.000631985
1.25935e-05   -0.204998 1.91534e-05 0.000189389   -0.204988 0.000632003
1.25935e-05   -0.204998 1.91534e-05 0.000189557   -0.204988 0.000632026
1.25935e-05   -0.204998 1.91534e-05 0.000189733   -0.204988 0.000632041
1.25935e-05   -0.204998 1.91534e-05 0.000189909   -0.204988 0.000632055
1.25935e-05   -0.204998 1.91534e-05 0.000190075   -0.204988 0.000632068
1.25935e-05   -0.204998 1.91534e-05 0.000190259   -0.204988 0.000632073
1.25935e-05   -0.204998 1.91534e-05 0.000190443   -0.204988 0.000632076
1.25935e-05   -0.204998 1.91534e-05 0.000190578   -0.204988 0.000632094
1.25935e-05   -0.204998 1.91534e-05 0.000190761   -0.204988 0.000632089
1.25935e-05   -0.204998 1.91534e-05 0.000190914   -0.204988 0.000632097
1.25935e-05   -0.204998 1.91534e-05 0.000191076   -0.204988 0.000632099
1.25935e-05   -0.204998 1.91534e-05 0.000191227   -0.204988 0.000632099
1.25935e-05   -0.204998 1.91534e-05 0.000191379   -0.204988 0.000632098
1.25935e-05   -0.204998 1.91534e-05 0.000191568   -0.204988 0.000632082
1.25935e-05   -0.204998 1.91534e-05 0.000191708   -0.204988 0.000632081
1.25935e-05   -0.204998 1.91534e-05 0.000191866   -0.204988 0.000632072
1.25935e-05   -0.204998 1.91534e-05 0.000192015   -0.204988 0.000632062
1.25935e-05   -0.204998 1.91534e-05 0.000192143   -0.204988  0.00063206
1.25935e-05   -0.204998 1.91534e-05  0.00019231   -0.204988 0.000632042
1.25935e-05   -0.204998 1.91534e-05 0.000192446   -0.204988 0.000632031
1.25935e-05   -0.204998 1.91534e-05 0.000192581   -0.204988 0.000632014
1.25935e-05   -0.204998 1.91534e-05 0.000192707   -0.204988 0.000632003
1.25935e-05   -0.204998 1.91534e-05  0.00019287   -0.204988 0.000631977
1.25935e-05   -0.204998 1.91534e-05 0.000192984   -0.204988 0.000631965
1.25935e-05   -0.204998 1.91534e-05 0.000193126   -0.204988  0.00063194
1.25935e-05   -0.204998 1.91534e-05 0.000193248   -0.204988 0.000631921
1.25935e-05   -0.204998 1.91534e-05 0.000193409   -0.204988 0.000631888
1.25935e-05   -0.204998 1.91534e-05 0.000193509   -0.204988  0.00063187
1.25935e-05   -0.204998 1.91534e-05 0.000193639   -0.204988 0.000631843
1.25935e-05   -0.204998 1.91534e-05 0.000193758   -0.204987 0.000631824
1.25935e-05   -0.204998 1.91534e-05 0.000193866   -0.204987 0.000631806
1.25935e-05   -0.204998 1.91534e-05 0.000193992   -0.204987 0.000631779
1.25935e-05   -0.204998 1.91534e-05 0.000194118   -0.204987 0.000631752
1.25935e-05   -0.204998 1.91534e-05 0.000194214   -0.204987  0.00063173
1.25935e-05   -0.204998 1.91534e-05 0.000194329   -0.204987 0.000631699
1.25935e-05   -0.204998 1.91534e-05 0.000194433   -0.204987 0.000631668
1.25935e-05   -0.204998 1.91534e-05 0.000194516   -0.204987 0.000631642
1.25935e-05   -0.204998 1.91534e-05 0.000194619   -0.204987 0.000631608
1.25935e-05   -0.204998 1.91534e-05  0.00019473   -0.204987 0.000631567
1.25935e-05   -0.204998 1.91534e-05  0.00019483   -0.204987 0.000631531
1.25935e-05   -0.204998 1.91534e-05  0.00019493   -0.204987 0.000631487
1.25935e-05   -0.204998 1.91534e-05 0.000195039   -0.204987 0.000631443
1.25935e-05   -0.204998 1.91534e-05 0.000195117   -0.204987 0.000631405
1.25935e-05   -0.204998 1.91534e-05 0.000195214   -0.204987  0.00063136
1.25935e-05   -0.204998 1.91534e-05 0.000195357   -0.204987 0.000631286
1.25935e-05   -0.204998 1.91534e-05 0.000195451   -0.204987 0.000631249
1.25935e-05   -0.204998 1.91534e-05 0.000195524   -0.204987 0.000631225
1.25935e-05   -0.204998 1.91534e-05 0.000195638   -0.204987 0.000631205
1.25935e-05   -0.204998 1.91534e-05 0.000195688   -0.204987 0.000631218
1.25935e-05   -0.204998 1.91534e-05 0.000195718   -0.204987 0.000631239
1.25935e-05   -0.204998 1.91534e-05 0.000195775   -0.204987 0.000631262
1.25935e-05   -0.204998 1.91534e-05 0.000195772   -0.204987 0.000631311
1.25935e-05   -0.204998 1.91534e-05 0.000195822   -0.204987 0.000631419
1.25935e-05   -0.204998 1.91534e-05 0.000195815   -0.204987 0.000631493
1.25935e-05   -0.204998 1.91534e-05 0.000195827   -0.204987 0.000631569
1.25935e-05   -0.204998 1.91534e-05 0.000195799   -0.204987 0.000631662
1.25935e-05   -0.204998 1.91534e-05 0.000195748   -0.204987 0.000631869
1.25935e-05   -0.204998 1.91534e-05 0.000195716   -0.204987 0.000631982
1.25935e-05   -0.204998 1.91534e-05 0.000195683   -0.204987 0.000632101
1.25935e-05   -0.204998 1.91534e-05   0.0001956   -0.204987 0.000632237
1.25935e-05   -0.204998 1.91534e-05 0.000195489   -0.204987  0.00063251
1.25935e-05   -0.204998 1.91534e-05 0.000195422   -0.204987 0.000632655
1.25935e-05   -0.204998 1.91534e-05 0.000195335   -0.204987 0.000632809
1.25935e-05   -0.204998 1.91534e-05 0.000195247   -0.204987 0.000632962
1.25935e-05   -0.204998 1.91534e-05 0.000195029   -0.204987 0.000633296
1.25935e-05   -0.204998 1.91534e-05 0.000194948   -0.204987 0.000633456
1.25935e-05   -0.204998 1.91534e-05 0.000194828   -0.204987  0.00063363
1.25935e-05   -0.204998 1.91534e-05 0.000194707   -0.204987 0.000633805
1.25935e-05   -0.204998 1.91534e-05 0.000194419   -0.204986 0.000633851
1.25935e-05   -0.204998 1.91534e-05 0.000194319   -0.204987 0.000634341
1.25935e-05   -0.204998 1.91534e-05 0.000194167   -0.204986 0.000634529
1.25935e-05   -0.204998 1.91534e-05 0.000194033   -0.204986 0.000634708
1.25935e-05   -0.204998 1.91534e-05 0.000193899   -0.204986 0.000634883
1.25935e-05   -0.204998 1.91534e-05 0.000193765   -0.204986 0.000635061
1.25935e-05   -0.204998 1.91534e-05 0.000193447   -0.204986 0.000635435
1.25935e-05   -0.204998 1.91534e-05 0.000193283   -0.204986 0.000635617
1.25935e-05   -0.204998 1.91534e-05 0.000193119   -0.204986 0.000635801
1.25935e-05   -0.204998 1.91534e-05 0.000192974   -0.204986 0.000635975
1.25935e-05   -0.204998 1.91534e-05 0.000192819   -0.204986 0.000636152
1.25935e-05   -0.204998 1.91534e-05 0.000192472   -0.204986 0.000636521
1.25935e-05   -0.204998 1.91534e-05 0.000192337   -0.204986 0.000636693
1.25935e-05   -0.204998 1.91534e-05 0.000192144   -0.204986 0.000636879
1.25935e-05   -0.204998 1.91534e-05  0.00019198   -0.204986 0.000637053
1.25935e-05   -0.204998 1.91534e-05 0.000191645   -0.204986 0.000637112
1.25935e-05   -0.204998 1.91534e-05  0.00019151   -0.204986 0.000637582
1.25935e-05   -0.204998 1.91534e-05 0.000191319   -0.204986 0.000637771
1.25935e-05   -0.204998 1.91534e-05 0.000191157   -0.204986 0.000637949
1.25935e-05   -0.204998 1.91534e-05 0.000191015   -0.204986 0.000638119
1.25935e-05   -0.204998 1.91534e-05 0.000190844   -0.204986   0.0006383
1.25935e-05   -0.204998 1.91534e-05 0.000190683   -0.204986 0.000638485
1.25935e-05   -0.204998 1.91534e-05 0.000190514   -0.204986 0.000638671
1.25935e-05   -0.204998 1.91534e-05 0.000190374   -0.204986 0.000638849
1.25935e-05   -0.204998 1.91534e-05 0.000190195   -0.204986 0.000639038
1.25935e-05   -0.204998 1.91534e-05 0.000190047   -0.204986  0.00063921
1.25935e-05   -0.204998 1.91534e-05  0.00018992   -0.204986 0.000639367
1.25935e-05   -0.204998 1.91534e-05 0.000189765   -0.204986  0.00063952
1.25935e-05   -0.204998 1.91534e-05 0.000189659   -0.204986 0.000639648
1.25935e-05   -0.204998 1.91534e-05 0.000189525   -0.204986 0.000639778
1.25935e-05   -0.204998 1.91534e-05 0.000189412   -0.204986 0.000639892
1.25935e-05   -0.204998 1.91534e-05  0.00018932   -0.204986 0.000639989
1.25935e-05   -0.204998 1.91534e-05 0.000189229   -0.204986 0.000640083
1.25935e-05   -0.204998 1.91534e-05 0.000189129   -0.204986  0.00064017
1.25935e-05   -0.204998 1.91534e-05  0.00018905   -0.204986 0.000640248
1.25935e-05   -0.204998 1.91534e-05 0.000188992   -0.204986 0.000640312
1.25935e-05   -0.204998 1.91534e-05 0.000188954   -0.204986  0.00064037
1.25935e-05   -0.204998 1.91534e-05 0.000188869   -0.204986 0.000640438
1.25935e-05   -0.204998 1.91534e-05 0.000188853   -0.204986 0.000640478
1.25935e-05   -0.204998 1.91534e-05 0.00018881  -0.204986 0.00064053
1.25935e-05   -0.204998 1.91534e-05 0.000188757   -0.204986 0.000640578
1.25935e-05   -0.204998 1.91534e-05 0.000188754   -0.204986 0.000640609
1.25935e-05   -0.204998 1.91534e-05 0.000188743   -0.204986 0.000640645
1.25935e-05   -0.204998 1.91534e-05 0.000188723   -0.204986 0.000640681
1.25935e-05   -0.204998 1.91534e-05 0.000188724   -0.204986  0.00064071
1.25935e-05   -0.204998 1.91534e-05 0.000188735   -0.204986 0.000640739
1.25935e-05   -0.204998 1.91534e-05 0.000188748   -0.204986 0.000640769
1.25935e-05   -0.204998 1.91534e-05 0.000188771   -0.204986 0.000640794
1.25935e-05   -0.204998 1.91534e-05 0.000188814   -0.204986 0.000640813
1.25935e-05   -0.204998 1.91534e-05 0.00018882  -0.204986 0.00064085
1.25935e-05   -0.204998 1.91534e-05 0.000188875   -0.204986 0.000640869
1.25935e-05   -0.204998 1.91534e-05 0.000188902   -0.204986 0.000640899
1.25935e-05   -0.204998 1.91534e-05 0.000188979   -0.204986 0.000640918
1.25935e-05   -0.204998 1.91534e-05 0.000189037   -0.204986 0.000640943
1.25935e-05   -0.204998 1.91534e-05 0.000189086   -0.204986 0.000640973
1.25935e-05   -0.204998 1.91534e-05 0.000189175   -0.204986 0.000640992
1.25935e-05   -0.204998 1.91534e-05 0.000189225   -0.204986 0.000641026
1.25935e-05   -0.204998 1.91534e-05 0.000189315   -0.204986 0.000641051
1.25935e-05   -0.204998 1.91534e-05 0.000189387   -0.204986 0.000641083
1.25935e-05   -0.204998 1.91534e-05 0.000189478   -0.204986 0.000641108
1.25935e-05   -0.204998 1.91534e-05 0.000189571   -0.204986 0.000641139
1.25935e-05   -0.204998 1.91534e-05 0.000189673   -0.204986 0.000641163
1.25935e-05   -0.204998 1.91534e-05 0.000189767   -0.204986 0.000641195
1.25935e-05   -0.204998 1.91534e-05 0.000189891   -0.204986 0.000641221
1.25935e-05   -0.204998 1.91534e-05 0.000189985   -0.204986 0.000641255
1.25935e-05   -0.204998 1.91534e-05  0.00019011   -0.204986 0.000641281
1.25935e-05   -0.204998 1.91534e-05 0.000190225   -0.204985 0.000641311
1.25935e-05   -0.204998 1.91534e-05 0.000190341   -0.204985 0.000641341
1.25935e-05   -0.204998 1.91534e-05 0.000190467   -0.204985 0.000641373
1.25935e-05   -0.204998 1.91534e-05 0.000190584   -0.204985 0.000641406
1.25935e-05   -0.204998 1.91534e-05 0.000190721   -0.204985 0.000641435
1.25935e-05   -0.204998 1.91534e-05 0.000190867   -0.204985 0.000641459
1.25935e-05   -0.204998 1.91534e-05 0.000190976   -0.204985 0.000641498
1.25935e-05   -0.204998 1.91534e-05 0.000191133   -0.204985 0.000641519
1.25935e-05   -0.204998 1.91534e-05 0.000191271   -0.204985 0.000641549
1.25935e-05   -0.204998 1.91534e-05   0.0001914   -0.204985 0.000641582
1.25935e-05   -0.204998 1.91534e-05 0.000191549   -0.204985 0.000641604
1.25935e-05   -0.204998 1.91534e-05 0.000191707   -0.204985 0.000641628
1.25935e-05   -0.204998 1.91534e-05 0.000191847   -0.204985 0.000641656
1.25935e-05   -0.204998 1.91534e-05 0.000191997   -0.204985 0.000641679
1.25935e-05   -0.204998 1.91534e-05 0.000192146   -0.204985 0.000641704
1.25935e-05   -0.204998 1.91534e-05 0.000192316   -0.204985 0.000641719
1.25935e-05   -0.204998 1.91534e-05 0.000192456   -0.204985 0.000641745
1.25935e-05   -0.204998 1.91534e-05 0.000192617   -0.204985 0.000641761
1.25935e-05   -0.204998 1.91534e-05 0.000192777   -0.204985 0.000641778
1.25935e-05   -0.204998 1.91534e-05 0.000192918   -0.204985 0.000641801
1.25935e-05   -0.204998 1.91534e-05 0.000193078   -0.204985 0.000641812
1.25935e-05   -0.204998 1.91534e-05 0.000193249   -0.204985  0.00064182
1.25935e-05   -0.204998 1.91534e-05 0.000193401   -0.204985 0.000641838
1.25935e-05   -0.204998 1.91534e-05 0.000193562   -0.204985 0.000641847
1.25935e-05   -0.204998 1.91534e-05 0.000193733   -0.204984 0.000641852
1.25935e-05   -0.204998 1.91534e-05 0.000193904   -0.204984 0.000641855
1.25935e-05   -0.204998 1.91534e-05 0.000194056   -0.204984 0.000641862
1.25935e-05   -0.204998 1.91534e-05 0.000194217   -0.204984 0.000641865
1.25935e-05   -0.204998 1.91534e-05 0.000194379   -0.204984 0.000641866
1.25935e-05   -0.204998 1.91534e-05 0.000194541   -0.204984 0.000641865
1.25935e-05   -0.204998 1.91534e-05 0.000194722   -0.204984  0.00064186
1.25935e-05   -0.204998 1.91534e-05 0.000194884   -0.204984 0.000641853
1.25935e-05   -0.204998 1.91534e-05 0.000195056   -0.204984 0.000641843
1.25935e-05   -0.204998 1.91534e-05 0.000195208   -0.204984 0.000641839
1.25935e-05   -0.204998 1.91534e-05  0.00019538   -0.204984 0.000641824
1.25935e-05   -0.204998 1.91534e-05 0.000195532   -0.204984 0.000641815
1.25935e-05   -0.204998 1.91534e-05 0.000195713   -0.204984 0.000641796
1.25935e-05   -0.204998 1.91534e-05 0.000195885   -0.204984 0.000641775
1.25935e-05   -0.204998 1.91534e-05 0.000196037   -0.204984 0.000641759
1.25935e-05   -0.204998 1.91534e-05  0.00019619   -0.204984 0.000641741
1.25935e-05   -0.204998 1.91534e-05 0.000196391   -0.204984 0.000641707
1.25935e-05   -0.204998 1.91534e-05 0.000196533   -0.204984 0.000641686
1.25935e-05   -0.204998 1.91534e-05 0.000196714   -0.204984 0.000641655
1.25935e-05   -0.204998 1.91534e-05 0.000196866   -0.204984  0.00064163
1.25935e-05   -0.204998 1.91534e-05 0.000197028   -0.204984 0.000641596
1.25935e-05   -0.204998 1.91534e-05 0.000197199   -0.204984  0.00064156
1.25935e-05   -0.204998 1.91534e-05 0.000197341   -0.204983  0.00064153
1.25935e-05   -0.204998 1.91534e-05 0.000197532   -0.204983 0.000641485
1.25935e-05   -0.204998 1.91534e-05 0.000197693   -0.204983 0.000641445
1.25935e-05   -0.204998 1.91534e-05 0.000197845   -0.204983 0.000641405
1.25935e-05   -0.204998 1.91534e-05 0.000198006   -0.204983 0.000641362
1.25935e-05   -0.204998 1.91534e-05 0.000198157   -0.204983  0.00064132
1.25935e-05   -0.204998 1.91534e-05 0.000198318   -0.204983 0.000641275
1.25935e-05   -0.204998 1.91534e-05 0.000198571   -0.204984 0.000640984
1.25935e-05   -0.204998 1.91534e-05 0.000198834   -0.204984 0.000640698
1.25935e-05   -0.204998 1.91534e-05 0.000199078   -0.204985 0.000640425
1.25935e-05   -0.204998 1.91534e-05 0.000199343   -0.204985 0.000640165
1.25935e-05   -0.204998 1.91534e-05  0.00019958   -0.204985 0.000639931
1.25935e-05   -0.204998 1.91534e-05 0.000199808   -0.204986 0.000639719
1.25935e-05   -0.204998 1.91534e-05 0.000200066   -0.204986 0.000639511
1.25935e-05   -0.204998 1.91534e-05 0.000200296   -0.204986  0.00063933
1.25935e-05   -0.204998 1.91534e-05 0.000200527   -0.204986 0.000639159
1.25935e-05   -0.204998 1.91534e-05 0.000200758   -0.204986 0.000639006
1.25935e-05   -0.204998 1.91534e-05  0.00020101   -0.204986 0.000638854
1.25935e-05   -0.204998 1.91534e-05 0.000201233   -0.204986 0.000638725
1.25935e-05   -0.204998 1.91534e-05 0.000201477   -0.204986 0.000638598
1.25935e-05   -0.204998 1.91534e-05 0.000201691   -0.204986 0.000638492
1.25935e-05   -0.204998 1.91534e-05 0.000201926   -0.204986 0.000638385
1.25935e-05   -0.204998 1.91534e-05 0.000202161   -0.204986 0.000638286
1.25935e-05   -0.204998 1.91534e-05 0.000202387   -0.204986 0.000638194
1.25935e-05   -0.204998 1.91534e-05 0.000202613   -0.204986 0.000638107
1.25935e-05   -0.204998 1.91534e-05  0.00020283   -0.204986 0.000638034
1.25935e-05   -0.204998 1.91534e-05 0.000203047   -0.204986 0.000637961
1.25935e-05   -0.204998 1.91534e-05 0.000203273   -0.204986 0.000637892
1.25935e-05   -0.204998 1.91534e-05   0.0002035   -0.204986 0.000637823
1.25935e-05   -0.204998 1.91534e-05 0.000203707   -0.204986 0.000637767
1.25935e-05   -0.204998 1.91534e-05 0.000203934   -0.204986 0.000637702
1.25935e-05   -0.204998 1.91534e-05 0.000204151   -0.204986 0.000637644
1.25935e-05   -0.204998 1.91534e-05 0.000204377   -0.204985 0.000637585
1.25935e-05   -0.204998 1.91534e-05 0.000204565   -0.204985  0.00063754
1.25935e-05   -0.204998 1.91534e-05 0.000204772   -0.204985 0.000637486
1.25935e-05   -0.204998 1.91534e-05 0.000204968   -0.204985 0.000637439
1.25935e-05   -0.204998 1.91534e-05 0.000205184   -0.204985 0.000637385
1.25935e-05   -0.204998 1.91534e-05 0.00020539  -0.204985 0.00063733
1.25935e-05   -0.204998 1.91534e-05 0.000205576   -0.204985 0.000637282
1.25935e-05   -0.204998 1.91534e-05 0.000205761   -0.204985 0.000637234
1.25935e-05   -0.204998 1.91534e-05 0.000205966   -0.204985 0.000637178
1.25935e-05   -0.204998 1.91534e-05 0.000206141   -0.204984 0.000637131
1.25935e-05   -0.204998 1.91534e-05 0.000206325   -0.204984 0.000637076
1.25935e-05   -0.204998 1.91534e-05 0.000206498   -0.204984 0.000637023
1.25935e-05   -0.204998 1.91534e-05 0.000206672   -0.204984 0.000636969
1.25935e-05   -0.204998 1.91534e-05 0.000206854   -0.204984 0.000636908
1.25935e-05   -0.204998 1.91534e-05 0.000207036   -0.204984 0.000636842
1.25935e-05   -0.204998 1.91534e-05 0.000207197   -0.204984 0.000636783
1.25935e-05   -0.204998 1.91534e-05 0.000207339   -0.204984 0.000636726
1.25935e-05   -0.204998 1.91534e-05 0.000207509   -0.204984 0.000636656
1.25935e-05   -0.204998 1.91534e-05 0.000207669   -0.204984 0.000636586
1.25935e-05   -0.204998 1.91534e-05 0.000207808   -0.204984 0.000636518
1.25935e-05   -0.204998 1.91534e-05 0.000207966   -0.204984 0.000636444
1.25935e-05   -0.204998 1.91534e-05 0.000208095   -0.204984 0.000636372
1.25935e-05   -0.204998 1.91534e-05 0.000208232   -0.204984 0.000636295
1.25935e-05   -0.204998 1.91534e-05 0.000208359   -0.204984 0.000636219
1.25935e-05   -0.204998 1.91534e-05 0.000208495   -0.204984 0.000636136
1.25935e-05   -0.204998 1.91534e-05 0.000208601   -0.204984 0.000636055
1.25935e-05   -0.204998 1.91534e-05 0.000208745   -0.204984 0.000635963
1.25935e-05   -0.204998 1.91534e-05  0.00020885   -0.204984 0.000635879
1.25935e-05   -0.204998 1.91534e-05 0.000208973   -0.204984 0.000635783
1.25935e-05   -0.204998 1.91534e-05 0.000209066   -0.204983 0.000635695
1.25935e-05   -0.204998 1.91534e-05 0.000209188   -0.204983 0.000635595
1.25935e-05   -0.204998 1.91534e-05  0.00020928   -0.204983 0.000635498
1.25935e-05   -0.204998 1.91534e-05  0.00020939   -0.204983 0.000635395
1.25935e-05   -0.204998 1.91534e-05  0.00020947   -0.204983 0.000635295
1.25935e-05   -0.204998 1.91534e-05  0.00020957   -0.204983 0.000635188
1.25935e-05   -0.204998 1.91534e-05 0.000209649   -0.204983 0.000635085
1.25935e-05   -0.204998 1.91534e-05 0.000209737   -0.204983 0.000634975
1.25935e-05   -0.204998 1.91534e-05 0.000209814   -0.204983 0.000634862
1.25935e-05   -0.204998 1.91534e-05 0.000209891   -0.204983  0.00063475
1.25935e-05   -0.204998 1.91534e-05 0.000209978   -0.204983 0.000634633
1.25935e-05   -0.204998 1.91534e-05 0.000210034   -0.204983 0.000634524
1.25935e-05   -0.204998 1.91534e-05 0.000210109   -0.204983 0.000634404
1.25935e-05   -0.204998 1.91534e-05 0.000210163   -0.204983 0.000634286
1.25935e-05   -0.204998 1.91534e-05 0.000210228   -0.204983 0.000634169
1.25935e-05   -0.204998 1.91534e-05 0.000210281   -0.204983 0.000634048
1.25935e-05   -0.204998 1.91534e-05 0.000210324   -0.204983  0.00063393
1.25935e-05   -0.204998 1.91534e-05 0.000210386   -0.204984 0.000633805
1.25935e-05   -0.204998 1.91534e-05 0.000210447   -0.204984 0.000633675
1.25935e-05   -0.204998 1.91534e-05 0.000210489   -0.204984 0.000633555
1.25935e-05   -0.204998 1.91534e-05  0.00021053   -0.204984 0.000633429
1.25935e-05   -0.204998 1.91534e-05  0.00021057   -0.204984 0.000633305
1.25935e-05   -0.204998 1.91534e-05 0.000210609   -0.204984 0.000633176
1.25935e-05   -0.204998 1.91534e-05 0.000210629   -0.204984 0.000633056
1.25935e-05   -0.204998 1.91534e-05 0.000210677   -0.204984 0.000632924
1.25935e-05   -0.204998 1.91534e-05 0.000210696   -0.204984 0.000632802
1.25935e-05   -0.204998 1.91534e-05 0.000210743   -0.204984 0.000632672
1.25935e-05   -0.204998 1.91534e-05 0.000210761   -0.204984 0.000632546
1.25935e-05   -0.204998 1.91534e-05 0.000210798   -0.204984 0.000632414
1.25935e-05   -0.204998 1.91534e-05 0.000210843   -0.204984 0.000632284
1.25935e-05   -0.204998 1.91534e-05 0.000210859   -0.204984 0.000632156
1.25935e-05   -0.204998 1.91534e-05 0.000210885   -0.204984 0.000632029
1.25935e-05   -0.204998 1.91534e-05   0.0002109   -0.204984 0.000631904
1.25935e-05   -0.204998 1.91534e-05 0.000210924   -0.204984 0.000631774
1.25935e-05   -0.204998 1.91534e-05 0.000210929   -0.204984 0.000631653
1.25935e-05   -0.204998 1.91534e-05 0.000210954   -0.204984 0.000631525
1.25935e-05   -0.204998 1.91534e-05 0.000210967   -0.204984   0.0006314
1.25935e-05   -0.204998 1.91534e-05  0.00021097   -0.204984 0.000631277
1.25935e-05   -0.204998 1.91534e-05 0.000211003   -0.204984 0.000631147
1.25935e-05   -0.204998 1.91534e-05 0.000211006   -0.204984 0.000631027
1.25935e-05   -0.204998 1.91534e-05 0.000210998   -0.204984 0.000630909
1.25935e-05   -0.204998 1.91534e-05  0.00021102   -0.204984 0.000630784
1.25935e-05   -0.204998 1.91534e-05 0.000211032   -0.204984 0.000630661
1.25935e-05   -0.204998 1.91534e-05 0.000211043   -0.204984  0.00063054
1.25935e-05   -0.204998 1.91534e-05 0.000211025   -0.204984 0.000630427
1.25935e-05   -0.204998 1.91534e-05 0.000211055   -0.204984 0.000630301
1.25935e-05   -0.204998 1.91534e-05 0.000211056   -0.204984 0.000630185
1.25935e-05   -0.204998 1.91534e-05 0.000211056   -0.204984 0.000630069
1.25935e-05   -0.204998 1.91534e-05 0.000211046   -0.204984 0.000629956
1.25935e-05   -0.204998 1.91534e-05 0.000211055   -0.204984 0.000629837
1.25935e-05   -0.204998 1.91534e-05 0.000211055   -0.204984 0.000629726
1.25935e-05   -0.204998 1.91534e-05 0.000211043   -0.204984 0.000629616
1.25935e-05   -0.204998 1.91534e-05  0.00021105   -0.204984 0.000629501
1.25935e-05   -0.204998 1.91534e-05 0.000211047   -0.204984 0.000629388
1.25935e-05   -0.204998 1.91534e-05 0.000211043   -0.204984 0.000629276
1.25935e-05   -0.204998 1.91534e-05 0.000211039   -0.204984 0.000629165
1.25935e-05   -0.204998 1.91534e-05 0.000211033   -0.204984 0.000629055
1.25935e-05   -0.204998 1.91534e-05 0.000211017   -0.204984 0.000628948
1.25935e-05   -0.204998 1.91534e-05 0.000210991   -0.204984 0.000628848
1.25935e-05   -0.204998 1.91534e-05 0.000210963   -0.204984 0.000628744
1.25935e-05   -0.204998 1.91534e-05 0.000210964   -0.204984 0.000628633
1.25935e-05   -0.204998 1.91534e-05 0.000210925   -0.204984 0.000628538
1.25935e-05   -0.204998 1.91534e-05 0.000210914   -0.204984  0.00062843
1.25935e-05   -0.204998 1.91534e-05 0.000210912   -0.204984 0.000628323
1.25935e-05   -0.204998 1.91534e-05  0.00021087   -0.204984 0.000628225
1.25935e-05   -0.204998 1.91534e-05 0.000210846   -0.204984  0.00062812
1.25935e-05   -0.204998 1.91534e-05 0.000210811   -0.204984 0.000628025
1.25935e-05   -0.204998 1.91534e-05 0.000210766   -0.204984 0.000627931
1.25935e-05   -0.204998 1.91534e-05 0.000210729   -0.204984 0.000627832
1.25935e-05   -0.204998 1.91534e-05 0.000210701   -0.204984 0.000627733
1.25935e-05   -0.204998 1.91534e-05 0.000210797   -0.204985 0.000627394
1.25935e-05   -0.204998 1.91534e-05 0.000210863   -0.204985 0.000627071
1.25935e-05   -0.204998 1.91534e-05 0.000210948   -0.204986 0.000626756
1.25935e-05   -0.204998 1.91534e-05 0.000211003   -0.204986 0.000626463
1.25935e-05   -0.204998 1.91534e-05 0.000211059   -0.204986 0.000626197
1.25935e-05   -0.204998 1.91534e-05 0.000211125   -0.204987 0.000625944
1.25935e-05   -0.204998 1.91534e-05 0.000211171   -0.204987 0.000625713
1.25935e-05   -0.204998 1.91534e-05 0.000211236   -0.204987 0.000625493
1.25935e-05   -0.204998 1.91534e-05 0.000211273   -0.204987 0.000625301
1.25935e-05   -0.204998 1.91534e-05 0.000211319   -0.204988 0.000625119
1.25935e-05   -0.204998 1.91534e-05 0.000211354   -0.204988 0.000624955
1.25935e-05   -0.204998 1.91534e-05  0.00021139   -0.204988 0.000624805
1.25935e-05   -0.204998 1.91534e-05 0.000211435   -0.204988 0.000624659
1.25935e-05   -0.204998 1.91534e-05 0.000211451   -0.204988 0.000624534
1.25935e-05   -0.204998 1.91534e-05 0.000211456   -0.204988 0.000624425
1.25935e-05   -0.204998 1.91534e-05   0.0002115   -0.204988 0.000624309
1.25935e-05   -0.204998 1.91534e-05 0.000211504   -0.204988 0.000624214
1.25935e-05   -0.204998 1.91534e-05 0.000211527   -0.204988  0.00062412
1.25935e-05   -0.204998 1.91534e-05 0.000211541   -0.204988 0.000624038
1.25935e-05   -0.204998 1.91534e-05 0.000211544   -0.204988 0.000623964
1.25935e-05   -0.204998 1.91534e-05 0.000211576   -0.204987 0.000623889
1.25935e-05   -0.204998 1.91534e-05 0.000211589   -0.204987  0.00062382
1.25935e-05   -0.204998 1.91534e-05 0.000211591   -0.204987 0.000623765
1.25935e-05   -0.204998 1.91534e-05 0.000211594   -0.204987  0.00062371
1.25935e-05   -0.204998 1.91534e-05 0.000211586   -0.204987 0.000623662
1.25935e-05   -0.204998 1.91534e-05 0.000211597   -0.204987 0.000623612
1.25935e-05   -0.204998 1.91534e-05 0.000211598   -0.204987 0.000623569
1.25935e-05   -0.204998 1.91534e-05 0.000211598   -0.204987 0.000623526
1.25935e-05   -0.204998 1.91534e-05 0.000211598   -0.204987 0.000623484
1.25935e-05   -0.204998 1.91534e-05 0.000211587   -0.204987 0.000623447
1.25935e-05   -0.204998 1.91534e-05 0.000211557   -0.204986 0.000623419
1.25935e-05   -0.204998 1.91534e-05 0.000211555   -0.204986 0.000623383
1.25935e-05   -0.204998 1.91534e-05 0.000211542   -0.204986 0.000623347
1.25935e-05   -0.204998 1.91534e-05  0.00021151   -0.204986 0.000623326
1.25935e-05   -0.204998 1.91534e-05 0.000211477   -0.204986 0.000623299
1.25935e-05   -0.204998 1.91534e-05 0.000211463   -0.204986 0.000623264
1.25935e-05   -0.204998 1.91534e-05 0.000211428   -0.204986 0.000623237
1.25935e-05   -0.204998 1.91534e-05 0.000211402   -0.204986 0.000623204
1.25935e-05   -0.204998 1.91534e-05 0.000211367   -0.204986 0.000623179
1.25935e-05   -0.204998 1.91534e-05  0.00021133   -0.204986 0.000623147
1.25935e-05   -0.204998 1.91534e-05 0.000211283   -0.204986 0.000623123
1.25935e-05   -0.204998 1.91534e-05 0.000211235   -0.204986 0.000623093
1.25935e-05   -0.204998 1.91534e-05 0.000211187   -0.204985 0.000623064
1.25935e-05   -0.204998 1.91534e-05 0.000211138   -0.204985  0.00062303
1.25935e-05   -0.204998 1.91534e-05 0.000211068   -0.204985 0.000623004
1.25935e-05   -0.204998 1.91534e-05 0.000211018   -0.204985 0.000622971
1.25935e-05   -0.204998 1.91534e-05 0.000210956   -0.204985 0.000622933
1.25935e-05   -0.204998 1.91534e-05 0.000210885   -0.204985 0.000622903
1.25935e-05   -0.204998 1.91534e-05 0.000210823   -0.204985 0.000622867
1.25935e-05   -0.204998 1.91534e-05  0.00021074   -0.204985 0.000622833
1.25935e-05   -0.204998 1.91534e-05 0.000210647   -0.204985   0.0006228
1.25935e-05   -0.204998 1.91534e-05 0.000210592   -0.204985 0.000622753
1.25935e-05   -0.204998 1.91534e-05 0.000210498   -0.204985 0.000622717
1.25935e-05   -0.204998 1.91534e-05 0.000210403   -0.204985 0.000622679
1.25935e-05   -0.204998 1.91534e-05 0.000210317   -0.204985 0.000622637
1.25935e-05   -0.204998 1.91534e-05 0.000210231   -0.204985  0.00062259
1.25935e-05   -0.204998 1.91534e-05 0.000210134   -0.204985 0.000622544
1.25935e-05   -0.204998 1.91534e-05 0.000210047   -0.204985 0.000622499
1.25935e-05   -0.204998 1.91534e-05  0.00020994   -0.204985 0.000622456
1.25935e-05   -0.204998 1.91534e-05 0.000209841   -0.204985 0.000622406
1.25935e-05   -0.204998 1.91534e-05 0.000209869   -0.204985 0.000622116
1.25935e-05   -0.204998 1.91534e-05 0.000209896   -0.204986 0.000621833
1.25935e-05   -0.204998 1.91534e-05 0.000209924   -0.204986 0.000621559
1.25935e-05   -0.204998 1.91534e-05 0.000209942   -0.204987 0.000621304
1.25935e-05   -0.204998 1.91534e-05 0.000209932   -0.204987 0.000621078
1.25935e-05   -0.204998 1.91534e-05 0.000209962   -0.204987 0.000620856
1.25935e-05   -0.204998 1.91534e-05 0.000209944   -0.204988 0.000620662
1.25935e-05   -0.204998 1.91534e-05 0.000209956   -0.204988  0.00062048
1.25935e-05   -0.204998 1.91534e-05 0.000209948   -0.204988 0.000620316
1.25935e-05   -0.204998 1.91534e-05 0.000209922   -0.204988 0.000620168
1.25935e-05   -0.204998 1.91534e-05 0.000209927   -0.204988  0.00062003
1.25935e-05   -0.204998 1.91534e-05 0.000209902   -0.204988 0.000619908
1.25935e-05   -0.204998 1.91534e-05 0.000209888   -0.204988 0.000619795
1.25935e-05   -0.204998 1.91534e-05 0.000209865   -0.204988 0.000619696
1.25935e-05   -0.204998 1.91534e-05 0.000209832   -0.204988 0.000619606
1.25935e-05   -0.204998 1.91534e-05 0.000209839   -0.204988 0.000619514
1.25935e-05   -0.204998 1.91534e-05 0.000209807   -0.204988 0.000619443
1.25935e-05   -0.204998 1.91534e-05 0.000209796   -0.204988 0.000619373
1.25935e-05   -0.204998 1.91534e-05 0.000209755   -0.204988 0.000619317
1.25935e-05   -0.204998 1.91534e-05 0.000209725   -0.204988 0.000619266
1.25935e-05   -0.204998 1.91534e-05 0.000209705   -0.204988 0.000619215
1.25935e-05   -0.204998 1.91534e-05 0.000209665   -0.204988 0.000619179
1.25935e-05   -0.204998 1.91534e-05 0.000209635   -0.204988 0.000619141
1.25935e-05   -0.204998 1.91534e-05 0.000209606   -0.204987 0.000619109
1.25935e-05   -0.204998 1.91534e-05 0.000209567   -0.204987 0.000619084
1.25935e-05   -0.204998 1.91534e-05 0.000209539   -0.204987 0.000619058
1.25935e-05   -0.204998 1.91534e-05   0.0002095   -0.204987 0.000619039
1.25935e-05   -0.204998 1.91534e-05 0.000209443   -0.204987 0.000619027
1.25935e-05   -0.204998 1.91534e-05 0.000209405   -0.204987 0.000619015
1.25935e-05   -0.204998 1.91534e-05 0.000209386   -0.204987 0.000618995
1.25935e-05   -0.204998 1.91534e-05 0.000209339   -0.204987 0.000618989
1.25935e-05   -0.204998 1.91534e-05 0.000209281   -0.204987 0.000618983
1.25935e-05   -0.204998 1.91534e-05 0.000209224   -0.204986 0.000618984
1.25935e-05   -0.204998 1.91534e-05 0.000209187   -0.204986 0.000618978
1.25935e-05   -0.204998 1.91534e-05 0.00020912  -0.204986 0.00061898
1.25935e-05   -0.204998 1.91534e-05 0.000209073   -0.204986 0.000618976
1.25935e-05   -0.204998 1.91534e-05 0.000209026   -0.204986 0.000618971
1.25935e-05   -0.204998 1.91534e-05 0.000208959   -0.204986 0.000618974
1.25935e-05   -0.204998 1.91534e-05 0.000208903   -0.204986 0.000618977
1.25935e-05   -0.204998 1.91534e-05 0.000208846   -0.204986 0.000618974
1.25935e-05   -0.204998 1.91534e-05 0.00020877  -0.204986 0.00061898
1.25935e-05   -0.204998 1.91534e-05 0.000208703   -0.204986 0.000618979
1.25935e-05   -0.204998 1.91534e-05 0.000208647   -0.204986 0.000618978
1.25935e-05   -0.204998 1.91534e-05 0.000208599   -0.204985 0.000618971
1.25935e-05   -0.204998 1.91534e-05 0.000208658   -0.204986 0.000618729
1.25935e-05   -0.204998 1.91534e-05 0.000208718   -0.204986 0.000618493
1.25935e-05   -0.204998 1.91534e-05 0.000208797   -0.204987 0.000618259
1.25935e-05   -0.204998 1.91534e-05 0.000208839   -0.204987 0.000618058
1.25935e-05   -0.204998 1.91534e-05 0.000208882   -0.204987 0.000617869
1.25935e-05   -0.204998 1.91534e-05 0.000208907   -0.204988 0.000617708
1.25935e-05   -0.204998 1.91534e-05 0.000208962   -0.204988 0.000617551
1.25935e-05   -0.204998 1.91534e-05 0.000208989   -0.204988 0.000617419
1.25935e-05   -0.204998 1.91534e-05 0.000209027   -0.204988 0.000617298
1.25935e-05   -0.204998 1.91534e-05 0.000209057   -0.204988 0.000617194
1.25935e-05   -0.204998 1.91534e-05 0.000209087   -0.204988   0.0006171
1.25935e-05   -0.204998 1.91534e-05 0.000209129   -0.204988 0.000617014
1.25935e-05   -0.204998 1.91534e-05 0.000209152   -0.204988 0.000616943
1.25935e-05   -0.204998 1.91534e-05 0.000209156   -0.204988 0.000616888
1.25935e-05   -0.204998 1.91534e-05  0.00020919   -0.204988 0.000616832
1.25935e-05   -0.204998 1.91534e-05 0.000209176   -0.204988 0.000616799
1.25935e-05   -0.204998 1.91534e-05   0.0002092   -0.204988 0.000616758
1.25935e-05   -0.204998 1.91534e-05 0.000209206   -0.204988 0.000616733
1.25935e-05   -0.204998 1.91534e-05 0.000209221   -0.204988 0.000616707
1.25935e-05   -0.204998 1.91534e-05 0.000209217   -0.204988 0.000616694
1.25935e-05   -0.204998 1.91534e-05 0.000209224   -0.204988 0.000616682
1.25935e-05   -0.204998 1.91534e-05  0.00020921   -0.204988 0.000616678
1.25935e-05   -0.204998 1.91534e-05 0.000209197   -0.204988  0.00061668
1.25935e-05   -0.204998 1.91534e-05 0.000209194   -0.204988 0.000616682
1.25935e-05   -0.204998 1.91534e-05 0.000209172   -0.204987 0.000616692
1.25935e-05   -0.204998 1.91534e-05  0.00020914   -0.204987 0.000616708
1.25935e-05   -0.204998 1.91534e-05 0.000209137   -0.204987 0.000616717
1.25935e-05   -0.204998 1.91534e-05 0.000209125   -0.204987 0.000616728
1.25935e-05   -0.204998 1.91534e-05 0.000209103   -0.204987 0.000616745
1.25935e-05   -0.204998 1.91534e-05 0.000209081   -0.204987 0.000616764
1.25935e-05   -0.204998 1.91534e-05 0.000209041   -0.204987  0.00061679
1.25935e-05   -0.204998 1.91534e-05 0.000209009   -0.204987 0.000616809
1.25935e-05   -0.204998 1.91534e-05 0.000208988   -0.204986 0.000616829
1.25935e-05   -0.204998 1.91534e-05 0.000208938   -0.204986 0.000616859
1.25935e-05   -0.204998 1.91534e-05 0.000208907   -0.204986  0.00061688
1.25935e-05   -0.204998 1.91534e-05 0.000209021   -0.204987 0.000616657
1.25935e-05   -0.204998 1.91534e-05 0.000209096   -0.204987 0.000616455
1.25935e-05   -0.204998 1.91534e-05 0.000209172   -0.204987 0.000616255
1.25935e-05   -0.204998 1.91534e-05 0.000209288   -0.204988 0.000616064
1.25935e-05   -0.204998 1.91534e-05 0.000209358   -0.204988 0.000615909
1.25935e-05   -0.204998 1.91534e-05 0.000209418   -0.204988 0.000615773
1.25935e-05   -0.204998 1.91534e-05 0.000209491   -0.204988 0.000615649
1.25935e-05   -0.204998 1.91534e-05 0.000209545   -0.204989 0.000615543
1.25935e-05   -0.204998 1.91534e-05  0.00020963   -0.204989 0.000615448
1.25935e-05   -0.204998 1.91534e-05 0.000209697   -0.204989 0.000615368
1.25935e-05   -0.204998 1.91534e-05 0.000209716   -0.204989 0.000615314
1.25935e-05   -0.204998 1.91534e-05 0.000209785   -0.204989  0.00061526
1.25935e-05   -0.204998 1.91534e-05 0.000209837   -0.204989 0.000615215
1.25935e-05   -0.204998 1.91534e-05 0.000209889   -0.204989 0.000615185
1.25935e-05   -0.204998 1.91534e-05 0.000209923   -0.204989 0.000615163
1.25935e-05   -0.204998 1.91534e-05 0.000209968   -0.204989 0.000615149
1.25935e-05   -0.204998 1.91534e-05 0.000210014   -0.204988 0.000615141
1.25935e-05   -0.204998 1.91534e-05 0.000210041   -0.204988 0.000615142
1.25935e-05   -0.204998 1.91534e-05  0.00021006   -0.204988 0.000615156
1.25935e-05   -0.204998 1.91534e-05 0.000210109   -0.204988 0.000615163
1.25935e-05   -0.204998 1.91534e-05 0.000210138   -0.204988 0.000615177
1.25935e-05   -0.204998 1.91534e-05 0.000210169   -0.204988 0.000615198
1.25935e-05   -0.204998 1.91534e-05 0.000210181   -0.204988 0.000615227
1.25935e-05   -0.204998 1.91534e-05 0.000210223   -0.204988 0.000615248
1.25935e-05   -0.204998 1.91534e-05 0.000210237   -0.204987 0.000615283
1.25935e-05   -0.204998 1.91534e-05 0.000210242   -0.204987 0.000615319
1.25935e-05   -0.204998 1.91534e-05 0.000210276   -0.204987 0.000615349
1.25935e-05   -0.204998 1.91534e-05 0.000210291   -0.204987 0.000615386
1.25935e-05   -0.204998 1.91534e-05 0.000210278   -0.204987 0.000615431
1.25935e-05   -0.204998 1.91534e-05 0.000210314   -0.204987 0.000615462
1.25935e-05   -0.204998 1.91534e-05 0.000210463   -0.204987 0.000615258
1.25935e-05   -0.204998 1.91534e-05 0.000210595   -0.204988 0.000615068
1.25935e-05   -0.204998 1.91534e-05 0.000210747   -0.204988  0.00061488
1.25935e-05   -0.204998 1.91534e-05 0.000210891   -0.204988 0.000614715
1.25935e-05   -0.204998 1.91534e-05 0.000210998   -0.204988 0.000614579
1.25935e-05   -0.204998 1.91534e-05 0.000211126   -0.204989 0.000614452
1.25935e-05   -0.204998 1.91534e-05 0.000211266   -0.204989 0.000614339
1.25935e-05   -0.204998 1.91534e-05 0.000211359   -0.204989 0.000614258
1.25935e-05   -0.204998 1.91534e-05 0.000211464   -0.204989 0.000614186
1.25935e-05   -0.204998 1.91534e-05 0.000211579   -0.204989 0.000614124
1.25935e-05   -0.204998 1.91534e-05 0.000211687   -0.204989 0.000614079
1.25935e-05   -0.204998 1.91534e-05 0.000211767   -0.204989  0.00061405
1.25935e-05   -0.204998 1.91534e-05 0.000211878   -0.204989 0.000614021
1.25935e-05   -0.204998 1.91534e-05  0.00021198   -0.204989 0.000614007
1.25935e-05   -0.204998 1.91534e-05 0.000212074   -0.204989 0.000614003
1.25935e-05   -0.204998 1.91534e-05  0.00021214   -0.204989 0.000614012
1.25935e-05   -0.204998 1.91534e-05 0.000212236   -0.204989 0.000614021
1.25935e-05   -0.204998 1.91534e-05 0.000212324   -0.204989 0.000614038
1.25935e-05   -0.204998 1.91534e-05 0.000212393   -0.204988 0.000614062
1.25935e-05   -0.204998 1.91534e-05 0.000212492   -0.204988 0.000614086
1.25935e-05   -0.204998 1.91534e-05 0.000212573   -0.204988 0.000614118
1.25935e-05   -0.204998 1.91534e-05 0.000212616   -0.204988 0.000614164
1.25935e-05   -0.204998 1.91534e-05 0.000212708   -0.204988 0.000614197
1.25935e-05   -0.204998 1.91534e-05 0.000212772   -0.204988 0.000614244
1.25935e-05   -0.204998 1.91534e-05 0.000212827   -0.204988 0.000614292
1.25935e-05   -0.204998 1.91534e-05 0.000212902   -0.204987  0.00061434
1.25935e-05   -0.204998 1.91534e-05 0.00021309  -0.204988 0.00061415
1.25935e-05   -0.204998 1.91534e-05 0.000213298   -0.204988 0.000613965
1.25935e-05   -0.204998 1.91534e-05 0.000213478   -0.204989 0.000613796
1.25935e-05   -0.204998 1.91534e-05  0.00021369   -0.204989 0.000613638
1.25935e-05   -0.204998 1.91534e-05 0.000213864   -0.204989 0.000613512
1.25935e-05   -0.204998 1.91534e-05 0.000214022   -0.204989 0.000613406
1.25935e-05   -0.204998 1.91534e-05 0.000214191   -0.204989 0.000613318
1.25935e-05   -0.204998 1.91534e-05 0.000214342   -0.204989 0.000613248
1.25935e-05   -0.204998 1.91534e-05 0.000214525    -0.20499 0.000613187
1.25935e-05   -0.204998 1.91534e-05 0.00021466   -0.20499 0.00061315
1.25935e-05   -0.204998 1.91534e-05 0.000214836    -0.20499 0.000613115
1.25935e-05   -0.204998 1.91534e-05 0.000214965    -0.20499 0.000613103
1.25935e-05   -0.204998 1.91534e-05 0.000215124   -0.204989 0.000613092
1.25935e-05   -0.204998 1.91534e-05 0.000215247   -0.204989 0.000613104
1.25935e-05   -0.204998 1.91534e-05 0.000215409   -0.204989 0.000613109
1.25935e-05   -0.204998 1.91534e-05 0.000215533   -0.204989 0.000613135
1.25935e-05   -0.204998 1.91534e-05 0.000215669   -0.204989 0.000613163
1.25935e-05   -0.204998 1.91534e-05 0.000215776   -0.204989 0.000613204
1.25935e-05   -0.204998 1.91534e-05 0.000215904   -0.204989 0.000613246
1.25935e-05   -0.204998 1.91534e-05 0.000216042   -0.204989 0.000613289
1.25935e-05   -0.204998 1.91534e-05 0.000216143   -0.204988 0.000613346
1.25935e-05   -0.204998 1.91534e-05 0.000216264   -0.204988 0.000613404
1.25935e-05   -0.204998 1.91534e-05 0.000216386   -0.204988 0.000613461
1.25935e-05   -0.204998 1.91534e-05 0.000216629   -0.204989 0.000613283
1.25935e-05   -0.204998 1.91534e-05 0.000216892   -0.204989 0.000613106
1.25935e-05   -0.204998 1.91534e-05 0.000217137   -0.204989 0.000612949
1.25935e-05   -0.204998 1.91534e-05 0.000217365   -0.204989 0.000612816
1.25935e-05   -0.204998 1.91534e-05 0.000217585    -0.20499 0.000612703
1.25935e-05   -0.204998 1.91534e-05 0.000217788    -0.20499 0.000612615
1.25935e-05   -0.204998 1.91534e-05 0.000218003    -0.20499 0.000612544
1.25935e-05   -0.204998 1.91534e-05 0.00021821   -0.20499 0.00061249
1.25935e-05   -0.204998 1.91534e-05 0.000218409    -0.20499 0.000612454
1.25935e-05   -0.204998 1.91534e-05  0.00021862    -0.20499 0.000612427
1.25935e-05   -0.204998 1.91534e-05 0.000218822    -0.20499 0.000612416
1.25935e-05   -0.204998 1.91534e-05 0.000219017    -0.20499 0.000612419
1.25935e-05   -0.204998 1.91534e-05 0.000219183    -0.20499 0.000612439
1.25935e-05   -0.204998 1.91534e-05  0.00021938    -0.20499 0.000612461
1.25935e-05   -0.204998 1.91534e-05 0.000219549    -0.20499 0.000612496
1.25935e-05   -0.204998 1.91534e-05 0.000219729    -0.20499 0.000612538
1.25935e-05   -0.204998 1.91534e-05 0.000219901   -0.204989 0.000612589
1.25935e-05   -0.204998 1.91534e-05 0.000220063   -0.204989 0.000612647
1.25935e-05   -0.204998 1.91534e-05 0.000220217   -0.204989 0.000612712
1.25935e-05   -0.204998 1.91534e-05 0.000220391   -0.204989 0.000612778
1.25935e-05   -0.204998 1.91534e-05 0.000220537   -0.204989 0.000612852
1.25935e-05   -0.204998 1.91534e-05 0.000220842   -0.204989 0.000612684
1.25935e-05   -0.204998 1.91534e-05 0.000221129    -0.20499 0.000612531
1.25935e-05   -0.204998 1.91534e-05 0.000221407    -0.20499 0.000612391
1.25935e-05   -0.204998 1.91534e-05 0.000221678    -0.20499 0.000612277
1.25935e-05   -0.204998 1.91534e-05 0.000221941    -0.20499  0.00061218
1.25935e-05   -0.204998 1.91534e-05 0.000222197    -0.20499 0.000612108
1.25935e-05   -0.204998 1.91534e-05 0.000222474   -0.204991 0.000612047
1.25935e-05   -0.204998 1.91534e-05 0.000222704   -0.204991 0.000612017
1.25935e-05   -0.204998 1.91534e-05 0.000222937   -0.204991 0.000612004
1.25935e-05   -0.204998 1.91534e-05  0.00022319   -0.204991 0.000611993
1.25935e-05   -0.204998 1.91534e-05 0.000223396   -0.204991 0.000612013
1.25935e-05   -0.204998 1.91534e-05 0.000223643   -0.204991 0.000612031
1.25935e-05   -0.204998 1.91534e-05 0.000223862    -0.20499 0.000612067
1.25935e-05   -0.204998 1.91534e-05 0.000224092    -0.20499 0.000612109
1.25935e-05   -0.204998 1.91534e-05 0.000224274    -0.20499 0.000612174
1.25935e-05   -0.204998 1.91534e-05 0.000224496    -0.20499 0.000612232
1.25935e-05   -0.204998 1.91534e-05 0.000224701    -0.20499 0.000612305
1.25935e-05   -0.204998 1.91534e-05 0.000224905    -0.20499 0.000612378
1.25935e-05   -0.204998 1.91534e-05 0.000225072    -0.20499 0.000612474
1.25935e-05   -0.204998 1.91534e-05 0.000225288   -0.204989 0.000612555
1.25935e-05   -0.204998 1.91534e-05 0.000225624    -0.20499 0.000612404
1.25935e-05   -0.204998 1.91534e-05 0.000225951    -0.20499 0.000612266
1.25935e-05   -0.204998 1.91534e-05  0.00022626    -0.20499 0.000612144
1.25935e-05   -0.204998 1.91534e-05 0.000226571   -0.204991 0.000612045
1.25935e-05   -0.204998 1.91534e-05 0.000226855   -0.204991 0.000611973
1.25935e-05   -0.204998 1.91534e-05 0.000227132   -0.204991 0.000611923
1.25935e-05   -0.204998 1.91534e-05 0.000227429   -0.204991 0.000611885
1.25935e-05   -0.204998 1.91534e-05  0.00022768   -0.204991 0.000611879
1.25935e-05   -0.204998 1.91534e-05 0.000227972   -0.204991 0.000611873
1.25935e-05   -0.204998 1.91534e-05 0.000228236   -0.204991 0.000611891
1.25935e-05   -0.204998 1.91534e-05 0.000228501   -0.204991 0.000611918
1.25935e-05   -0.204998 1.91534e-05 0.000228759   -0.204991 0.000611959
1.25935e-05   -0.204998 1.91534e-05 0.000228988   -0.204991 0.000612023
1.25935e-05   -0.204998 1.91534e-05 0.000229229   -0.204991 0.000612087
1.25935e-05   -0.204998 1.91534e-05 0.000229479   -0.204991  0.00061216
1.25935e-05   -0.204998 1.91534e-05 0.000229702    -0.20499 0.000612246
1.25935e-05   -0.204998 1.91534e-05 0.000229927    -0.20499  0.00061234
1.25935e-05   -0.204998 1.91534e-05 0.000230308   -0.204991 0.000612189
1.25935e-05   -0.204998 1.91534e-05 0.000230662   -0.204991 0.000612059
1.25935e-05   -0.204998 1.91534e-05 0.000231017   -0.204991 0.000611944
1.25935e-05   -0.204998 1.91534e-05 0.000231346   -0.204991 0.000611859
1.25935e-05   -0.204998 1.91534e-05 0.000231686   -0.204992  0.00061179
1.25935e-05   -0.204998 1.91534e-05 0.000232009   -0.204992 0.000611747
1.25935e-05   -0.204998 1.91534e-05 0.000232324   -0.204992 0.000611728
1.25935e-05   -0.204998 1.91534e-05 0.000232632   -0.204992 0.000611725
1.25935e-05   -0.204998 1.91534e-05  0.00023295   -0.204992 0.000611738
1.25935e-05   -0.204998 1.91534e-05 0.000233242   -0.204992 0.000611773
1.25935e-05   -0.204998 1.91534e-05 0.000233515   -0.204992 0.000611825
1.25935e-05   -0.204998 1.91534e-05 0.000233789   -0.204992 0.000611891
1.25935e-05   -0.204998 1.91534e-05 0.000234084   -0.204992 0.000611957
1.25935e-05   -0.204998 1.91534e-05 0.000234361   -0.204991 0.000612044
1.25935e-05   -0.204998 1.91534e-05 0.000234619   -0.204991 0.000612139
1.25935e-05   -0.204998 1.91534e-05 0.000234858   -0.204991 0.000612248
1.25935e-05   -0.204998 1.91534e-05 0.000235127   -0.204991 0.000612357
1.25935e-05   -0.204998 1.91534e-05 0.000235358   -0.204991  0.00061248
1.25935e-05   -0.204998 1.91534e-05 0.000235775   -0.204991 0.000612353
1.25935e-05   -0.204998 1.91534e-05 0.000236134   -0.204991 0.000612255
1.25935e-05   -0.204998 1.91534e-05 0.000236505   -0.204991 0.000612163
1.25935e-05   -0.204998 1.91534e-05 0.000236875   -0.204992 0.000612084
1.25935e-05   -0.204998 1.91534e-05 0.000237209   -0.204992 0.000612038
1.25935e-05   -0.204998 1.91534e-05 0.000237525   -0.204992 0.000612016
1.25935e-05   -0.204998 1.91534e-05 0.000237842   -0.204992 0.000612011
1.25935e-05   -0.204998 1.91534e-05  0.00023816   -0.204992 0.000612023
1.25935e-05   -0.204998 1.91534e-05  0.00023846   -0.204992 0.000612059
1.25935e-05   -0.204998 1.91534e-05 0.000238752   -0.204992 0.000612112
1.25935e-05   -0.204998 1.91534e-05 0.000239054   -0.204992 0.000612173
1.25935e-05   -0.204998 1.91534e-05 0.000239328   -0.204992 0.000612256
1.25935e-05   -0.204998 1.91534e-05 0.000239602   -0.204992 0.000612348
1.25935e-05   -0.204998 1.91534e-05 0.000239876   -0.204992 0.000612447
1.25935e-05   -0.204998 1.91534e-05 0.000240133   -0.204992 0.000612562
1.25935e-05   -0.204998 1.91534e-05 0.000240388   -0.204991 0.000612683
1.25935e-05   -0.204998 1.91534e-05 0.000240792   -0.204992 0.000612563
1.25935e-05   -0.204998 1.91534e-05 0.000241168   -0.204992 0.000612471
1.25935e-05   -0.204998 1.91534e-05 0.000241534   -0.204992 0.000612393
1.25935e-05   -0.204998 1.91534e-05 0.000241882   -0.204993  0.00061234
1.25935e-05   -0.204998 1.91534e-05 0.000242242   -0.204993 0.000612309
1.25935e-05   -0.204998 1.91534e-05 0.000242583   -0.204993 0.000612301
1.25935e-05   -0.204998 1.91534e-05 0.000242906   -0.204993 0.000612318
1.25935e-05   -0.204998 1.91534e-05  0.00024323   -0.204993 0.000612351
1.25935e-05   -0.204998 1.91534e-05 0.000243545   -0.204993 0.000612407
1.25935e-05   -0.204998 1.91534e-05 0.000243823   -0.204993 0.000612484
1.25935e-05   -0.204998 1.91534e-05  0.00024413   -0.204993 0.000612563
1.25935e-05   -0.204998 1.91534e-05 0.000244399   -0.204992  0.00061267
1.25935e-05   -0.204998 1.91534e-05 0.000244688   -0.204992 0.000612777
1.25935e-05   -0.204998 1.91534e-05 0.000244957   -0.204992 0.000612897
1.25935e-05   -0.204998 1.91534e-05 0.000245375   -0.204992 0.000612785
1.25935e-05   -0.204998 1.91534e-05 0.000245754   -0.204993 0.000612701
1.25935e-05   -0.204998 1.91534e-05 0.000246153   -0.204993 0.000612622
1.25935e-05   -0.204998 1.91534e-05 0.000246516   -0.204993  0.00061258
1.25935e-05   -0.204998 1.91534e-05  0.00024687   -0.204993 0.000612562
1.25935e-05   -0.204998 1.91534e-05 0.000247244   -0.204993 0.000612559
1.25935e-05   -0.204998 1.91534e-05 0.000247561   -0.204993 0.000612594
1.25935e-05   -0.204998 1.91534e-05  0.00024788   -0.204993 0.000612645
1.25935e-05   -0.204998 1.91534e-05 0.000248209   -0.204993 0.000612711
1.25935e-05   -0.204998 1.91534e-05 0.000248529   -0.204993 0.000612792
1.25935e-05   -0.204998 1.91534e-05  0.00024883   -0.204993 0.000612894
1.25935e-05   -0.204998 1.91534e-05 0.000249103   -0.204993 0.000613017
1.25935e-05   -0.204998 1.91534e-05 0.000249415   -0.204993 0.000613139
1.25935e-05   -0.204998 1.91534e-05 0.000249678   -0.204993 0.000613284
1.25935e-05   -0.204998 1.91534e-05 0.000249942   -0.204992 0.000613435
1.25935e-05   -0.204998 1.91534e-05 0.000250354   -0.204993 0.000613353
1.25935e-05   -0.204998 1.91534e-05 0.000250737   -0.204993 0.000613292
1.25935e-05   -0.204998 1.91534e-05 0.000251121   -0.204993 0.000613244
1.25935e-05   -0.204998 1.91534e-05 0.000251487   -0.204993 0.000613226
1.25935e-05   -0.204998 1.91534e-05 0.000251844   -0.204993 0.000613231
1.25935e-05   -0.204998 1.91534e-05 0.000252192   -0.204994 0.000613259
1.25935e-05   -0.204998 1.91534e-05 0.000252503   -0.204994 0.000613318
1.25935e-05   -0.204998 1.91534e-05 0.000252844   -0.204994 0.000613384
1.25935e-05   -0.204998 1.91534e-05 0.000253137   -0.204993 0.000613482
1.25935e-05   -0.204998 1.91534e-05  0.00025343   -0.204993 0.000613593
1.25935e-05   -0.204998 1.91534e-05 0.000253744   -0.204993 0.000613711
1.25935e-05   -0.204998 1.91534e-05 0.000254009   -0.204993 0.000613853
1.25935e-05   -0.204998 1.91534e-05 0.000254294   -0.204993 0.000613999
1.25935e-05   -0.204998 1.91534e-05  0.00025455   -0.204993 0.000614161
1.25935e-05   -0.204998 1.91534e-05 0.000254965   -0.204993 0.000614091
1.25935e-05   -0.204998 1.91534e-05  0.00025535   -0.204993 0.000614041
1.25935e-05   -0.204998 1.91534e-05 0.000255716   -0.204993 0.000614006
1.25935e-05   -0.204998 1.91534e-05 0.000256085   -0.204994    0.000614
1.25935e-05   -0.204998 1.91534e-05 0.000256434   -0.204994 0.000614017
1.25935e-05   -0.204998 1.91534e-05 0.000256756   -0.204994 0.000614065
1.25935e-05   -0.204998 1.91534e-05 0.000257098   -0.204994 0.000614128
1.25935e-05   -0.204998 1.91534e-05 0.000257422   -0.204994 0.000614213
1.25935e-05   -0.204998 1.91534e-05  0.00025744   -0.204993 0.000613797
1.25935e-05   -0.204998 1.91534e-05 0.000257508   -0.204992 0.000613398
1.25935e-05   -0.204998 1.91534e-05 0.000257538   -0.204992 0.000613038
1.25935e-05   -0.204998 1.91534e-05 0.000257575   -0.204991 0.000612748
1.25935e-05   -0.204998 1.91534e-05 0.000257603    -0.20499 0.000612537
1.25935e-05   -0.204998 1.91534e-05 0.000257809    -0.20499 0.000612166
1.25935e-05   -0.204998 1.91534e-05 0.000257975    -0.20499  0.00061188
1.25935e-05   -0.204998 1.91534e-05 0.000258131    -0.20499 0.000611666
1.25935e-05   -0.204998 1.91534e-05 0.000258268    -0.20499 0.000611525
1.25935e-05   -0.204998 1.91534e-05 0.000258405    -0.20499 0.000611449
1.25935e-05   -0.204998 1.91534e-05 0.000258524    -0.20499 0.000611439
1.25935e-05   -0.204998 1.91534e-05 0.000258623    -0.20499 0.000611488
1.25935e-05   -0.204998 1.91534e-05 0.000258733    -0.20499 0.000611581
1.25935e-05   -0.204998 1.91534e-05 0.000258843    -0.20499 0.000611715
1.25935e-05   -0.204998 1.91534e-05 0.000258944    -0.20499  0.00061189
1.25935e-05   -0.204998 1.91534e-05 0.000259006    -0.20499 0.000612109
1.25935e-05   -0.204998 1.91534e-05 0.000259108   -0.204989 0.000612342
1.25935e-05   -0.204998 1.91534e-05  0.00025916   -0.204989 0.000612613
1.25935e-05   -0.204998 1.91534e-05 0.000259403    -0.20499 0.000612661
1.25935e-05   -0.204998 1.91534e-05 0.000259616    -0.20499 0.000612744
1.25935e-05   -0.204998 1.91534e-05 0.000259553    -0.20499 0.000612314
1.25935e-05   -0.204998 1.91534e-05 0.000259493   -0.204989 0.000611932
1.25935e-05   -0.204998 1.91534e-05 0.000259444   -0.204989 0.000611589
1.25935e-05   -0.204998 1.91534e-05 0.000259395   -0.204989 0.000611335
1.25935e-05   -0.204998 1.91534e-05 0.000259337   -0.204988 0.000611173
1.25935e-05   -0.204998 1.91534e-05 0.000259288   -0.204988 0.000611087
1.25935e-05   -0.204998 1.91534e-05   0.0002592   -0.204988 0.000611089
1.25935e-05   -0.204998 1.91534e-05 0.000259131   -0.204987 0.000611153
1.25935e-05   -0.204998 1.91534e-05 0.000259053   -0.204987 0.000611278
1.25935e-05   -0.204998 1.91534e-05 0.000258955   -0.204987 0.000611464
1.25935e-05   -0.204998 1.91534e-05 0.000259066   -0.204987 0.000611455
1.25935e-05   -0.204998 1.91534e-05 0.000259139   -0.204987 0.000611504
1.25935e-05   -0.204998 1.91534e-05 0.000259203   -0.204988 0.000611598
1.25935e-05   -0.204998 1.91534e-05 0.000259248   -0.204988 0.000611746
1.25935e-05   -0.204998 1.91534e-05 0.000259306   -0.204988 0.000611936
1.25935e-05   -0.204998 1.91534e-05 0.000259354   -0.204988 0.000612164
1.25935e-05   -0.204998 1.91534e-05 0.000259396   -0.204989 0.000612431
1.25935e-05   -0.204998 1.91534e-05 0.000259438   -0.204989 0.000612726
1.25935e-05   -0.204998 1.91534e-05 0.000259501   -0.204989 0.000613038
1.25935e-05   -0.204998 1.91534e-05 0.000259556   -0.204989 0.000613377
1.25935e-05   -0.204998 1.91534e-05 0.000259583   -0.204989 0.000613741
1.25935e-05   -0.204998 1.91534e-05  0.00025962   -0.204989 0.000614113
1.25935e-05   -0.204998 1.91534e-05 0.000259659   -0.204989 0.000614503
1.25935e-05   -0.204998 1.91534e-05 0.000259699   -0.204989 0.000614898
1.25935e-05   -0.204998 1.91534e-05 0.000259635   -0.204988 0.000614563
1.25935e-05   -0.204998 1.91534e-05 0.000259752   -0.204989 0.000614006
1.25935e-05   -0.204998 1.91534e-05 0.000259851   -0.204989 0.000613487
1.25935e-05   -0.204998 1.91534e-05 0.000259942   -0.204989  0.00061306
1.25935e-05   -0.204998 1.91534e-05 0.000260024    -0.20499 0.000612733
1.25935e-05   -0.204998 1.91534e-05 0.000260099    -0.20499 0.000612504
1.25935e-05   -0.204998 1.91534e-05 0.000260186    -0.20499 0.000612359
1.25935e-05   -0.204998 1.91534e-05 0.000260236    -0.20499 0.000612303
1.25935e-05   -0.204998 1.91534e-05 0.000260298    -0.20499 0.000612321
1.25935e-05   -0.204998 1.91534e-05 0.000260361    -0.20499 0.000612403
1.25935e-05   -0.204998 1.91534e-05 0.000260407    -0.20499 0.000612544
1.25935e-05   -0.204998 1.91534e-05 0.000260455    -0.20499 0.000612742
1.25935e-05   -0.204998 1.91534e-05 0.000260514    -0.20499 0.000612977
1.25935e-05   -0.204998 1.91534e-05 0.000260565    -0.20499 0.000613258
1.25935e-05   -0.204998 1.91534e-05 0.000260617    -0.20499 0.000613572
1.25935e-05   -0.204998 1.91534e-05 0.000260671    -0.20499 0.000613917
1.25935e-05   -0.204998 1.91534e-05 0.000260726   -0.204989 0.000614286
1.25935e-05   -0.204998 1.91534e-05 0.000260763   -0.204989 0.000614684
1.25935e-05   -0.204998 1.91534e-05  0.00026084   -0.204989 0.000615087
1.25935e-05   -0.204998 1.91534e-05 0.000260869   -0.204989 0.000615521
1.25935e-05   -0.204998 1.91534e-05 0.000260919   -0.204989 0.000615961
1.25935e-05   -0.204998 1.91534e-05  0.00026098   -0.204988 0.000616408
1.25935e-05   -0.204998 1.91534e-05 0.000261021   -0.204988 0.000616866
1.25935e-05   -0.204998 1.91534e-05 0.000260788   -0.204987 0.000616797
1.25935e-05   -0.204998 1.91534e-05 0.000260574   -0.204986  0.00061674
1.25935e-05   -0.204998 1.91534e-05 0.000260351   -0.204986 0.000616708
1.25935e-05   -0.204998 1.91534e-05 0.000260297   -0.204985 0.000616509
1.25935e-05   -0.204998 1.91534e-05 0.000260443   -0.204986 0.000616145
1.25935e-05   -0.204998 1.91534e-05  0.00026053   -0.204986 0.000615875
1.25935e-05   -0.204998 1.91534e-05 0.000260637   -0.204987 0.000615677
1.25935e-05   -0.204998 1.91534e-05 0.000260717   -0.204987 0.000615567
1.25935e-05   -0.204998 1.91534e-05  0.00026078   -0.204987 0.000615545
1.25935e-05   -0.204998 1.91534e-05 0.000260854   -0.204987 0.000615588
1.25935e-05   -0.204998 1.91534e-05 0.000260911   -0.204987 0.000615697
1.25935e-05   -0.204998 1.91534e-05 0.000260979   -0.204988 0.000615856
1.25935e-05   -0.204998 1.91534e-05  0.00026103   -0.204988 0.000616072
1.25935e-05   -0.204998 1.91534e-05 0.000261083   -0.204988 0.000616333
1.25935e-05   -0.204998 1.91534e-05 0.000261147   -0.204988 0.000616625
1.25935e-05   -0.204998 1.91534e-05 0.000261184   -0.204988 0.000616959
1.25935e-05   -0.204998 1.91534e-05 0.000261251   -0.204988 0.000617314
1.25935e-05   -0.204998 1.91534e-05 0.000261291   -0.204988 0.000617701
1.25935e-05   -0.204998 1.91534e-05 0.000261302   -0.204987 0.000618117
1.25935e-05   -0.204998 1.91534e-05 0.000261344   -0.204987 0.000618543
1.25935e-05   -0.204998 1.91534e-05 0.000261368   -0.204987 0.000618992
1.25935e-05   -0.204998 1.91534e-05 0.000261353   -0.204987 0.000619467
1.25935e-05   -0.204998 1.91534e-05 0.000261072   -0.204986  0.00061941
1.25935e-05   -0.204998 1.91534e-05 0.000260763   -0.204985 0.000619385
1.25935e-05   -0.204998 1.91534e-05 0.000260464   -0.204985 0.000619382
1.25935e-05   -0.204998 1.91534e-05 0.000260325   -0.204985  0.00061922
1.25935e-05   -0.204998 1.91534e-05 0.000260376   -0.204985 0.000618904
1.25935e-05   -0.204998 1.91534e-05 0.000260426   -0.204985 0.000618656
1.25935e-05   -0.204998 1.91534e-05 0.000260439   -0.204986 0.000618503
1.25935e-05   -0.204998 1.91534e-05 0.000260453   -0.204986 0.000618425
1.25935e-05   -0.204998 1.91534e-05 0.000260471   -0.204986 0.000618426
1.25935e-05   -0.204998 1.91534e-05 0.000260451   -0.204987 0.000618508
1.25935e-05   -0.204998 1.91534e-05 0.000260472   -0.204987  0.00061864
1.25935e-05   -0.204998 1.91534e-05 0.000260457   -0.204987 0.000618835
1.25935e-05   -0.204998 1.91534e-05 0.000260453   -0.204987 0.000619074
1.25935e-05   -0.204998 1.91534e-05 0.000260451   -0.204987 0.000619354
1.25935e-05   -0.204998 1.91534e-05 0.000260451   -0.204987 0.000619671
1.25935e-05   -0.204998 1.91534e-05 0.000260452   -0.204987  0.00062002
1.25935e-05   -0.204998 1.91534e-05 0.000260407   -0.204987  0.00062041
1.25935e-05   -0.204998 1.91534e-05 0.000260382   -0.204987 0.000620821
1.25935e-05   -0.204998 1.91534e-05 0.000260319   -0.204987 0.000621266
1.25935e-05   -0.204998 1.91534e-05 0.000260248   -0.204987 0.000621733
1.25935e-05   -0.204998 1.91534e-05 0.000260138   -0.204986 0.000622229
1.25935e-05   -0.204998 1.91534e-05 0.000260011   -0.204986 0.000622742
1.25935e-05   -0.204998 1.91534e-05 0.000259893   -0.204986 0.000623258
1.25935e-05   -0.204998 1.91534e-05 0.000259925   -0.204986 0.000623547
1.25935e-05   -0.204998 1.91534e-05 0.000260129   -0.204987 0.000623603
1.25935e-05   -0.204998 1.91534e-05 0.000260295   -0.204988 0.000623687
1.25935e-05   -0.204998 1.91534e-05 0.000260404   -0.204989 0.000623818
1.25935e-05   -0.204998 1.91534e-05 0.000260259   -0.204989 0.000623434
1.25935e-05   -0.204998 1.91534e-05 0.000260098   -0.204988 0.000623109
1.25935e-05   -0.204998 1.91534e-05 0.000259941   -0.204988 0.000622829
1.25935e-05   -0.204998 1.91534e-05 0.000259766   -0.204988 0.000622639
1.25935e-05   -0.204998 1.91534e-05 0.000259621   -0.204988 0.000622523
1.25935e-05   -0.204998 1.91534e-05 0.000259449   -0.204987 0.000622495
1.25935e-05   -0.204998 1.91534e-05 0.000259287   -0.204987 0.000622536
1.25935e-05   -0.204998 1.91534e-05 0.000259147   -0.204987 0.000622638
1.25935e-05   -0.204998 1.91534e-05 0.000258978   -0.204987 0.000622803
1.25935e-05   -0.204998 1.91534e-05 0.000258821   -0.204986  0.00062302
1.25935e-05   -0.204998 1.91534e-05 0.000258674   -0.204986 0.000623281
1.25935e-05   -0.204998 1.91534e-05 0.000258508   -0.204986 0.000623588
1.25935e-05   -0.204998 1.91534e-05 0.000258354   -0.204985 0.000623933
1.25935e-05   -0.204998 1.91534e-05  0.00025819   -0.204985 0.000624311
1.25935e-05   -0.204998 1.91534e-05 0.000257989   -0.204985 0.000624734
1.25935e-05   -0.204998 1.91534e-05 0.000257759   -0.204984 0.000625189
1.25935e-05   -0.204998 1.91534e-05 0.000257737   -0.204985 0.000625411
1.25935e-05   -0.204998 1.91534e-05 0.000257867   -0.204985  0.00062543
1.25935e-05   -0.204998 1.91534e-05 0.000257979   -0.204986 0.000625483
1.25935e-05   -0.204998 1.91534e-05 0.000258035   -0.204987  0.00062559
1.25935e-05   -0.204998 1.91534e-05 0.000258094   -0.204987 0.000625737
1.25935e-05   -0.204998 1.91534e-05 0.000258147   -0.204988  0.00062593
1.25935e-05   -0.204998 1.91534e-05 0.000258164   -0.204988 0.000626172
1.25935e-05   -0.204998 1.91534e-05 0.000258154   -0.204988 0.000626456
1.25935e-05   -0.204998 1.91534e-05 0.000258119   -0.204988 0.000626778
1.25935e-05   -0.204998 1.91534e-05 0.000258085   -0.204988 0.000627123
1.25935e-05   -0.204998 1.91534e-05 0.000258044   -0.204988 0.000627496
1.25935e-05   -0.204998 1.91534e-05 0.000257937   -0.204988  0.00062791
1.25935e-05   -0.204998 1.91534e-05 0.000257841   -0.204988 0.000628335
1.25935e-05   -0.204998 1.91534e-05 0.000257698   -0.204988 0.000628792
1.25935e-05   -0.204998 1.91534e-05 0.000257537   -0.204988 0.000629265
1.25935e-05   -0.204998 1.91534e-05 0.000257367   -0.204988 0.000629749
1.25935e-05   -0.204998 1.91534e-05  0.00025717   -0.204988 0.000630249
1.25935e-05   -0.204998 1.91534e-05 0.000256944   -0.204987 0.000630759
1.25935e-05   -0.204998 1.91534e-05 0.000256897   -0.204988 0.000631024
1.25935e-05   -0.204998 1.91534e-05 0.000257002   -0.204988 0.000631061
1.25935e-05   -0.204998 1.91534e-05 0.000257098   -0.204989 0.000631108
1.25935e-05   -0.204998 1.91534e-05 0.000257138   -0.204989 0.000631201
1.25935e-05   -0.204998 1.91534e-05 0.000257162    -0.20499 0.000631327
1.25935e-05   -0.204998 1.91534e-05  0.00025719    -0.20499 0.000631479
1.25935e-05   -0.204998 1.91534e-05 0.000257181   -0.204991 0.000631673
1.25935e-05   -0.204998 1.91534e-05 0.000257146   -0.204991 0.000631894
1.25935e-05   -0.204998 1.91534e-05 0.000257103   -0.204991  0.00063214
1.25935e-05   -0.204998 1.91534e-05 0.000257024   -0.204991  0.00063242
1.25935e-05   -0.204998 1.91534e-05 0.000256937   -0.204991 0.000632717
1.25935e-05   -0.204998 1.91534e-05 0.000256823    -0.20499 0.000633041
1.25935e-05   -0.204998 1.91534e-05 0.000256661    -0.20499 0.000633389
1.25935e-05   -0.204998 1.91534e-05  0.00025652    -0.20499 0.000633742
1.25935e-05   -0.204998 1.91534e-05 0.000256322    -0.20499  0.00063412
1.25935e-05   -0.204998 1.91534e-05 0.000256116   -0.204989 0.000634511
1.25935e-05   -0.204998 1.91534e-05  0.00025588   -0.204989 0.000634914
1.25935e-05   -0.204998 1.91534e-05 0.000255636   -0.204988 0.000635323
1.25935e-05   -0.204998 1.91534e-05 0.000255571   -0.204988 0.000635489
1.25935e-05   -0.204998 1.91534e-05 0.000255668   -0.204989 0.000635426
1.25935e-05   -0.204998 1.91534e-05 0.000255726    -0.20499 0.000635392
1.25935e-05   -0.204998 1.91534e-05 0.000255728    -0.20499 0.000635396
1.25935e-05   -0.204998 1.91534e-05 0.000255752    -0.20499 0.000635423
1.25935e-05   -0.204998 1.91534e-05 0.000255741   -0.204991 0.000635496
1.25935e-05   -0.204998 1.91534e-05 0.000255684   -0.204991 0.000635609
1.25935e-05   -0.204998 1.91534e-05  0.00025563   -0.204991 0.000635754
1.25935e-05   -0.204998 1.91534e-05 0.000255577   -0.204991 0.000635917
1.25935e-05   -0.204998 1.91534e-05 0.000255459   -0.204991 0.000636125
1.25935e-05   -0.204998 1.91534e-05 0.000255353    -0.20499  0.00063635
1.25935e-05   -0.204998 1.91534e-05 0.000255228    -0.20499 0.000636599
1.25935e-05   -0.204998 1.91534e-05 0.000255057    -0.20499 0.000636878
1.25935e-05   -0.204998 1.91534e-05 0.000254867   -0.204989 0.000637179
1.25935e-05   -0.204998 1.91534e-05 0.000254649   -0.204989   0.0006375
1.25935e-05   -0.204998 1.91534e-05 0.000254441   -0.204989 0.000637828
1.25935e-05   -0.204998 1.91534e-05 0.000254345   -0.204989 0.000637942
1.25935e-05   -0.204998 1.91534e-05 0.000254469   -0.204989 0.000637814
1.25935e-05   -0.204998 1.91534e-05 0.000254535    -0.20499 0.000637727
1.25935e-05   -0.204998 1.91534e-05 0.000254593    -0.20499 0.000637671
1.25935e-05   -0.204998 1.91534e-05 0.000254597    -0.20499 0.000637671
1.25935e-05   -0.204998 1.91534e-05 0.000254575   -0.204991 0.000637712
1.25935e-05   -0.204998 1.91534e-05 0.000254556   -0.204991 0.000637787
1.25935e-05   -0.204998 1.91534e-05   0.0002545   -0.204991 0.000637905
1.25935e-05   -0.204998 1.91534e-05 0.000254438   -0.204991 0.000638055
1.25935e-05   -0.204998 1.91534e-05 0.000254358    -0.20499 0.000638239
1.25935e-05   -0.204998 1.91534e-05 0.000254232    -0.20499 0.000638463
1.25935e-05   -0.204998 1.91534e-05 0.000254088    -0.20499 0.000638711
1.25935e-05   -0.204998 1.91534e-05 0.000253936   -0.204989 0.000638984
1.25935e-05   -0.204998 1.91534e-05 0.000253756   -0.204989 0.000639282
1.25935e-05   -0.204998 1.91534e-05 0.000253548   -0.204989 0.000639604
1.25935e-05   -0.204998 1.91534e-05 0.000253292   -0.204988 0.000639952
1.25935e-05   -0.204998 1.91534e-05 0.000253066   -0.204988 0.000640304
1.25935e-05   -0.204998 1.91534e-05 0.000252981   -0.204988 0.000640433
1.25935e-05   -0.204998 1.91534e-05 0.000253057   -0.204988  0.00064034
1.25935e-05   -0.204998 1.91534e-05 0.000253104   -0.204989 0.000640272
1.25935e-05   -0.204998 1.91534e-05 0.000253115   -0.204989  0.00064025
1.25935e-05   -0.204998 1.91534e-05  0.00025312   -0.204989 0.000640264
1.25935e-05   -0.204998 1.91534e-05 0.000253089    -0.20499 0.000640326
1.25935e-05   -0.204998 1.91534e-05 0.000253041    -0.20499  0.00064043
1.25935e-05   -0.204998 1.91534e-05 0.000252967    -0.20499  0.00064057
1.25935e-05   -0.204998 1.91534e-05 0.000252886   -0.204989 0.000640743
1.25935e-05   -0.204998 1.91534e-05 0.000252787   -0.204989 0.000640943
1.25935e-05   -0.204998 1.91534e-05 0.000252651   -0.204989 0.000641182
1.25935e-05   -0.204998 1.91534e-05 0.000252478   -0.204989 0.000641454
1.25935e-05   -0.204998 1.91534e-05 0.000252297   -0.204988 0.000641744
1.25935e-05   -0.204998 1.91534e-05 0.000252098   -0.204988 0.000642058
1.25935e-05   -0.204998 1.91534e-05 0.000251881   -0.204987 0.000642398
1.25935e-05   -0.204998 1.91534e-05 0.000251813   -0.204988 0.000642508
1.25935e-05   -0.204998 1.91534e-05 0.000251927   -0.204988 0.000642394
1.25935e-05   -0.204998 1.91534e-05 0.000251993   -0.204989  0.00064232
1.25935e-05   -0.204998 1.91534e-05 0.000252033   -0.204989 0.000642285
1.25935e-05   -0.204998 1.91534e-05 0.000252027   -0.204989 0.000642304
1.25935e-05   -0.204998 1.91534e-05 0.000252044   -0.204989 0.000642357
1.25935e-05   -0.204998 1.91534e-05 0.000252006    -0.20499  0.00064246
1.25935e-05   -0.204998 1.91534e-05 0.000251972   -0.204989 0.000642595
1.25935e-05   -0.204998 1.91534e-05   0.0002519   -0.204989 0.000642771
1.25935e-05   -0.204998 1.91534e-05 0.000251802   -0.204989 0.000642986
1.25935e-05   -0.204998 1.91534e-05 0.000251687   -0.204989 0.000643232
1.25935e-05   -0.204998 1.91534e-05 0.000251535   -0.204989 0.000643512
1.25935e-05   -0.204998 1.91534e-05 0.000251365   -0.204988 0.000643815
1.25935e-05   -0.204998 1.91534e-05 0.000251168   -0.204988 0.000644148
1.25935e-05   -0.204998 1.91534e-05 0.000250951   -0.204987 0.000644498
1.25935e-05   -0.204998 1.91534e-05 0.000250726   -0.204987 0.000644867
1.25935e-05   -0.204998 1.91534e-05 0.000250642   -0.204987 0.000645013
1.25935e-05   -0.204998 1.91534e-05 0.000250748   -0.204987 0.000644927
1.25935e-05   -0.204998 1.91534e-05 0.000250787   -0.204988 0.000644888
1.25935e-05   -0.204998 1.91534e-05 0.000250838   -0.204988 0.000644871
1.25935e-05   -0.204998 1.91534e-05 0.000250815   -0.204988 0.000644918
1.25935e-05   -0.204998 1.91534e-05 0.000250796   -0.204989 0.000645003
1.25935e-05   -0.204998 1.91534e-05 0.000250779   -0.204989 0.000645116
1.25935e-05   -0.204998 1.91534e-05 0.000250708   -0.204988 0.000645284
1.25935e-05   -0.204998 1.91534e-05 0.000250628   -0.204988 0.000645478
1.25935e-05   -0.204998 1.91534e-05 0.000250522   -0.204988 0.000645711
1.25935e-05   -0.204998 1.91534e-05  0.00025037   -0.204988 0.000645983
1.25935e-05   -0.204998 1.91534e-05 0.000250219   -0.204987 0.000646272
1.25935e-05   -0.204998 1.91534e-05 0.000250061   -0.204987 0.000646585
1.25935e-05   -0.204998 1.91534e-05 0.000249844   -0.204987  0.00064693
1.25935e-05   -0.204998 1.91534e-05 0.000249818   -0.204987 0.000647044
1.25935e-05   -0.204998 1.91534e-05 0.000249923   -0.204987 0.000646949
1.25935e-05   -0.204998 1.91534e-05 0.000250021   -0.204988 0.000646877
1.25935e-05   -0.204998 1.91534e-05 0.000250052   -0.204988 0.000646858
1.25935e-05   -0.204998 1.91534e-05 0.000250088   -0.204988 0.000646885
1.25935e-05   -0.204998 1.91534e-05 0.000250088   -0.204989 0.000646959
1.25935e-05   -0.204998 1.91534e-05 0.000250072   -0.204989 0.000647074
1.25935e-05   -0.204998 1.91534e-05  0.00025005   -0.204989 0.000647228
1.25935e-05   -0.204998 1.91534e-05 0.000249971   -0.204988 0.000647428
1.25935e-05   -0.204998 1.91534e-05 0.000249857   -0.204988 0.000647668
1.25935e-05   -0.204998 1.91534e-05 0.000249754   -0.204988 0.000647931
1.25935e-05   -0.204998 1.91534e-05 0.000249615   -0.204987  0.00064823
1.25935e-05   -0.204998 1.91534e-05 0.000249468   -0.204987 0.000648548
1.25935e-05   -0.204998 1.91534e-05 0.000249263   -0.204987 0.000648902
1.25935e-05   -0.204998 1.91534e-05  0.00024904   -0.204986 0.000649274
1.25935e-05   -0.204998 1.91534e-05 0.000248829   -0.204986  0.00064966
1.25935e-05   -0.204998 1.91534e-05 0.000248748   -0.204986 0.000649825
1.25935e-05   -0.204998 1.91534e-05 0.000248828   -0.204986 0.000649767
1.25935e-05   -0.204998 1.91534e-05 0.000248898   -0.204986 0.000649732
1.25935e-05   -0.204998 1.91534e-05 0.000248914   -0.204987 0.000649749
1.25935e-05   -0.204998 1.91534e-05 0.000248903   -0.204987 0.000649807
1.25935e-05   -0.204998 1.91534e-05 0.000248886   -0.204987 0.000649904
1.25935e-05   -0.204998 1.91534e-05 0.000248835   -0.204987 0.000650048
1.25935e-05   -0.204998 1.91534e-05 0.000248746   -0.204987 0.000650233
1.25935e-05   -0.204998 1.91534e-05 0.00024865  -0.204987 0.00065045
1.25935e-05   -0.204998 1.91534e-05 0.000248547   -0.204987 0.000650692
1.25935e-05   -0.204998 1.91534e-05 0.000248408   -0.204986 0.000650972
1.25935e-05   -0.204998 1.91534e-05  0.00024825   -0.204986 0.000651275
1.25935e-05   -0.204998 1.91534e-05 0.000248045   -0.204986  0.00065161
1.25935e-05   -0.204998 1.91534e-05  0.00024802   -0.204986 0.000651716
1.25935e-05   -0.204998 1.91534e-05 0.000248156   -0.204986  0.00065161
1.25935e-05   -0.204998 1.91534e-05 0.000248245   -0.204987 0.000651536
1.25935e-05   -0.204998 1.91534e-05 0.000248297   -0.204987 0.000651513
1.25935e-05   -0.204998 1.91534e-05 0.000248335   -0.204987 0.000651536
1.25935e-05   -0.204998 1.91534e-05 0.000248338   -0.204987 0.000651612
1.25935e-05   -0.204998 1.91534e-05 0.000248334   -0.204987 0.000651726
1.25935e-05   -0.204998 1.91534e-05 0.000248294   -0.204987 0.000651887
1.25935e-05   -0.204998 1.91534e-05 0.000248209   -0.204987 0.000652094
1.25935e-05   -0.204998 1.91534e-05 0.000248117   -0.204987 0.000652332
1.25935e-05   -0.204998 1.91534e-05 0.000248006   -0.204987 0.000652601
1.25935e-05   -0.204998 1.91534e-05  0.00024787   -0.204986 0.000652899
1.25935e-05   -0.204998 1.91534e-05 0.000247716   -0.204986 0.000653228
1.25935e-05   -0.204998 1.91534e-05 0.000247485   -0.204985 0.000653594
1.25935e-05   -0.204998 1.91534e-05 0.000247285   -0.204985 0.000653969
1.25935e-05   -0.204998 1.91534e-05 0.000247215   -0.204985 0.000654122
1.25935e-05   -0.204998 1.91534e-05 0.000247325   -0.204985  0.00065405
1.25935e-05   -0.204998 1.91534e-05 0.000247399   -0.204986 0.000654015
1.25935e-05   -0.204998 1.91534e-05 0.000247435   -0.204986 0.000654019
1.25935e-05   -0.204998 1.91534e-05 0.000247417   -0.204986 0.000654083
1.25935e-05   -0.204998 1.91534e-05 0.000247413   -0.204986 0.000654179
1.25935e-05   -0.204998 1.91534e-05 0.000247372   -0.204986 0.000654321
1.25935e-05   -0.204998 1.91534e-05 0.000247287   -0.204986  0.00065451
1.25935e-05   -0.204998 1.91534e-05 0.000247223   -0.204986 0.000654723
1.25935e-05   -0.204998 1.91534e-05 0.000247113   -0.204986 0.000654976
1.25935e-05   -0.204998 1.91534e-05 0.000246957   -0.204985 0.000655267
1.25935e-05   -0.204998 1.91534e-05 0.000246803   -0.204985 0.000655579
1.25935e-05   -0.204998 1.91534e-05 0.000246612   -0.204984 0.000655922
1.25935e-05   -0.204998 1.91534e-05  0.00024657   -0.204984 0.000656044
1.25935e-05   -0.204998 1.91534e-05 0.000246728   -0.204985 0.000655933
1.25935e-05   -0.204998 1.91534e-05   0.0002468   -0.204985 0.000655874
1.25935e-05   -0.204998 1.91534e-05 0.000246827   -0.204986 0.000655866
1.25935e-05   -0.204998 1.91534e-05 0.000246867   -0.204986 0.000655896
1.25935e-05   -0.204998 1.91534e-05 0.000246863   -0.204986 0.000655979
1.25935e-05   -0.204998 1.91534e-05 0.000246843   -0.204986 0.000656109
1.25935e-05   -0.204998 1.91534e-05 0.000246796   -0.204986 0.000656276
1.25935e-05   -0.204998 1.91534e-05 0.000246733   -0.204986 0.000656484
1.25935e-05   -0.204998 1.91534e-05 0.000246615   -0.204986 0.000656735
1.25935e-05   -0.204998 1.91534e-05 0.000246489   -0.204985 0.000657017
1.25935e-05   -0.204998 1.91534e-05 0.000246336   -0.204985 0.000657329
1.25935e-05   -0.204998 1.91534e-05 0.000246165   -0.204984 0.000657663
1.25935e-05   -0.204998 1.91534e-05 0.000245956   -0.204984 0.000658028
1.25935e-05   -0.204998 1.91534e-05 0.000245917   -0.204984 0.000658163
1.25935e-05   -0.204998 1.91534e-05 0.000245832   -0.204984 0.000658334
1.25935e-05   -0.204998 1.91534e-05 0.000245916   -0.204984 0.000658275
1.25935e-05   -0.204998 1.91534e-05 0.000245983   -0.204985  0.00065826
1.25935e-05   -0.204998 1.91534e-05 0.000245975   -0.204985 0.000658298
1.25935e-05   -0.204998 1.91534e-05 0.000245981   -0.204985 0.000658367
1.25935e-05   -0.204998 1.91534e-05 0.000245941   -0.204985 0.000658489
1.25935e-05   -0.204998 1.91534e-05 0.000245866   -0.204985 0.000658657
1.25935e-05   -0.204998 1.91534e-05 0.000245803   -0.204985  0.00065885
1.25935e-05   -0.204998 1.91534e-05 0.000245684   -0.204984 0.000659089
1.25935e-05   -0.204998 1.91534e-05 0.000245558   -0.204984 0.000659357
1.25935e-05   -0.204998 1.91534e-05 0.000245395   -0.204984 0.000659656
1.25935e-05   -0.204998 1.91534e-05 0.000245196   -0.204983 0.000659987
1.25935e-05   -0.204998 1.91534e-05 0.000245194   -0.204983 0.000660086
1.25935e-05   -0.204998 1.91534e-05 0.000245286   -0.204984 0.000659986
1.25935e-05   -0.204998 1.91534e-05 0.000245369   -0.204984 0.000659912
1.25935e-05   -0.204998 1.91534e-05 0.000245407   -0.204985 0.000659892
1.25935e-05   -0.204998 1.91534e-05 0.000245439   -0.204985 0.000659915
1.25935e-05   -0.204998 1.91534e-05 0.000245456   -0.204985 0.000659984
1.25935e-05   -0.204998 1.91534e-05 0.000245418   -0.204985 0.000660107
1.25935e-05   -0.204998 1.91534e-05 0.000245353   -0.204985 0.000660275
1.25935e-05   -0.204998 1.91534e-05 0.000245282   -0.204985 0.000660475
1.25935e-05   -0.204998 1.91534e-05 0.000245194   -0.204984  0.00066071
1.25935e-05   -0.204998 1.91534e-05 0.000245041   -0.204984 0.000660992
1.25935e-05   -0.204998 1.91534e-05  0.00024487   -0.204984 0.000661302
1.25935e-05   -0.204998 1.91534e-05  0.00024471   -0.204983 0.000661629
1.25935e-05   -0.204998 1.91534e-05 0.000244493   -0.204983 0.000661985
1.25935e-05   -0.204998 1.91534e-05 0.000244417   -0.204983 0.000662126
1.25935e-05   -0.204998 1.91534e-05 0.000244531   -0.204983 0.000662036
1.25935e-05   -0.204998 1.91534e-05 0.000244577   -0.204983 0.000661991
1.25935e-05   -0.204998 1.91534e-05 0.000244607   -0.204984 0.000661975
1.25935e-05   -0.204998 1.91534e-05 0.000244601   -0.204984 0.000662009
1.25935e-05   -0.204998 1.91534e-05 0.000244569   -0.204984 0.000662091
1.25935e-05   -0.204998 1.91534e-05 0.000244522   -0.204984 0.000662218
1.25935e-05   -0.204998 1.91534e-05 0.000244429   -0.204984 0.000662392
1.25935e-05   -0.204998 1.91534e-05  0.00024432   -0.204984 0.000662599
1.25935e-05   -0.204998 1.91534e-05 0.000244183   -0.204983 0.000662842
1.25935e-05   -0.204998 1.91534e-05  0.00024402   -0.204983 0.000663118
1.25935e-05   -0.204998 1.91534e-05  0.00024384   -0.204983 0.000663423
1.25935e-05   -0.204998 1.91534e-05 0.000243642   -0.204982 0.000663751
1.25935e-05   -0.204998 1.91534e-05 0.000243564   -0.204982 0.000663866
1.25935e-05   -0.204998 1.91534e-05 0.000243666   -0.204983 0.000663757
1.25935e-05   -0.204998 1.91534e-05 0.000243741   -0.204983 0.000663684
1.25935e-05   -0.204998 1.91534e-05 0.000243761   -0.204984 0.000663663
1.25935e-05   -0.204998 1.91534e-05 0.000243765   -0.204984 0.000663687
1.25935e-05   -0.204998 1.91534e-05 0.000243715   -0.204984  0.00066377
1.25935e-05   -0.204998 1.91534e-05 0.000243678   -0.204984 0.000663885
1.25935e-05   -0.204998 1.91534e-05 0.000243586   -0.204984 0.000664052
1.25935e-05   -0.204998 1.91534e-05 0.000243496   -0.204983  0.00066425
1.25935e-05   -0.204998 1.91534e-05 0.000243351   -0.204983 0.000664493
1.25935e-05   -0.204998 1.91534e-05 0.000243208   -0.204983 0.000664759
1.25935e-05   -0.204998 1.91534e-05 0.000243018   -0.204982 0.000665061
1.25935e-05   -0.204998 1.91534e-05 0.000242802   -0.204982 0.000665394
1.25935e-05   -0.204998 1.91534e-05 0.000242754   -0.204982 0.000665497
1.25935e-05   -0.204998 1.91534e-05 0.000242847   -0.204982 0.000665385
1.25935e-05   -0.204998 1.91534e-05 0.000242922   -0.204983 0.000665309
1.25935e-05   -0.204998 1.91534e-05 0.000242933   -0.204983 0.000665284
1.25935e-05   -0.204998 1.91534e-05 0.000242937   -0.204983  0.00066531
1.25935e-05   -0.204998 1.91534e-05 0.000242907   -0.204983 0.000665382
1.25935e-05   -0.204998 1.91534e-05 0.000242831   -0.204983 0.000665505
1.25935e-05   -0.204998 1.91534e-05  0.00024275   -0.204983 0.000665668
1.25935e-05   -0.204998 1.91534e-05 0.000242641   -0.204983 0.000665868
1.25935e-05   -0.204998 1.91534e-05 0.000242526   -0.204982   0.0006661
1.25935e-05   -0.204998 1.91534e-05 0.000242354   -0.204982 0.000666374
1.25935e-05   -0.204998 1.91534e-05 0.000242156   -0.204982 0.000666679
1.25935e-05   -0.204998 1.91534e-05 0.000242117   -0.204982 0.000666762
1.25935e-05   -0.204998 1.91534e-05 0.000242061   -0.204982 0.000666874
1.25935e-05   -0.204998 1.91534e-05 0.000241977   -0.204982 0.000667015
1.25935e-05   -0.204998 1.91534e-05 0.000242014   -0.204982 0.000666957
1.25935e-05   -0.204998 1.91534e-05 0.000242026   -0.204982 0.000666941
1.25935e-05   -0.204998 1.91534e-05 0.000241992   -0.204982 0.000666971
1.25935e-05   -0.204998 1.91534e-05 0.000241961   -0.204982 0.000667038
1.25935e-05   -0.204998 1.91534e-05 0.000241895   -0.204982 0.000667158
1.25935e-05   -0.204998 1.91534e-05 0.000241774   -0.204982 0.000667323
1.25935e-05   -0.204998 1.91534e-05 0.000241656   -0.204982 0.000667519
1.25935e-05   -0.204998 1.91534e-05 0.000241491   -0.204982 0.000667759
1.25935e-05   -0.204998 1.91534e-05 0.000241319   -0.204981 0.000668024
1.25935e-05   -0.204998 1.91534e-05 0.000241297   -0.204982 0.000668075
1.25935e-05   -0.204998 1.91534e-05 0.000241229   -0.204982 0.000668163
1.25935e-05   -0.204998 1.91534e-05 0.000241153   -0.204982 0.000668279
1.25935e-05   -0.204998 1.91534e-05 0.000241031   -0.204981 0.000668441
1.25935e-05   -0.204998 1.91534e-05 0.000240864   -0.204981 0.000668646
1.25935e-05   -0.204998 1.91534e-05 0.000240896   -0.204981 0.000668623
1.25935e-05   -0.204998 1.91534e-05 0.000240862   -0.204982 0.000668653
1.25935e-05   -0.204998 1.91534e-05 0.000240801   -0.204982 0.000668719
1.25935e-05   -0.204998 1.91534e-05 0.000240715   -0.204982 0.000668829
1.25935e-05   -0.204998 1.91534e-05 0.000240573   -0.204982 0.000668987
1.25935e-05   -0.204998 1.91534e-05 0.000240435   -0.204981  0.00066918
1.25935e-05   -0.204998 1.91534e-05 0.000240279   -0.204981 0.000669397
1.25935e-05   -0.204998 1.91534e-05 0.000240255   -0.204981 0.000669417
1.25935e-05   -0.204998 1.91534e-05 0.000240381   -0.204982  0.00066922
1.25935e-05   -0.204998 1.91534e-05 0.000240491   -0.204982 0.000669068
1.25935e-05   -0.204998 1.91534e-05 0.000240536   -0.204983 0.000668972
1.25935e-05   -0.204998 1.91534e-05 0.000240565   -0.204983 0.000668933
1.25935e-05   -0.204998 1.91534e-05  0.00024054   -0.204983 0.000668955
1.25935e-05   -0.204998 1.91534e-05 0.000240528   -0.204983 0.000669013
1.25935e-05   -0.204998 1.91534e-05 0.000240472   -0.204983 0.000669129
1.25935e-05   -0.204998 1.91534e-05  0.00024036   -0.204983 0.000669297
1.25935e-05   -0.204998 1.91534e-05 0.000240261   -0.204983 0.000669494
1.25935e-05   -0.204998 1.91534e-05 0.000240096   -0.204982  0.00066974
1.25935e-05   -0.204998 1.91534e-05 0.000239924   -0.204982 0.000670014
1.25935e-05   -0.204998 1.91534e-05 0.000239726   -0.204981 0.000670318
1.25935e-05   -0.204998 1.91534e-05  0.00023951   -0.204981 0.000670648
1.25935e-05   -0.204998 1.91534e-05 0.000239265    -0.20498 0.000671003
1.25935e-05   -0.204998 1.91534e-05 0.000239161    -0.20498 0.000671136
1.25935e-05   -0.204998 1.91534e-05 0.000239207    -0.20498 0.000671047
1.25935e-05   -0.204998 1.91534e-05 0.000239424   -0.204981 0.000670741
1.25935e-05   -0.204998 1.91534e-05 0.000239556   -0.204982   0.0006705
1.25935e-05   -0.204998 1.91534e-05 0.000239702   -0.204982 0.000670302
1.25935e-05   -0.204998 1.91534e-05 0.000239775   -0.204983 0.000670184
1.25935e-05   -0.204998 1.91534e-05 0.000239843   -0.204983 0.000670118
1.25935e-05   -0.204998 1.91534e-05 0.000239885   -0.204983  0.00067011
1.25935e-05   -0.204998 1.91534e-05 0.000239902   -0.204983 0.000670155
1.25935e-05   -0.204998 1.91534e-05 0.000239894   -0.204983 0.000670251
1.25935e-05   -0.204998 1.91534e-05  0.00023984   -0.204983 0.000670397
1.25935e-05   -0.204998 1.91534e-05 0.000239721   -0.204982 0.000670599
1.25935e-05   -0.204998 1.91534e-05 0.000239635   -0.204982 0.000670823
1.25935e-05   -0.204998 1.91534e-05 0.000239483   -0.204981 0.000671097
1.25935e-05   -0.204998 1.91534e-05 0.000239332   -0.204981 0.000671392
1.25935e-05   -0.204998 1.91534e-05 0.000239116    -0.20498 0.000671729
1.25935e-05   -0.204998 1.91534e-05 0.000238901    -0.20498 0.000672082
1.25935e-05   -0.204998 1.91534e-05  0.00023865   -0.204979 0.000672463
1.25935e-05   -0.204998 1.91534e-05  0.00023835   -0.204978 0.000672868
1.25935e-05   -0.204998 1.91534e-05 0.000238219   -0.204978 0.000673039
1.25935e-05   -0.204998 1.91534e-05 0.000238258   -0.204978  0.00067298
1.25935e-05   -0.204998 1.91534e-05 0.000238437   -0.204979 0.000672706
1.25935e-05   -0.204998 1.91534e-05 0.000238561    -0.20498 0.000672483
1.25935e-05   -0.204998 1.91534e-05  0.00023867    -0.20498 0.000672313
1.25935e-05   -0.204998 1.91534e-05 0.000238734   -0.204981 0.000672204
1.25935e-05   -0.204998 1.91534e-05 0.000238773   -0.204981 0.000672152
1.25935e-05   -0.204998 1.91534e-05 0.000238786   -0.204981 0.000672155
1.25935e-05   -0.204998 1.91534e-05 0.000238756   -0.204981 0.000672211
1.25935e-05   -0.204998 1.91534e-05 0.000238728   -0.204981 0.000672306
1.25935e-05   -0.204998 1.91534e-05 0.000238655   -0.204981 0.000672452
1.25935e-05   -0.204998 1.91534e-05 0.000238537    -0.20498 0.000672642
1.25935e-05   -0.204998 1.91534e-05 0.000238421    -0.20498 0.000672862
1.25935e-05   -0.204998 1.91534e-05 0.000238248    -0.20498 0.000673119
1.25935e-05   -0.204998 1.91534e-05 0.000238069   -0.204979 0.000673403
1.25935e-05   -0.204998 1.91534e-05 0.000237833   -0.204979 0.000673726
1.25935e-05   -0.204998 1.91534e-05 0.000237578   -0.204978 0.000674066
1.25935e-05   -0.204998 1.91534e-05 0.000237305   -0.204977 0.000674428
1.25935e-05   -0.204998 1.91534e-05 0.000237191   -0.204977 0.000674556
1.25935e-05   -0.204998 1.91534e-05 0.000237208   -0.204978 0.000674471
1.25935e-05   -0.204998 1.91534e-05 0.000237396   -0.204978 0.000674163
1.25935e-05   -0.204998 1.91534e-05 0.000237508   -0.204979 0.000673916
1.25935e-05   -0.204998 1.91534e-05 0.000237613    -0.20498 0.000673714
1.25935e-05   -0.204998 1.91534e-05 0.000237666    -0.20498 0.000673583
1.25935e-05   -0.204998 1.91534e-05 0.000237703    -0.20498 0.000673507
1.25935e-05   -0.204998 1.91534e-05 0.000237696   -0.204981 0.000673491
1.25935e-05   -0.204998 1.91534e-05 0.000237702   -0.204981 0.000673514
1.25935e-05   -0.204998 1.91534e-05 0.000237653    -0.20498 0.000673595
1.25935e-05   -0.204998 1.91534e-05  0.00023754    -0.20498 0.000673728
1.25935e-05   -0.204998 1.91534e-05 0.000237439    -0.20498 0.000673892
1.25935e-05   -0.204998 1.91534e-05 0.000237292    -0.20498 0.000674099
1.25935e-05   -0.204998 1.91534e-05 0.000237109   -0.204979 0.000674342
1.25935e-05   -0.204998 1.91534e-05 0.000236908   -0.204979 0.000674615
1.25935e-05   -0.204998 1.91534e-05  0.00023667   -0.204978 0.000674918
1.25935e-05   -0.204998 1.91534e-05 0.000236404   -0.204977 0.000675244
1.25935e-05   -0.204998 1.91534e-05  0.00023611   -0.204977 0.000675592
1.25935e-05   -0.204998 1.91534e-05 0.000235976   -0.204977 0.000675715
1.25935e-05   -0.204998 1.91534e-05 0.000236001   -0.204977  0.00067561
1.25935e-05   -0.204998 1.91534e-05 0.000235979   -0.204977 0.000675542
1.25935e-05   -0.204998 1.91534e-05 0.000235911   -0.204978 0.000675512
1.25935e-05   -0.204998 1.91534e-05 0.000235818   -0.204978 0.000675536
1.25935e-05   -0.204998 1.91534e-05 0.000235688   -0.204978   0.0006756
1.25935e-05   -0.204998 1.91534e-05 0.000235552   -0.204978   0.0006757
1.25935e-05   -0.204998 1.91534e-05 0.000235361   -0.204978 0.000675847
1.25935e-05   -0.204998 1.91534e-05 0.000235163   -0.204977 0.000676021
1.25935e-05   -0.204998 1.91534e-05 0.000234947   -0.204977 0.000676225
1.25935e-05   -0.204998 1.91534e-05 0.000234861   -0.204977 0.000676219
1.25935e-05   -0.204998 1.91534e-05 0.000234936   -0.204978 0.000675999
1.25935e-05   -0.204998 1.91534e-05 0.000234965   -0.204978 0.000675825
1.25935e-05   -0.204998 1.91534e-05 0.000234939   -0.204979 0.000675708
1.25935e-05   -0.204998 1.91534e-05 0.000234897   -0.204979 0.000675638
1.25935e-05   -0.204998 1.91534e-05 0.000234821   -0.204979 0.000675625
1.25935e-05   -0.204998 1.91534e-05 0.000234749   -0.204979 0.000675649
1.25935e-05   -0.204998 1.91534e-05 0.000234621   -0.204979 0.000675728
1.25935e-05   -0.204998 1.91534e-05 0.000234468   -0.204979 0.000675849
1.25935e-05   -0.204998 1.91534e-05 0.000234259   -0.204978 0.000676016
1.25935e-05   -0.204998 1.91534e-05 0.000234043   -0.204978 0.000676211
1.25935e-05   -0.204998 1.91534e-05  0.00023379   -0.204978 0.000676444
1.25935e-05   -0.204998 1.91534e-05 0.000233548   -0.204977 0.000676693
1.25935e-05   -0.204998 1.91534e-05 0.000233408   -0.204977 0.000676737
1.25935e-05   -0.204998 1.91534e-05 0.000233456   -0.204978 0.000676554
1.25935e-05   -0.204998 1.91534e-05  0.00023344   -0.204978 0.000676422
1.25935e-05   -0.204998 1.91534e-05 0.000233397   -0.204978 0.000676332
1.25935e-05   -0.204998 1.91534e-05 0.000233299   -0.204979 0.000676301
1.25935e-05   -0.204998 1.91534e-05 0.000233186   -0.204979 0.000676315
1.25935e-05   -0.204998 1.91534e-05 0.000233048   -0.204978 0.000676379
1.25935e-05   -0.204998 1.91534e-05 0.000232874   -0.204978 0.000676483
1.25935e-05   -0.204998 1.91534e-05 0.000232484   -0.204978 0.000676811
1.25935e-05   -0.204998 1.91534e-05 0.000232249   -0.204977 0.000677035
1.25935e-05   -0.204998 1.91534e-05 0.000232164   -0.204977 0.000677063
1.25935e-05   -0.204998 1.91534e-05 0.000232231   -0.204978 0.000676898
1.25935e-05   -0.204998 1.91534e-05 0.000232252   -0.204979 0.000676733
1.25935e-05   -0.204998 1.91534e-05 0.000232239   -0.204979 0.000676733
1.25935e-05   -0.204998 1.91534e-05  0.00023219   -0.204979 0.000676796
1.25935e-05   -0.204998 1.91534e-05  0.00023207   -0.204979 0.000677081
1.25935e-05   -0.204998 1.91534e-05 0.000231989   -0.204978 0.000677295
1.25935e-05   -0.204998 1.91534e-05   0.0002319   -0.204978 0.000677553
1.25935e-05   -0.204998 1.91534e-05 0.000231745   -0.204978 0.000677867
1.25935e-05   -0.204998 1.91534e-05 0.000231916   -0.204978  0.00067797
1.25935e-05   -0.204998 1.91534e-05 0.000232017   -0.204979 0.000677995
1.25935e-05   -0.204998 1.91534e-05  0.00023207   -0.204979 0.000678073
1.25935e-05   -0.204998 1.91534e-05 0.000232116   -0.204979 0.000678198
1.25935e-05   -0.204998 1.91534e-05 0.000232092   -0.204979 0.000678628
1.25935e-05   -0.204998 1.91534e-05 0.000232059   -0.204979  0.00067892
1.25935e-05   -0.204998 1.91534e-05 0.000231981   -0.204979 0.000679264
1.25935e-05   -0.204998 1.91534e-05 0.000232045   -0.204979 0.000679438
1.25935e-05   -0.204998 1.91534e-05 0.000232251    -0.20498 0.000679437
1.25935e-05   -0.204998 1.91534e-05 0.000232516   -0.204981  0.00067962
1.25935e-05   -0.204998 1.91534e-05 0.000232586   -0.204981 0.000679809
1.25935e-05   -0.204998 1.91534e-05  0.00023265   -0.204981 0.000680049
1.25935e-05   -0.204998 1.91534e-05  0.00023265   -0.204981 0.000680351
1.25935e-05   -0.204998 1.91534e-05 0.000232591    -0.20498 0.000680628
1.25935e-05   -0.204998 1.91534e-05 0.000232522    -0.20498 0.000681552
1.25935e-05   -0.204998 1.91534e-05 0.000232396    -0.20498  0.00068204
1.25935e-05   -0.204998 1.91534e-05 0.000232432    -0.20498  0.00068234
1.25935e-05   -0.204998 1.91534e-05 0.000232591    -0.20498 0.000682463
1.25935e-05   -0.204998 1.91534e-05 0.000233119   -0.204982 0.000682427
1.25935e-05   -0.204998 1.91534e-05 0.000233292   -0.204982 0.000682512
1.25935e-05   -0.204998 1.91534e-05 0.000233441   -0.204983 0.000682657
1.25935e-05   -0.204998 1.91534e-05 0.000233555   -0.204983 0.000682869
1.25935e-05   -0.204998 1.91534e-05 0.000233761   -0.204983 0.000683478
1.25935e-05   -0.204998 1.91534e-05 0.000233718   -0.204983 0.000683858
1.25935e-05   -0.204998 1.91534e-05 0.000233693   -0.204983 0.000684295
1.25935e-05   -0.204998 1.91534e-05 0.000233642   -0.204982 0.000684776
1.25935e-05   -0.204998 1.91534e-05 0.000233554   -0.204982 0.000685295
1.25935e-05   -0.204998 1.91534e-05  0.00023344   -0.204981 0.000685859
1.25935e-05   -0.204998 1.91534e-05 0.000233271    -0.20498 0.000686462
1.25935e-05   -0.204998 1.91534e-05 0.000233272    -0.20498 0.000686841
1.25935e-05   -0.204998 1.91534e-05 0.000233394   -0.204981 0.000687017
1.25935e-05   -0.204998 1.91534e-05  0.00023364   -0.204981 0.000686988
1.25935e-05   -0.204998 1.91534e-05 0.000233822   -0.204982 0.000687015
1.25935e-05   -0.204998 1.91534e-05  0.00023395   -0.204982 0.000687099
1.25935e-05   -0.204998 1.91534e-05 0.000234034   -0.204983 0.000687241
1.25935e-05   -0.204998 1.91534e-05 0.000234074   -0.204983  0.00068744
1.25935e-05   -0.204998 1.91534e-05  0.00023406   -0.204983 0.000687694
1.25935e-05   -0.204998 1.91534e-05 0.000234011   -0.204982 0.000687998
1.25935e-05   -0.204998 1.91534e-05 0.000233908   -0.204982 0.000688343
1.25935e-05   -0.204998 1.91534e-05  0.00023376   -0.204982 0.000688733
1.25935e-05   -0.204998 1.91534e-05 0.000233585   -0.204981 0.000689154
1.25935e-05   -0.204998 1.91534e-05 0.000233366   -0.204981 0.000689608
1.25935e-05   -0.204998 1.91534e-05   0.0002331    -0.20498 0.000690087
1.25935e-05   -0.204998 1.91534e-05 0.000233014    -0.20498 0.000690331
1.25935e-05   -0.204998 1.91534e-05 0.000233022    -0.20498 0.000690371
1.25935e-05   -0.204998 1.91534e-05 0.000232994    -0.20498 0.000690441
1.25935e-05   -0.204998 1.91534e-05 0.000232932    -0.20498 0.000690553
1.25935e-05   -0.204998 1.91534e-05 0.000232835    -0.20498 0.000690709
1.25935e-05   -0.204998 1.91534e-05 0.000232694    -0.20498 0.000690911
1.25935e-05   -0.204998 1.91534e-05 0.000232539    -0.20498 0.000691153
1.25935e-05   -0.204998 1.91534e-05 0.000232347    -0.20498 0.000691428
1.25935e-05   -0.204998 1.91534e-05 0.000232307    -0.20498 0.000691489
1.25935e-05   -0.204998 1.91534e-05 0.000232194    -0.20498 0.000691605
1.25935e-05   -0.204998 1.91534e-05 0.000232075    -0.20498 0.000691742
1.25935e-05   -0.204998 1.91534e-05  0.00023193   -0.204979 0.000691923
1.25935e-05   -0.204998 1.91534e-05 0.000231742   -0.204979 0.000692145
1.25935e-05   -0.204998 1.91534e-05 0.000231675   -0.204979 0.000692163
1.25935e-05   -0.204998 1.91534e-05 0.000231603   -0.204979 0.000692212
1.25935e-05   -0.204998 1.91534e-05 0.000231467   -0.204979 0.000692309
1.25935e-05   -0.204998 1.91534e-05 0.000231336   -0.204979 0.000692442
1.25935e-05   -0.204998 1.91534e-05 0.000231149   -0.204979 0.000692622
1.25935e-05   -0.204998 1.91534e-05 0.000231133   -0.204979 0.000692587
1.25935e-05   -0.204998 1.91534e-05 0.000231055   -0.204979 0.000692605
1.25935e-05   -0.204998 1.91534e-05 0.000230949   -0.204979 0.000692658
1.25935e-05   -0.204998 1.91534e-05  0.00023081   -0.204979 0.000692765
1.25935e-05   -0.204998 1.91534e-05 0.000230644   -0.204979 0.000692908
1.25935e-05   -0.204998 1.91534e-05 0.000230453   -0.204979 0.000693094
1.25935e-05   -0.204998 1.91534e-05 0.000230394   -0.204979 0.000693073
1.25935e-05   -0.204998 1.91534e-05 0.000230485   -0.204979 0.000692844
1.25935e-05   -0.204998 1.91534e-05 0.000230525    -0.20498 0.000692671
1.25935e-05   -0.204998 1.91534e-05  0.00023052    -0.20498 0.000692556
1.25935e-05   -0.204998 1.91534e-05 0.000230511    -0.20498 0.000692496
1.25935e-05   -0.204998 1.91534e-05 0.000230429    -0.20498 0.000692505
1.25935e-05   -0.204998 1.91534e-05 0.000230342    -0.20498 0.000692561
1.25935e-05   -0.204998 1.91534e-05 0.000230258    -0.20498 0.000692655
1.25935e-05   -0.204998 1.91534e-05  0.00023011   -0.204979 0.000692801
1.25935e-05   -0.204998 1.91534e-05 0.000229907   -0.204979 0.000692998
1.25935e-05   -0.204998 1.91534e-05 0.000229725   -0.204978 0.000693212
1.25935e-05   -0.204998 1.91534e-05 0.000229499   -0.204978 0.000693466
1.25935e-05   -0.204998 1.91534e-05 0.000229393   -0.204978 0.000693512
1.25935e-05   -0.204998 1.91534e-05 0.000229439   -0.204978 0.000693342
1.25935e-05   -0.204998 1.91534e-05 0.000229451   -0.204978 0.000693217
1.25935e-05   -0.204998 1.91534e-05 0.000229399   -0.204978 0.000693152
1.25935e-05   -0.204998 1.91534e-05 0.000229362   -0.204978 0.000693132
1.25935e-05   -0.204998 1.91534e-05 0.000229269   -0.204978 0.000693165
1.25935e-05   -0.204998 1.91534e-05 0.000229171   -0.204978 0.000693244
1.25935e-05   -0.204998 1.91534e-05 0.000229009   -0.204978 0.000693377
1.25935e-05   -0.204998 1.91534e-05  0.00022884   -0.204977 0.000693544
1.25935e-05   -0.204998 1.91534e-05 0.000228636   -0.204977  0.00069375
1.25935e-05   -0.204998 1.91534e-05 0.000228562   -0.204977 0.000693748
1.25935e-05   -0.204998 1.91534e-05 0.000228639   -0.204977 0.000693533
1.25935e-05   -0.204998 1.91534e-05 0.000228662   -0.204978 0.000693373
1.25935e-05   -0.204998 1.91534e-05 0.000228669   -0.204978 0.000693251
1.25935e-05   -0.204998 1.91534e-05 0.000228613   -0.204978 0.000693199
1.25935e-05   -0.204998 1.91534e-05 0.00022856  -0.204978 0.00069319
1.25935e-05   -0.204998 1.91534e-05 0.000228453   -0.204978 0.000693241
1.25935e-05   -0.204998 1.91534e-05 0.000228291   -0.204978 0.000693345
1.25935e-05   -0.204998 1.91534e-05 0.000228151   -0.204977 0.000693477
1.25935e-05   -0.204998 1.91534e-05 0.000227966   -0.204977 0.000693651
1.25935e-05   -0.204998 1.91534e-05 0.000227743   -0.204976 0.000693864
1.25935e-05   -0.204998 1.91534e-05 0.000227652   -0.204976 0.000693863
1.25935e-05   -0.204998 1.91534e-05 0.000227721   -0.204977 0.000693652
1.25935e-05   -0.204998 1.91534e-05 0.000227727   -0.204977 0.000693496
1.25935e-05   -0.204998 1.91534e-05 0.000227708   -0.204977 0.000693387
1.25935e-05   -0.204998 1.91534e-05 0.000227644   -0.204977 0.000693339
1.25935e-05   -0.204998 1.91534e-05 0.000227584   -0.204977 0.000693333
1.25935e-05   -0.204998 1.91534e-05  0.00022745   -0.204977 0.000693392
1.25935e-05   -0.204998 1.91534e-05  0.00022731   -0.204977 0.000693489
1.25935e-05   -0.204998 1.91534e-05 0.000227153   -0.204976 0.000693622
1.25935e-05   -0.204998 1.91534e-05 0.000226941   -0.204976 0.000693799
1.25935e-05   -0.204998 1.91534e-05 0.000226731   -0.204975 0.000694001
1.25935e-05   -0.204998 1.91534e-05 0.000226632   -0.204975 0.000693996
1.25935e-05   -0.204998 1.91534e-05 0.000226675   -0.204976 0.000693782
1.25935e-05   -0.204998 1.91534e-05 0.000226692   -0.204976 0.000693612
1.25935e-05   -0.204998 1.91534e-05 0.000226665   -0.204976 0.000693494
1.25935e-05   -0.204998 1.91534e-05 0.000226583   -0.204976 0.000693441
1.25935e-05   -0.204998 1.91534e-05 0.000226514   -0.204976 0.000693422
1.25935e-05   -0.204998 1.91534e-05 0.000226382   -0.204976 0.000693466
1.25935e-05   -0.204998 1.91534e-05 0.000226244   -0.204976 0.000693548
1.25935e-05   -0.204998 1.91534e-05 0.000226059   -0.204975 0.000693672
1.25935e-05   -0.204998 1.91534e-05 0.000225839   -0.204975 0.000693838
1.25935e-05   -0.204998 1.91534e-05 0.000225778   -0.204975 0.000693784
1.25935e-05   -0.204998 1.91534e-05 0.000225859   -0.204975 0.000693522
1.25935e-05   -0.204998 1.91534e-05 0.000225865   -0.204976 0.000693324
1.25935e-05   -0.204998 1.91534e-05 0.000225866   -0.204976 0.000693168
1.25935e-05   -0.204998 1.91534e-05 0.000225794   -0.204976 0.000693081
1.25935e-05   -0.204998 1.91534e-05 0.000225725   -0.204976 0.000693037
1.25935e-05   -0.204998 1.91534e-05 0.000225632   -0.204976 0.000693044
1.25935e-05   -0.204998 1.91534e-05 0.000225494   -0.204976 0.000693101
1.25935e-05   -0.204998 1.91534e-05  0.00022532   -0.204975 0.000693201
1.25935e-05   -0.204998 1.91534e-05  0.00022513   -0.204975 0.000693336
1.25935e-05   -0.204998 1.91534e-05 0.000224883   -0.204975 0.000693509
1.25935e-05   -0.204998 1.91534e-05 0.000224796   -0.204975 0.000693466
1.25935e-05   -0.204998 1.91534e-05  0.00022486   -0.204975 0.000693212
1.25935e-05   -0.204998 1.91534e-05 0.000224859   -0.204975 0.000693013
1.25935e-05   -0.204998 1.91534e-05 0.000224842   -0.204976 0.000692855
1.25935e-05   -0.204998 1.91534e-05 0.000224771   -0.204976 0.000692762
1.25935e-05   -0.204998 1.91534e-05 0.000224675   -0.204976 0.000692721
1.25935e-05   -0.204998 1.91534e-05 0.000224533   -0.204975 0.000692729
1.25935e-05   -0.204998 1.91534e-05 0.000224396   -0.204975 0.000692774
1.25935e-05   -0.204998 1.91534e-05 0.000224212   -0.204975 0.000692863
1.25935e-05   -0.204998 1.91534e-05 0.000224001   -0.204974 0.000692991
1.25935e-05   -0.204998 1.91534e-05 0.000223745   -0.204974 0.000693153
1.25935e-05   -0.204998 1.91534e-05 0.000223647   -0.204974 0.000693097
1.25935e-05   -0.204998 1.91534e-05 0.000223682   -0.204974 0.000692842
1.25935e-05   -0.204998 1.91534e-05 0.000223679   -0.204975 0.000692623
1.25935e-05   -0.204998 1.91534e-05 0.000223632   -0.204975 0.000692462
1.25935e-05   -0.204998 1.91534e-05 0.000223569   -0.204975  0.00069235
1.25935e-05   -0.204998 1.91534e-05 0.000223452   -0.204975 0.000692299
1.25935e-05   -0.204998 1.91534e-05 0.000223308   -0.204975 0.000692291
1.25935e-05   -0.204998 1.91534e-05 0.000223139   -0.204975 0.000692327
1.25935e-05   -0.204998 1.91534e-05 0.000222953   -0.204974 0.000692402
1.25935e-05   -0.204998 1.91534e-05 0.000222711   -0.204974 0.000692514
1.25935e-05   -0.204998 1.91534e-05 0.000222452   -0.204973 0.000692656
1.25935e-05   -0.204998 1.91534e-05 0.000222343   -0.204973 0.000692588
1.25935e-05   -0.204998 1.91534e-05 0.000222384   -0.204974 0.000692308
1.25935e-05   -0.204998 1.91534e-05 0.00022237  -0.204974 0.00069208
1.25935e-05   -0.204998 1.91534e-05   0.0002223   -0.204974 0.000691902
1.25935e-05   -0.204998 1.91534e-05 0.000222244   -0.204975 0.000691769
1.25935e-05   -0.204998 1.91534e-05 0.000222105   -0.204975 0.000691702
1.25935e-05   -0.204998 1.91534e-05 0.000221959   -0.204974 0.000691681
1.25935e-05   -0.204998 1.91534e-05 0.000221787   -0.204974 0.000691696
1.25935e-05   -0.204998 1.91534e-05 0.000221588   -0.204974 0.000691751
1.25935e-05   -0.204998 1.91534e-05 0.000221333   -0.204974  0.00069185
1.25935e-05   -0.204998 1.91534e-05 0.000221071   -0.204973 0.000691974
1.25935e-05   -0.204998 1.91534e-05 0.000220929   -0.204973 0.000691894
1.25935e-05   -0.204998 1.91534e-05 0.000220978   -0.204974 0.000691598
1.25935e-05   -0.204998 1.91534e-05  0.00022095   -0.204974 0.000691354
1.25935e-05   -0.204998 1.91534e-05 0.000220876   -0.204974 0.000691155
1.25935e-05   -0.204998 1.91534e-05 0.000220767   -0.204974 0.000691013
1.25935e-05   -0.204998 1.91534e-05 0.000220642   -0.204974 0.000690915
1.25935e-05   -0.204998 1.91534e-05 0.000220471   -0.204974 0.000690873
1.25935e-05   -0.204998 1.91534e-05 0.000220283   -0.204974 0.000690869
1.25935e-05   -0.204998 1.91534e-05 0.000220068   -0.204974 0.000690905
1.25935e-05   -0.204998 1.91534e-05 0.000219807   -0.204974 0.000690985
1.25935e-05   -0.204998 1.91534e-05 0.000219498   -0.204973 0.000691097
1.25935e-05   -0.204998 1.91534e-05 0.000219369   -0.204973 0.000690995
1.25935e-05   -0.204998 1.91534e-05 0.000219381   -0.204974  0.00069069
1.25935e-05   -0.204998 1.91534e-05 0.000219327   -0.204974 0.000690439
1.25935e-05   -0.204998 1.91534e-05 0.000219265   -0.204974 0.000690224
1.25935e-05   -0.204998 1.91534e-05 0.000219139   -0.204974 0.000690077
1.25935e-05   -0.204998 1.91534e-05 0.000218987   -0.204974  0.00068998
1.25935e-05   -0.204998 1.91534e-05 0.000218817   -0.204974 0.000689928
1.25935e-05   -0.204998 1.91534e-05 0.000218601   -0.204974 0.000689923
1.25935e-05   -0.204998 1.91534e-05 0.000218367   -0.204974 0.000689955
1.25935e-05   -0.204998 1.91534e-05 0.000218086   -0.204974 0.000690028
1.25935e-05   -0.204998 1.91534e-05 0.000217767   -0.204973 0.000690131
1.25935e-05   -0.204998 1.91534e-05 0.000217609   -0.204973 0.000690025
1.25935e-05   -0.204998 1.91534e-05 0.000217611   -0.204974 0.000689714
1.25935e-05   -0.204998 1.91534e-05 0.000217518   -0.204974 0.000689461
1.25935e-05   -0.204998 1.91534e-05 0.000217427   -0.204974 0.000689244
1.25935e-05   -0.204998 1.91534e-05  0.00021729   -0.204974 0.000689087
1.25935e-05   -0.204998 1.91534e-05 0.000217137   -0.204974 0.000688975
1.25935e-05   -0.204998 1.91534e-05 0.000216927   -0.204974 0.000688925
1.25935e-05   -0.204998 1.91534e-05  0.00021669   -0.204974 0.000688912
1.25935e-05   -0.204998 1.91534e-05 0.000216424   -0.204974 0.000688937
1.25935e-05   -0.204998 1.91534e-05 0.000216102   -0.204973  0.00068901
1.25935e-05   -0.204998 1.91534e-05 0.000215961   -0.204974 0.000688861
1.25935e-05   -0.204998 1.91534e-05 0.000215762   -0.204974 0.000688765
1.25935e-05   -0.204998 1.91534e-05 0.000215525   -0.204973 0.000688699
1.25935e-05   -0.204998 1.91534e-05 0.000215431   -0.204974 0.000688441
1.25935e-05   -0.204998 1.91534e-05   0.0002153   -0.204974 0.000688235
1.25935e-05   -0.204998 1.91534e-05 0.000215121   -0.204974 0.000688077
1.25935e-05   -0.204998 1.91534e-05 0.000214926   -0.204974 0.000687962
1.25935e-05   -0.204998 1.91534e-05 0.000214694   -0.204974 0.000687899
1.25935e-05   -0.204998 1.91534e-05 0.000214415   -0.204974 0.000687882
1.25935e-05   -0.204998 1.91534e-05 0.000214098   -0.204974 0.000687905
1.25935e-05   -0.204998 1.91534e-05 0.000213773   -0.204973  0.00068796
1.25935e-05   -0.204998 1.91534e-05 0.000213581   -0.204974 0.000687816
1.25935e-05   -0.204998 1.91534e-05 0.000213551   -0.204974 0.000687471
1.25935e-05   -0.204998 1.91534e-05 0.000213464   -0.204975 0.000687179
1.25935e-05   -0.204998 1.91534e-05 0.000213321   -0.204975 0.000686946
1.25935e-05   -0.204998 1.91534e-05 0.000213162   -0.204975 0.000686763
1.25935e-05   -0.204998 1.91534e-05 0.000212975   -0.204975 0.000686632
1.25935e-05   -0.204998 1.91534e-05 0.000212724   -0.204975 0.000686561
1.25935e-05   -0.204998 1.91534e-05 0.000212463   -0.204975 0.000686528
1.25935e-05   -0.204998 1.91534e-05 0.000212137   -0.204975 0.000686546
1.25935e-05   -0.204998 1.91534e-05 0.000211821   -0.204974 0.000686588
1.25935e-05   -0.204998 1.91534e-05 0.000211448   -0.204974 0.000686669
1.25935e-05   -0.204998 1.91534e-05 0.000211037   -0.204973 0.000686785
1.25935e-05   -0.204998 1.91534e-05 0.000210808   -0.204973 0.000686684
1.25935e-05   -0.204998 1.91534e-05 0.000210693   -0.204974 0.000686398
1.25935e-05   -0.204998 1.91534e-05 0.000210751   -0.204974 0.000685909
1.25935e-05   -0.204998 1.91534e-05 0.000210741   -0.204975 0.000685479
1.25935e-05   -0.204998 1.91534e-05 0.000210688   -0.204976  0.00068512
1.25935e-05   -0.204998 1.91534e-05 0.000210618   -0.204976 0.000684821
1.25935e-05   -0.204998 1.91534e-05 0.000210503   -0.204976 0.000684593
1.25935e-05   -0.204998 1.91534e-05 0.000210363   -0.204977 0.000684425
1.25935e-05   -0.204998 1.91534e-05 0.000210157   -0.204976 0.000684321
1.25935e-05   -0.204998 1.91534e-05 0.000209944   -0.204976 0.000684254
1.25935e-05   -0.204998 1.91534e-05 0.000209664   -0.204976 0.000684246
1.25935e-05   -0.204998 1.91534e-05 0.000209357   -0.204976 0.000684273
1.25935e-05   -0.204998 1.91534e-05 0.000209031   -0.204975 0.000684339
1.25935e-05   -0.204998 1.91534e-05 0.000208678   -0.204975 0.000684432
1.25935e-05   -0.204998 1.91534e-05 0.000208256   -0.204974 0.000684563
1.25935e-05   -0.204998 1.91534e-05 0.000207806   -0.204973 0.000684723
1.25935e-05   -0.204998 1.91534e-05 0.000207308   -0.204973 0.000684908
1.25935e-05   -0.204998 1.91534e-05  0.00020702   -0.204973 0.000684874
1.25935e-05   -0.204998 1.91534e-05 0.000206848   -0.204973 0.000684641
1.25935e-05   -0.204998 1.91534e-05 0.000206849   -0.204974 0.000684208
1.25935e-05   -0.204998 1.91534e-05 0.000206793   -0.204974 0.000683833
1.25935e-05   -0.204998 1.91534e-05 0.000206692   -0.204975 0.000683517
1.25935e-05   -0.204998 1.91534e-05 0.000206574   -0.204975 0.000683262
1.25935e-05   -0.204998 1.91534e-05 0.000206402   -0.204975 0.000683075
1.25935e-05   -0.204998 1.91534e-05 0.000206214   -0.204975 0.000682939
1.25935e-05   -0.204998 1.91534e-05 0.000205988   -0.204975 0.000682854
1.25935e-05   -0.204998 1.91534e-05 0.000205707   -0.204975 0.000682824
1.25935e-05   -0.204998 1.91534e-05 0.000205409   -0.204975 0.000682833
1.25935e-05   -0.204998 1.91534e-05 0.000205064   -0.204974 0.000682883
1.25935e-05   -0.204998 1.91534e-05 0.000204719   -0.204974 0.000682958
1.25935e-05   -0.204998 1.91534e-05 0.000204288   -0.204973 0.000683077
1.25935e-05   -0.204998 1.91534e-05 0.000203838   -0.204973 0.000683223
1.25935e-05   -0.204998 1.91534e-05 0.000203379   -0.204972 0.000683384
1.25935e-05   -0.204998 1.91534e-05 0.000203054   -0.204972 0.000683349
1.25935e-05   -0.204998 1.91534e-05 0.000202893   -0.204972 0.000683108
1.25935e-05   -0.204998 1.91534e-05 0.000202905   -0.204973 0.000682667
1.25935e-05   -0.204998 1.91534e-05 0.000202852   -0.204974 0.000682287
1.25935e-05   -0.204998 1.91534e-05 0.000202743   -0.204974 0.000681972
1.25935e-05   -0.204998 1.91534e-05 0.000202628   -0.204975  0.00068171
1.25935e-05   -0.204998 1.91534e-05 0.000202459   -0.204975 0.000681521
1.25935e-05   -0.204998 1.91534e-05 0.000202264   -0.204975 0.000681384
1.25935e-05   -0.204998 1.91534e-05 0.000202042   -0.204975 0.000681298
1.25935e-05   -0.204998 1.91534e-05 0.000201766   -0.204975 0.000681267
1.25935e-05   -0.204998 1.91534e-05 0.000201471   -0.204975 0.000681271
1.25935e-05   -0.204998 1.91534e-05  0.00020111   -0.204974 0.000681329
1.25935e-05   -0.204998 1.91534e-05  0.00020076   -0.204974 0.000681401
1.25935e-05   -0.204998 1.91534e-05 0.000200354   -0.204973 0.000681517
1.25935e-05   -0.204998 1.91534e-05   0.0001999   -0.204973 0.000681665
1.25935e-05   -0.204998 1.91534e-05 0.000199436   -0.204972  0.00068183
1.25935e-05   -0.204998 1.91534e-05 0.000199107   -0.204972 0.000681798
1.25935e-05   -0.204998 1.91534e-05 0.000198951   -0.204972 0.000681561
1.25935e-05   -0.204998 1.91534e-05 0.000198738   -0.204973 0.000681365
1.25935e-05   -0.204998 1.91534e-05 0.000198518   -0.204973 0.000681204
1.25935e-05   -0.204998 1.91534e-05 0.000198232   -0.204973 0.000681104
1.25935e-05   -0.204998 1.91534e-05  0.00019794   -0.204973 0.000681042
1.25935e-05   -0.204998 1.91534e-05 0.000197582   -0.204973 0.000681035
1.25935e-05   -0.204998 1.91534e-05 0.000197206   -0.204973  0.00068106
1.25935e-05   -0.204998 1.91534e-05 0.000196994   -0.204973  0.00068089
1.25935e-05   -0.204998 1.91534e-05 0.000196746   -0.204973 0.000680765
1.25935e-05   -0.204998 1.91534e-05 0.000196451   -0.204973 0.000680681
1.25935e-05   -0.204998 1.91534e-05   0.0001961   -0.204973 0.000680648
1.25935e-05   -0.204998 1.91534e-05 0.000195943   -0.204973 0.000680413
1.25935e-05   -0.204998 1.91534e-05  0.00019572   -0.204974 0.000680236
1.25935e-05   -0.204998 1.91534e-05 0.000195461   -0.204974 0.000680104
1.25935e-05   -0.204998 1.91534e-05 0.000195185   -0.204974 0.000680016
1.25935e-05   -0.204998 1.91534e-05 0.000194854   -0.204974 0.000679982
1.25935e-05   -0.204998 1.91534e-05 0.000194476   -0.204974  0.00067999
1.25935e-05   -0.204998 1.91534e-05  0.00019412   -0.204973 0.000680021
1.25935e-05   -0.204998 1.91534e-05  0.00019388   -0.204974 0.000679874
1.25935e-05   -0.204998 1.91534e-05 0.000193804   -0.204974 0.000679536
1.25935e-05   -0.204998 1.91534e-05 0.000193673   -0.204975 0.000679249
1.25935e-05   -0.204998 1.91534e-05 0.000193467   -0.204975 0.000679028
1.25935e-05   -0.204998 1.91534e-05 0.000193283   -0.204975 0.000678847
1.25935e-05   -0.204998 1.91534e-05 0.000193036   -0.204975  0.00067873
1.25935e-05   -0.204998 1.91534e-05 0.000192763   -0.204975 0.000678656
1.25935e-05   -0.204998 1.91534e-05 0.000192435   -0.204975  0.00067864
1.25935e-05   -0.204998 1.91534e-05 0.000192108   -0.204975 0.000678652
1.25935e-05   -0.204998 1.91534e-05 0.000191727   -0.204975 0.000678708
1.25935e-05   -0.204998 1.91534e-05 0.000191308   -0.204974 0.000678799
1.25935e-05   -0.204998 1.91534e-05 0.000190871   -0.204974 0.000678919
1.25935e-05   -0.204998 1.91534e-05 0.000190579   -0.204974 0.000678846
1.25935e-05   -0.204998 1.91534e-05 0.000190452   -0.204974  0.00067858
1.25935e-05   -0.204998 1.91534e-05 0.000190267   -0.204974 0.000678361
1.25935e-05   -0.204998 1.91534e-05 0.000190056   -0.204975 0.000678183
1.25935e-05   -0.204998 1.91534e-05 0.000189811   -0.204975 0.000678061
1.25935e-05   -0.204998 1.91534e-05  0.00018951   -0.204975 0.000677994
1.25935e-05   -0.204998 1.91534e-05 0.000189222   -0.204975 0.000677958
1.25935e-05   -0.204998 1.91534e-05 0.000188841   -0.204974 0.000677986
1.25935e-05   -0.204998 1.91534e-05 0.000188471   -0.204974 0.000678038
1.25935e-05   -0.204998 1.91534e-05 0.000188256   -0.204974 0.000677903
1.25935e-05   -0.204998 1.91534e-05 0.000188196   -0.204975 0.000677578
1.25935e-05   -0.204998 1.91534e-05 0.000188069   -0.204975 0.000677309
1.25935e-05   -0.204998 1.91534e-05 0.000187918   -0.204975  0.00067709
1.25935e-05   -0.204998 1.91534e-05 0.000187712   -0.204976 0.000676935
1.25935e-05   -0.204998 1.91534e-05 0.000187471   -0.204976 0.000676834
1.25935e-05   -0.204998 1.91534e-05 0.000187214   -0.204976 0.000676776
1.25935e-05   -0.204998 1.91534e-05 0.000186932   -0.204975 0.000676761
1.25935e-05   -0.204998 1.91534e-05 0.000186593   -0.204975 0.000676798
1.25935e-05   -0.204998 1.91534e-05  0.00018621   -0.204975 0.000676875
1.25935e-05   -0.204998 1.91534e-05 0.000185819   -0.204974 0.000676975
1.25935e-05   -0.204998 1.91534e-05  0.00018561   -0.204974 0.000676879
1.25935e-05   -0.204998 1.91534e-05 0.000185507   -0.204975  0.00067661
1.25935e-05   -0.204998 1.91534e-05 0.000185368   -0.204975 0.000676383
1.25935e-05   -0.204998 1.91534e-05 0.000185204   -0.204975 0.000676206
1.25935e-05   -0.204998 1.91534e-05 0.000185004   -0.204975 0.000676077
1.25935e-05   -0.204998 1.91534e-05  0.00018474   -0.204975 0.000676011
1.25935e-05   -0.204998 1.91534e-05 0.000184489   -0.204975 0.000675981
1.25935e-05   -0.204998 1.91534e-05 0.000184173   -0.204975 0.000676001
1.25935e-05   -0.204998 1.91534e-05 0.000183813   -0.204975 0.000676064
1.25935e-05   -0.204998 1.91534e-05 0.000183453   -0.204974  0.00067615
1.25935e-05   -0.204998 1.91534e-05 0.000183229   -0.204974 0.000676057
1.25935e-05   -0.204998 1.91534e-05 0.000183178   -0.204975 0.000675775
1.25935e-05   -0.204998 1.91534e-05 0.000183063   -0.204975 0.000675543
1.25935e-05   -0.204998 1.91534e-05 0.000182922   -0.204975  0.00067536
1.25935e-05   -0.204998 1.91534e-05 0.000182746   -0.204975 0.000675233
1.25935e-05   -0.204998 1.91534e-05 0.000182534   -0.204975 0.000675155
1.25935e-05   -0.204998 1.91534e-05 0.000182278   -0.204975 0.000675128
1.25935e-05   -0.204998 1.91534e-05 0.000181977   -0.204975  0.00067515
1.25935e-05   -0.204998 1.91534e-05  0.00018165   -0.204975 0.000675209
1.25935e-05   -0.204998 1.91534e-05 0.000181296   -0.204974 0.000675302
1.25935e-05   -0.204998 1.91534e-05 0.000180915   -0.204974 0.000675424
1.25935e-05   -0.204998 1.91534e-05 0.000180698   -0.204974 0.000675362
1.25935e-05   -0.204998 1.91534e-05 0.000180645   -0.204974 0.000675112
1.25935e-05   -0.204998 1.91534e-05 0.000180536   -0.204975 0.000674905
1.25935e-05   -0.204998 1.91534e-05 0.000180373   -0.204975 0.000674755
1.25935e-05   -0.204998 1.91534e-05 0.000180184   -0.204975 0.000674654
1.25935e-05   -0.204998 1.91534e-05 0.000179961   -0.204975 0.000674601
1.25935e-05   -0.204998 1.91534e-05 0.000179712   -0.204975 0.000674594
1.25935e-05   -0.204998 1.91534e-05 0.000179417   -0.204974 0.000674628
1.25935e-05   -0.204998 1.91534e-05 0.000179097   -0.204974 0.000674698
1.25935e-05   -0.204998 1.91534e-05  0.00017893   -0.204974 0.000674593
1.25935e-05   -0.204998 1.91534e-05 0.000178907   -0.204975 0.000674306
1.25935e-05   -0.204998 1.91534e-05 0.000178859   -0.204975  0.00067406
1.25935e-05   -0.204998 1.91534e-05 0.000178746   -0.204975 0.000673881
1.25935e-05   -0.204998 1.91534e-05 0.000178618   -0.204976  0.00067374
1.25935e-05   -0.204998 1.91534e-05 0.000178447   -0.204976 0.000673663
1.25935e-05   -0.204998 1.91534e-05  0.00017824   -0.204975 0.000673634
1.25935e-05   -0.204998 1.91534e-05 0.000177997   -0.204975 0.000673649
1.25935e-05   -0.204998 1.91534e-05 0.000177709   -0.204975 0.000673707
1.25935e-05   -0.204998 1.91534e-05 0.000177404   -0.204975 0.000673799
1.25935e-05   -0.204998 1.91534e-05 0.000177063   -0.204974  0.00067392
1.25935e-05   -0.204998 1.91534e-05 0.000176866   -0.204974 0.000673865
1.25935e-05   -0.204998 1.91534e-05 0.000176832   -0.204974 0.000673628
1.25935e-05   -0.204998 1.91534e-05 0.000176763   -0.204975 0.000673428
1.25935e-05   -0.204998 1.91534e-05 0.000176648   -0.204975 0.000673283
1.25935e-05   -0.204998 1.91534e-05 0.000176471   -0.204975 0.000673194
1.25935e-05   -0.204998 1.91534e-05 0.000176297   -0.204975 0.000673147
1.25935e-05   -0.204998 1.91534e-05 0.000176078   -0.204975 0.000673143
1.25935e-05   -0.204998 1.91534e-05 0.000175823   -0.204975 0.000673189
1.25935e-05   -0.204998 1.91534e-05 0.000175523   -0.204974  0.00067327
1.25935e-05   -0.204998 1.91534e-05 0.000175196   -0.204974 0.000673388
1.25935e-05   -0.204998 1.91534e-05 0.000175042   -0.204974 0.000673316
1.25935e-05   -0.204998 1.91534e-05 0.000175032   -0.204974 0.000673069
1.25935e-05   -0.204998 1.91534e-05 0.000174987   -0.204975 0.000672867
1.25935e-05   -0.204998 1.91534e-05 0.000174867   -0.204975 0.000672722
1.25935e-05   -0.204998 1.91534e-05 0.000174722   -0.204975 0.000672624
1.25935e-05   -0.204998 1.91534e-05 0.000174562   -0.204975 0.000672575
1.25935e-05   -0.204998 1.91534e-05 0.000174367   -0.204975 0.000672568
1.25935e-05   -0.204998 1.91534e-05 0.000174117   -0.204975 0.000672613
1.25935e-05   -0.204998 1.91534e-05 0.000173851   -0.204974 0.000672692
1.25935e-05   -0.204998 1.91534e-05 0.000173538   -0.204974 0.000672806
1.25935e-05   -0.204998 1.91534e-05 0.000173389   -0.204974 0.000672738
1.25935e-05   -0.204998 1.91534e-05 0.000173403   -0.204974 0.000672492
1.25935e-05   -0.204998 1.91534e-05 0.000173361   -0.204975 0.000672294
1.25935e-05   -0.204998 1.91534e-05 0.000173276   -0.204975 0.000672147
1.25935e-05   -0.204998 1.91534e-05 0.000173136   -0.204975  0.00067206
1.25935e-05   -0.204998 1.91534e-05 0.000172972   -0.204975 0.000672016
1.25935e-05   -0.204998 1.91534e-05  0.00017279   -0.204975 0.000672013
1.25935e-05   -0.204998 1.91534e-05 0.000172566   -0.204975 0.000672059
1.25935e-05   -0.204998 1.91534e-05 0.000172304   -0.204974 0.000672142
1.25935e-05   -0.204998 1.91534e-05 0.000172006   -0.204974 0.000672254
1.25935e-05   -0.204998 1.91534e-05 0.000171881   -0.204974 0.000672189
1.25935e-05   -0.204998 1.91534e-05 0.000171918   -0.204974 0.000671947
1.25935e-05   -0.204998 1.91534e-05 0.000171882   -0.204975 0.000671759
1.25935e-05   -0.204998 1.91534e-05 0.000171809   -0.204975 0.000671615
1.25935e-05   -0.204998 1.91534e-05 0.000171674   -0.204975 0.000671532
1.25935e-05   -0.204998 1.91534e-05 0.000171533   -0.204975 0.000671489
1.25935e-05   -0.204998 1.91534e-05 0.000171356   -0.204975 0.000671496
1.25935e-05   -0.204998 1.91534e-05 0.000171165   -0.204975 0.000671536
1.25935e-05   -0.204998 1.91534e-05 0.000170899   -0.204974 0.000671628
1.25935e-05   -0.204998 1.91534e-05 0.000170625   -0.204974 0.000671747
1.25935e-05   -0.204998 1.91534e-05 0.000170504   -0.204974 0.000671687
1.25935e-05   -0.204998 1.91534e-05 0.000170518   -0.204974 0.000671467
1.25935e-05   -0.204998 1.91534e-05 0.000170486   -0.204975 0.000671283
1.25935e-05   -0.204998 1.91534e-05 0.000170437   -0.204975 0.000671139
1.25935e-05   -0.204998 1.91534e-05 0.000170335   -0.204975  0.00067106
1.25935e-05   -0.204998 1.91534e-05 0.000170189   -0.204975 0.000671027
1.25935e-05   -0.204998 1.91534e-05 0.000170028   -0.204975 0.000671038
1.25935e-05   -0.204998 1.91534e-05 0.000169821   -0.204974 0.000671088
1.25935e-05   -0.204998 1.91534e-05 0.000169569   -0.204974 0.000671184
1.25935e-05   -0.204998 1.91534e-05 0.000169301   -0.204974 0.000671309
1.25935e-05   -0.204998 1.91534e-05 0.000169205   -0.204974 0.000671251
1.25935e-05   -0.204998 1.91534e-05 0.000169223   -0.204974 0.000671035
1.25935e-05   -0.204998 1.91534e-05 0.000169215   -0.204974 0.000670855
1.25935e-05   -0.204998 1.91534e-05 0.000169143   -0.204975 0.000670732
1.25935e-05   -0.204998 1.91534e-05 0.000169075   -0.204975 0.000670648
1.25935e-05   -0.204998 1.91534e-05 0.000168943   -0.204975  0.00067062
1.25935e-05   -0.204998 1.91534e-05 0.000168796   -0.204975 0.000670633
1.25935e-05   -0.204998 1.91534e-05 0.000168585   -0.204974 0.000670697
1.25935e-05   -0.204998 1.91534e-05 0.000168348   -0.204974  0.00067079
1.25935e-05   -0.204998 1.91534e-05 0.000168084   -0.204973 0.000670918
1.25935e-05   -0.204998 1.91534e-05 0.000167993   -0.204973  0.00067087
1.25935e-05   -0.204998 1.91534e-05 0.000168036   -0.204974  0.00067066
1.25935e-05   -0.204998 1.91534e-05 0.000168042   -0.204974 0.000670484
1.25935e-05   -0.204998 1.91534e-05 0.000167984   -0.204974 0.000670366
1.25935e-05   -0.204998 1.91534e-05 0.000167892   -0.204975 0.000670294
1.25935e-05   -0.204998 1.91534e-05 0.000167774   -0.204975 0.000670271
1.25935e-05   -0.204998 1.91534e-05 0.000167623   -0.204974 0.000670294
1.25935e-05   -0.204998 1.91534e-05 0.000167425   -0.204974 0.000670357
1.25935e-05   -0.204998 1.91534e-05 0.000167221   -0.204974 0.000670452
1.25935e-05   -0.204998 1.91534e-05 0.000166951   -0.204973 0.000670586
1.25935e-05   -0.204998 1.91534e-05 0.000166843   -0.204973 0.000670549
1.25935e-05   -0.204998 1.91534e-05 0.000166889   -0.204974 0.000670344
1.25935e-05   -0.204998 1.91534e-05 0.000166909   -0.204974 0.000670174
1.25935e-05   -0.204998 1.91534e-05 0.000166864   -0.204974 0.000670058
1.25935e-05   -0.204998 1.91534e-05 0.000166765   -0.204974 0.000669999
1.25935e-05   -0.204998 1.91534e-05 0.00016665  -0.204974 0.00066998
1.25935e-05   -0.204998 1.91534e-05 0.000166479   -0.204974 0.000670009
1.25935e-05   -0.204998 1.91534e-05 0.000166303   -0.204974 0.000670075
1.25935e-05   -0.204998 1.91534e-05 0.000166099   -0.204974  0.00067017
1.25935e-05   -0.204998 1.91534e-05 0.00016602  -0.204974 0.00067011
1.25935e-05   -0.204998 1.91534e-05 0.000165905   -0.204974 0.000670086
1.25935e-05   -0.204998 1.91534e-05 0.000165761   -0.204973  0.00067009
1.25935e-05   -0.204998 1.91534e-05 0.000165734   -0.204974 0.000669947
1.25935e-05   -0.204998 1.91534e-05  0.00016568   -0.204974 0.000669845
1.25935e-05   -0.204998 1.91534e-05 0.000165589   -0.204974 0.000669786
1.25935e-05   -0.204998 1.91534e-05 0.000165454   -0.204974 0.000669774
1.25935e-05   -0.204998 1.91534e-05 0.000165313   -0.204974 0.000669794
1.25935e-05   -0.204998 1.91534e-05 0.000165115   -0.204974 0.000669862
1.25935e-05   -0.204998 1.91534e-05 0.000165052   -0.204974 0.000669774
1.25935e-05   -0.204998 1.91534e-05 0.000164943   -0.204974 0.000669728
1.25935e-05   -0.204998 1.91534e-05 0.000164836   -0.204974  0.00066971
1.25935e-05   -0.204998 1.91534e-05 0.000164664   -0.204974  0.00066974
1.25935e-05   -0.204998 1.91534e-05 0.000164436   -0.204974 0.000669813
1.25935e-05   -0.204998 1.91534e-05 0.000164391   -0.204974 0.000669718
1.25935e-05   -0.204998 1.91534e-05 0.000164471   -0.204974 0.000669474
1.25935e-05   -0.204998 1.91534e-05 0.000164534   -0.204975 0.000669267
1.25935e-05   -0.204998 1.91534e-05 0.000164523   -0.204975 0.000669119
1.25935e-05   -0.204998 1.91534e-05 0.000164477   -0.204975 0.000669025
1.25935e-05   -0.204998 1.91534e-05 0.000164376   -0.204975 0.000668986
1.25935e-05   -0.204998 1.91534e-05 0.000164279   -0.204975 0.000668985
1.25935e-05   -0.204998 1.91534e-05 0.000164108   -0.204975 0.000669041
1.25935e-05   -0.204998 1.91534e-05 0.000163928   -0.204975 0.000669123
1.25935e-05   -0.204998 1.91534e-05 0.000163665   -0.204974 0.000669254
1.25935e-05   -0.204998 1.91534e-05 0.000163412   -0.204974 0.000669404
1.25935e-05   -0.204998 1.91534e-05 0.000163094   -0.204973 0.000669589
1.25935e-05   -0.204998 1.91534e-05 0.000162947   -0.204973 0.000669608
1.25935e-05   -0.204998 1.91534e-05 0.000162965   -0.204973 0.000669455
1.25935e-05   -0.204998 1.91534e-05 0.000163107   -0.204974 0.000669154
1.25935e-05   -0.204998 1.91534e-05 0.000163223   -0.204975 0.000668894
1.25935e-05   -0.204998 1.91534e-05 0.000163275   -0.204975 0.000668699
1.25935e-05   -0.204998 1.91534e-05 0.000163302   -0.204975 0.000668558
1.25935e-05   -0.204998 1.91534e-05 0.000163294   -0.204975  0.00066847
1.25935e-05   -0.204998 1.91534e-05 0.000163252   -0.204975 0.000668438
1.25935e-05   -0.204998 1.91534e-05 0.000163135   -0.204975 0.000668465
1.25935e-05   -0.204998 1.91534e-05 0.000163001   -0.204975 0.000668527
1.25935e-05   -0.204998 1.91534e-05 0.000162822   -0.204975 0.000668628
1.25935e-05   -0.204998 1.91534e-05 0.000162615   -0.204974 0.000668765
1.25935e-05   -0.204998 1.91534e-05 0.000162351   -0.204973 0.000668934
1.25935e-05   -0.204998 1.91534e-05  0.00016206   -0.204973 0.000669131
1.25935e-05   -0.204998 1.91534e-05 0.000161951   -0.204973 0.000669153
1.25935e-05   -0.204998 1.91534e-05 0.000161959   -0.204973 0.000669026
1.25935e-05   -0.204998 1.91534e-05 0.000161937   -0.204973 0.000668929
1.25935e-05   -0.204998 1.91534e-05 0.000161861   -0.204973 0.000668879
1.25935e-05   -0.204998 1.91534e-05 0.000161738   -0.204973 0.000668876
1.25935e-05   -0.204998 1.91534e-05 0.000161599   -0.204973  0.00066891
1.25935e-05   -0.204998 1.91534e-05 0.000161405   -0.204973 0.000668993
1.25935e-05   -0.204998 1.91534e-05 0.000161193   -0.204972 0.000669104
1.25935e-05   -0.204998 1.91534e-05 0.000161106   -0.204972 0.000669064
1.25935e-05   -0.204998 1.91534e-05 0.000161213   -0.204973 0.000668861
1.25935e-05   -0.204998 1.91534e-05 0.000161216   -0.204973 0.000668716
1.25935e-05   -0.204998 1.91534e-05  0.00016121   -0.204974 0.000668612
1.25935e-05   -0.204998 1.91534e-05  0.00016116   -0.204974 0.000668554
1.25935e-05   -0.204998 1.91534e-05 0.000161046   -0.204974 0.000668559
1.25935e-05   -0.204998 1.91534e-05 0.000160914   -0.204974 0.000668598
1.25935e-05   -0.204998 1.91534e-05 0.000160747   -0.204973  0.00066868
1.25935e-05   -0.204998 1.91534e-05 0.000160542   -0.204973 0.000668797
1.25935e-05   -0.204998 1.91534e-05 0.000160282   -0.204972 0.000668956
1.25935e-05   -0.204998 1.91534e-05 0.000159984   -0.204972 0.000669143
1.25935e-05   -0.204998 1.91534e-05  0.00015986   -0.204972 0.000669163
1.25935e-05   -0.204998 1.91534e-05 0.000159909   -0.204972 0.000669022
1.25935e-05   -0.204998 1.91534e-05 0.000160066   -0.204973 0.000668738
1.25935e-05   -0.204998 1.91534e-05 0.000160185   -0.204974 0.000668503
1.25935e-05   -0.204998 1.91534e-05 0.000160251   -0.204974 0.000668326
1.25935e-05   -0.204998 1.91534e-05 0.000160272   -0.204974 0.000668212
1.25935e-05   -0.204998 1.91534e-05 0.000160267   -0.204975 0.000668143
1.25935e-05   -0.204998 1.91534e-05 0.000160226   -0.204974 0.000668128
1.25935e-05   -0.204998 1.91534e-05 0.000160121   -0.204974 0.000668168
1.25935e-05   -0.204998 1.91534e-05 0.000159999   -0.204974 0.000668242
1.25935e-05   -0.204998 1.91534e-05 0.000159821   -0.204974 0.000668361
1.25935e-05   -0.204998 1.91534e-05 0.000159586   -0.204973 0.000668518
1.25935e-05   -0.204998 1.91534e-05 0.000159334   -0.204973 0.000668698
1.25935e-05   -0.204998 1.91534e-05 0.000159024   -0.204972 0.000668915
1.25935e-05   -0.204998 1.91534e-05 0.000158706   -0.204971 0.000669144
1.25935e-05   -0.204998 1.91534e-05 0.000158523   -0.204971 0.000669222
1.25935e-05   -0.204998 1.91534e-05 0.000158504   -0.204971 0.000669137
1.25935e-05   -0.204998 1.91534e-05  0.00015866   -0.204972 0.000668889
1.25935e-05   -0.204998 1.91534e-05 0.000158731   -0.204972 0.000668703
1.25935e-05   -0.204998 1.91534e-05 0.000158756   -0.204973 0.000668565
1.25935e-05   -0.204998 1.91534e-05 0.000158756   -0.204973 0.000668479
1.25935e-05   -0.204998 1.91534e-05 0.000158701   -0.204973 0.000668451
1.25935e-05   -0.204998 1.91534e-05  0.00015862   -0.204973 0.000668469
1.25935e-05   -0.204998 1.91534e-05 0.000158493   -0.204973  0.00066853
1.25935e-05   -0.204998 1.91534e-05  0.00015832   -0.204973 0.000668638
1.25935e-05   -0.204998 1.91534e-05 0.000158101   -0.204972 0.000668782
1.25935e-05   -0.204998 1.91534e-05 0.000157863   -0.204972 0.000668953
1.25935e-05   -0.204998 1.91534e-05 0.000157569   -0.204971  0.00066916
1.25935e-05   -0.204998 1.91534e-05 0.000157266    -0.20497 0.000669379
1.25935e-05   -0.204998 1.91534e-05 0.000157108    -0.20497 0.000669447
1.25935e-05   -0.204998 1.91534e-05 0.000157105   -0.204971 0.000669358
1.25935e-05   -0.204998 1.91534e-05 0.000157239   -0.204971 0.000669123
1.25935e-05   -0.204998 1.91534e-05 0.000157326   -0.204972 0.000668933
1.25935e-05   -0.204998 1.91534e-05 0.000157358   -0.204972 0.000668799
1.25935e-05   -0.204998 1.91534e-05 0.000157373   -0.204972 0.000668713
1.25935e-05   -0.204998 1.91534e-05 0.000157315   -0.204973 0.000668686
1.25935e-05   -0.204998 1.91534e-05  0.00015723   -0.204972 0.000668708
1.25935e-05   -0.204998 1.91534e-05  0.00015711   -0.204972 0.000668773
1.25935e-05   -0.204998 1.91534e-05 0.000156942   -0.204972 0.000668877
1.25935e-05   -0.204998 1.91534e-05 0.000156739   -0.204972 0.000669018
1.25935e-05   -0.204998 1.91534e-05 0.000156469   -0.204971 0.000669199
1.25935e-05   -0.204998 1.91534e-05 0.000156199   -0.204971 0.000669394
1.25935e-05   -0.204998 1.91534e-05 0.000155863    -0.20497 0.000669632
1.25935e-05   -0.204998 1.91534e-05 0.000155702    -0.20497 0.000669702
1.25935e-05   -0.204998 1.91534e-05 0.000155695    -0.20497 0.000669619
1.25935e-05   -0.204998 1.91534e-05 0.000155836   -0.204971  0.00066939
1.25935e-05   -0.204998 1.91534e-05  0.00015591   -0.204971 0.000669211
1.25935e-05   -0.204998 1.91534e-05 0.000155949   -0.204972  0.00066908
1.25935e-05   -0.204998 1.91534e-05 0.000155913   -0.204972 0.000669016
1.25935e-05   -0.204998 1.91534e-05  0.00015589   -0.204972 0.000668986
1.25935e-05   -0.204998 1.91534e-05 0.000155793   -0.204972 0.000669018
1.25935e-05   -0.204998 1.91534e-05 0.000155649   -0.204972 0.000669091
1.25935e-05   -0.204998 1.91534e-05 0.000155479   -0.204972 0.000669203
1.25935e-05   -0.204998 1.91534e-05 0.000155252   -0.204971 0.000669354
1.25935e-05   -0.204998 1.91534e-05 0.000155007   -0.204971 0.000669535
1.25935e-05   -0.204998 1.91534e-05 0.000154694    -0.20497 0.000669746
1.25935e-05   -0.204998 1.91534e-05 0.000154355    -0.20497 0.000669983
1.25935e-05   -0.204998 1.91534e-05 0.00015419  -0.204969 0.00067006
1.25935e-05   -0.204998 1.91534e-05 0.000154171    -0.20497 0.000669992
1.25935e-05   -0.204998 1.91534e-05  0.00015429    -0.20497 0.000669779
1.25935e-05   -0.204998 1.91534e-05 0.000154371   -0.204971 0.000669608
1.25935e-05   -0.204998 1.91534e-05 0.000154379   -0.204971 0.000669497
1.25935e-05   -0.204998 1.91534e-05 0.000154369   -0.204972 0.000669432
1.25935e-05   -0.204998 1.91534e-05 0.000154304   -0.204972 0.000669424
1.25935e-05   -0.204998 1.91534e-05 0.000154194   -0.204972 0.000669462
1.25935e-05   -0.204998 1.91534e-05 0.000154057   -0.204971  0.00066954
1.25935e-05   -0.204998 1.91534e-05 0.000153873   -0.204971  0.00066966
1.25935e-05   -0.204998 1.91534e-05 0.000153634   -0.204971  0.00066982
1.25935e-05   -0.204998 1.91534e-05 0.000153385    -0.20497 0.000670002
1.25935e-05   -0.204998 1.91534e-05 0.000153069    -0.20497 0.000670217
1.25935e-05   -0.204998 1.91534e-05 0.000152726   -0.204969 0.000670461
1.25935e-05   -0.204998 1.91534e-05  0.00015252   -0.204969 0.000670558
1.25935e-05   -0.204998 1.91534e-05 0.000152508   -0.204969 0.000670493
1.25935e-05   -0.204998 1.91534e-05 0.000152615    -0.20497 0.000670293
1.25935e-05   -0.204998 1.91534e-05 0.000152675    -0.20497 0.000670141
1.25935e-05   -0.204998 1.91534e-05 0.000152698   -0.204971 0.000670028
1.25935e-05   -0.204998 1.91534e-05 0.000152657   -0.204971 0.000669983
1.25935e-05   -0.204998 1.91534e-05 0.000152581   -0.204971 0.000669984
1.25935e-05   -0.204998 1.91534e-05 0.000152458   -0.204971 0.000670033
1.25935e-05   -0.204998 1.91534e-05 0.000152318   -0.204971 0.000670116
1.25935e-05   -0.204998 1.91534e-05 0.000152112   -0.204971 0.000670247
1.25935e-05   -0.204998 1.91534e-05 0.000151869    -0.20497 0.000670412
1.25935e-05   -0.204998 1.91534e-05 0.000151599    -0.20497 0.000670604
1.25935e-05   -0.204998 1.91534e-05 0.000151281   -0.204969 0.000670829
1.25935e-05   -0.204998 1.91534e-05 0.000151119   -0.204969 0.000670902
1.25935e-05   -0.204998 1.91534e-05 0.000151106   -0.204969  0.00067084
1.25935e-05   -0.204998 1.91534e-05 0.000151044   -0.204969 0.000670812
1.25935e-05   -0.204998 1.91534e-05 0.000150935    -0.20497 0.000670824
1.25935e-05   -0.204998 1.91534e-05 0.000150772    -0.20497 0.000670881
1.25935e-05   -0.204998 1.91534e-05 0.000150591   -0.204969 0.000670973
1.25935e-05   -0.204998 1.91534e-05 0.000150372   -0.204969 0.000671099
1.25935e-05   -0.204998 1.91534e-05 0.000150087   -0.204969  0.00067127
1.25935e-05   -0.204998 1.91534e-05 0.000149969   -0.204969 0.000671295
1.25935e-05   -0.204998 1.91534e-05 0.000149998   -0.204969 0.000671183
1.25935e-05   -0.204998 1.91534e-05 0.000149971    -0.20497 0.000671116
1.25935e-05   -0.204998 1.91534e-05 0.000149907    -0.20497 0.000671087
1.25935e-05   -0.204998 1.91534e-05 0.000149788    -0.20497 0.000671113
1.25935e-05   -0.204998 1.91534e-05 0.000149623    -0.20497 0.000671182
1.25935e-05   -0.204998 1.91534e-05 0.00014945   -0.20497 0.00067128
1.25935e-05   -0.204998 1.91534e-05 0.000149201    -0.20497 0.000671427
1.25935e-05   -0.204998 1.91534e-05 0.000148915   -0.204969 0.000671607
1.25935e-05   -0.204998 1.91534e-05 0.000148816   -0.204969 0.000671634
1.25935e-05   -0.204998 1.91534e-05 0.000148649   -0.204969  0.00067171
1.25935e-05   -0.204998 1.91534e-05 0.000148611   -0.204969  0.00067165
1.25935e-05   -0.204998 1.91534e-05 0.000148547    -0.20497  0.00067163
1.25935e-05   -0.204998 1.91534e-05 0.000148435    -0.20497 0.000671643
1.25935e-05   -0.204998 1.91534e-05 0.000148286    -0.20497 0.000671702
1.25935e-05   -0.204998 1.91534e-05 0.000148063    -0.20497 0.000671809
1.25935e-05   -0.204998 1.91534e-05 0.000147831   -0.204969 0.000671949
1.25935e-05   -0.204998 1.91534e-05 0.000147553   -0.204969 0.000672117
1.25935e-05   -0.204998 1.91534e-05 0.000147432   -0.204969 0.000672151
1.25935e-05   -0.204998 1.91534e-05 0.000147449   -0.204969 0.000672051
1.25935e-05   -0.204998 1.91534e-05 0.00014741   -0.20497   0.000672
1.25935e-05   -0.204998 1.91534e-05 0.000147334    -0.20497 0.000671987
1.25935e-05   -0.204998 1.91534e-05 0.000147212    -0.20497 0.000672018
1.25935e-05   -0.204998 1.91534e-05 0.000147043    -0.20497 0.000672094
1.25935e-05   -0.204998 1.91534e-05 0.000146839    -0.20497 0.000672212
1.25935e-05   -0.204998 1.91534e-05 0.000146587   -0.204969 0.000672363
1.25935e-05   -0.204998 1.91534e-05 0.000146317   -0.204969  0.00067254
1.25935e-05   -0.204998 1.91534e-05 0.000146166   -0.204969 0.000672593
1.25935e-05   -0.204998 1.91534e-05 0.000146184   -0.204969 0.000672509
1.25935e-05   -0.204998 1.91534e-05 0.000146134    -0.20497 0.000672472
1.25935e-05   -0.204998 1.91534e-05 0.000146058    -0.20497 0.000672469
1.25935e-05   -0.204998 1.91534e-05 0.000145925    -0.20497 0.000672514
1.25935e-05   -0.204998 1.91534e-05 0.000145746    -0.20497 0.000672601
1.25935e-05   -0.204998 1.91534e-05 0.000145541    -0.20497 0.000672725
1.25935e-05   -0.204998 1.91534e-05 0.000145269   -0.204969 0.000672891
1.25935e-05   -0.204998 1.91534e-05 0.000144979   -0.204969 0.000673083
1.25935e-05   -0.204998 1.91534e-05 0.000144818   -0.204969  0.00067315
1.25935e-05   -0.204998 1.91534e-05 0.000144825   -0.204969 0.000673074
1.25935e-05   -0.204998 1.91534e-05 0.000144775   -0.204969 0.000673046
1.25935e-05   -0.204998 1.91534e-05 0.000144678   -0.204969 0.000673057
1.25935e-05   -0.204998 1.91534e-05 0.000144545    -0.20497  0.00067311
1.25935e-05   -0.204998 1.91534e-05 0.000144356   -0.204969 0.000673211
1.25935e-05   -0.204998 1.91534e-05  0.00014413   -0.204969 0.000673344
1.25935e-05   -0.204998 1.91534e-05 0.000143857   -0.204969 0.000673518
1.25935e-05   -0.204998 1.91534e-05 0.000143763   -0.204969 0.000673551
1.25935e-05   -0.204998 1.91534e-05 0.000143601   -0.204969 0.000673627
1.25935e-05   -0.204998 1.91534e-05 0.000143579   -0.204969 0.000673579
1.25935e-05   -0.204998 1.91534e-05 0.000143529   -0.204969 0.000673564
1.25935e-05   -0.204998 1.91534e-05 0.000143423   -0.204969 0.000673595
1.25935e-05   -0.204998 1.91534e-05 0.000143261   -0.204969  0.00067367
1.25935e-05   -0.204998 1.91534e-05 0.000143081   -0.204969 0.000673777
1.25935e-05   -0.204998 1.91534e-05 0.000142855   -0.204969 0.000673923
1.25935e-05   -0.204998 1.91534e-05 0.000142573   -0.204968 0.000674108
1.25935e-05   -0.204998 1.91534e-05 0.000142439   -0.204968 0.000674163
1.25935e-05   -0.204998 1.91534e-05 0.000142464   -0.204969  0.00067409
1.25935e-05   -0.204998 1.91534e-05 0.000142421   -0.204969 0.000674062
1.25935e-05   -0.204998 1.91534e-05 0.000142343   -0.204969 0.000674073
1.25935e-05   -0.204998 1.91534e-05 0.000142228   -0.204969 0.000674128
1.25935e-05   -0.204998 1.91534e-05 0.000142047   -0.204969  0.00067423
1.25935e-05   -0.204998 1.91534e-05 0.000141849   -0.204969 0.000674362
1.25935e-05   -0.204998 1.91534e-05 0.000141593   -0.204968 0.000674536
1.25935e-05   -0.204998 1.91534e-05 0.000141301   -0.204968 0.000674742
1.25935e-05   -0.204998 1.91534e-05 0.000141157   -0.204968 0.000674816
1.25935e-05   -0.204998 1.91534e-05 0.000141172   -0.204968 0.000674763
1.25935e-05   -0.204998 1.91534e-05 0.000141141   -0.204968 0.000674748
1.25935e-05   -0.204998 1.91534e-05 0.000141033   -0.204969 0.000674787
1.25935e-05   -0.204998 1.91534e-05 0.000140899   -0.204969 0.000674862
1.25935e-05   -0.204998 1.91534e-05 0.000140718   -0.204968 0.000674977
1.25935e-05   -0.204998 1.91534e-05 0.000140472   -0.204968 0.000675139
1.25935e-05   -0.204998 1.91534e-05 0.000140226   -0.204968 0.000675318
1.25935e-05   -0.204998 1.91534e-05 0.000140119   -0.204968 0.000675376
1.25935e-05   -0.204998 1.91534e-05 0.000140144   -0.204968 0.000675316
1.25935e-05   -0.204998 1.91534e-05 0.000140131   -0.204968 0.000675297
1.25935e-05   -0.204998 1.91534e-05 0.000140051   -0.204969 0.000675325
1.25935e-05   -0.204998 1.91534e-05 0.000139945   -0.204969 0.000675387
1.25935e-05   -0.204998 1.91534e-05 0.000139764   -0.204969 0.000675503
1.25935e-05   -0.204998 1.91534e-05 0.000139574   -0.204968 0.000675646
1.25935e-05   -0.204998 1.91534e-05 0.000139337   -0.204968 0.000675826
1.25935e-05   -0.204998 1.91534e-05 0.000139025   -0.204967 0.000676047
1.25935e-05   -0.204998 1.91534e-05  0.00013891   -0.204967 0.000676129
1.25935e-05   -0.204998 1.91534e-05 0.000138925   -0.204968  0.00067609
1.25935e-05   -0.204998 1.91534e-05 0.000138874   -0.204968 0.000676103
1.25935e-05   -0.204998 1.91534e-05 0.000138796   -0.204968 0.000676149
1.25935e-05   -0.204998 1.91534e-05 0.000138651   -0.204968 0.000676239
1.25935e-05   -0.204998 1.91534e-05  0.00013846   -0.204968 0.000676373
1.25935e-05   -0.204998 1.91534e-05  0.00013825   -0.204968 0.000676535
1.25935e-05   -0.204998 1.91534e-05 0.000137975   -0.204967 0.000676737
1.25935e-05   -0.204998 1.91534e-05 0.000137682   -0.204967 0.000676965
1.25935e-05   -0.204998 1.91534e-05 0.000137538   -0.204967 0.000677068
1.25935e-05   -0.204998 1.91534e-05 0.000137524   -0.204967 0.000677056
1.25935e-05   -0.204998 1.91534e-05 0.000137689   -0.204968 0.000676909
1.25935e-05   -0.204998 1.91534e-05 0.000137759   -0.204968  0.00067682
1.25935e-05   -0.204998 1.91534e-05 0.000137792   -0.204969 0.000676775
1.25935e-05   -0.204998 1.91534e-05 0.000137761   -0.204969 0.000676788
1.25935e-05   -0.204998 1.91534e-05 0.000137702   -0.204969 0.000676839
1.25935e-05   -0.204998 1.91534e-05 0.000137607   -0.204969 0.000676932
1.25935e-05   -0.204998 1.91534e-05 0.000137437   -0.204968 0.000677074
1.25935e-05   -0.204998 1.91534e-05 0.000137268   -0.204968 0.000677239
1.25935e-05   -0.204998 1.91534e-05 0.000136994   -0.204967 0.000677454
1.25935e-05   -0.204998 1.91534e-05  0.00013674   -0.204967 0.000677684
1.25935e-05   -0.204998 1.91534e-05 0.000136391   -0.204966 0.000677959
1.25935e-05   -0.204998 1.91534e-05 0.000136033   -0.204966 0.000678257
1.25935e-05   -0.204998 1.91534e-05 0.000135825   -0.204965 0.000678425
1.25935e-05   -0.204998 1.91534e-05 0.000135756   -0.204965 0.000678472
1.25935e-05   -0.204998 1.91534e-05 0.000135847   -0.204966  0.00067839
1.25935e-05   -0.204998 1.91534e-05 0.000135892   -0.204966 0.000678353
1.25935e-05   -0.204998 1.91534e-05  0.00013587   -0.204967 0.000678362
1.25935e-05   -0.204998 1.91534e-05 0.00013581  -0.204967 0.00067841
1.25935e-05   -0.204998 1.91534e-05 0.000135686   -0.204967 0.000678511
1.25935e-05   -0.204998 1.91534e-05 0.000135544   -0.204967 0.000678639
1.25935e-05   -0.204998 1.91534e-05 0.000135365   -0.204966 0.000678806
1.25935e-05   -0.204998 1.91534e-05  0.00013512   -0.204966 0.000679017
1.25935e-05   -0.204998 1.91534e-05 0.000134846   -0.204965 0.000679252
1.25935e-05   -0.204998 1.91534e-05 0.000134526   -0.204965 0.000679522
1.25935e-05   -0.204998 1.91534e-05 0.000134356   -0.204965 0.000679668
1.25935e-05   -0.204998 1.91534e-05 0.000134354   -0.204965 0.000679686
1.25935e-05   -0.204998 1.91534e-05 0.000134484   -0.204965 0.000679589
1.25935e-05   -0.204998 1.91534e-05 0.000134556   -0.204966 0.000679536
1.25935e-05   -0.204998 1.91534e-05 0.000134573   -0.204966  0.00067953
1.25935e-05   -0.204998 1.91534e-05 0.000134534   -0.204966 0.000679574
1.25935e-05   -0.204998 1.91534e-05 0.000134459   -0.204966 0.000679657
1.25935e-05   -0.204998 1.91534e-05 0.000134346   -0.204966  0.00067978
1.25935e-05   -0.204998 1.91534e-05 0.000134187   -0.204966 0.000679942
1.25935e-05   -0.204998 1.91534e-05 0.000133981   -0.204966 0.000680136
1.25935e-05   -0.204998 1.91534e-05 0.000133737   -0.204965 0.000680364
1.25935e-05   -0.204998 1.91534e-05 0.000133456   -0.204965 0.000680623
1.25935e-05   -0.204998 1.91534e-05 0.000133098   -0.204964 0.000680924
1.25935e-05   -0.204998 1.91534e-05 0.000132919   -0.204964 0.000681092
1.25935e-05   -0.204998 1.91534e-05 0.000132909   -0.204964  0.00068113
1.25935e-05   -0.204998 1.91534e-05 0.000133011   -0.204964  0.00068106
1.25935e-05   -0.204998 1.91534e-05 0.000133086   -0.204965 0.000681029
1.25935e-05   -0.204998 1.91534e-05 0.000133084   -0.204965 0.000681044
1.25935e-05   -0.204998 1.91534e-05 0.000133046   -0.204965 0.000681104
1.25935e-05   -0.204998 1.91534e-05 0.000132933   -0.204965 0.000681215
1.25935e-05   -0.204998 1.91534e-05 0.000132792   -0.204965 0.000681354
1.25935e-05   -0.204998 1.91534e-05 0.000132633   -0.204965 0.000681523
1.25935e-05   -0.204998 1.91534e-05 0.000132418   -0.204964 0.000681734
1.25935e-05   -0.204998 1.91534e-05 0.000132145   -0.204964 0.000681979
1.25935e-05   -0.204998 1.91534e-05 0.000131845   -0.204963 0.000682257
1.25935e-05   -0.204998 1.91534e-05 0.000131675   -0.204963 0.000682415
1.25935e-05   -0.204998 1.91534e-05 0.000131685   -0.204963 0.000682446
1.25935e-05   -0.204998 1.91534e-05 0.000131797   -0.204964 0.000682374
1.25935e-05   -0.204998 1.91534e-05  0.00013188   -0.204965 0.000682335
1.25935e-05   -0.204998 1.91534e-05 0.000131908   -0.204965 0.000682347
1.25935e-05   -0.204998 1.91534e-05  0.00013187   -0.204965 0.000682403
1.25935e-05   -0.204998 1.91534e-05 0.000131785   -0.204965 0.000682505
1.25935e-05   -0.204998 1.91534e-05 0.000131664   -0.204965 0.000682639
1.25935e-05   -0.204998 1.91534e-05 0.000131495   -0.204965 0.000682813
1.25935e-05   -0.204998 1.91534e-05  0.00013128   -0.204964 0.000683025
1.25935e-05   -0.204998 1.91534e-05 0.000131036   -0.204964 0.000683263
1.25935e-05   -0.204998 1.91534e-05 0.000130745   -0.204963 0.000683535
1.25935e-05   -0.204998 1.91534e-05 0.000130406   -0.204963 0.000683841
1.25935e-05   -0.204998 1.91534e-05 0.000130188   -0.204962 0.000684034
1.25935e-05   -0.204998 1.91534e-05  0.00013015   -0.204962 0.000684098
1.25935e-05   -0.204998 1.91534e-05 0.000130253   -0.204963 0.000684048
1.25935e-05   -0.204998 1.91534e-05 0.000130289   -0.204963 0.000684043
1.25935e-05   -0.204998 1.91534e-05 0.000130278   -0.204964 0.000684082
1.25935e-05   -0.204998 1.91534e-05  0.00013024   -0.204964 0.000684154
1.25935e-05   -0.204998 1.91534e-05 0.000130117   -0.204964 0.000684278
1.25935e-05   -0.204998 1.91534e-05 0.000129985   -0.204964 0.000684428
1.25935e-05   -0.204998 1.91534e-05 0.000129779   -0.204963 0.000684625
1.25935e-05   -0.204998 1.91534e-05 0.000129552   -0.204963 0.000684848
1.25935e-05   -0.204998 1.91534e-05 0.000129279   -0.204963 0.000685104
1.25935e-05   -0.204998 1.91534e-05 0.000129138   -0.204962 0.000685253
1.25935e-05   -0.204998 1.91534e-05 0.000129156   -0.204963 0.000685282
1.25935e-05   -0.204998 1.91534e-05 0.000129128   -0.204963 0.000685348
1.25935e-05   -0.204998 1.91534e-05 0.000129003   -0.204963  0.00068547
1.25935e-05   -0.204998 1.91534e-05  0.00012888   -0.204963 0.000685613
1.25935e-05   -0.204998 1.91534e-05 0.000128681   -0.204963 0.000685803
1.25935e-05   -0.204998 1.91534e-05 0.000128434   -0.204962 0.000686026
1.25935e-05   -0.204998 1.91534e-05 0.000128368   -0.204963 0.000686131
1.25935e-05   -0.204998 1.91534e-05 0.000128225   -0.204963 0.000686283
1.25935e-05   -0.204998 1.91534e-05 0.000128223   -0.204963 0.000686319
1.25935e-05   -0.204998 1.91534e-05 0.000128165   -0.204963 0.000686402
1.25935e-05   -0.204998 1.91534e-05 0.000128078   -0.204963 0.000686515
1.25935e-05   -0.204998 1.91534e-05 0.000127926   -0.204963 0.000686673
1.25935e-05   -0.204998 1.91534e-05 0.000127736   -0.204963 0.000686864
1.25935e-05   -0.204998 1.91534e-05 0.000127518   -0.204963 0.000687086
1.25935e-05   -0.204998 1.91534e-05 0.000127223   -0.204962 0.000687349
1.25935e-05   -0.204998 1.91534e-05 0.000127109   -0.204962 0.000687491
1.25935e-05   -0.204998 1.91534e-05 0.000127117   -0.204963 0.000687527
1.25935e-05   -0.204998 1.91534e-05 0.000127058   -0.204963 0.000687609
1.25935e-05   -0.204998 1.91534e-05 0.000126981   -0.204963  0.00068772
1.25935e-05   -0.204998 1.91534e-05 0.000126827   -0.204963 0.000687875
1.25935e-05   -0.204998 1.91534e-05 0.000126617   -0.204963  0.00068807
1.25935e-05   -0.204998 1.91534e-05 0.000126418   -0.204962 0.000688281
1.25935e-05   -0.204998 1.91534e-05 0.000126312   -0.204963 0.000688402
1.25935e-05   -0.204998 1.91534e-05 0.000126377   -0.204963 0.000688407
1.25935e-05   -0.204998 1.91534e-05 0.000126346   -0.204963 0.000688466
1.25935e-05   -0.204998 1.91534e-05 0.000126278   -0.204964  0.00068856
1.25935e-05   -0.204998 1.91534e-05 0.000126181   -0.204964 0.000688683
1.25935e-05   -0.204998 1.91534e-05 0.000126018   -0.204964  0.00068885
1.25935e-05   -0.204998 1.91534e-05 0.000125828   -0.204963 0.000689047
1.25935e-05   -0.204998 1.91534e-05 0.000125581   -0.204963 0.000689278
1.25935e-05   -0.204998 1.91534e-05 0.000125267   -0.204962 0.000689553
1.25935e-05   -0.204998 1.91534e-05 0.000125143   -0.204962 0.000689703
1.25935e-05   -0.204998 1.91534e-05 0.000125131   -0.204963 0.000689751
1.25935e-05   -0.204998 1.91534e-05 0.000125063   -0.204963 0.000689843
1.25935e-05   -0.204998 1.91534e-05 0.000124956   -0.204963 0.000689965
1.25935e-05   -0.204998 1.91534e-05 0.000124794   -0.204963 0.000690129
1.25935e-05   -0.204998 1.91534e-05 0.000124594   -0.204963 0.000690325
1.25935e-05   -0.204998 1.91534e-05 0.000124356   -0.204962 0.000690551
1.25935e-05   -0.204998 1.91534e-05  0.00012426   -0.204962 0.000690674
1.25935e-05   -0.204998 1.91534e-05 0.000124296   -0.204963 0.000690688
1.25935e-05   -0.204998 1.91534e-05 0.000124265   -0.204963 0.000690752
1.25935e-05   -0.204998 1.91534e-05 0.000124188   -0.204963 0.000690854
1.25935e-05   -0.204998 1.91534e-05 0.000124072   -0.204963 0.000690985
1.25935e-05   -0.204998 1.91534e-05 0.000123901   -0.204963 0.000691158
1.25935e-05   -0.204998 1.91534e-05 0.000123692   -0.204963 0.000691361
1.25935e-05   -0.204998 1.91534e-05 0.000123445   -0.204962 0.000691596
1.25935e-05   -0.204998 1.91534e-05 0.000123329   -0.204962 0.000691728
1.25935e-05   -0.204998 1.91534e-05 0.000123356   -0.204963 0.000691755
1.25935e-05   -0.204998 1.91534e-05 0.000123317   -0.204963 0.000691827
1.25935e-05   -0.204998 1.91534e-05  0.00012323   -0.204963 0.000691935
1.25935e-05   -0.204998 1.91534e-05 0.000123097   -0.204963 0.000692078
1.25935e-05   -0.204998 1.91534e-05 0.000122916   -0.204963 0.000692258
1.25935e-05   -0.204998 1.91534e-05 0.000122697   -0.204962 0.000692468
1.25935e-05   -0.204998 1.91534e-05 0.000122422   -0.204962 0.000692716
1.25935e-05   -0.204998 1.91534e-05 0.000122308   -0.204962 0.000692852
1.25935e-05   -0.204998 1.91534e-05 0.000122316   -0.204962 0.000692885
1.25935e-05   -0.204998 1.91534e-05 0.000122457   -0.204963 0.000692818
1.25935e-05   -0.204998 1.91534e-05 0.000122541   -0.204963 0.000692796
1.25935e-05   -0.204998 1.91534e-05 0.000122569   -0.204964 0.000692809
1.25935e-05   -0.204998 1.91534e-05 0.000122541   -0.204964 0.000692872
1.25935e-05   -0.204998 1.91534e-05 0.000122465   -0.204964 0.000692969
1.25935e-05   -0.204998 1.91534e-05 0.000122352   -0.204963 0.000693102
1.25935e-05   -0.204998 1.91534e-05 0.000122192   -0.204963 0.000693272
1.25935e-05   -0.204998 1.91534e-05 0.000121985   -0.204963 0.000693478
1.25935e-05   -0.204998 1.91534e-05  0.00012173   -0.204962 0.000693713
1.25935e-05   -0.204998 1.91534e-05 0.000121428   -0.204961 0.000693983
1.25935e-05   -0.204998 1.91534e-05 0.000121079   -0.204961 0.000694286
1.25935e-05   -0.204998 1.91534e-05 0.000120871    -0.20496 0.000694476
1.25935e-05   -0.204998 1.91534e-05 0.000120814    -0.20496 0.000694549
1.25935e-05   -0.204998 1.91534e-05 0.000120899   -0.204961 0.000694511
1.25935e-05   -0.204998 1.91534e-05 0.000120909   -0.204961 0.000694525
1.25935e-05   -0.204998 1.91534e-05  0.00012088   -0.204961 0.000694573
1.25935e-05   -0.204998 1.91534e-05 0.000120786   -0.204961 0.000694666
1.25935e-05   -0.204998 1.91534e-05 0.000120665   -0.204961 0.000694797
1.25935e-05   -0.204998 1.91534e-05 0.000120496   -0.204961 0.000694959
1.25935e-05   -0.204998 1.91534e-05  0.00012026    -0.20496 0.000695167
1.25935e-05   -0.204998 1.91534e-05 0.000120006    -0.20496 0.000695399
1.25935e-05   -0.204998 1.91534e-05 0.000119876    -0.20496 0.000695533
1.25935e-05   -0.204998 1.91534e-05 0.000119867    -0.20496 0.000695567
1.25935e-05   -0.204998 1.91534e-05 0.000119851    -0.20496  0.00069563
1.25935e-05   -0.204998 1.91534e-05 0.000119739    -0.20496 0.000695747
1.25935e-05   -0.204998 1.91534e-05 0.000119598    -0.20496 0.000695892
1.25935e-05   -0.204998 1.91534e-05 0.000119392    -0.20496 0.000696082
1.25935e-05   -0.204998 1.91534e-05 0.000119167   -0.204959 0.000696297
1.25935e-05   -0.204998 1.91534e-05 0.000119085   -0.204959 0.000696414
1.25935e-05   -0.204998 1.91534e-05 0.000119115    -0.20496 0.000696438
1.25935e-05   -0.204998 1.91534e-05 0.000119099    -0.20496   0.0006965
1.25935e-05   -0.204998 1.91534e-05 0.000119016    -0.20496 0.000696606
1.25935e-05   -0.204998 1.91534e-05 0.000118906    -0.20496 0.000696742
1.25935e-05   -0.204998 1.91534e-05  0.00011871    -0.20496 0.000696929
1.25935e-05   -0.204998 1.91534e-05 0.000118514    -0.20496 0.000697135
1.25935e-05   -0.204998 1.91534e-05 0.000118252   -0.204959 0.000697385
1.25935e-05   -0.204998 1.91534e-05 0.000117942   -0.204959 0.000697669
1.25935e-05   -0.204998 1.91534e-05 0.000117785   -0.204959 0.000697839
1.25935e-05   -0.204998 1.91534e-05  0.00011776   -0.204959 0.000697909
1.25935e-05   -0.204998 1.91534e-05 0.000117867    -0.20496 0.000697876
1.25935e-05   -0.204998 1.91534e-05 0.000117937    -0.20496 0.000697879
1.25935e-05   -0.204998 1.91534e-05  0.00011792    -0.20496 0.000697933
1.25935e-05   -0.204998 1.91534e-05 0.000117868   -0.204961 0.000698027
1.25935e-05   -0.204998 1.91534e-05 0.000117758   -0.204961 0.000698158
1.25935e-05   -0.204998 1.91534e-05 0.000117621    -0.20496  0.00069832
1.25935e-05   -0.204998 1.91534e-05 0.000117426    -0.20496 0.000698526
1.25935e-05   -0.204998 1.91534e-05 0.000117185    -0.20496 0.000698761
1.25935e-05   -0.204998 1.91534e-05 0.000116905   -0.204959 0.000699028
1.25935e-05   -0.204998 1.91534e-05 0.000116579   -0.204958 0.000699326
1.25935e-05   -0.204998 1.91534e-05 0.000116365   -0.204958 0.000699524
1.25935e-05   -0.204998 1.91534e-05 0.000116322   -0.204958 0.000699605
1.25935e-05   -0.204998 1.91534e-05 0.000116403   -0.204959 0.000699582
1.25935e-05   -0.204998 1.91534e-05 0.000116427   -0.204959 0.000699603
1.25935e-05   -0.204998 1.91534e-05 0.000116422   -0.204959 0.000699658
1.25935e-05   -0.204998 1.91534e-05 0.000116352   -0.204959 0.000699756
1.25935e-05   -0.204998 1.91534e-05 0.000116215   -0.204959 0.000699901
1.25935e-05   -0.204998 1.91534e-05 0.000116031   -0.204959 0.000700081
1.25935e-05   -0.204998 1.91534e-05 0.000115828   -0.204959 0.000700285
1.25935e-05   -0.204998 1.91534e-05  0.00011556   -0.204958 0.000700534
1.25935e-05   -0.204998 1.91534e-05 0.000115462   -0.204958 0.000700669
1.25935e-05   -0.204998 1.91534e-05 0.000115449   -0.204958 0.000700718
1.25935e-05   -0.204998 1.91534e-05 0.000115408   -0.204958 0.000700795
1.25935e-05   -0.204998 1.91534e-05 0.000115291   -0.204958 0.000700923
1.25935e-05   -0.204998 1.91534e-05 0.000115164   -0.204958 0.000701075
1.25935e-05   -0.204998 1.91534e-05 0.000114972   -0.204958  0.00070127
1.25935e-05   -0.204998 1.91534e-05 0.000114733   -0.204958 0.000701502
1.25935e-05   -0.204998 1.91534e-05 0.000114635   -0.204958 0.000701629
1.25935e-05   -0.204998 1.91534e-05 0.000114642   -0.204958 0.000701669
1.25935e-05   -0.204998 1.91534e-05  0.00011462   -0.204958 0.000701739
1.25935e-05   -0.204998 1.91534e-05 0.000114551   -0.204958 0.000701853
1.25935e-05   -0.204998 1.91534e-05 0.000114417   -0.204958 0.000702002
1.25935e-05   -0.204998 1.91534e-05 0.000114244   -0.204958 0.000702189
1.25935e-05   -0.204998 1.91534e-05 0.000114005   -0.204958 0.000702419
1.25935e-05   -0.204998 1.91534e-05 0.000113737   -0.204957 0.000702674
1.25935e-05   -0.204998 1.91534e-05 0.000113622   -0.204957 0.000702824
1.25935e-05   -0.204998 1.91534e-05  0.00011362   -0.204958 0.000702878
1.25935e-05   -0.204998 1.91534e-05 0.000113751   -0.204958 0.000702834
1.25935e-05   -0.204998 1.91534e-05 0.000113816   -0.204959 0.000702834
1.25935e-05   -0.204998 1.91534e-05 0.000113843   -0.204959 0.000702872
1.25935e-05   -0.204998 1.91534e-05 0.000113804   -0.204959 0.000702954
1.25935e-05   -0.204998 1.91534e-05 0.000113718   -0.204959 0.000703077
1.25935e-05   -0.204998 1.91534e-05 0.000113585   -0.204959 0.000703234
1.25935e-05   -0.204998 1.91534e-05 0.000113414   -0.204959 0.000703422
1.25935e-05   -0.204998 1.91534e-05 0.000113168   -0.204958 0.000703661
1.25935e-05   -0.204998 1.91534e-05 0.000112892   -0.204958 0.000703923
1.25935e-05   -0.204998 1.91534e-05 0.000112561   -0.204957  0.00070422
1.25935e-05   -0.204998 1.91534e-05  0.00011239   -0.204957 0.000704404
1.25935e-05   -0.204998 1.91534e-05 0.000112344   -0.204957 0.000704485
1.25935e-05   -0.204998 1.91534e-05 0.000112429   -0.204957  0.00070446
1.25935e-05   -0.204998 1.91534e-05 0.000112467   -0.204958 0.000704479
1.25935e-05   -0.204998 1.91534e-05 0.000112421   -0.204958 0.000704548
1.25935e-05   -0.204998 1.91534e-05 0.000112346   -0.204958 0.000704649
1.25935e-05   -0.204998 1.91534e-05 0.000112226   -0.204958 0.000704788
1.25935e-05   -0.204998 1.91534e-05 0.000112057   -0.204957 0.000704965
1.25935e-05   -0.204998 1.91534e-05 0.000111832   -0.204957 0.000705179
1.25935e-05   -0.204998 1.91534e-05 0.000111561   -0.204956  0.00070543
1.25935e-05   -0.204998 1.91534e-05 0.000111261   -0.204956 0.000705706
1.25935e-05   -0.204998 1.91534e-05 0.000111113   -0.204956 0.000705876
1.25935e-05   -0.204998 1.91534e-05 0.000111069   -0.204956  0.00070595
1.25935e-05   -0.204998 1.91534e-05 0.000111149   -0.204956 0.000705927
1.25935e-05   -0.204998 1.91534e-05 0.00011118  -0.204957 0.00070594
1.25935e-05   -0.204998 1.91534e-05 0.000111175   -0.204957 0.000705997
1.25935e-05   -0.204998 1.91534e-05 0.000111104   -0.204957 0.000706095
1.25935e-05   -0.204998 1.91534e-05 0.000110993   -0.204957 0.000706229
1.25935e-05   -0.204998 1.91534e-05 0.000110827   -0.204957 0.000706401
1.25935e-05   -0.204998 1.91534e-05 0.000110614   -0.204956 0.000706611
1.25935e-05   -0.204998 1.91534e-05 0.000110373   -0.204956  0.00070685
1.25935e-05   -0.204998 1.91534e-05 0.000110246   -0.204956 0.000706999
1.25935e-05   -0.204998 1.91534e-05 0.000110251   -0.204956 0.000707045
1.25935e-05   -0.204998 1.91534e-05 0.000110191   -0.204956 0.000707141
1.25935e-05   -0.204998 1.91534e-05 0.000110093   -0.204956 0.000707266
1.25935e-05   -0.204998 1.91534e-05 0.000109938   -0.204956 0.000707435
1.25935e-05   -0.204998 1.91534e-05 0.000109726   -0.204956 0.000707641
1.25935e-05   -0.204998 1.91534e-05 0.000109497   -0.204955 0.000707874
1.25935e-05   -0.204998 1.91534e-05 0.000109401   -0.204955 0.000708012
1.25935e-05   -0.204998 1.91534e-05 0.000109409   -0.204956 0.000708062
1.25935e-05   -0.204998 1.91534e-05 0.000109379   -0.204956 0.000708148
1.25935e-05   -0.204998 1.91534e-05 0.000109282   -0.204956 0.000708278
1.25935e-05   -0.204998 1.91534e-05 0.000109139   -0.204956 0.000708442
1.25935e-05   -0.204998 1.91534e-05 0.000108967   -0.204956 0.000708638
1.25935e-05   -0.204998 1.91534e-05 0.000108711   -0.204955 0.000708883
1.25935e-05   -0.204998 1.91534e-05 0.000108635   -0.204955 0.000709016
1.25935e-05   -0.204998 1.91534e-05 0.000108664   -0.204956 0.000709061
1.25935e-05   -0.204998 1.91534e-05 0.000108636   -0.204956 0.000709151
1.25935e-05   -0.204998 1.91534e-05 0.000108551   -0.204956 0.000709282
1.25935e-05   -0.204998 1.91534e-05  0.00010841   -0.204956 0.000709447
1.25935e-05   -0.204998 1.91534e-05 0.000108242   -0.204956 0.000709648
1.25935e-05   -0.204998 1.91534e-05 0.000108008   -0.204956 0.000709886
1.25935e-05   -0.204998 1.91534e-05 0.000107926   -0.204956 0.000710023
1.25935e-05   -0.204998 1.91534e-05 0.000107967   -0.204956 0.000710066
1.25935e-05   -0.204998 1.91534e-05 0.000107933   -0.204956  0.00071016
1.25935e-05   -0.204998 1.91534e-05 0.000107842   -0.204956 0.000710294
1.25935e-05   -0.204998 1.91534e-05 0.000107734   -0.204956 0.000710454
1.25935e-05   -0.204998 1.91534e-05  0.00010756   -0.204956 0.000710656
1.25935e-05   -0.204998 1.91534e-05 0.000107358   -0.204956 0.000710887
1.25935e-05   -0.204998 1.91534e-05 0.000107071   -0.204955 0.000711161
1.25935e-05   -0.204998 1.91534e-05 0.000106955   -0.204955 0.000711329
1.25935e-05   -0.204998 1.91534e-05 0.000106952   -0.204955 0.000711402
1.25935e-05   -0.204998 1.91534e-05 0.000107083   -0.204956 0.000711379
1.25935e-05   -0.204998 1.91534e-05 0.000107127   -0.204956 0.000711401
1.25935e-05   -0.204998 1.91534e-05 0.000107135   -0.204957 0.000711464
1.25935e-05   -0.204998 1.91534e-05 0.000107089   -0.204957 0.000711567
1.25935e-05   -0.204998 1.91534e-05 0.000106996   -0.204957 0.000711708
1.25935e-05   -0.204998 1.91534e-05 0.000106868   -0.204957 0.000711897
1.25935e-05   -0.204998 1.91534e-05 0.000106703   -0.204956 0.000712128
1.25935e-05   -0.204998 1.91534e-05 0.000106512   -0.204956 0.000712401
1.25935e-05   -0.204998 1.91534e-05 0.000106283   -0.204955 0.000712717
1.25935e-05   -0.204998 1.91534e-05 0.000106198   -0.204955 0.000712926
1.25935e-05   -0.204998 1.91534e-05 0.000106234   -0.204955 0.000713029
1.25935e-05   -0.204998 1.91534e-05 0.000106403   -0.204955 0.000713019
1.25935e-05   -0.204998 1.91534e-05 0.000106476   -0.204956 0.000713058
1.25935e-05   -0.204998 1.91534e-05 0.000106512   -0.204956 0.000713126
1.25935e-05   -0.204998 1.91534e-05 0.000106483   -0.204956 0.000713238
1.25935e-05   -0.204998 1.91534e-05 0.000106379   -0.204956 0.000713389
1.25935e-05   -0.204998 1.91534e-05 0.000106238   -0.204955  0.00071357
1.25935e-05   -0.204998 1.91534e-05 0.000106032   -0.204955 0.000713793
1.25935e-05   -0.204998 1.91534e-05  0.00010577   -0.204954 0.000714048
1.25935e-05   -0.204998 1.91534e-05 0.000105669   -0.204954 0.000714195
1.25935e-05   -0.204998 1.91534e-05 0.000105679   -0.204954 0.000714243
1.25935e-05   -0.204998 1.91534e-05 0.000105814   -0.204955 0.000714199
1.25935e-05   -0.204998 1.91534e-05 0.000105863   -0.204955 0.000714203
1.25935e-05   -0.204998 1.91534e-05 0.000105904   -0.204956 0.000714236
1.25935e-05   -0.204998 1.91534e-05 0.000105842   -0.204956 0.000714322
1.25935e-05   -0.204998 1.91534e-05 0.000105744   -0.204955 0.000714447
1.25935e-05   -0.204998 1.91534e-05 0.000105618   -0.204955 0.000714606
1.25935e-05   -0.204998 1.91534e-05 0.000105418   -0.204955 0.000714807
1.25935e-05   -0.204998 1.91534e-05  0.00010519   -0.204954 0.000715036
1.25935e-05   -0.204998 1.91534e-05 0.000104887   -0.204953  0.00071531
1.25935e-05   -0.204998 1.91534e-05 0.000104754   -0.204953 0.000715471
1.25935e-05   -0.204998 1.91534e-05 0.000104734   -0.204953  0.00071554
1.25935e-05   -0.204998 1.91534e-05 0.000104825   -0.204954  0.00071551
1.25935e-05   -0.204998 1.91534e-05 0.000105059   -0.204955 0.000715385
1.25935e-05   -0.204998 1.91534e-05 0.000105228   -0.204955 0.000715312
1.25935e-05   -0.204998 1.91534e-05 0.000105312   -0.204956 0.000715295
1.25935e-05   -0.204998 1.91534e-05 0.000105362   -0.204956 0.000715317
1.25935e-05   -0.204998 1.91534e-05 0.000105376   -0.204956 0.000715377
1.25935e-05   -0.204998 1.91534e-05 0.000105315   -0.204956 0.000715486
1.25935e-05   -0.204998 1.91534e-05  0.00010521   -0.204956 0.000715636
1.25935e-05   -0.204998 1.91534e-05 0.000105058   -0.204955  0.00071582
1.25935e-05   -0.204998 1.91534e-05 0.000104878   -0.204955 0.000716035
1.25935e-05   -0.204998 1.91534e-05 0.000104614   -0.204954 0.000716296
1.25935e-05   -0.204998 1.91534e-05 0.000104313   -0.204953 0.000716588
1.25935e-05   -0.204998 1.91534e-05 0.000103993   -0.204952 0.000716904
1.25935e-05   -0.204998 1.91534e-05 0.000103776   -0.204952 0.000717123
1.25935e-05   -0.204998 1.91534e-05 0.000103728   -0.204952 0.000717227
1.25935e-05   -0.204998 1.91534e-05 0.000103793   -0.204952 0.000717231
1.25935e-05   -0.204998 1.91534e-05 0.000103959   -0.204953  0.00071715
1.25935e-05   -0.204998 1.91534e-05 0.000104099   -0.204953 0.000717105
1.25935e-05   -0.204998 1.91534e-05 0.000104174   -0.204954 0.000717109
1.25935e-05   -0.204998 1.91534e-05 0.000104203   -0.204954 0.000717153
1.25935e-05   -0.204998 1.91534e-05 0.000104169   -0.204954 0.000717245
1.25935e-05   -0.204998 1.91534e-05 0.000104079   -0.204954  0.00071738
1.25935e-05   -0.204998 1.91534e-05 0.000103971   -0.204953 0.000717543
1.25935e-05   -0.204998 1.91534e-05 0.000103789   -0.204953 0.000717751
1.25935e-05   -0.204998 1.91534e-05 0.000103588   -0.204952 0.000717988
1.25935e-05   -0.204998 1.91534e-05 0.000103321   -0.204952 0.000718262
1.25935e-05   -0.204998 1.91534e-05 0.000103185   -0.204951 0.000718438
1.25935e-05   -0.204998 1.91534e-05 0.000103171   -0.204951 0.000718516
1.25935e-05   -0.204998 1.91534e-05 0.000103307   -0.204952 0.000718488
1.25935e-05   -0.204998 1.91534e-05 0.000103536   -0.204953  0.00071838
1.25935e-05   -0.204998 1.91534e-05 0.000103718   -0.204953 0.000718312
1.25935e-05   -0.204998 1.91534e-05 0.000103836   -0.204954 0.000718292
1.25935e-05   -0.204998 1.91534e-05 0.000103918   -0.204954 0.000718314
1.25935e-05   -0.204998 1.91534e-05 0.000103926   -0.204954 0.000718388
1.25935e-05   -0.204998 1.91534e-05 0.000103888   -0.204954 0.000718499
1.25935e-05   -0.204998 1.91534e-05 0.000103794   -0.204954 0.000718655
1.25935e-05   -0.204998 1.91534e-05 0.000103654   -0.204953 0.000718844
1.25935e-05   -0.204998 1.91534e-05 0.000103477   -0.204953 0.000719069
1.25935e-05   -0.204998 1.91534e-05 0.000103253   -0.204952 0.000719329
1.25935e-05   -0.204998 1.91534e-05 0.000102962   -0.204951 0.000719627
1.25935e-05   -0.204998 1.91534e-05 0.000102812   -0.204951  0.00071982
1.25935e-05   -0.204998 1.91534e-05 0.000102793   -0.204951 0.000719913
1.25935e-05   -0.204998 1.91534e-05 0.000102923   -0.204951 0.000719896
1.25935e-05   -0.204998 1.91534e-05 0.000102968   -0.204952  0.00071993
1.25935e-05   -0.204998 1.91534e-05 0.000102966   -0.204952 0.000720006
1.25935e-05   -0.204998 1.91534e-05  0.00010292   -0.204952 0.000720121
1.25935e-05   -0.204998 1.91534e-05 0.000102805   -0.204951 0.000720279
1.25935e-05   -0.204998 1.91534e-05 0.000102666   -0.204951 0.000720468
1.25935e-05   -0.204998 1.91534e-05 0.000102637   -0.204951 0.000720572
1.25935e-05   -0.204998 1.91534e-05 0.000102562   -0.204951 0.000720713
1.25935e-05   -0.204998 1.91534e-05 0.000102608   -0.204951 0.000720763
1.25935e-05   -0.204998 1.91534e-05 0.000102606   -0.204952 0.000720852
1.25935e-05   -0.204998 1.91534e-05 0.000102549   -0.204952 0.000720979
1.25935e-05   -0.204998 1.91534e-05 0.000102416   -0.204951 0.000721152
1.25935e-05   -0.204998 1.91534e-05 0.000102266   -0.204951 0.000721356
1.25935e-05   -0.204998 1.91534e-05 0.000102227   -0.204951  0.00072147
1.25935e-05   -0.204998 1.91534e-05  0.00010231   -0.204952 0.000721495
1.25935e-05   -0.204998 1.91534e-05 0.000102327   -0.204952 0.000721566
1.25935e-05   -0.204998 1.91534e-05 0.000102297   -0.204952  0.00072167
1.25935e-05   -0.204998 1.91534e-05  0.00010222   -0.204952 0.000721811
1.25935e-05   -0.204998 1.91534e-05 0.000102087   -0.204952 0.000721995
1.25935e-05   -0.204998 1.91534e-05 0.000101909   -0.204951 0.000722214
1.25935e-05   -0.204998 1.91534e-05 0.000101851   -0.204951  0.00072234
1.25935e-05   -0.204998 1.91534e-05 0.000101923   -0.204952  0.00072237
1.25935e-05   -0.204998 1.91534e-05  0.00010194   -0.204952 0.000722448
1.25935e-05   -0.204998 1.91534e-05 0.000101889   -0.204952 0.000722558
1.25935e-05   -0.204998 1.91534e-05 0.000101802   -0.204952 0.000722707
1.25935e-05   -0.204998 1.91534e-05  0.00010165   -0.204952 0.000722894
1.25935e-05   -0.204998 1.91534e-05 0.000101639   -0.204952 0.000722993
1.25935e-05   -0.204998 1.91534e-05 0.000101551   -0.204952 0.000723132
1.25935e-05   -0.204998 1.91534e-05 0.000101603   -0.204952  0.00072317
1.25935e-05   -0.204998 1.91534e-05 0.000101609   -0.204953 0.000723249
1.25935e-05   -0.204998 1.91534e-05 0.000101529   -0.204953 0.000723373
1.25935e-05   -0.204998 1.91534e-05 0.000101412   -0.204952  0.00072353
1.25935e-05   -0.204998 1.91534e-05 0.000101239   -0.204952 0.000723724
1.25935e-05   -0.204998 1.91534e-05 0.000101207   -0.204952 0.000723821
1.25935e-05   -0.204998 1.91534e-05 0.000101277   -0.204953 0.000723835
1.25935e-05   -0.204998 1.91534e-05 0.000101289   -0.204953 0.000723887
1.25935e-05   -0.204998 1.91534e-05 0.000101256   -0.204953 0.000723975
1.25935e-05   -0.204998 1.91534e-05 0.000101165   -0.204953 0.000724103
1.25935e-05   -0.204998 1.91534e-05 0.000101029   -0.204953 0.000724267
1.25935e-05   -0.204998 1.91534e-05 0.000100816   -0.204952 0.000724472
1.25935e-05   -0.204998 1.91534e-05 0.000100763   -0.204952 0.000724572
1.25935e-05   -0.204998 1.91534e-05 0.000100824   -0.204953 0.000724586
1.25935e-05   -0.204998 1.91534e-05 0.000100836   -0.204953 0.000724641
1.25935e-05   -0.204998 1.91534e-05 0.000100753   -0.204953 0.000724741
1.25935e-05   -0.204998 1.91534e-05 0.000100661   -0.204953 0.000724863
1.25935e-05   -0.204998 1.91534e-05 0.000100494   -0.204952  0.00072503
1.25935e-05   -0.204998 1.91534e-05 0.000100439   -0.204952 0.000725114
1.25935e-05   -0.204998 1.91534e-05 0.000100544   -0.204953 0.000725092
1.25935e-05   -0.204998 1.91534e-05 0.000100554   -0.204953 0.000725123
1.25935e-05   -0.204998 1.91534e-05 0.000100526   -0.204953 0.000725182
1.25935e-05   -0.204998 1.91534e-05 0.000100431   -0.204953 0.000725287
1.25935e-05   -0.204998 1.91534e-05 0.000100301   -0.204953 0.000725427
1.25935e-05   -0.204998 1.91534e-05 0.000100095   -0.204953 0.000725607
1.25935e-05   -0.204998 1.91534e-05  0.00010004   -0.204952 0.000725689
1.25935e-05   -0.204998 1.91534e-05 0.000100078   -0.204953 0.000725687
1.25935e-05   -0.204998 1.91534e-05 0.000100096   -0.204953  0.00072571
1.25935e-05   -0.204998 1.91534e-05 0.000100018   -0.204953 0.000725785
1.25935e-05   -0.204998 1.91534e-05  9.9905e-05   -0.204953 0.000725895
1.25935e-05   -0.204998 1.91534e-05 9.97533e-05   -0.204953 0.000726035
1.25935e-05   -0.204998 1.91534e-05 9.97045e-05   -0.204953 0.000726094
1.25935e-05   -0.204998 1.91534e-05 9.96091e-05   -0.204952 0.000726185
1.25935e-05   -0.204998 1.91534e-05 9.96157e-05   -0.204953  0.00072619
1.25935e-05   -0.204998 1.91534e-05 9.95938e-05   -0.204953 0.000726226
1.25935e-05   -0.204998 1.91534e-05 9.95152e-05   -0.204953   0.0007263
1.25935e-05   -0.204998 1.91534e-05 9.93713e-05   -0.204953 0.000726418
1.25935e-05   -0.204998 1.91534e-05 9.91614e-05   -0.204952 0.000726573
1.25935e-05   -0.204998 1.91534e-05 9.91213e-05   -0.204952 0.000726627
1.25935e-05   -0.204998 1.91534e-05  9.9165e-05   -0.204952 0.000726601
1.25935e-05   -0.204998 1.91534e-05 9.91711e-05   -0.204953 0.000726609
1.25935e-05   -0.204998 1.91534e-05    9.91e-05   -0.204953 0.000726661
1.25935e-05   -0.204998 1.91534e-05 9.89822e-05   -0.204953  0.00072675
1.25935e-05   -0.204998 1.91534e-05 9.88184e-05   -0.204952 0.000726875
1.25935e-05   -0.204998 1.91534e-05 9.85882e-05   -0.204952 0.000727039
1.25935e-05   -0.204998 1.91534e-05 9.84999e-05   -0.204952 0.000727109
1.25935e-05   -0.204998 1.91534e-05 9.85529e-05   -0.204952 0.000727079
1.25935e-05   -0.204998 1.91534e-05 9.87083e-05   -0.204953 0.000726961
1.25935e-05   -0.204998 1.91534e-05 9.87864e-05   -0.204953 0.000726889
1.25935e-05   -0.204998 1.91534e-05  9.8837e-05   -0.204953 0.000726852
1.25935e-05   -0.204998 1.91534e-05 9.87923e-05   -0.204953 0.000726871
1.25935e-05   -0.204998 1.91534e-05 9.87101e-05   -0.204953  0.00072692
1.25935e-05   -0.204998 1.91534e-05 9.85622e-05   -0.204953 0.000727013
1.25935e-05   -0.204998 1.91534e-05 9.83788e-05   -0.204953 0.000727144
1.25935e-05   -0.204998 1.91534e-05 9.81582e-05   -0.204952 0.000727307
1.25935e-05   -0.204998 1.91534e-05 9.78621e-05   -0.204951 0.000727511
1.25935e-05   -0.204998 1.91534e-05 9.77365e-05   -0.204951 0.000727605
1.25935e-05   -0.204998 1.91534e-05 9.77141e-05   -0.204951 0.000727606
1.25935e-05   -0.204998 1.91534e-05  9.7803e-05   -0.204951 0.000727516
1.25935e-05   -0.204998 1.91534e-05 9.78625e-05   -0.204952 0.000727456
1.25935e-05   -0.204998 1.91534e-05 9.78544e-05   -0.204952  0.00072744
1.25935e-05   -0.204998 1.91534e-05 9.77706e-05   -0.204952 0.000727467
1.25935e-05   -0.204998 1.91534e-05  9.7631e-05   -0.204952 0.000727539
1.25935e-05   -0.204998 1.91534e-05 9.74463e-05   -0.204951 0.000727651
1.25935e-05   -0.204998 1.91534e-05 9.72143e-05   -0.204951 0.000727797
1.25935e-05   -0.204998 1.91534e-05 9.71428e-05    -0.20495 0.000727839
1.25935e-05   -0.204998 1.91534e-05 9.71549e-05   -0.204951 0.000727798
1.25935e-05   -0.204998 1.91534e-05 9.71192e-05   -0.204951 0.000727799
1.25935e-05   -0.204998 1.91534e-05 9.70261e-05   -0.204951 0.000727839
1.25935e-05   -0.204998 1.91534e-05  9.6867e-05    -0.20495 0.000727924
1.25935e-05   -0.204998 1.91534e-05  9.6691e-05    -0.20495 0.000728035
1.25935e-05   -0.204998 1.91534e-05 9.66184e-05    -0.20495 0.000728064
1.25935e-05   -0.204998 1.91534e-05  9.6667e-05    -0.20495 0.000728002
1.25935e-05   -0.204998 1.91534e-05 9.66588e-05   -0.204951 0.000727983
1.25935e-05   -0.204998 1.91534e-05 9.66118e-05   -0.204951 0.000728001
1.25935e-05   -0.204998 1.91534e-05 9.64607e-05   -0.204951 0.000728072
1.25935e-05   -0.204998 1.91534e-05 9.63115e-05    -0.20495 0.000728167
1.25935e-05   -0.204998 1.91534e-05 9.60789e-05    -0.20495 0.000728311
1.25935e-05   -0.204998 1.91534e-05 9.59867e-05    -0.20495 0.000728358
1.25935e-05   -0.204998 1.91534e-05 9.60361e-05    -0.20495 0.000728309
1.25935e-05   -0.204998 1.91534e-05 9.60181e-05    -0.20495   0.0007283
1.25935e-05   -0.204998 1.91534e-05 9.59423e-05   -0.204951 0.000728334
1.25935e-05   -0.204998 1.91534e-05 9.57826e-05    -0.20495 0.000728417
1.25935e-05   -0.204998 1.91534e-05 9.55953e-05    -0.20495 0.000728532
1.25935e-05   -0.204998 1.91534e-05 9.53536e-05    -0.20495 0.000728688
1.25935e-05   -0.204998 1.91534e-05 9.52628e-05    -0.20495 0.000728742
1.25935e-05   -0.204998 1.91534e-05 9.52927e-05    -0.20495   0.0007287
1.25935e-05   -0.204998 1.91534e-05 9.54267e-05   -0.204951 0.000728574
1.25935e-05   -0.204998 1.91534e-05 9.55113e-05   -0.204951 0.000728484
1.25935e-05   -0.204998 1.91534e-05 9.55392e-05   -0.204951  0.00072844
1.25935e-05   -0.204998 1.91534e-05 9.54617e-05   -0.204952 0.000728451
1.25935e-05   -0.204998 1.91534e-05 9.53769e-05   -0.204951 0.000728486
1.25935e-05   -0.204998 1.91534e-05 9.52174e-05   -0.204951 0.000728574
1.25935e-05   -0.204998 1.91534e-05 9.50131e-05   -0.204951 0.000728699
1.25935e-05   -0.204998 1.91534e-05 9.47611e-05    -0.20495 0.000728857
1.25935e-05   -0.204998 1.91534e-05 9.44918e-05    -0.20495 0.000729041
1.25935e-05   -0.204998 1.91534e-05 9.43353e-05   -0.204949  0.00072913
1.25935e-05   -0.204998 1.91534e-05 9.42908e-05   -0.204949 0.000729124
1.25935e-05   -0.204998 1.91534e-05 9.44075e-05    -0.20495  0.00072901
1.25935e-05   -0.204998 1.91534e-05 9.44363e-05    -0.20495 0.000728944
1.25935e-05   -0.204998 1.91534e-05 9.43888e-05    -0.20495 0.000728928
1.25935e-05   -0.204998 1.91534e-05 9.43058e-05    -0.20495 0.000728947
1.25935e-05   -0.204998 1.91534e-05 9.41671e-05    -0.20495 0.000729004
1.25935e-05   -0.204998 1.91534e-05 9.39831e-05    -0.20495 0.000729108
1.25935e-05   -0.204998 1.91534e-05 9.37616e-05   -0.204949 0.000729237
1.25935e-05   -0.204998 1.91534e-05 9.36531e-05   -0.204949 0.000729279
1.25935e-05   -0.204998 1.91534e-05 9.36847e-05   -0.204949  0.00072922
1.25935e-05   -0.204998 1.91534e-05 9.36501e-05   -0.204949 0.000729206
1.25935e-05   -0.204998 1.91534e-05 9.35492e-05   -0.204949 0.000729234
1.25935e-05   -0.204998 1.91534e-05 9.34234e-05   -0.204949 0.000729298
1.25935e-05   -0.204998 1.91534e-05 9.32214e-05   -0.204949 0.000729407
1.25935e-05   -0.204998 1.91534e-05 9.31609e-05   -0.204949 0.000729418
1.25935e-05   -0.204998 1.91534e-05 9.32219e-05   -0.204949  0.00072934
1.25935e-05   -0.204998 1.91534e-05 9.32254e-05   -0.204949 0.000729301
1.25935e-05   -0.204998 1.91534e-05 9.31537e-05    -0.20495 0.000729311
1.25935e-05   -0.204998 1.91534e-05 9.30362e-05   -0.204949 0.000729363
1.25935e-05   -0.204998 1.91534e-05 9.28822e-05   -0.204949 0.000729447
1.25935e-05   -0.204998 1.91534e-05 9.26719e-05   -0.204949  0.00072957
1.25935e-05   -0.204998 1.91534e-05 9.25942e-05   -0.204949 0.000729601
1.25935e-05   -0.204998 1.91534e-05 9.26283e-05   -0.204949 0.000729539
1.25935e-05   -0.204998 1.91534e-05 9.26063e-05   -0.204949 0.000729521
1.25935e-05   -0.204998 1.91534e-05 9.25572e-05   -0.204949 0.000729537
1.25935e-05   -0.204998 1.91534e-05 9.24136e-05   -0.204949 0.000729604
1.25935e-05   -0.204998 1.91534e-05 9.22436e-05   -0.204949 0.000729702
1.25935e-05   -0.204998 1.91534e-05 9.20266e-05   -0.204948  0.00072984
1.25935e-05   -0.204998 1.91534e-05 9.19401e-05   -0.204948 0.000729879
1.25935e-05   -0.204998 1.91534e-05 9.19862e-05   -0.204949 0.000729816
1.25935e-05   -0.204998 1.91534e-05 9.21244e-05   -0.204949 0.000729672
1.25935e-05   -0.204998 1.91534e-05 9.22253e-05    -0.20495 0.000729564
1.25935e-05   -0.204998 1.91534e-05 9.22331e-05    -0.20495 0.000729512
1.25935e-05   -0.204998 1.91534e-05 9.22327e-05    -0.20495  0.00072949
1.25935e-05   -0.204998 1.91534e-05 9.21475e-05    -0.20495 0.000729517
1.25935e-05   -0.204998 1.91534e-05 9.18162e-05    -0.20495 0.000729704
1.25935e-05   -0.204998 1.91534e-05 9.15876e-05   -0.204949 0.000729865
1.25935e-05   -0.204998 1.91534e-05 9.13088e-05   -0.204948 0.000730069
1.25935e-05   -0.204998 1.91534e-05 9.11654e-05   -0.204948 0.000730245
1.25935e-05   -0.204998 1.91534e-05 9.12811e-05   -0.204949 0.000730232
1.25935e-05   -0.204998 1.91534e-05 9.13391e-05   -0.204949 0.000730278
1.25935e-05   -0.204998 1.91534e-05 9.13213e-05   -0.204949 0.000730546
1.25935e-05   -0.204998 1.91534e-05 9.12949e-05   -0.204949 0.000730761
1.25935e-05   -0.204998 1.91534e-05 9.12209e-05   -0.204949 0.000731039
1.25935e-05   -0.204998 1.91534e-05 9.11184e-05   -0.204949 0.000731364
1.25935e-05   -0.204998 1.91534e-05 9.12671e-05   -0.204949 0.000731816
1.25935e-05   -0.204998 1.91534e-05   9.149e-05    -0.20495 0.000731943
1.25935e-05   -0.204998 1.91534e-05 9.16749e-05    -0.20495 0.000732124
1.25935e-05   -0.204998 1.91534e-05 9.19334e-05   -0.204951 0.000732643
1.25935e-05   -0.204998 1.91534e-05 9.19865e-05   -0.204951 0.000732998
1.25935e-05   -0.204998 1.91534e-05 9.20505e-05   -0.204951 0.000733396
1.25935e-05   -0.204998 1.91534e-05 9.20382e-05   -0.204951 0.000733852
1.25935e-05   -0.204998 1.91534e-05 9.20893e-05   -0.204951  0.00073478
1.25935e-05   -0.204998 1.91534e-05  9.2243e-05   -0.204951 0.000735134
1.25935e-05   -0.204998 1.91534e-05 9.25276e-05   -0.204952 0.000735399
1.25935e-05   -0.204998 1.91534e-05 9.27466e-05   -0.204952  0.00073571
1.25935e-05   -0.204998 1.91534e-05 9.30327e-05   -0.204953 0.000736507
1.25935e-05   -0.204998 1.91534e-05 9.31279e-05   -0.204953 0.000736968
1.25935e-05   -0.204998 1.91534e-05 9.31665e-05   -0.204953  0.00073748
1.25935e-05   -0.204998 1.91534e-05 9.3148e-05  -0.204953 0.00073803
1.25935e-05   -0.204998 1.91534e-05 9.34282e-05   -0.204953 0.000738873
1.25935e-05   -0.204998 1.91534e-05 9.3707e-05  -0.204954 0.00073917
1.25935e-05   -0.204998 1.91534e-05 9.39389e-05   -0.204955 0.000739502
1.25935e-05   -0.204998 1.91534e-05 9.40933e-05   -0.204955 0.000739882
1.25935e-05   -0.204998 1.91534e-05 9.41818e-05   -0.204955   0.0007403
1.25935e-05   -0.204998 1.91534e-05 9.42224e-05   -0.204956 0.000740751
1.25935e-05   -0.204998 1.91534e-05 9.42282e-05   -0.204955 0.000741225
1.25935e-05   -0.204998 1.91534e-05 9.41306e-05   -0.204955  0.00074174
1.25935e-05   -0.204998 1.91534e-05 9.41752e-05   -0.204955 0.000742152
1.25935e-05   -0.204998 1.91534e-05  9.4304e-05   -0.204956 0.000742477
1.25935e-05   -0.204998 1.91534e-05 9.45549e-05   -0.204956 0.000742694
1.25935e-05   -0.204998 1.91534e-05 9.47318e-05   -0.204957 0.000742944
1.25935e-05   -0.204998 1.91534e-05 9.48333e-05   -0.204957 0.000743221
1.25935e-05   -0.204998 1.91534e-05 9.48508e-05   -0.204957 0.000743529
1.25935e-05   -0.204998 1.91534e-05 9.48219e-05   -0.204957 0.000743861
1.25935e-05   -0.204998 1.91534e-05 9.47067e-05   -0.204957 0.000744222
1.25935e-05   -0.204998 1.91534e-05 9.45251e-05   -0.204957 0.000744604
1.25935e-05   -0.204998 1.91534e-05 9.44572e-05   -0.204957 0.000744884
1.25935e-05   -0.204998 1.91534e-05  9.4511e-05   -0.204957 0.000745054
1.25935e-05   -0.204998 1.91534e-05 9.46595e-05   -0.204957 0.000745124
1.25935e-05   -0.204998 1.91534e-05 9.47604e-05   -0.204958 0.000745219
1.25935e-05   -0.204998 1.91534e-05 9.47566e-05   -0.204958 0.000745351
1.25935e-05   -0.204998 1.91534e-05 9.46681e-05   -0.204958 0.000745518
1.25935e-05   -0.204998 1.91534e-05 9.45408e-05   -0.204958 0.000745704
1.25935e-05   -0.204998 1.91534e-05 9.43387e-05   -0.204957 0.000745923
1.25935e-05   -0.204998 1.91534e-05 9.40401e-05   -0.204957 0.000746177
1.25935e-05   -0.204998 1.91534e-05 9.39028e-05   -0.204956 0.000746313
1.25935e-05   -0.204998 1.91534e-05 9.38496e-05   -0.204956 0.000746358
1.25935e-05   -0.204998 1.91534e-05  9.3957e-05   -0.204957 0.000746287
1.25935e-05   -0.204998 1.91534e-05 9.39493e-05   -0.204957 0.000746261
1.25935e-05   -0.204998 1.91534e-05 9.38675e-05   -0.204957 0.000746274
1.25935e-05   -0.204998 1.91534e-05 9.37285e-05   -0.204957  0.00074632
1.25935e-05   -0.204998 1.91534e-05  9.3542e-05   -0.204957 0.000746392
1.25935e-05   -0.204998 1.91534e-05   9.327e-05   -0.204956 0.000746503
1.25935e-05   -0.204998 1.91534e-05 9.29406e-05   -0.204956 0.000746644
1.25935e-05   -0.204998 1.91534e-05 9.27156e-05   -0.204955 0.000746693
1.25935e-05   -0.204998 1.91534e-05 9.26313e-05   -0.204955 0.000746637
1.25935e-05   -0.204998 1.91534e-05 9.26886e-05   -0.204956 0.000746473
1.25935e-05   -0.204998 1.91534e-05 9.26419e-05   -0.204956 0.000746361
1.25935e-05   -0.204998 1.91534e-05 9.25385e-05   -0.204956 0.000746288
1.25935e-05   -0.204998 1.91534e-05 9.23889e-05   -0.204956 0.000746246
1.25935e-05   -0.204998 1.91534e-05  9.2125e-05   -0.204955 0.000746257
1.25935e-05   -0.204998 1.91534e-05 9.18526e-05   -0.204955 0.000746293
1.25935e-05   -0.204998 1.91534e-05 9.15041e-05   -0.204954 0.000746364
1.25935e-05   -0.204998 1.91534e-05 9.12683e-05   -0.204953  0.00074635
1.25935e-05   -0.204998 1.91534e-05 9.11934e-05   -0.204953 0.000746227
1.25935e-05   -0.204998 1.91534e-05 9.11931e-05   -0.204954 0.000746023
1.25935e-05   -0.204998 1.91534e-05 9.11453e-05   -0.204954 0.000745859
1.25935e-05   -0.204998 1.91534e-05 9.10427e-05   -0.204954 0.000745734
1.25935e-05   -0.204998 1.91534e-05 9.08545e-05   -0.204954 0.000745658
1.25935e-05   -0.204998 1.91534e-05 9.06198e-05   -0.204953  0.00074562
1.25935e-05   -0.204998 1.91534e-05 9.03087e-05   -0.204953 0.000745625
1.25935e-05   -0.204998 1.91534e-05  8.9971e-05   -0.204952 0.000745661
1.25935e-05   -0.204998 1.91534e-05  8.9755e-05   -0.204952 0.000745608
1.25935e-05   -0.204998 1.91534e-05 8.96417e-05   -0.204952 0.000745463
1.25935e-05   -0.204998 1.91534e-05 8.94934e-05   -0.204951 0.000745359
1.25935e-05   -0.204998 1.91534e-05 8.92685e-05   -0.204951 0.000745302
1.25935e-05   -0.204998 1.91534e-05 8.90061e-05   -0.204951 0.000745273
1.25935e-05   -0.204998 1.91534e-05 8.88575e-05    -0.20495 0.000745165
1.25935e-05   -0.204998 1.91534e-05 8.88219e-05   -0.204951 0.000744971
1.25935e-05   -0.204998 1.91534e-05 8.87111e-05   -0.204951 0.000744833
1.25935e-05   -0.204998 1.91534e-05 8.85628e-05   -0.204951 0.000744727
1.25935e-05   -0.204998 1.91534e-05 8.83403e-05    -0.20495 0.000744673
1.25935e-05   -0.204998 1.91534e-05 8.80795e-05    -0.20495 0.000744652
1.25935e-05   -0.204998 1.91534e-05 8.77435e-05   -0.204949  0.00074468
1.25935e-05   -0.204998 1.91534e-05 8.75494e-05   -0.204949 0.000744612
1.25935e-05   -0.204998 1.91534e-05 8.74778e-05   -0.204949 0.000744456
1.25935e-05   -0.204998 1.91534e-05 8.75386e-05   -0.204949 0.000744208
1.25935e-05   -0.204998 1.91534e-05  8.7505e-05    -0.20495 0.000744015
1.25935e-05   -0.204998 1.91534e-05 8.74053e-05    -0.20495 0.000743874
1.25935e-05   -0.204998 1.91534e-05 8.72602e-05    -0.20495  0.00074378
1.25935e-05   -0.204998 1.91534e-05 8.70666e-05   -0.204949 0.000743719
1.25935e-05   -0.204998 1.91534e-05 8.67989e-05   -0.204949 0.000743713
1.25935e-05   -0.204998 1.91534e-05 8.64658e-05   -0.204948 0.000743749
1.25935e-05   -0.204998 1.91534e-05 8.61136e-05   -0.204947 0.000743817
1.25935e-05   -0.204998 1.91534e-05 8.58646e-05   -0.204947 0.000743798
1.25935e-05   -0.204998 1.91534e-05 8.57778e-05   -0.204947 0.000743677
1.25935e-05   -0.204998 1.91534e-05 8.57739e-05   -0.204947 0.000743474
1.25935e-05   -0.204998 1.91534e-05 8.58927e-05   -0.204948 0.000743185
1.25935e-05   -0.204998 1.91534e-05 8.59462e-05   -0.204948 0.000742949
1.25935e-05   -0.204998 1.91534e-05 8.59434e-05   -0.204949  0.00074276
1.25935e-05   -0.204998 1.91534e-05 8.58663e-05   -0.204949  0.00074263
1.25935e-05   -0.204998 1.91534e-05 8.57333e-05   -0.204948 0.000742543
1.25935e-05   -0.204998 1.91534e-05 8.55355e-05   -0.204948  0.00074251
1.25935e-05   -0.204998 1.91534e-05 8.52895e-05   -0.204948 0.000742514
1.25935e-05   -0.204998 1.91534e-05 8.49781e-05   -0.204947 0.000742567
1.25935e-05   -0.204998 1.91534e-05 8.46288e-05   -0.204946 0.000742654
1.25935e-05   -0.204998 1.91534e-05 8.42138e-05   -0.204945 0.000742786
1.25935e-05   -0.204998 1.91534e-05 8.39502e-05   -0.204945 0.000742812
1.25935e-05   -0.204998 1.91534e-05 8.37807e-05   -0.204945 0.000742754
1.25935e-05   -0.204998 1.91534e-05 8.37616e-05   -0.204945 0.000742592
1.25935e-05   -0.204998 1.91534e-05 8.38751e-05   -0.204945 0.000742339
1.25935e-05   -0.204998 1.91534e-05 8.38847e-05   -0.204946  0.00074215
1.25935e-05   -0.204998 1.91534e-05 8.38872e-05   -0.204946 0.000741994
1.25935e-05   -0.204998 1.91534e-05 8.37762e-05   -0.204946 0.000741907
1.25935e-05   -0.204998 1.91534e-05 8.36188e-05   -0.204946 0.000741863
1.25935e-05   -0.204998 1.91534e-05 8.34245e-05   -0.204946 0.000741855
1.25935e-05   -0.204998 1.91534e-05 8.31557e-05   -0.204945 0.000741901
1.25935e-05   -0.204998 1.91534e-05 8.28388e-05   -0.204944 0.000741984
1.25935e-05   -0.204998 1.91534e-05 8.24846e-05   -0.204944 0.000742107
1.25935e-05   -0.204998 1.91534e-05 8.22347e-05   -0.204943 0.000742141
1.25935e-05   -0.204998 1.91534e-05 8.21365e-05   -0.204943 0.000742075
1.25935e-05   -0.204998 1.91534e-05 8.21505e-05   -0.204944 0.000741913
1.25935e-05   -0.204998 1.91534e-05 8.21279e-05   -0.204944 0.000741799
1.25935e-05   -0.204998 1.91534e-05 8.20013e-05   -0.204944 0.000741742
1.25935e-05   -0.204998 1.91534e-05  8.1857e-05   -0.204944 0.000741719
1.25935e-05   -0.204998 1.91534e-05 8.16285e-05   -0.204943  0.00074175
1.25935e-05   -0.204998 1.91534e-05 8.13732e-05   -0.204943 0.000741818
1.25935e-05   -0.204998 1.91534e-05 8.12202e-05   -0.204943 0.000741804
1.25935e-05   -0.204998 1.91534e-05 8.12196e-05   -0.204943 0.000741697
1.25935e-05   -0.204998 1.91534e-05 8.11338e-05   -0.204943 0.000741639
1.25935e-05   -0.204998 1.91534e-05 8.09918e-05   -0.204943 0.000741633
1.25935e-05   -0.204998 1.91534e-05 8.07948e-05   -0.204943 0.000741671
1.25935e-05   -0.204998 1.91534e-05 8.05402e-05   -0.204943 0.000741747
1.25935e-05   -0.204998 1.91534e-05 8.04193e-05   -0.204943  0.00074174
1.25935e-05   -0.204998 1.91534e-05  8.0411e-05   -0.204943 0.000741647
1.25935e-05   -0.204998 1.91534e-05 8.03372e-05   -0.204943 0.000741604
1.25935e-05   -0.204998 1.91534e-05 8.02361e-05   -0.204943 0.000741597
1.25935e-05   -0.204998 1.91534e-05  8.0031e-05   -0.204943 0.000741646
1.25935e-05   -0.204998 1.91534e-05 7.98073e-05   -0.204943 0.000741729
1.25935e-05   -0.204998 1.91534e-05 7.96791e-05   -0.204943 0.000741735
1.25935e-05   -0.204998 1.91534e-05 7.97005e-05   -0.204943 0.000741643
1.25935e-05   -0.204998 1.91534e-05 7.96382e-05   -0.204943 0.000741611
1.25935e-05   -0.204998 1.91534e-05 7.95298e-05   -0.204943 0.000741616
1.25935e-05   -0.204998 1.91534e-05 7.93559e-05   -0.204943 0.000741671
1.25935e-05   -0.204998 1.91534e-05 7.91335e-05   -0.204943 0.000741763
1.25935e-05   -0.204998 1.91534e-05 7.88269e-05   -0.204943 0.000741907
1.25935e-05   -0.204998 1.91534e-05 7.87005e-05   -0.204942 0.000741943
1.25935e-05   -0.204998 1.91534e-05 7.86486e-05   -0.204943 0.000741902
1.25935e-05   -0.204998 1.91534e-05 7.87374e-05   -0.204943 0.000741764
1.25935e-05   -0.204998 1.91534e-05 7.87524e-05   -0.204944 0.000741682
1.25935e-05   -0.204998 1.91534e-05 7.87399e-05   -0.204944 0.000741634
1.25935e-05   -0.204998 1.91534e-05 7.86134e-05   -0.204944  0.00074165
1.25935e-05   -0.204998 1.91534e-05 7.84595e-05   -0.204944 0.000741699
1.25935e-05   -0.204998 1.91534e-05 7.82203e-05   -0.204944 0.000741799
1.25935e-05   -0.204998 1.91534e-05 7.79535e-05   -0.204943 0.000741931
1.25935e-05   -0.204998 1.91534e-05 7.76207e-05   -0.204942 0.000742109
1.25935e-05   -0.204998 1.91534e-05   7.742e-05   -0.204942 0.000742187
1.25935e-05   -0.204998 1.91534e-05  7.7342e-05   -0.204942 0.000742176
1.25935e-05   -0.204998 1.91534e-05 7.74139e-05   -0.204943  0.00074206
1.25935e-05   -0.204998 1.91534e-05 7.75708e-05   -0.204944 0.000741865
1.25935e-05   -0.204998 1.91534e-05 7.76809e-05   -0.204944 0.000741717
1.25935e-05   -0.204998 1.91534e-05 7.76879e-05   -0.204945 0.000741631
1.25935e-05   -0.204998 1.91534e-05 7.76681e-05   -0.204945 0.000741586
1.25935e-05   -0.204998 1.91534e-05 7.75721e-05   -0.204945 0.000741589
1.25935e-05   -0.204998 1.91534e-05  7.7411e-05   -0.204945 0.000741641
1.25935e-05   -0.204998 1.91534e-05 7.72121e-05   -0.204944 0.000741729
1.25935e-05   -0.204998 1.91534e-05  7.6919e-05   -0.204944 0.000741869
1.25935e-05   -0.204998 1.91534e-05 7.65875e-05   -0.204943 0.000742043
1.25935e-05   -0.204998 1.91534e-05 7.62186e-05   -0.204942 0.000742251
1.25935e-05   -0.204998 1.91534e-05 7.59629e-05   -0.204942 0.000742366
1.25935e-05   -0.204998 1.91534e-05  7.5858e-05   -0.204942 0.000742379
1.25935e-05   -0.204998 1.91534e-05 7.58559e-05   -0.204942 0.000742297
1.25935e-05   -0.204998 1.91534e-05 7.60045e-05   -0.204943 0.000742116
1.25935e-05   -0.204998 1.91534e-05 7.62476e-05   -0.204944 0.000741865
1.25935e-05   -0.204998 1.91534e-05 7.64068e-05   -0.204944 0.000741667
1.25935e-05   -0.204998 1.91534e-05 7.65293e-05   -0.204945 0.000741515
1.25935e-05   -0.204998 1.91534e-05 7.65682e-05   -0.204945 0.000741424
1.25935e-05   -0.204998 1.91534e-05 7.65214e-05   -0.204945 0.000741388
1.25935e-05   -0.204998 1.91534e-05 7.64375e-05   -0.204945 0.000741394
1.25935e-05   -0.204998 1.91534e-05 7.62787e-05   -0.204945  0.00074145
1.25935e-05   -0.204998 1.91534e-05 7.60638e-05   -0.204945 0.000741549
1.25935e-05   -0.204998 1.91534e-05 7.57915e-05   -0.204944 0.000741687
1.25935e-05   -0.204998 1.91534e-05 7.54721e-05   -0.204943 0.000741863
1.25935e-05   -0.204998 1.91534e-05 7.50772e-05   -0.204942 0.000742082
1.25935e-05   -0.204998 1.91534e-05 7.46542e-05   -0.204941 0.000742329
1.25935e-05   -0.204998 1.91534e-05 7.43533e-05   -0.204941 0.000742486
1.25935e-05   -0.204998 1.91534e-05 7.42115e-05   -0.204941  0.00074253
1.25935e-05   -0.204998 1.91534e-05 7.41642e-05   -0.204941 0.000742481
1.25935e-05   -0.204998 1.91534e-05 7.42668e-05   -0.204942 0.000742337
1.25935e-05   -0.204998 1.91534e-05 7.44731e-05   -0.204942 0.000742109
1.25935e-05   -0.204998 1.91534e-05 7.46147e-05   -0.204943 0.000741936
1.25935e-05   -0.204998 1.91534e-05 7.47012e-05   -0.204944  0.00074181
1.25935e-05   -0.204998 1.91534e-05 7.4713e-05  -0.204944 0.00074174
1.25935e-05   -0.204998 1.91534e-05 7.46402e-05   -0.204944 0.000741727
1.25935e-05   -0.204998 1.91534e-05   7.455e-05   -0.204944 0.000741748
1.25935e-05   -0.204998 1.91534e-05 7.43642e-05   -0.204943 0.000741821
1.25935e-05   -0.204998 1.91534e-05 7.41526e-05   -0.204943 0.000741931
1.25935e-05   -0.204998 1.91534e-05 7.38539e-05   -0.204942 0.000742089
1.25935e-05   -0.204998 1.91534e-05 7.35283e-05   -0.204941 0.000742279
1.25935e-05   -0.204998 1.91534e-05 7.33054e-05   -0.204941 0.000742385
1.25935e-05   -0.204998 1.91534e-05 7.32332e-05   -0.204941 0.000742384
1.25935e-05   -0.204998 1.91534e-05 7.32912e-05   -0.204941  0.00074229
1.25935e-05   -0.204998 1.91534e-05 7.34539e-05   -0.204942 0.000742113
1.25935e-05   -0.204998 1.91534e-05 7.35512e-05   -0.204943 0.000741987
1.25935e-05   -0.204998 1.91534e-05  7.3573e-05   -0.204943 0.000741916
1.25935e-05   -0.204998 1.91534e-05 7.35395e-05   -0.204943 0.000741892
1.25935e-05   -0.204998 1.91534e-05 7.34396e-05   -0.204943 0.000741917
1.25935e-05   -0.204998 1.91534e-05 7.33038e-05   -0.204943 0.000741978
1.25935e-05   -0.204998 1.91534e-05 7.30924e-05   -0.204942  0.00074209
1.25935e-05   -0.204998 1.91534e-05 7.2805e-05  -0.204942 0.00074225
1.25935e-05   -0.204998 1.91534e-05 7.26582e-05   -0.204941 0.000742319
1.25935e-05   -0.204998 1.91534e-05 7.26336e-05   -0.204942 0.000742295
1.25935e-05   -0.204998 1.91534e-05 7.27498e-05   -0.204942 0.000742176
1.25935e-05   -0.204998 1.91534e-05 7.27825e-05   -0.204942 0.000742114
1.25935e-05   -0.204998 1.91534e-05 7.27398e-05   -0.204942 0.000742103
1.25935e-05   -0.204998 1.91534e-05 7.26592e-05   -0.204942 0.000742133
1.25935e-05   -0.204998 1.91534e-05 7.25043e-05   -0.204942 0.000742212
1.25935e-05   -0.204998 1.91534e-05 7.22824e-05   -0.204942 0.000742334
1.25935e-05   -0.204998 1.91534e-05 7.20143e-05   -0.204941 0.000742498
1.25935e-05   -0.204998 1.91534e-05 7.18873e-05   -0.204941  0.00074257
1.25935e-05   -0.204998 1.91534e-05 7.18629e-05   -0.204941 0.000742556
1.25935e-05   -0.204998 1.91534e-05 7.19785e-05   -0.204942 0.000742449
1.25935e-05   -0.204998 1.91534e-05  7.2189e-05   -0.204942 0.000742267
1.25935e-05   -0.204998 1.91534e-05 7.23247e-05   -0.204943  0.00074214
1.25935e-05   -0.204998 1.91534e-05  7.2395e-05   -0.204944 0.000742064
1.25935e-05   -0.204998 1.91534e-05 7.24083e-05   -0.204944 0.000742033
1.25935e-05   -0.204998 1.91534e-05 7.23478e-05   -0.204944 0.000742059
1.25935e-05   -0.204998 1.91534e-05 7.22304e-05   -0.204943 0.000742127
1.25935e-05   -0.204998 1.91534e-05 7.20367e-05   -0.204943 0.000742244
1.25935e-05   -0.204998 1.91534e-05 7.18158e-05   -0.204943 0.000742395
1.25935e-05   -0.204998 1.91534e-05 7.15186e-05   -0.204942 0.000742593
1.25935e-05   -0.204998 1.91534e-05 7.13433e-05   -0.204942 0.000742702
1.25935e-05   -0.204998 1.91534e-05  7.1299e-05   -0.204942 0.000742717
1.25935e-05   -0.204998 1.91534e-05 7.13665e-05   -0.204942 0.000742647
1.25935e-05   -0.204998 1.91534e-05 7.13687e-05   -0.204942 0.000742625
1.25935e-05   -0.204998 1.91534e-05 7.13153e-05   -0.204942  0.00074265
1.25935e-05   -0.204998 1.91534e-05 7.11957e-05   -0.204942 0.000742718
1.25935e-05   -0.204998 1.91534e-05 7.10104e-05   -0.204942 0.000742836
1.25935e-05   -0.204998 1.91534e-05 7.09568e-05   -0.204942 0.000742864
1.25935e-05   -0.204998 1.91534e-05 7.10256e-05   -0.204942 0.000742813
1.25935e-05   -0.204998 1.91534e-05 7.10096e-05   -0.204942  0.00074282
1.25935e-05   -0.204998 1.91534e-05  7.0938e-05   -0.204943 0.000742868
1.25935e-05   -0.204998 1.91534e-05 7.08183e-05   -0.204942 0.000742956
1.25935e-05   -0.204998 1.91534e-05 7.06342e-05   -0.204942 0.000743088
1.25935e-05   -0.204998 1.91534e-05 7.05712e-05   -0.204942  0.00074314
1.25935e-05   -0.204998 1.91534e-05 7.06213e-05   -0.204942 0.000743107
1.25935e-05   -0.204998 1.91534e-05 7.07645e-05   -0.204943 0.000742999
1.25935e-05   -0.204998 1.91534e-05 7.08607e-05   -0.204944 0.000742939
1.25935e-05   -0.204998 1.91534e-05 7.09013e-05   -0.204944 0.000742923
1.25935e-05   -0.204998 1.91534e-05 7.08475e-05   -0.204944 0.000742965
1.25935e-05   -0.204998 1.91534e-05 7.07367e-05   -0.204944 0.000743048
1.25935e-05   -0.204998 1.91534e-05 7.05801e-05   -0.204943 0.000743171
1.25935e-05   -0.204998 1.91534e-05 7.03368e-05   -0.204943 0.000743344
1.25935e-05   -0.204998 1.91534e-05 7.00573e-05   -0.204942 0.000743551
1.25935e-05   -0.204998 1.91534e-05 6.98888e-05   -0.204942 0.000743677
1.25935e-05   -0.204998 1.91534e-05 6.98418e-05   -0.204942  0.00074371
1.25935e-05   -0.204998 1.91534e-05 6.99354e-05   -0.204942 0.000743649
1.25935e-05   -0.204998 1.91534e-05  7.0123e-05   -0.204943 0.000743513
1.25935e-05   -0.204998 1.91534e-05 7.02343e-05   -0.204944 0.000743429
1.25935e-05   -0.204998 1.91534e-05 7.02918e-05   -0.204944 0.000743395
1.25935e-05   -0.204998 1.91534e-05 7.02534e-05   -0.204944 0.000743415
1.25935e-05   -0.204998 1.91534e-05 7.01687e-05   -0.204944  0.00074348
1.25935e-05   -0.204998 1.91534e-05 7.00571e-05   -0.204944 0.000743578
1.25935e-05   -0.204998 1.91534e-05 6.98408e-05   -0.204943 0.000743733
1.25935e-05   -0.204998 1.91534e-05 6.96055e-05   -0.204943 0.000743914
1.25935e-05   -0.204998 1.91534e-05 6.94635e-05   -0.204942  0.00074402
1.25935e-05   -0.204998 1.91534e-05 6.94341e-05   -0.204942 0.000744047
1.25935e-05   -0.204998 1.91534e-05 6.95252e-05   -0.204943  0.00074398
1.25935e-05   -0.204998 1.91534e-05 6.95704e-05   -0.204943  0.00074396
1.25935e-05   -0.204998 1.91534e-05 6.95029e-05   -0.204943 0.000744001
1.25935e-05   -0.204998 1.91534e-05 6.94358e-05   -0.204943 0.000744065
1.25935e-05   -0.204998 1.91534e-05 6.92653e-05   -0.204943  0.00074419
1.25935e-05   -0.204998 1.91534e-05 6.92355e-05   -0.204943 0.000744232
1.25935e-05   -0.204998 1.91534e-05 6.93083e-05   -0.204943 0.000744193
1.25935e-05   -0.204998 1.91534e-05 6.92777e-05   -0.204943 0.000744218
1.25935e-05   -0.204998 1.91534e-05 6.92293e-05   -0.204943 0.000744276
1.25935e-05   -0.204998 1.91534e-05 6.90953e-05   -0.204943 0.000744385
1.25935e-05   -0.204998 1.91534e-05 6.89441e-05   -0.204943 0.000744523
1.25935e-05   -0.204998 1.91534e-05 6.88756e-05   -0.204943 0.000744595
1.25935e-05   -0.204998 1.91534e-05 6.89102e-05   -0.204943  0.00074459
1.25935e-05   -0.204998 1.91534e-05 6.90563e-05   -0.204944 0.000744502
1.25935e-05   -0.204998 1.91534e-05  6.9138e-05   -0.204944 0.000744466
1.25935e-05   -0.204998 1.91534e-05 6.91627e-05   -0.204944 0.000744474
1.25935e-05   -0.204998 1.91534e-05 6.91216e-05   -0.204945 0.000744532
1.25935e-05   -0.204998 1.91534e-05 6.89962e-05   -0.204944 0.000744643
1.25935e-05   -0.204998 1.91534e-05 6.88328e-05   -0.204944 0.000744788
1.25935e-05   -0.204998 1.91534e-05 6.86039e-05   -0.204943 0.000744979
1.25935e-05   -0.204998 1.91534e-05 6.84955e-05   -0.204943 0.000745087
1.25935e-05   -0.204998 1.91534e-05 6.84711e-05   -0.204943 0.000745125
1.25935e-05   -0.204998 1.91534e-05 6.85971e-05   -0.204944 0.000745066
1.25935e-05   -0.204998 1.91534e-05  6.8628e-05   -0.204944 0.000745068
1.25935e-05   -0.204998 1.91534e-05 6.86033e-05   -0.204944 0.000745113
1.25935e-05   -0.204998 1.91534e-05 6.85126e-05   -0.204944 0.000745202
1.25935e-05   -0.204998 1.91534e-05 6.83564e-05   -0.204944 0.000745337
1.25935e-05   -0.204998 1.91534e-05 6.81528e-05   -0.204943 0.000745513
1.25935e-05   -0.204998 1.91534e-05 6.80329e-05   -0.204943 0.000745618
1.25935e-05   -0.204998 1.91534e-05 6.80734e-05   -0.204944 0.000745631
1.25935e-05   -0.204998 1.91534e-05 6.81964e-05   -0.204944 0.000745571
1.25935e-05   -0.204998 1.91534e-05 6.82552e-05   -0.204944 0.000745559
1.25935e-05   -0.204998 1.91534e-05 6.82471e-05   -0.204945 0.000745594
1.25935e-05   -0.204998 1.91534e-05 6.81546e-05   -0.204944 0.000745684
1.25935e-05   -0.204998 1.91534e-05 6.80157e-05   -0.204944 0.000745813
1.25935e-05   -0.204998 1.91534e-05 6.78108e-05   -0.204944 0.000745988
1.25935e-05   -0.204998 1.91534e-05 6.77462e-05   -0.204944 0.000746079
1.25935e-05   -0.204998 1.91534e-05 6.77462e-05   -0.204944 0.000746105
1.25935e-05   -0.204998 1.91534e-05 6.78974e-05   -0.204944 0.000746042
1.25935e-05   -0.204998 1.91534e-05 6.79545e-05   -0.204945 0.000746036
1.25935e-05   -0.204998 1.91534e-05 6.79543e-05   -0.204945 0.000746072
1.25935e-05   -0.204998 1.91534e-05 6.78804e-05   -0.204945 0.000746159
1.25935e-05   -0.204998 1.91534e-05 6.77478e-05   -0.204945 0.000746291
1.25935e-05   -0.204998 1.91534e-05   6.756e-05   -0.204944 0.000746462
1.25935e-05   -0.204998 1.91534e-05 6.72871e-05   -0.204944 0.000746686
1.25935e-05   -0.204998 1.91534e-05 6.71536e-05   -0.204943 0.000746821
1.25935e-05   -0.204998 1.91534e-05 6.71334e-05   -0.204943 0.000746875
1.25935e-05   -0.204998 1.91534e-05 6.72048e-05   -0.204944 0.000746853
1.25935e-05   -0.204998 1.91534e-05    6.74e-05   -0.204945 0.000746751
1.25935e-05   -0.204998 1.91534e-05 6.75096e-05   -0.204945 0.000746706
1.25935e-05   -0.204998 1.91534e-05 6.75729e-05   -0.204945 0.000746703
1.25935e-05   -0.204998 1.91534e-05 6.75521e-05   -0.204945 0.000746755
1.25935e-05   -0.204998 1.91534e-05 6.74555e-05   -0.204945 0.000746861
1.25935e-05   -0.204998 1.91534e-05 6.73223e-05   -0.204945 0.000747001
1.25935e-05   -0.204998 1.91534e-05 6.71021e-05   -0.204945 0.000747192
1.25935e-05   -0.204998 1.91534e-05 6.68268e-05   -0.204944 0.000747425
1.25935e-05   -0.204998 1.91534e-05 6.66817e-05   -0.204944 0.000747571
1.25935e-05   -0.204998 1.91534e-05 6.66294e-05   -0.204944 0.000747644
1.25935e-05   -0.204998 1.91534e-05 6.67095e-05   -0.204944 0.000747631
1.25935e-05   -0.204998 1.91534e-05 6.68915e-05   -0.204945 0.000747542
1.25935e-05   -0.204998 1.91534e-05 6.69895e-05   -0.204945 0.000747509
1.25935e-05   -0.204998 1.91534e-05  6.7002e-05   -0.204945 0.000747531
1.25935e-05   -0.204998 1.91534e-05 6.69791e-05   -0.204945 0.000747595
1.25935e-05   -0.204998 1.91534e-05 6.68705e-05   -0.204945  0.00074771
1.25935e-05   -0.204998 1.91534e-05 6.67058e-05   -0.204945 0.000747871
1.25935e-05   -0.204998 1.91534e-05 6.64834e-05   -0.204944 0.000748071
1.25935e-05   -0.204998 1.91534e-05 6.61863e-05   -0.204944 0.000748317
1.25935e-05   -0.204998 1.91534e-05 6.60391e-05   -0.204943 0.000748474
1.25935e-05   -0.204998 1.91534e-05 6.59753e-05   -0.204943 0.000748559
1.25935e-05   -0.204998 1.91534e-05 6.60147e-05   -0.204944 0.000748564
1.25935e-05   -0.204998 1.91534e-05 6.61664e-05   -0.204944 0.000748494
1.25935e-05   -0.204998 1.91534e-05 6.62623e-05   -0.204945 0.000748473
1.25935e-05   -0.204998 1.91534e-05 6.63021e-05   -0.204945 0.000748493
1.25935e-05   -0.204998 1.91534e-05  6.6238e-05   -0.204945 0.000748577
1.25935e-05   -0.204998 1.91534e-05 6.61282e-05   -0.204945 0.000748704
1.25935e-05   -0.204998 1.91534e-05 6.59706e-05   -0.204945 0.000748869
1.25935e-05   -0.204998 1.91534e-05 6.57189e-05   -0.204944 0.000749086
1.25935e-05   -0.204998 1.91534e-05 6.54285e-05   -0.204943 0.000749338
1.25935e-05   -0.204998 1.91534e-05 6.52405e-05   -0.204943 0.000749513
1.25935e-05   -0.204998 1.91534e-05  6.5176e-05   -0.204943 0.000749609
1.25935e-05   -0.204998 1.91534e-05 6.52132e-05   -0.204943 0.000749626
1.25935e-05   -0.204998 1.91534e-05 6.53438e-05   -0.204944 0.000749575
1.25935e-05   -0.204998 1.91534e-05 6.54475e-05   -0.204944 0.000749557
1.25935e-05   -0.204998 1.91534e-05 6.54475e-05   -0.204945 0.000749603
1.25935e-05   -0.204998 1.91534e-05 6.53911e-05   -0.204945 0.000749691
1.25935e-05   -0.204998 1.91534e-05 6.52501e-05   -0.204944 0.000749836
1.25935e-05   -0.204998 1.91534e-05 6.50719e-05   -0.204944 0.000750013
1.25935e-05   -0.204998 1.91534e-05 6.48277e-05   -0.204943 0.000750237
1.25935e-05   -0.204998 1.91534e-05 6.46667e-05   -0.204943 0.000750397
1.25935e-05   -0.204998 1.91534e-05 6.46474e-05   -0.204943  0.00075047
1.25935e-05   -0.204998 1.91534e-05 6.47404e-05   -0.204944 0.000750465
1.25935e-05   -0.204998 1.91534e-05 6.49074e-05   -0.204945 0.000750396
1.25935e-05   -0.204998 1.91534e-05 6.50102e-05   -0.204945 0.000750382
1.25935e-05   -0.204998 1.91534e-05 6.50554e-05   -0.204945 0.000750408
1.25935e-05   -0.204998 1.91534e-05 6.50078e-05   -0.204945 0.000750496
1.25935e-05   -0.204998 1.91534e-05 6.49033e-05   -0.204945 0.000750629
1.25935e-05   -0.204998 1.91534e-05 6.47328e-05   -0.204945 0.000750809
1.25935e-05   -0.204998 1.91534e-05 6.45338e-05   -0.204945 0.000751023
1.25935e-05   -0.204998 1.91534e-05 6.42301e-05   -0.204944 0.000751289
1.25935e-05   -0.204998 1.91534e-05   6.403e-05   -0.204944 0.000751485
1.25935e-05   -0.204998 1.91534e-05 6.39511e-05   -0.204944 0.000751595
1.25935e-05   -0.204998 1.91534e-05 6.40032e-05   -0.204944 0.000751629
1.25935e-05   -0.204998 1.91534e-05 6.41596e-05   -0.204945 0.000751587
1.25935e-05   -0.204998 1.91534e-05 6.41927e-05   -0.204945 0.000751611
1.25935e-05   -0.204998 1.91534e-05 6.42082e-05   -0.204945 0.000751671
1.25935e-05   -0.204998 1.91534e-05 6.41284e-05   -0.204945 0.000751785
1.25935e-05   -0.204998 1.91534e-05 6.39839e-05   -0.204945  0.00075195
1.25935e-05   -0.204998 1.91534e-05 6.37924e-05   -0.204945 0.000752151
1.25935e-05   -0.204998 1.91534e-05 6.35358e-05   -0.204944 0.000752399
1.25935e-05   -0.204998 1.91534e-05 6.32119e-05   -0.204944 0.000752686
1.25935e-05   -0.204998 1.91534e-05 6.29989e-05   -0.204943 0.000752895
1.25935e-05   -0.204998 1.91534e-05 6.28993e-05   -0.204943 0.000753029
1.25935e-05   -0.204998 1.91534e-05 6.29223e-05   -0.204944 0.000753083
1.25935e-05   -0.204998 1.91534e-05 6.30189e-05   -0.204944 0.000753064
1.25935e-05   -0.204998 1.91534e-05 6.3219e-05  -0.204945 0.00075298
1.25935e-05   -0.204998 1.91534e-05 6.33834e-05   -0.204946  0.00075294
1.25935e-05   -0.204998 1.91534e-05 6.34433e-05   -0.204946 0.000752955
1.25935e-05   -0.204998 1.91534e-05 6.34294e-05   -0.204946  0.00075303
1.25935e-05   -0.204998 1.91534e-05  6.3358e-05   -0.204946 0.000753146
1.25935e-05   -0.204998 1.91534e-05 6.32121e-05   -0.204946 0.000753318
1.25935e-05   -0.204998 1.91534e-05 6.29903e-05   -0.204946 0.000753535
1.25935e-05   -0.204998 1.91534e-05   6.274e-05   -0.204945 0.000753781
1.25935e-05   -0.204998 1.91534e-05 6.24049e-05   -0.204945 0.000754079
1.25935e-05   -0.204998 1.91534e-05 6.20236e-05   -0.204944 0.000754412
1.25935e-05   -0.204998 1.91534e-05 6.17338e-05   -0.204943  0.00075467
1.25935e-05   -0.204998 1.91534e-05 6.15944e-05   -0.204943 0.000754837
1.25935e-05   -0.204998 1.91534e-05 6.15485e-05   -0.204943 0.000754929
1.25935e-05   -0.204998 1.91534e-05  6.1596e-05   -0.204944 0.000754952
1.25935e-05   -0.204998 1.91534e-05 6.17471e-05   -0.204945 0.000754909
1.25935e-05   -0.204998 1.91534e-05 6.20035e-05   -0.204946 0.000754801
1.25935e-05   -0.204998 1.91534e-05 6.21743e-05   -0.204947 0.000754751
1.25935e-05   -0.204998 1.91534e-05 6.22813e-05   -0.204947 0.000754753
1.25935e-05   -0.204998 1.91534e-05 6.23037e-05   -0.204948 0.000754807
1.25935e-05   -0.204998 1.91534e-05 6.22594e-05   -0.204948 0.000754915
1.25935e-05   -0.204998 1.91534e-05 6.21506e-05   -0.204948 0.000755071
1.25935e-05   -0.204998 1.91534e-05 6.19655e-05   -0.204947 0.000755274
1.25935e-05   -0.204998 1.91534e-05 6.17239e-05   -0.204947  0.00075552
1.25935e-05   -0.204998 1.91534e-05 6.14065e-05   -0.204946 0.000755811
1.25935e-05   -0.204998 1.91534e-05 6.10513e-05   -0.204946 0.000756134
1.25935e-05   -0.204998 1.91534e-05 6.06388e-05   -0.204945 0.000756494
1.25935e-05   -0.204998 1.91534e-05 6.03396e-05   -0.204944 0.000756773
1.25935e-05   -0.204998 1.91534e-05 6.01229e-05   -0.204944 0.000756986
1.25935e-05   -0.204998 1.91534e-05 6.00372e-05   -0.204944 0.000757108
1.25935e-05   -0.204998 1.91534e-05 6.00546e-05   -0.204944 0.000757157
1.25935e-05   -0.204998 1.91534e-05 6.01945e-05   -0.204945 0.000757133
1.25935e-05   -0.204998 1.91534e-05 6.04012e-05   -0.204946 0.000757058
1.25935e-05   -0.204998 1.91534e-05 6.05337e-05   -0.204947 0.000757034
1.25935e-05   -0.204998 1.91534e-05 6.06097e-05   -0.204948 0.000757056
1.25935e-05   -0.204998 1.91534e-05 6.06019e-05   -0.204948 0.000757136
1.25935e-05   -0.204998 1.91534e-05 6.05391e-05   -0.204948 0.000757261
1.25935e-05   -0.204998 1.91534e-05   6.039e-05   -0.204948 0.000757434
1.25935e-05   -0.204998 1.91534e-05 6.02042e-05   -0.204948 0.000757649
1.25935e-05   -0.204998 1.91534e-05 5.99241e-05   -0.204947 0.000757912
1.25935e-05   -0.204998 1.91534e-05 5.95774e-05   -0.204946 0.000758222
1.25935e-05   -0.204998 1.91534e-05 5.92119e-05   -0.204946 0.000758553
1.25935e-05   -0.204998 1.91534e-05 5.89298e-05   -0.204945 0.000758816
1.25935e-05   -0.204998 1.91534e-05 5.87796e-05   -0.204945 0.000758999
1.25935e-05   -0.204998 1.91534e-05 5.86931e-05   -0.204945 0.000759118
1.25935e-05   -0.204998 1.91534e-05 5.87594e-05   -0.204946 0.000759154
1.25935e-05   -0.204998 1.91534e-05 5.88886e-05   -0.204947 0.000759131
1.25935e-05   -0.204998 1.91534e-05 5.89539e-05   -0.204947 0.000759161
1.25935e-05   -0.204998 1.91534e-05 5.89355e-05   -0.204947  0.00075924
1.25935e-05   -0.204998 1.91534e-05   5.889e-05   -0.204948 0.000759357
1.25935e-05   -0.204998 1.91534e-05 5.87208e-05   -0.204947 0.000759537
1.25935e-05   -0.204998 1.91534e-05 5.85342e-05   -0.204947 0.000759749
1.25935e-05   -0.204998 1.91534e-05 5.82527e-05   -0.204947 0.000760011
1.25935e-05   -0.204998 1.91534e-05 5.79438e-05   -0.204946 0.000760302
1.25935e-05   -0.204998 1.91534e-05 5.77376e-05   -0.204946  0.00076052
1.25935e-05   -0.204998 1.91534e-05 5.76152e-05   -0.204946 0.000760675
1.25935e-05   -0.204998 1.91534e-05 5.76051e-05   -0.204946 0.000760753
1.25935e-05   -0.204998 1.91534e-05 5.76886e-05   -0.204947  0.00076077
1.25935e-05   -0.204998 1.91534e-05  5.7857e-05   -0.204948 0.000760728
1.25935e-05   -0.204998 1.91534e-05 5.79514e-05   -0.204948 0.000760735
1.25935e-05   -0.204998 1.91534e-05 5.79896e-05   -0.204949 0.000760786
1.25935e-05   -0.204998 1.91534e-05 5.79428e-05   -0.204949 0.000760894
1.25935e-05   -0.204998 1.91534e-05 5.78318e-05   -0.204949 0.000761047
1.25935e-05   -0.204998 1.91534e-05 5.76629e-05   -0.204949 0.000761246
1.25935e-05   -0.204998 1.91534e-05 5.74193e-05   -0.204948 0.000761486
1.25935e-05   -0.204998 1.91534e-05 5.71007e-05   -0.204948 0.000761775
1.25935e-05   -0.204998 1.91534e-05 5.67241e-05   -0.204947   0.0007621
1.25935e-05   -0.204998 1.91534e-05 5.64705e-05   -0.204947 0.000762344
1.25935e-05   -0.204998 1.91534e-05 5.63087e-05   -0.204946 0.000762524
1.25935e-05   -0.204998 1.91534e-05 5.62602e-05   -0.204947 0.000762627
1.25935e-05   -0.204998 1.91534e-05 5.63246e-05   -0.204947 0.000762659
1.25935e-05   -0.204998 1.91534e-05 5.64452e-05   -0.204948 0.000762641
1.25935e-05   -0.204998 1.91534e-05  5.6509e-05   -0.204949 0.000762666
1.25935e-05   -0.204998 1.91534e-05 5.64991e-05   -0.204949 0.000762748
1.25935e-05   -0.204998 1.91534e-05 5.64145e-05   -0.204949 0.000762875
1.25935e-05   -0.204998 1.91534e-05 5.62539e-05   -0.204949 0.000763052
1.25935e-05   -0.204998 1.91534e-05 5.60667e-05   -0.204949 0.000763261
1.25935e-05   -0.204998 1.91534e-05 5.57836e-05   -0.204948 0.000763523
1.25935e-05   -0.204998 1.91534e-05 5.54458e-05   -0.204947 0.000763823
1.25935e-05   -0.204998 1.91534e-05 5.52088e-05   -0.204947 0.000764048
1.25935e-05   -0.204998 1.91534e-05 5.51048e-05   -0.204947 0.000764197
1.25935e-05   -0.204998 1.91534e-05 5.50655e-05   -0.204947  0.00076429
1.25935e-05   -0.204998 1.91534e-05 5.51299e-05   -0.204948 0.000764314
1.25935e-05   -0.204998 1.91534e-05 5.52961e-05   -0.204949 0.000764272
1.25935e-05   -0.204998 1.91534e-05 5.53798e-05   -0.204949 0.000764286
1.25935e-05   -0.204998 1.91534e-05 5.53891e-05    -0.20495 0.000764348
1.25935e-05   -0.204998 1.91534e-05 5.53132e-05    -0.20495 0.000764468
1.25935e-05   -0.204998 1.91534e-05 5.51909e-05    -0.20495 0.000764624
1.25935e-05   -0.204998 1.91534e-05 5.50127e-05   -0.204949 0.000764827
1.25935e-05   -0.204998 1.91534e-05 5.47292e-05   -0.204949 0.000765082
1.25935e-05   -0.204998 1.91534e-05 5.44196e-05   -0.204948 0.000765367
1.25935e-05   -0.204998 1.91534e-05 5.41825e-05   -0.204948 0.000765588
1.25935e-05   -0.204998 1.91534e-05 5.40595e-05   -0.204948 0.000765735
1.25935e-05   -0.204998 1.91534e-05  5.4048e-05   -0.204948 0.000765813
1.25935e-05   -0.204998 1.91534e-05  5.4102e-05   -0.204949 0.000765834
1.25935e-05   -0.204998 1.91534e-05 5.41095e-05   -0.204949   0.0007659
1.25935e-05   -0.204998 1.91534e-05 5.40516e-05   -0.204949 0.000766011
1.25935e-05   -0.204998 1.91534e-05 5.38808e-05   -0.204949 0.000766179
1.25935e-05   -0.204998 1.91534e-05 5.36826e-05   -0.204949 0.000766384
1.25935e-05   -0.204998 1.91534e-05 5.34193e-05   -0.204948 0.000766629
1.25935e-05   -0.204998 1.91534e-05 5.32394e-05   -0.204948 0.000766804
1.25935e-05   -0.204998 1.91534e-05 5.31531e-05   -0.204948 0.000766916
1.25935e-05   -0.204998 1.91534e-05 5.31892e-05   -0.204948 0.000766952
1.25935e-05   -0.204998 1.91534e-05 5.33107e-05   -0.204949 0.000766932
1.25935e-05   -0.204998 1.91534e-05 5.33271e-05   -0.204949 0.000766969
1.25935e-05   -0.204998 1.91534e-05 5.33173e-05   -0.204949 0.000767041
1.25935e-05   -0.204998 1.91534e-05 5.32047e-05   -0.204949 0.000767175
1.25935e-05   -0.204998 1.91534e-05 5.30252e-05   -0.204949 0.000767357
1.25935e-05   -0.204998 1.91534e-05  5.2789e-05   -0.204949 0.000767575
1.25935e-05   -0.204998 1.91534e-05 5.24969e-05   -0.204948 0.000767838
1.25935e-05   -0.204998 1.91534e-05 5.22693e-05   -0.204948 0.000768034
1.25935e-05   -0.204998 1.91534e-05 5.21538e-05   -0.204948 0.000768161
1.25935e-05   -0.204998 1.91534e-05 5.21511e-05   -0.204948 0.000768218
1.25935e-05   -0.204998 1.91534e-05 5.22333e-05   -0.204948 0.000768219
1.25935e-05   -0.204998 1.91534e-05 5.24002e-05   -0.204949 0.000768158
1.25935e-05   -0.204998 1.91534e-05 5.24831e-05    -0.20495 0.000768153
1.25935e-05   -0.204998 1.91534e-05 5.25105e-05    -0.20495 0.000768195
1.25935e-05   -0.204998 1.91534e-05  5.2443e-05    -0.20495 0.000768296
1.25935e-05   -0.204998 1.91534e-05 5.23291e-05    -0.20495  0.00076844
1.25935e-05   -0.204998 1.91534e-05 5.21202e-05   -0.204949 0.000768636
1.25935e-05   -0.204998 1.91534e-05 5.18466e-05   -0.204949 0.000768878
1.25935e-05   -0.204998 1.91534e-05 5.15058e-05   -0.204948 0.000769164
1.25935e-05   -0.204998 1.91534e-05 5.11182e-05   -0.204947 0.000769484
1.25935e-05   -0.204998 1.91534e-05 5.08329e-05   -0.204947 0.000769731
1.25935e-05   -0.204998 1.91534e-05 5.06509e-05   -0.204947  0.00076991
1.25935e-05   -0.204998 1.91534e-05 5.05524e-05   -0.204947 0.000770027
1.25935e-05   -0.204998 1.91534e-05 5.05566e-05   -0.204947 0.000770077
1.25935e-05   -0.204998 1.91534e-05  5.0656e-05   -0.204948 0.000770064
1.25935e-05   -0.204998 1.91534e-05   5.084e-05   -0.204949 0.000769993
1.25935e-05   -0.204998 1.91534e-05 5.09698e-05   -0.204949  0.00076997
1.25935e-05   -0.204998 1.91534e-05 5.09956e-05   -0.204949 0.000770009
1.25935e-05   -0.204998 1.91534e-05 5.09555e-05    -0.20495 0.000770098
1.25935e-05   -0.204998 1.91534e-05  5.0841e-05    -0.20495 0.000770238
1.25935e-05   -0.204998 1.91534e-05 5.06703e-05   -0.204949  0.00077042
1.25935e-05   -0.204998 1.91534e-05 5.04343e-05   -0.204949 0.000770648
1.25935e-05   -0.204998 1.91534e-05 5.01119e-05   -0.204948 0.000770925
1.25935e-05   -0.204998 1.91534e-05 4.97436e-05   -0.204948 0.000771237
1.25935e-05   -0.204998 1.91534e-05  4.9487e-05   -0.204947 0.000771473
1.25935e-05   -0.204998 1.91534e-05 4.92952e-05   -0.204947 0.000771651
1.25935e-05   -0.204998 1.91534e-05  4.9235e-05   -0.204947 0.000771752
1.25935e-05   -0.204998 1.91534e-05 4.92493e-05   -0.204947 0.000771799
1.25935e-05   -0.204998 1.91534e-05 4.93589e-05   -0.204948  0.00077178
1.25935e-05   -0.204998 1.91534e-05 4.95526e-05   -0.204949 0.000771702
1.25935e-05   -0.204998 1.91534e-05 4.96716e-05   -0.204949 0.000771677
1.25935e-05   -0.204998 1.91534e-05 4.97169e-05    -0.20495 0.000771709
1.25935e-05   -0.204998 1.91534e-05 4.96676e-05    -0.20495 0.000771794
1.25935e-05   -0.204998 1.91534e-05 4.9552e-05   -0.20495 0.00077193
1.25935e-05   -0.204998 1.91534e-05 4.93908e-05   -0.204949 0.000772108
1.25935e-05   -0.204998 1.91534e-05 4.91253e-05   -0.204949 0.000772342
1.25935e-05   -0.204998 1.91534e-05 4.88223e-05   -0.204948 0.000772608
1.25935e-05   -0.204998 1.91534e-05 4.84322e-05   -0.204948 0.000772925
1.25935e-05   -0.204998 1.91534e-05  4.8185e-05   -0.204947 0.000773156
1.25935e-05   -0.204998 1.91534e-05 4.80019e-05   -0.204947 0.000773327
1.25935e-05   -0.204998 1.91534e-05 4.79125e-05   -0.204947 0.000773437
1.25935e-05   -0.204998 1.91534e-05 4.79552e-05   -0.204947 0.000773471
1.25935e-05   -0.204998 1.91534e-05 4.80337e-05   -0.204948 0.000773459
1.25935e-05   -0.204998 1.91534e-05 4.82174e-05   -0.204949  0.00077338
1.25935e-05   -0.204998 1.91534e-05 4.83469e-05   -0.204949 0.000773354
1.25935e-05   -0.204998 1.91534e-05 4.83712e-05   -0.204949 0.000773385
1.25935e-05   -0.204998 1.91534e-05 4.83209e-05    -0.20495 0.000773471
1.25935e-05   -0.204998 1.91534e-05 4.82056e-05   -0.204949 0.000773605
1.25935e-05   -0.204998 1.91534e-05 4.80338e-05   -0.204949 0.000773784
1.25935e-05   -0.204998 1.91534e-05 4.77569e-05   -0.204949 0.000774018
1.25935e-05   -0.204998 1.91534e-05 4.74338e-05   -0.204948 0.000774291
1.25935e-05   -0.204998 1.91534e-05 4.70728e-05   -0.204947 0.000774599
1.25935e-05   -0.204998 1.91534e-05 4.67858e-05   -0.204947 0.000774839
1.25935e-05   -0.204998 1.91534e-05 4.66011e-05   -0.204946 0.000775008
1.25935e-05   -0.204998 1.91534e-05 4.65114e-05   -0.204946 0.000775114
1.25935e-05   -0.204998 1.91534e-05 4.64948e-05   -0.204947 0.000775161
1.25935e-05   -0.204998 1.91534e-05 4.65937e-05   -0.204947  0.00077514
1.25935e-05   -0.204998 1.91534e-05 4.67764e-05   -0.204948  0.00077506
1.25935e-05   -0.204998 1.91534e-05  4.6865e-05   -0.204948 0.000775037
1.25935e-05   -0.204998 1.91534e-05 4.68799e-05   -0.204948 0.000775074
1.25935e-05   -0.204998 1.91534e-05 4.68099e-05   -0.204948  0.00077516
1.25935e-05   -0.204998 1.91534e-05 4.66741e-05   -0.204948 0.000775297
1.25935e-05   -0.204998 1.91534e-05 4.6482e-05  -0.204948 0.00077548
1.25935e-05   -0.204998 1.91534e-05 4.62239e-05   -0.204947 0.000775709
1.25935e-05   -0.204998 1.91534e-05 4.58799e-05   -0.204947 0.000775987
1.25935e-05   -0.204998 1.91534e-05  4.5659e-05   -0.204946 0.000776182
1.25935e-05   -0.204998 1.91534e-05 4.55201e-05   -0.204946 0.000776318
1.25935e-05   -0.204998 1.91534e-05 4.54579e-05   -0.204946   0.0007764
1.25935e-05   -0.204998 1.91534e-05 4.54976e-05   -0.204947 0.000776411
1.25935e-05   -0.204998 1.91534e-05 4.56431e-05   -0.204947 0.000776358
1.25935e-05   -0.204998 1.91534e-05 4.56642e-05   -0.204947 0.000776377
1.25935e-05   -0.204998 1.91534e-05 4.56394e-05   -0.204948 0.000776436
1.25935e-05   -0.204998 1.91534e-05   4.554e-05   -0.204947 0.000776547
1.25935e-05   -0.204998 1.91534e-05 4.53643e-05   -0.204947 0.000776709
1.25935e-05   -0.204998 1.91534e-05 4.51153e-05   -0.204947 0.000776925
1.25935e-05   -0.204998 1.91534e-05 4.48271e-05   -0.204946 0.000777174
1.25935e-05   -0.204998 1.91534e-05 4.46037e-05   -0.204946 0.000777362
1.25935e-05   -0.204998 1.91534e-05 4.44834e-05   -0.204945 0.000777479
1.25935e-05   -0.204998 1.91534e-05 4.44484e-05   -0.204946 0.000777538
1.25935e-05   -0.204998 1.91534e-05 4.44964e-05   -0.204946 0.000777536
1.25935e-05   -0.204998 1.91534e-05 4.46502e-05   -0.204946 0.000777471
1.25935e-05   -0.204998 1.91534e-05 4.46798e-05   -0.204947 0.000777474
1.25935e-05   -0.204998 1.91534e-05 4.46736e-05   -0.204947 0.000777522
1.25935e-05   -0.204998 1.91534e-05 4.45829e-05   -0.204947 0.000777624
1.25935e-05   -0.204998 1.91534e-05 4.44163e-05   -0.204947 0.000777777
1.25935e-05   -0.204998 1.91534e-05  4.4154e-05   -0.204946 0.000777986
1.25935e-05   -0.204998 1.91534e-05 4.38743e-05   -0.204945 0.000778227
1.25935e-05   -0.204998 1.91534e-05 4.36395e-05   -0.204945 0.000778413
1.25935e-05   -0.204998 1.91534e-05 4.35278e-05   -0.204945 0.000778528
1.25935e-05   -0.204998 1.91534e-05 4.34909e-05   -0.204945 0.000778582
1.25935e-05   -0.204998 1.91534e-05 4.35567e-05   -0.204945 0.000778576
1.25935e-05   -0.204998 1.91534e-05 4.36985e-05   -0.204946  0.00077851
1.25935e-05   -0.204998 1.91534e-05  4.3746e-05   -0.204946 0.000778508
1.25935e-05   -0.204998 1.91534e-05 4.36994e-05   -0.204946 0.000778564
1.25935e-05   -0.204998 1.91534e-05 4.36258e-05   -0.204946 0.000778663
1.25935e-05   -0.204998 1.91534e-05 4.34478e-05   -0.204946 0.000778819
1.25935e-05   -0.204998 1.91534e-05 4.32034e-05   -0.204945 0.000779028
1.25935e-05   -0.204998 1.91534e-05 4.28926e-05   -0.204945 0.000779279
1.25935e-05   -0.204998 1.91534e-05 4.26758e-05   -0.204944  0.00077946
1.25935e-05   -0.204998 1.91534e-05 4.25521e-05   -0.204944 0.000779576
1.25935e-05   -0.204998 1.91534e-05 4.25143e-05   -0.204944 0.000779635
1.25935e-05   -0.204998 1.91534e-05 4.25682e-05   -0.204945 0.000779628
1.25935e-05   -0.204998 1.91534e-05 4.26705e-05   -0.204945 0.000779577
1.25935e-05   -0.204998 1.91534e-05 4.27259e-05   -0.204946 0.000779576
1.25935e-05   -0.204998 1.91534e-05 4.26967e-05   -0.204946 0.000779629
1.25935e-05   -0.204998 1.91534e-05 4.25923e-05   -0.204946 0.000779733
1.25935e-05   -0.204998 1.91534e-05 4.24027e-05   -0.204945 0.000779896
1.25935e-05   -0.204998 1.91534e-05 4.21472e-05   -0.204945 0.000780105
1.25935e-05   -0.204998 1.91534e-05 4.18248e-05   -0.204944 0.000780361
1.25935e-05   -0.204998 1.91534e-05 4.15965e-05   -0.204944 0.000780546
1.25935e-05   -0.204998 1.91534e-05 4.14623e-05   -0.204944 0.000780668
1.25935e-05   -0.204998 1.91534e-05 4.14223e-05   -0.204944 0.000780726
1.25935e-05   -0.204998 1.91534e-05 4.14458e-05   -0.204944 0.000780731
1.25935e-05   -0.204998 1.91534e-05 4.15561e-05   -0.204945 0.000780677
1.25935e-05   -0.204998 1.91534e-05 4.15911e-05   -0.204945 0.000780679
1.25935e-05   -0.204998 1.91534e-05 4.15598e-05   -0.204945 0.000780734
1.25935e-05   -0.204998 1.91534e-05 4.14256e-05   -0.204945 0.000780849
1.25935e-05   -0.204998 1.91534e-05 4.12432e-05   -0.204945  0.00078101
1.25935e-05   -0.204998 1.91534e-05 4.09675e-05   -0.204944 0.000781223
1.25935e-05   -0.204998 1.91534e-05 4.06627e-05   -0.204943 0.000781472
1.25935e-05   -0.204998 1.91534e-05 4.03949e-05   -0.204943 0.000781671
1.25935e-05   -0.204998 1.91534e-05 4.02582e-05   -0.204943 0.000781791
1.25935e-05   -0.204998 1.91534e-05 4.01979e-05   -0.204943 0.000781855
1.25935e-05   -0.204998 1.91534e-05 4.02293e-05   -0.204943 0.000781859
1.25935e-05   -0.204998 1.91534e-05 4.03189e-05   -0.204944  0.00078181
1.25935e-05   -0.204998 1.91534e-05 4.03524e-05   -0.204944 0.000781813
1.25935e-05   -0.204998 1.91534e-05 4.03007e-05   -0.204944 0.000781871
1.25935e-05   -0.204998 1.91534e-05 4.01644e-05   -0.204944 0.000781987
1.25935e-05   -0.204998 1.91534e-05 3.99528e-05   -0.204944 0.000782155
1.25935e-05   -0.204998 1.91534e-05 3.96933e-05   -0.204943 0.000782362
1.25935e-05   -0.204998 1.91534e-05 3.93496e-05   -0.204943 0.000782623
1.25935e-05   -0.204998 1.91534e-05 3.90979e-05   -0.204942 0.000782815
1.25935e-05   -0.204998 1.91534e-05 3.89414e-05   -0.204942 0.000782941
1.25935e-05   -0.204998 1.91534e-05 3.88789e-05   -0.204942 0.000783006
1.25935e-05   -0.204998 1.91534e-05 3.88806e-05   -0.204942 0.000783017
1.25935e-05   -0.204998 1.91534e-05 3.89591e-05   -0.204943  0.00078297
1.25935e-05   -0.204998 1.91534e-05 3.91513e-05   -0.204944  0.00078286
1.25935e-05   -0.204998 1.91534e-05 3.92009e-05   -0.204944 0.000782825
1.25935e-05   -0.204998 1.91534e-05 3.92339e-05   -0.204944 0.000782831
1.25935e-05   -0.204998 1.91534e-05 3.91434e-05   -0.204944 0.000782907
1.25935e-05   -0.204998 1.91534e-05 3.89869e-05   -0.204944 0.000783035
1.25935e-05   -0.204998 1.91534e-05 3.87735e-05   -0.204944 0.000783207
1.25935e-05   -0.204998 1.91534e-05 3.84648e-05   -0.204943 0.000783438
1.25935e-05   -0.204998 1.91534e-05 3.80986e-05   -0.204942 0.000783707
1.25935e-05   -0.204998 1.91534e-05 3.78468e-05   -0.204942 0.000783906
1.25935e-05   -0.204998 1.91534e-05 3.76502e-05   -0.204942 0.000784047
1.25935e-05   -0.204998 1.91534e-05 3.75559e-05   -0.204942 0.000784127
1.25935e-05   -0.204998 1.91534e-05 3.75271e-05   -0.204942 0.000784155
1.25935e-05   -0.204998 1.91534e-05 3.75746e-05   -0.204942 0.000784126
1.25935e-05   -0.204998 1.91534e-05 3.75655e-05   -0.204943 0.000784146
1.25935e-05   -0.204998 1.91534e-05 3.74922e-05   -0.204943 0.000784218
1.25935e-05   -0.204998 1.91534e-05 3.73231e-05   -0.204943 0.000784349
1.25935e-05   -0.204998 1.91534e-05 3.70978e-05   -0.204942 0.000784525
1.25935e-05   -0.204998 1.91534e-05 3.67869e-05   -0.204942 0.000784755
1.25935e-05   -0.204998 1.91534e-05 3.65608e-05   -0.204941  0.00078492
1.25935e-05   -0.204998 1.91534e-05 3.64387e-05   -0.204941 0.000785014
1.25935e-05   -0.204998 1.91534e-05 3.63815e-05   -0.204941 0.000785056
1.25935e-05   -0.204998 1.91534e-05 3.64183e-05   -0.204942 0.000785037
1.25935e-05   -0.204998 1.91534e-05 3.63817e-05   -0.204942 0.000785073
1.25935e-05   -0.204998 1.91534e-05 3.62387e-05   -0.204942 0.000785169
1.25935e-05   -0.204998 1.91534e-05 3.60502e-05   -0.204942  0.00078531
1.25935e-05   -0.204998 1.91534e-05 3.59378e-05   -0.204942  0.00078539
1.25935e-05   -0.204998 1.91534e-05 3.59092e-05   -0.204942 0.000785407
1.25935e-05   -0.204998 1.91534e-05 3.58055e-05   -0.204941 0.000785478
1.25935e-05   -0.204998 1.91534e-05 3.56182e-05   -0.204941 0.000785609
1.25935e-05   -0.204998 1.91534e-05 3.55042e-05   -0.204941 0.000785673
1.25935e-05   -0.204998 1.91534e-05  3.5476e-05   -0.204941 0.000785681
1.25935e-05   -0.204998 1.91534e-05 3.53813e-05   -0.204941 0.000785734
1.25935e-05   -0.204998 1.91534e-05 3.52115e-05   -0.204941 0.000785848
1.25935e-05   -0.204998 1.91534e-05 3.51072e-05    -0.20494 0.000785903
1.25935e-05   -0.204998 1.91534e-05 3.50972e-05    -0.20494 0.000785894
1.25935e-05   -0.204998 1.91534e-05  3.5152e-05   -0.204941 0.000785834
1.25935e-05   -0.204998 1.91534e-05 3.51033e-05   -0.204941 0.000785841
1.25935e-05   -0.204998 1.91534e-05  3.4998e-05    -0.20494 0.000785898
1.25935e-05   -0.204998 1.91534e-05 3.48081e-05    -0.20494 0.000786013
1.25935e-05   -0.204998 1.91534e-05 3.45216e-05    -0.20494 0.000786189
1.25935e-05   -0.204998 1.91534e-05 3.43581e-05   -0.204939  0.00078629
1.25935e-05   -0.204998 1.91534e-05 3.4261e-05  -0.204939 0.00078634
1.25935e-05   -0.204998 1.91534e-05 3.42187e-05   -0.204939  0.00078634
1.25935e-05   -0.204998 1.91534e-05 3.42613e-05    -0.20494 0.000786288
1.25935e-05   -0.204998 1.91534e-05 3.42574e-05    -0.20494 0.000786283
1.25935e-05   -0.204998 1.91534e-05 3.41212e-05    -0.20494 0.000786357
1.25935e-05   -0.204998 1.91534e-05 3.39567e-05   -0.204939  0.00078647
1.25935e-05   -0.204998 1.91534e-05 3.36686e-05   -0.204939 0.000786651
1.25935e-05   -0.204998 1.91534e-05 3.33421e-05   -0.204938 0.000786876
1.25935e-05   -0.204998 1.91534e-05 3.30825e-05   -0.204938 0.000787044
1.25935e-05   -0.204998 1.91534e-05 3.29346e-05   -0.204938 0.000787143
1.25935e-05   -0.204998 1.91534e-05 3.28528e-05   -0.204938 0.000787195
1.25935e-05   -0.204998 1.91534e-05 3.28357e-05   -0.204938 0.000787192
1.25935e-05   -0.204998 1.91534e-05 3.29149e-05   -0.204938 0.000787134
1.25935e-05   -0.204998 1.91534e-05  3.2909e-05   -0.204939 0.000787136
1.25935e-05   -0.204998 1.91534e-05 3.27995e-05   -0.204939 0.000787206
1.25935e-05   -0.204998 1.91534e-05 3.26224e-05   -0.204939 0.000787328
1.25935e-05   -0.204998 1.91534e-05 3.23815e-05   -0.204938 0.000787503
1.25935e-05   -0.204998 1.91534e-05 3.20728e-05   -0.204938 0.000787726
1.25935e-05   -0.204998 1.91534e-05 3.18398e-05   -0.204938  0.00078789
1.25935e-05   -0.204998 1.91534e-05 3.17017e-05   -0.204937  0.00078799
1.25935e-05   -0.204998 1.91534e-05 3.1628e-05  -0.204938 0.00078804
1.25935e-05   -0.204998 1.91534e-05 3.16393e-05   -0.204938  0.00078803
1.25935e-05   -0.204998 1.91534e-05 3.15474e-05   -0.204938 0.000788089
1.25935e-05   -0.204998 1.91534e-05 3.14086e-05   -0.204938 0.000788192
1.25935e-05   -0.204998 1.91534e-05  3.1204e-05   -0.204938 0.000788346
1.25935e-05   -0.204998 1.91534e-05 3.08957e-05   -0.204937 0.000788563
1.25935e-05   -0.204998 1.91534e-05 3.06987e-05   -0.204937 0.000788709
1.25935e-05   -0.204998 1.91534e-05 3.05598e-05   -0.204937   0.0007888
1.25935e-05   -0.204998 1.91534e-05 3.05054e-05   -0.204937 0.000788833
1.25935e-05   -0.204998 1.91534e-05 3.05257e-05   -0.204938 0.000788817
1.25935e-05   -0.204998 1.91534e-05 3.04623e-05   -0.204938 0.000788858
1.25935e-05   -0.204998 1.91534e-05 3.03516e-05   -0.204938 0.000788944
1.25935e-05   -0.204998 1.91534e-05 3.01264e-05   -0.204938 0.000789095
1.25935e-05   -0.204998 1.91534e-05 2.98357e-05   -0.204937 0.000789299
1.25935e-05   -0.204998 1.91534e-05 2.96304e-05   -0.204937 0.000789438
1.25935e-05   -0.204998 1.91534e-05 2.95186e-05   -0.204937 0.000789511
1.25935e-05   -0.204998 1.91534e-05 2.94637e-05   -0.204937 0.000789538
1.25935e-05   -0.204998 1.91534e-05 2.95126e-05   -0.204937 0.000789505
1.25935e-05   -0.204998 1.91534e-05 2.94473e-05   -0.204938 0.000789536
1.25935e-05   -0.204998 1.91534e-05 2.93076e-05   -0.204938 0.000789625
1.25935e-05   -0.204998 1.91534e-05 2.91011e-05   -0.204937 0.000789765
1.25935e-05   -0.204998 1.91534e-05 2.88287e-05   -0.204937 0.000789957
1.25935e-05   -0.204998 1.91534e-05 2.86131e-05   -0.204937 0.000790094
1.25935e-05   -0.204998 1.91534e-05 2.85111e-05   -0.204937 0.000790163
1.25935e-05   -0.204998 1.91534e-05 2.84443e-05   -0.204937 0.000790183
1.25935e-05   -0.204998 1.91534e-05 2.84834e-05   -0.204937 0.000790151
1.25935e-05   -0.204998 1.91534e-05 2.83987e-05   -0.204937 0.000790184
1.25935e-05   -0.204998 1.91534e-05 2.82862e-05   -0.204937 0.000790262
1.25935e-05   -0.204998 1.91534e-05 2.80793e-05   -0.204937 0.000790397
1.25935e-05   -0.204998 1.91534e-05 2.77879e-05   -0.204937 0.000790592
1.25935e-05   -0.204998 1.91534e-05 2.75799e-05   -0.204936 0.000790723
1.25935e-05   -0.204998 1.91534e-05 2.74575e-05   -0.204936 0.000790794
1.25935e-05   -0.204998 1.91534e-05    2.74e-05   -0.204936 0.000790816
1.25935e-05   -0.204998 1.91534e-05 2.72577e-05   -0.204936 0.000790892
1.25935e-05   -0.204998 1.91534e-05  2.7051e-05   -0.204936 0.000791022
1.25935e-05   -0.204998 1.91534e-05 2.69186e-05   -0.204936 0.000791096
1.25935e-05   -0.204998 1.91534e-05 2.68715e-05   -0.204936 0.000791105
1.25935e-05   -0.204998 1.91534e-05 2.67311e-05   -0.204936 0.000791182
1.25935e-05   -0.204998 1.91534e-05 2.65233e-05   -0.204936 0.000791306
1.25935e-05   -0.204998 1.91534e-05 2.63822e-05   -0.204936 0.000791374
1.25935e-05   -0.204998 1.91534e-05 2.63163e-05   -0.204936 0.000791392
1.25935e-05   -0.204998 1.91534e-05  2.6326e-05   -0.204936 0.000791352
1.25935e-05   -0.204998 1.91534e-05  2.6261e-05   -0.204936 0.000791376
1.25935e-05   -0.204998 1.91534e-05 2.60904e-05   -0.204936 0.000791459
1.25935e-05   -0.204998 1.91534e-05 2.58634e-05   -0.204935 0.000791594
1.25935e-05   -0.204998 1.91534e-05 2.55516e-05   -0.204935 0.000791789
1.25935e-05   -0.204998 1.91534e-05 2.53332e-05   -0.204934 0.000791916
1.25935e-05   -0.204998 1.91534e-05 2.51805e-05   -0.204934 0.000791992
1.25935e-05   -0.204998 1.91534e-05 2.50938e-05   -0.204934 0.000792022
1.25935e-05   -0.204998 1.91534e-05 2.51012e-05   -0.204935 0.000791992
1.25935e-05   -0.204998 1.91534e-05 2.51659e-05   -0.204935 0.000791916
1.25935e-05   -0.204998 1.91534e-05 2.51456e-05   -0.204935 0.000791904
1.25935e-05   -0.204998 1.91534e-05 2.50205e-05   -0.204935 0.000791958
1.25935e-05   -0.204998 1.91534e-05 2.48495e-05   -0.204935 0.000792061
1.25935e-05   -0.204998 1.91534e-05  2.4574e-05   -0.204935 0.000792231
1.25935e-05   -0.204998 1.91534e-05 2.42412e-05   -0.204934 0.000792451
1.25935e-05   -0.204998 1.91534e-05 2.40023e-05   -0.204934 0.000792601
1.25935e-05   -0.204998 1.91534e-05   2.384e-05   -0.204934 0.000792701
1.25935e-05   -0.204998 1.91534e-05 2.37243e-05   -0.204934 0.000792757
1.25935e-05   -0.204998 1.91534e-05 2.36929e-05   -0.204934 0.000792754
1.25935e-05   -0.204998 1.91534e-05 2.36049e-05   -0.204935 0.000792803
1.25935e-05   -0.204998 1.91534e-05 2.33956e-05   -0.204934 0.000792927
1.25935e-05   -0.204998 1.91534e-05 2.31579e-05   -0.204934  0.00079309
1.25935e-05   -0.204998 1.91534e-05 2.29859e-05   -0.204934   0.0007932
1.25935e-05   -0.204998 1.91534e-05 2.28794e-05   -0.204934 0.000793253
1.25935e-05   -0.204998 1.91534e-05 2.28312e-05   -0.204934 0.000793262
1.25935e-05   -0.204998 1.91534e-05 2.27161e-05   -0.204934 0.000793323
1.25935e-05   -0.204998 1.91534e-05 2.25257e-05   -0.204934  0.00079344
1.25935e-05   -0.204998 1.91534e-05 2.22694e-05   -0.204934 0.000793613
1.25935e-05   -0.204998 1.91534e-05 2.20503e-05   -0.204934 0.000793734
1.25935e-05   -0.204998 1.91534e-05 2.19349e-05   -0.204934 0.000793793
1.25935e-05   -0.204998 1.91534e-05 2.19145e-05   -0.204934 0.000793793
1.25935e-05   -0.204998 1.91534e-05 2.19222e-05   -0.204934 0.000793754
1.25935e-05   -0.204998 1.91534e-05 2.18545e-05   -0.204934 0.000793778
1.25935e-05   -0.204998 1.91534e-05 2.17496e-05   -0.204934 0.000793846
1.25935e-05   -0.204998 1.91534e-05 2.15121e-05   -0.204934 0.000793987
1.25935e-05   -0.204998 1.91534e-05 2.12077e-05   -0.204933 0.000794179
1.25935e-05   -0.204998 1.91534e-05  2.0998e-05   -0.204933 0.000794309
1.25935e-05   -0.204998 1.91534e-05 2.08638e-05   -0.204933 0.000794382
1.25935e-05   -0.204998 1.91534e-05 2.07668e-05   -0.204933 0.000794414
1.25935e-05   -0.204998 1.91534e-05 2.07732e-05   -0.204934 0.000794385
1.25935e-05   -0.204998 1.91534e-05 2.06958e-05   -0.204934 0.000794422
1.25935e-05   -0.204998 1.91534e-05 2.05246e-05   -0.204934 0.000794519
1.25935e-05   -0.204998 1.91534e-05 2.02959e-05   -0.204933 0.000794667
1.25935e-05   -0.204998 1.91534e-05 1.99626e-05   -0.204933 0.000794876
1.25935e-05   -0.204998 1.91534e-05 1.97344e-05   -0.204933  0.00079502
1.25935e-05   -0.204998 1.91534e-05 1.95713e-05   -0.204933 0.000795111
1.25935e-05   -0.204998 1.91534e-05 1.94646e-05   -0.204933 0.000795153
1.25935e-05   -0.204998 1.91534e-05 1.94612e-05   -0.204933 0.000795137
1.25935e-05   -0.204998 1.91534e-05 1.95066e-05   -0.204933 0.000795077
1.25935e-05   -0.204998 1.91534e-05 1.94673e-05   -0.204934 0.000795081
1.25935e-05   -0.204998 1.91534e-05 1.93522e-05   -0.204934 0.000795142
1.25935e-05   -0.204998 1.91534e-05 1.91805e-05   -0.204934 0.000795255
1.25935e-05   -0.204998 1.91534e-05 1.88859e-05   -0.204933 0.000795441
1.25935e-05   -0.204998 1.91534e-05 1.85434e-05   -0.204933 0.000795668
1.25935e-05   -0.204998 1.91534e-05 1.82671e-05   -0.204932 0.000795845
1.25935e-05   -0.204998 1.91534e-05 1.80946e-05   -0.204932  0.00079595
1.25935e-05   -0.204998 1.91534e-05 1.79696e-05   -0.204932 0.000796015
1.25935e-05   -0.204998 1.91534e-05 1.79378e-05   -0.204933 0.000796022
1.25935e-05   -0.204998 1.91534e-05 1.79543e-05   -0.204933 0.000795985
1.25935e-05   -0.204998 1.91534e-05 1.78969e-05   -0.204933 0.000796008
1.25935e-05   -0.204998 1.91534e-05 1.77524e-05   -0.204933 0.000796089
1.25935e-05   -0.204998 1.91534e-05 1.75242e-05   -0.204933 0.000796232
1.25935e-05   -0.204998 1.91534e-05 1.72388e-05   -0.204933 0.000796424
1.25935e-05   -0.204998 1.91534e-05 1.70202e-05   -0.204932 0.000796561
1.25935e-05   -0.204998 1.91534e-05 1.68775e-05   -0.204932 0.000796642
1.25935e-05   -0.204998 1.91534e-05    1.68e-05   -0.204932 0.000796675
1.25935e-05   -0.204998 1.91534e-05 1.67697e-05   -0.204933 0.000796663
1.25935e-05   -0.204998 1.91534e-05 1.67023e-05   -0.204933 0.000796697
1.25935e-05   -0.204998 1.91534e-05 1.65324e-05   -0.204933 0.000796797
1.25935e-05   -0.204998 1.91534e-05 1.62857e-05   -0.204933 0.000796956
1.25935e-05   -0.204998 1.91534e-05 1.59626e-05   -0.204932 0.000797165
1.25935e-05   -0.204998 1.91534e-05 1.57247e-05   -0.204932 0.000797319
1.25935e-05   -0.204998 1.91534e-05 1.55441e-05   -0.204932 0.000797417
1.25935e-05   -0.204998 1.91534e-05 1.54585e-05   -0.204932 0.000797459
1.25935e-05   -0.204998 1.91534e-05 1.54282e-05   -0.204932 0.000797455
1.25935e-05   -0.204998 1.91534e-05 1.54639e-05   -0.204932 0.000797398
1.25935e-05   -0.204998 1.91534e-05 1.54261e-05   -0.204933 0.000797405
1.25935e-05   -0.204998 1.91534e-05 1.52937e-05   -0.204933 0.000797479
1.25935e-05   -0.204998 1.91534e-05 1.50943e-05   -0.204932 0.000797602
1.25935e-05   -0.204998 1.91534e-05 1.47906e-05   -0.204932 0.000797791
1.25935e-05   -0.204998 1.91534e-05 1.45827e-05   -0.204932 0.000797919
1.25935e-05   -0.204998 1.91534e-05 1.44492e-05   -0.204932  0.00079799
1.25935e-05   -0.204998 1.91534e-05 1.43733e-05   -0.204932 0.000798017
1.25935e-05   -0.204998 1.91534e-05 1.43629e-05   -0.204932 0.000797995
1.25935e-05   -0.204998 1.91534e-05 1.42585e-05   -0.204932 0.000798037
1.25935e-05   -0.204998 1.91534e-05 1.40974e-05   -0.204932  0.00079813
1.25935e-05   -0.204998 1.91534e-05 1.38512e-05   -0.204932 0.000798285
1.25935e-05   -0.204998 1.91534e-05 1.36716e-05   -0.204932 0.000798388
1.25935e-05   -0.204998 1.91534e-05 1.35582e-05   -0.204932  0.00079844
1.25935e-05   -0.204998 1.91534e-05 1.35021e-05   -0.204932 0.000798449
1.25935e-05   -0.204998 1.91534e-05 1.33801e-05   -0.204932 0.000798512
1.25935e-05   -0.204998 1.91534e-05  1.3162e-05   -0.204932 0.000798636
1.25935e-05   -0.204998 1.91534e-05 1.30308e-05   -0.204931 0.000798709
1.25935e-05   -0.204998 1.91534e-05 1.29371e-05   -0.204931  0.00079874
1.25935e-05   -0.204998 1.91534e-05 1.28997e-05   -0.204932 0.000798727
1.25935e-05   -0.204998 1.91534e-05 1.27968e-05   -0.204932 0.000798769
1.25935e-05   -0.204998 1.91534e-05 1.26084e-05   -0.204931 0.000798876
1.25935e-05   -0.204998 1.91534e-05 1.23442e-05   -0.204931 0.000799034
1.25935e-05   -0.204998 1.91534e-05 1.21361e-05   -0.204931 0.000799152
1.25935e-05   -0.204998 1.91534e-05  1.1995e-05   -0.204931 0.000799217
1.25935e-05   -0.204998 1.91534e-05 1.19194e-05   -0.204931 0.000799237
1.25935e-05   -0.204998 1.91534e-05 1.19281e-05   -0.204931 0.000799201
1.25935e-05   -0.204998 1.91534e-05 1.19861e-05   -0.204932 0.000799124
1.25935e-05   -0.204998 1.91534e-05  1.1967e-05   -0.204932 0.000799111
1.25935e-05   -0.204998 1.91534e-05 1.18352e-05   -0.204932 0.000799171
1.25935e-05   -0.204998 1.91534e-05 1.16271e-05   -0.204932 0.000799294
1.25935e-05   -0.204998 1.91534e-05 1.13623e-05   -0.204931 0.000799464
1.25935e-05   -0.204998 1.91534e-05 1.10029e-05   -0.204931 0.000799703
1.25935e-05   -0.204998 1.91534e-05 1.06977e-05    -0.20493 0.000799884
1.25935e-05   -0.204998 1.91534e-05 1.05083e-05    -0.20493 0.000800005
1.25935e-05   -0.204998 1.91534e-05 1.03365e-05    -0.20493 0.000800093
1.25935e-05   -0.204998 1.91534e-05 1.02786e-05    -0.20493 0.000800114
1.25935e-05   -0.204998 1.91534e-05 1.02678e-05   -0.204931 0.000800093
1.25935e-05   -0.204998 1.91534e-05 1.0325e-05  -0.204931 0.00080003
1.25935e-05   -0.204998 1.91534e-05 1.02867e-05   -0.204931 0.000800034
1.25935e-05   -0.204998 1.91534e-05 1.01736e-05   -0.204931   0.0008001
1.25935e-05   -0.204998 1.91534e-05 9.98533e-06   -0.204931 0.000800225
1.25935e-05   -0.204998 1.91534e-05 9.70219e-06   -0.204931 0.000800414
1.25935e-05   -0.204998 1.91534e-05 9.35202e-06    -0.20493 0.000800653
1.25935e-05   -0.204998 1.91534e-05 9.07738e-06    -0.20493  0.00080084
1.25935e-05   -0.204998 1.91534e-05 8.85944e-06    -0.20493 0.000800974
1.25935e-05   -0.204998 1.91534e-05 8.72647e-06    -0.20493 0.000801057
1.25935e-05   -0.204998 1.91534e-05 8.65155e-06    -0.20493 0.000801092
1.25935e-05   -0.204998 1.91534e-05 8.66106e-06    -0.20493  0.00080107
1.25935e-05   -0.204998 1.91534e-05 8.69996e-06   -0.204931  0.00080102
1.25935e-05   -0.204998 1.91534e-05 8.67279e-06   -0.204931 0.000801026
1.25935e-05   -0.204998 1.91534e-05 8.54148e-06   -0.204931 0.000801098
1.25935e-05   -0.204998 1.91534e-05 8.36425e-06   -0.204931 0.000801226
1.25935e-05   -0.204998 1.91534e-05 8.07249e-06   -0.204931 0.000801418
1.25935e-05   -0.204998 1.91534e-05 7.85616e-06    -0.20493 0.000801562
1.25935e-05   -0.204998 1.91534e-05 7.72649e-06    -0.20493  0.00080165
1.25935e-05   -0.204998 1.91534e-05 7.62436e-06    -0.20493 0.000801699
1.25935e-05   -0.204998 1.91534e-05 7.59742e-06   -0.204931 0.000801697
1.25935e-05   -0.204998 1.91534e-05 7.49569e-06   -0.204931 0.000801757
1.25935e-05   -0.204998 1.91534e-05 7.29933e-06   -0.204931 0.000801881
1.25935e-05   -0.204998 1.91534e-05 7.17083e-06    -0.20493 0.000801958
1.25935e-05   -0.204998 1.91534e-05   7.089e-06   -0.204931 0.000802001
1.25935e-05   -0.204998 1.91534e-05 6.91292e-06    -0.20493 0.000802104
1.25935e-05   -0.204998 1.91534e-05 6.80339e-06    -0.20493 0.000802163
1.25935e-05   -0.204998 1.91534e-05  6.7314e-06   -0.204931 0.000802187
1.25935e-05   -0.204998 1.91534e-05 6.58568e-06    -0.20493 0.000802275
1.25935e-05   -0.204998 1.91534e-05 6.50457e-06    -0.20493 0.000802311
1.25935e-05   -0.204998 1.91534e-05  6.3088e-06    -0.20493 0.000802422
1.25935e-05   -0.204998 1.91534e-05 6.18038e-06    -0.20493 0.000802489
1.25935e-05   -0.204998 1.91534e-05 6.11894e-06    -0.20493  0.00080251
1.25935e-05   -0.204998 1.91534e-05 5.94284e-06    -0.20493 0.000802607
1.25935e-05   -0.204998 1.91534e-05 5.84248e-06    -0.20493 0.000802654
1.25935e-05   -0.204998 1.91534e-05 5.78137e-06    -0.20493 0.000802665
1.25935e-05   -0.204998 1.91534e-05 5.65218e-06    -0.20493 0.000802739
1.25935e-05   -0.204998 1.91534e-05 5.41046e-06    -0.20493 0.000802886
1.25935e-05   -0.204998 1.91534e-05  5.2329e-06    -0.20493 0.000802985
1.25935e-05   -0.204998 1.91534e-05 5.09598e-06    -0.20493 0.000803052
1.25935e-05   -0.204998 1.91534e-05 5.0329e-06   -0.20493 0.00080307
1.25935e-05   -0.204998 1.91534e-05 5.01722e-06    -0.20493 0.000803049
1.25935e-05   -0.204998 1.91534e-05 4.91611e-06    -0.20493 0.000803096
1.25935e-05   -0.204998 1.91534e-05 4.73872e-06    -0.20493 0.000803205
1.25935e-05   -0.204998 1.91534e-05 4.45736e-06    -0.20493 0.000803382
1.25935e-05   -0.204998 1.91534e-05 4.22397e-06    -0.20493 0.000803518
1.25935e-05   -0.204998 1.91534e-05 4.06454e-06    -0.20493 0.000803609
1.25935e-05   -0.204998 1.91534e-05 3.97176e-06    -0.20493 0.000803651
1.25935e-05   -0.204998 1.91534e-05 3.91797e-06    -0.20493  0.00080366
1.25935e-05   -0.204998 1.91534e-05 3.93037e-06    -0.20493 0.000803629
1.25935e-05   -0.204998 1.91534e-05 3.85776e-06    -0.20493 0.000803661
1.25935e-05   -0.204998 1.91534e-05 3.67983e-06    -0.20493 0.000803765
1.25935e-05   -0.204998 1.91534e-05 3.43665e-06    -0.20493 0.000803928
1.25935e-05   -0.204998 1.91534e-05  3.2404e-06    -0.20493 0.000804051
1.25935e-05   -0.204998 1.91534e-05 3.10163e-06    -0.20493 0.000804135
1.25935e-05   -0.204998 1.91534e-05  3.0193e-06    -0.20493 0.000804178
1.25935e-05   -0.204998 1.91534e-05 2.96583e-06    -0.20493 0.000804186
1.25935e-05   -0.204998 1.91534e-05 2.86474e-06    -0.20493 0.000804253
1.25935e-05   -0.204998 1.91534e-05 2.63042e-06    -0.20493 0.000804391
1.25935e-05   -0.204998 1.91534e-05 2.36863e-06    -0.20493 0.000804585
1.25935e-05   -0.204998 1.91534e-05 2.11616e-06    -0.20493 0.000804742
1.25935e-05   -0.204998 1.91534e-05 1.93029e-06   -0.204929 0.000804853
1.25935e-05   -0.204998 1.91534e-05 1.81923e-06    -0.20493 0.000804917
1.25935e-05   -0.204998 1.91534e-05 1.74648e-06    -0.20493 0.000804946
1.25935e-05   -0.204998 1.91534e-05 1.74998e-06    -0.20493 0.000804927
1.25935e-05   -0.204998 1.91534e-05 1.79292e-06    -0.20493 0.000804882
1.25935e-05   -0.204998 1.91534e-05 1.74009e-06   -0.204931 0.000804901
1.25935e-05   -0.204998 1.91534e-05 1.60208e-06   -0.204931  0.00080499
1.25935e-05   -0.204998 1.91534e-05 1.36915e-06    -0.20493  0.00080514
1.25935e-05   -0.204998 1.91534e-05 1.07043e-06    -0.20493 0.000805351
1.25935e-05   -0.204998 1.91534e-05 8.08111e-07    -0.20493 0.000805523
1.25935e-05   -0.204998 1.91534e-05  5.9451e-07    -0.20493 0.000805654
1.25935e-05   -0.204998 1.91534e-05 4.75087e-07    -0.20493 0.000805729
1.25935e-05   -0.204998 1.91534e-05 4.12896e-07    -0.20493 0.000805766
1.25935e-05   -0.204998 1.91534e-05 3.69352e-07    -0.20493 0.000805771
1.25935e-05   -0.204998 1.91534e-05 2.79403e-07    -0.20493 0.000805826
1.25935e-05   -0.204998 1.91534e-05 8.47406e-08    -0.20493 0.000805953
1.25935e-05   -0.204998 1.91534e-05  -7.156e-08    -0.20493 0.000806048
1.25935e-05   -0.204998 1.91534e-05 -1.79459e-07     -0.20493  0.000806109
1.25935e-05   -0.204998 1.91534e-05 -3.44038e-07     -0.20493  0.000806224
1.25935e-05   -0.204998 1.91534e-05 -4.80195e-07     -0.20493  0.000806308
1.25935e-05   -0.204998 1.91534e-05 -5.87671e-07     -0.20493  0.000806362
1.25935e-05   -0.204998 1.91534e-05 -6.36971e-07     -0.20493  0.000806376
1.25935e-05   -0.204998 1.91534e-05 -7.63636e-07     -0.20493  0.000806453
1.25935e-05   -0.204998 1.91534e-05 -9.84461e-07     -0.20493  0.000806594
1.25935e-05   -0.204998 1.91534e-05 -1.16762e-06     -0.20493  0.000806706
1.25935e-05   -0.204998 1.91534e-05 -1.29393e-06     -0.20493  0.000806779
1.25935e-05   -0.204998 1.91534e-05 -1.38115e-06     -0.20493  0.000806818
1.25935e-05   -0.204998 1.91534e-05  -1.393e-06    -0.20493 0.000806813
1.25935e-05   -0.204998 1.91534e-05 -1.50921e-06     -0.20493  0.000806877
1.25935e-05   -0.204998 1.91534e-05 -1.72179e-06     -0.20493  0.000807007
1.25935e-05   -0.204998 1.91534e-05 -1.88565e-06     -0.20493  0.000807108
1.25935e-05   -0.204998 1.91534e-05 -2.00241e-06     -0.20493  0.000807176
1.25935e-05   -0.204998 1.91534e-05 -2.08997e-06     -0.20493  0.000807216
1.25935e-05   -0.204998 1.91534e-05 -2.11154e-06     -0.20493  0.000807212
1.25935e-05   -0.204998 1.91534e-05 -2.24751e-06     -0.20493  0.000807285
1.25935e-05   -0.204998 1.91534e-05 -2.43022e-06     -0.20493   0.00080741
1.25935e-05   -0.204998 1.91534e-05 -2.60376e-06     -0.20493  0.000807518
1.25935e-05   -0.204998 1.91534e-05 -2.74966e-06     -0.20493  0.000807594
1.25935e-05   -0.204998 1.91534e-05 -2.8101e-06    -0.20493 0.000807626
1.25935e-05   -0.204998 1.91534e-05 -2.83203e-06     -0.20493  0.000807623
1.25935e-05   -0.204998 1.91534e-05 -2.95904e-06     -0.20493  0.000807695
1.25935e-05   -0.204998 1.91534e-05 -3.1804e-06    -0.20493 0.000807836
1.25935e-05   -0.204998 1.91534e-05 -3.33536e-06     -0.20493  0.000807937
1.25935e-05   -0.204998 1.91534e-05 -3.48213e-06     -0.20493  0.000808019
1.25935e-05   -0.204998 1.91534e-05 -3.55109e-06     -0.20493  0.000808059
1.25935e-05   -0.204998 1.91534e-05 -3.59155e-06     -0.20493  0.000808069
1.25935e-05   -0.204998 1.91534e-05 -3.72923e-06     -0.20493  0.000808148
1.25935e-05   -0.204998 1.91534e-05 -3.9315e-06    -0.20493 0.000808288
1.25935e-05   -0.204998 1.91534e-05 -4.13504e-06     -0.20493   0.00080841
1.25935e-05   -0.204998 1.91534e-05 -4.25254e-06    -0.204929  0.000808486
1.25935e-05   -0.204998 1.91534e-05 -4.35142e-06     -0.20493   0.00080854
1.25935e-05   -0.204998 1.91534e-05 -4.39271e-06     -0.20493  0.000808553
1.25935e-05   -0.204998 1.91534e-05 -4.39552e-06     -0.20493  0.000808543
1.25935e-05   -0.204998 1.91534e-05 -4.50323e-06     -0.20493  0.000808601
1.25935e-05   -0.204998 1.91534e-05 -4.68699e-06     -0.20493  0.000808723
1.25935e-05   -0.204998 1.91534e-05 -4.95589e-06     -0.20493  0.000808911
1.25935e-05   -0.204998 1.91534e-05 -5.19818e-06    -0.204929   0.00080907
1.25935e-05   -0.204998 1.91534e-05 -5.38173e-06    -0.204929  0.000809199
1.25935e-05   -0.204998 1.91534e-05 -5.50889e-06    -0.204929  0.000809281
1.25935e-05   -0.204998 1.91534e-05 -5.59997e-06    -0.204929  0.000809325
1.25935e-05   -0.204998 1.91534e-05 -5.63087e-06     -0.20493  0.000809343
1.25935e-05   -0.204998 1.91534e-05 -5.65305e-06     -0.20493  0.000809336
1.25935e-05   -0.204998 1.91534e-05 -5.75124e-06     -0.20493  0.000809395
1.25935e-05   -0.204998 1.91534e-05 -5.93368e-06     -0.20493  0.000809517
1.25935e-05   -0.204998 1.91534e-05 -6.2126e-06    -0.20493 0.000809712
1.25935e-05   -0.204998 1.91534e-05 -6.43333e-06    -0.204929  0.000809867
1.25935e-05   -0.204998 1.91534e-05 -6.59827e-06    -0.204929  0.000809984
1.25935e-05   -0.204998 1.91534e-05 -6.73392e-06    -0.204929  0.000810067
1.25935e-05   -0.204998 1.91534e-05 -6.82117e-06    -0.204929  0.000810121
1.25935e-05   -0.204998 1.91534e-05 -6.86188e-06     -0.20493  0.000810135
1.25935e-05   -0.204998 1.91534e-05 -6.87237e-06     -0.20493  0.000810129
1.25935e-05   -0.204998 1.91534e-05 -6.95919e-06     -0.20493  0.000810185
1.25935e-05   -0.204998 1.91534e-05 -7.14117e-06     -0.20493  0.000810311
1.25935e-05   -0.204998 1.91534e-05 -7.41838e-06     -0.20493  0.000810501
1.25935e-05   -0.204998 1.91534e-05 -7.64846e-06    -0.204929  0.000810659
1.25935e-05   -0.204998 1.91534e-05 -7.8403e-06   -0.204929 0.000810788
1.25935e-05   -0.204998 1.91534e-05 -7.97373e-06    -0.204929  0.000810873
1.25935e-05   -0.204998 1.91534e-05 -8.05127e-06    -0.204929  0.000810923
1.25935e-05   -0.204998 1.91534e-05 -8.10983e-06     -0.20493  0.000810946
1.25935e-05   -0.204998 1.91534e-05 -8.12878e-06     -0.20493   0.00081094
1.25935e-05   -0.204998 1.91534e-05 -8.22337e-06     -0.20493     0.000811
1.25935e-05   -0.204998 1.91534e-05 -8.39488e-06     -0.20493  0.000811121
1.25935e-05   -0.204998 1.91534e-05 -8.6799e-06   -0.204929 0.000811318
1.25935e-05   -0.204998 1.91534e-05 -8.90063e-06    -0.204929  0.000811473
1.25935e-05   -0.204998 1.91534e-05 -9.09007e-06    -0.204929  0.000811599
1.25935e-05   -0.204998 1.91534e-05 -9.23307e-06    -0.204929  0.000811687
1.25935e-05   -0.204998 1.91534e-05 -9.33798e-06    -0.204929  0.000811745
1.25935e-05   -0.204998 1.91534e-05 -9.35613e-06    -0.204929  0.000811756
1.25935e-05   -0.204998 1.91534e-05 -9.38388e-06    -0.204929  0.000811753
1.25935e-05   -0.204998 1.91534e-05 -9.36265e-06     -0.20493  0.000811723
1.25935e-05   -0.204998 1.91534e-05 -9.43707e-06     -0.20493  0.000811764
1.25935e-05   -0.204998 1.91534e-05 -9.6069e-06    -0.20493 0.000811877
1.25935e-05   -0.204998 1.91534e-05 -9.83315e-06     -0.20493  0.000812043
1.25935e-05   -0.204998 1.91534e-05 -1.00617e-05    -0.204929   0.00081219
1.25935e-05   -0.204998 1.91534e-05 -1.02316e-05    -0.204929  0.000812304
1.25935e-05   -0.204998 1.91534e-05 -1.03552e-05    -0.204929   0.00081238
1.25935e-05   -0.204998 1.91534e-05 -1.04103e-05    -0.204929  0.000812423
1.25935e-05   -0.204998 1.91534e-05 -1.04857e-05    -0.204929  0.000812448
1.25935e-05   -0.204998 1.91534e-05 -1.04741e-05     -0.20493  0.000812432
1.25935e-05   -0.204998 1.91534e-05 -1.05864e-05     -0.20493    0.0008125
1.25935e-05   -0.204998 1.91534e-05 -1.07737e-05    -0.204929  0.000812632
1.25935e-05   -0.204998 1.91534e-05 -1.09255e-05    -0.204929  0.000812733
1.25935e-05   -0.204998 1.91534e-05 -1.10486e-05    -0.204929  0.000812815
1.25935e-05   -0.204998 1.91534e-05 -1.11426e-05    -0.204929  0.000812868
1.25935e-05   -0.204998 1.91534e-05 -1.12091e-05    -0.204929  0.000812891
1.25935e-05   -0.204998 1.91534e-05 -1.12175e-05     -0.20493  0.000812889
1.25935e-05   -0.204998 1.91534e-05 -1.13102e-05     -0.20493  0.000812951
1.25935e-05   -0.204998 1.91534e-05 -1.15089e-05    -0.204929   0.00081309
1.25935e-05   -0.204998 1.91534e-05 -1.16987e-05    -0.204929  0.000813214
1.25935e-05   -0.204998 1.91534e-05 -1.18231e-05    -0.204929  0.000813296
1.25935e-05   -0.204998 1.91534e-05 -1.19285e-05    -0.204929  0.000813363
1.25935e-05   -0.204998 1.91534e-05 -1.19953e-05    -0.204929  0.000813393
1.25935e-05   -0.204998 1.91534e-05 -1.20235e-05    -0.204929  0.000813403
1.25935e-05   -0.204998 1.91534e-05 -1.21555e-05    -0.204929  0.000813484
1.25935e-05   -0.204998 1.91534e-05 -1.23463e-05    -0.204929  0.000813627
1.25935e-05   -0.204998 1.91534e-05 -1.25293e-05    -0.204929  0.000813751
1.25935e-05   -0.204998 1.91534e-05 -1.26837e-05    -0.204929  0.000813851
1.25935e-05   -0.204998 1.91534e-05 -1.28087e-05    -0.204929  0.000813925
1.25935e-05   -0.204998 1.91534e-05 -1.2878e-05   -0.204929 0.000813968
1.25935e-05   -0.204998 1.91534e-05 -1.29176e-05    -0.204929  0.000813988
1.25935e-05   -0.204998 1.91534e-05 -1.29476e-05    -0.204929  0.000813988
1.25935e-05   -0.204998 1.91534e-05 -1.30444e-05    -0.204929  0.000814058
1.25935e-05   -0.204998 1.91534e-05 -1.32452e-05    -0.204929  0.000814201
1.25935e-05   -0.204998 1.91534e-05 -1.35425e-05    -0.204929  0.000814408
1.25935e-05   -0.204998 1.91534e-05 -1.37643e-05    -0.204929  0.000814575
1.25935e-05   -0.204998 1.91534e-05 -1.39869e-05    -0.204928  0.000814731
1.25935e-05   -0.204998 1.91534e-05 -1.41514e-05    -0.204928  0.000814842
1.25935e-05   -0.204998 1.91534e-05 -1.42873e-05    -0.204928  0.000814929
1.25935e-05   -0.204998 1.91534e-05 -1.4375e-05   -0.204928 0.000814988
1.25935e-05   -0.204998 1.91534e-05 -1.44243e-05    -0.204929  0.000815019
1.25935e-05   -0.204998 1.91534e-05 -1.44254e-05    -0.204929  0.000815021
1.25935e-05   -0.204998 1.91534e-05 -1.44472e-05    -0.204929  0.000815012
1.25935e-05   -0.204998 1.91534e-05 -1.44097e-05    -0.204929  0.000814987
1.25935e-05   -0.204998 1.91534e-05 -1.44679e-05    -0.204929  0.000815028
1.25935e-05   -0.204998 1.91534e-05 -1.46316e-05    -0.204929  0.000815147
1.25935e-05   -0.204998 1.91534e-05 -1.49097e-05    -0.204929  0.000815341
1.25935e-05   -0.204998 1.91534e-05 -1.51222e-05    -0.204929  0.000815498
1.25935e-05   -0.204998 1.91534e-05 -1.53358e-05    -0.204929  0.000815639
1.25935e-05   -0.204998 1.91534e-05 -1.54822e-05    -0.204929  0.000815741
1.25935e-05   -0.204998 1.91534e-05 -1.55905e-05    -0.204929  0.000815815
1.25935e-05   -0.204998 1.91534e-05 -1.56692e-05    -0.204929  0.000815863
1.25935e-05   -0.204998 1.91534e-05 -1.57207e-05    -0.204929  0.000815895
1.25935e-05   -0.204998 1.91534e-05 -1.57617e-05    -0.204929  0.000815907
1.25935e-05   -0.204998 1.91534e-05 -1.58597e-05    -0.204929  0.000815983
1.25935e-05   -0.204998 1.91534e-05 -1.60721e-05    -0.204929  0.000816131
1.25935e-05   -0.204998 1.91534e-05 -1.62576e-05    -0.204929  0.000816262
1.25935e-05   -0.204998 1.91534e-05 -1.64347e-05    -0.204929  0.000816376
1.25935e-05   -0.204998 1.91534e-05 -1.65553e-05    -0.204929  0.000816454
1.25935e-05   -0.204998 1.91534e-05 -1.66552e-05    -0.204929   0.00081651
1.25935e-05   -0.204998 1.91534e-05 -1.67374e-05    -0.204929  0.000816548
1.25935e-05   -0.204998 1.91534e-05 -1.67699e-05    -0.204929  0.000816564
1.25935e-05   -0.204998 1.91534e-05 -1.68995e-05    -0.204929  0.000816649
1.25935e-05   -0.204998 1.91534e-05 -1.71151e-05    -0.204929  0.000816802
1.25935e-05   -0.204998 1.91534e-05 -1.73325e-05    -0.204929  0.000816942
1.25935e-05   -0.204998 1.91534e-05 -1.75311e-05    -0.204929   0.00081706
1.25935e-05   -0.204998 1.91534e-05 -1.76713e-05    -0.204929  0.000817148
1.25935e-05   -0.204998 1.91534e-05 -1.77933e-05    -0.204929  0.000817213
1.25935e-05   -0.204998 1.91534e-05 -1.78586e-05    -0.204929  0.000817246
1.25935e-05   -0.204998 1.91534e-05 -1.79237e-05    -0.204929  0.000817271
1.25935e-05   -0.204998 1.91534e-05 -1.79806e-05    -0.204929   0.00081728
1.25935e-05   -0.204998 1.91534e-05 -1.80933e-05    -0.204929  0.000817354
1.25935e-05   -0.204998 1.91534e-05  -1.832e-05   -0.204929 0.000817498
1.25935e-05   -0.204998 1.91534e-05 -1.85392e-05    -0.204929  0.000817631
1.25935e-05   -0.204998 1.91534e-05 -1.87231e-05    -0.204929  0.000817739
1.25935e-05   -0.204998 1.91534e-05 -1.88854e-05    -0.204929  0.000817828
1.25935e-05   -0.204998 1.91534e-05 -1.90302e-05    -0.204929  0.000817894
1.25935e-05   -0.204998 1.91534e-05 -1.9089e-05   -0.204929 0.000817928
1.25935e-05   -0.204998 1.91534e-05 -1.91674e-05    -0.204929  0.000817949
1.25935e-05   -0.204998 1.91534e-05 -1.9237e-05   -0.204929 0.000817964
1.25935e-05   -0.204998 1.91534e-05 -1.93814e-05    -0.204929  0.000818043
1.25935e-05   -0.204998 1.91534e-05 -1.96112e-05    -0.204929  0.000818194
1.25935e-05   -0.204998 1.91534e-05 -1.98334e-05    -0.204929  0.000818325
1.25935e-05   -0.204998 1.91534e-05 -2.00666e-05    -0.204929  0.000818448
1.25935e-05   -0.204998 1.91534e-05 -2.0243e-05   -0.204928 0.000818541
1.25935e-05   -0.204998 1.91534e-05 -2.03621e-05    -0.204928  0.000818603
1.25935e-05   -0.204998 1.91534e-05 -2.04701e-05    -0.204929  0.000818649
1.25935e-05   -0.204998 1.91534e-05 -2.05801e-05    -0.204929   0.00081868
1.25935e-05   -0.204998 1.91534e-05 -2.06527e-05    -0.204929  0.000818695
1.25935e-05   -0.204998 1.91534e-05 -2.08292e-05    -0.204929  0.000818785
1.25935e-05   -0.204998 1.91534e-05 -2.10898e-05    -0.204929  0.000818943
1.25935e-05   -0.204998 1.91534e-05 -2.13338e-05    -0.204928  0.000819087
1.25935e-05   -0.204998 1.91534e-05  -2.153e-05   -0.204928 0.000819201
1.25935e-05   -0.204998 1.91534e-05 -2.17274e-05    -0.204928    0.0008193
1.25935e-05   -0.204998 1.91534e-05 -2.18858e-05    -0.204928  0.000819373
1.25935e-05   -0.204998 1.91534e-05 -2.19967e-05    -0.204928  0.000819419
1.25935e-05   -0.204998 1.91534e-05 -2.21176e-05    -0.204928  0.000819456
1.25935e-05   -0.204998 1.91534e-05 -2.22103e-05    -0.204929  0.000819482
1.25935e-05   -0.204998 1.91534e-05 -2.22742e-05    -0.204929  0.000819484
1.25935e-05   -0.204998 1.91534e-05 -2.24333e-05    -0.204929  0.000819561
1.25935e-05   -0.204998 1.91534e-05 -2.26864e-05    -0.204929  0.000819711
1.25935e-05   -0.204998 1.91534e-05 -2.29416e-05    -0.204928  0.000819844
1.25935e-05   -0.204998 1.91534e-05 -2.31698e-05    -0.204928  0.000819964
1.25935e-05   -0.204998 1.91534e-05 -2.33588e-05    -0.204928  0.000820054
1.25935e-05   -0.204998 1.91534e-05 -2.35392e-05    -0.204928  0.000820128
1.25935e-05   -0.204998 1.91534e-05 -2.36539e-05    -0.204928  0.000820174
1.25935e-05   -0.204998 1.91534e-05 -2.37774e-05    -0.204928  0.000820211
1.25935e-05   -0.204998 1.91534e-05 -2.38713e-05    -0.204928  0.000820229
1.25935e-05   -0.204998 1.91534e-05 -2.39486e-05    -0.204929  0.000820235
1.25935e-05   -0.204998 1.91534e-05 -2.41391e-05    -0.204929  0.000820319
1.25935e-05   -0.204998 1.91534e-05 -2.43198e-05    -0.204929   0.00082039
1.25935e-05   -0.204998 1.91534e-05 -2.44643e-05    -0.204929  0.000820443
1.25935e-05   -0.204998 1.91534e-05 -2.47322e-05    -0.204928  0.000820574
1.25935e-05   -0.204998 1.91534e-05 -2.49423e-05    -0.204928  0.000820685
1.25935e-05   -0.204998 1.91534e-05 -2.52023e-05    -0.204928  0.000820793
1.25935e-05   -0.204998 1.91534e-05 -2.53771e-05    -0.204928  0.000820865
1.25935e-05   -0.204998 1.91534e-05 -2.55513e-05    -0.204928  0.000820924
1.25935e-05   -0.204998 1.91534e-05 -2.56968e-05    -0.204928  0.000820966
1.25935e-05   -0.204998 1.91534e-05 -2.58055e-05    -0.204928  0.000820988
1.25935e-05   -0.204998 1.91534e-05 -2.5914e-05   -0.204929 0.000821001
1.25935e-05   -0.204998 1.91534e-05 -2.60138e-05    -0.204929  0.000821003
1.25935e-05   -0.204998 1.91534e-05 -2.62172e-05    -0.204929  0.000821083
1.25935e-05   -0.204998 1.91534e-05 -2.64857e-05    -0.204928  0.000821231
1.25935e-05   -0.204998 1.91534e-05 -2.67555e-05    -0.204928  0.000821363
1.25935e-05   -0.204998 1.91534e-05 -2.70365e-05    -0.204928  0.000821491
1.25935e-05   -0.204998 1.91534e-05 -2.7251e-05   -0.204928 0.000821581
1.25935e-05   -0.204998 1.91534e-05 -2.7456e-05   -0.204928 0.000821661
1.25935e-05   -0.204998 1.91534e-05 -2.76315e-05    -0.204928  0.000821716
1.25935e-05   -0.204998 1.91534e-05 -2.77791e-05    -0.204928  0.000821757
1.25935e-05   -0.204998 1.91534e-05 -2.7917e-05   -0.204928  0.00082179
1.25935e-05   -0.204998 1.91534e-05 -2.80361e-05    -0.204928  0.000821805
1.25935e-05   -0.204998 1.91534e-05 -2.81466e-05    -0.204928   0.00082181
1.25935e-05   -0.204998 1.91534e-05 -2.82371e-05    -0.204929  0.000821805
1.25935e-05   -0.204998 1.91534e-05 -2.84421e-05    -0.204929   0.00082188
1.25935e-05   -0.204998 1.91534e-05 -2.87128e-05    -0.204928  0.000822019
1.25935e-05   -0.204998 1.91534e-05 -2.90024e-05    -0.204928  0.000822155
1.25935e-05   -0.204998 1.91534e-05 -2.92362e-05    -0.204928  0.000822261
1.25935e-05   -0.204998 1.91534e-05 -2.94784e-05    -0.204928  0.000822361
1.25935e-05   -0.204998 1.91534e-05 -2.96845e-05    -0.204928  0.000822435
1.25935e-05   -0.204998 1.91534e-05 -2.98795e-05    -0.204928  0.000822502
1.25935e-05   -0.204998 1.91534e-05 -3.0027e-05   -0.204928 0.000822539
1.25935e-05   -0.204998 1.91534e-05 -3.01665e-05    -0.204928  0.000822569
1.25935e-05   -0.204998 1.91534e-05 -3.03147e-05    -0.204928  0.000822592
1.25935e-05   -0.204998 1.91534e-05 -3.04154e-05    -0.204928  0.000822597
1.25935e-05   -0.204998 1.91534e-05 -3.05567e-05    -0.204928  0.000822606
1.25935e-05   -0.204998 1.91534e-05 -3.0732e-05   -0.204928 0.000822674
1.25935e-05   -0.204998 1.91534e-05 -3.10205e-05    -0.204928  0.000822819
1.25935e-05   -0.204998 1.91534e-05 -3.13296e-05    -0.204928  0.000822962
1.25935e-05   -0.204998 1.91534e-05 -3.15828e-05    -0.204928  0.000823074
1.25935e-05   -0.204998 1.91534e-05 -3.1818e-05   -0.204928 0.000823172
1.25935e-05   -0.204998 1.91534e-05 -3.20423e-05    -0.204928  0.000823253
1.25935e-05   -0.204998 1.91534e-05 -3.22385e-05    -0.204928  0.000823319
1.25935e-05   -0.204998 1.91534e-05 -3.23967e-05    -0.204928  0.000823363
1.25935e-05   -0.204998 1.91534e-05 -3.25648e-05    -0.204928  0.000823403
1.25935e-05   -0.204998 1.91534e-05 -3.26927e-05    -0.204928  0.000823425
1.25935e-05   -0.204998 1.91534e-05 -3.28233e-05    -0.204928   0.00082344
1.25935e-05   -0.204998 1.91534e-05 -3.29526e-05    -0.204928  0.000823444
1.25935e-05   -0.204998 1.91534e-05 -3.30538e-05    -0.204928  0.000823441
1.25935e-05   -0.204998 1.91534e-05 -3.32678e-05    -0.204928  0.000823517
1.25935e-05   -0.204998 1.91534e-05 -3.34636e-05    -0.204928  0.000823579
1.25935e-05   -0.204998 1.91534e-05 -3.36513e-05    -0.204928  0.000823636
1.25935e-05   -0.204998 1.91534e-05 -3.38676e-05    -0.204928  0.000823688
1.25935e-05   -0.204998 1.91534e-05 -3.40469e-05    -0.204928  0.000823728
1.25935e-05   -0.204998 1.91534e-05 -3.42885e-05    -0.204928  0.000823833
1.25935e-05   -0.204998 1.91534e-05 -3.45432e-05    -0.204928  0.000823932
1.25935e-05   -0.204998 1.91534e-05 -3.48075e-05    -0.204928  0.000824023
1.25935e-05   -0.204998 1.91534e-05 -3.5015e-05   -0.204928 0.000824092
1.25935e-05   -0.204998 1.91534e-05 -3.52116e-05    -0.204928   0.00082415
1.25935e-05   -0.204998 1.91534e-05  -3.541e-05   -0.204928 0.000824198
1.25935e-05   -0.204998 1.91534e-05 -3.55784e-05    -0.204928  0.000824235
1.25935e-05   -0.204998 1.91534e-05 -3.57199e-05    -0.204928   0.00082425
1.25935e-05   -0.204998 1.91534e-05 -3.58806e-05    -0.204928  0.000824271
1.25935e-05   -0.204998 1.91534e-05 -3.60222e-05    -0.204928  0.000824282
1.25935e-05   -0.204998 1.91534e-05 -3.62568e-05    -0.204928  0.000824365
1.25935e-05   -0.204998 1.91534e-05 -3.6464e-05   -0.204928 0.000824438
1.25935e-05   -0.204998 1.91534e-05 -3.67017e-05    -0.204928  0.000824507
1.25935e-05   -0.204998 1.91534e-05  -3.691e-05   -0.204928 0.000824565
1.25935e-05   -0.204998 1.91534e-05  -3.711e-05   -0.204928 0.000824611
1.25935e-05   -0.204998 1.91534e-05 -3.72807e-05    -0.204928  0.000824647
1.25935e-05   -0.204998 1.91534e-05 -3.74628e-05    -0.204928  0.000824678
1.25935e-05   -0.204998 1.91534e-05 -3.76542e-05    -0.204928  0.000824704
1.25935e-05   -0.204998 1.91534e-05 -3.78917e-05    -0.204928  0.000824795
1.25935e-05   -0.204998 1.91534e-05 -3.81387e-05    -0.204928  0.000824877
1.25935e-05   -0.204998 1.91534e-05 -3.83678e-05    -0.204927  0.000824954
1.25935e-05   -0.204998 1.91534e-05 -3.85874e-05    -0.204927   0.00082502
1.25935e-05   -0.204998 1.91534e-05 -3.88078e-05    -0.204927  0.000825074
1.25935e-05   -0.204998 1.91534e-05 -3.90083e-05    -0.204927  0.000825122
1.25935e-05   -0.204998 1.91534e-05 -3.91812e-05    -0.204927  0.000825154
1.25935e-05   -0.204998 1.91534e-05 -3.93749e-05    -0.204927  0.000825182
1.25935e-05   -0.204998 1.91534e-05 -3.95382e-05    -0.204928  0.000825199
1.25935e-05   -0.204998 1.91534e-05 -3.97674e-05    -0.204927  0.000825286
1.25935e-05   -0.204998 1.91534e-05 -4.00434e-05    -0.204927  0.000825378
1.25935e-05   -0.204998 1.91534e-05 -4.02727e-05    -0.204927  0.000825456
1.25935e-05   -0.204998 1.91534e-05 -4.05016e-05    -0.204927  0.000825519
1.25935e-05   -0.204998 1.91534e-05 -4.07135e-05    -0.204927  0.000825572
1.25935e-05   -0.204998 1.91534e-05 -4.09246e-05    -0.204927  0.000825622
1.25935e-05   -0.204998 1.91534e-05 -4.1106e-05   -0.204927 0.000825657
1.25935e-05   -0.204998 1.91534e-05 -4.12885e-05    -0.204927  0.000825688
1.25935e-05   -0.204998 1.91534e-05 -4.14616e-05    -0.204927  0.000825707
1.25935e-05   -0.204998 1.91534e-05 -4.16069e-05    -0.204927  0.000825715
1.25935e-05   -0.204998 1.91534e-05 -4.18536e-05    -0.204927  0.000825805
1.25935e-05   -0.204998 1.91534e-05 -4.21114e-05    -0.204927  0.000825888
1.25935e-05   -0.204998 1.91534e-05 -4.23493e-05    -0.204927  0.000825963
1.25935e-05   -0.204998 1.91534e-05 -4.25883e-05    -0.204927  0.000826033
1.25935e-05   -0.204998 1.91534e-05 -4.27981e-05    -0.204927  0.000826085
1.25935e-05   -0.204998 1.91534e-05 -4.29983e-05    -0.204927   0.00082613
1.25935e-05   -0.204998 1.91534e-05 -4.31901e-05    -0.204927  0.000826164
1.25935e-05   -0.204998 1.91534e-05 -4.33526e-05    -0.204927   0.00082619
1.25935e-05   -0.204998 1.91534e-05 -4.3515e-05   -0.204927 0.000826211
1.25935e-05   -0.204998 1.91534e-05 -4.37058e-05    -0.204927  0.000826233
1.25935e-05   -0.204998 1.91534e-05 -4.39626e-05    -0.204927  0.000826322
1.25935e-05   -0.204998 1.91534e-05 -4.41986e-05    -0.204927  0.000826404
1.25935e-05   -0.204998 1.91534e-05 -4.44646e-05    -0.204927  0.000826489
1.25935e-05   -0.204998 1.91534e-05 -4.46735e-05    -0.204927  0.000826551
1.25935e-05   -0.204998 1.91534e-05 -4.48817e-05    -0.204927  0.000826605
1.25935e-05   -0.204998 1.91534e-05 -4.51106e-05    -0.204927  0.000826659
1.25935e-05   -0.204998 1.91534e-05 -4.52903e-05    -0.204927  0.000826696
1.25935e-05   -0.204998 1.91534e-05 -4.54607e-05    -0.204927  0.000826723
1.25935e-05   -0.204998 1.91534e-05 -4.56403e-05    -0.204927  0.000826751
1.25935e-05   -0.204998 1.91534e-05 -4.58112e-05    -0.204927  0.000826769
1.25935e-05   -0.204998 1.91534e-05 -4.59819e-05    -0.204927  0.000826784
1.25935e-05   -0.204998 1.91534e-05 -4.62355e-05    -0.204927  0.000826878
1.25935e-05   -0.204998 1.91534e-05 -4.64702e-05    -0.204927  0.000826958
1.25935e-05   -0.204998 1.91534e-05 -4.66961e-05    -0.204926  0.000827033
1.25935e-05   -0.204998 1.91534e-05 -4.69417e-05    -0.204926  0.000827101
1.25935e-05   -0.204998 1.91534e-05 -4.71665e-05    -0.204926  0.000827164
1.25935e-05   -0.204998 1.91534e-05 -4.73449e-05    -0.204926  0.000827203
1.25935e-05   -0.204998 1.91534e-05 -4.75515e-05    -0.204926   0.00082725
1.25935e-05   -0.204998 1.91534e-05 -4.77201e-05    -0.204926  0.000827277
1.25935e-05   -0.204998 1.91534e-05 -4.78974e-05    -0.204926  0.000827308
1.25935e-05   -0.204998 1.91534e-05 -4.80853e-05    -0.204926  0.000827335
1.25935e-05   -0.204998 1.91534e-05 -4.8225e-05   -0.204926 0.000827348
1.25935e-05   -0.204998 1.91534e-05 -4.83833e-05    -0.204927  0.000827362
1.25935e-05   -0.204998 1.91534e-05 -4.86163e-05    -0.204926  0.000827443
1.25935e-05   -0.204998 1.91534e-05 -4.8868e-05   -0.204926 0.000827534
1.25935e-05   -0.204998 1.91534e-05 -4.91002e-05    -0.204926  0.000827607
1.25935e-05   -0.204998 1.91534e-05 -4.93433e-05    -0.204926  0.000827679
1.25935e-05   -0.204998 1.91534e-05 -4.95577e-05    -0.204926  0.000827737
1.25935e-05   -0.204998 1.91534e-05 -4.97515e-05    -0.204926  0.000827786
1.25935e-05   -0.204998 1.91534e-05 -4.99271e-05    -0.204926  0.000827827
1.25935e-05   -0.204998 1.91534e-05 -5.01411e-05    -0.204926  0.000827869
1.25935e-05   -0.204998 1.91534e-05 -5.02973e-05    -0.204926  0.000827892
1.25935e-05   -0.204998 1.91534e-05 -5.0473e-05   -0.204926 0.000827921
1.25935e-05   -0.204998 1.91534e-05 -5.06278e-05    -0.204926  0.000827943
1.25935e-05   -0.204998 1.91534e-05 -5.07942e-05    -0.204926  0.000827959
1.25935e-05   -0.204998 1.91534e-05 -5.09413e-05    -0.204926  0.000827969
1.25935e-05   -0.204998 1.91534e-05 -5.11806e-05    -0.204926   0.00082806
1.25935e-05   -0.204998 1.91534e-05 -5.14203e-05    -0.204926  0.000828142
1.25935e-05   -0.204998 1.91534e-05 -5.16695e-05    -0.204926  0.000828226
1.25935e-05   -0.204998 1.91534e-05 -5.18799e-05    -0.204926  0.000828292
1.25935e-05   -0.204998 1.91534e-05 -5.2091e-05   -0.204926 0.000828353
1.25935e-05   -0.204998 1.91534e-05 -5.22842e-05    -0.204926  0.000828403
1.25935e-05   -0.204998 1.91534e-05 -5.24853e-05    -0.204926  0.000828451
1.25935e-05   -0.204998 1.91534e-05 -5.26584e-05    -0.204926  0.000828492
1.25935e-05   -0.204998 1.91534e-05  -5.284e-05   -0.204926 0.000828525
1.25935e-05   -0.204998 1.91534e-05 -5.29928e-05    -0.204926   0.00082855
1.25935e-05   -0.204998 1.91534e-05 -5.31754e-05    -0.204926  0.000828578
1.25935e-05   -0.204998 1.91534e-05 -5.33286e-05    -0.204926  0.000828597
1.25935e-05   -0.204998 1.91534e-05 -5.34914e-05    -0.204926  0.000828618
1.25935e-05   -0.204998 1.91534e-05 -5.36444e-05    -0.204926  0.000828637
1.25935e-05   -0.204998 1.91534e-05  -5.388e-05   -0.204926 0.000828722
1.25935e-05   -0.204998 1.91534e-05 -5.40982e-05    -0.204925  0.000828801
1.25935e-05   -0.204998 1.91534e-05 -5.43445e-05    -0.204925  0.000828885
1.25935e-05   -0.204998 1.91534e-05 -5.45623e-05    -0.204925  0.000828955
1.25935e-05   -0.204998 1.91534e-05 -5.47703e-05    -0.204925   0.00082902
1.25935e-05   -0.204998 1.91534e-05 -5.49781e-05    -0.204925  0.000829079
1.25935e-05   -0.204998 1.91534e-05 -5.51769e-05    -0.204925  0.000829131
1.25935e-05   -0.204998 1.91534e-05 -5.53367e-05    -0.204925  0.000829165
1.25935e-05   -0.204998 1.91534e-05 -5.54962e-05    -0.204925  0.000829201
1.25935e-05   -0.204998 1.91534e-05 -5.56759e-05    -0.204925  0.000829234
1.25935e-05   -0.204998 1.91534e-05 -5.58255e-05    -0.204925   0.00082926
1.25935e-05   -0.204998 1.91534e-05 -5.59944e-05    -0.204925  0.000829289
1.25935e-05   -0.204998 1.91534e-05 -5.61337e-05    -0.204925  0.000829305
1.25935e-05   -0.204998 1.91534e-05 -5.63031e-05    -0.204925  0.000829326
1.25935e-05   -0.204998 1.91534e-05 -5.64447e-05    -0.204925  0.000829343
1.25935e-05   -0.204998 1.91534e-05 -5.65831e-05    -0.204925  0.000829357
1.25935e-05   -0.204998 1.91534e-05 -5.6818e-05   -0.204925 0.000829446
1.25935e-05   -0.204998 1.91534e-05 -5.70608e-05    -0.204925  0.000829532
1.25935e-05   -0.204998 1.91534e-05 -5.72935e-05    -0.204925  0.000829616
1.25935e-05   -0.204998 1.91534e-05 -5.75076e-05    -0.204925  0.000829686
1.25935e-05   -0.204998 1.91534e-05 -5.77032e-05    -0.204925  0.000829751
1.25935e-05   -0.204998 1.91534e-05 -5.78978e-05    -0.204925  0.000829805
1.25935e-05   -0.204998 1.91534e-05 -5.81123e-05    -0.204925  0.000829865
1.25935e-05   -0.204998 1.91534e-05 -5.82595e-05    -0.204924  0.000829904
1.25935e-05   -0.204998 1.91534e-05 -5.84536e-05    -0.204924  0.000829951
1.25935e-05   -0.204998 1.91534e-05 -5.85914e-05    -0.204924   0.00082998
1.25935e-05   -0.204998 1.91534e-05 -5.87762e-05    -0.204924  0.000830015
1.25935e-05   -0.204998 1.91534e-05 -5.88937e-05    -0.204925  0.000830034
1.25935e-05   -0.204998 1.91534e-05 -5.90692e-05    -0.204925  0.000830066
1.25935e-05   -0.204998 1.91534e-05 -5.92054e-05    -0.204925  0.000830081
1.25935e-05   -0.204998 1.91534e-05 -5.9352e-05   -0.204925 0.000830101
1.25935e-05   -0.204998 1.91534e-05 -5.94983e-05    -0.204925  0.000830121
1.25935e-05   -0.204998 1.91534e-05 -5.96638e-05    -0.204925  0.000830146
1.25935e-05   -0.204998 1.91534e-05 -5.98096e-05    -0.204925  0.000830164
1.25935e-05   -0.204998 1.91534e-05 -5.99373e-05    -0.204925  0.000830172
1.25935e-05   -0.204998 1.91534e-05 -6.01022e-05    -0.204925  0.000830196
1.25935e-05   -0.204998 1.91534e-05 -6.03317e-05    -0.204925  0.000830287
1.25935e-05   -0.204998 1.91534e-05 -6.05521e-05    -0.204924  0.000830369
1.25935e-05   -0.204998 1.91534e-05 -6.0791e-05   -0.204924 0.000830457
1.25935e-05   -0.204998 1.91534e-05 -6.10207e-05    -0.204924  0.000830538
1.25935e-05   -0.204998 1.91534e-05 -6.12223e-05    -0.204924  0.000830603
1.25935e-05   -0.204998 1.91534e-05 -6.14227e-05    -0.204924  0.000830668
1.25935e-05   -0.204998 1.91534e-05 -6.16147e-05    -0.204924  0.000830723
1.25935e-05   -0.204998 1.91534e-05 -6.17968e-05    -0.204924  0.000830776
1.25935e-05   -0.204998 1.91534e-05 -6.19494e-05    -0.204924  0.000830816
1.25935e-05   -0.204998 1.91534e-05 -6.21307e-05    -0.204924  0.000830861
1.25935e-05   -0.204998 1.91534e-05 -6.2274e-05   -0.204924 0.000830896
1.25935e-05   -0.204998 1.91534e-05 -6.24358e-05    -0.204924  0.000830928
1.25935e-05   -0.204998 1.91534e-05 -6.25794e-05    -0.204924  0.000830957
1.25935e-05   -0.204998 1.91534e-05 -6.27301e-05    -0.204924  0.000830987
1.25935e-05   -0.204998 1.91534e-05 -6.28827e-05    -0.204924  0.000831016
1.25935e-05   -0.204998 1.91534e-05 -6.3025e-05   -0.204924  0.00083104
1.25935e-05   -0.204998 1.91534e-05 -6.31581e-05    -0.204924  0.000831061
1.25935e-05   -0.204998 1.91534e-05 -6.33095e-05    -0.204924  0.000831082
1.25935e-05   -0.204998 1.91534e-05 -6.34707e-05    -0.204924  0.000831111
1.25935e-05   -0.204998 1.91534e-05 -6.35835e-05    -0.204924  0.000831122
1.25935e-05   -0.204998 1.91534e-05 -6.37549e-05    -0.204924  0.000831151
1.25935e-05   -0.204998 1.91534e-05 -6.38964e-05    -0.204924  0.000831172
1.25935e-05   -0.204998 1.91534e-05 -6.404e-05  -0.204924 0.00083119
1.25935e-05   -0.204998 1.91534e-05 -6.41916e-05    -0.204924  0.000831214
1.25935e-05   -0.204998 1.91534e-05 -6.43612e-05    -0.204924  0.000831238
1.25935e-05   -0.204998 1.91534e-05 -6.45039e-05    -0.204924   0.00083126
1.25935e-05   -0.204998 1.91534e-05 -6.46465e-05    -0.204924   0.00083128
1.25935e-05   -0.204998 1.91534e-05 -6.49006e-05    -0.204924  0.000831383
1.25935e-05   -0.204998 1.91534e-05 -6.51363e-05    -0.204924  0.000831474
1.25935e-05   -0.204998 1.91534e-05 -6.53833e-05    -0.204923  0.000831568
1.25935e-05   -0.204998 1.91534e-05 -6.56008e-05    -0.204923  0.000831652
1.25935e-05   -0.204998 1.91534e-05 -6.58187e-05    -0.204923  0.000831731
1.25935e-05   -0.204998 1.91534e-05 -6.60364e-05    -0.204923  0.000831807
1.25935e-05   -0.204998 1.91534e-05 -6.6205e-05   -0.204923 0.000831862
1.25935e-05   -0.204998 1.91534e-05 -6.64029e-05    -0.204923  0.000831925
1.25935e-05   -0.204998 1.91534e-05 -6.65726e-05    -0.204923  0.000831978
1.25935e-05   -0.204998 1.91534e-05 -6.67498e-05    -0.204923  0.000832032
1.25935e-05   -0.204998 1.91534e-05 -6.68895e-05    -0.204923  0.000832068
1.25935e-05   -0.204998 1.91534e-05 -6.70572e-05    -0.204923  0.000832112
1.25935e-05   -0.204998 1.91534e-05 -6.71966e-05    -0.204923  0.000832145
1.25935e-05   -0.204998 1.91534e-05 -6.73548e-05    -0.204923  0.000832187
1.25935e-05   -0.204998 1.91534e-05 -6.75026e-05    -0.204923  0.000832221
1.25935e-05   -0.204998 1.91534e-05 -6.76495e-05    -0.204923  0.000832256
1.25935e-05   -0.204998 1.91534e-05 -6.77883e-05    -0.204923  0.000832284
1.25935e-05   -0.204998 1.91534e-05 -6.79164e-05    -0.204923   0.00083231
1.25935e-05   -0.204998 1.91534e-05 -6.80728e-05    -0.204923  0.000832343
1.25935e-05   -0.204998 1.91534e-05 -6.82106e-05    -0.204923  0.000832369
1.25935e-05   -0.204998 1.91534e-05 -6.83481e-05    -0.204923  0.000832394
1.25935e-05   -0.204998 1.91534e-05 -6.84764e-05    -0.204923  0.000832418
1.25935e-05   -0.204998 1.91534e-05 -6.86416e-05    -0.204923  0.000832452
1.25935e-05   -0.204998 1.91534e-05 -6.87698e-05    -0.204923  0.000832475
1.25935e-05   -0.204998 1.91534e-05 -6.89253e-05    -0.204923  0.000832503
1.25935e-05   -0.204998 1.91534e-05 -6.90436e-05    -0.204923   0.00083252
1.25935e-05   -0.204998 1.91534e-05 -6.91898e-05    -0.204923  0.000832548
1.25935e-05   -0.204998 1.91534e-05 -6.93458e-05    -0.204923  0.000832577
1.25935e-05   -0.204998 1.91534e-05 -6.9493e-05   -0.204923 0.000832605
1.25935e-05   -0.204998 1.91534e-05 -6.96489e-05    -0.204923  0.000832636
1.25935e-05   -0.204998 1.91534e-05 -6.98141e-05    -0.204923  0.000832669
1.25935e-05   -0.204998 1.91534e-05 -6.99618e-05    -0.204923  0.000832696
1.25935e-05   -0.204998 1.91534e-05 -7.00973e-05    -0.204923  0.000832721
1.25935e-05   -0.204998 1.91534e-05 -7.02629e-05    -0.204923  0.000832758
1.25935e-05   -0.204998 1.91534e-05 -7.04188e-05    -0.204923  0.000832792
1.25935e-05   -0.204998 1.91534e-05 -7.05556e-05    -0.204923  0.000832817
1.25935e-05   -0.204998 1.91534e-05 -7.07298e-05    -0.204923  0.000832856
1.25935e-05   -0.204998 1.91534e-05 -7.08664e-05    -0.204923  0.000832885
1.25935e-05   -0.204998 1.91534e-05 -7.10421e-05    -0.204923  0.000832924
1.25935e-05   -0.204998 1.91534e-05 -7.1187e-05   -0.204923 0.000832958
1.25935e-05   -0.204998 1.91534e-05 -7.13624e-05    -0.204922  0.000832997
1.25935e-05   -0.204998 1.91534e-05 -7.15172e-05    -0.204922  0.000833031
1.25935e-05   -0.204998 1.91534e-05 -7.16812e-05    -0.204922  0.000833073
1.25935e-05   -0.204998 1.91534e-05 -7.18277e-05    -0.204922  0.000833107
1.25935e-05   -0.204998 1.91534e-05 -7.19915e-05    -0.204922  0.000833146
1.25935e-05   -0.204998 1.91534e-05 -7.21552e-05    -0.204922  0.000833188
1.25935e-05   -0.204998 1.91534e-05 -7.23201e-05    -0.204922  0.000833229
1.25935e-05   -0.204998 1.91534e-05 -7.24844e-05    -0.204922  0.000833269
1.25935e-05   -0.204998 1.91534e-05 -7.26391e-05    -0.204922  0.000833312
1.25935e-05   -0.204998 1.91534e-05 -7.2802e-05   -0.204922 0.000833351
1.25935e-05   -0.204998 1.91534e-05 -7.29675e-05    -0.204922  0.000833393
1.25935e-05   -0.204998 1.91534e-05 -7.31409e-05    -0.204922  0.000833441
1.25935e-05   -0.204998 1.91534e-05 -7.32948e-05    -0.204922  0.000833481
1.25935e-05   -0.204998 1.91534e-05 -7.34592e-05    -0.204922  0.000833524
1.25935e-05   -0.204998 1.91534e-05 -7.36155e-05    -0.204922  0.000833567
1.25935e-05   -0.204998 1.91534e-05 -7.38006e-05    -0.204922  0.000833613
1.25935e-05   -0.204998 1.91534e-05 -7.39574e-05    -0.204922  0.000833657
1.25935e-05   -0.204998 1.91534e-05 -7.41141e-05    -0.204922  0.000833699
1.25935e-05   -0.204998 1.91534e-05 -7.42799e-05    -0.204922  0.000833741
1.25935e-05   -0.204998 1.91534e-05 -7.44387e-05    -0.204922  0.000833784
1.25935e-05   -0.204998 1.91534e-05 -7.46254e-05    -0.204922  0.000833831
1.25935e-05   -0.204998 1.91534e-05 -7.47841e-05    -0.204922  0.000833873
1.25935e-05   -0.204998 1.91534e-05 -7.49618e-05    -0.204922   0.00083392
1.25935e-05   -0.204998 1.91534e-05 -7.51215e-05    -0.204922  0.000833965
1.25935e-05   -0.204998 1.91534e-05 -7.52808e-05    -0.204922  0.000834005
1.25935e-05   -0.204998 1.91534e-05 -7.54596e-05    -0.204922  0.000834056
1.25935e-05   -0.204998 1.91534e-05 -7.56504e-05    -0.204921  0.000834102
1.25935e-05   -0.204998 1.91534e-05 -7.58093e-05    -0.204921  0.000834145
1.25935e-05   -0.204998 1.91534e-05 -7.5971e-05   -0.204921 0.000834188
1.25935e-05   -0.204998 1.91534e-05 -7.61517e-05    -0.204921  0.000834238
1.25935e-05   -0.204998 1.91534e-05 -7.63314e-05    -0.204921  0.000834287
1.25935e-05   -0.204998 1.91534e-05 -7.64829e-05    -0.204921  0.000834331
1.25935e-05   -0.204998 1.91534e-05 -7.66741e-05    -0.204921  0.000834379
1.25935e-05   -0.204998 1.91534e-05 -7.68361e-05    -0.204921  0.000834421
1.25935e-05   -0.204998 1.91534e-05 -7.70065e-05    -0.204921   0.00083447
1.25935e-05   -0.204998 1.91534e-05 -7.71888e-05    -0.204921  0.000834518
1.25935e-05   -0.204998 1.91534e-05 -7.73688e-05    -0.204921  0.000834569
1.25935e-05   -0.204998 1.91534e-05 -7.75499e-05    -0.204921  0.000834618
1.25935e-05   -0.204998 1.91534e-05 -7.76933e-05    -0.204921  0.000834654
1.25935e-05   -0.204998 1.91534e-05 -7.78748e-05    -0.204921  0.000834705
1.25935e-05   -0.204998 1.91534e-05 -7.80468e-05    -0.204921  0.000834755
1.25935e-05   -0.204998 1.91534e-05 -7.82088e-05    -0.204921  0.000834796
1.25935e-05   -0.204998 1.91534e-05 -7.83992e-05    -0.204921  0.000834853
1.25935e-05   -0.204998 1.91534e-05 -7.85615e-05     -0.20492  0.000834898
1.25935e-05   -0.204998 1.91534e-05 -7.87243e-05     -0.20492  0.000834944
1.25935e-05   -0.204998 1.91534e-05 -7.88953e-05     -0.20492  0.000834993
1.25935e-05   -0.204998 1.91534e-05 -7.90664e-05     -0.20492  0.000835044
1.25935e-05   -0.204998 1.91534e-05 -7.92391e-05     -0.20492  0.000835089
1.25935e-05   -0.204998 1.91534e-05 -7.94104e-05     -0.20492  0.000835139
1.25935e-05   -0.204998 1.91534e-05 -7.95918e-05     -0.20492  0.000835193
1.25935e-05   -0.204998 1.91534e-05 -7.97633e-05     -0.20492  0.000835244
1.25935e-05   -0.204998 1.91534e-05 -7.99335e-05     -0.20492  0.000835297
1.25935e-05   -0.204998 1.91534e-05 -8.01059e-05     -0.20492  0.000835348
1.25935e-05   -0.204998 1.91534e-05 -8.02678e-05     -0.20492  0.000835395
1.25935e-05   -0.204998 1.91534e-05 -8.04478e-05     -0.20492   0.00083545
1.25935e-05   -0.204998 1.91534e-05 -8.05901e-05     -0.20492  0.000835494
1.25935e-05   -0.204998 1.91534e-05 -8.07702e-05     -0.20492  0.000835549
1.25935e-05   -0.204998 1.91534e-05 -8.09407e-05     -0.20492  0.000835601
1.25935e-05   -0.204998 1.91534e-05 -8.11027e-05     -0.20492  0.000835652
1.25935e-05   -0.204998 1.91534e-05 -8.12534e-05    -0.204919  0.000835701
1.25935e-05   -0.204998 1.91534e-05 -8.14336e-05    -0.204919  0.000835756
1.25935e-05   -0.204998 1.91534e-05 -8.16041e-05    -0.204919   0.00083581
1.25935e-05   -0.204998 1.91534e-05 -8.17834e-05    -0.204919  0.000835866
1.25935e-05   -0.204998 1.91534e-05 -8.19342e-05    -0.204919  0.000835918
1.25935e-05   -0.204998 1.91534e-05 -8.20849e-05    -0.204919  0.000835965
1.25935e-05   -0.204998 1.91534e-05 -8.22634e-05    -0.204919  0.000836024
1.25935e-05   -0.204998 1.91534e-05 -8.2414e-05   -0.204919 0.000836075
1.25935e-05   -0.204998 1.91534e-05 -8.25828e-05    -0.204919  0.000836134
1.25935e-05   -0.204998 1.91534e-05 -8.27516e-05    -0.204919  0.000836192
1.25935e-05   -0.204998 1.91534e-05 -8.29304e-05    -0.204919   0.00083625
1.25935e-05   -0.204998 1.91534e-05 -8.30802e-05    -0.204919  0.000836302
1.25935e-05   -0.204998 1.91534e-05 -8.32489e-05    -0.204919  0.000836361
1.25935e-05   -0.204998 1.91534e-05 -8.34077e-05    -0.204919  0.000836417
1.25935e-05   -0.204998 1.91534e-05 -8.35566e-05    -0.204918  0.000836469
1.25935e-05   -0.204998 1.91534e-05 -8.37154e-05    -0.204918  0.000836526
1.25935e-05   -0.204998 1.91534e-05 -8.38641e-05    -0.204918  0.000836579
1.25935e-05   -0.204998 1.91534e-05 -8.40409e-05    -0.204918  0.000836642
1.25935e-05   -0.204998 1.91534e-05 -8.41904e-05    -0.204918  0.000836699
1.25935e-05   -0.204998 1.91534e-05 -8.43672e-05    -0.204918  0.000836759
1.25935e-05   -0.204998 1.91534e-05 -8.45241e-05    -0.204918  0.000836816
1.25935e-05   -0.204998 1.91534e-05 -8.46725e-05    -0.204918  0.000836873
1.25935e-05   -0.204998 1.91534e-05 -8.48293e-05    -0.204918  0.000836933
1.25935e-05   -0.204998 1.91534e-05 -8.4986e-05   -0.204918 0.000836993
1.25935e-05   -0.204998 1.91534e-05 -8.51331e-05    -0.204918   0.00083705
1.25935e-05   -0.204998 1.91534e-05 -8.52905e-05    -0.204918  0.000837109
1.25935e-05   -0.204998 1.91534e-05 -8.5447e-05   -0.204918 0.000837168
1.25935e-05   -0.204998 1.91534e-05 -8.56035e-05    -0.204918   0.00083723
1.25935e-05   -0.204998 1.91534e-05 -8.5778e-05   -0.204917 0.000837296
1.25935e-05   -0.204998 1.91534e-05 -8.59247e-05    -0.204917  0.000837357
1.25935e-05   -0.204998 1.91534e-05 -8.60611e-05    -0.204917  0.000837414
1.25935e-05   -0.204998 1.91534e-05 -8.62257e-05    -0.204917  0.000837475
1.25935e-05   -0.204998 1.91534e-05 -8.63903e-05    -0.204917  0.000837545
1.25935e-05   -0.204998 1.91534e-05 -8.65273e-05    -0.204917  0.000837601
1.25935e-05   -0.204998 1.91534e-05 -8.6682e-05   -0.204917 0.000837666
1.25935e-05   -0.204998 1.91534e-05 -8.68362e-05    -0.204917   0.00083773
1.25935e-05   -0.204998 1.91534e-05 -8.70004e-05    -0.204917  0.000837796
1.25935e-05   -0.204998 1.91534e-05 -8.71548e-05    -0.204917  0.000837862
1.25935e-05   -0.204998 1.91534e-05 -8.7289e-05   -0.204917 0.000837919
1.25935e-05   -0.204998 1.91534e-05 -8.74433e-05    -0.204917  0.000837988
1.25935e-05   -0.204998 1.91534e-05 -8.75873e-05    -0.204917  0.000838048
1.25935e-05   -0.204998 1.91534e-05 -8.77414e-05    -0.204917  0.000838114
1.25935e-05   -0.204998 1.91534e-05 -8.78853e-05    -0.204916  0.000838179
1.25935e-05   -0.204998 1.91534e-05 -8.80375e-05    -0.204916  0.000838246
1.25935e-05   -0.204998 1.91534e-05 -8.81716e-05    -0.204916  0.000838311
1.25935e-05   -0.204998 1.91534e-05 -8.83333e-05    -0.204916  0.000838379
1.25935e-05   -0.204998 1.91534e-05 -8.84781e-05    -0.204916  0.000838446
1.25935e-05   -0.204998 1.91534e-05 -8.86198e-05    -0.204916   0.00083851
1.25935e-05   -0.204998 1.91534e-05 -8.87535e-05    -0.204916  0.000838574
1.25935e-05   -0.204998 1.91534e-05 -8.88954e-05    -0.204916  0.000838639
1.25935e-05   -0.204998 1.91534e-05 -8.90571e-05    -0.204916  0.000838713
1.25935e-05   -0.204998 1.91534e-05 -8.91985e-05    -0.204916  0.000838781
1.25935e-05   -0.204998 1.91534e-05 -8.93402e-05    -0.204916  0.000838849
1.25935e-05   -0.204998 1.91534e-05 -8.94818e-05    -0.204916  0.000838917
1.25935e-05   -0.204998 1.91534e-05 -8.96232e-05    -0.204916  0.000838985
1.25935e-05   -0.204998 1.91534e-05 -8.97646e-05    -0.204915  0.000839053
1.25935e-05   -0.204998 1.91534e-05 -8.99156e-05    -0.204915  0.000839124
1.25935e-05   -0.204998 1.91534e-05 -9.00361e-05    -0.204915  0.000839187
1.25935e-05   -0.204998 1.91534e-05 -9.02054e-05    -0.204915  0.000839268
1.25935e-05   -0.204998 1.91534e-05 -9.03266e-05    -0.204915  0.000839333
1.25935e-05   -0.204998 1.91534e-05 -9.04758e-05    -0.204915  0.000839405
1.25935e-05   -0.204998 1.91534e-05 -9.06166e-05    -0.204915  0.000839479
1.25935e-05   -0.204998 1.91534e-05 -9.07657e-05    -0.204915  0.000839551
1.25935e-05   -0.204998 1.91534e-05 -9.08965e-05    -0.204915  0.000839618
1.25935e-05   -0.204998 1.91534e-05 -9.10357e-05    -0.204915  0.000839693
1.25935e-05   -0.204998 1.91534e-05 -9.11647e-05    -0.204915  0.000839763
1.25935e-05   -0.204998 1.91534e-05 -9.13133e-05    -0.204915  0.000839838
1.25935e-05   -0.204998 1.91534e-05 -9.14437e-05    -0.204914  0.000839911
1.25935e-05   -0.204998 1.91534e-05 -9.15815e-05    -0.204914  0.000839979
1.25935e-05   -0.204998 1.91534e-05 -9.17004e-05    -0.204914  0.000840051
1.25935e-05   -0.204998 1.91534e-05 -9.18587e-05    -0.204914  0.000840131
1.25935e-05   -0.204998 1.91534e-05 -9.1997e-05   -0.204914 0.000840205
1.25935e-05   -0.204998 1.91534e-05 -9.21337e-05    -0.204914  0.000840285
1.25935e-05   -0.204998 1.91534e-05 -9.22718e-05    -0.204914   0.00084036
1.25935e-05   -0.204998 1.91534e-05 -9.23994e-05    -0.204914  0.000840432
1.25935e-05   -0.204998 1.91534e-05 -9.25175e-05    -0.204914  0.000840501
1.25935e-05   -0.204998 1.91534e-05 -9.26738e-05    -0.204914  0.000840584
1.25935e-05   -0.204998 1.91534e-05 -9.27821e-05    -0.204914  0.000840654
1.25935e-05   -0.204998 1.91534e-05 -9.2947e-05   -0.204914 0.000840741
1.25935e-05   -0.204998 1.91534e-05 -9.3055e-05   -0.204913 0.000840811
1.25935e-05   -0.204998 1.91534e-05 -9.31911e-05    -0.204913   0.00084089
1.25935e-05   -0.204998 1.91534e-05 -9.33384e-05    -0.204913  0.000840969
1.25935e-05   -0.204998 1.91534e-05 -9.34734e-05    -0.204913  0.000841048
1.25935e-05   -0.204998 1.91534e-05 -9.35893e-05    -0.204913  0.000841126
1.25935e-05   -0.204998 1.91534e-05 -9.37249e-05    -0.204913  0.000841206
1.25935e-05   -0.204998 1.91534e-05 -9.38415e-05    -0.204913  0.000841281
1.25935e-05   -0.204998 1.91534e-05 -9.39869e-05    -0.204913  0.000841362
1.25935e-05   -0.204998 1.91534e-05 -9.41124e-05    -0.204913  0.000841441
1.25935e-05   -0.204998 1.91534e-05 -9.42278e-05    -0.204913  0.000841519
1.25935e-05   -0.204998 1.91534e-05 -9.4372e-05   -0.204913 0.000841603
1.25935e-05   -0.204998 1.91534e-05 -9.45056e-05    -0.204913  0.000841688
1.25935e-05   -0.204998 1.91534e-05 -9.46307e-05    -0.204912  0.000841767
1.25935e-05   -0.204998 1.91534e-05 -9.47548e-05    -0.204912   0.00084185
1.25935e-05   -0.204998 1.91534e-05  -9.488e-05   -0.204912 0.000841929
1.25935e-05   -0.204998 1.91534e-05 -9.50038e-05    -0.204912  0.000842011
1.25935e-05   -0.204998 1.91534e-05 -9.51367e-05    -0.204912  0.000842092
1.25935e-05   -0.204998 1.91534e-05 -9.52616e-05    -0.204912  0.000842177
1.25935e-05   -0.204998 1.91534e-05 -9.54132e-05    -0.204912  0.000842268
1.25935e-05   -0.204998 1.91534e-05 -9.55181e-05    -0.204912  0.000842348
1.25935e-05   -0.204998 1.91534e-05  -9.564e-05   -0.204912 0.000842429
1.25935e-05   -0.204998 1.91534e-05 -9.5774e-05   -0.204912 0.000842516
1.25935e-05   -0.204998 1.91534e-05 -9.58957e-05    -0.204912  0.000842603
1.25935e-05   -0.204998 1.91534e-05  -9.601e-05   -0.204911 0.000842685
1.25935e-05   -0.204998 1.91534e-05 -9.61415e-05    -0.204911  0.000842775
1.25935e-05   -0.204998 1.91534e-05 -9.62439e-05    -0.204911  0.000842855
1.25935e-05   -0.204998 1.91534e-05 -9.63847e-05    -0.204911  0.000842945
1.25935e-05   -0.204998 1.91534e-05 -9.65158e-05    -0.204911  0.000843035
1.25935e-05   -0.204998 1.91534e-05 -9.66198e-05    -0.204911  0.000843117
1.25935e-05   -0.204998 1.91534e-05 -9.6741e-05   -0.204911 0.000843208
1.25935e-05   -0.204998 1.91534e-05 -9.68629e-05    -0.204911  0.000843294
1.25935e-05   -0.204998 1.91534e-05 -9.69736e-05    -0.204911  0.000843381
1.25935e-05   -0.204998 1.91534e-05 -9.7115e-05   -0.204911 0.000843478
1.25935e-05   -0.204998 1.91534e-05 -9.7244e-05   -0.204911 0.000843572
1.25935e-05   -0.204998 1.91534e-05 -9.73644e-05     -0.20491   0.00084366
1.25935e-05   -0.204998 1.91534e-05 -9.74856e-05     -0.20491  0.000843753
1.25935e-05   -0.204998 1.91534e-05 -9.75763e-05     -0.20491  0.000843834
1.25935e-05   -0.204998 1.91534e-05 -9.77072e-05     -0.20491  0.000843928
1.25935e-05   -0.204998 1.91534e-05 -9.78457e-05     -0.20491  0.000844025
1.25935e-05   -0.204998 1.91534e-05 -9.7936e-05    -0.20491 0.000844113
1.25935e-05   -0.204998 1.91534e-05 -9.80846e-05     -0.20491  0.000844212
1.25935e-05   -0.204998 1.91534e-05 -9.81847e-05     -0.20491  0.000844301
1.25935e-05   -0.204998 1.91534e-05 -9.82847e-05     -0.20491  0.000844388
1.25935e-05   -0.204998 1.91534e-05 -9.84135e-05     -0.20491  0.000844485
1.25935e-05   -0.204998 1.91534e-05 -9.85312e-05     -0.20491  0.000844582
1.25935e-05   -0.204998 1.91534e-05 -9.86409e-05    -0.204909  0.000844671
1.25935e-05   -0.204998 1.91534e-05 -9.87693e-05    -0.204909  0.000844771
1.25935e-05   -0.204998 1.91534e-05 -9.88967e-05    -0.204909  0.000844871
1.25935e-05   -0.204998 1.91534e-05 -9.90058e-05    -0.204909  0.000844964
1.25935e-05   -0.204998 1.91534e-05 -9.91044e-05    -0.204909  0.000845059
1.25935e-05   -0.204998 1.91534e-05 -9.92314e-05    -0.204909  0.000845156
1.25935e-05   -0.204998 1.91534e-05 -9.93485e-05    -0.204909  0.000845253
1.25935e-05   -0.204998 1.91534e-05 -9.94466e-05    -0.204909  0.000845348
1.25935e-05   -0.204998 1.91534e-05 -9.95832e-05    -0.204909  0.000845452
1.25935e-05   -0.204998 1.91534e-05 -9.96721e-05    -0.204909  0.000845544
1.25935e-05   -0.204998 1.91534e-05 -9.97895e-05    -0.204908  0.000845642
1.25935e-05   -0.204998 1.91534e-05 -9.99143e-05    -0.204908  0.000845751
1.25935e-05   -0.204998 1.91534e-05 -0.000100021    -0.204908  0.000845849
1.25935e-05   -0.204998 1.91534e-05 -0.000100118    -0.204908  0.000845943
1.25935e-05   -0.204998 1.91534e-05 -0.000100234    -0.204908  0.000846045
1.25935e-05   -0.204998 1.91534e-05 -0.000100351    -0.204908  0.000846147
1.25935e-05   -0.204998 1.91534e-05 -0.000100447    -0.204908  0.000846245
1.25935e-05   -0.204998 1.91534e-05 -0.000100582    -0.204908  0.000846356
1.25935e-05   -0.204998 1.91534e-05 -0.000100678    -0.204908  0.000846453
1.25935e-05   -0.204998 1.91534e-05 -0.000100764    -0.204908  0.000846553
1.25935e-05   -0.204998 1.91534e-05 -0.000100888    -0.204907  0.000846657
1.25935e-05   -0.204998 1.91534e-05 -0.000100994    -0.204907  0.000846758
1.25935e-05   -0.204998 1.91534e-05 -0.000101098    -0.204907  0.000846863
1.25935e-05   -0.204998 1.91534e-05 -0.000101204    -0.204907  0.000846966
1.25935e-05   -0.204998 1.91534e-05 -0.000101327    -0.204907  0.000847073
1.25935e-05   -0.204998 1.91534e-05 -0.000101422    -0.204907  0.000847179
1.25935e-05   -0.204998 1.91534e-05 -0.000101536    -0.204907  0.000847282
1.25935e-05   -0.204998 1.91534e-05 -0.000101631    -0.204907  0.000847387
1.25935e-05   -0.204998 1.91534e-05 -0.000101754    -0.204907  0.000847501
1.25935e-05   -0.204998 1.91534e-05 -0.000101848    -0.204907  0.000847604
1.25935e-05   -0.204998 1.91534e-05 -0.000101942    -0.204906  0.000847707
1.25935e-05   -0.204998 1.91534e-05 -0.000102045    -0.204906  0.000847815
1.25935e-05   -0.204998 1.91534e-05 -0.000102168    -0.204906  0.000847932
1.25935e-05   -0.204998 1.91534e-05 -0.00010228   -0.204906 0.000848041
1.25935e-05   -0.204998 1.91534e-05 -0.000102383    -0.204906  0.000848152
1.25935e-05   -0.204998 1.91534e-05 -0.000102496    -0.204906  0.000848265
1.25935e-05   -0.204998 1.91534e-05 -0.000102578    -0.204906  0.000848368
1.25935e-05   -0.204998 1.91534e-05 -0.000102671    -0.204906  0.000848474
1.25935e-05   -0.204998 1.91534e-05 -0.000102774    -0.204906  0.000848591
1.25935e-05   -0.204998 1.91534e-05 -0.000102866    -0.204906  0.000848699
1.25935e-05   -0.204998 1.91534e-05 -0.000102995    -0.204905  0.000848818
1.25935e-05   -0.204998 1.91534e-05 -0.000103088    -0.204905  0.000848932
1.25935e-05   -0.204998 1.91534e-05 -0.000103199    -0.204905  0.000849046
1.25935e-05   -0.204998 1.91534e-05 -0.000103291    -0.204905  0.000849159
1.25935e-05   -0.204998 1.91534e-05 -0.000103392    -0.204905   0.00084927
1.25935e-05   -0.204998 1.91534e-05 -0.000103483    -0.204905  0.000849385
1.25935e-05   -0.204998 1.91534e-05 -0.000103593    -0.204905  0.000849503
1.25935e-05   -0.204998 1.91534e-05 -0.000103683    -0.204905  0.000849619
1.25935e-05   -0.204998 1.91534e-05 -0.000103784    -0.204905  0.000849735
1.25935e-05   -0.204998 1.91534e-05 -0.000103903    -0.204904  0.000849858
1.25935e-05   -0.204998 1.91534e-05 -0.000103974    -0.204904  0.000849967
1.25935e-05   -0.204998 1.91534e-05 -0.000104074    -0.204904  0.000850084
1.25935e-05   -0.204998 1.91534e-05 -0.000104173    -0.204904  0.000850204
1.25935e-05   -0.204998 1.91534e-05 -0.000104273    -0.204904  0.000850322
1.25935e-05   -0.204998 1.91534e-05 -0.000104362    -0.204904  0.000850443
1.25935e-05   -0.204998 1.91534e-05 -0.000104403    -0.204904  0.000850422
1.25935e-05   -0.204998 1.91534e-05 -0.000104414    -0.204905  0.000850403
1.25935e-05   -0.204998 1.91534e-05 -0.000104407    -0.204905  0.000850384
1.25935e-05   -0.204998 1.91534e-05 -0.000104447    -0.204905  0.000850388
1.25935e-05   -0.204998 1.91534e-05 -0.000104514    -0.204905  0.000850416
1.25935e-05   -0.204998 1.91534e-05 -0.000104581    -0.204905  0.000850445
1.25935e-05   -0.204998 1.91534e-05 -0.000104668    -0.204906  0.000850491
1.25935e-05   -0.204998 1.91534e-05 -0.000104754    -0.204906  0.000850545
1.25935e-05   -0.204998 1.91534e-05 -0.000104878    -0.204906  0.000850618
1.25935e-05   -0.204998 1.91534e-05 -0.000104994    -0.204906   0.00085069
1.25935e-05   -0.204998 1.91534e-05 -0.000105128    -0.204905  0.000850778
1.25935e-05   -0.204998 1.91534e-05 -0.000105252    -0.204905  0.000850865
1.25935e-05   -0.204998 1.91534e-05 -0.000105396    -0.204905  0.000850967
1.25935e-05   -0.204998 1.91534e-05 -0.000105519    -0.204905  0.000851061
1.25935e-05   -0.204998 1.91534e-05 -0.000105644    -0.204905  0.000851162
1.25935e-05   -0.204998 1.91534e-05 -0.000105797    -0.204905  0.000851272
1.25935e-05   -0.204998 1.91534e-05 -0.00010593   -0.204905 0.000851382
1.25935e-05   -0.204998 1.91534e-05 -0.000106072    -0.204904    0.0008515
1.25935e-05   -0.204998 1.91534e-05 -0.000106206    -0.204904  0.000851614
1.25935e-05   -0.204998 1.91534e-05 -0.000106329    -0.204904  0.000851726
1.25935e-05   -0.204998 1.91534e-05 -0.000106462    -0.204904  0.000851849
1.25935e-05   -0.204998 1.91534e-05 -0.000106594    -0.204904   0.00085197
1.25935e-05   -0.204998 1.91534e-05 -0.000106726    -0.204904  0.000852095
1.25935e-05   -0.204998 1.91534e-05 -0.000106782    -0.204904  0.000852082
1.25935e-05   -0.204998 1.91534e-05 -0.000106806    -0.204904  0.000852074
1.25935e-05   -0.204998 1.91534e-05 -0.00010687   -0.204904  0.00085208
1.25935e-05   -0.204998 1.91534e-05 -0.000106933    -0.204904  0.000852101
1.25935e-05   -0.204998 1.91534e-05 -0.000106996    -0.204904  0.000852127
1.25935e-05   -0.204998 1.91534e-05 -0.000107087    -0.204905  0.000852172
1.25935e-05   -0.204998 1.91534e-05 -0.000107177    -0.204905  0.000852232
1.25935e-05   -0.204998 1.91534e-05 -0.000107287    -0.204904    0.0008523
1.25935e-05   -0.204998 1.91534e-05 -0.000107405    -0.204904   0.00085238
1.25935e-05   -0.204998 1.91534e-05 -0.000107533    -0.204904   0.00085247
1.25935e-05   -0.204998 1.91534e-05 -0.000107661    -0.204904  0.000852566
1.25935e-05   -0.204998 1.91534e-05 -0.000107808    -0.204904   0.00085267
1.25935e-05   -0.204998 1.91534e-05 -0.000107935    -0.204904  0.000852773
1.25935e-05   -0.204998 1.91534e-05 -0.000108063    -0.204904  0.000852882
1.25935e-05   -0.204998 1.91534e-05 -0.000108189    -0.204903  0.000852996
1.25935e-05   -0.204998 1.91534e-05 -0.000108307    -0.204903  0.000853109
1.25935e-05   -0.204998 1.91534e-05 -0.000108442    -0.204903  0.000853235
1.25935e-05   -0.204998 1.91534e-05 -0.000108578    -0.204903  0.000853363
1.25935e-05   -0.204998 1.91534e-05 -0.000108629    -0.204903  0.000853359
1.25935e-05   -0.204998 1.91534e-05 -0.000108697    -0.204903  0.000853371
1.25935e-05   -0.204998 1.91534e-05 -0.000108727    -0.204903  0.000853379
1.25935e-05   -0.204998 1.91534e-05 -0.000108803    -0.204903  0.000853415
1.25935e-05   -0.204998 1.91534e-05 -0.000108862    -0.204903  0.000853452
1.25935e-05   -0.204998 1.91534e-05 -0.000108957    -0.204903  0.000853513
1.25935e-05   -0.204998 1.91534e-05 -0.000109061    -0.204903  0.000853584
1.25935e-05   -0.204998 1.91534e-05 -0.000109147    -0.204903  0.000853662
1.25935e-05   -0.204998 1.91534e-05 -0.000109288    -0.204903  0.000853763
1.25935e-05   -0.204998 1.91534e-05 -0.000109382    -0.204903  0.000853857
1.25935e-05   -0.204998 1.91534e-05 -0.000109496    -0.204903  0.000853963
1.25935e-05   -0.204998 1.91534e-05 -0.000109627    -0.204903  0.000854084
1.25935e-05   -0.204998 1.91534e-05 -0.00010976   -0.204902 0.000854204
1.25935e-05   -0.204998 1.91534e-05 -0.000109872    -0.204902  0.000854326
1.25935e-05   -0.204998 1.91534e-05 -0.000110012    -0.204902  0.000854461
1.25935e-05   -0.204998 1.91534e-05 -0.000110059    -0.204902  0.000854472
1.25935e-05   -0.204998 1.91534e-05 -0.000110104    -0.204902  0.000854489
1.25935e-05   -0.204998 1.91534e-05 -0.000110148    -0.204902  0.000854522
1.25935e-05   -0.204998 1.91534e-05 -0.000110221    -0.204902  0.000854567
1.25935e-05   -0.204998 1.91534e-05 -0.000110284    -0.204902  0.000854623
1.25935e-05   -0.204998 1.91534e-05 -0.000110366    -0.204902  0.000854693
1.25935e-05   -0.204998 1.91534e-05 -0.000110447    -0.204902  0.000854778
1.25935e-05   -0.204998 1.91534e-05 -0.000110558    -0.204902  0.000854876
1.25935e-05   -0.204998 1.91534e-05 -0.000110657    -0.204902  0.000854985
1.25935e-05   -0.204998 1.91534e-05 -0.000110786    -0.204902  0.000855104
1.25935e-05   -0.204998 1.91534e-05 -0.000110885    -0.204902  0.000855225
1.25935e-05   -0.204998 1.91534e-05 -0.000111013    -0.204901  0.000855358
1.25935e-05   -0.204998 1.91534e-05 -0.000111045    -0.204902  0.000855378
1.25935e-05   -0.204998 1.91534e-05 -0.000111116    -0.204902  0.000855415
1.25935e-05   -0.204998 1.91534e-05 -0.000111138    -0.204902  0.000855445
1.25935e-05   -0.204998 1.91534e-05 -0.000111188    -0.204902    0.0008555
1.25935e-05   -0.204998 1.91534e-05 -0.000111267    -0.204902   0.00085557
1.25935e-05   -0.204998 1.91534e-05 -0.000111366    -0.204902  0.000855663
1.25935e-05   -0.204998 1.91534e-05 -0.000111454    -0.204902  0.000855756
1.25935e-05   -0.204998 1.91534e-05 -0.00011155   -0.204902 0.000855867
1.25935e-05   -0.204998 1.91534e-05 -0.000111657    -0.204902  0.000855985
1.25935e-05   -0.204998 1.91534e-05 -0.000111772    -0.204901  0.000856118
1.25935e-05   -0.204998 1.91534e-05 -0.000111878    -0.204901   0.00085625
1.25935e-05   -0.204998 1.91534e-05 -0.000111928    -0.204901  0.000856285
1.25935e-05   -0.204998 1.91534e-05 -0.000111947    -0.204901  0.000856324
1.25935e-05   -0.204998 1.91534e-05 -0.000112014    -0.204901  0.000856383
1.25935e-05   -0.204998 1.91534e-05 -0.000112072    -0.204901  0.000856448
1.25935e-05   -0.204998 1.91534e-05 -0.00011213   -0.204901 0.000856529
1.25935e-05   -0.204998 1.91534e-05 -0.000112205    -0.204901  0.000856627
1.25935e-05   -0.204998 1.91534e-05 -0.00011231   -0.204901 0.000856741
1.25935e-05   -0.204998 1.91534e-05 -0.000112395    -0.204901  0.000856856
1.25935e-05   -0.204998 1.91534e-05 -0.000112508    -0.204901  0.000856994
1.25935e-05   -0.204998 1.91534e-05 -0.000112603    -0.204901  0.000857131
1.25935e-05   -0.204998 1.91534e-05 -0.000112639    -0.204901  0.000857173
1.25935e-05   -0.204998 1.91534e-05 -0.000112695    -0.204901  0.000857228
1.25935e-05   -0.204998 1.91534e-05 -0.000112722    -0.204901  0.000857289
1.25935e-05   -0.204998 1.91534e-05 -0.000112778    -0.204901  0.000857367
1.25935e-05   -0.204998 1.91534e-05 -0.000112851    -0.204901  0.000857463
1.25935e-05   -0.204998 1.91534e-05 -0.000112924    -0.204901  0.000857571
1.25935e-05   -0.204998 1.91534e-05 -0.000113007    -0.204901   0.00085769
