 0.47834 0.110334 0.990238  0.47834 0.110334 0.990238
 0.47834 0.110334 0.990238 0.478342 0.110334 0.990237
 0.47834 0.110334 0.990238 0.478343 0.110334 0.990236
 0.47834 0.110334 0.990238 0.478344 0.110334 0.990236
 0.47834 0.110335 0.990238 0.478344 0.110334 0.990237
 0.47834 0.110335 0.990239 0.478343 0.110334 0.990239
 0.47834 0.110335 0.990239 0.478341 0.110334 0.990243
 0.47834 0.110335 0.990239 0.478339 0.110334 0.990247
 0.47834 0.110335 0.990239 0.478336 0.110333 0.990253
 0.47834 0.110335 0.990239 0.478333 0.110333 0.990259
 0.47834 0.110335 0.990239 0.478328 0.110332 0.990267
 0.47834 0.110335 0.990239 0.478324 0.110332 0.990276
 0.47834 0.110335 0.990239 0.478318 0.110331 0.990285
 0.47834 0.110335 0.990239 0.478312 0.110331 0.990296
 0.47834 0.110336  0.99024 0.478306  0.11033 0.990307
 0.47834 0.110336  0.99024 0.478299 0.110329  0.99032
 0.47834 0.110336  0.99024 0.478292 0.110329 0.990333
 0.47834 0.110336  0.99024 0.478284 0.110328 0.990347
 0.47834 0.110336  0.99024 0.478276 0.110327 0.990362
 0.47834 0.110337 0.990241 0.478268 0.110326 0.990377
 0.47834 0.110337 0.990241 0.478259 0.110325 0.990393
 0.47834 0.110337 0.990241 0.478249 0.110324  0.99041
 0.47834 0.110337 0.990241  0.47824 0.110323 0.990428
 0.47834 0.110338 0.990242  0.47823 0.110322 0.990446
 0.47834 0.110338 0.990242  0.47822 0.110321 0.990465
 0.47834 0.110338 0.990242 0.478209  0.11032 0.990484
 0.47834 0.110338 0.990242 0.478198 0.110319 0.990504
 0.47834 0.110339 0.990243 0.478187 0.110318 0.990525
 0.47834 0.110339 0.990243 0.478176 0.110317 0.990546
 0.47834 0.110339 0.990243 0.478165 0.110316 0.990567
 0.47834  0.11034 0.990244 0.478153 0.110315 0.990589
 0.47834  0.11034 0.990244 0.478141 0.110314 0.990611
 0.47834 0.110341 0.990244 0.478129 0.110312 0.990634
 0.47834 0.110341 0.990245 0.478117 0.110311 0.990657
 0.47834 0.110341 0.990245 0.478105  0.11031  0.99068
 0.47834 0.110342 0.990246 0.478092 0.110309 0.990703
 0.47834 0.110342 0.990246  0.47808 0.110308 0.990727
 0.47834 0.110343 0.990247 0.478067 0.110306 0.990751
 0.47834 0.110343 0.990247 0.478054 0.110305 0.990776
 0.47834 0.110344 0.990247 0.478041 0.110304   0.9908
 0.47834 0.110344 0.990248 0.478028 0.110303 0.990825
 0.47834 0.110344 0.990248 0.478015 0.110301  0.99085
 0.47834 0.110345 0.990249 0.478002   0.1103 0.990875
 0.47834 0.110345 0.990249 0.477989 0.110299   0.9909
 0.47834 0.110346  0.99025 0.477976 0.110298 0.990925
 0.47834 0.110347  0.99025 0.477963 0.110296  0.99095
 0.47834 0.110347 0.990251  0.47795 0.110295 0.990975
 0.47834 0.110348 0.990252 0.477936 0.110294 0.991001
 0.47834 0.110348 0.990252 0.477923 0.110293 0.991026
 0.47834 0.110349 0.990253  0.47791 0.110291 0.991051
 0.47834 0.110349 0.990253 0.477897  0.11029 0.991076
 0.47834  0.11035 0.990254 0.477884 0.110289 0.991101
 0.47834 0.110351 0.990255 0.477871 0.110288 0.991126
 0.47834 0.110351 0.990255 0.477857 0.110287 0.991151
 0.47834 0.110352 0.990256 0.477844 0.110286 0.991176
 0.47834 0.110353 0.990256 0.477831 0.110284   0.9912
 0.47834 0.110353 0.990257 0.477819 0.110283 0.991225
 0.47834 0.110354 0.990258 0.477806 0.110282 0.991249
 0.47834 0.110355 0.990258 0.477793 0.110281 0.991273
 0.47834 0.110355 0.990259  0.47778  0.11028 0.991297
 0.47834 0.110356  0.99026 0.477768 0.110279 0.991321
 0.47834 0.110357 0.990261 0.477755 0.110278 0.991344
 0.47834 0.110357 0.990261 0.477742 0.110277 0.991367
 0.47834 0.110358 0.990262  0.47773 0.110276  0.99139
 0.47834 0.110359 0.990263 0.477718 0.110275 0.991413
 0.47834  0.11036 0.990264 0.477706 0.110274 0.991435
 0.47834  0.11036 0.990264 0.477694 0.110273 0.991457
 0.47834 0.110361 0.990265 0.477682 0.110272 0.991478
 0.47834 0.110362 0.990266  0.47767 0.110272   0.9915
 0.47834 0.110363 0.990267 0.477658 0.110271 0.991521
 0.47834 0.110364 0.990268 0.477647  0.11027 0.991541
 0.47834 0.110365 0.990268 0.477636 0.110269 0.991561
 0.47834 0.110365 0.990269 0.477624 0.110268 0.991581
 0.47834 0.110366  0.99027 0.477613 0.110268 0.991601
 0.47834 0.110367 0.990271 0.477602 0.110267  0.99162
 0.47834 0.110368 0.990272 0.477591 0.110266 0.991639
 0.47834 0.110369 0.990273  0.47758 0.110266 0.991658
 0.47834  0.11037 0.990274  0.47757 0.110265 0.991676
 0.47834 0.110371 0.990275 0.477559 0.110264 0.991695
 0.47834 0.110372 0.990276 0.477549 0.110264 0.991713
 0.47834 0.110373 0.990277 0.477539 0.110263 0.991731
 0.47834 0.110374 0.990278 0.477528 0.110263 0.991748
 0.47834 0.110375 0.990278 0.477518 0.110262 0.991766
 0.47834 0.110376 0.990279 0.477508 0.110262 0.991783
 0.47834 0.110377  0.99028 0.477498 0.110261   0.9918
 0.47834 0.110378 0.990281 0.477489 0.110261 0.991817
 0.47834 0.110379 0.990282 0.477479  0.11026 0.991833
 0.47834  0.11038 0.990284 0.477469  0.11026  0.99185
 0.47834 0.110381 0.990285  0.47746 0.110259 0.991866
 0.47834 0.110382 0.990286 0.477451 0.110259 0.991882
 0.47834 0.110383 0.990287 0.477442 0.110258 0.991899
 0.47834 0.110384 0.990288 0.477432 0.110258 0.991915
 0.47834 0.110385 0.990289 0.477424 0.110257  0.99193
 0.47834 0.110386  0.99029 0.477415 0.110257 0.991946
 0.47834 0.110387 0.990291 0.477406 0.110256 0.991962
 0.47834 0.110388 0.990292 0.477397 0.110256 0.991977
 0.47834 0.110389 0.990293 0.477389 0.110256 0.991993
 0.47834 0.110391 0.990294  0.47738 0.110255 0.992008
 0.47834 0.110392 0.990296 0.477372 0.110255 0.992023
 0.47834 0.110393 0.990297 0.477364 0.110254 0.992038
 0.47834 0.110394 0.990298 0.477356 0.110254 0.992053
 0.47834 0.110395 0.990299 0.477348 0.110253 0.992068
 0.47834 0.110396   0.9903  0.47734 0.110253 0.992083
 0.47834 0.110398 0.990302 0.477332 0.110253 0.992097
 0.47834 0.110399 0.990303 0.477325 0.110252 0.992112
 0.47834   0.1104 0.990304 0.477317 0.110252 0.992126
 0.47834 0.110401 0.990305  0.47731 0.110252  0.99214
 0.47834 0.110403 0.990307 0.477303 0.110251 0.992154
 0.47834 0.110404 0.990308 0.477295 0.110251 0.992168
 0.47834 0.110405 0.990309 0.477288 0.110251 0.992181
 0.47834 0.110406  0.99031 0.477282  0.11025 0.992194
 0.47834 0.110408 0.990312 0.477275  0.11025 0.992207
 0.47834 0.110409 0.990313 0.477268 0.110249  0.99222
 0.47834  0.11041 0.990314 0.477262 0.110249 0.992232
 0.47834 0.110412 0.990316 0.477255 0.110249 0.992244
 0.47834 0.110413 0.990317 0.477249 0.110248 0.992256
 0.47834 0.110415 0.990318 0.477243 0.110248 0.992268
 0.47834 0.110416  0.99032 0.477237 0.110248 0.992279
 0.47834 0.110417 0.990321 0.477231 0.110247  0.99229
 0.47834 0.110419 0.990323 0.477225 0.110247   0.9923
 0.47834  0.11042 0.990324 0.477219 0.110247  0.99231
 0.47834 0.110422 0.990325 0.477213 0.110246  0.99232
 0.47834 0.110423 0.990327 0.477208 0.110246  0.99233
 0.47834 0.110424 0.990328 0.477202 0.110246 0.992339
 0.47834 0.110426  0.99033 0.477197 0.110245 0.992347
 0.47834 0.110427 0.990331 0.477191 0.110245 0.992355
 0.47834 0.110429 0.990333 0.477186 0.110244 0.992363
 0.47834  0.11043 0.990334 0.477181 0.110244 0.992371
 0.47834 0.110432 0.990336 0.477176 0.110244 0.992378
 0.47834 0.110433 0.990337 0.477171 0.110243 0.992384
 0.47834 0.110435 0.990339 0.477166 0.110243  0.99239
 0.47834 0.110436  0.99034 0.477162 0.110243 0.992396
 0.47834 0.110438 0.990342 0.477157 0.110242 0.992401
 0.47834  0.11044 0.990344 0.477153 0.110242 0.992406
 0.47834 0.110441 0.990345 0.477148 0.110242  0.99241
 0.47834 0.110443 0.990347 0.477144 0.110241 0.992414
 0.47834 0.110444 0.990348  0.47714 0.110241 0.992417
 0.47834 0.110446  0.99035 0.477136 0.110241  0.99242
 0.47834 0.110448 0.990352 0.477131  0.11024 0.992422
 0.47834 0.110449 0.990353 0.477128  0.11024 0.992423
 0.47834 0.110451 0.990355 0.477124  0.11024 0.992425
 0.47834 0.110453 0.990357  0.47712 0.110239 0.992425
 0.47834 0.110454 0.990358 0.477116 0.110239 0.992425
 0.47834 0.110456  0.99036 0.477113 0.110239 0.992425
 0.47834 0.110458 0.990362 0.477109 0.110238 0.992424
 0.47834 0.110459 0.990363 0.477106 0.110238 0.992422
 0.47834 0.110461 0.990365 0.477103 0.110237  0.99242
 0.47834 0.110463 0.990367   0.4771 0.110237 0.992418
 0.47834 0.110465 0.990368 0.477096 0.110237 0.992414
 0.47834 0.110466  0.99037 0.477094 0.110236  0.99241
 0.47834 0.110468 0.990372 0.477091 0.110236 0.992406
 0.47834  0.11047 0.990374 0.477088 0.110236 0.992401
 0.47834 0.110472 0.990376 0.477085 0.110235 0.992396
 0.47834 0.110473 0.990377 0.477083 0.110235 0.992389
 0.47834 0.110475 0.990379  0.47708 0.110235 0.992383
 0.47834 0.110477 0.990381 0.477078 0.110234 0.992375
 0.47834 0.110479 0.990383 0.477076 0.110234 0.992367
 0.47834 0.110481 0.990385 0.477074 0.110233 0.992359
 0.47834 0.110483 0.990387 0.477072 0.110233  0.99235
 0.47834 0.110484 0.990388  0.47707 0.110233  0.99234
 0.47834 0.110486  0.99039 0.477068 0.110232  0.99233
 0.47834 0.110488 0.990392 0.477066 0.110232 0.992319
 0.47834  0.11049 0.990394 0.477065 0.110232 0.992307
 0.47834 0.110492 0.990396 0.477063 0.110231 0.992295
 0.47834 0.110494 0.990398 0.477062 0.110231 0.992283
 0.47834 0.110496   0.9904 0.477061  0.11023  0.99227
 0.47834 0.110498 0.990402 0.477059  0.11023 0.992256
 0.47834   0.1105 0.990404 0.477058  0.11023 0.992242
 0.47834 0.110502 0.990406 0.477057 0.110229 0.992228
 0.47834 0.110504 0.990408 0.477057 0.110229 0.992213
 0.47834 0.110506  0.99041 0.477056 0.110228 0.992197
 0.47834 0.110508 0.990412 0.477055 0.110228 0.992182
 0.47834  0.11051 0.990414 0.477055 0.110227 0.992165
 0.47834 0.110512 0.990416 0.477054 0.110227 0.992149
 0.47834 0.110514 0.990418 0.477054 0.110226 0.992132
 0.47834 0.110516  0.99042 0.477053 0.110226 0.992114
 0.47834 0.110518 0.990422 0.477053 0.110225 0.992096
 0.47834  0.11052 0.990424 0.477053 0.110225 0.992078
 0.47834 0.110522 0.990426 0.477053 0.110224  0.99206
 0.47834 0.110524 0.990428 0.477053 0.110224 0.992041
 0.47834 0.110526  0.99043 0.477053 0.110223 0.992022
 0.47834 0.110529 0.990433 0.477053 0.110222 0.992003
 0.47834 0.110531 0.990435 0.477054 0.110222 0.991984
 0.47834 0.110533 0.990437 0.477054 0.110221 0.991964
 0.47834 0.110535 0.990439 0.477055  0.11022 0.991944
 0.47834 0.110537 0.990441 0.477055 0.110219 0.991924
 0.47834 0.110539 0.990443 0.477056 0.110219 0.991903
 0.47834 0.110542 0.990446 0.477056 0.110218 0.991883
 0.47834 0.110544 0.990448 0.477057 0.110217 0.991862
 0.47834 0.110546  0.99045 0.477058 0.110216 0.991841
 0.47834 0.110548 0.990452 0.477059 0.110215  0.99182
 0.47834 0.110551 0.990454  0.47706 0.110214 0.991799
 0.47834 0.110553 0.990457 0.477061 0.110213 0.991778
 0.47834 0.110555 0.990459 0.477062 0.110213 0.991756
 0.47834 0.110557 0.990461 0.477063 0.110212 0.991735
 0.47834  0.11056 0.990464 0.477064 0.110211 0.991714
 0.47834 0.110562 0.990466 0.477066 0.110209 0.991692
 0.47834 0.110564 0.990468 0.477067 0.110208  0.99167
 0.47834 0.110567  0.99047 0.477069 0.110207 0.991649
 0.47834 0.110569 0.990473  0.47707 0.110206 0.991627
 0.47834 0.110571 0.990475 0.477072 0.110205 0.991605
 0.47834 0.110574 0.990478 0.477074 0.110204 0.991584
 0.47834 0.110576  0.99048 0.477075 0.110202 0.991562
 0.47834 0.110578 0.990482 0.477077 0.110201 0.991541
 0.47834 0.110581 0.990485 0.477079   0.1102 0.991519
 0.47834 0.110583 0.990487 0.477081 0.110198 0.991497
 0.47834 0.110586 0.990489 0.477083 0.110197 0.991476
 0.47834 0.110588 0.990492 0.477086 0.110195 0.991455
 0.47834  0.11059 0.990494 0.477088 0.110194 0.991433
 0.47834 0.110593 0.990497  0.47709 0.110192 0.991412
 0.47834 0.110595 0.990499 0.477093 0.110191 0.991391
 0.47834 0.110598 0.990502 0.477095 0.110189  0.99137
 0.47834   0.1106 0.990504 0.477098 0.110187 0.991349
 0.47834 0.110603 0.990507 0.477101 0.110186 0.991328
 0.47834 0.110605 0.990509 0.477103 0.110184 0.991308
 0.47834 0.110608 0.990512 0.477106 0.110182 0.991287
 0.47834  0.11061 0.990514 0.477109  0.11018 0.991267
 0.47834 0.110613 0.990517 0.477112 0.110178 0.991246
 0.47834 0.110615 0.990519 0.477115 0.110176 0.991226
 0.47834 0.110618 0.990522 0.477119 0.110174 0.991207
 0.47834 0.110621 0.990524 0.477122 0.110172 0.991187
 0.47834 0.110623 0.990527 0.477126  0.11017 0.991167
 0.47834 0.110626  0.99053 0.477129 0.110168 0.991148
 0.47834 0.110628 0.990532 0.477133 0.110166 0.991129
 0.47834 0.110631 0.990535 0.477137 0.110164  0.99111
 0.47834 0.110634 0.990538 0.477141 0.110162 0.991091
 0.47834 0.110636  0.99054 0.477145 0.110159 0.991073
 0.47834 0.110639 0.990543 0.477149 0.110157 0.991054
 0.47834 0.110642 0.990546 0.477153 0.110155 0.991036
 0.47834 0.110644 0.990548 0.477157 0.110152 0.991018
 0.47834 0.110647 0.990551 0.477162  0.11015 0.991001
 0.47834  0.11065 0.990554 0.477166 0.110148 0.990984
 0.47834 0.110652 0.990556 0.477171 0.110145 0.990966
 0.47834 0.110655 0.990559 0.477176 0.110143 0.990949
 0.47834 0.110658 0.990562 0.477181  0.11014 0.990933
 0.47834 0.110661 0.990565 0.477186 0.110137 0.990916
 0.47834 0.110663 0.990567 0.477192 0.110135   0.9909
 0.47834 0.110666  0.99057 0.477197 0.110132 0.990884
 0.47834 0.110669 0.990573 0.477203 0.110129 0.990869
 0.47834 0.110672 0.990576 0.477208 0.110127 0.990853
 0.47834 0.110674 0.990578 0.477214 0.110124 0.990838
 0.47834 0.110677 0.990581  0.47722 0.110121 0.990823
 0.47834  0.11068 0.990584 0.477226 0.110118 0.990809
 0.47834 0.110683 0.990587 0.477233 0.110116 0.990794
 0.47834 0.110686  0.99059 0.477239 0.110113  0.99078
 0.47834 0.110689 0.990593 0.477246  0.11011 0.990766
 0.47834 0.110692 0.990595 0.477253 0.110107 0.990753
 0.47834 0.110694 0.990598  0.47726 0.110104  0.99074
 0.47834 0.110697 0.990601 0.477267 0.110101 0.990727
 0.47834   0.1107 0.990604 0.477274 0.110098 0.990714
 0.47834 0.110703 0.990607 0.477282 0.110095 0.990701
 0.47834 0.110706  0.99061 0.477289 0.110092 0.990689
 0.47834 0.110709 0.990613 0.477297 0.110089 0.990677
 0.47834 0.110712 0.990616 0.477305 0.110086 0.990666
 0.47834 0.110715 0.990619 0.477313 0.110083 0.990654
 0.47834 0.110718 0.990622 0.477322  0.11008 0.990643
 0.47834 0.110721 0.990625  0.47733 0.110077 0.990632
 0.47834 0.110724 0.990628 0.477339 0.110074 0.990621
 0.47834 0.110727 0.990631 0.477348 0.110071 0.990611
 0.47834  0.11073 0.990634 0.477357 0.110068 0.990601
 0.47834 0.110733 0.990637 0.477367 0.110065 0.990591
 0.47834 0.110736  0.99064 0.477376 0.110062 0.990582
 0.47834 0.110739 0.990643 0.477386 0.110059 0.990572
 0.47834 0.110742 0.990646 0.477396 0.110056 0.990563
 0.47834 0.110745 0.990649 0.477406 0.110054 0.990554
 0.47834 0.110748 0.990652 0.477417 0.110051 0.990546
 0.47834 0.110751 0.990655 0.477427 0.110048 0.990537
 0.47834 0.110755 0.990658 0.477438 0.110045 0.990529
 0.47834 0.110758 0.990662 0.477449 0.110043 0.990521
 0.47834 0.110761 0.990665  0.47746  0.11004 0.990514
 0.47834 0.110764 0.990668 0.477472 0.110038 0.990506
 0.47834 0.110767 0.990671 0.477484 0.110035 0.990499
 0.47834  0.11077 0.990674 0.477496 0.110033 0.990492
 0.47834 0.110773 0.990677 0.477508  0.11003 0.990486
 0.47834 0.110777 0.990681  0.47752 0.110028 0.990479
 0.47834  0.11078 0.990684 0.477533 0.110026 0.990473
 0.47834 0.110783 0.990687 0.477546 0.110024 0.990467
 0.47834 0.110786  0.99069 0.477559 0.110022 0.990461
 0.47834  0.11079 0.990693 0.477572  0.11002 0.990455
 0.47834 0.110793 0.990697 0.477586 0.110018  0.99045
 0.47834 0.110796   0.9907 0.477599 0.110016 0.990445
 0.47834 0.110799 0.990703 0.477613 0.110014  0.99044
 0.47834 0.110803 0.990707 0.477628 0.110012 0.990435
 0.47834 0.110806  0.99071 0.477642  0.11001  0.99043
 0.47834 0.110809 0.990713 0.477657 0.110009 0.990426
 0.47834 0.110813 0.990716 0.477672 0.110007 0.990422
 0.47834 0.110816  0.99072 0.477687 0.110006 0.990418
 0.47834 0.110819 0.990723 0.477703 0.110005 0.990414
 0.47834 0.110823 0.990726 0.477719 0.110003  0.99041
 0.47834 0.110826  0.99073 0.477735 0.110002 0.990407
 0.47834 0.110829 0.990733 0.477751 0.110001 0.990403
 0.47834 0.110833 0.990737 0.477768     0.11   0.9904
 0.47834 0.110836  0.99074 0.477784 0.109999 0.990397
 0.47834 0.110839 0.990743 0.477802 0.109998 0.990394
 0.47834 0.110843 0.990747 0.477819 0.109997 0.990392
 0.47834 0.110846  0.99075 0.477837 0.109997 0.990389
 0.47834  0.11085 0.990754 0.477854 0.109996 0.990387
 0.47834 0.110853 0.990757 0.477873 0.109996 0.990384
 0.47834 0.110857 0.990761 0.477891 0.109995 0.990382
 0.47834  0.11086 0.990764  0.47791 0.109995  0.99038
 0.47834 0.110864 0.990768 0.477928 0.109995 0.990379
 0.47834 0.110867 0.990771 0.477948 0.109995 0.990377
 0.47834 0.110871 0.990775 0.477967 0.109995 0.990376
 0.47834 0.110874 0.990778 0.477987 0.109995 0.990374
 0.47834 0.110878 0.990782 0.478007 0.109995 0.990373
 0.47834 0.110881 0.990785 0.478027 0.109995 0.990372
 0.47834 0.110885 0.990789 0.478048 0.109996 0.990371
 0.47834 0.110888 0.990792 0.478068 0.109996  0.99037
 0.47834 0.110892 0.990796 0.478089 0.109997 0.990369
 0.47834 0.110896 0.990799 0.478111 0.109997 0.990369
 0.47834 0.110899 0.990803 0.478132 0.109998 0.990368
 0.47834 0.110903 0.990807 0.478154 0.109999 0.990368
 0.47834 0.110906  0.99081 0.478176     0.11 0.990367
 0.47834  0.11091 0.990814 0.478199 0.110001 0.990367
 0.47834 0.110914 0.990818 0.478221 0.110002 0.990367
 0.47834 0.110917 0.990821 0.478244 0.110004 0.990367
 0.47834 0.110921 0.990825 0.478267 0.110005 0.990367
 0.47834 0.110925 0.990829 0.478291 0.110007 0.990367
 0.47834 0.110928 0.990832 0.478314 0.110008 0.990368
 0.47834 0.110932 0.990836 0.478338  0.11001 0.990368
 0.47834 0.110936  0.99084 0.478363 0.110012 0.990368
 0.47834 0.110939 0.990843 0.478387 0.110014 0.990369
 0.47834 0.110943 0.990847 0.478412 0.110016  0.99037
 0.47834 0.110947 0.990851 0.478437 0.110018  0.99037
 0.47834 0.110951 0.990855 0.478462  0.11002 0.990371
 0.47834 0.110954 0.990858 0.478487 0.110023 0.990372
 0.47834 0.110958 0.990862 0.478513 0.110025 0.990373
 0.47834 0.110962 0.990866 0.478539 0.110028 0.990374
 0.47834 0.110966  0.99087 0.478565  0.11003 0.990376
 0.47834  0.11097 0.990874 0.478592 0.110033 0.990377
 0.47834 0.110973 0.990877 0.478619 0.110036 0.990378
 0.47834 0.110977 0.990881 0.478646 0.110039  0.99038
 0.47834 0.110981 0.990885 0.478673 0.110042 0.990381
 0.47834 0.110985 0.990889 0.478701 0.110045 0.990383
 0.47834 0.110989 0.990893  0.47873 0.110048 0.990384
 0.47834 0.110993 0.990897 0.478759 0.110052 0.990386
 0.47834 0.110997 0.990901 0.478788 0.110055 0.990387
 0.47834 0.111001 0.990904 0.478817 0.110059 0.990389
 0.47834 0.111004 0.990908 0.478847 0.110062  0.99039
 0.47834 0.111008 0.990912 0.478877 0.110066 0.990392
 0.47834 0.111012 0.990916 0.478907  0.11007 0.990393
 0.47834 0.111016  0.99092 0.478937 0.110074 0.990395
 0.47834  0.11102 0.990924 0.478968 0.110077 0.990396
 0.47834 0.111024 0.990928 0.478999 0.110081 0.990398
 0.47834 0.111028 0.990932  0.47903 0.110085   0.9904
 0.47834 0.111032 0.990936 0.479061  0.11009 0.990401
 0.47834 0.111036  0.99094 0.479092 0.110094 0.990403
 0.47834  0.11104 0.990944 0.479124 0.110098 0.990404
 0.47834 0.111044 0.990948 0.479156 0.110102 0.990406
 0.47834 0.111048 0.990952 0.479189 0.110107 0.990407
 0.47834 0.111052 0.990956 0.479222 0.110111 0.990408
 0.47834 0.111056  0.99096 0.479255 0.110116 0.990409
 0.47834  0.11106 0.990964 0.479289 0.110121  0.99041
 0.47834 0.111064 0.990968 0.479323 0.110126 0.990411
 0.47834 0.111069 0.990973 0.479358 0.110131 0.990412
 0.47834 0.111073 0.990977 0.479394 0.110135 0.990412
 0.47834 0.111077 0.990981  0.47943 0.110141 0.990412
 0.47834 0.111081 0.990985 0.479466 0.110146 0.990412
 0.47834 0.111085 0.990989 0.479503 0.110151 0.990411
 0.47834 0.111089 0.990993  0.47954 0.110156 0.990411
 0.47834 0.111093 0.990997 0.479578 0.110162  0.99041
 0.47834 0.111098 0.991001 0.479616 0.110167  0.99041
 0.47834 0.111102 0.991006 0.479654 0.110173 0.990409
 0.47834 0.111106  0.99101 0.479693 0.110178 0.990408
 0.47834  0.11111 0.991014 0.479732 0.110184 0.990407
 0.47834 0.111114 0.991018 0.479771  0.11019 0.990406
 0.47834 0.111119 0.991022  0.47981 0.110196 0.990405
 0.47834 0.111123 0.991027  0.47985 0.110202 0.990404
 0.47834 0.111127 0.991031  0.47989 0.110208 0.990403
 0.47834 0.111131 0.991035 0.479929 0.110214 0.990401
 0.47834 0.111136 0.991039 0.479969  0.11022   0.9904
 0.47834  0.11114 0.991044 0.480009 0.110226 0.990399
 0.47834 0.111144 0.991048 0.480049 0.110233 0.990398
 0.47834 0.111148 0.991052 0.480089 0.110239 0.990397
 0.47834 0.111153 0.991057 0.480129 0.110246 0.990395
 0.47834 0.111157 0.991061 0.480169 0.110252 0.990394
 0.47834 0.111161 0.991065  0.48021 0.110259 0.990393
 0.47834 0.111166  0.99107  0.48025 0.110266 0.990392
 0.47834  0.11117 0.991074  0.48029 0.110272 0.990391
 0.47834 0.111174 0.991078  0.48033 0.110279 0.990389
 0.47834 0.111179 0.991083  0.48037 0.110286 0.990388
 0.47834 0.111183 0.991087 0.480409 0.110293 0.990387
 0.47834 0.111188 0.991092 0.480449   0.1103 0.990386
 0.47834 0.111192 0.991096 0.480489 0.110307 0.990385
 0.47834 0.111197   0.9911 0.480528 0.110314 0.990384
 0.47834 0.111201 0.991105 0.480568 0.110321 0.990383
 0.47834 0.111205 0.991109 0.480607 0.110328 0.990383
 0.47834  0.11121 0.991114 0.480646 0.110335 0.990382
 0.47834 0.111214 0.991118 0.480685 0.110342 0.990381
 0.47834 0.111219 0.991123 0.480724  0.11035  0.99038
 0.47834 0.111223 0.991127 0.480763 0.110357  0.99038
 0.47834 0.111228 0.991132 0.480801 0.110364 0.990379
 0.47834 0.111232 0.991136  0.48084 0.110371 0.990379
 0.47834 0.111237 0.991141 0.480878 0.110378 0.990378
 0.47834 0.111241 0.991145 0.480916 0.110386 0.990378
 0.47834 0.111246  0.99115 0.480954 0.110393 0.990378
 0.47834  0.11125 0.991154 0.480991   0.1104 0.990378
 0.47834 0.111255 0.991159 0.481029 0.110407 0.990377
 0.47834  0.11126 0.991164 0.481066 0.110415 0.990377
 0.47834 0.111264 0.991168 0.481103 0.110422 0.990377
 0.47834 0.111269 0.991173 0.481139 0.110429 0.990377
 0.47834 0.111273 0.991177 0.481176 0.110436 0.990377
 0.47834 0.111278 0.991182 0.481212 0.110444 0.990378
 0.47834 0.111283 0.991187 0.481247 0.110451 0.990378
 0.47834 0.111287 0.991191 0.481283 0.110458 0.990378
 0.47834 0.111292 0.991196 0.481318 0.110465 0.990378
 0.47834 0.111297 0.991201 0.481353 0.110472 0.990379
 0.47834 0.111301 0.991205 0.481387 0.110479 0.990379
 0.47834 0.111306  0.99121 0.481421 0.110486 0.990379
 0.47834 0.111311 0.991215 0.481455 0.110493  0.99038
 0.47834 0.111315 0.991219 0.481488   0.1105  0.99038
 0.47834  0.11132 0.991224 0.481521 0.110507 0.990381
 0.47834 0.111325 0.991229 0.481553 0.110513 0.990381
 0.47834  0.11133 0.991234 0.481585  0.11052 0.990382
 0.47834 0.111334 0.991238 0.481616 0.110527 0.990383
 0.47834 0.111339 0.991243 0.481647 0.110534 0.990383
 0.47834 0.111344 0.991248 0.481678  0.11054 0.990384
 0.47834 0.111349 0.991253 0.481708 0.110547 0.990385
 0.47834 0.111354 0.991257 0.481738 0.110553 0.990385
 0.47834 0.111358 0.991262 0.481767  0.11056 0.990386
 0.47834 0.111363 0.991267 0.481796 0.110566 0.990387
 0.47834 0.111368 0.991272 0.481824 0.110573 0.990388
 0.47834 0.111373 0.991277 0.481852 0.110579 0.990388
 0.47834 0.111378 0.991282 0.481879 0.110585 0.990389
 0.47834 0.111383 0.991287 0.481906 0.110592  0.99039
 0.47834 0.111387 0.991291 0.481932 0.110598 0.990391
 0.47834 0.111392 0.991296 0.481957 0.110604 0.990392
 0.47834 0.111397 0.991301 0.481983  0.11061 0.990392
 0.47834 0.111402 0.991306 0.482007 0.110616 0.990393
 0.47834 0.111407 0.991311 0.482031 0.110622 0.990394
 0.47834 0.111412 0.991316 0.482055 0.110628 0.990395
 0.47834 0.111417 0.991321 0.482078 0.110633 0.990396
 0.47834 0.111422 0.991326   0.4821 0.110639 0.990397
 0.47834 0.111427 0.991331 0.482122 0.110645 0.990397
 0.47834 0.111432 0.991336 0.482143  0.11065 0.990398
 0.47834 0.111437 0.991341 0.482164 0.110656 0.990399
 0.47834 0.111442 0.991346 0.482184 0.110661   0.9904
 0.47834 0.111447 0.991351 0.482204 0.110666 0.990401
 0.47834 0.111452 0.991356 0.482223 0.110672 0.990402
 0.47834 0.111457 0.991361 0.482242 0.110677 0.990402
 0.47834 0.111462 0.991366  0.48226 0.110682 0.990403
 0.47834 0.111467 0.991371 0.482278 0.110688 0.990404
 0.47834 0.111472 0.991376 0.482295 0.110693 0.990405
 0.47834 0.111477 0.991381 0.482311 0.110698 0.990406
 0.47834 0.111482 0.991386 0.482327 0.110704 0.990407
 0.47834 0.111487 0.991391 0.482342 0.110709 0.990407
 0.47834 0.111492 0.991396 0.482357 0.110714 0.990408
 0.47834 0.111498 0.991401 0.482371  0.11072 0.990409
 0.47834 0.111503 0.991407 0.482385 0.110725  0.99041
 0.47834 0.111508 0.991412 0.482398  0.11073 0.990411
 0.47834 0.111513 0.991417 0.482411 0.110736 0.990412
 0.47834 0.111518 0.991422 0.482423 0.110741 0.990413
 0.47834 0.111523 0.991427 0.482435 0.110747 0.990414
 0.47834 0.111528 0.991432 0.482446 0.110752 0.990415
 0.47834 0.111534 0.991438 0.482456 0.110758 0.990416
 0.47834 0.111539 0.991443 0.482466 0.110764 0.990417
 0.47834 0.111544 0.991448 0.482476 0.110769 0.990418
 0.47834 0.111549 0.991453 0.482485 0.110775 0.990419
 0.47834 0.111555 0.991459 0.482493 0.110781  0.99042
 0.47834  0.11156 0.991464 0.482501 0.110787 0.990421
 0.47834 0.111565 0.991469 0.482509 0.110793 0.990422
 0.47834  0.11157 0.991474 0.482516 0.110798 0.990423
 0.47834 0.111576  0.99148 0.482522 0.110804 0.990424
 0.47834 0.111581 0.991485 0.482528 0.110811 0.990425
 0.47834 0.111586  0.99149 0.482534 0.110817 0.990426
 0.47834 0.111592 0.991495 0.482539 0.110823 0.990427
 0.47834 0.111597 0.991501 0.482544 0.110829 0.990428
 0.47834 0.111602 0.991506 0.482548 0.110835  0.99043
 0.47834 0.111608 0.991512 0.482552 0.110842 0.990431
 0.47834 0.111613 0.991517 0.482555 0.110848 0.990432
 0.47834 0.111618 0.991522 0.482558 0.110854 0.990433
 0.47834 0.111624 0.991528 0.482561 0.110861 0.990434
 0.47834 0.111629 0.991533 0.482563 0.110867 0.990435
 0.47834 0.111634 0.991538 0.482565 0.110874 0.990437
 0.47834  0.11164 0.991544 0.482566 0.110881 0.990438
 0.47834 0.111645 0.991549 0.482567 0.110887 0.990439
 0.47834 0.111651 0.991555 0.482567 0.110894  0.99044
 0.47834 0.111656  0.99156 0.482568 0.110901 0.990442
 0.47834 0.111662 0.991566 0.482567 0.110908 0.990443
 0.47834 0.111667 0.991571 0.482567 0.110915 0.990444
 0.47834 0.111673 0.991577 0.482566 0.110922 0.990446
 0.47834 0.111678 0.991582 0.482565 0.110929 0.990447
 0.47834 0.111684 0.991588 0.482563 0.110936 0.990448
 0.47834 0.111689 0.991593 0.482561 0.110943 0.990449
 0.47834 0.111695 0.991599 0.482559  0.11095 0.990451
 0.47834   0.1117 0.991604 0.482556 0.110957 0.990452
 0.47834 0.111706  0.99161 0.482553 0.110965 0.990454
 0.47834 0.111711 0.991615  0.48255 0.110972 0.990455
 0.47834 0.111717 0.991621 0.482547 0.110979 0.990456
 0.47834 0.111722 0.991626 0.482543 0.110987 0.990458
 0.47834 0.111728 0.991632 0.482539 0.110994 0.990459
 0.47834 0.111734 0.991637 0.482535 0.111001  0.99046
 0.47834 0.111739 0.991643 0.482531 0.111009 0.990462
 0.47834 0.111745 0.991649 0.482526 0.111016 0.990463
 0.47834  0.11175 0.991654 0.482521 0.111024 0.990465
 0.47834 0.111756  0.99166 0.482516 0.111032 0.990466
 0.47834 0.111762 0.991666 0.482511 0.111039 0.990467
 0.47834 0.111767 0.991671 0.482505 0.111047 0.990469
 0.47834 0.111773 0.991677 0.482499 0.111054  0.99047
 0.47834 0.111779 0.991683 0.482493 0.111062 0.990472
 0.47834 0.111784 0.991688 0.482487  0.11107 0.990473
 0.47834  0.11179 0.991694 0.482481 0.111077 0.990475
 0.47834 0.111796   0.9917 0.482475 0.111085 0.990476
 0.47834 0.111802 0.991706 0.482468 0.111093 0.990478
 0.47834 0.111807 0.991711 0.482461   0.1111 0.990479
 0.47834 0.111813 0.991717 0.482455 0.111108  0.99048
 0.47834 0.111819 0.991723 0.482448 0.111116 0.990482
 0.47834 0.111825 0.991729 0.482441 0.111124 0.990483
 0.47834  0.11183 0.991734 0.482434 0.111131 0.990485
 0.47834 0.111836  0.99174 0.482426 0.111139 0.990486
 0.47834 0.111842 0.991746 0.482419 0.111147 0.990488
 0.47834 0.111848 0.991752 0.482412 0.111154 0.990489
 0.47834 0.111854 0.991758 0.482404 0.111162 0.990491
 0.47834 0.111859 0.991763 0.482397  0.11117 0.990492
 0.47834 0.111865 0.991769 0.482389 0.111178 0.990494
 0.47834 0.111871 0.991775 0.482381 0.111185 0.990495
 0.47834 0.111877 0.991781 0.482374 0.111193 0.990497
 0.47834 0.111883 0.991787 0.482366 0.111201 0.990498
 0.47834 0.111889 0.991793 0.482358 0.111208   0.9905
 0.47834 0.111895 0.991799 0.482351 0.111216 0.990501
 0.47834 0.111901 0.991805 0.482343 0.111224 0.990503
 0.47834 0.111906  0.99181 0.482335 0.111231 0.990504
 0.47834 0.111912 0.991816 0.482328 0.111239 0.990506
 0.47834 0.111918 0.991822  0.48232 0.111246 0.990507
 0.47834 0.111924 0.991828 0.482312 0.111254 0.990509
 0.47834  0.11193 0.991834 0.482305 0.111262 0.990511
 0.47834 0.111936  0.99184 0.482297 0.111269 0.990512
 0.47834 0.111942 0.991846 0.482289 0.111277 0.990514
 0.47834 0.111948 0.991852 0.482282 0.111284 0.990515
 0.47834 0.111954 0.991858 0.482274 0.111292 0.990517
 0.47834  0.11196 0.991864 0.482267 0.111299 0.990518
 0.47834 0.111966  0.99187  0.48226 0.111306  0.99052
 0.47834 0.111972 0.991876 0.482253 0.111314 0.990522
 0.47834 0.111978 0.991882 0.482245 0.111321 0.990523
 0.47834 0.111984 0.991888 0.482238 0.111328 0.990525
 0.47834 0.111991 0.991894 0.482231 0.111336 0.990526
 0.47834 0.111997 0.991901 0.482225 0.111343 0.990528
 0.47834 0.112003 0.991907 0.482218  0.11135  0.99053
 0.47834 0.112009 0.991913 0.482211 0.111357 0.990531
 0.47834 0.112015 0.991919 0.482205 0.111364 0.990533
 0.47834 0.112021 0.991925 0.482198 0.111371 0.990535
 0.47834 0.112027 0.991931 0.482192 0.111378 0.990536
 0.47834 0.112033 0.991937 0.482186 0.111385 0.990538
 0.47834 0.112039 0.991943  0.48218 0.111392  0.99054
 0.47834 0.112046  0.99195 0.482174 0.111399 0.990542
 0.47834 0.112052 0.991956 0.482168 0.111406 0.990543
 0.47834 0.112058 0.991962 0.482163 0.111413 0.990545
 0.47834 0.112064 0.991968 0.482157  0.11142 0.990547
 0.47834  0.11207 0.991974 0.482152 0.111426 0.990549
 0.47834 0.112077 0.991981 0.482147 0.111433 0.990551
 0.47834 0.112083 0.991987 0.482142  0.11144 0.990552
 0.47834 0.112089 0.991993 0.482137 0.111446 0.990554
 0.47834 0.112095 0.991999 0.482133 0.111453 0.990556
 0.47834 0.112102 0.992006 0.482128 0.111459 0.990558
 0.47834 0.112108 0.992012 0.482124 0.111466  0.99056
 0.47834 0.112114 0.992018  0.48212 0.111472 0.990562
 0.47834  0.11212 0.992024 0.482116 0.111479 0.990564
 0.47834 0.112127 0.992031 0.482112 0.111485 0.990566
 0.47834 0.112133 0.992037 0.482109 0.111491 0.990568
 0.47834 0.112139 0.992043 0.482106 0.111497  0.99057
 0.47834 0.112146  0.99205 0.482102 0.111504 0.990572
 0.47834 0.112152 0.992056 0.482099  0.11151 0.990574
 0.47834 0.112158 0.992062 0.482097 0.111516 0.990576
 0.47834 0.112165 0.992069 0.482094 0.111522 0.990578
 0.47834 0.112171 0.992075 0.482092 0.111528  0.99058
 0.47834 0.112178 0.992082 0.482089 0.111534 0.990582
 0.47834 0.112184 0.992088 0.482087  0.11154 0.990585
 0.47834  0.11219 0.992094 0.482086 0.111546 0.990587
 0.47834 0.112197 0.992101 0.482084 0.111552 0.990589
 0.47834 0.112203 0.992107 0.482082 0.111557 0.990591
 0.47834  0.11221 0.992114 0.482081 0.111563 0.990594
 0.47834 0.112216  0.99212  0.48208 0.111569 0.990596
 0.47834 0.112223 0.992127 0.482079 0.111575 0.990598
 0.47834 0.112229 0.992133 0.482079  0.11158 0.990601
 0.47834 0.112236  0.99214 0.482078 0.111586 0.990603
 0.47834 0.112242 0.992146 0.482078 0.111591 0.990606
 0.47834 0.112249 0.992153 0.482078 0.111597 0.990608
 0.47834 0.112255 0.992159 0.482078 0.111602 0.990611
 0.47834 0.112262 0.992166 0.482078 0.111608 0.990613
 0.47834 0.112268 0.992172 0.482078 0.111613 0.990616
 0.47834 0.112275 0.992179 0.482079 0.111619 0.990619
 0.47834 0.112281 0.992185  0.48208 0.111624 0.990621
 0.47834 0.112288 0.992192 0.482081 0.111629 0.990624
 0.47834 0.112294 0.992198 0.482082 0.111635 0.990627
 0.47834 0.112301 0.992205 0.482083  0.11164  0.99063
 0.47834 0.112308 0.992212 0.482084 0.111645 0.990633
 0.47834 0.112314 0.992218 0.482086  0.11165 0.990636
 0.47834 0.112321 0.992225 0.482087 0.111655 0.990639
 0.47834 0.112328 0.992232 0.482089  0.11166 0.990643
 0.47834 0.112334 0.992238 0.482091 0.111666 0.990646
 0.47834 0.112341 0.992245 0.482093 0.111671 0.990649
 0.47834 0.112348 0.992251 0.482094 0.111676 0.990653
 0.47834 0.112354 0.992258 0.482096 0.111681 0.990657
 0.47834 0.112361 0.992265 0.482099 0.111686  0.99066
 0.47834 0.112368 0.992272 0.482101  0.11169 0.990664
 0.47834 0.112374 0.992278 0.482103 0.111695 0.990668
 0.47834 0.112381 0.992285 0.482105   0.1117 0.990673
 0.47834 0.112388 0.992292 0.482107 0.111705 0.990677
 0.47834 0.112395 0.992298  0.48211  0.11171 0.990681
 0.47834 0.112401 0.992305 0.482112 0.111715 0.990686
 0.47834 0.112408 0.992312 0.482114  0.11172  0.99069
 0.47834 0.112415 0.992319 0.482116 0.111724 0.990695
 0.47834 0.112422 0.992326 0.482118 0.111729   0.9907
 0.47834 0.112428 0.992332  0.48212 0.111734 0.990705
 0.47834 0.112435 0.992339 0.482122 0.111739  0.99071
 0.47834 0.112442 0.992346 0.482123 0.111743 0.990715
 0.47834 0.112449 0.992353 0.482125 0.111748  0.99072
 0.47834 0.112456  0.99236 0.482126 0.111753 0.990725
 0.47834 0.112462 0.992366 0.482128 0.111757 0.990731
 0.47834 0.112469 0.992373 0.482129 0.111762 0.990736
 0.47834 0.112476  0.99238  0.48213 0.111767 0.990742
 0.47834 0.112483 0.992387  0.48213 0.111771 0.990748
 0.47834  0.11249 0.992394 0.482131 0.111776 0.990754
 0.47834 0.112497 0.992401 0.482131 0.111781  0.99076
 0.47834 0.112504 0.992408 0.482131 0.111785 0.990766
 0.47834 0.112511 0.992415 0.482131  0.11179 0.990772
 0.47834 0.112518 0.992422 0.482131 0.111794 0.990778
 0.47834 0.112525 0.992429  0.48213 0.111799 0.990784
 0.47834 0.112532 0.992435  0.48213 0.111804 0.990791
 0.47834 0.112539 0.992442 0.482129 0.111808 0.990797
 0.47834 0.112545 0.992449 0.482127 0.111813 0.990804
 0.47834 0.112552 0.992456 0.482126 0.111817 0.990811
 0.47834 0.112559 0.992463 0.482124 0.111822 0.990818
 0.47834 0.112566  0.99247 0.482122 0.111826 0.990825
 0.47834 0.112573 0.992477  0.48212 0.111831 0.990832
 0.47834 0.112581 0.992484 0.482118 0.111835 0.990839
 0.47834 0.112588 0.992491 0.482115  0.11184 0.990846
 0.47834 0.112595 0.992499 0.482112 0.111844 0.990853
 0.47834 0.112602 0.992506 0.482109 0.111849 0.990861
 0.47834 0.112609 0.992513 0.482106 0.111853 0.990868
 0.47834 0.112616  0.99252 0.482102 0.111858 0.990876
 0.47834 0.112623 0.992527 0.482098 0.111862 0.990883
 0.47834  0.11263 0.992534 0.482094 0.111867 0.990891
 0.47834 0.112637 0.992541  0.48209 0.111871 0.990899
 0.47834 0.112644 0.992548 0.482085 0.111876 0.990907
 0.47834 0.112651 0.992555  0.48208  0.11188 0.990915
 0.47834 0.112658 0.992562 0.482075 0.111885 0.990923
 0.47834 0.112666  0.99257  0.48207 0.111889 0.990931
 0.47834 0.112673 0.992577 0.482064 0.111894 0.990939
 0.47834  0.11268 0.992584 0.482058 0.111898 0.990948
 0.47834 0.112687 0.992591 0.482052 0.111903 0.990956
 0.47834 0.112694 0.992598 0.482046 0.111907 0.990964
 0.47834 0.112702 0.992605 0.482039 0.111912 0.990973
 0.47834 0.112709 0.992613 0.482032 0.111916 0.990982
 0.47834 0.112716  0.99262 0.482025 0.111921  0.99099
 0.47834 0.112723 0.992627 0.482018 0.111925 0.990999
 0.47834  0.11273 0.992634  0.48201  0.11193 0.991008
 0.47834 0.112738 0.992642 0.482002 0.111934 0.991017
 0.47834 0.112745 0.992649 0.481994 0.111938 0.991026
 0.47834 0.112752 0.992656 0.481986 0.111943 0.991035
 0.47834  0.11276 0.992664 0.481977 0.111947 0.991044
 0.47834 0.112767 0.992671 0.481968 0.111952 0.991053
 0.47834 0.112774 0.992678 0.481959 0.111956 0.991063
 0.47834 0.112781 0.992685  0.48195 0.111961 0.991072
 0.47834 0.112789 0.992693  0.48194 0.111965 0.991081
 0.47834 0.112796   0.9927  0.48193  0.11197 0.991091
 0.47834 0.112804 0.992707  0.48192 0.111974   0.9911
 0.47834 0.112811 0.992715  0.48191 0.111979  0.99111
 0.47834 0.112818 0.992722   0.4819 0.111983 0.991119
 0.47834 0.112826  0.99273 0.481889 0.111988 0.991129
 0.47834 0.112833 0.992737 0.481878 0.111992 0.991139
 0.47834  0.11284 0.992744 0.481867 0.111996 0.991149
 0.47834 0.112848 0.992752 0.481856 0.112001 0.991159
 0.47834 0.112855 0.992759 0.481844 0.112005 0.991169
 0.47834 0.112863 0.992767 0.481832  0.11201 0.991179
 0.47834  0.11287 0.992774  0.48182 0.112014 0.991189
 0.47834 0.112878 0.992782 0.481808 0.112019 0.991199
 0.47834 0.112885 0.992789 0.481795 0.112023  0.99121
 0.47834 0.112893 0.992796 0.481783 0.112028  0.99122
 0.47834   0.1129 0.992804  0.48177 0.112032 0.991231
 0.47834 0.112908 0.992811 0.481757 0.112037 0.991242
 0.47834 0.112915 0.992819 0.481743 0.112041 0.991253
 0.47834 0.112923 0.992826  0.48173 0.112046 0.991264
 0.47834  0.11293 0.992834 0.481716  0.11205 0.991275
 0.47834 0.112938 0.992842 0.481702 0.112055 0.991287
 0.47834 0.112945 0.992849 0.481687 0.112059 0.991298
 0.47834 0.112953 0.992857 0.481673 0.112064  0.99131
 0.47834  0.11296 0.992864 0.481658 0.112068 0.991321
 0.47834 0.112968 0.992872 0.481644 0.112073 0.991333
 0.47834 0.112975 0.992879 0.481629 0.112077 0.991345
 0.47834 0.112983 0.992887 0.481613 0.112081 0.991357
 0.47834 0.112991 0.992895 0.481598 0.112086 0.991369
 0.47834 0.112998 0.992902 0.481582  0.11209 0.991382
 0.47834 0.113006  0.99291 0.481567 0.112095 0.991394
 0.47834 0.113014 0.992917 0.481551 0.112099 0.991407
 0.47834 0.113021 0.992925 0.481535 0.112104  0.99142
 0.47834 0.113029 0.992933 0.481518 0.112108 0.991433
 0.47834 0.113037  0.99294 0.481502 0.112113 0.991445
 0.47834 0.113044 0.992948 0.481485 0.112117 0.991459
 0.47834 0.113052 0.992956 0.481469 0.112122 0.991472
 0.47834  0.11306 0.992964 0.481452 0.112126 0.991485
 0.47834 0.113067 0.992971 0.481435 0.112131 0.991499
 0.47834 0.113075 0.992979 0.481417 0.112135 0.991512
 0.47834 0.113083 0.992987   0.4814  0.11214 0.991526
 0.47834 0.113091 0.992994 0.481383 0.112144  0.99154
 0.47834 0.113098 0.993002 0.481365 0.112149 0.991554
 0.47834 0.113106  0.99301 0.481347 0.112153 0.991568
 0.47834 0.113114 0.993018  0.48133 0.112157 0.991582
 0.47834 0.113122 0.993026 0.481312 0.112162 0.991596
 0.47834 0.113129 0.993033 0.481294 0.112166 0.991611
 0.47834 0.113137 0.993041 0.481275 0.112171 0.991625
 0.47834 0.113145 0.993049 0.481257 0.112175  0.99164
 0.47834 0.113153 0.993057 0.481238 0.112179 0.991654
 0.47834 0.113161 0.993065  0.48122 0.112184 0.991669
 0.47834 0.113169 0.993072 0.481201 0.112188 0.991684
 0.47834 0.113176  0.99308 0.481182 0.112193 0.991699
 0.47834 0.113184 0.993088 0.481164 0.112197 0.991714
 0.47834 0.113192 0.993096 0.481145 0.112201  0.99173
 0.47834   0.1132 0.993104 0.481125 0.112206 0.991745
 0.47834 0.113208 0.993112 0.481106  0.11221  0.99176
 0.47834 0.113216  0.99312 0.481087 0.112214 0.991776
 0.47834 0.113224 0.993128 0.481067 0.112219 0.991792
 0.47834 0.113232 0.993136 0.481048 0.112223 0.991807
 0.47834  0.11324 0.993144 0.481028 0.112227 0.991823
 0.47834 0.113248 0.993152 0.481009 0.112232 0.991839
 0.47834 0.113256 0.993159 0.480989 0.112236 0.991855
 0.47834 0.113264 0.993167 0.480969  0.11224 0.991871
 0.47834 0.113272 0.993175 0.480949 0.112244 0.991887
 0.47834  0.11328 0.993183 0.480929 0.112249 0.991904
 0.47834 0.113288 0.993191 0.480909 0.112253  0.99192
 0.47834 0.113296 0.993199 0.480889 0.112257 0.991936
 0.47834 0.113304 0.993207 0.480869 0.112261 0.991953
 0.47834 0.113312 0.993216 0.480848 0.112266 0.991969
 0.47834  0.11332 0.993224 0.480828  0.11227 0.991986
 0.47834 0.113328 0.993232 0.480808 0.112274 0.992002
 0.47834 0.113336  0.99324 0.480787 0.112278 0.992019
 0.47834 0.113344 0.993248 0.480766 0.112282 0.992036
 0.47834 0.113352 0.993256 0.480746 0.112286 0.992053
 0.47834  0.11336 0.993264 0.480725  0.11229 0.992069
 0.47834 0.113368 0.993272 0.480704 0.112294 0.992086
 0.47834 0.113376  0.99328 0.480684 0.112298 0.992103
 0.47834 0.113384 0.993288 0.480663 0.112302  0.99212
 0.47834 0.113392 0.993296 0.480642 0.112306 0.992137
 0.47834 0.113401 0.993305 0.480621 0.112311 0.992154
 0.47834 0.113409 0.993313   0.4806 0.112314 0.992171
 0.47834 0.113417 0.993321 0.480579 0.112318 0.992188
 0.47834 0.113425 0.993329 0.480557 0.112322 0.992205
 0.47834 0.113433 0.993337 0.480536 0.112326 0.992222
 0.47834 0.113442 0.993345 0.480515  0.11233 0.992239
 0.47834  0.11345 0.993354 0.480494 0.112334 0.992256
 0.47834 0.113458 0.993362 0.480472 0.112338 0.992273
 0.47834 0.113466  0.99337 0.480451 0.112342  0.99229
 0.47834 0.113474 0.993378 0.480429 0.112346 0.992307
 0.47834 0.113483 0.993387 0.480408 0.112349 0.992324
 0.47834 0.113491 0.993395 0.480386 0.112353 0.992341
 0.47834 0.113499 0.993403 0.480365 0.112357 0.992358
 0.47834 0.113507 0.993411 0.480343 0.112361 0.992375
 0.47834 0.113516  0.99342 0.480321 0.112364 0.992392
 0.47834 0.113524 0.993428 0.480299 0.112368 0.992409
 0.47834 0.113532 0.993436 0.480278 0.112372 0.992426
 0.47834 0.113541 0.993445 0.480256 0.112375 0.992443
 0.47834 0.113549 0.993453 0.480234 0.112379  0.99246
 0.47834 0.113557 0.993461 0.480212 0.112383 0.992477
 0.47834 0.113566  0.99347  0.48019 0.112386 0.992494
 0.47834 0.113574 0.993478 0.480168  0.11239 0.992511
 0.47834 0.113582 0.993486 0.480146 0.112393 0.992528
 0.47834 0.113591 0.993495 0.480123 0.112397 0.992545
 0.47834 0.113599 0.993503 0.480101   0.1124 0.992562
 0.47834 0.113608 0.993512 0.480079 0.112404 0.992579
 0.47834 0.113616  0.99352 0.480056 0.112407 0.992596
 0.47834 0.113624 0.993528 0.480034  0.11241 0.992612
 0.47834 0.113633 0.993537 0.480012 0.112414 0.992629
 0.47834 0.113641 0.993545 0.479989 0.112417 0.992646
 0.47834  0.11365 0.993554 0.479967 0.112421 0.992663
 0.47834 0.113658 0.993562 0.479944 0.112424 0.992679
 0.47834 0.113667 0.993571 0.479921 0.112427 0.992696
 0.47834 0.113675 0.993579 0.479899 0.112431 0.992712
 0.47834 0.113684 0.993588 0.479876 0.112434 0.992729
 0.47834 0.113692 0.993596 0.479853 0.112437 0.992746
 0.47834 0.113701 0.993605  0.47983  0.11244 0.992762
 0.47834 0.113709 0.993613 0.479807 0.112444 0.992778
 0.47834 0.113718 0.993622 0.479784 0.112447 0.992795
 0.47834 0.113726  0.99363 0.479761  0.11245 0.992811
 0.47834 0.113735 0.993639 0.479738 0.112453 0.992828
 0.47834 0.113743 0.993647 0.479715 0.112456 0.992844
 0.47834 0.113752 0.993656 0.479691 0.112459  0.99286
 0.47834 0.113761 0.993664 0.479668 0.112463 0.992876
 0.47834 0.113769 0.993673 0.479645 0.112466 0.992892
 0.47834 0.113778 0.993682 0.479621 0.112469 0.992909
 0.47834 0.113786  0.99369 0.479598 0.112472 0.992925
 0.47834 0.113795 0.993699 0.479574 0.112475 0.992941
 0.47834 0.113804 0.993708 0.479551 0.112478 0.992957
 0.47834 0.113812 0.993716 0.479527 0.112481 0.992973
 0.47834 0.113821 0.993725 0.479503 0.112484 0.992989
 0.47834  0.11383 0.993734 0.479479 0.112487 0.993004
 0.47834 0.113838 0.993742 0.479456  0.11249  0.99302
 0.47834 0.113847 0.993751 0.479432 0.112493 0.993036
 0.47834 0.113856  0.99376 0.479408 0.112496 0.993052
 0.47834 0.113864 0.993768 0.479384 0.112498 0.993067
 0.47834 0.113873 0.993777  0.47936 0.112501 0.993083
 0.47834 0.113882 0.993786 0.479336 0.112504 0.993098
 0.47834 0.113891 0.993794 0.479311 0.112507 0.993114
 0.47834 0.113899 0.993803 0.479287  0.11251 0.993129
 0.47834 0.113908 0.993812 0.479263 0.112513 0.993144
 0.47834 0.113917 0.993821 0.479239 0.112516  0.99316
 0.47834 0.113926  0.99383 0.479214 0.112519 0.993175
 0.47834 0.113934 0.993838  0.47919 0.112521  0.99319
 0.47834 0.113943 0.993847 0.479165 0.112524 0.993205
 0.47834 0.113952 0.993856 0.479141 0.112527  0.99322
 0.47834 0.113961 0.993865 0.479116  0.11253 0.993235
 0.47834  0.11397 0.993874 0.479092 0.112533 0.993249
 0.47834 0.113978 0.993882 0.479067 0.112535 0.993264
 0.47834 0.113987 0.993891 0.479042 0.112538 0.993279
 0.47834 0.113996   0.9939 0.479018 0.112541 0.993293
 0.47834 0.114005 0.993909 0.478993 0.112544 0.993308
 0.47834 0.114014 0.993918 0.478968 0.112546 0.993322
 0.47834 0.114023 0.993927 0.478943 0.112549 0.993337
 0.47834 0.114032 0.993936 0.478918 0.112552 0.993351
 0.47834 0.114041 0.993945 0.478893 0.112555 0.993365
 0.47834  0.11405 0.993953 0.478869 0.112557 0.993379
 0.47834 0.114058 0.993962 0.478843  0.11256 0.993393
 0.47834 0.114067 0.993971 0.478818 0.112563 0.993407
 0.47834 0.114076  0.99398 0.478793 0.112566 0.993421
 0.47834 0.114085 0.993989 0.478768 0.112568 0.993435
 0.47834 0.114094 0.993998 0.478743 0.112571 0.993449
 0.47834 0.114103 0.994007 0.478718 0.112574 0.993463
 0.47834 0.114112 0.994016 0.478693 0.112576 0.993476
 0.47834 0.114121 0.994025 0.478668 0.112579  0.99349
 0.47834  0.11413 0.994034 0.478642 0.112582 0.993503
 0.47834 0.114139 0.994043 0.478617 0.112584 0.993517
 0.47834 0.114148 0.994052 0.478592 0.112587  0.99353
 0.47834 0.114157 0.994061 0.478566  0.11259 0.993543
 0.47834 0.114166  0.99407 0.478541 0.112593 0.993556
 0.47834 0.114175 0.994079 0.478516 0.112595  0.99357
 0.47834 0.114184 0.994088  0.47849 0.112598 0.993583
 0.47834 0.114194 0.994098 0.478465 0.112601 0.993596
 0.47834 0.114203 0.994107 0.478439 0.112603 0.993609
 0.47834 0.114212 0.994116 0.478414 0.112606 0.993622
 0.47834 0.114221 0.994125 0.478388 0.112609 0.993635
 0.47834  0.11423 0.994134 0.478362 0.112611 0.993648
 0.47834 0.114239 0.994143 0.478337 0.112614 0.993661
 0.47834 0.114248 0.994152 0.478311 0.112617 0.993674
 0.47834 0.114257 0.994161 0.478286  0.11262 0.993687
 0.47834 0.114267  0.99417  0.47826 0.112622 0.993699
 0.47834 0.114276  0.99418 0.478234 0.112625 0.993712
 0.47834 0.114285 0.994189 0.478208 0.112628 0.993725
 0.47834 0.114294 0.994198 0.478182 0.112631 0.993738
 0.47834 0.114303 0.994207 0.478157 0.112633 0.993751
 0.47834 0.114312 0.994216 0.478131 0.112636 0.993763
 0.47834 0.114322 0.994226 0.478105 0.112639 0.993776
 0.47834 0.114331 0.994235 0.478079 0.112642 0.993789
 0.47834  0.11434 0.994244 0.478053 0.112644 0.993801
 0.47834 0.114349 0.994253 0.478027 0.112647 0.993814
 0.47834 0.114359 0.994263 0.478001  0.11265 0.993827
 0.47834 0.114368 0.994272 0.477975 0.112653  0.99384
 0.47834 0.114377 0.994281 0.477949 0.112655 0.993852
 0.47834 0.114387  0.99429 0.477923 0.112658 0.993865
 0.47834 0.114396   0.9943 0.477898 0.112661 0.993878
 0.47834 0.114405 0.994309 0.477872 0.112664 0.993891
 0.47834 0.114414 0.994318 0.477846 0.112667 0.993904
 0.47834 0.114424 0.994328  0.47782  0.11267 0.993917
 0.47834 0.114433 0.994337 0.477794 0.112673  0.99393
 0.47834 0.114442 0.994346 0.477768 0.112675 0.993943
 0.47834 0.114452 0.994356 0.477743 0.112678 0.993956
 0.47834 0.114461 0.994365 0.477717 0.112681 0.993969
 0.47834 0.114471 0.994374 0.477691 0.112684 0.993983
 0.47834  0.11448 0.994384 0.477666 0.112687 0.993996
 0.47834 0.114489 0.994393 0.47764 0.11269 0.99401
 0.47834 0.114499 0.994403 0.477615 0.112693 0.994024
 0.47834 0.114508 0.994412 0.477589 0.112696 0.994038
 0.47834 0.114518 0.994422 0.477564 0.112699 0.994052
 0.47834 0.114527 0.994431 0.477539 0.112702 0.994066
 0.47834 0.114536  0.99444 0.477514 0.112705 0.994081
 0.47834 0.114546  0.99445 0.477489 0.112708 0.994095
 0.47834 0.114555 0.994459 0.477464 0.112711  0.99411
 0.47834 0.114565 0.994469 0.477439 0.112714 0.994125
 0.47834 0.114574 0.994478 0.477414 0.112717  0.99414
 0.47834 0.114584 0.994488 0.477389  0.11272 0.994156
 0.47834 0.114593 0.994497 0.477365 0.112723 0.994171
 0.47834 0.114603 0.994507 0.477341 0.112726 0.994187
 0.47834 0.114612 0.994516 0.477316 0.112729 0.994203
 0.47834 0.114622 0.994526 0.477292 0.112733 0.994219
 0.47834 0.114631 0.994535 0.477268 0.112736 0.994236
 0.47834 0.114641 0.994545 0.477244 0.112739 0.994252
 0.47834 0.114651 0.994555  0.47722 0.112742 0.994269
 0.47834  0.11466 0.994564 0.477197 0.112746 0.994286
 0.47834  0.11467 0.994574 0.477173 0.112749 0.994303
 0.47834 0.114679 0.994583  0.47715 0.112753 0.994321
 0.47834 0.114689 0.994593 0.477127 0.112756 0.994339
 0.47834 0.114699 0.994603 0.477104 0.112759 0.994357
 0.47834 0.114708 0.994612 0.477081 0.112763 0.994375
 0.47834 0.114718 0.994622 0.477058 0.112766 0.994393
 0.47834 0.114728 0.994631 0.477036  0.11277 0.994412
 0.47834 0.114737 0.994641 0.477013 0.112774 0.994431
 0.47834 0.114747 0.994651 0.476991 0.112777  0.99445
 0.47834 0.114757  0.99466 0.476969 0.112781  0.99447
 0.47834 0.114766  0.99467 0.476947 0.112785  0.99449
 0.47834 0.114776  0.99468 0.476925 0.112788  0.99451
 0.47834 0.114786  0.99469 0.476904 0.112792  0.99453
 0.47834 0.114795 0.994699 0.476882 0.112796  0.99455
 0.47834 0.114805 0.994709 0.476861   0.1128 0.994571
 0.47834 0.114815 0.994719  0.47684 0.112804 0.994592
 0.47834 0.114825 0.994728 0.476819 0.112808 0.994614
 0.47834 0.114834 0.994738 0.476798 0.112812 0.994635
 0.47834 0.114844 0.994748 0.476778 0.112816 0.994657
 0.47834 0.114854 0.994758 0.476758  0.11282 0.994679
 0.47834 0.114864 0.994768 0.476737 0.112824 0.994702
 0.47834 0.114873 0.994777 0.476718 0.112829 0.994724
 0.47834 0.114883 0.994787 0.476698 0.112833 0.994747
 0.47834 0.114893 0.994797 0.476678 0.112837  0.99477
 0.47834 0.114903 0.994807 0.476659 0.112842 0.994794
 0.47834 0.114913 0.994817  0.47664 0.112846 0.994817
 0.47834 0.114922 0.994826 0.476621 0.112851 0.994841
 0.47834 0.114932 0.994836 0.476602 0.112855 0.994866
 0.47834 0.114942 0.994846 0.476583  0.11286  0.99489
 0.47834 0.114952 0.994856 0.476565 0.112864 0.994915
 0.47834 0.114962 0.994866 0.476546 0.112869 0.994939
 0.47834 0.114972 0.994876 0.476528 0.112874 0.994965
 0.47834 0.114982 0.994886  0.47651 0.112879  0.99499
 0.47834 0.114992 0.994896 0.476493 0.112883 0.995016
 0.47834 0.115002 0.994906 0.476475 0.112888 0.995042
 0.47834 0.115012 0.994915 0.476458 0.112893 0.995068
 0.47834 0.115021 0.994925 0.476441 0.112898 0.995094
 0.47834 0.115031 0.994935 0.476424 0.112904 0.995121
 0.47834 0.115041 0.994945 0.476407 0.112909 0.995147
 0.47834 0.115051 0.994955 0.476391 0.112914 0.995174
 0.47834 0.115061 0.994965 0.476374 0.112919 0.995201
 0.47834 0.115071 0.994975 0.476358 0.112925 0.995229
 0.47834 0.115081 0.994985 0.476342  0.11293 0.995256
 0.47834 0.115091 0.994995 0.476327 0.112935 0.995284
 0.47834 0.115101 0.995005 0.476311 0.112941 0.995312
 0.47834 0.115111 0.995015 0.476296 0.112947  0.99534
 0.47834 0.115121 0.995025  0.47628 0.112952 0.995369
 0.47834 0.115131 0.995035 0.476265 0.112958 0.995397
 0.47834 0.115142 0.995045 0.476251 0.112964 0.995426
 0.47834 0.115152 0.995056 0.476236 0.112969 0.995455
 0.47834 0.115162 0.995066 0.476221 0.112975 0.995484
 0.47834 0.115172 0.995076 0.476207 0.112981 0.995513
 0.47834 0.115182 0.995086 0.476193 0.112987 0.995543
 0.47834 0.115192 0.995096 0.476179 0.112993 0.995572
 0.47834 0.115202 0.995106 0.476165    0.113 0.995602
 0.47834 0.115212 0.995116 0.476152 0.113006 0.995632
 0.47834 0.115222 0.995126 0.476138 0.113012 0.995662
 0.47834 0.115232 0.995136 0.476125 0.113018 0.995692
 0.47834 0.115243 0.995147 0.476112 0.113025 0.995722
 0.47834 0.115253 0.995157 0.476099 0.113031 0.995752
 0.47834 0.115263 0.995167 0.476086 0.113038 0.995782
 0.47834 0.115273 0.995177 0.476074 0.113044 0.995813
 0.47834 0.115283 0.995187 0.476061 0.113051 0.995844
 0.47834 0.115294 0.995198 0.476049 0.113058 0.995874
 0.47834 0.115304 0.995208 0.476037 0.113065 0.995905
 0.47834 0.115314 0.995218 0.476025 0.113071 0.995936
 0.47834 0.115324 0.995228 0.476013 0.113078 0.995967
 0.47834 0.115334 0.995238 0.476002 0.113085 0.995998
 0.47834 0.115345 0.995249  0.47599 0.113092 0.996029
 0.47834 0.115355 0.995259 0.475979   0.1131  0.99606
 0.47834 0.115365 0.995269 0.475968 0.113107 0.996091
 0.47834 0.115376  0.99528 0.475957 0.113114 0.996123
 0.47834 0.115386  0.99529 0.475946 0.113121 0.996154
 0.47834 0.115396   0.9953 0.475935 0.113129 0.996185
 0.47834 0.115406  0.99531 0.475925 0.113136 0.996216
 0.47834 0.115417 0.995321 0.475914 0.113143 0.996248
 0.47834 0.115427 0.995331 0.475904 0.113151 0.996279
 0.47834 0.115437 0.995341 0.475894 0.113159 0.996311
 0.47834 0.115448 0.995352 0.475884 0.113166 0.996342
 0.47834 0.115458 0.995362 0.475874 0.113174 0.996373
 0.47834 0.115469 0.995372 0.475864 0.113182 0.996405
 0.47834 0.115479 0.995383 0.475855  0.11319 0.996436
 0.47834 0.115489 0.995393 0.475845 0.113197 0.996467
 0.47834   0.1155 0.995404 0.475836 0.113205 0.996499
 0.47834  0.11551 0.995414 0.475827 0.113213  0.99653
 0.47834 0.115521 0.995424 0.475817 0.113221 0.996561
 0.47834 0.115531 0.995435 0.475808  0.11323 0.996592
 0.47834 0.115541 0.995445   0.4758 0.113238 0.996623
 0.47834 0.115552 0.995456 0.475791 0.113246 0.996654
 0.47834 0.115562 0.995466 0.475782 0.113254 0.996685
 0.47834 0.115573 0.995477 0.475774 0.113263 0.996716
 0.47834 0.115583 0.995487 0.475765 0.113271 0.996747
 0.47834 0.115594 0.995498 0.475757 0.113279 0.996778
 0.47834 0.115604 0.995508 0.475749 0.113288 0.996809
 0.47834 0.115615 0.995519  0.47574 0.113297 0.996839
 0.47834 0.115625 0.995529 0.475732 0.113305  0.99687
 0.47834 0.115636  0.99554 0.475724 0.113314   0.9969
 0.47834 0.115646  0.99555 0.475717 0.113322  0.99693
 0.47834 0.115657 0.995561 0.475709 0.113331  0.99696
 0.47834 0.115667 0.995571 0.475701  0.11334  0.99699
 0.47834 0.115678 0.995582 0.475694 0.113349  0.99702
 0.47834 0.115689 0.995593 0.475686 0.113358  0.99705
 0.47834 0.115699 0.995603 0.475679 0.113367  0.99708
 0.47834  0.11571 0.995614 0.475672 0.113376 0.997109
 0.47834  0.11572 0.995624 0.475664 0.113385 0.997139
 0.47834 0.115731 0.995635 0.475657 0.113394 0.997168
 0.47834 0.115742 0.995646  0.47565 0.113403 0.997197
 0.47834 0.115752 0.995656 0.475643 0.113412 0.997226
 0.47834 0.115763 0.995667 0.475636 0.113421 0.997255
 0.47834 0.115773 0.995677  0.47563  0.11343 0.997283
 0.47834 0.115784 0.995688 0.475623  0.11344 0.997312
 0.47834 0.115795 0.995699 0.475616 0.113449  0.99734
 0.47834 0.115806 0.995709  0.47561 0.113458 0.997368
 0.47834 0.115816  0.99572 0.475603 0.113468 0.997396
 0.47834 0.115827 0.995731 0.475597 0.113477 0.997424
 0.47834 0.115838 0.995742  0.47559 0.113486 0.997452
 0.47834 0.115848 0.995752 0.475584 0.113496 0.997479
 0.47834 0.115859 0.995763 0.475578 0.113505 0.997506
 0.47834  0.11587 0.995774 0.475572 0.113515 0.997533
 0.47834 0.115881 0.995784 0.475566 0.113524  0.99756
 0.47834 0.115891 0.995795  0.47556 0.113534 0.997586
 0.47834 0.115902 0.995806 0.475554 0.113544 0.997613
 0.47834 0.115913 0.995817 0.475548 0.113553 0.997639
 0.47834 0.115924 0.995828 0.475542 0.113563 0.997665
 0.47834 0.115934 0.995838 0.475536 0.113573 0.997691
 0.47834 0.115945 0.995849  0.47553 0.113582 0.997716
 0.47834 0.115956  0.99586 0.475525 0.113592 0.997741
 0.47834 0.115967 0.995871 0.475519 0.113602 0.997766
 0.47834 0.115978 0.995882 0.475513 0.113611 0.997791
 0.47834 0.115989 0.995892 0.475508 0.113621 0.997816
 0.47834 0.115999 0.995903 0.475502 0.113631  0.99784
 0.47834  0.11601 0.995914 0.475497 0.113641 0.997865
 0.47834 0.116021 0.995925 0.475492 0.113651 0.997888
 0.47834 0.116032 0.995936 0.475486 0.113661 0.997912
 0.47834 0.116043 0.995947 0.475481  0.11367 0.997936
 0.47834 0.116054 0.995958 0.475476  0.11368 0.997959
 0.47834 0.116065 0.995969 0.475471  0.11369 0.997982
 0.47834 0.116076  0.99598 0.475466   0.1137 0.998005
 0.47834 0.116087  0.99599 0.475461  0.11371 0.998027
 0.47834 0.116097 0.996001 0.475456  0.11372 0.998049
 0.47834 0.116108 0.996012 0.475451  0.11373 0.998071
 0.47834 0.116119 0.996023 0.475446  0.11374 0.998093
 0.47834  0.11613 0.996034 0.475441  0.11375 0.998115
 0.47834 0.116141 0.996045 0.475436 0.113759 0.998136
 0.47834 0.116152 0.996056 0.475432 0.113769 0.998157
 0.47834 0.116163 0.996067 0.475427 0.113779 0.998178
 0.47834 0.116174 0.996078 0.475422 0.113789 0.998198
 0.47834 0.116185 0.996089 0.475418 0.113799 0.998219
 0.47834 0.116196   0.9961 0.475413 0.113809 0.998239
 0.47834 0.116207 0.996111 0.475409 0.113819 0.998258
 0.47834 0.116218 0.996122 0.475404 0.113829 0.998278
 0.47834  0.11623 0.996133   0.4754 0.113839 0.998297
 0.47834 0.116241 0.996145 0.475396 0.113849 0.998316
 0.47834 0.116252 0.996156 0.475391 0.113859 0.998335
 0.47834 0.116263 0.996167 0.475387 0.113869 0.998354
 0.47834 0.116274 0.996178 0.475383 0.113879 0.998372
 0.47834 0.116285 0.996189 0.475379 0.113889  0.99839
 0.47834 0.116296   0.9962 0.475375 0.113899 0.998408
 0.47834 0.116307 0.996211 0.475371 0.113909 0.998425
 0.47834 0.116318 0.996222 0.475367 0.113919 0.998443
 0.47834 0.116329 0.996233 0.475363 0.113929  0.99846
 0.47834 0.116341 0.996245 0.475359 0.113939 0.998477
 0.47834 0.116352 0.996256 0.475355 0.113949 0.998493
 0.47834 0.116363 0.996267 0.475351 0.113959  0.99851
 0.47834 0.116374 0.996278 0.475347 0.113969 0.998526
 0.47834 0.116385 0.996289 0.475344 0.113979 0.998542
 0.47834 0.116396   0.9963  0.47534 0.113989 0.998557
 0.47834 0.116408 0.996312 0.475337 0.113999 0.998573
 0.47834 0.116419 0.996323 0.475333 0.114009 0.998588
 0.47834  0.11643 0.996334  0.47533 0.114019 0.998603
 0.47834 0.116441 0.996345 0.475327 0.114029 0.998618
 0.47834 0.116453 0.996357 0.475323 0.114039 0.998632
 0.47834 0.116464 0.996368  0.47532 0.114049 0.998646
 0.47834 0.116475 0.996379 0.475317 0.114059  0.99866
 0.47834 0.116486  0.99639 0.475314 0.114069 0.998674
 0.47834 0.116498 0.996402 0.475311 0.114079 0.998688
 0.47834 0.116509 0.996413 0.475308 0.114089 0.998701
 0.47834  0.11652 0.996424 0.475305 0.114099 0.998714
 0.47834 0.116532 0.996435 0.475302  0.11411 0.998727
 0.47834 0.116543 0.996447 0.475299  0.11412  0.99874
 0.47834 0.116554 0.996458 0.475297  0.11413 0.998753
 0.47834 0.116566 0.996469 0.475294  0.11414 0.998765
 0.47834 0.116577 0.996481 0.475291  0.11415 0.998777
 0.47834 0.116588 0.996492 0.475289 0.114161 0.998789
 0.47834   0.1166 0.996504 0.475287 0.114171 0.998801
 0.47834 0.116611 0.996515 0.475284 0.114181 0.998812
 0.47834 0.116622 0.996526 0.475282 0.114191 0.998823
 0.47834 0.116634 0.996538  0.47528 0.114201 0.998834
 0.47834 0.116645 0.996549 0.475278 0.114212 0.998845
 0.47834 0.116657 0.996561 0.475276 0.114222 0.998856
 0.47834 0.116668 0.996572 0.475274 0.114232 0.998866
 0.47834 0.116679 0.996583 0.475273 0.114242 0.998877
 0.47834 0.116691 0.996595 0.475271 0.114253 0.998887
 0.47834 0.116702 0.996606  0.47527 0.114263 0.998896
 0.47834 0.116714 0.996618 0.475268 0.114273 0.998906
 0.47834 0.116725 0.996629 0.475267 0.114283 0.998915
 0.47834 0.116737 0.996641 0.475266 0.114293 0.998925
 0.47834 0.116748 0.996652 0.475265 0.114304 0.998934
 0.47834  0.11676 0.996664 0.475264 0.114314 0.998943
 0.47834 0.116771 0.996675 0.475263 0.114324 0.998951
 0.47834 0.116783 0.996687 0.475263 0.114334  0.99896
 0.47834 0.116794 0.996698 0.475262 0.114344 0.998968
 0.47834 0.116806  0.99671 0.475262 0.114355 0.998976
 0.47834 0.116817 0.996721 0.475262 0.114365 0.998984
 0.47834 0.116829 0.996733 0.475262 0.114375 0.998992
 0.47834  0.11684 0.996744 0.475262 0.114385 0.998999
 0.47834 0.116852 0.996756 0.475262 0.114395 0.999007
 0.47834 0.116864 0.996768 0.475262 0.114406 0.999014
 0.47834 0.116875 0.996779 0.475262 0.114416 0.999021
 0.47834 0.116887 0.996791 0.475263 0.114426 0.999028
 0.47834 0.116898 0.996802 0.475264 0.114436 0.999035
 0.47834  0.11691 0.996814 0.475265 0.114446 0.999041
 0.47834 0.116922 0.996826 0.475265 0.114456 0.999048
 0.47834 0.116933 0.996837 0.475267 0.114467 0.999054
 0.47834 0.116945 0.996849 0.475268 0.114477  0.99906
 0.47834 0.116957 0.996861 0.475269 0.114487 0.999066
 0.47834 0.116968 0.996872 0.475271 0.114497 0.999072
 0.47834  0.11698 0.996884 0.475272 0.114507 0.999077
 0.47834 0.116992 0.996896 0.475274 0.114517 0.999083
 0.47834 0.117003 0.996907 0.475276 0.114528 0.999088
 0.47834 0.117015 0.996919 0.475278 0.114538 0.999094
 0.47834 0.117027 0.996931 0.475281 0.114548 0.999099
 0.47834 0.117039 0.996942 0.475283 0.114558 0.999103
 0.47834  0.11705 0.996954 0.475286 0.114568 0.999108
 0.47834 0.117062 0.996966 0.475288 0.114579 0.999113
 0.47834 0.117074 0.996978 0.475291 0.114589 0.999117
 0.47834 0.117086 0.996989 0.475294 0.114599 0.999122
 0.47834 0.117097 0.997001 0.475298  0.11461 0.999126
 0.47834 0.117109 0.997013 0.475301  0.11462  0.99913
 0.47834 0.117121 0.997025 0.475304  0.11463 0.999134
 0.47834 0.117133 0.997037 0.475308 0.114641 0.999138
 0.47834 0.117144 0.997048 0.475312 0.114651 0.999142
 0.47834 0.117156  0.99706 0.475316 0.114661 0.999145
 0.47834 0.117168 0.997072  0.47532 0.114672 0.999148
 0.47834  0.11718 0.997084 0.475324 0.114682 0.999152
 0.47834 0.117192 0.997096 0.475329 0.114693 0.999155
 0.47834 0.117204 0.997108 0.475334 0.114703 0.999158
 0.47834 0.117216 0.997119 0.475338 0.114713 0.999161
 0.47834 0.117227 0.997131 0.475343 0.114724 0.999164
 0.47834 0.117239 0.997143 0.475348 0.114734 0.999167
 0.47834 0.117251 0.997155 0.475354 0.114745 0.999169
 0.47834 0.117263 0.997167 0.475359 0.114756 0.999172
 0.47834 0.117275 0.997179 0.475365 0.114766 0.999174
 0.47834 0.117287 0.997191 0.475371 0.114777 0.999176
 0.47834 0.117299 0.997203 0.475377 0.114787 0.999178
 0.47834 0.117311 0.997215 0.475383 0.114798  0.99918
 0.47834 0.117323 0.997227 0.475389 0.114809 0.999182
 0.47834 0.117335 0.997239 0.475395  0.11482 0.999184
 0.47834 0.117347 0.997251 0.475402  0.11483 0.999186
 0.47834 0.117359 0.997263 0.475409 0.114841 0.999187
 0.47834 0.117371 0.997275 0.475416 0.114852 0.999189
 0.47834 0.117383 0.997287 0.475422 0.114863  0.99919
 0.47834 0.117395 0.997299  0.47543 0.114874 0.999192
 0.47834 0.117407 0.997311 0.475437 0.114884 0.999193
 0.47834 0.117419 0.997323 0.475445 0.114895 0.999194
 0.47834 0.117431 0.997335 0.475452 0.114906 0.999195
 0.47834 0.117443 0.997347  0.47546 0.114917 0.999196
 0.47834 0.117455 0.997359 0.475468 0.114928 0.999196
 0.47834 0.117467 0.997371 0.475476 0.114939 0.999197
 0.47834 0.117479 0.997383 0.475484 0.114951 0.999198
 0.47834 0.117491 0.997395 0.475493 0.114962 0.999198
 0.47834 0.117503 0.997407 0.475501 0.114973 0.999198
 0.47834 0.117515 0.997419  0.47551 0.114984 0.999199
 0.47834 0.117527 0.997431 0.475519 0.114995 0.999199
 0.47834 0.117539 0.997443 0.475528 0.115007 0.999199
 0.47834 0.117552 0.997455 0.475537 0.115018 0.999199
 0.47834 0.117564 0.997468 0.475546  0.11503 0.999198
 0.47834 0.117576  0.99748 0.475556 0.115041 0.999198
 0.47834 0.117588 0.997492 0.475565 0.115053 0.999198
 0.47834   0.1176 0.997504 0.475575 0.115064 0.999197
 0.47834 0.117612 0.997516 0.475585 0.115076 0.999196
 0.47834 0.117624 0.997528 0.475595 0.115088 0.999196
 0.47834 0.117637 0.997541 0.475605 0.115099 0.999195
 0.47834 0.117649 0.997553 0.475616 0.115111 0.999194
 0.47834 0.117661 0.997565 0.475626 0.115123 0.999193
 0.47834 0.117673 0.997577 0.475637 0.115135 0.999192
 0.47834 0.117686 0.997589 0.475648 0.115147  0.99919
 0.47834 0.117698 0.997602 0.475658  0.11516 0.999189
 0.47834  0.11771 0.997614  0.47567 0.115172 0.999187
 0.47834 0.117722 0.997626 0.475681 0.115184 0.999186
 0.47834 0.117735 0.997638 0.475692 0.115196 0.999184
 0.47834 0.117747 0.997651 0.475703 0.115209 0.999182
 0.47834 0.117759 0.997663 0.475715 0.115221  0.99918
 0.47834 0.117771 0.997675 0.475727 0.115234 0.999178
 0.47834 0.117784 0.997688 0.475738 0.115247 0.999176
 0.47834 0.117796   0.9977  0.47575 0.115259 0.999173
 0.47834 0.117808 0.997712 0.475763 0.115272 0.999171
 0.47834 0.117821 0.997725 0.475775 0.115285 0.999168
 0.47834 0.117833 0.997737 0.475787 0.115298 0.999166
 0.47834 0.117845 0.997749   0.4758 0.115311 0.999163
 0.47834 0.117858 0.997762 0.475812 0.115324  0.99916
 0.47834  0.11787 0.997774 0.475825 0.115337 0.999157
 0.47834 0.117882 0.997786 0.475838 0.115351 0.999154
 0.47834 0.117895 0.997799 0.475851 0.115364 0.999151
 0.47834 0.117907 0.997811 0.475864 0.115377 0.999148
 0.47834  0.11792 0.997824 0.475877 0.115391 0.999144
 0.47834 0.117932 0.997836  0.47589 0.115404 0.999141
 0.47834 0.117944 0.997848 0.475904 0.115418 0.999137
 0.47834 0.117957 0.997861 0.475917 0.115432 0.999133
 0.47834 0.117969 0.997873 0.475931 0.115446  0.99913
 0.47834 0.117982 0.997886 0.475945 0.115459 0.999126
 0.47834 0.117994 0.997898 0.475959 0.115473 0.999122
 0.47834 0.118007 0.997911 0.475973 0.115487 0.999117
 0.47834 0.118019 0.997923 0.475987 0.115502 0.999113
 0.47834 0.118032 0.997936 0.476001 0.115516 0.999109
 0.47834 0.118044 0.997948 0.476015  0.11553 0.999104
 0.47834 0.118057 0.997961  0.47603 0.115544   0.9991
 0.47834 0.118069 0.997973 0.476044 0.115558 0.999095
 0.47834 0.118082 0.997986 0.476058 0.115573  0.99909
 0.47834 0.118094 0.997998 0.476073 0.115587 0.999085
 0.47834 0.118107 0.998011 0.476088 0.115602  0.99908
 0.47834 0.118119 0.998023 0.476103 0.115617 0.999075
 0.47834 0.118132 0.998036 0.476118 0.115631  0.99907
 0.47834 0.118144 0.998048 0.476133 0.115646 0.999065
 0.47834 0.118157 0.998061 0.476148 0.115661 0.999059
 0.47834  0.11817 0.998073 0.476163 0.115676 0.999054
 0.47834 0.118182 0.998086 0.476178 0.115691 0.999048
 0.47834 0.118195 0.998099 0.476194 0.115706 0.999042
 0.47834 0.118207 0.998111 0.476209 0.115721 0.999037
 0.47834  0.11822 0.998124 0.476225 0.115736 0.999031
 0.47834 0.118233 0.998137  0.47624 0.115751 0.999025
 0.47834 0.118245 0.998149 0.476256 0.115766 0.999018
 0.47834 0.118258 0.998162 0.476272 0.115781 0.999012
 0.47834 0.118271 0.998174 0.476288 0.115797 0.999006
 0.47834 0.118283 0.998187 0.476304 0.115812 0.998999
 0.47834 0.118296   0.9982  0.47632 0.115828 0.998993
 0.47834 0.118309 0.998213 0.476336 0.115843 0.998986
 0.47834 0.118321 0.998225 0.476352 0.115859 0.998979
 0.47834 0.118334 0.998238 0.476368 0.115874 0.998973
 0.47834 0.118347 0.998251 0.476384  0.11589 0.998966
 0.47834 0.118359 0.998263 0.476401 0.115905 0.998959
 0.47834 0.118372 0.998276 0.476417 0.115921 0.998951
 0.47834 0.118385 0.998289 0.476433 0.115937 0.998944
 0.47834 0.118398 0.998302  0.47645 0.115953 0.998937
 0.47834  0.11841 0.998314 0.476466 0.115969 0.998929
 0.47834 0.118423 0.998327 0.476483 0.115984 0.998922
 0.47834 0.118436  0.99834   0.4765    0.116 0.998914
 0.47834 0.118449 0.998353 0.476516 0.116016 0.998907
 0.47834 0.118462 0.998365 0.476533 0.116032 0.998899
 0.47834 0.118474 0.998378  0.47655 0.116048 0.998891
 0.47834 0.118487 0.998391 0.476567 0.116064 0.998883
 0.47834   0.1185 0.998404 0.476584  0.11608 0.998875
 0.47834 0.118513 0.998417 0.476601 0.116097 0.998867
 0.47834 0.118526  0.99843 0.476617 0.116113 0.998858
 0.47834 0.118538 0.998442 0.476635 0.116129  0.99885
 0.47834 0.118551 0.998455 0.476652 0.116145 0.998842
 0.47834 0.118564 0.998468 0.476669 0.116161 0.998833
 0.47834 0.118577 0.998481 0.476686 0.116178 0.998825
 0.47834  0.11859 0.998494 0.476703 0.116194 0.998816
 0.47834 0.118603 0.998507  0.47672  0.11621 0.998807
 0.47834 0.118616  0.99852 0.476738 0.116226 0.998799
 0.47834 0.118629 0.998533 0.476755 0.116243  0.99879
 0.47834 0.118642 0.998546 0.476772 0.116259 0.998781
 0.47834 0.118655 0.998558  0.47679 0.116275 0.998772
 0.47834 0.118667 0.998571 0.476807 0.116292 0.998763
 0.47834  0.11868 0.998584 0.476825 0.116308 0.998754
 0.47834 0.118693 0.998597 0.476842 0.116325 0.998745
 0.47834 0.118706  0.99861  0.47686 0.116341 0.998736
 0.47834 0.118719 0.998623 0.476877 0.116357 0.998727
 0.47834 0.118732 0.998636 0.476895 0.116374 0.998717
 0.47834 0.118745 0.998649 0.476913  0.11639 0.998708
 0.47834 0.118758 0.998662 0.476931 0.116407 0.998699
 0.47834 0.118771 0.998675 0.476948 0.116423 0.998689
 0.47834 0.118784 0.998688 0.476966  0.11644  0.99868
 0.47834 0.118797 0.998701 0.476984 0.116456  0.99867
 0.47834  0.11881 0.998714 0.477002 0.116473 0.998661
 0.47834 0.118823 0.998727  0.47702 0.116489 0.998652
 0.47834 0.118837  0.99874 0.477037 0.116506 0.998642
 0.47834  0.11885 0.998754 0.477055 0.116522 0.998632
 0.47834 0.118863 0.998767 0.477073 0.116539 0.998623
 0.47834 0.118876  0.99878 0.477091 0.116555 0.998613
 0.47834 0.118889 0.998793 0.477109 0.116572 0.998604
 0.47834 0.118902 0.998806 0.477127 0.116588 0.998594
 0.47834 0.118915 0.998819 0.477146 0.116605 0.998584
 0.47834 0.118928 0.998832 0.477164 0.116621 0.998574
 0.47834 0.118941 0.998845 0.477182 0.116638 0.998565
 0.47834 0.118954 0.998858   0.4772 0.116654 0.998555
 0.47834 0.118968 0.998872 0.477218 0.116671 0.998545
 0.47834 0.118981 0.998885 0.477236 0.116687 0.998535
 0.47834 0.118994 0.998898 0.477254 0.116703 0.998525
 0.47834 0.119007 0.998911 0.477272  0.11672 0.998516
 0.47834  0.11902 0.998924 0.477291 0.116736 0.998506
 0.47834 0.119033 0.998937 0.477309 0.116753 0.998496
 0.47834 0.119047 0.998951 0.477327 0.116769 0.998486
 0.47834  0.11906 0.998964 0.477345 0.116785 0.998476
 0.47834 0.119073 0.998977 0.477363 0.116802 0.998466
 0.47834 0.119086  0.99899 0.477382 0.116818 0.998456
 0.47834   0.1191 0.999003   0.4774 0.116834 0.998446
 0.47834 0.119113 0.999017 0.477418 0.116851 0.998436
 0.47834 0.119126  0.99903 0.477436 0.116867 0.998426
 0.47834 0.119139 0.999043 0.477455 0.116883 0.998416
 0.47834 0.119153 0.999057 0.477473 0.116899 0.998407
 0.47834 0.119166  0.99907 0.477491 0.116915 0.998397
 0.47834 0.119179 0.999083 0.477509 0.116932 0.998387
 0.47834 0.119192 0.999096 0.477528 0.116948 0.998377
 0.47834 0.119206  0.99911 0.477546 0.116964 0.998367
 0.47834 0.119219 0.999123 0.477564  0.11698 0.998357
 0.47834 0.119232 0.999136 0.477582 0.116996 0.998347
 0.47834 0.119246  0.99915 0.477601 0.117012 0.998337
 0.47834 0.119259 0.999163 0.477619 0.117028 0.998327
 0.47834 0.119272 0.999176 0.477637 0.117044 0.998317
 0.47834 0.119286  0.99919 0.477655  0.11706 0.998307
 0.47834 0.119299 0.999203 0.477673 0.117076 0.998297
 0.47834 0.119313 0.999217 0.477692 0.117092 0.998287
 0.47834 0.119326  0.99923  0.47771 0.117108 0.998277
 0.47834 0.119339 0.999243 0.477728 0.117124 0.998267
 0.47834 0.119353 0.999257 0.477746 0.117139 0.998257
 0.47834 0.119366  0.99927 0.477764 0.117155 0.998247
 0.47834  0.11938 0.999284 0.477781 0.117171 0.998237
 0.47834 0.119393 0.999297 0.477799 0.117187 0.998228
 0.47834 0.119406  0.99931 0.477817 0.117202 0.998218
 0.47834  0.11942 0.999324 0.477834 0.117218 0.998208
 0.47834 0.119433 0.999337 0.477851 0.117234 0.998199
 0.47834 0.119447 0.999351 0.477868  0.11725  0.99819
 0.47834  0.11946 0.999364 0.477885 0.117265  0.99818
 0.47834 0.119474 0.999378 0.477901 0.117281 0.998171
 0.47834 0.119487 0.999391 0.477918 0.117296 0.998162
 0.47834 0.119501 0.999405 0.477934 0.117312 0.998154
 0.47834 0.119514 0.999418  0.47795 0.117328 0.998145
 0.47834 0.119528 0.999432 0.477965 0.117343 0.998137
 0.47834 0.119541 0.999445 0.477981 0.117359 0.998129
 0.47834 0.119555 0.999459 0.477996 0.117374 0.998121
 0.47834 0.119568 0.999472 0.478011  0.11739 0.998114
 0.47834 0.119582 0.999486 0.478025 0.117405 0.998107
 0.47834 0.119596   0.9995  0.47804 0.117421   0.9981
 0.47834 0.119609 0.999513 0.478054 0.117436 0.998093
 0.47834 0.119623 0.999527 0.478068 0.117452 0.998087
 0.47834 0.119636  0.99954 0.478081 0.117467 0.998081
 0.47834  0.11965 0.999554 0.478132 0.117528 0.998061
 0.47834 0.119664 0.999568 0.478145 0.117544 0.998057
 0.47834 0.119677 0.999581 0.478156 0.117559 0.998053
 0.47834 0.119691 0.999595 0.478168 0.117574  0.99805
 0.47834 0.119704 0.999608 0.478179 0.117589 0.998047
 0.47834 0.119718 0.999622 0.478191 0.117604 0.998044
 0.47834 0.119732 0.999636 0.478202 0.117619 0.998042
 0.47834 0.119745 0.999649 0.478212 0.117634  0.99804
 0.47834 0.119759 0.999663 0.478223 0.117649 0.998039
 0.47834 0.119773 0.999677 0.478233 0.117664 0.998038
 0.47834 0.119786  0.99969 0.478243 0.117679 0.998037
 0.47834   0.1198 0.999704 0.478253 0.117694 0.998037
 0.47834 0.119814 0.999718 0.478263 0.117708 0.998037
 0.47834 0.119828 0.999732 0.478273 0.117723 0.998037
 0.47834 0.119841 0.999745 0.478282 0.117738 0.998038
 0.47834 0.119855 0.999759 0.478292 0.117752 0.998039
 0.47834 0.119869 0.999773 0.478301 0.117767 0.998041
 0.47834 0.119883 0.999787  0.47831 0.117781 0.998043
 0.47834 0.119896   0.9998 0.478319 0.117796 0.998045
 0.47834  0.11991 0.999814 0.478327  0.11781 0.998048
 0.47834 0.119924 0.999828 0.478336 0.117825 0.998051
 0.47834 0.119938 0.999842 0.478345 0.117839 0.998054
 0.47834 0.119951 0.999855 0.478353 0.117853 0.998058
 0.47834 0.119965 0.999869 0.478361 0.117867 0.998062
 0.47834 0.119979 0.999883 0.478369 0.117881 0.998067
 0.47834 0.119993 0.999897 0.478378 0.117895 0.998072
 0.47834 0.120007 0.999911 0.478385  0.11791 0.998077
 0.47834 0.120021 0.999925 0.478393 0.117924 0.998083
 0.47834 0.120034 0.999938 0.478401 0.117937 0.998089
 0.47834 0.120048 0.999952 0.478409 0.117951 0.998096
 0.47834 0.120062 0.999966 0.478416 0.117965 0.998103
 0.47834 0.120076  0.99998 0.478424 0.117979  0.99811
 0.47834  0.12009 0.999994 0.478431 0.117993 0.998117
 0.47834 0.120104  1.00001 0.478439 0.118007 0.998125
 0.47834 0.120118  1.00002 0.478446  0.11802 0.998134
 0.47834 0.120132  1.00004 0.478454 0.118034 0.998142
 0.47834 0.120146  1.00005 0.478461 0.118048 0.998151
0.47834 0.12016 1.00006 0.478468 0.118061  0.99816
 0.47834 0.120173  1.00008 0.478475 0.118075  0.99817
 0.47834 0.120187  1.00009 0.478482 0.118088  0.99818
 0.47834 0.120201  1.00011 0.478489 0.118102  0.99819
 0.47834 0.120215  1.00012 0.478496 0.118115 0.998201
 0.47834 0.120229  1.00013 0.478503 0.118129 0.998211
 0.47834 0.120243  1.00015  0.47851 0.118142 0.998222
 0.47834 0.120257  1.00016 0.478517 0.118155 0.998234
 0.47834 0.120271  1.00018 0.478524 0.118169 0.998246
 0.47834 0.120285  1.00019  0.47853 0.118182 0.998258
 0.47834 0.120299   1.0002 0.478537 0.118195  0.99827
 0.47834 0.120313  1.00022 0.478544 0.118208 0.998282
 0.47834 0.120327  1.00023  0.47855 0.118221 0.998295
 0.47834 0.120341  1.00025 0.478557 0.118235 0.998308
 0.47834 0.120355  1.00026 0.478563 0.118248 0.998322
0.47834 0.12037 1.00027  0.47857 0.118261 0.998335
 0.47834 0.120384  1.00029 0.478576 0.118274 0.998349
 0.47834 0.120398   1.0003 0.478582 0.118287 0.998363
 0.47834 0.120412  1.00032 0.478589   0.1183 0.998378
 0.47834 0.120426  1.00033 0.478595 0.118313 0.998392
0.47834 0.12044 1.00034 0.478601 0.118326 0.998407
 0.47834 0.120454  1.00036 0.478607 0.118339 0.998422
 0.47834 0.120468  1.00037 0.478614 0.118352 0.998437
 0.47834 0.120482  1.00039  0.47862 0.118365 0.998453
 0.47834 0.120496   1.0004 0.478626 0.118378 0.998468
 0.47834 0.120511  1.00041 0.478632  0.11839 0.998484
 0.47834 0.120525  1.00043 0.478637 0.118403   0.9985
 0.47834 0.120539  1.00044 0.478643 0.118416 0.998516
 0.47834 0.120553  1.00046 0.478649 0.118429 0.998532
 0.47834 0.120567  1.00047 0.478655 0.118442 0.998549
 0.47834 0.120581  1.00049 0.478661 0.118455 0.998565
 0.47834 0.120596   1.0005 0.478666 0.118468 0.998582
0.47834 0.12061 1.00051 0.478672  0.11848 0.998599
 0.47834 0.120624  1.00053 0.478677 0.118493 0.998616
 0.47834 0.120638  1.00054 0.478683 0.118506 0.998633
 0.47834 0.120653  1.00056 0.478688 0.118519 0.998651
 0.47834 0.120667  1.00057 0.478693 0.118532 0.998668
 0.47834 0.120681  1.00058 0.478698 0.118545 0.998686
 0.47834 0.120695   1.0006 0.478704 0.118557 0.998703
0.47834 0.12071 1.00061 0.478709  0.11857 0.998721
 0.47834 0.120724  1.00063 0.478714 0.118583 0.998739
 0.47834 0.120738  1.00064 0.478718 0.118596 0.998757
 0.47834 0.120752  1.00066 0.478723 0.118609 0.998775
 0.47834 0.120767  1.00067 0.478728 0.118622 0.998793
 0.47834 0.120781  1.00069 0.478733 0.118635 0.998811
 0.47834 0.120795   1.0007 0.478737 0.118648 0.998829
0.47834 0.12081 1.00071 0.478742 0.118661 0.998848
 0.47834 0.120824  1.00073 0.478746 0.118673 0.998866
 0.47834 0.120838  1.00074 0.478751 0.118686 0.998884
 0.47834 0.120853  1.00076 0.478755 0.118699 0.998903
 0.47834 0.120867  1.00077  0.47876 0.118712 0.998921
 0.47834 0.120882  1.00079 0.478764 0.118725 0.998939
 0.47834 0.120896   1.0008 0.478768 0.118738 0.998958
0.47834 0.12091 1.00081 0.478772 0.118752 0.998976
 0.47834 0.120925  1.00083 0.478776 0.118765 0.998995
 0.47834 0.120939  1.00084  0.47878 0.118778 0.999013
 0.47834 0.120954  1.00086 0.478784 0.118791 0.999032
 0.47834 0.120968  1.00087 0.478787 0.118804  0.99905
 0.47834 0.120982  1.00089 0.478791 0.118817 0.999069
 0.47834 0.120997   1.0009 0.478795 0.118831 0.999087
 0.47834 0.121011  1.00092 0.478798 0.118844 0.999105
 0.47834 0.121026  1.00093 0.478802 0.118857 0.999124
0.47834 0.12104 1.00094 0.478805 0.118871 0.999142
 0.47834 0.121055  1.00096 0.478808 0.118884  0.99916
 0.47834 0.121069  1.00097 0.478812 0.118897 0.999178
 0.47834 0.121084  1.00099 0.478815 0.118911 0.999196
 0.47834 0.121098    1.001 0.478818 0.118924 0.999214
 0.47834 0.121113  1.00102 0.478821 0.118938 0.999232
 0.47834 0.121127  1.00103 0.478824 0.118951  0.99925
 0.47834 0.121142  1.00105 0.478827 0.118965 0.999268
 0.47834 0.121156  1.00106  0.47883 0.118979 0.999286
 0.47834 0.121171  1.00107 0.478833 0.118992 0.999304
 0.47834 0.121185  1.00109 0.478836 0.119006 0.999321
0.47834  0.1212  1.0011 0.478838  0.11902 0.999339
 0.47834 0.121215  1.00112 0.478841 0.119034 0.999356
 0.47834 0.121229  1.00113 0.478843 0.119048 0.999374
 0.47834 0.121244  1.00115 0.478846 0.119062 0.999391
 0.47834 0.121258  1.00116 0.478848 0.119076 0.999408
 0.47834 0.121273  1.00118 0.478851  0.11909 0.999425
 0.47834 0.121288  1.00119 0.478853 0.119104 0.999442
 0.47834 0.121302  1.00121 0.478855 0.119118 0.999459
 0.47834 0.121317  1.00122 0.478857 0.119132 0.999476
 0.47834 0.121331  1.00124 0.478859 0.119146 0.999493
 0.47834 0.121346  1.00125 0.478861  0.11916 0.999509
 0.47834 0.121361  1.00126 0.478863 0.119175 0.999526
 0.47834 0.121375  1.00128 0.478865 0.119189 0.999542
0.47834 0.12139 1.00129 0.478867 0.119203 0.999558
 0.47834 0.121405  1.00131 0.478869 0.119218 0.999574
 0.47834 0.121419  1.00132 0.478871 0.119232  0.99959
 0.47834 0.121434  1.00134 0.478872 0.119247 0.999606
 0.47834 0.121449  1.00135 0.478874 0.119261 0.999622
 0.47834 0.121464  1.00137 0.478875 0.119276 0.999637
 0.47834 0.121478  1.00138 0.478877 0.119291 0.999653
 0.47834 0.121493   1.0014 0.478878 0.119305 0.999668
 0.47834 0.121508  1.00141  0.47888  0.11932 0.999684
 0.47834 0.121523  1.00143 0.478881 0.119335 0.999699
 0.47834 0.121537  1.00144 0.478882  0.11935 0.999714
 0.47834 0.121552  1.00146 0.478884 0.119364 0.999729
 0.47834 0.121567  1.00147 0.478885 0.119379 0.999743
 0.47834 0.121582  1.00149 0.478886 0.119394 0.999758
 0.47834 0.121596   1.0015 0.478887 0.119409 0.999773
 0.47834 0.121611  1.00152 0.478888 0.119424 0.999787
 0.47834 0.121626  1.00153 0.478889 0.119439 0.999801
 0.47834 0.121641  1.00154  0.47889 0.119454 0.999815
 0.47834 0.121656  1.00156  0.47889 0.119469 0.999829
 0.47834 0.121671  1.00157 0.478891 0.119485 0.999843
 0.47834 0.121685  1.00159 0.478892   0.1195 0.999857
0.47834  0.1217  1.0016 0.478892 0.119515 0.999871
 0.47834 0.121715  1.00162 0.478893  0.11953 0.999885
0.47834 0.12173 1.00163 0.478894 0.119545 0.999898
 0.47834 0.121745  1.00165 0.478894 0.119561 0.999911
0.47834 0.12176 1.00166 0.478894 0.119576 0.999925
 0.47834 0.121775  1.00168 0.478895 0.119591 0.999938
0.47834 0.12179 1.00169 0.478895 0.119607 0.999951
 0.47834 0.121804  1.00171 0.478895 0.119622 0.999964
 0.47834 0.121819  1.00172 0.478896 0.119637 0.999977
 0.47834 0.121834  1.00174 0.478896 0.119653  0.99999
 0.47834 0.121849  1.00175 0.478896 0.119668        1
 0.47834 0.121864  1.00177 0.478896 0.119684  1.00002
 0.47834 0.121879  1.00178 0.478896 0.119699  1.00003
 0.47834 0.121894   1.0018 0.478896 0.119715  1.00004
 0.47834 0.121909  1.00181 0.478895  0.11973  1.00005
 0.47834 0.121924  1.00183 0.478895 0.119746  1.00006
 0.47834 0.121939  1.00184 0.478895 0.119761  1.00008
 0.47834 0.121954  1.00186 0.478895 0.119777  1.00009
 0.47834 0.121969  1.00187 0.478894 0.119792   1.0001
 0.47834 0.121984  1.00189 0.478894 0.119808  1.00011
 0.47834 0.121999   1.0019 0.478893 0.119824  1.00013
 0.47834 0.122014  1.00192 0.478893 0.119839  1.00014
 0.47834 0.122029  1.00193 0.478892 0.119855  1.00015
 0.47834 0.122044  1.00195 0.478891  0.11987  1.00016
 0.47834 0.122059  1.00196 0.478891 0.119886  1.00017
 0.47834 0.122074  1.00198  0.47889 0.119902  1.00018
 0.47834 0.122089  1.00199 0.478889 0.119917   1.0002
 0.47834 0.122105  1.00201 0.478888 0.119933  1.00021
0.47834 0.12212 1.00202 0.478887 0.119948  1.00022
 0.47834 0.122135  1.00204 0.478886 0.119964  1.00023
0.47834 0.12215 1.00205 0.478885  0.11998  1.00024
 0.47834 0.122165  1.00207 0.478884 0.119995  1.00025
0.47834 0.12218 1.00208 0.478882 0.120011  1.00027
 0.47834 0.122195   1.0021 0.478881 0.120027  1.00028
0.47834 0.12221 1.00211  0.47888 0.120042  1.00029
 0.47834 0.122226  1.00213 0.478878 0.120058   1.0003
 0.47834 0.122241  1.00214 0.478877 0.120073  1.00031
 0.47834 0.122256  1.00216 0.478875 0.120089  1.00032
 0.47834 0.122271  1.00217 0.478874 0.120104  1.00033
 0.47834 0.122286  1.00219 0.478872  0.12012  1.00034
 0.47834 0.122301  1.00221  0.47887 0.120135  1.00036
 0.47834 0.122317  1.00222 0.478868 0.120151  1.00037
 0.47834 0.122332  1.00224 0.478867 0.120166  1.00038
 0.47834 0.122347  1.00225 0.478865 0.120182  1.00039
 0.47834 0.122362  1.00227 0.478863 0.120197   1.0004
 0.47834 0.122378  1.00228 0.478861 0.120213  1.00041
 0.47834 0.122393   1.0023 0.478858 0.120228  1.00042
 0.47834 0.122408  1.00231 0.478856 0.120244  1.00044
 0.47834 0.122423  1.00233 0.478854 0.120259  1.00045
 0.47834 0.122439  1.00234 0.478852 0.120274  1.00046
 0.47834 0.122454  1.00236 0.478849  0.12029  1.00047
 0.47834 0.122469  1.00237 0.478847 0.120305  1.00048
 0.47834 0.122484  1.00239 0.478844  0.12032  1.00049
0.47834  0.1225  1.0024 0.478842 0.120335  1.00051
 0.47834 0.122515  1.00242 0.478839 0.120351  1.00052
0.47834 0.12253 1.00243 0.478836 0.120366  1.00053
 0.47834 0.122546  1.00245 0.478834 0.120381  1.00054
 0.47834 0.122561  1.00246 0.478831 0.120396  1.00055
 0.47834 0.122576  1.00248 0.478828 0.120411  1.00056
 0.47834 0.122592   1.0025 0.478825 0.120426  1.00058
 0.47834 0.122607  1.00251 0.478822 0.120441  1.00059
 0.47834 0.122622  1.00253 0.478819 0.120456   1.0006
 0.47834 0.122638  1.00254 0.478816 0.120471  1.00061
 0.47834 0.122653  1.00256 0.478812 0.120486  1.00062
 0.47834 0.122669  1.00257 0.478809   0.1205  1.00064
 0.47834 0.122684  1.00259 0.478806 0.120515  1.00065
 0.47834 0.122699   1.0026 0.478802  0.12053  1.00066
 0.47834 0.122715  1.00262 0.478799 0.120545  1.00067
0.47834 0.12273 1.00263 0.478795 0.120559  1.00069
 0.47834 0.122746  1.00265 0.478792 0.120574   1.0007
 0.47834 0.122761  1.00267 0.478788 0.120588  1.00071
 0.47834 0.122777  1.00268 0.478784 0.120603  1.00072
 0.47834 0.122792   1.0027  0.47878 0.120617  1.00074
 0.47834 0.122808  1.00271 0.478776 0.120632  1.00075
 0.47834 0.122823  1.00273 0.478772 0.120646  1.00076
 0.47834 0.122839  1.00274 0.478768  0.12066  1.00077
 0.47834 0.122854  1.00276 0.478764 0.120674  1.00079
0.47834 0.12287 1.00277  0.47876 0.120689   1.0008
 0.47834 0.122885  1.00279 0.478756 0.120703  1.00081
 0.47834 0.122901   1.0028 0.478752 0.120717  1.00083
 0.47834 0.122916  1.00282 0.478747 0.120731  1.00084
 0.47834 0.122932  1.00284 0.478743 0.120745  1.00085
 0.47834 0.122947  1.00285 0.478738 0.120759  1.00087
 0.47834 0.122963  1.00287 0.478734 0.120773  1.00088
 0.47834 0.122978  1.00288 0.478729 0.120787   1.0009
 0.47834 0.122994   1.0029 0.478724 0.120801  1.00091
 0.47834 0.123009  1.00291 0.478719 0.120815  1.00092
 0.47834 0.123025  1.00293 0.478714 0.120828  1.00094
 0.47834 0.123041  1.00294 0.478709 0.120842  1.00095
 0.47834 0.123056  1.00296 0.478704 0.120856  1.00097
 0.47834 0.123072  1.00298 0.478699  0.12087  1.00098
 0.47834 0.123087  1.00299 0.478693 0.120883  1.00099
 0.47834 0.123103  1.00301 0.478688 0.120897  1.00101
 0.47834 0.123119  1.00302 0.478683  0.12091  1.00102
 0.47834 0.123134  1.00304 0.478677 0.120924  1.00104
0.47834 0.12315 1.00305 0.478671 0.120937  1.00105
 0.47834 0.123166  1.00307 0.478665 0.120951  1.00107
 0.47834 0.123181  1.00309  0.47866 0.120964  1.00108
 0.47834 0.123197   1.0031 0.478654 0.120978   1.0011
 0.47834 0.123213  1.00312 0.478647 0.120991  1.00111
 0.47834 0.123228  1.00313 0.478641 0.121004  1.00113
 0.47834 0.123244  1.00315 0.478635 0.121017  1.00114
0.47834 0.12326 1.00316 0.478629 0.121031  1.00116
 0.47834 0.123276  1.00318 0.478622 0.121044  1.00117
 0.47834 0.123291   1.0032 0.478616 0.121057  1.00119
 0.47834 0.123307  1.00321 0.478609  0.12107  1.00121
 0.47834 0.123323  1.00323 0.478602 0.121083  1.00122
 0.47834 0.123339  1.00324 0.478596 0.121096  1.00124
 0.47834 0.123354  1.00326 0.478589 0.121109  1.00125
0.47834 0.12337 1.00327 0.478582 0.121122  1.00127
 0.47834 0.123386  1.00329 0.478575 0.121135  1.00129
 0.47834 0.123402  1.00331 0.478567 0.121148   1.0013
 0.47834 0.123417  1.00332  0.47856 0.121161  1.00132
 0.47834 0.123433  1.00334 0.478553 0.121174  1.00133
 0.47834 0.123449  1.00335 0.478545 0.121187  1.00135
 0.47834 0.123465  1.00337 0.478538   0.1212  1.00137
 0.47834 0.123481  1.00338  0.47853 0.121213  1.00138
 0.47834 0.123497   1.0034 0.478522 0.121226   1.0014
 0.47834 0.123512  1.00342 0.478514 0.121238  1.00142
 0.47834 0.123528  1.00343 0.478507 0.121251  1.00144
 0.47834 0.123544  1.00345 0.478499 0.121264  1.00145
0.47834 0.12356 1.00346  0.47849 0.121276  1.00147
 0.47834 0.123576  1.00348 0.478482 0.121289  1.00149
 0.47834 0.123592   1.0035 0.478474 0.121302   1.0015
 0.47834 0.123608  1.00351 0.478466 0.121314  1.00152
 0.47834 0.123624  1.00353 0.478457 0.121327  1.00154
 0.47834 0.123639  1.00354 0.478449 0.121339  1.00156
 0.47834 0.123655  1.00356  0.47844 0.121352  1.00157
 0.47834 0.123671  1.00358 0.478431 0.121364  1.00159
 0.47834 0.123687  1.00359 0.478422 0.121377  1.00161
 0.47834 0.123703  1.00361 0.478414 0.121389  1.00163
 0.47834 0.123719  1.00362 0.478405 0.121402  1.00164
 0.47834 0.123735  1.00364 0.478396 0.121414  1.00166
 0.47834 0.123751  1.00366 0.478387 0.121427  1.00168
 0.47834 0.123767  1.00367 0.478377 0.121439   1.0017
 0.47834 0.123783  1.00369 0.478368 0.121451  1.00172
 0.47834 0.123799   1.0037 0.478359 0.121464  1.00173
 0.47834 0.123815  1.00372 0.478349 0.121476  1.00175
 0.47834 0.123831  1.00373  0.47834 0.121489  1.00177
 0.47834 0.123847  1.00375  0.47833 0.121501  1.00179
 0.47834 0.123863  1.00377 0.478321 0.121513  1.00181
 0.47834 0.123879  1.00378 0.478311 0.121526  1.00182
 0.47834 0.123895   1.0038 0.478301 0.121538  1.00184
 0.47834 0.123911  1.00382 0.478292  0.12155  1.00186
 0.47834 0.123927  1.00383 0.478282 0.121562  1.00188
 0.47834 0.123943  1.00385 0.478272 0.121575   1.0019
 0.47834 0.123959  1.00386 0.478262 0.121587  1.00192
 0.47834 0.123975  1.00388 0.478253 0.121599  1.00193
 0.47834 0.123992   1.0039 0.478243 0.121612  1.00195
 0.47834 0.124008  1.00391 0.478233 0.121624  1.00197
 0.47834 0.124024  1.00393 0.478223 0.121636  1.00199
0.47834 0.12404 1.00394 0.478213 0.121648  1.00201
 0.47834 0.124056  1.00396 0.478203 0.121661  1.00203
 0.47834 0.124072  1.00398 0.478193 0.121673  1.00205
 0.47834 0.124088  1.00399 0.478184 0.121685  1.00206
 0.47834 0.124104  1.00401 0.478174 0.121698  1.00208
 0.47834 0.124121  1.00402 0.478164  0.12171   1.0021
 0.47834 0.124137  1.00404 0.478154 0.121723  1.00212
 0.47834 0.124153  1.00406 0.478145 0.121735  1.00214
 0.47834 0.124169  1.00407 0.478135 0.121747  1.00216
 0.47834 0.124185  1.00409 0.478125  0.12176  1.00218
 0.47834 0.124201  1.00411 0.478116 0.121772   1.0022
 0.47834 0.124218  1.00412 0.478106 0.121785  1.00222
 0.47834 0.124234  1.00414 0.478097 0.121797  1.00224
0.47834 0.12425 1.00415 0.478087  0.12181  1.00225
 0.47834 0.124266  1.00417 0.478078 0.121822  1.00227
 0.47834 0.124283  1.00419 0.478068 0.121835  1.00229
 0.47834 0.124299   1.0042 0.478059 0.121848  1.00231
 0.47834 0.124315  1.00422 0.47805 0.12186 1.00233
 0.47834 0.124331  1.00424  0.47804 0.121873  1.00235
 0.47834 0.124348  1.00425 0.478031 0.121886  1.00237
 0.47834 0.124364  1.00427 0.478022 0.121898  1.00239
0.47834 0.12438 1.00428 0.478013 0.121911  1.00241
 0.47834 0.124397   1.0043 0.478005 0.121924  1.00243
 0.47834 0.124413  1.00432 0.477996 0.121937  1.00245
 0.47834 0.124429  1.00433 0.477987  0.12195  1.00247
 0.47834 0.124445  1.00435 0.477979 0.121962  1.00249
 0.47834 0.124462  1.00437  0.47797 0.121975   1.0025
 0.47834 0.124478  1.00438 0.477962 0.121988  1.00252
 0.47834 0.124494   1.0044 0.477953 0.122001  1.00254
 0.47834 0.124511  1.00441 0.477945 0.122015  1.00256
 0.47834 0.124527  1.00443 0.477937 0.122028  1.00258
 0.47834 0.124544  1.00445 0.477929 0.122041   1.0026
0.47834 0.12456 1.00446 0.477921 0.122054  1.00262
 0.47834 0.124576  1.00448 0.477913 0.122067  1.00264
 0.47834 0.124593   1.0045 0.477906 0.122081  1.00266
 0.47834 0.124609  1.00451 0.477898 0.122094  1.00268
 0.47834 0.124625  1.00453 0.477891 0.122107   1.0027
 0.47834 0.124642  1.00455 0.477883 0.122121  1.00272
 0.47834 0.124658  1.00456 0.477876 0.122134  1.00274
 0.47834 0.124675  1.00458 0.477869 0.122148  1.00276
 0.47834 0.124691   1.0046 0.477862 0.122161  1.00278
 0.47834 0.124708  1.00461 0.477855 0.122175   1.0028
 0.47834 0.124724  1.00463 0.477849 0.122188  1.00282
 0.47834 0.124741  1.00464 0.477842 0.122202  1.00284
 0.47834 0.124757  1.00466 0.477836 0.122216  1.00286
 0.47834 0.124774  1.00468 0.47783 0.12223 1.00288
0.47834 0.12479 1.00469 0.477823 0.122243   1.0029
 0.47834 0.124806  1.00471 0.477817 0.122257  1.00292
 0.47834 0.124823  1.00473 0.477811 0.122271  1.00294
0.47834 0.12484 1.00474 0.477806 0.122285  1.00296
 0.47834 0.124856  1.00476   0.4778 0.122299  1.00297
 0.47834 0.124873  1.00478 0.477795 0.122313  1.00299
 0.47834 0.124889  1.00479 0.477789 0.122327  1.00301
 0.47834 0.124906  1.00481 0.477784 0.122342  1.00303
 0.47834 0.124922  1.00483 0.477779 0.122356  1.00305
 0.47834 0.124939  1.00484 0.477774  0.12237  1.00307
 0.47834 0.124955  1.00486 0.477769 0.122385  1.00309
 0.47834 0.124972  1.00488 0.477764 0.122399  1.00311
 0.47834 0.124988  1.00489  0.47776 0.122413  1.00313
 0.47834 0.125005  1.00491 0.477755 0.122428  1.00315
 0.47834 0.125022  1.00493 0.477751 0.122442  1.00317
 0.47834 0.125038  1.00494 0.477747 0.122457  1.00319
 0.47834 0.125055  1.00496 0.477743 0.122472  1.00321
 0.47834 0.125072  1.00498 0.477739 0.122486  1.00323
 0.47834 0.125088  1.00499 0.477735 0.122501  1.00325
 0.47834 0.125105  1.00501 0.477731 0.122516  1.00327
 0.47834 0.125121  1.00503 0.477727 0.122531  1.00329
 0.47834 0.125138  1.00504 0.477724 0.122546  1.00331
 0.47834 0.125155  1.00506  0.47772 0.122561  1.00333
 0.47834 0.125171  1.00508 0.477716 0.122576  1.00335
 0.47834 0.125188  1.00509 0.477713 0.122591  1.00338
 0.47834 0.125205  1.00511  0.47771 0.122606   1.0034
 0.47834 0.125222  1.00513 0.477707 0.122621  1.00342
 0.47834 0.125238  1.00514 0.477703 0.122637  1.00344
 0.47834 0.125255  1.00516   0.4777 0.122652  1.00346
 0.47834 0.125272  1.00518 0.477697 0.122667  1.00348
 0.47834 0.125288  1.00519 0.477694 0.122683   1.0035
 0.47834 0.125305  1.00521 0.477692 0.122698  1.00352
 0.47834 0.125322  1.00523 0.477689 0.122714  1.00354
 0.47834 0.125339  1.00524 0.477686 0.122729  1.00357
 0.47834 0.125355  1.00526 0.477683 0.122745  1.00359
 0.47834 0.125372  1.00528 0.477681  0.12276  1.00361
 0.47834 0.125389  1.00529 0.477678 0.122776  1.00363
 0.47834 0.125406  1.00531 0.477675 0.122792  1.00365
 0.47834 0.125423  1.00533 0.477673 0.122808  1.00367
 0.47834 0.125439  1.00534 0.477671 0.122824   1.0037
 0.47834 0.125456  1.00536 0.477668  0.12284  1.00372
 0.47834 0.125473  1.00538 0.477666 0.122856  1.00374
0.47834 0.12549 1.00539 0.477663 0.122872  1.00376
 0.47834 0.125507  1.00541 0.477661 0.122888  1.00379
 0.47834 0.125523  1.00543 0.477659 0.122904  1.00381
0.47834 0.12554 1.00544 0.477657  0.12292  1.00383
 0.47834 0.125557  1.00546 0.477655 0.122936  1.00385
 0.47834 0.125574  1.00548 0.477652 0.122953  1.00388
 0.47834 0.125591  1.00549  0.47765 0.122969   1.0039
 0.47834 0.125608  1.00551 0.477648 0.122985  1.00392
 0.47834 0.125625  1.00553 0.477646 0.123002  1.00395
 0.47834 0.125642  1.00555 0.477644 0.123018  1.00397
 0.47834 0.125658  1.00556 0.477642 0.123035  1.00399
 0.47834 0.125675  1.00558  0.47764 0.123052  1.00402
 0.47834 0.125692   1.0056 0.477638 0.123068  1.00404
 0.47834 0.125709  1.00561 0.477637 0.123085  1.00406
 0.47834 0.125726  1.00563 0.477635 0.123102  1.00409
 0.47834 0.125743  1.00565 0.477633 0.123119  1.00411
0.47834 0.12576 1.00566 0.477631 0.123135  1.00413
 0.47834 0.125777  1.00568 0.477629 0.123152  1.00416
 0.47834 0.125794   1.0057 0.477627 0.123169  1.00418
 0.47834 0.125811  1.00571 0.477626 0.123186  1.00421
 0.47834 0.125828  1.00573 0.477624 0.123203  1.00423
 0.47834 0.125845  1.00575 0.477622 0.123221  1.00425
 0.47834 0.125862  1.00577  0.47762 0.123238  1.00428
 0.47834 0.125879  1.00578 0.477618 0.123255   1.0043
 0.47834 0.125896   1.0058 0.477617 0.123272  1.00433
 0.47834 0.125913  1.00582 0.477615  0.12329  1.00435
0.47834 0.12593 1.00583 0.477613 0.123307  1.00438
 0.47834 0.125947  1.00585 0.477612 0.123324   1.0044
 0.47834 0.125964  1.00587  0.47761 0.123342  1.00443
 0.47834 0.125981  1.00589 0.477608 0.123359  1.00445
 0.47834 0.125998   1.0059 0.477606 0.123377  1.00447
 0.47834 0.126015  1.00592 0.477605 0.123394   1.0045
 0.47834 0.126032  1.00594 0.477603 0.123412  1.00452
 0.47834 0.126049  1.00595 0.477601  0.12343  1.00455
 0.47834 0.126067  1.00597 0.477599 0.123447  1.00457
 0.47834 0.126084  1.00599 0.477598 0.123465   1.0046
 0.47834 0.126101    1.006 0.477596 0.123483  1.00462
 0.47834 0.126118  1.00602 0.477594 0.123501  1.00465
 0.47834 0.126135  1.00604 0.477592 0.123519  1.00467
 0.47834 0.126152  1.00606 0.477591 0.123537   1.0047
 0.47834 0.126169  1.00607 0.477589 0.123555  1.00472
 0.47834 0.126186  1.00609 0.477587 0.123573  1.00475
 0.47834 0.126204  1.00611 0.477585 0.123592  1.00477
 0.47834 0.126221  1.00612 0.477584  0.12361   1.0048
 0.47834 0.126238  1.00614 0.477582 0.123628  1.00482
 0.47834 0.126255  1.00616  0.47758 0.123647  1.00484
 0.47834 0.126272  1.00618 0.477578 0.123665  1.00487
 0.47834 0.126289  1.00619 0.477577 0.123683  1.00489
 0.47834 0.126307  1.00621 0.477575 0.123702  1.00492
 0.47834 0.126324  1.00623 0.477573 0.123721  1.00494
 0.47834 0.126341  1.00625 0.477571 0.123739  1.00497
 0.47834 0.126358  1.00626 0.477569 0.123758  1.00499
 0.47834 0.126376  1.00628 0.477567 0.123777  1.00502
 0.47834 0.126393   1.0063 0.477566 0.123796  1.00504
0.47834 0.12641 1.00631 0.477564 0.123815  1.00507
 0.47834 0.126427  1.00633 0.477562 0.123834  1.00509
 0.47834 0.126445  1.00635  0.47756 0.123853  1.00511
 0.47834 0.126462  1.00637 0.477558 0.123872  1.00514
 0.47834 0.126479  1.00638 0.477556 0.123891  1.00516
 0.47834 0.126496   1.0064 0.477554  0.12391  1.00519
 0.47834 0.126514  1.00642 0.477552 0.123929  1.00521
 0.47834 0.126531  1.00643  0.47755 0.123949  1.00523
 0.47834 0.126548  1.00645 0.477548 0.123968  1.00526
 0.47834 0.126566  1.00647 0.477546 0.123987  1.00528
 0.47834 0.126583  1.00649 0.477544 0.124007  1.00531
0.47834  0.1266  1.0065 0.477542 0.124026  1.00533
 0.47834 0.126618  1.00652  0.47754 0.124046  1.00535
 0.47834 0.126635  1.00654 0.477538 0.124066  1.00538
 0.47834 0.126652  1.00656 0.477536 0.124085   1.0054
0.47834 0.12667 1.00657 0.477534 0.124105  1.00542
 0.47834 0.126687  1.00659 0.477532 0.124125  1.00545
 0.47834 0.126705  1.00661  0.47753 0.124144  1.00547
 0.47834 0.126722  1.00663 0.477528 0.124164  1.00549
 0.47834 0.126739  1.00664 0.477526 0.124184  1.00552
 0.47834 0.126757  1.00666 0.477524 0.124204  1.00554
 0.47834 0.126774  1.00668 0.477522 0.124224  1.00556
 0.47834 0.126792   1.0067  0.47752 0.124244  1.00559
 0.47834 0.126809  1.00671 0.477517 0.124264  1.00561
 0.47834 0.126826  1.00673 0.477515 0.124284  1.00563
 0.47834 0.126844  1.00675 0.477513 0.124304  1.00566
 0.47834 0.126861  1.00677 0.477511 0.124324  1.00568
 0.47834 0.126879  1.00678 0.477509 0.124345   1.0057
 0.47834 0.126896   1.0068 0.477507 0.124365  1.00572
 0.47834 0.126914  1.00682 0.477504 0.124385  1.00575
 0.47834 0.126931  1.00684 0.477502 0.124406  1.00577
 0.47834 0.126949  1.00685   0.4775 0.124426  1.00579
 0.47834 0.126966  1.00687 0.477498 0.124446  1.00581
 0.47834 0.126984  1.00689 0.477495 0.124467  1.00583
 0.47834 0.127001  1.00691 0.477493 0.124487  1.00586
 0.47834 0.127019  1.00692 0.477491 0.124508  1.00588
 0.47834 0.127036  1.00694 0.477489 0.124528   1.0059
 0.47834 0.127054  1.00696 0.477486 0.124549  1.00592
 0.47834 0.127071  1.00698 0.477484 0.124569  1.00594
 0.47834 0.127089  1.00699 0.477482  0.12459  1.00596
 0.47834 0.127106  1.00701 0.477479  0.12461  1.00599
 0.47834 0.127124  1.00703 0.477477 0.124631  1.00601
 0.47834 0.127142  1.00705 0.477475 0.124651  1.00603
 0.47834 0.127159  1.00706 0.477473 0.124672  1.00605
 0.47834 0.127177  1.00708  0.47747 0.124693  1.00607
 0.47834 0.127194   1.0071 0.477468 0.124713  1.00609
 0.47834 0.127212  1.00712 0.477466 0.124734  1.00611
0.47834 0.12723 1.00713 0.477463 0.124755  1.00613
 0.47834 0.127247  1.00715 0.477461 0.124776  1.00615
 0.47834 0.127265  1.00717 0.477459 0.124796  1.00617
 0.47834 0.127283  1.00719 0.477456 0.124817  1.00619
0.47834  0.1273  1.0072 0.477454 0.124838  1.00622
 0.47834 0.127318  1.00722 0.477452 0.124859  1.00624
 0.47834 0.127335  1.00724  0.47745 0.124879  1.00626
 0.47834 0.127353  1.00726 0.477447   0.1249  1.00628
 0.47834 0.127371  1.00727 0.477445 0.124921   1.0063
 0.47834 0.127389  1.00729 0.477443 0.124942  1.00632
 0.47834 0.127406  1.00731  0.47744 0.124963  1.00634
 0.47834 0.127424  1.00733 0.477438 0.124983  1.00636
 0.47834 0.127442  1.00735 0.477436 0.125004  1.00638
 0.47834 0.127459  1.00736 0.477434 0.125025  1.00639
 0.47834 0.127477  1.00738 0.477431 0.125046  1.00641
 0.47834 0.127495   1.0074 0.477429 0.125067  1.00643
 0.47834 0.127513  1.00742 0.477427 0.125087  1.00645
0.47834 0.12753 1.00743 0.477425 0.125108  1.00647
 0.47834 0.127548  1.00745 0.477422 0.125129  1.00649
 0.47834 0.127566  1.00747 0.47742 0.12515 1.00651
 0.47834 0.127584  1.00749 0.477418 0.125171  1.00653
 0.47834 0.127601  1.00751 0.477416 0.125192  1.00655
 0.47834 0.127619  1.00752 0.477414 0.125212  1.00657
 0.47834 0.127637  1.00754 0.477412 0.125233  1.00659
 0.47834 0.127655  1.00756  0.47741 0.125254  1.00661
 0.47834 0.127673  1.00758 0.477408 0.125275  1.00662
0.47834 0.12769 1.00759 0.477405 0.125295  1.00664
 0.47834 0.127708  1.00761 0.477403 0.125316  1.00666
 0.47834 0.127726  1.00763 0.477401 0.125337  1.00668
 0.47834 0.127744  1.00765 0.477399 0.125358   1.0067
 0.47834 0.127762  1.00767 0.477397 0.125378  1.00672
0.47834 0.12778 1.00768 0.477396 0.125399  1.00673
 0.47834 0.127797   1.0077 0.477394  0.12542  1.00675
 0.47834 0.127815  1.00772 0.477392  0.12544  1.00677
 0.47834 0.127833  1.00774  0.47739 0.125461  1.00679
 0.47834 0.127851  1.00775 0.477388 0.125482  1.00681
 0.47834 0.127869  1.00777 0.477386 0.125502  1.00682
 0.47834 0.127887  1.00779 0.477384 0.125523  1.00684
 0.47834 0.127905  1.00781 0.477383 0.125544  1.00686
 0.47834 0.127923  1.00783 0.477381 0.125564  1.00688
 0.47834 0.127941  1.00784 0.477379 0.125585  1.00689
 0.47834 0.127958  1.00786 0.477378 0.125605  1.00691
 0.47834 0.127976  1.00788 0.477376 0.125626  1.00693
 0.47834 0.127994   1.0079 0.477374 0.125646  1.00695
 0.47834 0.128012  1.00792 0.477373 0.125667  1.00696
0.47834 0.12803 1.00793 0.477371 0.125687  1.00698
 0.47834 0.128048  1.00795  0.47737 0.125708    1.007
 0.47834 0.128066  1.00797 0.477368 0.125728  1.00702
 0.47834 0.128084  1.00799 0.477367 0.125748  1.00703
 0.47834 0.128102  1.00801 0.477366 0.125769  1.00705
0.47834 0.12812 1.00802 0.477364 0.125789  1.00707
 0.47834 0.128138  1.00804 0.477363 0.125809  1.00708
 0.47834 0.128156  1.00806 0.477362  0.12583   1.0071
 0.47834 0.128174  1.00808 0.477361  0.12585  1.00712
 0.47834 0.128192   1.0081 0.47736 0.12587 1.00713
0.47834 0.12821 1.00811 0.477358  0.12589  1.00715
 0.47834 0.128228  1.00813 0.477357  0.12591  1.00717
 0.47834 0.128246  1.00815 0.477356  0.12593  1.00718
 0.47834 0.128264  1.00817 0.477355 0.125951   1.0072
 0.47834 0.128283  1.00819 0.477354 0.125971  1.00722
 0.47834 0.128301   1.0082 0.477354 0.125991  1.00723
 0.47834 0.128319  1.00822 0.477353 0.126011  1.00725
 0.47834 0.128337  1.00824 0.477352 0.126031  1.00727
 0.47834 0.128355  1.00826 0.477351 0.126051  1.00728
 0.47834 0.128373  1.00828 0.477351 0.126071   1.0073
 0.47834 0.128391   1.0083 0.47735 0.12609 1.00731
 0.47834 0.128409  1.00831 0.477349  0.12611  1.00733
 0.47834 0.128427  1.00833 0.477349  0.12613  1.00735
 0.47834 0.128445  1.00835 0.477348  0.12615  1.00736
 0.47834 0.128464  1.00837 0.477348  0.12617  1.00738
 0.47834 0.128482  1.00839 0.477347  0.12619  1.00739
0.47834  0.1285  1.0084 0.477347 0.126209  1.00741
 0.47834 0.128518  1.00842 0.477347 0.126229  1.00743
 0.47834 0.128536  1.00844 0.477347 0.126249  1.00744
 0.47834 0.128554  1.00846 0.477347 0.126268  1.00746
 0.47834 0.128573  1.00848 0.477346 0.126288  1.00747
 0.47834 0.128591  1.00849 0.477346 0.126308  1.00749
 0.47834 0.128609  1.00851 0.477346 0.126327   1.0075
 0.47834 0.128627  1.00853 0.477346 0.126347  1.00752
 0.47834 0.128645  1.00855 0.477347 0.126366  1.00754
 0.47834 0.128664  1.00857 0.477347 0.126386  1.00755
 0.47834 0.128682  1.00859 0.477347 0.126405  1.00757
0.47834  0.1287  1.0086 0.477347 0.126424  1.00758
 0.47834 0.128718  1.00862 0.477348 0.126444   1.0076
 0.47834 0.128737  1.00864 0.477348 0.126463  1.00761
 0.47834 0.128755  1.00866 0.477349 0.126482  1.00763
 0.47834 0.128773  1.00868 0.477349 0.126502  1.00764
 0.47834 0.128791   1.0087  0.47735 0.126521  1.00766
0.47834 0.12881 1.00871 0.47735 0.12654 1.00768
 0.47834 0.128828  1.00873 0.477351 0.126559  1.00769
 0.47834 0.128846  1.00875 0.477352 0.126579  1.00771
 0.47834 0.128865  1.00877 0.477353 0.126598  1.00772
 0.47834 0.128883  1.00879 0.477354 0.126617  1.00774
 0.47834 0.128901  1.00881 0.477355 0.126636  1.00775
0.47834 0.12892 1.00882 0.477356 0.126655  1.00777
 0.47834 0.128938  1.00884 0.477357 0.126674  1.00778
 0.47834 0.128956  1.00886 0.477358 0.126693   1.0078
 0.47834 0.128975  1.00888 0.477359 0.126712  1.00781
 0.47834 0.128993   1.0089  0.47736 0.126731  1.00783
 0.47834 0.129011  1.00892 0.477362  0.12675  1.00784
0.47834 0.12903 1.00893 0.477363 0.126769  1.00786
 0.47834 0.129048  1.00895 0.477365 0.126788  1.00787
 0.47834 0.129067  1.00897 0.477366 0.126807  1.00789
 0.47834 0.129085  1.00899 0.477368 0.126826   1.0079
 0.47834 0.129103  1.00901 0.477369 0.126845  1.00792
 0.47834 0.129122  1.00903 0.477371 0.126863  1.00793
0.47834 0.12914 1.00904 0.477373 0.126882  1.00795
 0.47834 0.129159  1.00906 0.477375 0.126901  1.00796
 0.47834 0.129177  1.00908 0.477377  0.12692  1.00798
 0.47834 0.129195   1.0091 0.477379 0.126938  1.00799
 0.47834 0.129214  1.00912 0.477381 0.126957  1.00801
 0.47834 0.129232  1.00914 0.477383 0.126976  1.00802
 0.47834 0.129251  1.00915 0.477385 0.126994  1.00803
 0.47834 0.129269  1.00917 0.477387 0.127013  1.00805
 0.47834 0.129288  1.00919 0.477389 0.127032  1.00806
 0.47834 0.129306  1.00921 0.477392  0.12705  1.00808
 0.47834 0.129325  1.00923 0.477394 0.127069  1.00809
 0.47834 0.129343  1.00925 0.477396 0.127087  1.00811
 0.47834 0.129362  1.00927 0.477399 0.127106  1.00812
0.47834 0.12938 1.00928 0.477401 0.127125  1.00814
 0.47834 0.129399   1.0093 0.477404 0.127143  1.00815
 0.47834 0.129417  1.00932 0.477406 0.127162  1.00817
 0.47834 0.129436  1.00934 0.477409  0.12718  1.00818
 0.47834 0.129454  1.00936 0.477412 0.127199   1.0082
 0.47834 0.129473  1.00938 0.477414 0.127217  1.00821
 0.47834 0.129492   1.0094 0.477417 0.127235  1.00823
0.47834 0.12951 1.00941  0.47742 0.127254  1.00824
 0.47834 0.129529  1.00943 0.477423 0.127272  1.00825
 0.47834 0.129547  1.00945 0.477426 0.127291  1.00827
 0.47834 0.129566  1.00947 0.477428 0.127309  1.00828
 0.47834 0.129584  1.00949 0.477431 0.127327   1.0083
 0.47834 0.129603  1.00951 0.477434 0.127346  1.00831
 0.47834 0.129622  1.00953 0.477437 0.127364  1.00833
0.47834 0.12964 1.00954  0.47744 0.127382  1.00834
 0.47834 0.129659  1.00956 0.477443 0.127401  1.00836
 0.47834 0.129678  1.00958 0.477446 0.127419  1.00837
 0.47834 0.129696   1.0096 0.477449 0.127437  1.00839
 0.47834 0.129715  1.00962 0.477452 0.127455   1.0084
 0.47834 0.129733  1.00964 0.477454 0.127474  1.00842
 0.47834 0.129752  1.00966 0.477457 0.127492  1.00844
 0.47834 0.129771  1.00967 0.47746 0.12751 1.00845
0.47834 0.12979 1.00969 0.477463 0.127528  1.00847
 0.47834 0.129808  1.00971 0.477466 0.127546  1.00848
 0.47834 0.129827  1.00973 0.477469 0.127564   1.0085
 0.47834 0.129846  1.00975 0.477472 0.127583  1.00851
 0.47834 0.129864  1.00977 0.477475 0.127601  1.00853
 0.47834 0.129883  1.00979 0.477478 0.127619  1.00855
 0.47834 0.129902  1.00981 0.477481 0.127637  1.00856
0.47834 0.12992 1.00982 0.477483 0.127655  1.00858
 0.47834 0.129939  1.00984 0.477486 0.127673  1.00859
 0.47834 0.129958  1.00986 0.477489 0.127691  1.00861
 0.47834 0.129977  1.00988 0.477492 0.127709  1.00863
 0.47834 0.129995   1.0099 0.477495 0.127727  1.00864
 0.47834 0.130014  1.00992 0.477497 0.127745  1.00866
 0.47834 0.130033  1.00994   0.4775 0.127763  1.00867
 0.47834 0.130052  1.00996 0.477503 0.127781  1.00869
 0.47834 0.130071  1.00997 0.477506 0.127799  1.00871
 0.47834 0.130089  1.00999 0.477508 0.127817  1.00872
 0.47834 0.130108  1.01001 0.477511 0.127835  1.00874
 0.47834 0.130127  1.01003 0.477514 0.127853  1.00876
 0.47834 0.130146  1.01005 0.477516 0.127871  1.00878
 0.47834 0.130165  1.01007 0.477519 0.127889  1.00879
 0.47834 0.130183  1.01009 0.477521 0.127907  1.00881
 0.47834 0.130202  1.01011 0.477524 0.127925  1.00883
 0.47834 0.130221  1.01013 0.477526 0.127943  1.00884
0.47834 0.13024 1.01014 0.477529 0.127961  1.00886
 0.47834 0.130259  1.01016 0.477531 0.127978  1.00888
 0.47834 0.130278  1.01018 0.477533 0.127996   1.0089
 0.47834 0.130297   1.0102 0.477536 0.128014  1.00891
 0.47834 0.130316  1.01022 0.477538 0.128032  1.00893
 0.47834 0.130334  1.01024 0.47754 0.12805 1.00895
 0.47834 0.130353  1.01026 0.477542 0.128068  1.00897
 0.47834 0.130372  1.01028 0.477545 0.128086  1.00899
 0.47834 0.130391   1.0103 0.477547 0.128104    1.009
0.47834 0.13041 1.01031 0.477549 0.128122  1.00902
 0.47834 0.130429  1.01033 0.477551  0.12814  1.00904
 0.47834 0.130448  1.01035 0.477553 0.128157  1.00906
 0.47834 0.130467  1.01037 0.477555 0.128175  1.00908
 0.47834 0.130486  1.01039 0.477557 0.128193  1.00909
 0.47834 0.130505  1.01041 0.477559 0.128211  1.00911
 0.47834 0.130524  1.01043 0.477561 0.128229  1.00913
 0.47834 0.130543  1.01045 0.477562 0.128247  1.00915
 0.47834 0.130562  1.01047 0.477564 0.128265  1.00917
 0.47834 0.130581  1.01048 0.477566 0.128283  1.00919
0.47834  0.1306  1.0105 0.477568 0.128301  1.00921
 0.47834 0.130619  1.01052 0.477569 0.128319  1.00922
 0.47834 0.130638  1.01054 0.477571 0.128336  1.00924
 0.47834 0.130657  1.01056 0.477573 0.128354  1.00926
 0.47834 0.130676  1.01058 0.477574 0.128372  1.00928
 0.47834 0.130695   1.0106 0.477576  0.12839   1.0093
 0.47834 0.130714  1.01062 0.477577 0.128408  1.00932
 0.47834 0.130733  1.01064 0.477578 0.128426  1.00934
 0.47834 0.130752  1.01066  0.47758 0.128444  1.00936
 0.47834 0.130771  1.01067 0.477581 0.128462  1.00938
0.47834 0.13079 1.01069 0.477583  0.12848   1.0094
 0.47834 0.130809  1.01071 0.477584 0.128498  1.00941
 0.47834 0.130828  1.01073 0.477585 0.128516  1.00943
 0.47834 0.130847  1.01075 0.477586 0.128534  1.00945
 0.47834 0.130866  1.01077 0.477587 0.128552  1.00947
 0.47834 0.130885  1.01079 0.477588  0.12857  1.00949
 0.47834 0.130905  1.01081 0.477589 0.128588  1.00951
 0.47834 0.130924  1.01083 0.477591 0.128606  1.00953
 0.47834 0.130943  1.01085 0.477591 0.128624  1.00955
 0.47834 0.130962  1.01087 0.477592 0.128642  1.00957
 0.47834 0.130981  1.01088 0.477593  0.12866  1.00959
0.47834   0.131  1.0109 0.477594 0.128678  1.00961
 0.47834 0.131019  1.01092 0.477595 0.128696  1.00963
 0.47834 0.131039  1.01094 0.477596 0.128715  1.00965
 0.47834 0.131058  1.01096 0.477597 0.128733  1.00967
 0.47834 0.131077  1.01098 0.477597 0.128751  1.00969
 0.47834 0.131096    1.011 0.477598 0.128769  1.00971
 0.47834 0.131115  1.01102 0.477599 0.128787  1.00973
 0.47834 0.131134  1.01104   0.4776 0.128805  1.00975
 0.47834 0.131154  1.01106   0.4776 0.128824  1.00976
 0.47834 0.131173  1.01108 0.477601 0.128842  1.00978
 0.47834 0.131192   1.0111 0.477601  0.12886   1.0098
 0.47834 0.131211  1.01112 0.477602 0.128878  1.00982
 0.47834 0.131231  1.01113 0.477602 0.128897  1.00984
0.47834 0.13125 1.01115 0.477603 0.128915  1.00986
 0.47834 0.131269  1.01117 0.477603 0.128933  1.00988
 0.47834 0.131288  1.01119 0.477604 0.128952   1.0099
 0.47834 0.131308  1.01121 0.477604  0.12897  1.00992
 0.47834 0.131327  1.01123 0.477604 0.128988  1.00994
 0.47834 0.131346  1.01125 0.477605 0.129007  1.00996
 0.47834 0.131365  1.01127 0.477605 0.129025  1.00998
 0.47834 0.131385  1.01129 0.477605 0.129044     1.01
 0.47834 0.131404  1.01131 0.477606 0.129062  1.01002
 0.47834 0.131423  1.01133 0.477606  0.12908  1.01004
 0.47834 0.131443  1.01135 0.477606 0.129099  1.01006
 0.47834 0.131462  1.01137 0.477606 0.129117  1.01008
 0.47834 0.131481  1.01139 0.477607 0.129136   1.0101
 0.47834 0.131501   1.0114 0.477607 0.129155  1.01012
0.47834 0.13152 1.01142 0.477607 0.129173  1.01014
 0.47834 0.131539  1.01144 0.477607 0.129192  1.01015
 0.47834 0.131559  1.01146 0.477607  0.12921  1.01017
 0.47834 0.131578  1.01148 0.477608 0.129229  1.01019
 0.47834 0.131597   1.0115 0.477608 0.129248  1.01021
 0.47834 0.131617  1.01152 0.477608 0.129266  1.01023
 0.47834 0.131636  1.01154 0.477608 0.129285  1.01025
 0.47834 0.131655  1.01156 0.477608 0.129304  1.01027
 0.47834 0.131675  1.01158 0.477608 0.129323  1.01029
 0.47834 0.131694   1.0116 0.477608 0.129341  1.01031
 0.47834 0.131714  1.01162 0.477608  0.12936  1.01033
 0.47834 0.131733  1.01164 0.477608 0.129379  1.01035
 0.47834 0.131752  1.01166 0.477608 0.129398  1.01037
 0.47834 0.131772  1.01168 0.477608 0.129417  1.01038
 0.47834 0.131791   1.0117 0.477608 0.129436   1.0104
 0.47834 0.131811  1.01171 0.477608 0.129455  1.01042
0.47834 0.13183 1.01173 0.477608 0.129473  1.01044
0.47834 0.13185 1.01175 0.477608 0.129492  1.01046
 0.47834 0.131869  1.01177 0.477608 0.129511  1.01048
 0.47834 0.131889  1.01179 0.477608  0.12953   1.0105
 0.47834 0.131908  1.01181 0.477608 0.129549  1.01052
 0.47834 0.131928  1.01183 0.477608 0.129568  1.01053
 0.47834 0.131947  1.01185 0.477608 0.129588  1.01055
 0.47834 0.131967  1.01187 0.477608 0.129607  1.01057
 0.47834 0.131986  1.01189 0.477608 0.129626  1.01059
 0.47834 0.132006  1.01191 0.477608 0.129645  1.01061
 0.47834 0.132025  1.01193 0.477608 0.129664  1.01063
 0.47834 0.132045  1.01195 0.477608 0.129683  1.01064
 0.47834 0.132064  1.01197 0.477608 0.129702  1.01066
 0.47834 0.132084  1.01199 0.477608 0.129721  1.01068
 0.47834 0.132103  1.01201 0.477608 0.129741   1.0107
 0.47834 0.132123  1.01203 0.477608  0.12976  1.01072
 0.47834 0.132142  1.01205 0.477608 0.129779  1.01074
 0.47834 0.132162  1.01207 0.477609 0.129798  1.01075
 0.47834 0.132182  1.01209 0.477609 0.129817  1.01077
 0.47834 0.132201  1.01211 0.477609 0.129837  1.01079
 0.47834 0.132221  1.01212 0.477609 0.129856  1.01081
0.47834 0.13224 1.01214 0.477609 0.129875  1.01083
0.47834 0.13226 1.01216 0.477609 0.129894  1.01084
0.47834 0.13228 1.01218 0.477609 0.129913  1.01086
 0.47834 0.132299   1.0122 0.477609 0.129932  1.01088
 0.47834 0.132319  1.01222 0.477609 0.129952   1.0109
 0.47834 0.132339  1.01224 0.477609 0.129971  1.01092
 0.47834 0.132358  1.01226 0.477609  0.12999  1.01093
 0.47834 0.132378  1.01228  0.47761 0.130009  1.01095
 0.47834 0.132398   1.0123  0.47761 0.130028  1.01097
 0.47834 0.132417  1.01232  0.47761 0.130047  1.01099
 0.47834 0.132437  1.01234  0.47761 0.130066    1.011
 0.47834 0.132457  1.01236  0.47761 0.130086  1.01102
 0.47834 0.132476  1.01238 0.477611 0.130105  1.01104
 0.47834 0.132496   1.0124 0.477611 0.130124  1.01106
 0.47834 0.132516  1.01242 0.477611 0.130143  1.01107
 0.47834 0.132535  1.01244 0.477611 0.130162  1.01109
 0.47834 0.132555  1.01246 0.477612 0.130181  1.01111
 0.47834 0.132575  1.01248 0.477612   0.1302  1.01113
 0.47834 0.132594   1.0125 0.477612 0.130219  1.01114
 0.47834 0.132614  1.01252 0.477613 0.130238  1.01116
 0.47834 0.132634  1.01254 0.477613 0.130257  1.01118
 0.47834 0.132654  1.01256 0.477613 0.130276   1.0112
 0.47834 0.132673  1.01258 0.477614 0.130295  1.01121
 0.47834 0.132693   1.0126 0.477614 0.130314  1.01123
 0.47834 0.132713  1.01262 0.477615 0.130333  1.01125
 0.47834 0.132733  1.01264 0.477615 0.130352  1.01126
 0.47834 0.132753  1.01266 0.477616  0.13037  1.01128
 0.47834 0.132772  1.01268 0.477616 0.130389   1.0113
 0.47834 0.132792   1.0127 0.477617 0.130408  1.01132
 0.47834 0.132812  1.01272 0.477617 0.130427  1.01133
 0.47834 0.132832  1.01274 0.477618 0.130446  1.01135
 0.47834 0.132852  1.01276 0.477618 0.130465  1.01137
 0.47834 0.132871  1.01278 0.477619 0.130484  1.01139
 0.47834 0.132891   1.0128 0.477619 0.130503   1.0114
 0.47834 0.132911  1.01282  0.47762 0.130521  1.01142
 0.47834 0.132931  1.01283 0.477621  0.13054  1.01144
 0.47834 0.132951  1.01285 0.477621 0.130559  1.01145
 0.47834 0.132971  1.01287 0.477622 0.130578  1.01147
 0.47834 0.132991  1.01289 0.477623 0.130597  1.01149
0.47834 0.13301 1.01291 0.477623 0.130615   1.0115
0.47834 0.13303 1.01293 0.477624 0.130634  1.01152
0.47834 0.13305 1.01295 0.477625 0.130653  1.01154
0.47834 0.13307 1.01297 0.477625 0.130672  1.01156
0.47834 0.13309 1.01299 0.477626 0.130691  1.01157
0.47834 0.13311 1.01301 0.477627 0.130709  1.01159
0.47834 0.13313 1.01303 0.477628 0.130728  1.01161
0.47834 0.13315 1.01305 0.477629 0.130747  1.01162
0.47834 0.13317 1.01307 0.477629 0.130766  1.01164
0.47834 0.13319 1.01309  0.47763 0.130784  1.01166
0.47834 0.13321 1.01311 0.477631 0.130803  1.01168
0.47834 0.13323 1.01313 0.477632 0.130822  1.01169
0.47834 0.13325 1.01315 0.477633 0.130841  1.01171
 0.47834 0.133269  1.01317 0.477634  0.13086  1.01173
 0.47834 0.133289  1.01319 0.477635 0.130878  1.01174
 0.47834 0.133309  1.01321 0.477636 0.130897  1.01176
 0.47834 0.133329  1.01323 0.477637 0.130916  1.01178
 0.47834 0.133349  1.01325 0.477638 0.130935   1.0118
 0.47834 0.133369  1.01327 0.477639 0.130954  1.01181
 0.47834 0.133389  1.01329  0.47764 0.130973  1.01183
 0.47834 0.133409  1.01331 0.477641 0.130991  1.01185
 0.47834 0.133429  1.01333 0.477642  0.13101  1.01186
 0.47834 0.133449  1.01335 0.477643 0.131029  1.01188
0.47834 0.13347 1.01337 0.477644 0.131048   1.0119
0.47834 0.13349 1.01339 0.477645 0.131067  1.01192
0.47834 0.13351 1.01341 0.477646 0.131086  1.01193
0.47834 0.13353 1.01343 0.477647 0.131105  1.01195
0.47834 0.13355 1.01345 0.477648 0.131124  1.01197
0.47834 0.13357 1.01347  0.47765 0.131142  1.01198
0.47834 0.13359 1.01349 0.477651 0.131161    1.012
0.47834 0.13361 1.01351 0.477652  0.13118  1.01202
0.47834 0.13363 1.01353 0.477653 0.131199  1.01204
0.47834 0.13365 1.01355 0.477654 0.131218  1.01205
0.47834 0.13367 1.01357 0.477656 0.131237  1.01207
0.47834 0.13369 1.01359 0.477657 0.131256  1.01209
0.47834 0.13371 1.01361 0.477658 0.131275  1.01211
 0.47834 0.133731  1.01363 0.477659 0.131295  1.01212
 0.47834 0.133751  1.01365 0.477661 0.131314  1.01214
 0.47834 0.133771  1.01367 0.477662 0.131333  1.01216
 0.47834 0.133791  1.01369 0.477663 0.131352  1.01218
 0.47834 0.133811  1.01372 0.477664 0.131371  1.01219
 0.47834 0.133831  1.01374 0.477666  0.13139  1.01221
 0.47834 0.133852  1.01376 0.477667 0.131409  1.01223
 0.47834 0.133872  1.01378 0.477668 0.131429  1.01225
 0.47834 0.133892   1.0138  0.47767 0.131448  1.01226
 0.47834 0.133912  1.01382 0.477671 0.131467  1.01228
 0.47834 0.133932  1.01384 0.477672 0.131487   1.0123
 0.47834 0.133952  1.01386 0.477674 0.131506  1.01232
 0.47834 0.133973  1.01388 0.477675 0.131525  1.01234
 0.47834 0.133993   1.0139 0.477676 0.131545  1.01235
 0.47834 0.134013  1.01392 0.477678 0.131564  1.01237
 0.47834 0.134033  1.01394 0.477679 0.131583  1.01239
 0.47834 0.134054  1.01396 0.477681 0.131603  1.01241
 0.47834 0.134074  1.01398 0.477682 0.131622  1.01242
 0.47834 0.134094    1.014 0.477683 0.131642  1.01244
 0.47834 0.134114  1.01402 0.477685 0.131661  1.01246
 0.47834 0.134135  1.01404 0.477686 0.131681  1.01248
 0.47834 0.134155  1.01406 0.477687   0.1317   1.0125
 0.47834 0.134175  1.01408 0.477689  0.13172  1.01251
 0.47834 0.134195   1.0141  0.47769 0.131739  1.01253
 0.47834 0.134216  1.01412 0.477692 0.131759  1.01255
 0.47834 0.134236  1.01414 0.477693 0.131778  1.01257
 0.47834 0.134256  1.01416 0.477694 0.131798  1.01259
 0.47834 0.134277  1.01418 0.477696 0.131817  1.01261
 0.47834 0.134297   1.0142 0.477697 0.131837  1.01262
 0.47834 0.134317  1.01422 0.477699 0.131857  1.01264
 0.47834 0.134338  1.01424   0.4777 0.131876  1.01266
 0.47834 0.134358  1.01426 0.477701 0.131896  1.01268
 0.47834 0.134378  1.01428 0.477703 0.131916   1.0127
 0.47834 0.134399   1.0143 0.477704 0.131935  1.01271
 0.47834 0.134419  1.01432 0.477706 0.131955  1.01273
 0.47834 0.134439  1.01434 0.477707 0.131975  1.01275
0.47834 0.13446 1.01436 0.477708 0.131995  1.01277
0.47834 0.13448 1.01438  0.47771 0.132014  1.01279
0.47834  0.1345  1.0144 0.477711 0.132034  1.01281
 0.47834 0.134521  1.01442 0.477712 0.132054  1.01283
 0.47834 0.134541  1.01445 0.477714 0.132074  1.01284
 0.47834 0.134562  1.01447 0.477715 0.132093  1.01286
 0.47834 0.134582  1.01449 0.477716 0.132113  1.01288
 0.47834 0.134603  1.01451 0.477718 0.132133   1.0129
 0.47834 0.134623  1.01453 0.477719 0.132153  1.01292
 0.47834 0.134643  1.01455  0.47772 0.132173  1.01294
 0.47834 0.134664  1.01457 0.477721 0.132192  1.01296
 0.47834 0.134684  1.01459 0.477723 0.132212  1.01297
 0.47834 0.134705  1.01461 0.477724 0.132232  1.01299
 0.47834 0.134725  1.01463 0.477725 0.132252  1.01301
 0.47834 0.134746  1.01465 0.477727 0.132272  1.01303
 0.47834 0.134766  1.01467 0.477728 0.132292  1.01305
 0.47834 0.134787  1.01469 0.477729 0.132312  1.01307
 0.47834 0.134807  1.01471  0.47773 0.132332  1.01309
 0.47834 0.134828  1.01473 0.477731 0.132352  1.01311
 0.47834 0.134848  1.01475 0.477733 0.132371  1.01313
 0.47834 0.134869  1.01477 0.477734 0.132391  1.01314
 0.47834 0.134889  1.01479 0.477735 0.132411  1.01316
0.47834 0.13491 1.01481 0.477736 0.132431  1.01318
0.47834 0.13493 1.01483 0.477737 0.132451   1.0132
 0.47834 0.134951  1.01485 0.477738 0.132471  1.01322
 0.47834 0.134971  1.01488  0.47774 0.132491  1.01324
 0.47834 0.134992   1.0149 0.477741 0.132511  1.01326
 0.47834 0.135012  1.01492 0.477742 0.132531  1.01328
 0.47834 0.135033  1.01494 0.477743 0.132551   1.0133
 0.47834 0.135053  1.01496 0.477744 0.132571  1.01332
 0.47834 0.135074  1.01498 0.477745 0.132591  1.01334
 0.47834 0.135095    1.015 0.477746 0.132611  1.01335
 0.47834 0.135115  1.01502 0.477747 0.132631  1.01337
 0.47834 0.135136  1.01504 0.477748 0.132651  1.01339
 0.47834 0.135156  1.01506 0.477749 0.132671  1.01341
 0.47834 0.135177  1.01508  0.47775 0.132691  1.01343
 0.47834 0.135198   1.0151 0.477751 0.132711  1.01345
 0.47834 0.135218  1.01512 0.477752 0.132731  1.01347
 0.47834 0.135239  1.01514 0.477753 0.132751  1.01349
0.47834 0.13526 1.01516 0.477754 0.132771  1.01351
0.47834 0.13528 1.01518 0.477755 0.132791  1.01353
 0.47834 0.135301   1.0152 0.477755 0.132811  1.01355
 0.47834 0.135321  1.01523 0.477756 0.132831  1.01357
 0.47834 0.135342  1.01525 0.477757 0.132851  1.01359
 0.47834 0.135363  1.01527 0.477758 0.132871  1.01361
 0.47834 0.135383  1.01529 0.477759 0.132891  1.01363
 0.47834 0.135404  1.01531 0.477759 0.132911  1.01365
 0.47834 0.135425  1.01533  0.47776 0.132931  1.01366
 0.47834 0.135446  1.01535 0.477761 0.132951  1.01368
 0.47834 0.135466  1.01537 0.477762 0.132971   1.0137
 0.47834 0.135487  1.01539 0.477762 0.132991  1.01372
 0.47834 0.135508  1.01541 0.477763 0.133011  1.01374
 0.47834 0.135528  1.01543 0.477764 0.133031  1.01376
 0.47834 0.135549  1.01545 0.477764 0.133051  1.01378
0.47834 0.13557 1.01547 0.477765 0.133071   1.0138
 0.47834 0.135591  1.01549 0.477765 0.133091  1.01382
 0.47834 0.135611  1.01552 0.477766 0.133111  1.01384
 0.47834 0.135632  1.01554 0.477767 0.133131  1.01386
 0.47834 0.135653  1.01556 0.477767 0.133151  1.01388
 0.47834 0.135674  1.01558 0.477768 0.133172   1.0139
 0.47834 0.135694   1.0156 0.477768 0.133192  1.01392
 0.47834 0.135715  1.01562 0.477769 0.133212  1.01394
 0.47834 0.135736  1.01564 0.477769 0.133232  1.01396
 0.47834 0.135757  1.01566 0.477769 0.133252  1.01398
 0.47834 0.135778  1.01568  0.47777 0.133272    1.014
 0.47834 0.135798   1.0157  0.47777 0.133292  1.01402
 0.47834 0.135819  1.01572  0.47777 0.133312  1.01404
0.47834 0.13584 1.01574 0.477771 0.133332  1.01406
 0.47834 0.135861  1.01576 0.477771 0.133352  1.01408
 0.47834 0.135882  1.01579 0.477771 0.133372   1.0141
 0.47834 0.135903  1.01581 0.477772 0.133393  1.01412
 0.47834 0.135923  1.01583 0.477772 0.133413  1.01414
 0.47834 0.135944  1.01585 0.477772 0.133433  1.01416
 0.47834 0.135965  1.01587 0.477772 0.133453  1.01418
 0.47834 0.135986  1.01589 0.477773 0.133473   1.0142
 0.47834 0.136007  1.01591 0.477773 0.133493  1.01422
 0.47834 0.136028  1.01593 0.477773 0.133513  1.01424
 0.47834 0.136049  1.01595 0.477773 0.133533  1.01426
0.47834 0.13607 1.01597 0.477773 0.133554  1.01428
0.47834 0.13609 1.01599 0.477773 0.133574  1.01429
 0.47834 0.136111  1.01602 0.477773 0.133594  1.01431
 0.47834 0.136132  1.01604 0.477773 0.133614  1.01433
 0.47834 0.136153  1.01606 0.477773 0.133634  1.01435
 0.47834 0.136174  1.01608 0.477773 0.133654  1.01437
 0.47834 0.136195   1.0161 0.477773 0.133674  1.01439
 0.47834 0.136216  1.01612 0.477773 0.133695  1.01441
 0.47834 0.136237  1.01614 0.477773 0.133715  1.01443
 0.47834 0.136258  1.01616 0.477773 0.133735  1.01445
 0.47834 0.136279  1.01618 0.477773 0.133755  1.01447
0.47834  0.1363  1.0162 0.477773 0.133775  1.01449
 0.47834 0.136321  1.01622 0.477773 0.133796  1.01451
 0.47834 0.136342  1.01625 0.477773 0.133816  1.01453
 0.47834 0.136363  1.01627 0.477772 0.133836  1.01455
 0.47834 0.136384  1.01629 0.477772 0.133856  1.01457
 0.47834 0.136405  1.01631 0.477772 0.133877  1.01459
 0.47834 0.136426  1.01633 0.477772 0.133897  1.01461
 0.47834 0.136447  1.01635 0.477772 0.133917  1.01463
 0.47834 0.136468  1.01637 0.477771 0.133937  1.01465
 0.47834 0.136489  1.01639 0.477771 0.133958  1.01467
0.47834 0.13651 1.01641 0.477771 0.133978  1.01469
 0.47834 0.136531  1.01643  0.47777 0.133998  1.01471
 0.47834 0.136552  1.01646  0.47777 0.134019  1.01473
 0.47834 0.136573  1.01648  0.47777 0.134039  1.01475
 0.47834 0.136594   1.0165 0.477769 0.134059  1.01477
 0.47834 0.136615  1.01652 0.477769  0.13408  1.01479
 0.47834 0.136636  1.01654 0.477769   0.1341  1.01481
 0.47834 0.136657  1.01656 0.477768  0.13412  1.01483
 0.47834 0.136678  1.01658 0.477768 0.134141  1.01485
 0.47834 0.136699   1.0166 0.477767 0.134161  1.01487
 0.47834 0.136721  1.01662 0.477767 0.134181  1.01489
 0.47834 0.136742  1.01665 0.477766 0.134202  1.01491
 0.47834 0.136763  1.01667 0.477766 0.134222  1.01493
 0.47834 0.136784  1.01669 0.477766 0.134243  1.01495
 0.47834 0.136805  1.01671 0.477765 0.134263  1.01497
 0.47834 0.136826  1.01673 0.477764 0.134283  1.01499
 0.47834 0.136847  1.01675 0.477764 0.134304  1.01501
 0.47834 0.136868  1.01677 0.477763 0.134324  1.01503
0.47834 0.13689 1.01679 0.477763 0.134345  1.01505
 0.47834 0.136911  1.01681 0.477762 0.134365  1.01507
 0.47834 0.136932  1.01684 0.477762 0.134386   1.0151
 0.47834 0.136953  1.01686 0.477761 0.134406  1.01512
 0.47834 0.136974  1.01688 0.477761 0.134427  1.01514
 0.47834 0.136995   1.0169  0.47776 0.134447  1.01516
 0.47834 0.137017  1.01692 0.477759 0.134468  1.01518
 0.47834 0.137038  1.01694 0.477759 0.134489   1.0152
 0.47834 0.137059  1.01696 0.477758 0.134509  1.01522
0.47834 0.13708 1.01698 0.477757  0.13453  1.01524
 0.47834 0.137101  1.01701 0.477757  0.13455  1.01526
 0.47834 0.137123  1.01703 0.477756 0.134571  1.01528
 0.47834 0.137144  1.01705 0.477756 0.134591   1.0153
 0.47834 0.137165  1.01707 0.477755 0.134612  1.01532
 0.47834 0.137186  1.01709 0.477754 0.134633  1.01534
 0.47834 0.137208  1.01711 0.477753 0.134653  1.01536
 0.47834 0.137229  1.01713 0.477753 0.134674  1.01538
0.47834 0.13725 1.01715 0.477752 0.134695   1.0154
 0.47834 0.137271  1.01718 0.477751 0.134715  1.01542
 0.47834 0.137293   1.0172 0.477751 0.134736  1.01544
 0.47834 0.137314  1.01722  0.47775 0.134757  1.01546
 0.47834 0.137335  1.01724 0.477749 0.134778  1.01548
 0.47834 0.137357  1.01726 0.477749 0.134798   1.0155
 0.47834 0.137378  1.01728 0.477748 0.134819  1.01552
 0.47834 0.137399   1.0173 0.477747  0.13484  1.01554
0.47834 0.13742 1.01732 0.477746 0.134861  1.01556
 0.47834 0.137442  1.01735 0.477746 0.134882  1.01558
 0.47834 0.137463  1.01737 0.477745 0.134902   1.0156
 0.47834 0.137484  1.01739 0.477744 0.134923  1.01562
 0.47834 0.137506  1.01741 0.477743 0.134944  1.01564
 0.47834 0.137527  1.01743 0.477743 0.134965  1.01566
 0.47834 0.137548  1.01745 0.477742 0.134986  1.01569
0.47834 0.13757 1.01747 0.477741 0.135007  1.01571
 0.47834 0.137591   1.0175  0.47774 0.135027  1.01573
 0.47834 0.137613  1.01752  0.47774 0.135048  1.01575
 0.47834 0.137634  1.01754 0.477739 0.135069  1.01577
 0.47834 0.137655  1.01756 0.477738  0.13509  1.01579
 0.47834 0.137677  1.01758 0.477737 0.135111  1.01581
 0.47834 0.137698   1.0176 0.477737 0.135132  1.01583
0.47834 0.13772 1.01762 0.477736 0.135153  1.01585
 0.47834 0.137741  1.01764 0.477735 0.135174  1.01587
 0.47834 0.137762  1.01767 0.477734 0.135195  1.01589
 0.47834 0.137784  1.01769 0.477734 0.135216  1.01591
 0.47834 0.137805  1.01771 0.477733 0.135237  1.01593
 0.47834 0.137827  1.01773 0.477732 0.135258  1.01595
 0.47834 0.137848  1.01775 0.477731 0.135279  1.01597
0.47834 0.13787 1.01777 0.477731   0.1353    1.016
 0.47834 0.137891  1.01779  0.47773 0.135321  1.01602
 0.47834 0.137912  1.01782 0.477729 0.135342  1.01604
 0.47834 0.137934  1.01784 0.477729 0.135364  1.01606
 0.47834 0.137955  1.01786 0.477728 0.135385  1.01608
 0.47834 0.137977  1.01788 0.477727 0.135406   1.0161
 0.47834 0.137998   1.0179 0.477726 0.135427  1.01612
0.47834 0.13802 1.01792 0.477726 0.135448  1.01614
 0.47834 0.138041  1.01795 0.477725 0.135469  1.01616
 0.47834 0.138063  1.01797 0.477724  0.13549  1.01618
 0.47834 0.138084  1.01799 0.477724 0.135512  1.01621
 0.47834 0.138106  1.01801 0.477723 0.135533  1.01623
 0.47834 0.138127  1.01803 0.477722 0.135554  1.01625
 0.47834 0.138149  1.01805 0.477722 0.135575  1.01627
0.47834 0.13817 1.01807 0.477721 0.135596  1.01629
 0.47834 0.138192   1.0181  0.47772 0.135618  1.01631
 0.47834 0.138214  1.01812  0.47772 0.135639  1.01633
 0.47834 0.138235  1.01814 0.477719  0.13566  1.01635
 0.47834 0.138257  1.01816 0.477718 0.135681  1.01637
 0.47834 0.138278  1.01818 0.477718 0.135703   1.0164
0.47834  0.1383  1.0182 0.477717 0.135724  1.01642
 0.47834 0.138321  1.01823 0.477716 0.135745  1.01644
 0.47834 0.138343  1.01825 0.477716 0.135767  1.01646
 0.47834 0.138365  1.01827 0.477715 0.135788  1.01648
 0.47834 0.138386  1.01829 0.477714 0.135809   1.0165
 0.47834 0.138408  1.01831 0.477714 0.135831  1.01652
 0.47834 0.138429  1.01833 0.477713 0.135852  1.01654
 0.47834 0.138451  1.01835 0.477713 0.135873  1.01657
 0.47834 0.138473  1.01838 0.477712 0.135895  1.01659
 0.47834 0.138494   1.0184 0.477711 0.135916  1.01661
 0.47834 0.138516  1.01842 0.477711 0.135938  1.01663
 0.47834 0.138538  1.01844  0.47771 0.135959  1.01665
 0.47834 0.138559  1.01846 0.477709  0.13598  1.01667
 0.47834 0.138581  1.01848 0.477709 0.136002   1.0167
 0.47834 0.138603  1.01851 0.477708 0.136023  1.01672
 0.47834 0.138624  1.01853 0.477708 0.136045  1.01674
 0.47834 0.138646  1.01855 0.477707 0.136066  1.01676
 0.47834 0.138668  1.01857 0.477707 0.136088  1.01678
 0.47834 0.138689  1.01859 0.477706 0.136109   1.0168
 0.47834 0.138711  1.01861 0.477706 0.136131  1.01682
 0.47834 0.138733  1.01864 0.477705 0.136152  1.01685
 0.47834 0.138754  1.01866 0.477704 0.136174  1.01687
 0.47834 0.138776  1.01868 0.477704 0.136195  1.01689
 0.47834 0.138798   1.0187 0.477703 0.136217  1.01691
0.47834 0.13882 1.01872 0.477703 0.136238  1.01693
 0.47834 0.138841  1.01875 0.477702  0.13626  1.01696
 0.47834 0.138863  1.01877 0.477702 0.136281  1.01698
 0.47834 0.138885  1.01879 0.477701 0.136303    1.017
 0.47834 0.138907  1.01881 0.477701 0.136324  1.01702
 0.47834 0.138928  1.01883   0.4777 0.136346  1.01704
0.47834 0.13895 1.01885   0.4777 0.136367  1.01706
 0.47834 0.138972  1.01888 0.477699 0.136389  1.01709
 0.47834 0.138994   1.0189 0.477699 0.136411  1.01711
 0.47834 0.139015  1.01892 0.477698 0.136432  1.01713
 0.47834 0.139037  1.01894 0.477698 0.136454  1.01715
 0.47834 0.139059  1.01896 0.477698 0.136475  1.01717
 0.47834 0.139081  1.01898 0.477697 0.136497   1.0172
 0.47834 0.139103  1.01901 0.477697 0.136519  1.01722
 0.47834 0.139124  1.01903 0.477696  0.13654  1.01724
 0.47834 0.139146  1.01905 0.477696 0.136562  1.01726
 0.47834 0.139168  1.01907 0.477695 0.136584  1.01729
0.47834 0.13919 1.01909 0.477695 0.136605  1.01731
 0.47834 0.139212  1.01912 0.477694 0.136627  1.01733
 0.47834 0.139234  1.01914 0.477694 0.136648  1.01735
 0.47834 0.139255  1.01916 0.477693  0.13667  1.01737
 0.47834 0.139277  1.01918 0.477693 0.136692   1.0174
 0.47834 0.139299   1.0192 0.477693 0.136714  1.01742
 0.47834 0.139321  1.01922 0.477692 0.136735  1.01744
 0.47834 0.139343  1.01925 0.477692 0.136757  1.01746
 0.47834 0.139365  1.01927 0.477691 0.136779  1.01749
 0.47834 0.139387  1.01929 0.477691   0.1368  1.01751
 0.47834 0.139409  1.01931  0.47769 0.136822  1.01753
 0.47834 0.139431  1.01933  0.47769 0.136844  1.01755
 0.47834 0.139452  1.01936  0.47769 0.136865  1.01758
 0.47834 0.139474  1.01938 0.477689 0.136887   1.0176
 0.47834 0.139496   1.0194 0.477689 0.136909  1.01762
 0.47834 0.139518  1.01942 0.477688 0.136931  1.01764
0.47834 0.13954 1.01944 0.477688 0.136952  1.01766
 0.47834 0.139562  1.01947 0.477687 0.136974  1.01769
 0.47834 0.139584  1.01949 0.477687 0.136996  1.01771
 0.47834 0.139606  1.01951 0.477687 0.137018  1.01773
 0.47834 0.139628  1.01953 0.477686 0.137039  1.01775
0.47834 0.13965 1.01955 0.477686 0.137061  1.01778
 0.47834 0.139672  1.01958 0.477685 0.137083   1.0178
 0.47834 0.139694   1.0196 0.477685 0.137105  1.01782
 0.47834 0.139716  1.01962 0.477684 0.137126  1.01785
 0.47834 0.139738  1.01964 0.477684 0.137148  1.01787
0.47834 0.13976 1.01966 0.477684  0.13717  1.01789
 0.47834 0.139782  1.01969 0.477683 0.137192  1.01791
 0.47834 0.139804  1.01971 0.477683 0.137214  1.01794
 0.47834 0.139826  1.01973 0.477682 0.137235  1.01796
 0.47834 0.139848  1.01975 0.477682 0.137257  1.01798
0.47834 0.13987 1.01977 0.477681 0.137279    1.018
 0.47834 0.139892   1.0198 0.477681 0.137301  1.01803
 0.47834 0.139914  1.01982 0.477681 0.137323  1.01805
 0.47834 0.139936  1.01984  0.47768 0.137344  1.01807
 0.47834 0.139958  1.01986  0.47768 0.137366  1.01809
0.47834 0.13998 1.01988 0.477679 0.137388  1.01812
 0.47834 0.140002  1.01991 0.477679  0.13741  1.01814
 0.47834 0.140024  1.01993 0.477678 0.137432  1.01816
 0.47834 0.140046  1.01995 0.477678 0.137454  1.01819
 0.47834 0.140068  1.01997 0.477677 0.137475  1.01821
 0.47834 0.140091  1.01999 0.477677 0.137497  1.01823
 0.47834 0.140113  1.02002 0.477677 0.137519  1.01825
 0.47834 0.140135  1.02004 0.477676 0.137541  1.01828
 0.47834 0.140157  1.02006 0.477676 0.137563   1.0183
 0.47834 0.140179  1.02008 0.477675 0.137585  1.01832
 0.47834 0.140201   1.0201 0.477675 0.137606  1.01835
 0.47834 0.140223  1.02013 0.477674 0.137628  1.01837
 0.47834 0.140245  1.02015 0.477674  0.13765  1.01839
 0.47834 0.140267  1.02017 0.477673 0.137672  1.01841
0.47834 0.14029 1.02019 0.477673 0.137694  1.01844
 0.47834 0.140312  1.02022 0.477672 0.137716  1.01846
 0.47834 0.140334  1.02024 0.477672 0.137738  1.01848
 0.47834 0.140356  1.02026 0.477671 0.137759  1.01851
 0.47834 0.140378  1.02028 0.477671 0.137781  1.01853
0.47834  0.1404  1.0203  0.47767 0.137803  1.01855
 0.47834 0.140423  1.02033  0.47767 0.137825  1.01858
 0.47834 0.140445  1.02035 0.477669 0.137847   1.0186
 0.47834 0.140467  1.02037 0.477669 0.137869  1.01862
 0.47834 0.140489  1.02039 0.477668 0.137891  1.01864
 0.47834 0.140511  1.02042 0.477667 0.137913  1.01867
 0.47834 0.140534  1.02044 0.477667 0.137934  1.01869
 0.47834 0.140556  1.02046 0.477666 0.137956  1.01871
 0.47834 0.140578  1.02048 0.477666 0.137978  1.01874
0.47834  0.1406  1.0205 0.477665    0.138  1.01876
 0.47834 0.140622  1.02053 0.477665 0.138022  1.01878
 0.47834 0.140645  1.02055 0.477664 0.138044  1.01881
 0.47834 0.140667  1.02057 0.477663 0.138066  1.01883
 0.47834 0.140689  1.02059 0.477663 0.138088  1.01885
 0.47834 0.140712  1.02062 0.477662  0.13811  1.01888
 0.47834 0.140734  1.02064 0.477662 0.138131   1.0189
 0.47834 0.140756  1.02066 0.477661 0.138153  1.01892
 0.47834 0.140778  1.02068  0.47766 0.138175  1.01894
 0.47834 0.140801   1.0207  0.47766 0.138197  1.01897
 0.47834 0.140823  1.02073 0.477659 0.138219  1.01899
 0.47834 0.140845  1.02075 0.477659 0.138241  1.01901
 0.47834 0.140868  1.02077 0.477658 0.138263  1.01904
0.47834 0.14089 1.02079 0.477657 0.138285  1.01906
 0.47834 0.140912  1.02082 0.477657 0.138307  1.01908
 0.47834 0.140934  1.02084 0.477656 0.138329  1.01911
 0.47834 0.140957  1.02086 0.477655 0.138351  1.01913
 0.47834 0.140979  1.02088 0.477655 0.138373  1.01915
 0.47834 0.141001  1.02091 0.477654 0.138394  1.01918
 0.47834 0.141024  1.02093 0.477653 0.138416   1.0192
 0.47834 0.141046  1.02095 0.477653 0.138438  1.01922
 0.47834 0.141069  1.02097 0.477652  0.13846  1.01924
 0.47834 0.141091  1.02099 0.477651 0.138482  1.01927
 0.47834 0.141113  1.02102  0.47765 0.138504  1.01929
 0.47834 0.141136  1.02104  0.47765 0.138526  1.01931
 0.47834 0.141158  1.02106 0.477649 0.138548  1.01934
0.47834 0.14118 1.02108 0.477648  0.13857  1.01936
 0.47834 0.141203  1.02111 0.477648 0.138592  1.01938
 0.47834 0.141225  1.02113 0.477647 0.138614  1.01941
 0.47834 0.141248  1.02115 0.477646 0.138636  1.01943
0.47834 0.14127 1.02117 0.477645 0.138658  1.01945
 0.47834 0.141292   1.0212 0.477645  0.13868  1.01948
 0.47834 0.141315  1.02122 0.477644 0.138702   1.0195
 0.47834 0.141337  1.02124 0.477643 0.138724  1.01952
0.47834 0.14136 1.02126 0.477642 0.138746  1.01955
 0.47834 0.141382  1.02129 0.477642 0.138768  1.01957
 0.47834 0.141405  1.02131 0.477641  0.13879  1.01959
 0.47834 0.141427  1.02133  0.47764 0.138812  1.01962
0.47834 0.14145 1.02135 0.477639 0.138834  1.01964
 0.47834 0.141472  1.02138 0.477638 0.138856  1.01966
 0.47834 0.141494   1.0214 0.477637 0.138878  1.01969
 0.47834 0.141517  1.02142 0.477637   0.1389  1.01971
 0.47834 0.141539  1.02144 0.477636 0.138922  1.01973
 0.47834 0.141562  1.02147 0.477635 0.138944  1.01975
 0.47834 0.141584  1.02149 0.477634 0.138966  1.01978
 0.47834 0.141607  1.02151 0.477633 0.138988   1.0198
 0.47834 0.141629  1.02153 0.477633 0.139011  1.01982
 0.47834 0.141652  1.02156 0.477632 0.139033  1.01985
 0.47834 0.141674  1.02158 0.477631 0.139055  1.01987
 0.47834 0.141697   1.0216  0.47763 0.139077  1.01989
0.47834 0.14172 1.02162 0.477629 0.139099  1.01992
 0.47834 0.141742  1.02165 0.477628 0.139121  1.01994
 0.47834 0.141765  1.02167 0.477627 0.139143  1.01996
 0.47834 0.141787  1.02169 0.477627 0.139165  1.01999
0.47834 0.14181 1.02171 0.477626 0.139187  1.02001
 0.47834 0.141832  1.02174 0.477625 0.139209  1.02003
 0.47834 0.141855  1.02176 0.477624 0.139232  1.02006
 0.47834 0.141877  1.02178 0.477623 0.139254  1.02008
0.47834  0.1419  1.0218 0.477622 0.139276   1.0201
 0.47834 0.141923  1.02183 0.477621 0.139298  1.02013
 0.47834 0.141945  1.02185 0.47762 0.13932 1.02015
 0.47834 0.141968  1.02187 0.477619 0.139342  1.02017
0.47834 0.14199 1.02189 0.477618 0.139364   1.0202
 0.47834 0.142013  1.02192 0.477618 0.139387  1.02022
 0.47834 0.142036  1.02194 0.477617 0.139409  1.02024
 0.47834 0.142058  1.02196 0.477616 0.139431  1.02027
 0.47834 0.142081  1.02198 0.477615 0.139453  1.02029
 0.47834 0.142103  1.02201 0.477614 0.139475  1.02031
 0.47834 0.142126  1.02203 0.477613 0.139498  1.02034
 0.47834 0.142149  1.02205 0.477612  0.13952  1.02036
 0.47834 0.142171  1.02208 0.477611 0.139542  1.02038
 0.47834 0.142194   1.0221  0.47761 0.139564  1.02041
 0.47834 0.142217  1.02212 0.477609 0.139586  1.02043
 0.47834 0.142239  1.02214 0.477608 0.139609  1.02045
 0.47834 0.142262  1.02217 0.477607 0.139631  1.02048
 0.47834 0.142285  1.02219 0.477606 0.139653   1.0205
 0.47834 0.142307  1.02221 0.477605 0.139675  1.02052
0.47834 0.14233 1.02223 0.477604 0.139698  1.02055
 0.47834 0.142353  1.02226 0.477604  0.13972  1.02057
 0.47834 0.142376  1.02228 0.477603 0.139742  1.02059
 0.47834 0.142398   1.0223 0.477602 0.139764  1.02062
 0.47834 0.142421  1.02232 0.477601 0.139787  1.02064
 0.47834 0.142444  1.02235   0.4776 0.139809  1.02066
 0.47834 0.142466  1.02237 0.477599 0.139831  1.02069
 0.47834 0.142489  1.02239 0.477598 0.139854  1.02071
 0.47834 0.142512  1.02242 0.477597 0.139876  1.02073
 0.47834 0.142535  1.02244 0.477596 0.139898  1.02076
 0.47834 0.142557  1.02246 0.477595  0.13992  1.02078
0.47834 0.14258 1.02248 0.477594 0.139943   1.0208
 0.47834 0.142603  1.02251 0.477593 0.139965  1.02083
 0.47834 0.142626  1.02253 0.477592 0.139987  1.02085
 0.47834 0.142649  1.02255 0.477591  0.14001  1.02087
 0.47834 0.142671  1.02258  0.47759 0.140032   1.0209
 0.47834 0.142694   1.0226 0.477589 0.140055  1.02092
 0.47834 0.142717  1.02262 0.477588 0.140077  1.02094
0.47834 0.14274 1.02264 0.477587 0.140099  1.02097
 0.47834 0.142762  1.02267 0.477586 0.140122  1.02099
 0.47834 0.142785  1.02269 0.477585 0.140144  1.02101
 0.47834 0.142808  1.02271 0.477584 0.140166  1.02104
 0.47834 0.142831  1.02273 0.477583 0.140189  1.02106
 0.47834 0.142854  1.02276 0.477582 0.140211  1.02108
 0.47834 0.142877  1.02278 0.477581 0.140234  1.02111
 0.47834 0.142899   1.0228  0.47758 0.140256  1.02113
 0.47834 0.142922  1.02283  0.47758 0.140279  1.02115
 0.47834 0.142945  1.02285 0.477579 0.140301  1.02118
 0.47834 0.142968  1.02287 0.477578 0.140323   1.0212
 0.47834 0.142991  1.02289 0.477577 0.140346  1.02122
 0.47834 0.143014  1.02292 0.477576 0.140368  1.02125
 0.47834 0.143037  1.02294 0.477575 0.140391  1.02127
 0.47834 0.143059  1.02296 0.477574 0.140413  1.02129
 0.47834 0.143082  1.02299 0.477573 0.140436  1.02132
 0.47834 0.143105  1.02301 0.477572 0.140458  1.02134
 0.47834 0.143128  1.02303 0.477571 0.140481  1.02136
 0.47834 0.143151  1.02306  0.47757 0.140503  1.02139
 0.47834 0.143174  1.02308 0.477569 0.140526  1.02141
 0.47834 0.143197   1.0231 0.477568 0.140548  1.02143
0.47834 0.14322 1.02312 0.477567 0.140571  1.02146
 0.47834 0.143243  1.02315 0.477566 0.140593  1.02148
 0.47834 0.143266  1.02317 0.477565 0.140616   1.0215
 0.47834 0.143289  1.02319 0.477564 0.140639  1.02153
 0.47834 0.143312  1.02322 0.477564 0.140661  1.02155
 0.47834 0.143335  1.02324 0.477563 0.140684  1.02157
 0.47834 0.143357  1.02326 0.477562 0.140706   1.0216
0.47834 0.14338 1.02328 0.477561 0.140729  1.02162
 0.47834 0.143403  1.02331  0.47756 0.140751  1.02164
 0.47834 0.143426  1.02333 0.477559 0.140774  1.02167
 0.47834 0.143449  1.02335 0.477558 0.140797  1.02169
 0.47834 0.143472  1.02338 0.477557 0.140819  1.02171
 0.47834 0.143495   1.0234 0.477556 0.140842  1.02174
 0.47834 0.143518  1.02342 0.477556 0.140864  1.02176
 0.47834 0.143541  1.02345 0.477555 0.140887  1.02178
 0.47834 0.143564  1.02347 0.477554  0.14091  1.02181
 0.47834 0.143587  1.02349 0.477553 0.140932  1.02183
0.47834 0.14361 1.02351 0.477552 0.140955  1.02185
 0.47834 0.143633  1.02354 0.477551 0.140977  1.02188
 0.47834 0.143656  1.02356 0.47755   0.141  1.0219
 0.47834 0.143679  1.02358  0.47755 0.141023  1.02193
 0.47834 0.143703  1.02361 0.477549 0.141045  1.02195
 0.47834 0.143726  1.02363 0.477548 0.141068  1.02197
 0.47834 0.143749  1.02365 0.477547 0.141091    1.022
 0.47834 0.143772  1.02368 0.477546 0.141113  1.02202
 0.47834 0.143795   1.0237 0.477545 0.141136  1.02204
 0.47834 0.143818  1.02372 0.477545 0.141159  1.02207
 0.47834 0.143841  1.02374 0.477544 0.141182  1.02209
 0.47834 0.143864  1.02377 0.477543 0.141204  1.02211
 0.47834 0.143887  1.02379 0.477542 0.141227  1.02214
0.47834 0.14391 1.02381 0.477542  0.14125  1.02216
 0.47834 0.143933  1.02384 0.477541 0.141272  1.02218
 0.47834 0.143956  1.02386  0.47754 0.141295  1.02221
0.47834 0.14398 1.02388 0.477539 0.141318  1.02223
 0.47834 0.144003  1.02391 0.477538 0.141341  1.02225
 0.47834 0.144026  1.02393 0.477538 0.141363  1.02228
 0.47834 0.144049  1.02395 0.477537 0.141386   1.0223
 0.47834 0.144072  1.02398 0.477536 0.141409  1.02232
 0.47834 0.144095    1.024 0.477536 0.141431  1.02235
 0.47834 0.144118  1.02402 0.477535 0.141454  1.02237
 0.47834 0.144141  1.02405 0.477534 0.141477   1.0224
 0.47834 0.144165  1.02407 0.477533   0.1415  1.02242
 0.47834 0.144188  1.02409 0.477533 0.141522  1.02244
 0.47834 0.144211  1.02411 0.477532 0.141545  1.02247
 0.47834 0.144234  1.02414 0.477531 0.141568  1.02249
 0.47834 0.144257  1.02416 0.477531 0.141591  1.02251
 0.47834 0.144281  1.02418  0.47753 0.141614  1.02254
 0.47834 0.144304  1.02421 0.477529 0.141636  1.02256
 0.47834 0.144327  1.02423 0.477529 0.141659  1.02258
0.47834 0.14435 1.02425 0.477528 0.141682  1.02261
 0.47834 0.144373  1.02428 0.477527 0.141705  1.02263
 0.47834 0.144397   1.0243 0.477527 0.141727  1.02265
0.47834 0.14442 1.02432 0.477526  0.14175  1.02268
 0.47834 0.144443  1.02435 0.477525 0.141773   1.0227
 0.47834 0.144466  1.02437 0.477525 0.141796  1.02273
 0.47834 0.144489  1.02439 0.477524 0.141819  1.02275
 0.47834 0.144513  1.02442 0.477524 0.141841  1.02277
 0.47834 0.144536  1.02444 0.477523 0.141864   1.0228
 0.47834 0.144559  1.02446 0.477522 0.141887  1.02282
 0.47834 0.144583  1.02449 0.477522  0.14191  1.02284
 0.47834 0.144606  1.02451 0.477521 0.141933  1.02287
 0.47834 0.144629  1.02453 0.477521 0.141955  1.02289
 0.47834 0.144652  1.02456  0.47752 0.141978  1.02291
 0.47834 0.144676  1.02458  0.47752 0.142001  1.02294
 0.47834 0.144699   1.0246 0.477519 0.142024  1.02296
 0.47834 0.144722  1.02463 0.477518 0.142047  1.02299
 0.47834 0.144745  1.02465 0.477518 0.142069  1.02301
 0.47834 0.144769  1.02467 0.477517 0.142092  1.02303
 0.47834 0.144792   1.0247 0.477517 0.142115  1.02306
 0.47834 0.144815  1.02472 0.477516 0.142138  1.02308
 0.47834 0.144839  1.02474 0.477516 0.142161   1.0231
 0.47834 0.144862  1.02477 0.477515 0.142184  1.02313
 0.47834 0.144885  1.02479 0.477515 0.142206  1.02315
 0.47834 0.144909  1.02481 0.477514 0.142229  1.02317
 0.47834 0.144932  1.02484 0.477514 0.142252   1.0232
 0.47834 0.144955  1.02486 0.477513 0.142275  1.02322
 0.47834 0.144979  1.02488 0.477513 0.142298  1.02325
 0.47834 0.145002  1.02491 0.477513 0.142321  1.02327
 0.47834 0.145026  1.02493 0.477512 0.142343  1.02329
 0.47834 0.145049  1.02495 0.477512 0.142366  1.02332
 0.47834 0.145072  1.02498 0.477511 0.142389  1.02334
 0.47834 0.145096    1.025 0.477511 0.142412  1.02336
 0.47834 0.145119  1.02502  0.47751 0.142435  1.02339
 0.47834 0.145143  1.02505  0.47751 0.142458  1.02341
 0.47834 0.145166  1.02507 0.47751 0.14248 1.02343
 0.47834 0.145189  1.02509 0.477509 0.142503  1.02346
 0.47834 0.145213  1.02512 0.477509 0.142526  1.02348
 0.47834 0.145236  1.02514 0.477508 0.142549  1.02351
0.47834 0.14526 1.02516 0.477508 0.142572  1.02353
 0.47834 0.145283  1.02519 0.477508 0.142595  1.02355
 0.47834 0.145306  1.02521 0.477507 0.142617  1.02358
0.47834 0.14533 1.02523 0.477507  0.14264   1.0236
 0.47834 0.145353  1.02526 0.477507 0.142663  1.02362
 0.47834 0.145377  1.02528 0.477506 0.142686  1.02365
0.47834  0.1454  1.0253 0.477506 0.142709  1.02367
 0.47834 0.145424  1.02533 0.477505 0.142732  1.02369
 0.47834 0.145447  1.02535 0.477505 0.142755  1.02372
 0.47834 0.145471  1.02537 0.477505 0.142777  1.02374
 0.47834 0.145494   1.0254 0.477504   0.1428  1.02377
 0.47834 0.145518  1.02542 0.477504 0.142823  1.02379
 0.47834 0.145541  1.02545 0.477504 0.142846  1.02381
 0.47834 0.145565  1.02547 0.477504 0.142869  1.02384
 0.47834 0.145588  1.02549 0.477503 0.142892  1.02386
 0.47834 0.145612  1.02552 0.477503 0.142914  1.02388
 0.47834 0.145635  1.02554 0.477503 0.142937  1.02391
 0.47834 0.145659  1.02556 0.477502  0.14296  1.02393
 0.47834 0.145682  1.02559 0.477502 0.142983  1.02395
 0.47834 0.145706  1.02561 0.477502 0.143006  1.02398
 0.47834 0.145729  1.02563 0.477502 0.143029    1.024
 0.47834 0.145753  1.02566 0.477501 0.143051  1.02403
 0.47834 0.145776  1.02568 0.477501 0.143074  1.02405
0.47834  0.1458  1.0257 0.477501 0.143097  1.02407
 0.47834 0.145823  1.02573 0.477501  0.14312   1.0241
 0.47834 0.145847  1.02575   0.4775 0.143143  1.02412
 0.47834 0.145871  1.02577   0.4775 0.143166  1.02414
 0.47834 0.145894   1.0258   0.4775 0.143188  1.02417
 0.47834 0.145918  1.02582   0.4775 0.143211  1.02419
 0.47834 0.145941  1.02585 0.477499 0.143234  1.02421
 0.47834 0.145965  1.02587 0.477499 0.143257  1.02424
 0.47834 0.145989  1.02589 0.477499  0.14328  1.02426
 0.47834 0.146012  1.02592 0.477499 0.143303  1.02429
 0.47834 0.146036  1.02594 0.477499 0.143326  1.02431
 0.47834 0.146059  1.02596 0.477498 0.143348  1.02433
 0.47834 0.146083  1.02599 0.477498 0.143371  1.02436
 0.47834 0.146107  1.02601 0.477498 0.143394  1.02438
0.47834 0.14613 1.02603 0.477498 0.143417   1.0244
 0.47834 0.146154  1.02606 0.477498  0.14344  1.02443
 0.47834 0.146178  1.02608 0.477497 0.143463  1.02445
 0.47834 0.146201  1.02611 0.477497 0.143486  1.02448
 0.47834 0.146225  1.02613 0.477497 0.143508   1.0245
 0.47834 0.146249  1.02615 0.477497 0.143531  1.02452
 0.47834 0.146272  1.02618 0.477497 0.143554  1.02455
 0.47834 0.146296   1.0262 0.477496 0.143577  1.02457
0.47834 0.14632 1.02622 0.477496   0.1436  1.02459
 0.47834 0.146343  1.02625 0.477496 0.143623  1.02462
 0.47834 0.146367  1.02627 0.477496 0.143645  1.02464
 0.47834 0.146391  1.02629 0.477496 0.143668  1.02466
 0.47834 0.146414  1.02632 0.477496 0.143691  1.02469
 0.47834 0.146438  1.02634 0.477496 0.143714  1.02471
 0.47834 0.146462  1.02637 0.477495 0.143737  1.02474
 0.47834 0.146485  1.02639 0.477495  0.14376  1.02476
 0.47834 0.146509  1.02641 0.477495 0.143783  1.02478
 0.47834 0.146533  1.02644 0.477495 0.143805  1.02481
 0.47834 0.146557  1.02646 0.477495 0.143828  1.02483
0.47834 0.14658 1.02648 0.477495 0.143851  1.02485
 0.47834 0.146604  1.02651 0.477495 0.143874  1.02488
 0.47834 0.146628  1.02653 0.477495 0.143897   1.0249
 0.47834 0.146652  1.02656 0.477494  0.14392  1.02492
 0.47834 0.146675  1.02658 0.477494 0.143942  1.02495
 0.47834 0.146699   1.0266 0.477494 0.143965  1.02497
 0.47834 0.146723  1.02663 0.477494 0.143988  1.02499
 0.47834 0.146747  1.02665 0.477494 0.144011  1.02502
0.47834 0.14677 1.02667 0.477494 0.144034  1.02504
 0.47834 0.146794   1.0267 0.477494 0.144057  1.02507
 0.47834 0.146818  1.02672 0.477494  0.14408  1.02509
 0.47834 0.146842  1.02675 0.477494 0.144103  1.02511
 0.47834 0.146866  1.02677 0.477493 0.144125  1.02514
 0.47834 0.146889  1.02679 0.477493 0.144148  1.02516
 0.47834 0.146913  1.02682 0.477493 0.144171  1.02518
 0.47834 0.146937  1.02684 0.477493 0.144194  1.02521
 0.47834 0.146961  1.02686 0.477493 0.144217  1.02523
 0.47834 0.146985  1.02689 0.477493  0.14424  1.02525
 0.47834 0.147009  1.02691 0.477493 0.144263  1.02528
 0.47834 0.147032  1.02694 0.477493 0.144286   1.0253
 0.47834 0.147056  1.02696 0.477493 0.144309  1.02533
0.47834 0.14708 1.02698 0.477493 0.144332  1.02535
 0.47834 0.147104  1.02701 0.477493 0.144354  1.02537
 0.47834 0.147128  1.02703 0.477493 0.144377   1.0254
 0.47834 0.147152  1.02706 0.477492   0.1444  1.02542
 0.47834 0.147176  1.02708 0.477492 0.144423  1.02544
 0.47834 0.147199   1.0271 0.477492 0.144446  1.02547
 0.47834 0.147223  1.02713 0.477492 0.144469  1.02549
 0.47834 0.147247  1.02715 0.477492 0.144492  1.02551
 0.47834 0.147271  1.02718 0.477492 0.144515  1.02554
 0.47834 0.147295   1.0272 0.477492 0.144538  1.02556
 0.47834 0.147319  1.02722 0.477492 0.144561  1.02558
 0.47834 0.147343  1.02725 0.477492 0.144584  1.02561
 0.47834 0.147367  1.02727 0.477492 0.144607  1.02563
 0.47834 0.147391  1.02729 0.477492  0.14463  1.02566
 0.47834 0.147415  1.02732 0.477492 0.144653  1.02568
 0.47834 0.147439  1.02734 0.477492 0.144676   1.0257
 0.47834 0.147462  1.02737 0.477492   0.1447  1.02573
 0.47834 0.147486  1.02739 0.477492 0.144723  1.02575
0.47834 0.14751 1.02741 0.477492 0.144746  1.02577
 0.47834 0.147534  1.02744 0.477492 0.144769   1.0258
 0.47834 0.147558  1.02746 0.477492 0.144792  1.02582
 0.47834 0.147582  1.02749 0.477492 0.144815  1.02584
 0.47834 0.147606  1.02751 0.477492 0.144838  1.02587
0.47834 0.14763 1.02753 0.477492 0.144862  1.02589
 0.47834 0.147654  1.02756 0.477492 0.144885  1.02592
 0.47834 0.147678  1.02758 0.477492 0.144908  1.02594
 0.47834 0.147702  1.02761 0.477492 0.144931  1.02596
 0.47834 0.147726  1.02763 0.477492 0.144954  1.02599
0.47834 0.14775 1.02765 0.477492 0.144978  1.02601
 0.47834 0.147774  1.02768 0.477492 0.145001  1.02603
 0.47834 0.147798   1.0277 0.477492 0.145024  1.02606
 0.47834 0.147822  1.02773 0.477493 0.145048  1.02608
 0.47834 0.147846  1.02775 0.477493 0.145071   1.0261
0.47834 0.14787 1.02777 0.477493 0.145094  1.02613
 0.47834 0.147894   1.0278 0.477493 0.145118  1.02615
 0.47834 0.147918  1.02782 0.477493 0.145141  1.02617
 0.47834 0.147942  1.02785 0.477493 0.145164   1.0262
 0.47834 0.147966  1.02787 0.477493 0.145188  1.02622
0.47834 0.14799 1.02789 0.477493 0.145211  1.02625
 0.47834 0.148015  1.02792 0.477493 0.145235  1.02627
 0.47834 0.148039  1.02794 0.477493 0.145258  1.02629
 0.47834 0.148063  1.02797 0.477493 0.145281  1.02632
 0.47834 0.148087  1.02799 0.477493 0.145305  1.02634
 0.47834 0.148111  1.02801 0.477494 0.145328  1.02636
 0.47834 0.148135  1.02804 0.477494 0.145352  1.02639
 0.47834 0.148159  1.02806 0.477494 0.145375  1.02641
 0.47834 0.148183  1.02809 0.477494 0.145399  1.02643
 0.47834 0.148207  1.02811 0.477494 0.145422  1.02646
 0.47834 0.148231  1.02814 0.477494 0.145446  1.02648
 0.47834 0.148255  1.02816 0.477494  0.14547  1.02651
0.47834 0.14828 1.02818 0.477495 0.145493  1.02653
 0.47834 0.148304  1.02821 0.477495 0.145517  1.02655
 0.47834 0.148328  1.02823 0.477495  0.14554  1.02658
 0.47834 0.148352  1.02826 0.477495 0.145564   1.0266
 0.47834 0.148376  1.02828 0.477495 0.145588  1.02662
0.47834  0.1484  1.0283 0.477495 0.145611  1.02665
 0.47834 0.148424  1.02833 0.477496 0.145635  1.02667
 0.47834 0.148449  1.02835 0.477496 0.145659  1.02669
 0.47834 0.148473  1.02838 0.477496 0.145682  1.02672
 0.47834 0.148497   1.0284 0.477496 0.145706  1.02674
 0.47834 0.148521  1.02843 0.477496  0.14573  1.02676
 0.47834 0.148545  1.02845 0.477497 0.145754  1.02679
 0.47834 0.148569  1.02847 0.477497 0.145777  1.02681
 0.47834 0.148594   1.0285 0.477497 0.145801  1.02684
 0.47834 0.148618  1.02852 0.477497 0.145825  1.02686
 0.47834 0.148642  1.02855 0.477497 0.145849  1.02688
 0.47834 0.148666  1.02857 0.477498 0.145873  1.02691
0.47834 0.14869 1.02859 0.477498 0.145897  1.02693
 0.47834 0.148715  1.02862 0.477498  0.14592  1.02695
 0.47834 0.148739  1.02864 0.477498 0.145944  1.02698
 0.47834 0.148763  1.02867 0.477498 0.145968    1.027
 0.47834 0.148787  1.02869 0.477499 0.145992  1.02702
 0.47834 0.148812  1.02872 0.477499 0.146016  1.02705
 0.47834 0.148836  1.02874 0.477499  0.14604  1.02707
0.47834 0.14886 1.02876 0.477499 0.146064   1.0271
 0.47834 0.148884  1.02879   0.4775 0.146088  1.02712
 0.47834 0.148909  1.02881   0.4775 0.146112  1.02714
 0.47834 0.148933  1.02884   0.4775 0.146136  1.02717
 0.47834 0.148957  1.02886  0.4775 0.14616 1.02719
 0.47834 0.148981  1.02889 0.477501 0.146184  1.02721
 0.47834 0.149006  1.02891 0.477501 0.146208  1.02724
0.47834 0.14903 1.02893 0.477501 0.146232  1.02726
 0.47834 0.149054  1.02896 0.477501 0.146256  1.02728
 0.47834 0.149079  1.02898 0.477502  0.14628  1.02731
 0.47834 0.149103  1.02901 0.477502 0.146304  1.02733
 0.47834 0.149127  1.02903 0.477502 0.146328  1.02736
 0.47834 0.149151  1.02906 0.477503 0.146352  1.02738
 0.47834 0.149176  1.02908 0.477503 0.146376   1.0274
0.47834  0.1492  1.0291 0.477503   0.1464  1.02743
 0.47834 0.149224  1.02913 0.477503 0.146424  1.02745
 0.47834 0.149249  1.02915 0.477504 0.146448  1.02747
 0.47834 0.149273  1.02918 0.477504 0.146472   1.0275
 0.47834 0.149297   1.0292 0.477504 0.146496  1.02752
 0.47834 0.149322  1.02923 0.477505  0.14652  1.02754
 0.47834 0.149346  1.02925 0.477505 0.146544  1.02757
0.47834 0.14937 1.02927 0.477505 0.146569  1.02759
 0.47834 0.149395   1.0293 0.477506 0.146593  1.02762
 0.47834 0.149419  1.02932 0.477506 0.146617  1.02764
 0.47834 0.149444  1.02935 0.477506 0.146641  1.02766
 0.47834 0.149468  1.02937 0.477507 0.146665  1.02769
 0.47834 0.149492   1.0294 0.477507 0.146689  1.02771
 0.47834 0.149517  1.02942 0.477507 0.146713  1.02773
 0.47834 0.149541  1.02945 0.477508 0.146738  1.02776
 0.47834 0.149565  1.02947 0.477508 0.146762  1.02778
0.47834 0.14959 1.02949 0.477508 0.146786   1.0278
 0.47834 0.149614  1.02952 0.477509  0.14681  1.02783
 0.47834 0.149639  1.02954 0.477509 0.146834  1.02785
 0.47834 0.149663  1.02957 0.477509 0.146859  1.02788
 0.47834 0.149688  1.02959  0.47751 0.146883   1.0279
 0.47834 0.149712  1.02962  0.47751 0.146907  1.02792
 0.47834 0.149736  1.02964  0.47751 0.146931  1.02795
 0.47834 0.149761  1.02966 0.477511 0.146955  1.02797
 0.47834 0.149785  1.02969 0.477511  0.14698  1.02799
0.47834 0.14981 1.02971 0.477511 0.147004  1.02802
 0.47834 0.149834  1.02974 0.477512 0.147028  1.02804
 0.47834 0.149859  1.02976 0.477512 0.147052  1.02806
 0.47834 0.149883  1.02979 0.477513 0.147077  1.02809
 0.47834 0.149908  1.02981 0.477513 0.147101  1.02811
 0.47834 0.149932  1.02984 0.477513 0.147125  1.02814
 0.47834 0.149957  1.02986 0.477514 0.147149  1.02816
 0.47834 0.149981  1.02989 0.477514 0.147174  1.02818
 0.47834 0.150006  1.02991 0.477515 0.147198  1.02821
0.47834 0.15003 1.02993 0.477515 0.147222  1.02823
 0.47834 0.150055  1.02996 0.477515 0.147246  1.02825
 0.47834 0.150079  1.02998 0.477516 0.147271  1.02828
 0.47834 0.150104  1.03001 0.477516 0.147295   1.0283
 0.47834 0.150128  1.03003 0.477516 0.147319  1.02832
 0.47834 0.150153  1.03006 0.477517 0.147344  1.02835
 0.47834 0.150177  1.03008 0.477517 0.147368  1.02837
 0.47834 0.150202  1.03011 0.477518 0.147392   1.0284
 0.47834 0.150226  1.03013 0.477518 0.147416  1.02842
 0.47834 0.150251  1.03015 0.477519 0.147441  1.02844
 0.47834 0.150275  1.03018 0.477519 0.147465  1.02847
0.47834  0.1503  1.0302 0.477519 0.147489  1.02849
 0.47834 0.150324  1.03023  0.47752 0.147513  1.02851
 0.47834 0.150349  1.03025  0.47752 0.147538  1.02854
 0.47834 0.150374  1.03028 0.477521 0.147562  1.02856
 0.47834 0.150398   1.0303 0.477521 0.147586  1.02858
 0.47834 0.150423  1.03033 0.477521 0.147611  1.02861
 0.47834 0.150447  1.03035 0.477522 0.147635  1.02863
 0.47834 0.150472  1.03038 0.477522 0.147659  1.02866
 0.47834 0.150496   1.0304 0.477523 0.147684  1.02868
 0.47834 0.150521  1.03043 0.477523 0.147708   1.0287
 0.47834 0.150546  1.03045 0.477524 0.147732  1.02873
0.47834 0.15057 1.03047 0.477524 0.147756  1.02875
 0.47834 0.150595   1.0305 0.477525 0.147781  1.02877
0.47834 0.15062 1.03052 0.477525 0.147805   1.0288
 0.47834 0.150644  1.03055 0.477525 0.147829  1.02882
 0.47834 0.150669  1.03057 0.477526 0.147854  1.02884
 0.47834 0.150693   1.0306 0.477526 0.147878  1.02887
 0.47834 0.150718  1.03062 0.477527 0.147902  1.02889
 0.47834 0.150743  1.03065 0.477527 0.147927  1.02892
 0.47834 0.150767  1.03067 0.477528 0.147951  1.02894
 0.47834 0.150792   1.0307 0.477528 0.147975  1.02896
 0.47834 0.150817  1.03072 0.477529    0.148  1.02899
 0.47834 0.150841  1.03075 0.477529 0.148024  1.02901
 0.47834 0.150866  1.03077  0.47753 0.148048  1.02903
 0.47834 0.150891  1.03079  0.47753 0.148073  1.02906
 0.47834 0.150915  1.03082 0.477531 0.148097  1.02908
0.47834 0.15094 1.03084 0.477531 0.148121   1.0291
 0.47834 0.150965  1.03087 0.477532 0.148146  1.02913
 0.47834 0.150989  1.03089 0.477532  0.14817  1.02915
 0.47834 0.151014  1.03092 0.477533 0.148194  1.02918
 0.47834 0.151039  1.03094 0.477533 0.148219   1.0292
 0.47834 0.151064  1.03097 0.477533 0.148243  1.02922
 0.47834 0.151088  1.03099 0.477534 0.148267  1.02925
 0.47834 0.151113  1.03102 0.477534 0.148292  1.02927
 0.47834 0.151138  1.03104 0.477535 0.148316  1.02929
 0.47834 0.151162  1.03107 0.477535  0.14834  1.02932
 0.47834 0.151187  1.03109 0.477536 0.148365  1.02934
 0.47834 0.151212  1.03112 0.477537 0.148389  1.02936
 0.47834 0.151237  1.03114 0.477537 0.148413  1.02939
 0.47834 0.151261  1.03117 0.477537 0.148438  1.02941
 0.47834 0.151286  1.03119 0.477538 0.148462  1.02944
 0.47834 0.151311  1.03121 0.477539 0.148487  1.02946
 0.47834 0.151336  1.03124 0.477539 0.148511  1.02948
0.47834 0.15136 1.03126  0.47754 0.148535  1.02951
 0.47834 0.151385  1.03129 0.47754 0.14856 1.02953
0.47834 0.15141 1.03131 0.477541 0.148584  1.02955
 0.47834 0.151435  1.03134 0.477541 0.148608  1.02958
0.47834 0.15146 1.03136 0.477542 0.148633   1.0296
 0.47834 0.151484  1.03139 0.477542 0.148657  1.02963
 0.47834 0.151509  1.03141 0.477543 0.148681  1.02965
 0.47834 0.151534  1.03144 0.477543 0.148706  1.02967
 0.47834 0.151559  1.03146 0.477544  0.14873   1.0297
 0.47834 0.151584  1.03149 0.477544 0.148755  1.02972
 0.47834 0.151608  1.03151 0.477545 0.148779  1.02974
 0.47834 0.151633  1.03154 0.477545 0.148803  1.02977
 0.47834 0.151658  1.03156 0.477546 0.148828  1.02979
 0.47834 0.151683  1.03159 0.477547 0.148852  1.02982
 0.47834 0.151708  1.03161 0.477547 0.148877  1.02984
 0.47834 0.151733  1.03164 0.477548 0.148901  1.02986
 0.47834 0.151757  1.03166 0.477548 0.148926  1.02989
 0.47834 0.151782  1.03169 0.477549  0.14895  1.02991
 0.47834 0.151807  1.03171 0.477549 0.148974  1.02993
 0.47834 0.151832  1.03174  0.47755 0.148999  1.02996
 0.47834 0.151857  1.03176 0.477551 0.149023  1.02998
 0.47834 0.151882  1.03179 0.477551 0.149048  1.03001
 0.47834 0.151907  1.03181 0.477552 0.149072  1.03003
 0.47834 0.151932  1.03184 0.477552 0.149097  1.03005
 0.47834 0.151956  1.03186 0.477553 0.149121  1.03008
 0.47834 0.151981  1.03189 0.477553 0.149146   1.0301
 0.47834 0.152006  1.03191 0.477554  0.14917  1.03012
 0.47834 0.152031  1.03194 0.477555 0.149195  1.03015
 0.47834 0.152056  1.03196 0.477555 0.149219  1.03017
 0.47834 0.152081  1.03198 0.477556 0.149243   1.0302
 0.47834 0.152106  1.03201 0.477556 0.149268  1.03022
 0.47834 0.152131  1.03203 0.477557 0.149292  1.03024
 0.47834 0.152156  1.03206 0.477558 0.149317  1.03027
 0.47834 0.152181  1.03208 0.477558 0.149341  1.03029
 0.47834 0.152206  1.03211 0.477559 0.149366  1.03031
 0.47834 0.152231  1.03213 0.477559  0.14939  1.03034
 0.47834 0.152256  1.03216  0.47756 0.149415  1.03036
0.47834 0.15228 1.03218 0.477561 0.149439  1.03039
 0.47834 0.152305  1.03221 0.477561 0.149464  1.03041
0.47834 0.15233 1.03223 0.477562 0.149489  1.03043
 0.47834 0.152355  1.03226 0.477562 0.149513  1.03046
0.47834 0.15238 1.03228 0.477563 0.149538  1.03048
 0.47834 0.152405  1.03231 0.477564 0.149562   1.0305
0.47834 0.15243 1.03233 0.477564 0.149587  1.03053
 0.47834 0.152455  1.03236 0.477565 0.149611  1.03055
0.47834 0.15248 1.03238 0.477565 0.149636  1.03058
 0.47834 0.152505  1.03241 0.477566  0.14966   1.0306
0.47834 0.15253 1.03243 0.477567 0.149685  1.03062
 0.47834 0.152555  1.03246 0.477567  0.14971  1.03065
0.47834 0.15258 1.03248 0.477568 0.149734  1.03067
 0.47834 0.152605  1.03251 0.477569 0.149759  1.03069
0.47834 0.15263 1.03253 0.477569 0.149783  1.03072
 0.47834 0.152655  1.03256  0.47757 0.149808  1.03074
0.47834 0.15268 1.03258  0.47757 0.149833  1.03077
 0.47834 0.152705  1.03261 0.477571 0.149857  1.03079
0.47834 0.15273 1.03263 0.477572 0.149882  1.03081
 0.47834 0.152756  1.03266 0.477572 0.149907  1.03084
 0.47834 0.152781  1.03268 0.477573 0.149931  1.03086
 0.47834 0.152806  1.03271 0.477574 0.149956  1.03089
 0.47834 0.152831  1.03273 0.477574  0.14998  1.03091
 0.47834 0.152856  1.03276 0.477575 0.150005  1.03093
 0.47834 0.152881  1.03278 0.477576  0.15003  1.03096
 0.47834 0.152906  1.03281 0.477576 0.150054  1.03098
 0.47834 0.152931  1.03283 0.477577 0.150079    1.031
 0.47834 0.152956  1.03286 0.477578 0.150104  1.03103
 0.47834 0.152981  1.03289 0.477578 0.150129  1.03105
 0.47834 0.153006  1.03291 0.477579 0.150153  1.03108
 0.47834 0.153031  1.03294  0.47758 0.150178   1.0311
 0.47834 0.153056  1.03296  0.47758 0.150203  1.03112
 0.47834 0.153082  1.03299 0.477581 0.150227  1.03115
 0.47834 0.153107  1.03301 0.477582 0.150252  1.03117
 0.47834 0.153132  1.03304 0.477582 0.150277   1.0312
 0.47834 0.153157  1.03306 0.477583 0.150302  1.03122
 0.47834 0.153182  1.03309 0.477584 0.150326  1.03124
 0.47834 0.153207  1.03311 0.477584 0.150351  1.03127
 0.47834 0.153232  1.03314 0.477585 0.150376  1.03129
 0.47834 0.153258  1.03316 0.477586 0.150401  1.03132
 0.47834 0.153283  1.03319 0.477586 0.150425  1.03134
 0.47834 0.153308  1.03321 0.477587  0.15045  1.03136
 0.47834 0.153333  1.03324 0.477588 0.150475  1.03139
 0.47834 0.153358  1.03326 0.477588   0.1505  1.03141
 0.47834 0.153383  1.03329 0.477589 0.150525  1.03144
 0.47834 0.153408  1.03331  0.47759 0.150549  1.03146
 0.47834 0.153434  1.03334  0.47759 0.150574  1.03148
 0.47834 0.153459  1.03336 0.477591 0.150599  1.03151
 0.47834 0.153484  1.03339 0.477592 0.150624  1.03153
 0.47834 0.153509  1.03341 0.477592 0.150649  1.03155
 0.47834 0.153534  1.03344 0.477593 0.150674  1.03158
0.47834 0.15356 1.03346 0.477594 0.150699   1.0316
 0.47834 0.153585  1.03349 0.477594 0.150723  1.03163
0.47834 0.15361 1.03351 0.477595 0.150748  1.03165
 0.47834 0.153635  1.03354 0.477596 0.150773  1.03167
0.47834 0.15366 1.03356 0.477596 0.150798   1.0317
 0.47834 0.153686  1.03359 0.477597 0.150823  1.03172
 0.47834 0.153711  1.03361 0.477598 0.150848  1.03175
 0.47834 0.153736  1.03364 0.477598 0.150873  1.03177
 0.47834 0.153761  1.03367 0.477599 0.150898  1.03179
 0.47834 0.153787  1.03369   0.4776 0.150923  1.03182
 0.47834 0.153812  1.03372   0.4776 0.150948  1.03184
 0.47834 0.153837  1.03374 0.477601 0.150972  1.03187
 0.47834 0.153862  1.03377 0.477602 0.150997  1.03189
 0.47834 0.153888  1.03379 0.477602 0.151022  1.03191
 0.47834 0.153913  1.03382 0.477603 0.151047  1.03194
 0.47834 0.153938  1.03384 0.477604 0.151072  1.03196
 0.47834 0.153964  1.03387 0.477605 0.151097  1.03199
 0.47834 0.153989  1.03389 0.477605 0.151122  1.03201
 0.47834 0.154014  1.03392 0.477606 0.151147  1.03204
 0.47834 0.154039  1.03394 0.477607 0.151172  1.03206
 0.47834 0.154065  1.03397 0.477607 0.151197  1.03208
0.47834 0.15409 1.03399 0.477608 0.151222  1.03211
 0.47834 0.154115  1.03402 0.477609 0.151247  1.03213
 0.47834 0.154141  1.03404 0.477609 0.151272  1.03216
 0.47834 0.154166  1.03407  0.47761 0.151297  1.03218
 0.47834 0.154191   1.0341 0.477611 0.151322   1.0322
 0.47834 0.154217  1.03412 0.477611 0.151347  1.03223
 0.47834 0.154242  1.03415 0.477612 0.151373  1.03225
 0.47834 0.154267  1.03417 0.477613 0.151398  1.03228
 0.47834 0.154293   1.0342 0.477613 0.151423   1.0323
 0.47834 0.154318  1.03422 0.477614 0.151448  1.03232
 0.47834 0.154343  1.03425 0.477615 0.151473  1.03235
 0.47834 0.154369  1.03427 0.477615 0.151498  1.03237
 0.47834 0.154394   1.0343 0.477616 0.151523   1.0324
 0.47834 0.154419  1.03432 0.477617 0.151548  1.03242
 0.47834 0.154445  1.03435 0.477617 0.151573  1.03244
0.47834 0.15447 1.03437 0.477618 0.151598  1.03247
 0.47834 0.154495   1.0344 0.477619 0.151623  1.03249
 0.47834 0.154521  1.03442  0.47762 0.151649  1.03252
 0.47834 0.154546  1.03445  0.47762 0.151674  1.03254
 0.47834 0.154572  1.03448 0.477621 0.151699  1.03257
 0.47834 0.154597   1.0345 0.477622 0.151724  1.03259
 0.47834 0.154622  1.03453 0.477622 0.151749  1.03261
 0.47834 0.154648  1.03455 0.477623 0.151774  1.03264
 0.47834 0.154673  1.03458 0.477624 0.151799  1.03266
 0.47834 0.154699   1.0346 0.477624 0.151825  1.03269
 0.47834 0.154724  1.03463 0.477625  0.15185  1.03271
0.47834 0.15475 1.03465 0.477626 0.151875  1.03273
 0.47834 0.154775  1.03468 0.477626   0.1519  1.03276
0.47834  0.1548  1.0347 0.477627 0.151925  1.03278
 0.47834 0.154826  1.03473 0.477627 0.151951  1.03281
 0.47834 0.154851  1.03476 0.477628 0.151976  1.03283
 0.47834 0.154877  1.03478 0.477629 0.152001  1.03286
 0.47834 0.154902  1.03481 0.477629 0.152026  1.03288
 0.47834 0.154928  1.03483  0.47763 0.152052   1.0329
 0.47834 0.154953  1.03486 0.477631 0.152077  1.03293
 0.47834 0.154979  1.03488 0.477631 0.152102  1.03295
 0.47834 0.155004  1.03491 0.477632 0.152128  1.03298
 0.47834 0.155029  1.03493 0.477632 0.152153    1.033
 0.47834 0.155055  1.03496 0.477633 0.152178  1.03303
0.47834 0.15508 1.03498 0.477634 0.152204  1.03305
 0.47834 0.155106  1.03501 0.477634 0.152229  1.03307
 0.47834 0.155131  1.03504 0.477635 0.152254   1.0331
 0.47834 0.155157  1.03506 0.477635  0.15228  1.03312
 0.47834 0.155182  1.03509 0.477636 0.152305  1.03315
 0.47834 0.155208  1.03511 0.477636  0.15233  1.03317
 0.47834 0.155233  1.03514 0.477637 0.152356  1.03319
 0.47834 0.155259  1.03516 0.477637 0.152381  1.03322
 0.47834 0.155285  1.03519 0.477638 0.152407  1.03324
0.47834 0.15531 1.03521 0.477638 0.152432  1.03327
 0.47834 0.155336  1.03524 0.477639 0.152457  1.03329
 0.47834 0.155361  1.03527 0.477639 0.152483  1.03332
 0.47834 0.155387  1.03529  0.47764 0.152508  1.03334
 0.47834 0.155412  1.03532  0.47764 0.152534  1.03336
 0.47834 0.155438  1.03534 0.477641 0.152559  1.03339
 0.47834 0.155463  1.03537 0.477641 0.152585  1.03341
 0.47834 0.155489  1.03539 0.477642  0.15261  1.03344
 0.47834 0.155514  1.03542 0.477642 0.152636  1.03346
0.47834 0.15554 1.03544 0.477643 0.152661  1.03349
 0.47834 0.155566  1.03547 0.477643 0.152687  1.03351
 0.47834 0.155591   1.0355 0.477644 0.152712  1.03353
 0.47834 0.155617  1.03552 0.477644 0.152738  1.03356
 0.47834 0.155642  1.03555 0.477645 0.152763  1.03358
 0.47834 0.155668  1.03557 0.477645 0.152789  1.03361
 0.47834 0.155694   1.0356 0.477645 0.152814  1.03363
 0.47834 0.155719  1.03562 0.477646  0.15284  1.03366
 0.47834 0.155745  1.03565 0.477646 0.152865  1.03368
0.47834 0.15577 1.03567 0.477647 0.152891  1.03371
 0.47834 0.155796   1.0357 0.477647 0.152917  1.03373
 0.47834 0.155822  1.03573 0.477647 0.152942  1.03375
 0.47834 0.155847  1.03575 0.477648 0.152968  1.03378
 0.47834 0.155873  1.03578 0.477648 0.152993   1.0338
 0.47834 0.155898   1.0358 0.477648 0.153019  1.03383
 0.47834 0.155924  1.03583 0.477649 0.153044  1.03385
0.47834 0.15595 1.03585 0.477649  0.15307  1.03388
 0.47834 0.155975  1.03588  0.47765 0.153096   1.0339
 0.47834 0.156001   1.0359  0.47765 0.153121  1.03392
 0.47834 0.156027  1.03593  0.47765 0.153147  1.03395
 0.47834 0.156052  1.03596 0.477651 0.153173  1.03397
 0.47834 0.156078  1.03598 0.477651 0.153198    1.034
 0.47834 0.156104  1.03601 0.477651 0.153224  1.03402
 0.47834 0.156129  1.03603 0.477652 0.153249  1.03405
 0.47834 0.156155  1.03606 0.477652 0.153275  1.03407
 0.47834 0.156181  1.03608 0.477652 0.153301   1.0341
 0.47834 0.156206  1.03611 0.477653 0.153326  1.03412
 0.47834 0.156232  1.03614 0.477653 0.153352  1.03415
 0.47834 0.156258  1.03616 0.477653 0.153378  1.03417
 0.47834 0.156284  1.03619 0.477654 0.153404  1.03419
 0.47834 0.156309  1.03621 0.477654 0.153429  1.03422
 0.47834 0.156335  1.03624 0.477654 0.153455  1.03424
 0.47834 0.156361  1.03626 0.477655 0.153481  1.03427
 0.47834 0.156386  1.03629 0.477655 0.153506  1.03429
 0.47834 0.156412  1.03632 0.477655 0.153532  1.03432
 0.47834 0.156438  1.03634 0.477656 0.153558  1.03434
 0.47834 0.156464  1.03637 0.477656 0.153583  1.03437
 0.47834 0.156489  1.03639 0.477656 0.153609  1.03439
 0.47834 0.156515  1.03642 0.477657 0.153635  1.03441
 0.47834 0.156541  1.03644 0.477657  0.15366  1.03444
 0.47834 0.156567  1.03647 0.477657 0.153686  1.03446
 0.47834 0.156592   1.0365 0.477658 0.153712  1.03449
 0.47834 0.156618  1.03652 0.477658 0.153738  1.03451
 0.47834 0.156644  1.03655 0.477658 0.153763  1.03454
0.47834 0.15667 1.03657 0.477659 0.153789  1.03456
 0.47834 0.156695   1.0366 0.477659 0.153815  1.03459
 0.47834 0.156721  1.03663 0.477659  0.15384  1.03461
 0.47834 0.156747  1.03665  0.47766 0.153866  1.03464
 0.47834 0.156773  1.03668  0.47766 0.153892  1.03466
 0.47834 0.156798   1.0367  0.47766 0.153918  1.03469
 0.47834 0.156824  1.03673 0.477661 0.153943  1.03471
0.47834 0.15685 1.03675 0.477661 0.153969  1.03474
 0.47834 0.156876  1.03678 0.477661 0.153995  1.03476
 0.47834 0.156902  1.03681 0.477661 0.154021  1.03478
 0.47834 0.156928  1.03683 0.477662 0.154046  1.03481
 0.47834 0.156953  1.03686 0.477662 0.154072  1.03483
 0.47834 0.156979  1.03688 0.477662 0.154098  1.03486
 0.47834 0.157005  1.03691 0.477663 0.154124  1.03488
 0.47834 0.157031  1.03693 0.477663 0.154149  1.03491
 0.47834 0.157057  1.03696 0.477663 0.154175  1.03493
 0.47834 0.157083  1.03699 0.477664 0.154201  1.03496
 0.47834 0.157108  1.03701 0.477664 0.154227  1.03498
 0.47834 0.157134  1.03704 0.477664 0.154252  1.03501
0.47834 0.15716 1.03706 0.477665 0.154278  1.03503
 0.47834 0.157186  1.03709 0.477665 0.154304  1.03506
 0.47834 0.157212  1.03712 0.477665  0.15433  1.03508
 0.47834 0.157238  1.03714 0.477666 0.154355  1.03511
 0.47834 0.157264  1.03717 0.477666 0.154381  1.03513
 0.47834 0.157289  1.03719 0.477666 0.154407  1.03516
 0.47834 0.157315  1.03722 0.477667 0.154433  1.03518
 0.47834 0.157341  1.03725 0.477667 0.154459  1.03521
 0.47834 0.157367  1.03727 0.477667 0.154484  1.03523
 0.47834 0.157393   1.0373 0.477668  0.15451  1.03526
 0.47834 0.157419  1.03732 0.477668 0.154536  1.03528
 0.47834 0.157445  1.03735 0.477669 0.154562   1.0353
 0.47834 0.157471  1.03737 0.477669 0.154587  1.03533
 0.47834 0.157497   1.0374 0.477669 0.154613  1.03535
 0.47834 0.157523  1.03743  0.47767 0.154639  1.03538
 0.47834 0.157548  1.03745  0.47767 0.154665   1.0354
 0.47834 0.157574  1.03748  0.47767 0.154691  1.03543
0.47834  0.1576  1.0375 0.477671 0.154716  1.03545
 0.47834 0.157626  1.03753 0.477671 0.154742  1.03548
 0.47834 0.157652  1.03756 0.477672 0.154768   1.0355
 0.47834 0.157678  1.03758 0.477672 0.154794  1.03553
 0.47834 0.157704  1.03761 0.477672 0.154819  1.03555
0.47834 0.15773 1.03763 0.477673 0.154845  1.03558
 0.47834 0.157756  1.03766 0.477673 0.154871   1.0356
 0.47834 0.157782  1.03769 0.477674 0.154897  1.03563
 0.47834 0.157808  1.03771 0.477674 0.154923  1.03565
 0.47834 0.157834  1.03774 0.477674 0.154948  1.03568
0.47834 0.15786 1.03776 0.477675 0.154974   1.0357
 0.47834 0.157886  1.03779 0.477675    0.155  1.03573
 0.47834 0.157912  1.03782 0.477676 0.155026  1.03575
 0.47834 0.157938  1.03784 0.477676 0.155051  1.03578
 0.47834 0.157964  1.03787 0.477676 0.155077   1.0358
0.47834 0.15799 1.03789 0.477677 0.155103  1.03583
 0.47834 0.158016  1.03792 0.477677 0.155129  1.03585
 0.47834 0.158042  1.03795 0.477678 0.155155  1.03588
 0.47834 0.158068  1.03797 0.477678  0.15518   1.0359
 0.47834 0.158094    1.038 0.477679 0.155206  1.03593
0.47834 0.15812 1.03802 0.477679 0.155232  1.03595
 0.47834 0.158146  1.03805 0.477679 0.155258  1.03598
 0.47834 0.158172  1.03808  0.47768 0.155284  1.03601
 0.47834 0.158198   1.0381  0.47768 0.155309  1.03603
 0.47834 0.158224  1.03813 0.477681 0.155335  1.03606
0.47834 0.15825 1.03815 0.477681 0.155361  1.03608
 0.47834 0.158276  1.03818 0.477682 0.155387  1.03611
 0.47834 0.158302  1.03821 0.477682 0.155413  1.03613
 0.47834 0.158328  1.03823 0.477683 0.155438  1.03616
 0.47834 0.158354  1.03826 0.477683 0.155464  1.03618
0.47834 0.15838 1.03828 0.477684  0.15549  1.03621
 0.47834 0.158406  1.03831 0.477684 0.155516  1.03623
 0.47834 0.158432  1.03834 0.477685 0.155542  1.03626
 0.47834 0.158458  1.03836 0.477685 0.155567  1.03628
 0.47834 0.158485  1.03839 0.477686 0.155593  1.03631
 0.47834 0.158511  1.03841 0.477686 0.155619  1.03633
 0.47834 0.158537  1.03844 0.477687 0.155645  1.03636
 0.47834 0.158563  1.03847 0.477687 0.155671  1.03638
 0.47834 0.158589  1.03849 0.477688 0.155696  1.03641
 0.47834 0.158615  1.03852 0.477688 0.155722  1.03643
 0.47834 0.158641  1.03855 0.477689 0.155748  1.03646
 0.47834 0.158667  1.03857 0.477689 0.155774  1.03648
 0.47834 0.158693   1.0386 0.47769  0.1558 1.03651
 0.47834 0.158719  1.03862  0.47769 0.155826  1.03653
 0.47834 0.158746  1.03865 0.477691 0.155851  1.03656
 0.47834 0.158772  1.03868 0.477691 0.155877  1.03659
 0.47834 0.158798   1.0387 0.477692 0.155903  1.03661
 0.47834 0.158824  1.03873 0.477692 0.155929  1.03664
0.47834 0.15885 1.03875 0.477693 0.155955  1.03666
 0.47834 0.158876  1.03878 0.477693 0.155981  1.03669
 0.47834 0.158902  1.03881 0.477694 0.156007  1.03671
 0.47834 0.158929  1.03883 0.477694 0.156032  1.03674
 0.47834 0.158955  1.03886 0.477695 0.156058  1.03676
 0.47834 0.158981  1.03888 0.477695 0.156084  1.03679
 0.47834 0.159007  1.03891 0.477696  0.15611  1.03681
 0.47834 0.159033  1.03894 0.477696 0.156136  1.03684
 0.47834 0.159059  1.03896 0.477697 0.156162  1.03686
 0.47834 0.159086  1.03899 0.477697 0.156188  1.03689
 0.47834 0.159112  1.03902 0.477698 0.156214  1.03692
 0.47834 0.159138  1.03904 0.477699 0.156239  1.03694
 0.47834 0.159164  1.03907 0.477699 0.156265  1.03697
0.47834 0.15919 1.03909   0.4777 0.156291  1.03699
 0.47834 0.159217  1.03912   0.4777 0.156317  1.03702
 0.47834 0.159243  1.03915 0.477701 0.156343  1.03704
 0.47834 0.159269  1.03917 0.477701 0.156369  1.03707
 0.47834 0.159295   1.0392 0.477702 0.156395  1.03709
 0.47834 0.159321  1.03923 0.477702 0.156421  1.03712
 0.47834 0.159348  1.03925 0.477703 0.156447  1.03714
 0.47834 0.159374  1.03928 0.477703 0.156473  1.03717
0.47834  0.1594  1.0393 0.477704 0.156498   1.0372
 0.47834 0.159426  1.03933 0.477705 0.156524  1.03722
 0.47834 0.159453  1.03936 0.477705  0.15655  1.03725
 0.47834 0.159479  1.03938 0.477706 0.156576  1.03727
 0.47834 0.159505  1.03941 0.477706 0.156602   1.0373
 0.47834 0.159531  1.03944 0.477707 0.156628  1.03732
 0.47834 0.159558  1.03946 0.477707 0.156654  1.03735
 0.47834 0.159584  1.03949 0.477708  0.15668  1.03737
0.47834 0.15961 1.03951 0.477708 0.156706   1.0374
 0.47834 0.159636  1.03954 0.477709 0.156732  1.03743
 0.47834 0.159663  1.03957 0.477709 0.156758  1.03745
 0.47834 0.159689  1.03959  0.47771 0.156784  1.03748
 0.47834 0.159715  1.03962 0.47771 0.15681  1.0375
 0.47834 0.159741  1.03965 0.477711 0.156836  1.03753
 0.47834 0.159768  1.03967 0.477712 0.156862  1.03755
 0.47834 0.159794   1.0397 0.477712 0.156888  1.03758
0.47834 0.15982 1.03972 0.477713 0.156914   1.0376
 0.47834 0.159847  1.03975 0.477713  0.15694  1.03763
 0.47834 0.159873  1.03978 0.477714 0.156966  1.03766
 0.47834 0.159899   1.0398 0.477714 0.156992  1.03768
 0.47834 0.159926  1.03983 0.477715 0.157018  1.03771
 0.47834 0.159952  1.03986 0.477715 0.157044  1.03773
 0.47834 0.159978  1.03988 0.477716  0.15707  1.03776
 0.47834 0.160004  1.03991 0.477716 0.157096  1.03778
 0.47834 0.160031  1.03993 0.477717 0.157122  1.03781
 0.47834 0.160057  1.03996 0.477717 0.157148  1.03784
 0.47834 0.160084  1.03999 0.477718 0.157174  1.03786
0.47834 0.16011 1.04001 0.477718   0.1572  1.03789
 0.47834 0.160136  1.04004 0.477719 0.157226  1.03791
 0.47834 0.160163  1.04007 0.477719 0.157252  1.03794
 0.47834 0.160189  1.04009  0.47772 0.157278  1.03796
 0.47834 0.160215  1.04012  0.47772 0.157304  1.03799
 0.47834 0.160242  1.04015 0.477721  0.15733  1.03801
 0.47834 0.160268  1.04017 0.477721 0.157356  1.03804
 0.47834 0.160294   1.0402 0.477722 0.157382  1.03807
 0.47834 0.160321  1.04022 0.477722 0.157408  1.03809
 0.47834 0.160347  1.04025 0.477723 0.157435  1.03812
 0.47834 0.160374  1.04028 0.477723 0.157461  1.03814
0.47834  0.1604  1.0403 0.477724 0.157487  1.03817
 0.47834 0.160426  1.04033 0.477724 0.157513   1.0382
 0.47834 0.160453  1.04036 0.477725 0.157539  1.03822
 0.47834 0.160479  1.04038 0.477725 0.157565  1.03825
 0.47834 0.160506  1.04041 0.477726 0.157591  1.03827
 0.47834 0.160532  1.04044 0.477726 0.157617   1.0383
 0.47834 0.160558  1.04046 0.477727 0.157644  1.03832
 0.47834 0.160585  1.04049 0.477727  0.15767  1.03835
 0.47834 0.160611  1.04052 0.477728 0.157696  1.03838
 0.47834 0.160638  1.04054 0.477728 0.157722   1.0384
 0.47834 0.160664  1.04057 0.477729 0.157748  1.03843
0.47834 0.16069 1.04059 0.477729 0.157774  1.03845
 0.47834 0.160717  1.04062 0.477729   0.1578  1.03848
 0.47834 0.160743  1.04065  0.47773 0.157827   1.0385
0.47834 0.16077 1.04067  0.47773 0.157853  1.03853
 0.47834 0.160796   1.0407 0.477731 0.157879  1.03856
 0.47834 0.160823  1.04073 0.477731 0.157905  1.03858
 0.47834 0.160849  1.04075 0.477732 0.157931  1.03861
 0.47834 0.160876  1.04078 0.477732 0.157958  1.03863
 0.47834 0.160902  1.04081 0.477733 0.157984  1.03866
 0.47834 0.160929  1.04083 0.477733  0.15801  1.03869
 0.47834 0.160955  1.04086 0.477733 0.158036  1.03871
 0.47834 0.160982  1.04089 0.477734 0.158063  1.03874
 0.47834 0.161008  1.04091 0.477734 0.158089  1.03876
 0.47834 0.161035  1.04094 0.477735 0.158115  1.03879
 0.47834 0.161061  1.04096 0.477735 0.158141  1.03881
 0.47834 0.161087  1.04099 0.477735 0.158168  1.03884
 0.47834 0.161114  1.04102 0.477736 0.158194  1.03887
0.47834 0.16114 1.04104 0.477736  0.15822  1.03889
 0.47834 0.161167  1.04107 0.477737 0.158246  1.03892
 0.47834 0.161194   1.0411 0.477737 0.158273  1.03894
0.47834 0.16122 1.04112 0.477737 0.158299  1.03897
 0.47834 0.161247  1.04115 0.477738 0.158325    1.039
 0.47834 0.161273  1.04118 0.477738 0.158351  1.03902
0.47834  0.1613  1.0412 0.477739 0.158378  1.03905
 0.47834 0.161326  1.04123 0.477739 0.158404  1.03907
 0.47834 0.161353  1.04126 0.477739  0.15843   1.0391
 0.47834 0.161379  1.04128  0.47774 0.158457  1.03913
 0.47834 0.161406  1.04131  0.47774 0.158483  1.03915
 0.47834 0.161432  1.04134  0.47774 0.158509  1.03918
 0.47834 0.161459  1.04136 0.477741 0.158536   1.0392
 0.47834 0.161485  1.04139 0.477741 0.158562  1.03923
 0.47834 0.161512  1.04142 0.477741 0.158588  1.03925
 0.47834 0.161539  1.04144 0.477742 0.158615  1.03928
 0.47834 0.161565  1.04147 0.477742 0.158641  1.03931
 0.47834 0.161592   1.0415 0.477742 0.158667  1.03933
 0.47834 0.161618  1.04152 0.477743 0.158694  1.03936
 0.47834 0.161645  1.04155 0.477743  0.15872  1.03938
 0.47834 0.161671  1.04158 0.477743 0.158747  1.03941
 0.47834 0.161698   1.0416 0.477744 0.158773  1.03944
 0.47834 0.161725  1.04163 0.477744 0.158799  1.03946
 0.47834 0.161751  1.04166 0.477744 0.158826  1.03949
 0.47834 0.161778  1.04168 0.477745 0.158852  1.03951
 0.47834 0.161804  1.04171 0.477745 0.158878  1.03954
 0.47834 0.161831  1.04174 0.477745 0.158905  1.03957
 0.47834 0.161858  1.04176 0.477745 0.158931  1.03959
 0.47834 0.161884  1.04179 0.477746 0.158958  1.03962
 0.47834 0.161911  1.04181 0.477746 0.158984  1.03964
 0.47834 0.161938  1.04184 0.477746 0.159011  1.03967
 0.47834 0.161964  1.04187 0.477747 0.159037   1.0397
 0.47834 0.161991  1.04189 0.477747 0.159063  1.03972
 0.47834 0.162017  1.04192 0.477747  0.15909  1.03975
 0.47834 0.162044  1.04195 0.477748 0.159116  1.03977
 0.47834 0.162071  1.04197 0.477748 0.159143   1.0398
 0.47834 0.162097    1.042 0.477748 0.159169  1.03983
 0.47834 0.162124  1.04203 0.477748 0.159196  1.03985
 0.47834 0.162151  1.04205 0.477749 0.159222  1.03988
 0.47834 0.162177  1.04208 0.477749 0.159249   1.0399
 0.47834 0.162204  1.04211 0.477749 0.159275  1.03993
 0.47834 0.162231  1.04213 0.477749 0.159302  1.03996
 0.47834 0.162257  1.04216  0.47775 0.159328  1.03998
 0.47834 0.162284  1.04219  0.47775 0.159355  1.04001
 0.47834 0.162311  1.04221  0.47775 0.159381  1.04004
 0.47834 0.162337  1.04224  0.47775 0.159408  1.04006
 0.47834 0.162364  1.04227 0.477751 0.159434  1.04009
 0.47834 0.162391  1.04229 0.477751 0.159461  1.04011
 0.47834 0.162418  1.04232 0.477751 0.159487  1.04014
 0.47834 0.162444  1.04235 0.477751 0.159514  1.04017
 0.47834 0.162471  1.04237 0.477752  0.15954  1.04019
 0.47834 0.162498   1.0424 0.477752 0.159567  1.04022
 0.47834 0.162524  1.04243 0.477752 0.159593  1.04024
 0.47834 0.162551  1.04246 0.477752  0.15962  1.04027
 0.47834 0.162578  1.04248 0.477753 0.159647   1.0403
 0.47834 0.162605  1.04251 0.477753 0.159673  1.04032
 0.47834 0.162631  1.04254 0.477753   0.1597  1.04035
 0.47834 0.162658  1.04256 0.477753 0.159726  1.04037
 0.47834 0.162685  1.04259 0.477753 0.159753   1.0404
 0.47834 0.162711  1.04262 0.477754 0.159779  1.04043
 0.47834 0.162738  1.04264 0.477754 0.159806  1.04045
 0.47834 0.162765  1.04267 0.477754 0.159833  1.04048
 0.47834 0.162792   1.0427 0.477754 0.159859  1.04051
 0.47834 0.162818  1.04272 0.477754 0.159886  1.04053
 0.47834 0.162845  1.04275 0.477755 0.159912  1.04056
 0.47834 0.162872  1.04278 0.477755 0.159939  1.04058
 0.47834 0.162899   1.0428 0.477755 0.159966  1.04061
 0.47834 0.162926  1.04283 0.477755 0.159992  1.04064
 0.47834 0.162952  1.04286 0.477756 0.160019  1.04066
 0.47834 0.162979  1.04288 0.477756 0.160046  1.04069
 0.47834 0.163006  1.04291 0.477756 0.160072  1.04071
 0.47834 0.163033  1.04294 0.477756 0.160099  1.04074
0.47834 0.16306 1.04296 0.477756 0.160125  1.04077
 0.47834 0.163086  1.04299 0.477757 0.160152  1.04079
 0.47834 0.163113  1.04302 0.477757 0.160179  1.04082
0.47834 0.16314 1.04304 0.477757 0.160205  1.04085
 0.47834 0.163167  1.04307 0.477757 0.160232  1.04087
 0.47834 0.163194   1.0431 0.477757 0.160259   1.0409
0.47834 0.16322 1.04312 0.477758 0.160285  1.04092
 0.47834 0.163247  1.04315 0.477758 0.160312  1.04095
 0.47834 0.163274  1.04318 0.477758 0.160339  1.04098
 0.47834 0.163301   1.0432 0.477758 0.160365    1.041
 0.47834 0.163328  1.04323 0.477758 0.160392  1.04103
 0.47834 0.163354  1.04326 0.477759 0.160419  1.04106
 0.47834 0.163381  1.04329 0.477759 0.160445  1.04108
 0.47834 0.163408  1.04331 0.477759 0.160472  1.04111
 0.47834 0.163435  1.04334 0.477759 0.160499  1.04113
 0.47834 0.163462  1.04337 0.477759 0.160526  1.04116
 0.47834 0.163489  1.04339  0.47776 0.160552  1.04119
 0.47834 0.163516  1.04342  0.47776 0.160579  1.04121
 0.47834 0.163542  1.04345  0.47776 0.160606  1.04124
 0.47834 0.163569  1.04347  0.47776 0.160632  1.04127
 0.47834 0.163596   1.0435  0.47776 0.160659  1.04129
 0.47834 0.163623  1.04353 0.477761 0.160686  1.04132
0.47834 0.16365 1.04355 0.477761 0.160712  1.04134
 0.47834 0.163677  1.04358 0.477761 0.160739  1.04137
 0.47834 0.163704  1.04361 0.477761 0.160766   1.0414
 0.47834 0.163731  1.04363 0.477761 0.160793  1.04142
 0.47834 0.163758  1.04366 0.477762 0.160819  1.04145
 0.47834 0.163784  1.04369 0.477762 0.160846  1.04148
 0.47834 0.163811  1.04372 0.477762 0.160873   1.0415
 0.47834 0.163838  1.04374 0.477762 0.160899  1.04153
 0.47834 0.163865  1.04377 0.477762 0.160926  1.04155
 0.47834 0.163892   1.0438 0.477763 0.160953  1.04158
 0.47834 0.163919  1.04382 0.477763  0.16098  1.04161
 0.47834 0.163946  1.04385 0.477763 0.161006  1.04163
 0.47834 0.163973  1.04388 0.477763 0.161033  1.04166
0.47834   0.164  1.0439 0.477764  0.16106  1.04169
 0.47834 0.164027  1.04393 0.477764 0.161087  1.04171
 0.47834 0.164054  1.04396 0.477764 0.161113  1.04174
 0.47834 0.164081  1.04398 0.477764  0.16114  1.04177
 0.47834 0.164108  1.04401 0.477764 0.161167  1.04179
 0.47834 0.164134  1.04404 0.477765 0.161193  1.04182
 0.47834 0.164161  1.04407 0.477765  0.16122  1.04184
 0.47834 0.164188  1.04409 0.477765 0.161246  1.04187
 0.47834 0.164215  1.04412 0.477765 0.161272   1.0419
 0.47834 0.164242  1.04415 0.477765 0.161299  1.04192
 0.47834 0.164269  1.04417 0.477766 0.161325  1.04195
 0.47834 0.164296   1.0442 0.477766 0.161351  1.04198
 0.47834 0.164323  1.04423 0.477766 0.161377    1.042
0.47834 0.16435 1.04425 0.477766 0.161403  1.04203
 0.47834 0.164377  1.04428 0.477767 0.161429  1.04206
 0.47834 0.164404  1.04431 0.477767 0.161454  1.04208
 0.47834 0.164431  1.04434 0.477767  0.16148  1.04211
 0.47834 0.164458  1.04436 0.477767 0.161505  1.04214
 0.47834 0.164485  1.04439 0.477767  0.16153  1.04216
 0.47834 0.164512  1.04442 0.477768 0.161555  1.04219
 0.47834 0.164539  1.04444 0.477768  0.16158  1.04222
 0.47834 0.164566  1.04447 0.477768 0.161605  1.04224
 0.47834 0.164593   1.0445 0.477768  0.16163  1.04227
0.47834 0.16462 1.04452 0.477769 0.161654   1.0423
 0.47834 0.164647  1.04455 0.477769 0.161678  1.04232
 0.47834 0.164674  1.04458 0.477769 0.161702  1.04235
 0.47834 0.164701  1.04461 0.477769 0.161726  1.04238
 0.47834 0.164728  1.04463 0.47777 0.16175 1.04241
 0.47834 0.164755  1.04466  0.47777 0.161774  1.04243
 0.47834 0.164782  1.04469  0.47777 0.161798  1.04246
 0.47834 0.164809  1.04471  0.47777 0.161821  1.04249
 0.47834 0.164836  1.04474 0.477771 0.161844  1.04251
 0.47834 0.164864  1.04477 0.477771 0.161868  1.04254
 0.47834 0.164891  1.04479 0.477771 0.161891  1.04257
 0.47834 0.164918  1.04482 0.477772 0.161913   1.0426
 0.47834 0.164945  1.04485 0.477772 0.161936  1.04262
 0.47834 0.164972  1.04488 0.477772 0.161959  1.04265
 0.47834 0.164999   1.0449 0.477772 0.161981  1.04268
 0.47834 0.165026  1.04493 0.477773 0.162004   1.0427
 0.47834 0.165053  1.04496 0.477773 0.162026  1.04273
0.47834 0.16508 1.04498 0.477773 0.162049  1.04276
 0.47834 0.165107  1.04501 0.477774 0.162071  1.04279
 0.47834 0.165134  1.04504 0.477774 0.162093  1.04281
 0.47834 0.165161  1.04507 0.477774 0.162115  1.04284
 0.47834 0.165188  1.04509 0.477774 0.162137  1.04287
 0.47834 0.165216  1.04512 0.477775 0.162159   1.0429
 0.47834 0.165243  1.04515 0.477775 0.162181  1.04293
0.47834 0.16527 1.04517 0.477775 0.162203  1.04295
 0.47834 0.165297   1.0452 0.477776 0.162224  1.04298
 0.47834 0.165324  1.04523 0.477776 0.162246  1.04301
 0.47834 0.165351  1.04526 0.477776 0.162268  1.04304
 0.47834 0.165378  1.04528 0.477777  0.16229  1.04306
 0.47834 0.165405  1.04531 0.477777 0.162311  1.04309
 0.47834 0.165432  1.04534 0.477777 0.162333  1.04312
0.47834 0.16546 1.04536 0.477778 0.162355  1.04315
 0.47834 0.165487  1.04539 0.477778 0.162377  1.04318
 0.47834 0.165514  1.04542 0.477778 0.162398   1.0432
 0.47834 0.165541  1.04544 0.477779  0.16242  1.04323
 0.47834 0.165568  1.04547 0.477779 0.162442  1.04326
 0.47834 0.165595   1.0455  0.47778 0.162464  1.04329
 0.47834 0.165622  1.04553  0.47778 0.162486  1.04332
0.47834 0.16565 1.04555  0.47778 0.162508  1.04334
 0.47834 0.165677  1.04558 0.477781  0.16253  1.04337
 0.47834 0.165704  1.04561 0.477781 0.162552   1.0434
 0.47834 0.165731  1.04564 0.477781 0.162574  1.04343
 0.47834 0.165758  1.04566 0.477782 0.162596  1.04346
 0.47834 0.165785  1.04569 0.477782 0.162618  1.04348
 0.47834 0.165813  1.04572 0.477783 0.162641  1.04351
0.47834 0.16584 1.04574 0.477783 0.162663  1.04354
 0.47834 0.165867  1.04577 0.477783 0.162686  1.04357
 0.47834 0.165894   1.0458 0.477784 0.162708   1.0436
 0.47834 0.165921  1.04583 0.477784 0.162731  1.04362
 0.47834 0.165949  1.04585 0.477785 0.162754  1.04365
 0.47834 0.165976  1.04588 0.477785 0.162777  1.04368
 0.47834 0.166003  1.04591 0.477786   0.1628  1.04371
0.47834 0.16603 1.04593 0.477786 0.162823  1.04374
 0.47834 0.166057  1.04596 0.477786 0.162846  1.04377
 0.47834 0.166085  1.04599 0.477787 0.162869  1.04379
 0.47834 0.166112  1.04602 0.477787 0.162893  1.04382
 0.47834 0.166139  1.04604 0.477788 0.162916  1.04385
 0.47834 0.166166  1.04607 0.477788  0.16294  1.04388
 0.47834 0.166194   1.0461 0.477789 0.162964  1.04391
 0.47834 0.166221  1.04612 0.477789 0.162988  1.04394
 0.47834 0.166248  1.04615 0.477789 0.163012  1.04396
 0.47834 0.166275  1.04618  0.47779 0.163036  1.04399
 0.47834 0.166303  1.04621 0.47779 0.16306 1.04402
0.47834 0.16633 1.04623 0.477791 0.163084  1.04405
 0.47834 0.166357  1.04626 0.477791 0.163109  1.04408
 0.47834 0.166384  1.04629 0.477792 0.163133  1.04411
 0.47834 0.166412  1.04632 0.477792 0.163158  1.04413
 0.47834 0.166439  1.04634 0.477793 0.163183  1.04416
 0.47834 0.166466  1.04637 0.477793 0.163208  1.04419
 0.47834 0.166493   1.0464 0.477793 0.163233  1.04422
 0.47834 0.166521  1.04642 0.477794 0.163258  1.04425
 0.47834 0.166548  1.04645 0.477794 0.163283  1.04428
 0.47834 0.166575  1.04648 0.477795 0.163308   1.0443
 0.47834 0.166603  1.04651 0.477795 0.163334  1.04433
0.47834 0.16663 1.04653 0.477796 0.163359  1.04436
 0.47834 0.166657  1.04656 0.477796 0.163385  1.04439
 0.47834 0.166684  1.04659 0.477796  0.16341  1.04442
 0.47834 0.166712  1.04662 0.477797 0.163436  1.04445
 0.47834 0.166739  1.04664 0.477797 0.163462  1.04447
 0.47834 0.166766  1.04667 0.477798 0.163488   1.0445
 0.47834 0.166794   1.0467 0.477798 0.163514  1.04453
 0.47834 0.166821  1.04672 0.477798  0.16354  1.04456
 0.47834 0.166848  1.04675 0.477799 0.163566  1.04459
 0.47834 0.166876  1.04678 0.477799 0.163592  1.04462
 0.47834 0.166903  1.04681   0.4778 0.163618  1.04464
0.47834 0.16693 1.04683   0.4778 0.163645  1.04467
 0.47834 0.166958  1.04686   0.4778 0.163671   1.0447
 0.47834 0.166985  1.04689 0.477801 0.163698  1.04473
 0.47834 0.167012  1.04692 0.477801 0.163724  1.04476
0.47834 0.16704 1.04694 0.477802 0.163751  1.04479
 0.47834 0.167067  1.04697 0.477802 0.163777  1.04482
 0.47834 0.167094    1.047 0.477802 0.163804  1.04484
 0.47834 0.167122  1.04703 0.477803 0.163831  1.04487
 0.47834 0.167149  1.04705 0.477803 0.163857   1.0449
 0.47834 0.167176  1.04708 0.477803 0.163884  1.04493
 0.47834 0.167204  1.04711 0.477804 0.163911  1.04496
 0.47834 0.167231  1.04714 0.477804 0.163938  1.04499
 0.47834 0.167259  1.04716 0.477804 0.163965  1.04501
 0.47834 0.167286  1.04719 0.477805 0.163991  1.04504
 0.47834 0.167313  1.04722 0.477805 0.164018  1.04507
 0.47834 0.167341  1.04724 0.477805 0.164045   1.0451
 0.47834 0.167368  1.04727 0.477806 0.164072  1.04513
 0.47834 0.167395   1.0473 0.477806 0.164099  1.04516
 0.47834 0.167423  1.04733 0.477806 0.164126  1.04519
0.47834 0.16745 1.04735 0.477807 0.164153  1.04521
 0.47834 0.167478  1.04738 0.477807  0.16418  1.04524
 0.47834 0.167505  1.04741 0.477807 0.164207  1.04527
 0.47834 0.167532  1.04744 0.477807 0.164234   1.0453
0.47834 0.16756 1.04746 0.477808 0.164261  1.04533
 0.47834 0.167587  1.04749 0.477808 0.164287  1.04536
 0.47834 0.167615  1.04752 0.477808 0.164314  1.04538
 0.47834 0.167642  1.04755 0.477809 0.164341  1.04541
0.47834 0.16767 1.04757 0.477809 0.164368  1.04544
 0.47834 0.167697   1.0476 0.477809 0.164395  1.04547
 0.47834 0.167724  1.04763 0.477809 0.164422   1.0455
 0.47834 0.167752  1.04766 0.477809 0.164449  1.04553
 0.47834 0.167779  1.04768  0.47781 0.164476  1.04556
 0.47834 0.167807  1.04771  0.47781 0.164502  1.04558
 0.47834 0.167834  1.04774  0.47781 0.164529  1.04561
 0.47834 0.167862  1.04777  0.47781 0.164556  1.04564
 0.47834 0.167889  1.04779  0.47781 0.164583  1.04567
 0.47834 0.167917  1.04782 0.477811 0.164609   1.0457
 0.47834 0.167944  1.04785 0.477811 0.164636  1.04573
 0.47834 0.167971  1.04788 0.477811 0.164663  1.04576
 0.47834 0.167999   1.0479 0.477811 0.164689  1.04578
 0.47834 0.168026  1.04793 0.477811 0.164716  1.04581
 0.47834 0.168054  1.04796 0.477812 0.164743  1.04584
 0.47834 0.168081  1.04799 0.477812 0.164769  1.04587
 0.47834 0.168109  1.04801 0.477812 0.164796   1.0459
 0.47834 0.168136  1.04804 0.477812 0.164822  1.04593
 0.47834 0.168164  1.04807 0.477812 0.164849  1.04595
 0.47834 0.168191   1.0481 0.477812 0.164875  1.04598
 0.47834 0.168219  1.04812 0.477812 0.164902  1.04601
 0.47834 0.168246  1.04815 0.477812 0.164928  1.04604
 0.47834 0.168274  1.04818 0.477813 0.164955  1.04607
 0.47834 0.168301  1.04821 0.477813 0.164981   1.0461
 0.47834 0.168329  1.04823 0.477813 0.165007  1.04613
 0.47834 0.168356  1.04826 0.477813 0.165034  1.04615
 0.47834 0.168384  1.04829 0.477813  0.16506  1.04618
 0.47834 0.168411  1.04832 0.477813 0.165086  1.04621
 0.47834 0.168439  1.04834 0.477813 0.165112  1.04624
 0.47834 0.168466  1.04837 0.477813 0.165139  1.04627
 0.47834 0.168494   1.0484 0.477813 0.165165   1.0463
 0.47834 0.168521  1.04843 0.477813 0.165191  1.04632
 0.47834 0.168549  1.04845 0.477813 0.165217  1.04635
 0.47834 0.168577  1.04848 0.477814 0.165243  1.04638
 0.47834 0.168604  1.04851 0.477814 0.165269  1.04641
 0.47834 0.168632  1.04854 0.477814 0.165295  1.04644
 0.47834 0.168659  1.04856 0.477814 0.165322  1.04647
 0.47834 0.168687  1.04859 0.477814 0.165348  1.04649
 0.47834 0.168714  1.04862 0.477814 0.165374  1.04652
 0.47834 0.168742  1.04865 0.477814   0.1654  1.04655
 0.47834 0.168769  1.04867 0.477814 0.165425  1.04658
 0.47834 0.168797   1.0487 0.477814 0.165451  1.04661
 0.47834 0.168825  1.04873 0.477814 0.165477  1.04664
 0.47834 0.168852  1.04876 0.477814 0.165503  1.04666
0.47834 0.16888 1.04878 0.477814 0.165529  1.04669
 0.47834 0.168907  1.04881 0.477814 0.165555  1.04672
 0.47834 0.168935  1.04884 0.477814 0.165581  1.04675
 0.47834 0.168962  1.04887 0.477815 0.165606  1.04678
0.47834 0.16899 1.04889 0.477815 0.165632  1.04681
 0.47834 0.169018  1.04892 0.477815 0.165658  1.04683
 0.47834 0.169045  1.04895 0.477815 0.165684  1.04686
 0.47834 0.169073  1.04898 0.477815  0.16571  1.04689
0.47834  0.1691   1.049 0.477815 0.165735  1.04692
 0.47834 0.169128  1.04903 0.477815 0.165761  1.04695
 0.47834 0.169156  1.04906 0.477815 0.165787  1.04698
 0.47834 0.169183  1.04909 0.477815 0.165812    1.047
 0.47834 0.169211  1.04911 0.477815 0.165838  1.04703
 0.47834 0.169239  1.04914 0.477815 0.165864  1.04706
 0.47834 0.169266  1.04917 0.477815 0.165889  1.04709
 0.47834 0.169294   1.0492 0.477815 0.165915  1.04712
 0.47834 0.169321  1.04923 0.477816  0.16594  1.04715
 0.47834 0.169349  1.04925 0.477816 0.165966  1.04717
 0.47834 0.169377  1.04928 0.477816 0.165992   1.0472
 0.47834 0.169404  1.04931 0.477816 0.166017  1.04723
 0.47834 0.169432  1.04934 0.477816 0.166043  1.04726
0.47834 0.16946 1.04936 0.477816 0.166068  1.04729
 0.47834 0.169487  1.04939 0.477816 0.166094  1.04731
 0.47834 0.169515  1.04942 0.477816 0.166119  1.04734
 0.47834 0.169543  1.04945 0.477816 0.166144  1.04737
0.47834 0.16957 1.04947 0.477817  0.16617   1.0474
 0.47834 0.169598   1.0495 0.477817 0.166195  1.04743
 0.47834 0.169626  1.04953 0.477817 0.166221  1.04746
 0.47834 0.169653  1.04956 0.477817 0.166246  1.04748
 0.47834 0.169681  1.04958 0.477817 0.166271  1.04751
 0.47834 0.169709  1.04961 0.477817 0.166297  1.04754
 0.47834 0.169736  1.04964 0.477817 0.166322  1.04757
 0.47834 0.169764  1.04967 0.477818 0.166347   1.0476
 0.47834 0.169792   1.0497 0.477818 0.166373  1.04763
 0.47834 0.169819  1.04972 0.477818 0.166398  1.04765
 0.47834 0.169847  1.04975 0.477818 0.166423  1.04768
 0.47834 0.169875  1.04978 0.477818 0.166449  1.04771
 0.47834 0.169903  1.04981 0.477819 0.166474  1.04774
0.47834 0.16993 1.04983 0.477819 0.166499  1.04777
 0.47834 0.169958  1.04986 0.477819 0.166524   1.0478
 0.47834 0.169986  1.04989 0.477819  0.16655  1.04782
 0.47834 0.170013  1.04992  0.47782 0.166575  1.04785
 0.47834 0.170041  1.04995 0.47782  0.1666 1.04788
 0.47834 0.170069  1.04997  0.47782 0.166625  1.04791
 0.47834 0.170097     1.05  0.47782 0.166651  1.04794
 0.47834 0.170124  1.05003 0.477821 0.166676  1.04797
 0.47834 0.170152  1.05006 0.477821 0.166701  1.04799
0.47834 0.17018 1.05008 0.477821 0.166726  1.04802
 0.47834 0.170207  1.05011 0.477821 0.166751  1.04805
 0.47834 0.170235  1.05014 0.477822 0.166776  1.04808
 0.47834 0.170263  1.05017 0.477822 0.166802  1.04811
 0.47834 0.170291  1.05019 0.477822 0.166827  1.04814
 0.47834 0.170318  1.05022 0.477823 0.166852  1.04816
 0.47834 0.170346  1.05025 0.477823 0.166877  1.04819
 0.47834 0.170374  1.05028 0.477823 0.166902  1.04822
 0.47834 0.170402  1.05031 0.477824 0.166927  1.04825
0.47834 0.17043 1.05033 0.477824 0.166952  1.04828
 0.47834 0.170457  1.05036 0.477824 0.166978  1.04831
 0.47834 0.170485  1.05039 0.477825 0.167003  1.04833
 0.47834 0.170513  1.05042 0.477825 0.167028  1.04836
 0.47834 0.170541  1.05044 0.477825 0.167053  1.04839
 0.47834 0.170568  1.05047 0.477826 0.167078  1.04842
 0.47834 0.170596   1.0505 0.477826 0.167103  1.04845
 0.47834 0.170624  1.05053 0.477826 0.167128  1.04848
 0.47834 0.170652  1.05056 0.477827 0.167153   1.0485
0.47834 0.17068 1.05058 0.477827 0.167179  1.04853
 0.47834 0.170707  1.05061 0.477828 0.167204  1.04856
 0.47834 0.170735  1.05064 0.477828 0.167229  1.04859
 0.47834 0.170763  1.05067 0.477829 0.167254  1.04862
 0.47834 0.170791  1.05069 0.477829 0.167279  1.04865
 0.47834 0.170819  1.05072  0.47783 0.167304  1.04868
 0.47834 0.170846  1.05075  0.47783 0.167329   1.0487
 0.47834 0.170874  1.05078  0.47783 0.167355  1.04873
 0.47834 0.170902  1.05081 0.477831  0.16738  1.04876
0.47834 0.17093 1.05083 0.477831 0.167405  1.04879
 0.47834 0.170958  1.05086 0.477832  0.16743  1.04882
 0.47834 0.170986  1.05089 0.477832 0.167455  1.04885
 0.47834 0.171013  1.05092 0.477833 0.167481  1.04888
 0.47834 0.171041  1.05095 0.477833 0.167506   1.0489
 0.47834 0.171069  1.05097 0.477834 0.167531  1.04893
 0.47834 0.171097    1.051 0.477834 0.167556  1.04896
 0.47834 0.171125  1.05103 0.477835 0.167581  1.04899
 0.47834 0.171153  1.05106 0.477835 0.167607  1.04902
0.47834 0.17118 1.05108 0.477836 0.167632  1.04905
 0.47834 0.171208  1.05111 0.477837 0.167657  1.04907
 0.47834 0.171236  1.05114 0.477837 0.167683   1.0491
 0.47834 0.171264  1.05117 0.477838 0.167708  1.04913
 0.47834 0.171292   1.0512 0.477838 0.167733  1.04916
0.47834 0.17132 1.05122 0.477839 0.167759  1.04919
 0.47834 0.171348  1.05125 0.477839 0.167784  1.04922
 0.47834 0.171375  1.05128  0.47784 0.167809  1.04925
 0.47834 0.171403  1.05131 0.477841 0.167835  1.04928
 0.47834 0.171431  1.05134 0.477841  0.16786   1.0493
 0.47834 0.171459  1.05136 0.477842 0.167886  1.04933
 0.47834 0.171487  1.05139 0.477843 0.167911  1.04936
 0.47834 0.171515  1.05142 0.477843 0.167936  1.04939
 0.47834 0.171543  1.05145 0.477844 0.167962  1.04942
 0.47834 0.171571  1.05147 0.477844 0.167987  1.04945
 0.47834 0.171599   1.0515 0.477845 0.168013  1.04948
 0.47834 0.171626  1.05153 0.477846 0.168039   1.0495
 0.47834 0.171654  1.05156 0.477846 0.168064  1.04953
 0.47834 0.171682  1.05159 0.477847  0.16809  1.04956
0.47834 0.17171 1.05161 0.477848 0.168115  1.04959
 0.47834 0.171738  1.05164 0.477848 0.168141  1.04962
 0.47834 0.171766  1.05167 0.477849 0.168167  1.04965
 0.47834 0.171794   1.0517  0.47785 0.168192  1.04968
 0.47834 0.171822  1.05173  0.47785 0.168218  1.04971
0.47834 0.17185 1.05175 0.477851 0.168244  1.04973
 0.47834 0.171878  1.05178 0.477852 0.168269  1.04976
 0.47834 0.171906  1.05181 0.477852 0.168295  1.04979
 0.47834 0.171934  1.05184 0.477853 0.168321  1.04982
 0.47834 0.171962  1.05187 0.477854 0.168347  1.04985
0.47834 0.17199 1.05189 0.477854 0.168373  1.04988
 0.47834 0.172017  1.05192 0.477855 0.168398  1.04991
 0.47834 0.172045  1.05195 0.477856 0.168424  1.04993
 0.47834 0.172073  1.05198 0.477857  0.16845  1.04996
 0.47834 0.172101  1.05201 0.477857 0.168476  1.04999
 0.47834 0.172129  1.05203 0.477858 0.168502  1.05002
 0.47834 0.172157  1.05206 0.477859 0.168528  1.05005
 0.47834 0.172185  1.05209 0.477859 0.168554  1.05008
 0.47834 0.172213  1.05212 0.47786 0.16858 1.05011
 0.47834 0.172241  1.05215 0.477861 0.168606  1.05014
 0.47834 0.172269  1.05217 0.477862 0.168632  1.05016
 0.47834 0.172297   1.0522 0.477862 0.168658  1.05019
 0.47834 0.172325  1.05223 0.477863 0.168684  1.05022
 0.47834 0.172353  1.05226 0.477864  0.16871  1.05025
 0.47834 0.172381  1.05229 0.477865 0.168737  1.05028
 0.47834 0.172409  1.05231 0.477865 0.168763  1.05031
 0.47834 0.172437  1.05234 0.477866 0.168789  1.05034
 0.47834 0.172465  1.05237 0.477867 0.168815  1.05037
 0.47834 0.172493   1.0524 0.477867 0.168841   1.0504
 0.47834 0.172521  1.05243 0.477868 0.168868  1.05042
 0.47834 0.172549  1.05245 0.477869 0.168894  1.05045
 0.47834 0.172577  1.05248 0.47787 0.16892 1.05048
 0.47834 0.172605  1.05251  0.47787 0.168946  1.05051
 0.47834 0.172633  1.05254 0.477871 0.168973  1.05054
 0.47834 0.172661  1.05257 0.477872 0.168999  1.05057
 0.47834 0.172689  1.05259 0.477873 0.169026   1.0506
 0.47834 0.172717  1.05262 0.477873 0.169052  1.05063
 0.47834 0.172745  1.05265 0.477874 0.169078  1.05065
 0.47834 0.172773  1.05268 0.477875 0.169105  1.05068
 0.47834 0.172801  1.05271 0.477876 0.169131  1.05071
 0.47834 0.172829  1.05273 0.477876 0.169158  1.05074
 0.47834 0.172857  1.05276 0.477877 0.169184  1.05077
 0.47834 0.172885  1.05279 0.477878 0.169211   1.0508
 0.47834 0.172913  1.05282 0.477879 0.169237  1.05083
 0.47834 0.172942  1.05285 0.477879 0.169264  1.05086
0.47834 0.17297 1.05287 0.47788 0.16929 1.05088
 0.47834 0.172998   1.0529 0.477881 0.169317  1.05091
 0.47834 0.173026  1.05293 0.477881 0.169343  1.05094
 0.47834 0.173054  1.05296 0.477882  0.16937  1.05097
 0.47834 0.173082  1.05299 0.477883 0.169396    1.051
0.47834 0.17311 1.05301 0.477884 0.169423  1.05103
 0.47834 0.173138  1.05304 0.477884  0.16945  1.05106
 0.47834 0.173166  1.05307 0.477885 0.169476  1.05109
 0.47834 0.173194   1.0531 0.477886 0.169503  1.05112
 0.47834 0.173222  1.05313 0.477887  0.16953  1.05114
0.47834 0.17325 1.05315 0.477887 0.169556  1.05117
 0.47834 0.173278  1.05318 0.477888 0.169583   1.0512
 0.47834 0.173306  1.05321 0.477889  0.16961  1.05123
 0.47834 0.173335  1.05324 0.477889 0.169637  1.05126
 0.47834 0.173363  1.05327  0.47789 0.169663  1.05129
 0.47834 0.173391  1.05329 0.477891  0.16969  1.05132
 0.47834 0.173419  1.05332 0.477891 0.169717  1.05135
 0.47834 0.173447  1.05335 0.477892 0.169744  1.05137
 0.47834 0.173475  1.05338 0.477893  0.16977   1.0514
 0.47834 0.173503  1.05341 0.477894 0.169797  1.05143
 0.47834 0.173531  1.05344 0.477894 0.169824  1.05146
 0.47834 0.173559  1.05346 0.477895 0.169851  1.05149
 0.47834 0.173588  1.05349 0.477896 0.169878  1.05152
 0.47834 0.173616  1.05352 0.477896 0.169905  1.05155
 0.47834 0.173644  1.05355 0.477897 0.169931  1.05158
 0.47834 0.173672  1.05358 0.477898 0.169958   1.0516
0.47834  0.1737  1.0536 0.477898 0.169985  1.05163
 0.47834 0.173728  1.05363 0.477899 0.170012  1.05166
 0.47834 0.173756  1.05366   0.4779 0.170039  1.05169
 0.47834 0.173784  1.05369   0.4779 0.170066  1.05172
 0.47834 0.173813  1.05372 0.477901 0.170093  1.05175
 0.47834 0.173841  1.05374 0.477902  0.17012  1.05178
 0.47834 0.173869  1.05377 0.477902 0.170147  1.05181
 0.47834 0.173897   1.0538 0.477903 0.170174  1.05183
 0.47834 0.173925  1.05383 0.477904   0.1702  1.05186
 0.47834 0.173953  1.05386 0.477904 0.170227  1.05189
 0.47834 0.173982  1.05389 0.477905 0.170254  1.05192
0.47834 0.17401 1.05391 0.477906 0.170281  1.05195
 0.47834 0.174038  1.05394 0.477906 0.170308  1.05198
 0.47834 0.174066  1.05397 0.477907 0.170335  1.05201
 0.47834 0.174094    1.054 0.477908 0.170362  1.05204
 0.47834 0.174122  1.05403 0.477908 0.170389  1.05206
 0.47834 0.174151  1.05405 0.477909 0.170416  1.05209
 0.47834 0.174179  1.05408  0.47791 0.170443  1.05212
 0.47834 0.174207  1.05411 0.47791 0.17047 1.05215
 0.47834 0.174235  1.05414 0.477911 0.170497  1.05218
 0.47834 0.174263  1.05417 0.477912 0.170524  1.05221
 0.47834 0.174292   1.0542 0.477912 0.170551  1.05224
0.47834 0.17432 1.05422 0.477913 0.170578  1.05227
 0.47834 0.174348  1.05425 0.477913 0.170605  1.05229
 0.47834 0.174376  1.05428 0.477914 0.170632  1.05232
 0.47834 0.174404  1.05431 0.477915 0.170659  1.05235
 0.47834 0.174433  1.05434 0.477915 0.170686  1.05238
 0.47834 0.174461  1.05436 0.477916 0.170713  1.05241
 0.47834 0.174489  1.05439 0.477917 0.170741  1.05244
 0.47834 0.174517  1.05442 0.477917 0.170768  1.05247
 0.47834 0.174545  1.05445 0.477918 0.170795   1.0525
 0.47834 0.174574  1.05448 0.477918 0.170822  1.05252
 0.47834 0.174602  1.05451 0.477919 0.170849  1.05255
0.47834 0.17463 1.05453  0.47792 0.170876  1.05258
 0.47834 0.174658  1.05456  0.47792 0.170903  1.05261
 0.47834 0.174687  1.05459 0.477921  0.17093  1.05264
 0.47834 0.174715  1.05462 0.477921 0.170957  1.05267
 0.47834 0.174743  1.05465 0.477922 0.170984   1.0527
 0.47834 0.174771  1.05468 0.477923 0.171011  1.05272
0.47834  0.1748  1.0547 0.477923 0.171038  1.05275
 0.47834 0.174828  1.05473 0.477924 0.171065  1.05278
 0.47834 0.174856  1.05476 0.477924 0.171092  1.05281
 0.47834 0.174884  1.05479 0.477925  0.17112  1.05284
 0.47834 0.174913  1.05482 0.477926 0.171147  1.05287
 0.47834 0.174941  1.05484 0.477926 0.171174   1.0529
 0.47834 0.174969  1.05487 0.477927 0.171201  1.05293
 0.47834 0.174997   1.0549 0.477927 0.171228  1.05295
 0.47834 0.175026  1.05493 0.477928 0.171255  1.05298
 0.47834 0.175054  1.05496 0.477929 0.171282  1.05301
 0.47834 0.175082  1.05499 0.477929 0.171309  1.05304
0.47834 0.17511 1.05501  0.47793 0.171336  1.05307
 0.47834 0.175139  1.05504  0.47793 0.171364   1.0531
 0.47834 0.175167  1.05507 0.477931 0.171391  1.05313
 0.47834 0.175195   1.0551 0.477932 0.171418  1.05315
 0.47834 0.175224  1.05513 0.477932 0.171445  1.05318
 0.47834 0.175252  1.05516 0.477933 0.171472  1.05321
0.47834 0.17528 1.05518 0.477933 0.171499  1.05324
 0.47834 0.175308  1.05521 0.477934 0.171526  1.05327
 0.47834 0.175337  1.05524 0.477935 0.171554   1.0533
 0.47834 0.175365  1.05527 0.477935 0.171581  1.05333
 0.47834 0.175393   1.0553 0.477936 0.171608  1.05336
 0.47834 0.175422  1.05533 0.477936 0.171635  1.05338
0.47834 0.17545 1.05535 0.477937 0.171662  1.05341
 0.47834 0.175478  1.05538 0.477937 0.171689  1.05344
 0.47834 0.175507  1.05541 0.477938 0.171717  1.05347
 0.47834 0.175535  1.05544 0.477939 0.171744   1.0535
 0.47834 0.175563  1.05547 0.477939 0.171771  1.05353
 0.47834 0.175592   1.0555  0.47794 0.171798  1.05356
0.47834 0.17562 1.05552 0.477941 0.171825  1.05358
 0.47834 0.175648  1.05555 0.477941 0.171853  1.05361
 0.47834 0.175677  1.05558 0.477942  0.17188  1.05364
 0.47834 0.175705  1.05561 0.477942 0.171907  1.05367
 0.47834 0.175733  1.05564 0.477943 0.171934   1.0537
 0.47834 0.175762  1.05567 0.477943 0.171962  1.05373
0.47834 0.17579 1.05569 0.477944 0.171989  1.05376
 0.47834 0.175818  1.05572 0.477945 0.172016  1.05378
 0.47834 0.175847  1.05575 0.477945 0.172043  1.05381
 0.47834 0.175875  1.05578 0.477946 0.172071  1.05384
 0.47834 0.175903  1.05581 0.477947 0.172098  1.05387
 0.47834 0.175932  1.05584 0.477947 0.172125   1.0539
0.47834 0.17596 1.05586 0.477948 0.172152  1.05393
 0.47834 0.175989  1.05589 0.477948  0.17218  1.05396
 0.47834 0.176017  1.05592 0.477949 0.172207  1.05398
 0.47834 0.176045  1.05595  0.47795 0.172234  1.05401
 0.47834 0.176074  1.05598  0.47795 0.172262  1.05404
 0.47834 0.176102  1.05601 0.477951 0.172289  1.05407
0.47834 0.17613 1.05603 0.477951 0.172316   1.0541
 0.47834 0.176159  1.05606 0.477952 0.172344  1.05413
 0.47834 0.176187  1.05609 0.477953 0.172371  1.05416
 0.47834 0.176216  1.05612 0.477953 0.172398  1.05418
 0.47834 0.176244  1.05615 0.477954 0.172426  1.05421
 0.47834 0.176272  1.05618 0.477955 0.172453  1.05424
 0.47834 0.176301   1.0562 0.477955 0.172481  1.05427
 0.47834 0.176329  1.05623 0.477956 0.172508   1.0543
 0.47834 0.176358  1.05626 0.477957 0.172535  1.05433
 0.47834 0.176386  1.05629 0.477957 0.172563  1.05436
 0.47834 0.176414  1.05632 0.477958  0.17259  1.05438
 0.47834 0.176443  1.05635 0.477958 0.172618  1.05441
 0.47834 0.176471  1.05638 0.477959 0.172645  1.05444
0.47834  0.1765  1.0564  0.47796 0.172673  1.05447
 0.47834 0.176528  1.05643 0.47796  0.1727  1.0545
 0.47834 0.176556  1.05646 0.477961 0.172728  1.05453
 0.47834 0.176585  1.05649 0.477962 0.172755  1.05456
 0.47834 0.176613  1.05652 0.477962 0.172783  1.05458
 0.47834 0.176642  1.05655 0.477963  0.17281  1.05461
0.47834 0.17667 1.05657 0.477964 0.172838  1.05464
 0.47834 0.176699   1.0566 0.477964 0.172865  1.05467
 0.47834 0.176727  1.05663 0.477965 0.172893   1.0547
 0.47834 0.176755  1.05666 0.477966  0.17292  1.05473
 0.47834 0.176784  1.05669 0.477966 0.172948  1.05476
 0.47834 0.176812  1.05672 0.477967 0.172976  1.05478
 0.47834 0.176841  1.05674 0.477968 0.173003  1.05481
 0.47834 0.176869  1.05677 0.477969 0.173031  1.05484
 0.47834 0.176898   1.0568 0.477969 0.173058  1.05487
 0.47834 0.176926  1.05683  0.47797 0.173086   1.0549
 0.47834 0.176955  1.05686 0.477971 0.173114  1.05493
 0.47834 0.176983  1.05689 0.477971 0.173141  1.05496
 0.47834 0.177012  1.05692 0.477972 0.173169  1.05498
0.47834 0.17704 1.05694 0.477973 0.173197  1.05501
 0.47834 0.177069  1.05697 0.477973 0.173224  1.05504
 0.47834 0.177097    1.057 0.477974 0.173252  1.05507
 0.47834 0.177125  1.05703 0.477975  0.17328   1.0551
 0.47834 0.177154  1.05706 0.477976 0.173307  1.05513
 0.47834 0.177182  1.05709 0.477976 0.173335  1.05516
 0.47834 0.177211  1.05711 0.477977 0.173363  1.05518
 0.47834 0.177239  1.05714 0.477978 0.173391  1.05521
 0.47834 0.177268  1.05717 0.477978 0.173418  1.05524
 0.47834 0.177296   1.0572 0.477979 0.173446  1.05527
 0.47834 0.177325  1.05723  0.47798 0.173474   1.0553
 0.47834 0.177353  1.05726 0.477981 0.173502  1.05533
 0.47834 0.177382  1.05729 0.477981  0.17353  1.05536
0.47834 0.17741 1.05731 0.477982 0.173557  1.05538
 0.47834 0.177439  1.05734 0.477983 0.173585  1.05541
 0.47834 0.177467  1.05737 0.477983 0.173613  1.05544
 0.47834 0.177496   1.0574 0.477984 0.173641  1.05547
 0.47834 0.177524  1.05743 0.477985 0.173669   1.0555
 0.47834 0.177553  1.05746 0.477986 0.173697  1.05553
 0.47834 0.177581  1.05749 0.477986 0.173725  1.05556
0.47834 0.17761 1.05751 0.477987 0.173753  1.05558
 0.47834 0.177639  1.05754 0.477988  0.17378  1.05561
 0.47834 0.177667  1.05757 0.477989 0.173808  1.05564
 0.47834 0.177696   1.0576  0.47799 0.173836  1.05567
 0.47834 0.177724  1.05763  0.47799 0.173864   1.0557
 0.47834 0.177753  1.05766 0.477991 0.173892  1.05573
 0.47834 0.177781  1.05769 0.477992  0.17392  1.05576
0.47834 0.17781 1.05771 0.477993 0.173948  1.05578
 0.47834 0.177838  1.05774 0.477993 0.173976  1.05581
 0.47834 0.177867  1.05777 0.477994 0.174004  1.05584
 0.47834 0.177895   1.0578 0.477995 0.174032  1.05587
 0.47834 0.177924  1.05783 0.477996  0.17406   1.0559
 0.47834 0.177952  1.05786 0.477997 0.174088  1.05593
 0.47834 0.177981  1.05788 0.477997 0.174116  1.05596
0.47834 0.17801 1.05791 0.477998 0.174144  1.05598
 0.47834 0.178038  1.05794 0.477999 0.174172  1.05601
 0.47834 0.178067  1.05797    0.478 0.174201  1.05604
 0.47834 0.178095    1.058    0.478 0.174229  1.05607
 0.47834 0.178124  1.05803 0.478001 0.174257   1.0561
 0.47834 0.178152  1.05806 0.478002 0.174285  1.05613
 0.47834 0.178181  1.05808 0.478003 0.174313  1.05616
0.47834 0.17821 1.05811 0.478004 0.174341  1.05618
 0.47834 0.178238  1.05814 0.478004 0.174369  1.05621
 0.47834 0.178267  1.05817 0.478005 0.174397  1.05624
 0.47834 0.178295   1.0582 0.478006 0.174426  1.05627
 0.47834 0.178324  1.05823 0.478007 0.174454   1.0563
 0.47834 0.178353  1.05826 0.478008 0.174482  1.05633
 0.47834 0.178381  1.05829 0.478009  0.17451  1.05636
0.47834 0.17841 1.05831 0.478009 0.174538  1.05638
 0.47834 0.178438  1.05834  0.47801 0.174567  1.05641
 0.47834 0.178467  1.05837 0.478011 0.174595  1.05644
 0.47834 0.178496   1.0584 0.478012 0.174623  1.05647
 0.47834 0.178524  1.05843 0.478013 0.174651   1.0565
 0.47834 0.178553  1.05846 0.478013 0.174679  1.05653
 0.47834 0.178581  1.05849 0.478014 0.174708  1.05656
0.47834 0.17861 1.05851 0.478015 0.174736  1.05658
 0.47834 0.178639  1.05854 0.478016 0.174764  1.05661
 0.47834 0.178667  1.05857 0.478017 0.174793  1.05664
 0.47834 0.178696   1.0586 0.478018 0.174821  1.05667
 0.47834 0.178724  1.05863 0.478018 0.174849   1.0567
 0.47834 0.178753  1.05866 0.478019 0.174877  1.05673
 0.47834 0.178782  1.05869  0.47802 0.174906  1.05676
0.47834 0.17881 1.05871 0.478021 0.174934  1.05678
 0.47834 0.178839  1.05874 0.478022 0.174962  1.05681
 0.47834 0.178868  1.05877 0.478023 0.174991  1.05684
 0.47834 0.178896   1.0588 0.478023 0.175019  1.05687
 0.47834 0.178925  1.05883 0.478024 0.175048   1.0569
 0.47834 0.178954  1.05886 0.478025 0.175076  1.05693
 0.47834 0.178982  1.05889 0.478026 0.175104  1.05696
 0.47834 0.179011  1.05891 0.478027 0.175133  1.05699
 0.47834 0.179039  1.05894 0.478028 0.175161  1.05701
 0.47834 0.179068  1.05897 0.478028 0.175189  1.05704
 0.47834 0.179097    1.059 0.478029 0.175218  1.05707
 0.47834 0.179125  1.05903  0.47803 0.175246   1.0571
 0.47834 0.179154  1.05906 0.478031 0.175275  1.05713
 0.47834 0.179183  1.05909 0.478032 0.175303  1.05716
 0.47834 0.179211  1.05912 0.478033 0.175332  1.05719
0.47834 0.17924 1.05914 0.478034  0.17536  1.05721
 0.47834 0.179269  1.05917 0.478034 0.175389  1.05724
 0.47834 0.179297   1.0592 0.478035 0.175417  1.05727
 0.47834 0.179326  1.05923 0.478036 0.175446   1.0573
 0.47834 0.179355  1.05926 0.478037 0.175474  1.05733
 0.47834 0.179384  1.05929 0.478038 0.175503  1.05736
 0.47834 0.179412  1.05932 0.478039 0.175531  1.05739
 0.47834 0.179441  1.05934 0.478039  0.17556  1.05741
0.47834 0.17947 1.05937  0.47804 0.175588  1.05744
 0.47834 0.179498   1.0594 0.478041 0.175617  1.05747
 0.47834 0.179527  1.05943 0.478042 0.175645   1.0575
 0.47834 0.179556  1.05946 0.478043 0.175674  1.05753
 0.47834 0.179584  1.05949 0.478044 0.175702  1.05756
 0.47834 0.179613  1.05952 0.478045 0.175731  1.05759
 0.47834 0.179642  1.05955 0.478045  0.17576  1.05761
0.47834 0.17967 1.05957 0.478046 0.175788  1.05764
 0.47834 0.179699   1.0596 0.478047 0.175817  1.05767
 0.47834 0.179728  1.05963 0.478048 0.175845   1.0577
 0.47834 0.179757  1.05966 0.478049 0.175874  1.05773
 0.47834 0.179785  1.05969  0.47805 0.175903  1.05776
 0.47834 0.179814  1.05972  0.47805 0.175931  1.05779
 0.47834 0.179843  1.05975 0.478051  0.17596  1.05781
 0.47834 0.179872  1.05978 0.478052 0.175989  1.05784
0.47834  0.1799  1.0598 0.478053 0.176017  1.05787
 0.47834 0.179929  1.05983 0.478054 0.176046   1.0579
 0.47834 0.179958  1.05986 0.478055 0.176075  1.05793
 0.47834 0.179986  1.05989 0.478056 0.176104  1.05796
 0.47834 0.180015  1.05992 0.478056 0.176132  1.05799
 0.47834 0.180044  1.05995 0.478057 0.176161  1.05801
 0.47834 0.180073  1.05998 0.478058  0.17619  1.05804
 0.47834 0.180101  1.06001 0.478059 0.176219  1.05807
0.47834 0.18013 1.06003  0.47806 0.176247   1.0581
 0.47834 0.180159  1.06006  0.47806 0.176276  1.05813
 0.47834 0.180188  1.06009 0.478061 0.176305  1.05816
 0.47834 0.180216  1.06012 0.478062 0.176334  1.05818
 0.47834 0.180245  1.06015 0.478063 0.176363  1.05821
 0.47834 0.180274  1.06018 0.478064 0.176392  1.05824
 0.47834 0.180303  1.06021 0.478064  0.17642  1.05827
 0.47834 0.180331  1.06024 0.478065 0.176449   1.0583
0.47834 0.18036 1.06026 0.478066 0.176478  1.05833
 0.47834 0.180389  1.06029 0.478067 0.176507  1.05836
 0.47834 0.180418  1.06032 0.478068 0.176536  1.05838
 0.47834 0.180447  1.06035 0.478068 0.176565  1.05841
 0.47834 0.180475  1.06038 0.478069 0.176594  1.05844
 0.47834 0.180504  1.06041  0.47807 0.176623  1.05847
 0.47834 0.180533  1.06044 0.478071 0.176652   1.0585
 0.47834 0.180562  1.06047 0.478072 0.176681  1.05853
0.47834 0.18059 1.06049 0.478072  0.17671  1.05856
 0.47834 0.180619  1.06052 0.478073 0.176739  1.05858
 0.47834 0.180648  1.06055 0.478074 0.176768  1.05861
 0.47834 0.180677  1.06058 0.478075 0.176797  1.05864
 0.47834 0.180706  1.06061 0.478075 0.176826  1.05867
 0.47834 0.180734  1.06064 0.478076 0.176855   1.0587
 0.47834 0.180763  1.06067 0.478077 0.176884  1.05873
 0.47834 0.180792   1.0607 0.478078 0.176913  1.05876
 0.47834 0.180821  1.06072 0.478078 0.176942  1.05878
0.47834 0.18085 1.06075 0.478079 0.176971  1.05881
 0.47834 0.180878  1.06078 0.47808   0.177 1.05884
 0.47834 0.180907  1.06081 0.478081  0.17703  1.05887
 0.47834 0.180936  1.06084 0.478081 0.177059   1.0589
 0.47834 0.180965  1.06087 0.478082 0.177088  1.05893
 0.47834 0.180994   1.0609 0.478083 0.177117  1.05895
 0.47834 0.181023  1.06093 0.478084 0.177146  1.05898
 0.47834 0.181051  1.06096 0.478084 0.177175  1.05901
0.47834 0.18108 1.06098 0.478085 0.177204  1.05904
 0.47834 0.181109  1.06101 0.478086 0.177234  1.05907
 0.47834 0.181138  1.06104 0.478086 0.177263   1.0591
 0.47834 0.181167  1.06107 0.478087 0.177292  1.05913
 0.47834 0.181196   1.0611 0.478088 0.177321  1.05915
 0.47834 0.181224  1.06113 0.478089 0.177351  1.05918
 0.47834 0.181253  1.06116 0.478089  0.17738  1.05921
 0.47834 0.181282  1.06119  0.47809 0.177409  1.05924
 0.47834 0.181311  1.06121 0.478091 0.177438  1.05927
0.47834 0.18134 1.06124 0.478091 0.177468   1.0593
 0.47834 0.181369  1.06127 0.478092 0.177497  1.05932
 0.47834 0.181397   1.0613 0.478093 0.177526  1.05935
 0.47834 0.181426  1.06133 0.478094 0.177556  1.05938
 0.47834 0.181455  1.06136 0.478094 0.177585  1.05941
 0.47834 0.181484  1.06139 0.478095 0.177614  1.05944
 0.47834 0.181513  1.06142 0.478096 0.177644  1.05947
 0.47834 0.181542  1.06145 0.478096 0.177673  1.05949
 0.47834 0.181571  1.06147 0.478097 0.177702  1.05952
 0.47834 0.181599   1.0615 0.478098 0.177732  1.05955
 0.47834 0.181628  1.06153 0.478098 0.177761  1.05958
 0.47834 0.181657  1.06156 0.478099  0.17779  1.05961
 0.47834 0.181686  1.06159  0.4781 0.17782 1.05964
 0.47834 0.181715  1.06162   0.4781 0.177849  1.05967
 0.47834 0.181744  1.06165 0.478101 0.177879  1.05969
 0.47834 0.181773  1.06168 0.478102 0.177908  1.05972
 0.47834 0.181802  1.06171 0.478102 0.177938  1.05975
 0.47834 0.181831  1.06173 0.478103 0.177967  1.05978
 0.47834 0.181859  1.06176 0.478104 0.177997  1.05981
 0.47834 0.181888  1.06179 0.478104 0.178027  1.05984
 0.47834 0.181917  1.06182 0.478105 0.178056  1.05986
 0.47834 0.181946  1.06185 0.478106 0.178086  1.05989
 0.47834 0.181975  1.06188 0.478106 0.178116  1.05992
 0.47834 0.182004  1.06191 0.478107 0.178145  1.05995
 0.47834 0.182033  1.06194 0.478108 0.178175  1.05998
 0.47834 0.182062  1.06197 0.478108 0.178205  1.06001
 0.47834 0.182091  1.06199 0.478109 0.178235  1.06003
0.47834 0.18212 1.06202  0.47811 0.178265  1.06006
 0.47834 0.182148  1.06205 0.478111 0.178295  1.06009
 0.47834 0.182177  1.06208 0.478111 0.178325  1.06012
 0.47834 0.182206  1.06211 0.478112 0.178355  1.06015
 0.47834 0.182235  1.06214 0.478113 0.178385  1.06018
 0.47834 0.182264  1.06217 0.478114 0.178415   1.0602
 0.47834 0.182293   1.0622 0.478114 0.178445  1.06023
 0.47834 0.182322  1.06223 0.478115 0.178475  1.06026
 0.47834 0.182351  1.06225 0.478116 0.178505  1.06029
0.47834 0.18238 1.06228 0.478116 0.178535  1.06032
 0.47834 0.182409  1.06231 0.478117 0.178566  1.06035
 0.47834 0.182438  1.06234 0.478118 0.178596  1.06038
 0.47834 0.182467  1.06237 0.478119 0.178626   1.0604
 0.47834 0.182496   1.0624 0.478119 0.178657  1.06043
 0.47834 0.182525  1.06243  0.47812 0.178687  1.06046
 0.47834 0.182553  1.06246 0.478121 0.178718  1.06049
 0.47834 0.182582  1.06249 0.478122 0.178748  1.06052
 0.47834 0.182611  1.06252 0.478123 0.178779  1.06055
0.47834 0.18264 1.06254 0.478123 0.178809  1.06057
 0.47834 0.182669  1.06257 0.478124  0.17884   1.0606
 0.47834 0.182698   1.0626 0.478125 0.178871  1.06063
 0.47834 0.182727  1.06263 0.478126 0.178901  1.06066
 0.47834 0.182756  1.06266 0.478126 0.178932  1.06069
 0.47834 0.182785  1.06269 0.478127 0.178963  1.06072
 0.47834 0.182814  1.06272 0.478128 0.178994  1.06074
 0.47834 0.182843  1.06275 0.478129 0.179024  1.06077
 0.47834 0.182872  1.06278  0.47813 0.179055   1.0608
 0.47834 0.182901   1.0628  0.47813 0.179086  1.06083
0.47834 0.18293 1.06283 0.478131 0.179117  1.06086
 0.47834 0.182959  1.06286 0.478132 0.179148  1.06089
 0.47834 0.182988  1.06289 0.478133 0.179179  1.06092
 0.47834 0.183017  1.06292 0.478134  0.17921  1.06094
 0.47834 0.183046  1.06295 0.478135 0.179241  1.06097
 0.47834 0.183075  1.06298 0.478135 0.179273    1.061
 0.47834 0.183104  1.06301 0.478136 0.179304  1.06103
 0.47834 0.183133  1.06304 0.478137 0.179335  1.06106
 0.47834 0.183162  1.06307 0.478138 0.179366  1.06109
 0.47834 0.183191  1.06309 0.478139 0.179397  1.06111
0.47834 0.18322 1.06312  0.47814 0.179429  1.06114
 0.47834 0.183249  1.06315 0.478141  0.17946  1.06117
 0.47834 0.183278  1.06318 0.478141 0.179491   1.0612
 0.47834 0.183307  1.06321 0.478142 0.179523  1.06123
 0.47834 0.183336  1.06324 0.478143 0.179554  1.06126
 0.47834 0.183365  1.06327 0.478144 0.179586  1.06128
 0.47834 0.183394   1.0633 0.478145 0.179617  1.06131
 0.47834 0.183423  1.06333 0.478146 0.179649  1.06134
 0.47834 0.183452  1.06336 0.478147  0.17968  1.06137
 0.47834 0.183481  1.06338 0.478148 0.179712   1.0614
0.47834 0.18351 1.06341 0.478149 0.179743  1.06143
 0.47834 0.183539  1.06344 0.478149 0.179775  1.06146
 0.47834 0.183568  1.06347  0.47815 0.179806  1.06148
 0.47834 0.183597   1.0635 0.478151 0.179838  1.06151
 0.47834 0.183626  1.06353 0.478152  0.17987  1.06154
 0.47834 0.183655  1.06356 0.478153 0.179901  1.06157
 0.47834 0.183684  1.06359 0.478154 0.179933   1.0616
 0.47834 0.183713  1.06362 0.478155 0.179965  1.06163
 0.47834 0.183742  1.06365 0.478156 0.179996  1.06165
 0.47834 0.183771  1.06368 0.478157 0.180028  1.06168
0.47834  0.1838  1.0637 0.478158  0.18006  1.06171
 0.47834 0.183829  1.06373 0.478158 0.180092  1.06174
 0.47834 0.183858  1.06376 0.478159 0.180123  1.06177
 0.47834 0.183887  1.06379  0.47816 0.180155   1.0618
 0.47834 0.183916  1.06382 0.478161 0.180187  1.06183
 0.47834 0.183945  1.06385 0.478162 0.180219  1.06185
 0.47834 0.183975  1.06388 0.478163 0.180251  1.06188
 0.47834 0.184004  1.06391 0.478164 0.180282  1.06191
 0.47834 0.184033  1.06394 0.478165 0.180314  1.06194
 0.47834 0.184062  1.06397 0.478166 0.180346  1.06197
 0.47834 0.184091  1.06399 0.478167 0.180378    1.062
0.47834 0.18412 1.06402 0.478168  0.18041  1.06202
 0.47834 0.184149  1.06405 0.478169 0.180442  1.06205
 0.47834 0.184178  1.06408  0.47817 0.180474  1.06208
 0.47834 0.184207  1.06411 0.478171 0.180505  1.06211
 0.47834 0.184236  1.06414 0.478171 0.180537  1.06214
 0.47834 0.184265  1.06417 0.478172 0.180569  1.06217
 0.47834 0.184294   1.0642 0.478173 0.180601  1.06219
 0.47834 0.184323  1.06423 0.478174 0.180633  1.06222
 0.47834 0.184352  1.06426 0.478175 0.180665  1.06225
 0.47834 0.184381  1.06429 0.478176 0.180697  1.06228
 0.47834 0.184411  1.06431 0.478177 0.180728  1.06231
0.47834 0.18444 1.06434 0.478178  0.18076  1.06234
 0.47834 0.184469  1.06437 0.478179 0.180792  1.06236
 0.47834 0.184498   1.0644  0.47818 0.180824  1.06239
 0.47834 0.184527  1.06443 0.478181 0.180856  1.06242
 0.47834 0.184556  1.06446 0.478182 0.180888  1.06245
 0.47834 0.184585  1.06449 0.478183 0.180919  1.06248
 0.47834 0.184614  1.06452 0.478184 0.180951  1.06251
 0.47834 0.184643  1.06455 0.478185 0.180983  1.06254
 0.47834 0.184672  1.06458 0.478186 0.181015  1.06256
 0.47834 0.184702  1.06461 0.478186 0.181047  1.06259
 0.47834 0.184731  1.06463 0.478187 0.181078  1.06262
0.47834 0.18476 1.06466 0.478188  0.18111  1.06265
 0.47834 0.184789  1.06469 0.478189 0.181142  1.06268
 0.47834 0.184818  1.06472  0.47819 0.181174  1.06271
 0.47834 0.184847  1.06475 0.478191 0.181205  1.06273
 0.47834 0.184876  1.06478 0.478192 0.181237  1.06276
 0.47834 0.184905  1.06481 0.478193 0.181269  1.06279
 0.47834 0.184934  1.06484 0.478194   0.1813  1.06282
 0.47834 0.184964  1.06487 0.478195 0.181332  1.06285
 0.47834 0.184993   1.0649 0.478196 0.181364  1.06288
 0.47834 0.185022  1.06493 0.478197 0.181395   1.0629
 0.47834 0.185051  1.06495 0.478198 0.181427  1.06293
0.47834 0.18508 1.06498 0.478199 0.181459  1.06296
 0.47834 0.185109  1.06501  0.4782 0.18149 1.06299
 0.47834 0.185138  1.06504   0.4782 0.181522  1.06302
 0.47834 0.185167  1.06507 0.478201 0.181553  1.06305
 0.47834 0.185197   1.0651 0.478202 0.181585  1.06307
 0.47834 0.185226  1.06513 0.478203 0.181616   1.0631
 0.47834 0.185255  1.06516 0.478204 0.181648  1.06313
 0.47834 0.185284  1.06519 0.478205 0.181679  1.06316
 0.47834 0.185313  1.06522 0.478206 0.181711  1.06319
 0.47834 0.185342  1.06525 0.478207 0.181742  1.06321
 0.47834 0.185371  1.06528 0.478208 0.181774  1.06324
 0.47834 0.185401   1.0653 0.478209 0.181805  1.06327
0.47834 0.18543 1.06533  0.47821 0.181836   1.0633
 0.47834 0.185459  1.06536 0.478211 0.181868  1.06333
 0.47834 0.185488  1.06539 0.478212 0.181899  1.06336
 0.47834 0.185517  1.06542 0.478212  0.18193  1.06338
 0.47834 0.185546  1.06545 0.478213 0.181962  1.06341
 0.47834 0.185576  1.06548 0.478214 0.181993  1.06344
 0.47834 0.185605  1.06551 0.478215 0.182024  1.06347
 0.47834 0.185634  1.06554 0.478216 0.182055   1.0635
 0.47834 0.185663  1.06557 0.478217 0.182087  1.06353
 0.47834 0.185692   1.0656 0.478218 0.182118  1.06355
 0.47834 0.185721  1.06563 0.478219 0.182149  1.06358
 0.47834 0.185751  1.06565 0.47822 0.18218 1.06361
0.47834 0.18578 1.06568 0.478221 0.182211  1.06364
 0.47834 0.185809  1.06571 0.478222 0.182242  1.06367
 0.47834 0.185838  1.06574 0.478223 0.182273  1.06369
 0.47834 0.185867  1.06577 0.478224 0.182304  1.06372
 0.47834 0.185897   1.0658 0.478224 0.182335  1.06375
 0.47834 0.185926  1.06583 0.478225 0.182366  1.06378
 0.47834 0.185955  1.06586 0.478226 0.182397  1.06381
 0.47834 0.185984  1.06589 0.478227 0.182428  1.06384
 0.47834 0.186013  1.06592 0.478228 0.182459  1.06386
 0.47834 0.186043  1.06595 0.478229  0.18249  1.06389
 0.47834 0.186072  1.06598  0.47823 0.182521  1.06392
 0.47834 0.186101    1.066 0.478231 0.182552  1.06395
0.47834 0.18613 1.06603 0.478232 0.182583  1.06398
 0.47834 0.186159  1.06606 0.478233 0.182614    1.064
 0.47834 0.186189  1.06609 0.478233 0.182645  1.06403
 0.47834 0.186218  1.06612 0.478234 0.182675  1.06406
 0.47834 0.186247  1.06615 0.478235 0.182706  1.06409
 0.47834 0.186276  1.06618 0.478236 0.182737  1.06412
 0.47834 0.186305  1.06621 0.478237 0.182768  1.06415
 0.47834 0.186335  1.06624 0.478238 0.182799  1.06417
 0.47834 0.186364  1.06627 0.478239  0.18283   1.0642
 0.47834 0.186393   1.0663 0.47824 0.18286 1.06423
 0.47834 0.186422  1.06633 0.478241 0.182891  1.06426
 0.47834 0.186452  1.06636 0.478242 0.182922  1.06429
 0.47834 0.186481  1.06638 0.478242 0.182953  1.06431
0.47834 0.18651 1.06641 0.478243 0.182984  1.06434
 0.47834 0.186539  1.06644 0.478244 0.183014  1.06437
 0.47834 0.186568  1.06647 0.478245 0.183045   1.0644
 0.47834 0.186598   1.0665 0.478246 0.183076  1.06443
 0.47834 0.186627  1.06653 0.478247 0.183107  1.06445
 0.47834 0.186656  1.06656 0.478248 0.183137  1.06448
 0.47834 0.186685  1.06659 0.478249 0.183168  1.06451
 0.47834 0.186715  1.06662 0.478249 0.183199  1.06454
 0.47834 0.186744  1.06665 0.47825 0.18323 1.06457
 0.47834 0.186773  1.06668 0.478251  0.18326   1.0646
 0.47834 0.186802  1.06671 0.478252 0.183291  1.06462
 0.47834 0.186832  1.06674 0.478253 0.183322  1.06465
 0.47834 0.186861  1.06676 0.478254 0.183353  1.06468
0.47834 0.18689 1.06679 0.478255 0.183384  1.06471
 0.47834 0.186919  1.06682 0.478255 0.183414  1.06474
 0.47834 0.186949  1.06685 0.478256 0.183445  1.06476
 0.47834 0.186978  1.06688 0.478257 0.183476  1.06479
 0.47834 0.187007  1.06691 0.478258 0.183507  1.06482
 0.47834 0.187036  1.06694 0.478259 0.183537  1.06485
 0.47834 0.187066  1.06697  0.47826 0.183568  1.06488
 0.47834 0.187095    1.067  0.47826 0.183599   1.0649
 0.47834 0.187124  1.06703 0.478261  0.18363  1.06493
 0.47834 0.187154  1.06706 0.478262  0.18366  1.06496
 0.47834 0.187183  1.06709 0.478263 0.183691  1.06499
 0.47834 0.187212  1.06712 0.478264 0.183722  1.06502
 0.47834 0.187241  1.06715 0.478265 0.183753  1.06504
 0.47834 0.187271  1.06717 0.478265 0.183784  1.06507
0.47834  0.1873  1.0672 0.478266 0.183814   1.0651
 0.47834 0.187329  1.06723 0.478267 0.183845  1.06513
 0.47834 0.187358  1.06726 0.478268 0.183876  1.06516
 0.47834 0.187388  1.06729 0.478269 0.183907  1.06518
 0.47834 0.187417  1.06732  0.47827 0.183938  1.06521
 0.47834 0.187446  1.06735  0.47827 0.183968  1.06524
 0.47834 0.187476  1.06738 0.478271 0.183999  1.06527
 0.47834 0.187505  1.06741 0.478272  0.18403   1.0653
 0.47834 0.187534  1.06744 0.478273 0.184061  1.06532
 0.47834 0.187563  1.06747 0.478274 0.184092  1.06535
 0.47834 0.187593   1.0675 0.478274 0.184122  1.06538
 0.47834 0.187622  1.06753 0.478275 0.184153  1.06541
 0.47834 0.187651  1.06756 0.478276 0.184184  1.06544
 0.47834 0.187681  1.06758 0.478277 0.184215  1.06546
0.47834 0.18771 1.06761 0.478278 0.184246  1.06549
 0.47834 0.187739  1.06764 0.478279 0.184276  1.06552
 0.47834 0.187769  1.06767 0.478279 0.184307  1.06555
 0.47834 0.187798   1.0677  0.47828 0.184338  1.06558
 0.47834 0.187827  1.06773 0.478281 0.184369   1.0656
 0.47834 0.187857  1.06776 0.478282   0.1844  1.06563
 0.47834 0.187886  1.06779 0.478283  0.18443  1.06566
 0.47834 0.187915  1.06782 0.478283 0.184461  1.06569
 0.47834 0.187945  1.06785 0.478284 0.184492  1.06572
 0.47834 0.187974  1.06788 0.478285 0.184523  1.06574
 0.47834 0.188003  1.06791 0.478286 0.184553  1.06577
 0.47834 0.188032  1.06794 0.478287 0.184584   1.0658
 0.47834 0.188062  1.06797 0.478288 0.184615  1.06583
 0.47834 0.188091    1.068 0.478288 0.184646  1.06586
0.47834 0.18812 1.06802 0.478289 0.184677  1.06588
0.47834 0.18815 1.06805  0.47829 0.184707  1.06591
 0.47834 0.188179  1.06808 0.478291 0.184738  1.06594
 0.47834 0.188208  1.06811 0.478292 0.184769  1.06597
 0.47834 0.188238  1.06814 0.478292   0.1848    1.066
 0.47834 0.188267  1.06817 0.478293  0.18483  1.06602
 0.47834 0.188297   1.0682 0.478294 0.184861  1.06605
 0.47834 0.188326  1.06823 0.478295 0.184892  1.06608
 0.47834 0.188355  1.06826 0.478296 0.184923  1.06611
 0.47834 0.188385  1.06829 0.478296 0.184954  1.06613
 0.47834 0.188414  1.06832 0.478297 0.184984  1.06616
 0.47834 0.188443  1.06835 0.478298 0.185015  1.06619
 0.47834 0.188473  1.06838 0.478299 0.185046  1.06622
 0.47834 0.188502  1.06841   0.4783 0.185077  1.06625
 0.47834 0.188531  1.06844 0.478301 0.185108  1.06627
 0.47834 0.188561  1.06846 0.478301 0.185138   1.0663
0.47834 0.18859 1.06849 0.478302 0.185169  1.06633
 0.47834 0.188619  1.06852 0.478303   0.1852  1.06636
 0.47834 0.188649  1.06855 0.478304 0.185231  1.06639
 0.47834 0.188678  1.06858 0.478305 0.185262  1.06641
 0.47834 0.188707  1.06861 0.478305 0.185293  1.06644
 0.47834 0.188737  1.06864 0.478306 0.185324  1.06647
 0.47834 0.188766  1.06867 0.478307 0.185354   1.0665
 0.47834 0.188796   1.0687 0.478308 0.185385  1.06653
 0.47834 0.188825  1.06873 0.478309 0.185416  1.06655
 0.47834 0.188854  1.06876  0.47831 0.185447  1.06658
 0.47834 0.188884  1.06879  0.47831 0.185478  1.06661
 0.47834 0.188913  1.06882 0.478311 0.185509  1.06664
 0.47834 0.188942  1.06885 0.478312  0.18554  1.06667
 0.47834 0.188972  1.06888 0.478313 0.185571  1.06669
 0.47834 0.189001  1.06891 0.478314 0.185602  1.06672
 0.47834 0.189031  1.06893 0.478314 0.185633  1.06675
0.47834 0.18906 1.06896 0.478315 0.185664  1.06678
 0.47834 0.189089  1.06899 0.478316 0.185695   1.0668
 0.47834 0.189119  1.06902 0.478317 0.185726  1.06683
 0.47834 0.189148  1.06905 0.478318 0.185757  1.06686
 0.47834 0.189178  1.06908 0.478319 0.185788  1.06689
 0.47834 0.189207  1.06911 0.478319 0.185819  1.06692
 0.47834 0.189236  1.06914 0.47832 0.18585 1.06694
 0.47834 0.189266  1.06917 0.478321 0.185881  1.06697
 0.47834 0.189295   1.0692 0.478322 0.185912    1.067
 0.47834 0.189325  1.06923 0.478323 0.185943  1.06703
 0.47834 0.189354  1.06926 0.478323 0.185974  1.06706
 0.47834 0.189383  1.06929 0.478324 0.186005  1.06708
 0.47834 0.189413  1.06932 0.478325 0.186036  1.06711
 0.47834 0.189442  1.06935 0.478326 0.186067  1.06714
 0.47834 0.189472  1.06938 0.478327 0.186098  1.06717
 0.47834 0.189501   1.0694 0.478328  0.18613   1.0672
0.47834 0.18953 1.06943 0.478328 0.186161  1.06722
0.47834 0.18956 1.06946 0.478329 0.186192  1.06725
 0.47834 0.189589  1.06949  0.47833 0.186223  1.06728
 0.47834 0.189619  1.06952 0.478331 0.186254  1.06731
 0.47834 0.189648  1.06955 0.478332 0.186286  1.06733
 0.47834 0.189678  1.06958 0.478332 0.186317  1.06736
 0.47834 0.189707  1.06961 0.478333 0.186348  1.06739
 0.47834 0.189736  1.06964 0.478334 0.186379  1.06742
 0.47834 0.189766  1.06967 0.478335 0.186411  1.06745
 0.47834 0.189795   1.0697 0.478336 0.186442  1.06747
 0.47834 0.189825  1.06973 0.478337 0.186473   1.0675
 0.47834 0.189854  1.06976 0.478337 0.186504  1.06753
 0.47834 0.189884  1.06979 0.478338 0.186536  1.06756
 0.47834 0.189913  1.06982 0.478339 0.186567  1.06759
 0.47834 0.189942  1.06985  0.47834 0.186598  1.06761
 0.47834 0.189972  1.06988 0.478341  0.18663  1.06764
 0.47834 0.190001  1.06991 0.478342 0.186661  1.06767
 0.47834 0.190031  1.06993 0.478342 0.186693   1.0677
0.47834 0.19006 1.06996 0.478343 0.186724  1.06773
0.47834 0.19009 1.06999 0.478344 0.186755  1.06775
 0.47834 0.190119  1.07002 0.478345 0.186787  1.06778
 0.47834 0.190149  1.07005 0.478346 0.186818  1.06781
 0.47834 0.190178  1.07008 0.478347  0.18685  1.06784
 0.47834 0.190207  1.07011 0.478347 0.186881  1.06786
 0.47834 0.190237  1.07014 0.478348 0.186912  1.06789
 0.47834 0.190266  1.07017 0.478349 0.186944  1.06792
 0.47834 0.190296   1.0702  0.47835 0.186975  1.06795
 0.47834 0.190325  1.07023 0.478351 0.187007  1.06798
 0.47834 0.190355  1.07026 0.478352 0.187038    1.068
 0.47834 0.190384  1.07029 0.478352  0.18707  1.06803
 0.47834 0.190414  1.07032 0.478353 0.187101  1.06806
 0.47834 0.190443  1.07035 0.478354 0.187133  1.06809
 0.47834 0.190473  1.07038 0.478355 0.187165  1.06812
 0.47834 0.190502  1.07041 0.478356 0.187196  1.06814
 0.47834 0.190532  1.07044 0.478357 0.187228  1.06817
 0.47834 0.190561  1.07046 0.478358 0.187259   1.0682
0.47834 0.19059 1.07049 0.478358 0.187291  1.06823
0.47834 0.19062 1.07052 0.478359 0.187322  1.06825
 0.47834 0.190649  1.07055  0.47836 0.187354  1.06828
 0.47834 0.190679  1.07058 0.478361 0.187386  1.06831
 0.47834 0.190708  1.07061 0.478362 0.187417  1.06834
 0.47834 0.190738  1.07064 0.478363 0.187449  1.06837
 0.47834 0.190767  1.07067 0.478364 0.187481  1.06839
 0.47834 0.190797   1.0707 0.478364 0.187512  1.06842
 0.47834 0.190826  1.07073 0.478365 0.187544  1.06845
 0.47834 0.190856  1.07076 0.478366 0.187576  1.06848
 0.47834 0.190885  1.07079 0.478367 0.187607  1.06851
 0.47834 0.190915  1.07082 0.478368 0.187639  1.06853
 0.47834 0.190944  1.07085 0.478369 0.187671  1.06856
 0.47834 0.190974  1.07088 0.478369 0.187702  1.06859
 0.47834 0.191003  1.07091  0.47837 0.187734  1.06862
 0.47834 0.191033  1.07094 0.478371 0.187766  1.06865
 0.47834 0.191062  1.07097 0.478372 0.187797  1.06867
 0.47834 0.191092    1.071 0.478373 0.187829   1.0687
 0.47834 0.191121  1.07103 0.478374 0.187861  1.06873
 0.47834 0.191151  1.07105 0.478375 0.187892  1.06876
0.47834 0.19118 1.07108 0.478375 0.187924  1.06878
0.47834 0.19121 1.07111 0.478376 0.187956  1.06881
 0.47834 0.191239  1.07114 0.478377 0.187988  1.06884
 0.47834 0.191269  1.07117 0.478378 0.188019  1.06887
 0.47834 0.191298   1.0712 0.478379 0.188051   1.0689
 0.47834 0.191328  1.07123  0.47838 0.188083  1.06892
 0.47834 0.191357  1.07126 0.478381 0.188115  1.06895
 0.47834 0.191387  1.07129 0.478381 0.188146  1.06898
 0.47834 0.191416  1.07132 0.478382 0.188178  1.06901
 0.47834 0.191446  1.07135 0.478383  0.18821  1.06904
 0.47834 0.191475  1.07138 0.478384 0.188241  1.06906
 0.47834 0.191505  1.07141 0.478385 0.188273  1.06909
 0.47834 0.191534  1.07144 0.478386 0.188305  1.06912
 0.47834 0.191564  1.07147 0.478386 0.188337  1.06915
 0.47834 0.191593   1.0715 0.478387 0.188368  1.06918
 0.47834 0.191623  1.07153 0.478388   0.1884   1.0692
 0.47834 0.191653  1.07156 0.478389 0.188432  1.06923
 0.47834 0.191682  1.07159  0.47839 0.188464  1.06926
 0.47834 0.191712  1.07162 0.478391 0.188495  1.06929
 0.47834 0.191741  1.07165 0.478392 0.188527  1.06931
 0.47834 0.191771  1.07167 0.478393 0.188559  1.06934
0.47834  0.1918  1.0717 0.478393 0.188591  1.06937
0.47834 0.19183 1.07173 0.478394 0.188622   1.0694
 0.47834 0.191859  1.07176 0.478395 0.188654  1.06943
 0.47834 0.191889  1.07179 0.478396 0.188686  1.06945
 0.47834 0.191918  1.07182 0.478397 0.188718  1.06948
 0.47834 0.191948  1.07185 0.478398 0.188749  1.06951
 0.47834 0.191977  1.07188 0.478398 0.188781  1.06954
 0.47834 0.192007  1.07191 0.478399 0.188813  1.06957
 0.47834 0.192037  1.07194   0.4784 0.188845  1.06959
 0.47834 0.192066  1.07197 0.478401 0.188876  1.06962
 0.47834 0.192096    1.072 0.478402 0.188908  1.06965
 0.47834 0.192125  1.07203 0.478403  0.18894  1.06968
 0.47834 0.192155  1.07206 0.478404 0.188972  1.06971
 0.47834 0.192184  1.07209 0.478404 0.189003  1.06973
 0.47834 0.192214  1.07212 0.478405 0.189035  1.06976
 0.47834 0.192243  1.07215 0.478406 0.189067  1.06979
 0.47834 0.192273  1.07218 0.478407 0.189099  1.06982
 0.47834 0.192303  1.07221 0.478408  0.18913  1.06985
 0.47834 0.192332  1.07224 0.478409 0.189162  1.06987
 0.47834 0.192362  1.07227 0.478409 0.189194   1.0699
 0.47834 0.192391   1.0723  0.47841 0.189225  1.06993
 0.47834 0.192421  1.07232 0.478411 0.189257  1.06996
0.47834 0.19245 1.07235 0.478412 0.189289  1.06998
0.47834 0.19248 1.07238 0.478413 0.189321  1.07001
0.47834 0.19251 1.07241 0.478414 0.189352  1.07004
 0.47834 0.192539  1.07244 0.478414 0.189384  1.07007
 0.47834 0.192569  1.07247 0.478415 0.189416   1.0701
 0.47834 0.192598   1.0725 0.478416 0.189448  1.07012
 0.47834 0.192628  1.07253 0.478417 0.189479  1.07015
 0.47834 0.192657  1.07256 0.478418 0.189511  1.07018
 0.47834 0.192687  1.07259 0.478419 0.189543  1.07021
 0.47834 0.192717  1.07262 0.478419 0.189574  1.07024
 0.47834 0.192746  1.07265  0.47842 0.189606  1.07026
 0.47834 0.192776  1.07268 0.478421 0.189638  1.07029
 0.47834 0.192805  1.07271 0.478422 0.189669  1.07032
 0.47834 0.192835  1.07274 0.478423 0.189701  1.07035
 0.47834 0.192864  1.07277 0.478423 0.189733  1.07038
 0.47834 0.192894   1.0728 0.478424 0.189764   1.0704
 0.47834 0.192924  1.07283 0.478425 0.189796  1.07043
 0.47834 0.192953  1.07286 0.478426 0.189828  1.07046
 0.47834 0.192983  1.07289 0.478427  0.18986  1.07049
 0.47834 0.193012  1.07292 0.478427 0.189891  1.07052
 0.47834 0.193042  1.07295 0.478428 0.189923  1.07054
 0.47834 0.193072  1.07298 0.478429 0.189955  1.07057
 0.47834 0.193101  1.07301  0.47843 0.189986   1.0706
 0.47834 0.193131  1.07303 0.478431 0.190018  1.07063
0.47834 0.19316 1.07306 0.478432 0.190049  1.07065
0.47834 0.19319 1.07309 0.478432 0.190081  1.07068
0.47834 0.19322 1.07312 0.478433 0.190113  1.07071
 0.47834 0.193249  1.07315 0.478434 0.190144  1.07074
 0.47834 0.193279  1.07318 0.478435 0.190176  1.07077
 0.47834 0.193308  1.07321 0.478435 0.190208  1.07079
 0.47834 0.193338  1.07324 0.478436 0.190239  1.07082
 0.47834 0.193368  1.07327 0.478437 0.190271  1.07085
 0.47834 0.193397   1.0733 0.478438 0.190303  1.07088
 0.47834 0.193427  1.07333 0.478439 0.190334  1.07091
 0.47834 0.193457  1.07336 0.478439 0.190366  1.07093
 0.47834 0.193486  1.07339  0.47844 0.190398  1.07096
 0.47834 0.193516  1.07342 0.478441 0.190429  1.07099
 0.47834 0.193545  1.07345 0.478442 0.190461  1.07102
 0.47834 0.193575  1.07348 0.478442 0.190492  1.07105
 0.47834 0.193605  1.07351 0.478443 0.190524  1.07107
 0.47834 0.193634  1.07354 0.478444 0.190555   1.0711
 0.47834 0.193664  1.07357 0.478445 0.190587  1.07113
 0.47834 0.193694   1.0736 0.478445 0.190619  1.07116
 0.47834 0.193723  1.07363 0.478446  0.19065  1.07119
 0.47834 0.193753  1.07366 0.478447 0.190682  1.07121
 0.47834 0.193782  1.07369 0.478448 0.190713  1.07124
 0.47834 0.193812  1.07372 0.478448 0.190745  1.07127
 0.47834 0.193842  1.07375 0.478449 0.190777   1.0713
 0.47834 0.193871  1.07378  0.47845 0.190808  1.07133
 0.47834 0.193901   1.0738 0.478451  0.19084  1.07135
 0.47834 0.193931  1.07383 0.478451 0.190871  1.07138
0.47834 0.19396 1.07386 0.478452 0.190903  1.07141
0.47834 0.19399 1.07389 0.478453 0.190934  1.07144
0.47834 0.19402 1.07392 0.478454 0.190966  1.07146
 0.47834 0.194049  1.07395 0.478454 0.190997  1.07149
 0.47834 0.194079  1.07398 0.478455 0.191029  1.07152
 0.47834 0.194108  1.07401 0.478456  0.19106  1.07155
 0.47834 0.194138  1.07404 0.478457 0.191092  1.07158
 0.47834 0.194168  1.07407 0.478457 0.191123   1.0716
 0.47834 0.194197   1.0741 0.478458 0.191155  1.07163
 0.47834 0.194227  1.07413 0.478459 0.191186  1.07166
 0.47834 0.194257  1.07416 0.478459 0.191218  1.07169
 0.47834 0.194286  1.07419  0.47846 0.191249  1.07172
 0.47834 0.194316  1.07422 0.478461 0.191281  1.07174
 0.47834 0.194346  1.07425 0.478462 0.191312  1.07177
 0.47834 0.194375  1.07428 0.478462 0.191344   1.0718
 0.47834 0.194405  1.07431 0.478463 0.191375  1.07183
 0.47834 0.194435  1.07434 0.478464 0.191407  1.07186
 0.47834 0.194464  1.07437 0.478464 0.191438  1.07188
 0.47834 0.194494   1.0744 0.478465  0.19147  1.07191
 0.47834 0.194524  1.07443 0.478466 0.191501  1.07194
 0.47834 0.194553  1.07446 0.478466 0.191532  1.07197
 0.47834 0.194583  1.07449 0.478467 0.191564    1.072
 0.47834 0.194613  1.07452 0.478468 0.191595  1.07202
 0.47834 0.194642  1.07455 0.478468 0.191627  1.07205
 0.47834 0.194672  1.07458 0.478469 0.191658  1.07208
 0.47834 0.194702  1.07461  0.47847 0.191689  1.07211
 0.47834 0.194731  1.07464  0.47847 0.191721  1.07214
 0.47834 0.194761  1.07466 0.478471 0.191752  1.07216
 0.47834 0.194791  1.07469 0.478472 0.191784  1.07219
0.47834 0.19482 1.07472 0.478472 0.191815  1.07222
0.47834 0.19485 1.07475 0.478473 0.191846  1.07225
0.47834 0.19488 1.07478 0.478474 0.191878  1.07228
 0.47834 0.194909  1.07481 0.478474 0.191909   1.0723
 0.47834 0.194939  1.07484 0.478475 0.191941  1.07233
 0.47834 0.194969  1.07487 0.478476 0.191972  1.07236
 0.47834 0.194998   1.0749 0.478476 0.192003  1.07239
 0.47834 0.195028  1.07493 0.478477 0.192035  1.07242
 0.47834 0.195058  1.07496 0.478477 0.192066  1.07244
 0.47834 0.195087  1.07499 0.478478 0.192097  1.07247
 0.47834 0.195117  1.07502 0.478479 0.192129   1.0725
 0.47834 0.195147  1.07505 0.478479  0.19216  1.07253
 0.47834 0.195177  1.07508  0.47848 0.192191  1.07256
 0.47834 0.195206  1.07511 0.478481 0.192223  1.07258
 0.47834 0.195236  1.07514 0.478481 0.192254  1.07261
 0.47834 0.195266  1.07517 0.478482 0.192285  1.07264
 0.47834 0.195295   1.0752 0.478482 0.192317  1.07267
 0.47834 0.195325  1.07523 0.478483 0.192348   1.0727
 0.47834 0.195355  1.07526 0.478484 0.192379  1.07272
 0.47834 0.195384  1.07529 0.478484  0.19241  1.07275
 0.47834 0.195414  1.07532 0.478485 0.192442  1.07278
 0.47834 0.195444  1.07535 0.478485 0.192473  1.07281
 0.47834 0.195474  1.07538 0.478486 0.192504  1.07284
 0.47834 0.195503  1.07541 0.478487 0.192536  1.07286
 0.47834 0.195533  1.07544 0.478487 0.192567  1.07289
 0.47834 0.195563  1.07547 0.478488 0.192598  1.07292
 0.47834 0.195592   1.0755 0.478488 0.192629  1.07295
 0.47834 0.195622  1.07553 0.478489 0.192661  1.07298
 0.47834 0.195652  1.07556 0.478489 0.192692    1.073
 0.47834 0.195681  1.07559  0.47849 0.192723  1.07303
 0.47834 0.195711  1.07562 0.478491 0.192754  1.07306
 0.47834 0.195741  1.07564 0.478491 0.192786  1.07309
 0.47834 0.195771  1.07567 0.478492 0.192817  1.07312
0.47834  0.1958  1.0757 0.478492 0.192848  1.07314
0.47834 0.19583 1.07573 0.478493 0.192879  1.07317
0.47834 0.19586 1.07576 0.478493 0.192911   1.0732
 0.47834 0.195889  1.07579 0.478494 0.192942  1.07323
 0.47834 0.195919  1.07582 0.478495 0.192973  1.07326
 0.47834 0.195949  1.07585 0.478495 0.193004  1.07328
 0.47834 0.195979  1.07588 0.478496 0.193035  1.07331
 0.47834 0.196008  1.07591 0.478496 0.193067  1.07334
 0.47834 0.196038  1.07594 0.478497 0.193098  1.07337
 0.47834 0.196068  1.07597 0.478497 0.193129   1.0734
 0.47834 0.196098    1.076 0.478498  0.19316  1.07342
 0.47834 0.196127  1.07603 0.478498 0.193191  1.07345
 0.47834 0.196157  1.07606 0.478499 0.193222  1.07348
 0.47834 0.196187  1.07609 0.478499 0.193254  1.07351
 0.47834 0.196216  1.07612   0.4785 0.193285  1.07354
 0.47834 0.196246  1.07615   0.4785 0.193316  1.07356
 0.47834 0.196276  1.07618 0.478501 0.193347  1.07359
 0.47834 0.196306  1.07621 0.478501 0.193378  1.07362
 0.47834 0.196335  1.07624 0.478502 0.193409  1.07365
 0.47834 0.196365  1.07627 0.478502  0.19344  1.07368
 0.47834 0.196395   1.0763 0.478503 0.193471   1.0737
 0.47834 0.196425  1.07633 0.478503 0.193503  1.07373
 0.47834 0.196454  1.07636 0.478504 0.193534  1.07376
 0.47834 0.196484  1.07639 0.478504 0.193565  1.07379
 0.47834 0.196514  1.07642 0.478505 0.193596  1.07382
 0.47834 0.196544  1.07645 0.478506 0.193627  1.07384
 0.47834 0.196573  1.07648 0.478506 0.193658  1.07387
 0.47834 0.196603  1.07651 0.478506 0.193689   1.0739
 0.47834 0.196633  1.07654 0.478507  0.19372  1.07393
 0.47834 0.196663  1.07657 0.478507 0.193751  1.07396
 0.47834 0.196692   1.0766 0.478508 0.193782  1.07398
 0.47834 0.196722  1.07663 0.478509 0.193813  1.07401
 0.47834 0.196752  1.07666 0.478509 0.193844  1.07404
 0.47834 0.196782  1.07669 0.478509 0.193874  1.07407
 0.47834 0.196811  1.07672  0.47851 0.193905   1.0741
 0.47834 0.196841  1.07675  0.47851 0.193936  1.07413
 0.47834 0.196871  1.07677 0.478511 0.193967  1.07415
 0.47834 0.196901   1.0768 0.478511 0.193998  1.07418
0.47834 0.19693 1.07683 0.478512 0.194029  1.07421
0.47834 0.19696 1.07686 0.478512  0.19406  1.07424
0.47834 0.19699 1.07689 0.478513  0.19409  1.07427
0.47834 0.19702 1.07692 0.478513 0.194121  1.07429
 0.47834 0.197049  1.07695 0.478514 0.194152  1.07432
 0.47834 0.197079  1.07698 0.478514 0.194183  1.07435
 0.47834 0.197109  1.07701 0.478515 0.194214  1.07438
 0.47834 0.197139  1.07704 0.478515 0.194244  1.07441
 0.47834 0.197168  1.07707 0.478516 0.194275  1.07444
 0.47834 0.197198   1.0771 0.478516 0.194306  1.07446
 0.47834 0.197228  1.07713 0.478516 0.194336  1.07449
 0.47834 0.197258  1.07716 0.478517 0.194367  1.07452
 0.47834 0.197288  1.07719 0.478517 0.194398  1.07455
 0.47834 0.197317  1.07722 0.478518 0.194428  1.07458
 0.47834 0.197347  1.07725 0.478518 0.194459   1.0746
 0.47834 0.197377  1.07728 0.478519  0.19449  1.07463
 0.47834 0.197407  1.07731 0.478519  0.19452  1.07466
 0.47834 0.197436  1.07734  0.47852 0.194551  1.07469
 0.47834 0.197466  1.07737  0.47852 0.194581  1.07472
 0.47834 0.197496   1.0774  0.47852 0.194612  1.07475
 0.47834 0.197526  1.07743 0.478521 0.194642  1.07477
 0.47834 0.197556  1.07746 0.478521 0.194673   1.0748
 0.47834 0.197585  1.07749 0.478522 0.194703  1.07483
 0.47834 0.197615  1.07752 0.478522 0.194734  1.07486
 0.47834 0.197645  1.07755 0.478523 0.194764  1.07489
 0.47834 0.197675  1.07758 0.478523 0.194795  1.07492
 0.47834 0.197704  1.07761 0.478523 0.194825  1.07494
 0.47834 0.197734  1.07764 0.478524 0.194856  1.07497
 0.47834 0.197764  1.07767 0.478524 0.194886    1.075
 0.47834 0.197794   1.0777 0.478525 0.194916  1.07503
 0.47834 0.197824  1.07773 0.478525 0.194947  1.07506
 0.47834 0.197853  1.07776 0.478525 0.194977  1.07508
 0.47834 0.197883  1.07779 0.478526 0.195008  1.07511
 0.47834 0.197913  1.07782 0.478526 0.195038  1.07514
 0.47834 0.197943  1.07785 0.478527 0.195068  1.07517
 0.47834 0.197973  1.07788 0.478527 0.195099   1.0752
 0.47834 0.198002  1.07791 0.478527 0.195129  1.07523
 0.47834 0.198032  1.07794 0.478528 0.195159  1.07525
 0.47834 0.198062  1.07797 0.478528 0.195189  1.07528
 0.47834 0.198092    1.078 0.478529  0.19522  1.07531
 0.47834 0.198122  1.07803 0.478529  0.19525  1.07534
 0.47834 0.198151  1.07806 0.478529  0.19528  1.07537
 0.47834 0.198181  1.07809  0.47853 0.195311   1.0754
 0.47834 0.198211  1.07811  0.47853 0.195341  1.07542
 0.47834 0.198241  1.07814  0.47853 0.195371  1.07545
 0.47834 0.198271  1.07817 0.478531 0.195401  1.07548
0.47834  0.1983  1.0782 0.478531 0.195432  1.07551
0.47834 0.19833 1.07823 0.478532 0.195462  1.07554
0.47834 0.19836 1.07826 0.478532 0.195492  1.07557
0.47834 0.19839 1.07829 0.478532 0.195522   1.0756
0.47834 0.19842 1.07832 0.478533 0.195552  1.07562
 0.47834 0.198449  1.07835 0.478533 0.195583  1.07565
 0.47834 0.198479  1.07838 0.478533 0.195613  1.07568
 0.47834 0.198509  1.07841 0.478534 0.195643  1.07571
 0.47834 0.198539  1.07844 0.478534 0.195673  1.07574
 0.47834 0.198569  1.07847 0.478534 0.195703  1.07577
 0.47834 0.198599   1.0785 0.478535 0.195733  1.07579
 0.47834 0.198628  1.07853 0.478535 0.195764  1.07582
 0.47834 0.198658  1.07856 0.478535 0.195794  1.07585
 0.47834 0.198688  1.07859 0.478535 0.195824  1.07588
 0.47834 0.198718  1.07862 0.478536 0.195854  1.07591
 0.47834 0.198748  1.07865 0.478536 0.195884  1.07594
 0.47834 0.198777  1.07868 0.478536 0.195914  1.07597
 0.47834 0.198807  1.07871 0.478537 0.195944  1.07599
 0.47834 0.198837  1.07874 0.478537 0.195975  1.07602
 0.47834 0.198867  1.07877 0.478537 0.196005  1.07605
 0.47834 0.198897   1.0788 0.478537 0.196035  1.07608
 0.47834 0.198927  1.07883 0.478538 0.196065  1.07611
 0.47834 0.198956  1.07886 0.478538 0.196095  1.07614
 0.47834 0.198986  1.07889 0.478538 0.196125  1.07616
 0.47834 0.199016  1.07892 0.478538 0.196155  1.07619
 0.47834 0.199046  1.07895 0.478539 0.196185  1.07622
 0.47834 0.199076  1.07898 0.478539 0.196215  1.07625
 0.47834 0.199106  1.07901 0.478539 0.196245  1.07628
 0.47834 0.199135  1.07904 0.478539 0.196276  1.07631
 0.47834 0.199165  1.07907  0.47854 0.196306  1.07634
 0.47834 0.199195   1.0791  0.47854 0.196335  1.07636
 0.47834 0.199225  1.07913  0.47854 0.196365  1.07639
 0.47834 0.199255  1.07916 0.478541 0.196395  1.07642
 0.47834 0.199285  1.07919 0.478542 0.196424  1.07645
 0.47834 0.199314  1.07922 0.478542 0.196454  1.07648
 0.47834 0.199344  1.07925 0.478543 0.196483  1.07651
 0.47834 0.199374  1.07928 0.478544 0.196512  1.07654
 0.47834 0.199404  1.07931 0.478544 0.196542  1.07656
 0.47834 0.199434  1.07934 0.478545 0.196571  1.07659
 0.47834 0.199464  1.07937 0.478546   0.1966  1.07662
 0.47834 0.199493   1.0794 0.478546  0.19663  1.07665
 0.47834 0.199523  1.07943 0.478547 0.196659  1.07668
 0.47834 0.199553  1.07946 0.478547 0.196688  1.07671
 0.47834 0.199583  1.07949 0.478547 0.196718  1.07673
 0.47834 0.199613  1.07952 0.478548 0.196747  1.07676
 0.47834 0.199643  1.07955 0.478548 0.196776  1.07679
 0.47834 0.199672  1.07958 0.478549 0.196806  1.07682
 0.47834 0.199702  1.07961 0.478549 0.196835  1.07685
 0.47834 0.199732  1.07964 0.478549 0.196864  1.07688
 0.47834 0.199762  1.07967  0.47855 0.196894  1.07691
 0.47834 0.199792   1.0797  0.47855 0.196923  1.07694
 0.47834 0.199822  1.07973  0.47855 0.196952  1.07696
 0.47834 0.199852  1.07976  0.47855 0.196982  1.07699
 0.47834 0.199881  1.07979 0.478551 0.197011  1.07702
 0.47834 0.199911  1.07982 0.478551  0.19704  1.07705
 0.47834 0.199941  1.07985 0.478551  0.19707  1.07708
 0.47834 0.199971  1.07987 0.478551 0.197099  1.07711
 0.47834 0.200001   1.0799 0.478551 0.197129  1.07714
 0.47834 0.200031  1.07993 0.478551 0.197158  1.07717
 0.47834 0.200061  1.07996 0.478552 0.197188  1.07719
0.47834 0.20009 1.07999 0.478552 0.197217  1.07722
0.47834 0.20012 1.08002 0.478552 0.197246  1.07725
0.47834 0.20015 1.08005 0.478552 0.197276  1.07728
0.47834 0.20018 1.08008 0.478552 0.197306  1.07731
0.47834 0.20021 1.08011 0.478552 0.197335  1.07734
0.47834 0.20024 1.08014 0.478552 0.197365  1.07737
0.47834 0.20027 1.08017 0.478552 0.197394   1.0774
 0.47834 0.200299   1.0802 0.478552 0.197424  1.07743
 0.47834 0.200329  1.08023 0.478552 0.197454  1.07745
 0.47834 0.200359  1.08026 0.478552 0.197483  1.07748
 0.47834 0.200389  1.08029 0.478552 0.197512  1.07751
 0.47834 0.200419  1.08032 0.478553 0.197542  1.07754
 0.47834 0.200449  1.08035 0.478553 0.197571  1.07757
 0.47834 0.200479  1.08038 0.478553   0.1976   1.0776
 0.47834 0.200509  1.08041 0.478554 0.197629  1.07763
 0.47834 0.200538  1.08044 0.478554 0.197658  1.07766
 0.47834 0.200568  1.08047 0.478554 0.197687  1.07768
 0.47834 0.200598   1.0805 0.478554 0.197717  1.07771
 0.47834 0.200628  1.08053 0.478555 0.197746  1.07774
 0.47834 0.200658  1.08056 0.478555 0.197775  1.07777
 0.47834 0.200688  1.08059 0.478555 0.197804   1.0778
 0.47834 0.200718  1.08062 0.478555 0.197834  1.07783
 0.47834 0.200748  1.08065 0.478555 0.197863  1.07786
 0.47834 0.200777  1.08068 0.478555 0.197892  1.07789
 0.47834 0.200807  1.08071 0.478555 0.197922  1.07792
 0.47834 0.200837  1.08074 0.478555 0.197951  1.07794
 0.47834 0.200867  1.08077 0.478555 0.197981  1.07797
 0.47834 0.200897   1.0808 0.478555  0.19801    1.078
 0.47834 0.200927  1.08083 0.478555  0.19804  1.07803
 0.47834 0.200957  1.08086 0.478555 0.198069  1.07806
 0.47834 0.200987  1.08089 0.478555 0.198099  1.07809
 0.47834 0.201016  1.08092 0.478555 0.198128  1.07812
 0.47834 0.201046  1.08095 0.478555 0.198158  1.07815
 0.47834 0.201076  1.08098 0.478555 0.198187  1.07818
 0.47834 0.201106  1.08101 0.478555 0.198217   1.0782
 0.47834 0.201136  1.08104 0.478555 0.198247  1.07823
 0.47834 0.201166  1.08107 0.478554 0.198276  1.07826
 0.47834 0.201196   1.0811 0.478554 0.198306  1.07829
 0.47834 0.201226  1.08113 0.478554 0.198335  1.07832
 0.47834 0.201256  1.08116 0.478555 0.198364  1.07835
 0.47834 0.201285  1.08119 0.478555 0.198393  1.07838
 0.47834 0.201315  1.08122 0.478555 0.198422  1.07841
 0.47834 0.201345  1.08125 0.478555 0.198452  1.07844
 0.47834 0.201375  1.08128 0.478555 0.198481  1.07847
 0.47834 0.201405  1.08131 0.478555  0.19851  1.07849
 0.47834 0.201435  1.08134 0.478555 0.198539  1.07852
 0.47834 0.201465  1.08137 0.478555 0.198569  1.07855
 0.47834 0.201495   1.0814 0.478554 0.198598  1.07858
 0.47834 0.201525  1.08143 0.478554 0.198627  1.07861
 0.47834 0.201554  1.08146 0.478554 0.198657  1.07864
 0.47834 0.201584  1.08149 0.478554 0.198686  1.07867
 0.47834 0.201614  1.08152 0.478554 0.198715   1.0787
 0.47834 0.201644  1.08155 0.478554 0.198745  1.07873
 0.47834 0.201674  1.08158 0.478554 0.198774  1.07876
 0.47834 0.201704  1.08161 0.478553 0.198804  1.07878
 0.47834 0.201734  1.08164 0.478553 0.198833  1.07881
 0.47834 0.201764  1.08167 0.478553 0.198862  1.07884
 0.47834 0.201794   1.0817 0.478553 0.198892  1.07887
 0.47834 0.201824  1.08173 0.478552 0.198921   1.0789
 0.47834 0.201853  1.08176 0.478552 0.198951  1.07893
 0.47834 0.201883  1.08179 0.478552 0.198981  1.07896
 0.47834 0.201913  1.08182 0.478551  0.19901  1.07899
 0.47834 0.201943  1.08185 0.478551  0.19904  1.07902
 0.47834 0.201973  1.08188 0.478551 0.199069  1.07905
 0.47834 0.202003  1.08191 0.478551 0.199099  1.07908
 0.47834 0.202033  1.08194  0.47855 0.199129  1.07911
 0.47834 0.202063  1.08197  0.47855 0.199158  1.07913
 0.47834 0.202093    1.082 0.478549 0.199188  1.07916
 0.47834 0.202123  1.08203 0.478549 0.199217  1.07919
 0.47834 0.202153  1.08206 0.478549 0.199246  1.07922
 0.47834 0.202182  1.08209 0.478549 0.199275  1.07925
 0.47834 0.202212  1.08212 0.478548 0.199304  1.07928
 0.47834 0.202242  1.08215 0.478548 0.199334  1.07931
 0.47834 0.202272  1.08218 0.478548 0.199363  1.07934
 0.47834 0.202302  1.08221 0.478548 0.199392  1.07937
 0.47834 0.202332  1.08224 0.478547 0.199421   1.0794
 0.47834 0.202362  1.08227 0.478547  0.19945  1.07943
 0.47834 0.202392   1.0823 0.478547 0.199479  1.07946
 0.47834 0.202422  1.08233 0.478546 0.199508  1.07948
 0.47834 0.202452  1.08236 0.478546 0.199537  1.07951
 0.47834 0.202482  1.08239 0.478546 0.199566  1.07954
 0.47834 0.202512  1.08242 0.478545 0.199595  1.07957
 0.47834 0.202541  1.08245 0.478545 0.199624   1.0796
 0.47834 0.202571  1.08248 0.478545 0.199653  1.07963
 0.47834 0.202601  1.08251 0.478544 0.199682  1.07966
 0.47834 0.202631  1.08254 0.478544 0.199711  1.07969
 0.47834 0.202661  1.08257 0.478543 0.199741  1.07972
 0.47834 0.202691  1.08259 0.478543  0.19977  1.07975
 0.47834 0.202721  1.08262 0.478542 0.199799  1.07978
 0.47834 0.202751  1.08265 0.478542 0.199828  1.07981
 0.47834 0.202781  1.08268 0.478542 0.199857  1.07984
 0.47834 0.202811  1.08271 0.478541 0.199886  1.07987
 0.47834 0.202841  1.08274 0.478541 0.199915  1.07989
 0.47834 0.202871  1.08277  0.47854 0.199944  1.07992
 0.47834 0.202901   1.0828  0.47854 0.199974  1.07995
0.47834 0.20293 1.08283 0.478539 0.200003  1.07998
0.47834 0.20296 1.08286 0.478539 0.200032  1.08001
0.47834 0.20299 1.08289 0.478538 0.200061  1.08004
0.47834 0.20302 1.08292 0.478538  0.20009  1.08007
0.47834 0.20305 1.08295 0.478537 0.200119   1.0801
0.47834 0.20308 1.08298 0.478537 0.200148  1.08013
0.47834 0.20311 1.08301 0.478536 0.200177  1.08016
0.47834 0.20314 1.08304 0.478536 0.200206  1.08019
0.47834 0.20317 1.08307 0.478535 0.200235  1.08022
0.47834  0.2032  1.0831 0.478535 0.200263  1.08025
0.47834 0.20323 1.08313 0.478534 0.200292  1.08028
0.47834 0.20326 1.08316 0.478534 0.200321  1.08031
0.47834 0.20329 1.08319 0.478534 0.200349  1.08034
0.47834 0.20332 1.08322 0.478533 0.200378  1.08036
 0.47834 0.203349  1.08325 0.478533 0.200406  1.08039
 0.47834 0.203379  1.08328 0.478532 0.200435  1.08042
 0.47834 0.203409  1.08331 0.478532 0.200464  1.08045
 0.47834 0.203439  1.08334 0.478531 0.200492  1.08048
 0.47834 0.203469  1.08337 0.478531 0.200521  1.08051
 0.47834 0.203499   1.0834 0.47853 0.20055 1.08054
 0.47834 0.203529  1.08343  0.47853 0.200578  1.08057
 0.47834 0.203559  1.08346 0.478529 0.200607   1.0806
 0.47834 0.203589  1.08349 0.478529 0.200635  1.08063
 0.47834 0.203619  1.08352 0.478528 0.200664  1.08066
 0.47834 0.203649  1.08355 0.478527 0.200693  1.08069
 0.47834 0.203679  1.08358 0.478527 0.200721  1.08072
 0.47834 0.203709  1.08361 0.478526  0.20075  1.08075
 0.47834 0.203739  1.08364 0.478526 0.200778  1.08078
 0.47834 0.203769  1.08367 0.478525 0.200807  1.08081
 0.47834 0.203799   1.0837 0.478525 0.200836  1.08084
 0.47834 0.203829  1.08373 0.478524 0.200864  1.08087
 0.47834 0.203858  1.08376 0.478524 0.200893   1.0809
 0.47834 0.203888  1.08379 0.478523 0.200921  1.08093
 0.47834 0.203918  1.08382 0.478523  0.20095  1.08096
 0.47834 0.203948  1.08385 0.478522 0.200978  1.08099
 0.47834 0.203978  1.08388 0.478522 0.201006  1.08101
 0.47834 0.204008  1.08391 0.478521 0.201034  1.08104
 0.47834 0.204038  1.08394 0.478521 0.201063  1.08107
 0.47834 0.204068  1.08397  0.47852 0.201091   1.0811
 0.47834 0.204098    1.084 0.478519 0.201119  1.08113
 0.47834 0.204128  1.08403 0.478519 0.201147  1.08116
 0.47834 0.204158  1.08406 0.478518 0.201176  1.08119
 0.47834 0.204188  1.08409 0.478518 0.201204  1.08122
 0.47834 0.204218  1.08412 0.478517 0.201232  1.08125
 0.47834 0.204248  1.08415 0.478517  0.20126  1.08128
 0.47834 0.204278  1.08418 0.478516 0.201289  1.08131
 0.47834 0.204308  1.08421 0.478516 0.201317  1.08134
 0.47834 0.204338  1.08424 0.478515 0.201345  1.08137
 0.47834 0.204368  1.08427 0.478515 0.201373   1.0814
 0.47834 0.204398   1.0843 0.478514 0.201402  1.08143
 0.47834 0.204427  1.08433 0.478513  0.20143  1.08146
 0.47834 0.204457  1.08436 0.478513 0.201458  1.08149
 0.47834 0.204487  1.08439 0.478512 0.201486  1.08152
 0.47834 0.204517  1.08442 0.478512 0.201514  1.08155
 0.47834 0.204547  1.08445 0.478511 0.201542  1.08158
 0.47834 0.204577  1.08448 0.478511  0.20157  1.08161
 0.47834 0.204607  1.08451  0.47851 0.201598  1.08164
 0.47834 0.204637  1.08454  0.47851 0.201625  1.08167
 0.47834 0.204667  1.08457 0.478509 0.201653   1.0817
 0.47834 0.204697   1.0846 0.478508 0.201681  1.08173
 0.47834 0.204727  1.08463 0.478508 0.201709  1.08176
 0.47834 0.204757  1.08466 0.478507 0.201737  1.08179
 0.47834 0.204787  1.08469 0.478507 0.201765  1.08182
 0.47834 0.204817  1.08472 0.478506 0.201793  1.08185
 0.47834 0.204847  1.08475 0.478506  0.20182  1.08188
 0.47834 0.204877  1.08478 0.478505 0.201848  1.08191
 0.47834 0.204907  1.08481 0.478505 0.201876  1.08194
 0.47834 0.204937  1.08484 0.478504 0.201904  1.08197
 0.47834 0.204967  1.08487 0.478504 0.201932    1.082
 0.47834 0.204997   1.0849 0.478503  0.20196  1.08203
 0.47834 0.205027  1.08493 0.478503 0.201988  1.08206
 0.47834 0.205057  1.08496 0.478502 0.202016  1.08209
 0.47834 0.205087  1.08499 0.478501 0.202043  1.08212
 0.47834 0.205117  1.08502 0.478501 0.202071  1.08215
 0.47834 0.205146  1.08505   0.4785 0.202099  1.08218
 0.47834 0.205176  1.08508   0.4785 0.202127  1.08221
 0.47834 0.205206  1.08511 0.478499 0.202155  1.08224
 0.47834 0.205236  1.08514 0.478499 0.202183  1.08227
 0.47834 0.205266  1.08517 0.478498 0.202211   1.0823
 0.47834 0.205296   1.0852 0.478498 0.202239  1.08233
 0.47834 0.205326  1.08523 0.478497 0.202267  1.08236
 0.47834 0.205356  1.08526 0.478497 0.202295  1.08239
 0.47834 0.205386  1.08529 0.478496 0.202322  1.08242
 0.47834 0.205416  1.08532 0.478496  0.20235  1.08245
 0.47834 0.205446  1.08535 0.478495 0.202378  1.08248
 0.47834 0.205476  1.08538 0.478495 0.202406  1.08251
 0.47834 0.205506  1.08541 0.478494 0.202433  1.08254
 0.47834 0.205536  1.08544 0.478494 0.202461  1.08257
 0.47834 0.205566  1.08547 0.478493 0.202489   1.0826
 0.47834 0.205596   1.0855 0.478492 0.202517  1.08263
 0.47834 0.205626  1.08553 0.478492 0.202544  1.08266
 0.47834 0.205656  1.08556 0.478491 0.202572  1.08269
 0.47834 0.205686  1.08559 0.478491 0.202599  1.08272
 0.47834 0.205716  1.08562  0.47849 0.202627  1.08275
 0.47834 0.205746  1.08565  0.47849 0.202655  1.08278
 0.47834 0.205776  1.08568 0.478489 0.202682  1.08281
 0.47834 0.205806  1.08571 0.478489  0.20271  1.08284
 0.47834 0.205836  1.08574 0.478488 0.202737  1.08287
 0.47834 0.205866  1.08577 0.478488 0.202765   1.0829
 0.47834 0.205896   1.0858 0.478487 0.202793  1.08293
 0.47834 0.205926  1.08583 0.478486  0.20282  1.08296
 0.47834 0.205956  1.08586 0.478486 0.202848  1.08299
 0.47834 0.205986  1.08589 0.478485 0.202875  1.08302
 0.47834 0.206016  1.08592 0.478485 0.202903  1.08305
 0.47834 0.206046  1.08595 0.478484 0.202931  1.08308
 0.47834 0.206076  1.08598 0.478484 0.202958  1.08311
 0.47834 0.206106  1.08601 0.478483 0.202986  1.08314
 0.47834 0.206136  1.08604 0.478483 0.203013  1.08317
 0.47834 0.206165  1.08607 0.478482 0.203041   1.0832
 0.47834 0.206195   1.0861 0.478482 0.203069  1.08323
 0.47834 0.206225  1.08613 0.478481 0.203096  1.08326
 0.47834 0.206255  1.08616 0.478481 0.203124  1.08329
 0.47834 0.206285  1.08619  0.47848 0.203151  1.08332
 0.47834 0.206315  1.08622  0.47848 0.203179  1.08335
 0.47834 0.206345  1.08625 0.478479 0.203207  1.08338
 0.47834 0.206375  1.08628 0.478479 0.203234  1.08341
 0.47834 0.206405  1.08631 0.478478 0.203262  1.08344
 0.47834 0.206435  1.08634 0.478477 0.203289  1.08347
 0.47834 0.206465  1.08637 0.478477 0.203317   1.0835
 0.47834 0.206495   1.0864 0.478476 0.203344  1.08353
 0.47834 0.206525  1.08643 0.478476 0.203372  1.08356
 0.47834 0.206555  1.08646 0.478475 0.203399  1.08359
 0.47834 0.206585  1.08649 0.478475 0.203427  1.08362
 0.47834 0.206615  1.08652 0.478474 0.203454  1.08365
 0.47834 0.206645  1.08655 0.478474 0.203481  1.08368
 0.47834 0.206675  1.08658 0.478473 0.203509  1.08371
 0.47834 0.206705  1.08661 0.478473 0.203536  1.08374
 0.47834 0.206735  1.08664 0.478472 0.203564  1.08378
 0.47834 0.206765  1.08667 0.478471 0.203591  1.08381
 0.47834 0.206795   1.0867 0.478471 0.203619  1.08384
 0.47834 0.206825  1.08673  0.47847 0.203646  1.08387
 0.47834 0.206855  1.08676  0.47847 0.203674   1.0839
 0.47834 0.206885  1.08679 0.478469 0.203701  1.08393
 0.47834 0.206915  1.08682 0.478469 0.203729  1.08396
 0.47834 0.206945  1.08685 0.478468 0.203756  1.08399
 0.47834 0.206975  1.08688 0.478467 0.203784  1.08402
 0.47834 0.207005  1.08691 0.478467 0.203811  1.08405
 0.47834 0.207035  1.08694 0.478466 0.203839  1.08408
 0.47834 0.207065  1.08697 0.478466 0.203866  1.08411
 0.47834 0.207095    1.087 0.478465 0.203894  1.08414
 0.47834 0.207125  1.08703 0.478465 0.203921  1.08417
 0.47834 0.207155  1.08706 0.478464 0.203948   1.0842
 0.47834 0.207185  1.08709 0.478464 0.203976  1.08423
 0.47834 0.207215  1.08712 0.478463 0.204003  1.08426
 0.47834 0.207245  1.08715 0.478462  0.20403  1.08429
 0.47834 0.207275  1.08718 0.478462 0.204058  1.08432
 0.47834 0.207305  1.08721 0.478461 0.204085  1.08435
 0.47834 0.207335  1.08724 0.478461 0.204112  1.08438
 0.47834 0.207365  1.08727 0.47846 0.20414 1.08441
 0.47834 0.207395   1.0873 0.478459 0.204167  1.08444
 0.47834 0.207425  1.08733 0.478459 0.204194  1.08447
 0.47834 0.207455  1.08736 0.478458 0.204221   1.0845
 0.47834 0.207485  1.08739 0.478458 0.204249  1.08454
 0.47834 0.207515  1.08742 0.478457 0.204276  1.08457
 0.47834 0.207545  1.08745 0.478456 0.204303   1.0846
 0.47834 0.207575  1.08748 0.478456 0.204331  1.08463
 0.47834 0.207605  1.08751 0.478455 0.204358  1.08466
 0.47834 0.207635  1.08754 0.478455 0.204385  1.08469
 0.47834 0.207665  1.08757 0.478454 0.204413  1.08472
 0.47834 0.207695   1.0876 0.478453  0.20444  1.08475
 0.47834 0.207725  1.08763 0.478453 0.204467  1.08478
 0.47834 0.207755  1.08766 0.478452 0.204495  1.08481
 0.47834 0.207785  1.08769 0.478452 0.204522  1.08484
 0.47834 0.207815  1.08772 0.478451 0.204549  1.08487
 0.47834 0.207845  1.08775  0.47845 0.204577   1.0849
 0.47834 0.207875  1.08778  0.47845 0.204604  1.08493
 0.47834 0.207905  1.08781 0.478449 0.204631  1.08496
 0.47834 0.207935  1.08784 0.478449 0.204659  1.08499
 0.47834 0.207965  1.08787 0.478448 0.204686  1.08502
 0.47834 0.207995   1.0879 0.478447 0.204713  1.08505
 0.47834 0.208025  1.08793 0.478447 0.204741  1.08508
 0.47834 0.208055  1.08796 0.478446 0.204768  1.08511
 0.47834 0.208085  1.08799 0.478445 0.204796  1.08515
 0.47834 0.208115  1.08802 0.478445 0.204823  1.08518
 0.47834 0.208145  1.08805 0.478444  0.20485  1.08521
 0.47834 0.208175  1.08808 0.478444 0.204878  1.08524
 0.47834 0.208205  1.08811 0.478443 0.204905  1.08527
 0.47834 0.208235  1.08814 0.478442 0.204932   1.0853
 0.47834 0.208265  1.08817 0.478442  0.20496  1.08533
 0.47834 0.208295   1.0882 0.478441 0.204987  1.08536
 0.47834 0.208325  1.08823  0.47844 0.205014  1.08539
 0.47834 0.208355  1.08826  0.47844 0.205042  1.08542
 0.47834 0.208385  1.08829 0.478439 0.205069  1.08545
 0.47834 0.208415  1.08832 0.478439 0.205096  1.08548
 0.47834 0.208445  1.08835 0.478438 0.205123  1.08551
 0.47834 0.208475  1.08838 0.478437 0.205151  1.08554
 0.47834 0.208505  1.08841 0.478437 0.205178  1.08557
 0.47834 0.208535  1.08844 0.478436 0.205205   1.0856
 0.47834 0.208564  1.08847 0.478435 0.205233  1.08563
 0.47834 0.208594   1.0885 0.478435  0.20526  1.08566
 0.47834 0.208624  1.08853 0.478434 0.205287  1.08569
 0.47834 0.208654  1.08856 0.478433 0.205314  1.08573
 0.47834 0.208684  1.08859 0.478433 0.205342  1.08576
 0.47834 0.208714  1.08862 0.478432 0.205369  1.08579
 0.47834 0.208744  1.08865 0.478432 0.205396  1.08582
 0.47834 0.208774  1.08868 0.478431 0.205423  1.08585
 0.47834 0.208804  1.08871 0.47843 0.20545 1.08588
 0.47834 0.208834  1.08874  0.47843 0.205477  1.08591
 0.47834 0.208864  1.08877 0.478429 0.205504  1.08594
 0.47834 0.208894   1.0888 0.478428 0.205532  1.08597
 0.47834 0.208924  1.08883 0.478428 0.205559    1.086
 0.47834 0.208954  1.08886 0.478427 0.205586  1.08603
 0.47834 0.208984  1.08889 0.478426 0.205613  1.08606
 0.47834 0.209014  1.08892 0.478426  0.20564  1.08609
 0.47834 0.209044  1.08895 0.478425 0.205667  1.08612
 0.47834 0.209074  1.08898 0.478424 0.205694  1.08615
 0.47834 0.209104  1.08901 0.478424 0.205721  1.08618
 0.47834 0.209134  1.08904 0.478423 0.205748  1.08622
 0.47834 0.209164  1.08907 0.478422 0.205774  1.08625
 0.47834 0.209194   1.0891 0.478422 0.205801  1.08628
 0.47834 0.209224  1.08913 0.478421 0.205828  1.08631
 0.47834 0.209254  1.08916  0.47842 0.205855  1.08634
 0.47834 0.209284  1.08919  0.47842 0.205882  1.08637
 0.47834 0.209314  1.08922 0.478419 0.205908   1.0864
 0.47834 0.209344  1.08925 0.478418 0.205935  1.08643
 0.47834 0.209374  1.08928 0.478418 0.205962  1.08646
 0.47834 0.209404  1.08931 0.478417 0.205989  1.08649
 0.47834 0.209434  1.08934 0.478416 0.206015  1.08652
 0.47834 0.209464  1.08937 0.478416 0.206042  1.08655
 0.47834 0.209494   1.0894 0.478415 0.206068  1.08658
 0.47834 0.209524  1.08943 0.478414 0.206095  1.08661
 0.47834 0.209554  1.08946 0.478414 0.206122  1.08664
 0.47834 0.209584  1.08949 0.478413 0.206148  1.08668
 0.47834 0.209614  1.08952 0.478412 0.206175  1.08671
 0.47834 0.209644  1.08955 0.478412 0.206201  1.08674
 0.47834 0.209674  1.08958 0.478411 0.206227  1.08677
 0.47834 0.209704  1.08961  0.47841 0.206254   1.0868
 0.47834 0.209734  1.08964 0.47841 0.20628 1.08683
 0.47834 0.209764  1.08967 0.478409 0.206306  1.08686
 0.47834 0.209794   1.0897 0.478408 0.206333  1.08689
 0.47834 0.209824  1.08973 0.478408 0.206359  1.08692
 0.47834 0.209854  1.08976 0.478407 0.206385  1.08695
 0.47834 0.209884  1.08979 0.478406 0.206411  1.08698
 0.47834 0.209914  1.08982 0.478406 0.206438  1.08701
 0.47834 0.209944  1.08985 0.478405 0.206464  1.08705
 0.47834 0.209974  1.08988 0.478404  0.20649  1.08708
 0.47834 0.210004  1.08991 0.478404 0.206516  1.08711
 0.47834 0.210034  1.08994 0.478403 0.206542  1.08714
 0.47834 0.210064  1.08997 0.478403 0.206569  1.08717
 0.47834 0.210094     1.09 0.478402 0.206595   1.0872
 0.47834 0.210124  1.09003 0.478401 0.206621  1.08723
 0.47834 0.210154  1.09006 0.478401 0.206647  1.08726
 0.47834 0.210184  1.09009   0.4784 0.206673  1.08729
 0.47834 0.210214  1.09012 0.478399 0.206699  1.08732
 0.47834 0.210244  1.09015 0.478399 0.206725  1.08735
 0.47834 0.210274  1.09018 0.478398 0.206751  1.08738
 0.47834 0.210304  1.09021 0.478397 0.206777  1.08742
 0.47834 0.210334  1.09024 0.478397 0.206804  1.08745
 0.47834 0.210364  1.09027 0.478396  0.20683  1.08748
 0.47834 0.210394   1.0903 0.478396 0.206856  1.08751
 0.47834 0.210424  1.09033 0.478395 0.206882  1.08754
 0.47834 0.210454  1.09036 0.478394 0.206908  1.08757
 0.47834 0.210484  1.09039 0.478394 0.206934   1.0876
 0.47834 0.210514  1.09042 0.478393  0.20696  1.08763
 0.47834 0.210544  1.09045 0.478392 0.206987  1.08766
 0.47834 0.210574  1.09048 0.478392 0.207013  1.08769
 0.47834 0.210604  1.09051 0.478391 0.207039  1.08773
 0.47834 0.210634  1.09054  0.47839 0.207066  1.08776
 0.47834 0.210664  1.09057  0.47839 0.207092  1.08779
 0.47834 0.210694   1.0906 0.478389 0.207118  1.08782
 0.47834 0.210724  1.09063 0.478388 0.207145  1.08785
 0.47834 0.210754  1.09066 0.478388 0.207171  1.08788
 0.47834 0.210784  1.09069 0.478387 0.207198  1.08791
 0.47834 0.210814  1.09072 0.478386 0.207224  1.08794
 0.47834 0.210844  1.09075 0.478386 0.207251  1.08797
 0.47834 0.210874  1.09078 0.478385 0.207277    1.088
 0.47834 0.210904  1.09081 0.478385 0.207304  1.08804
 0.47834 0.210934  1.09084 0.478384  0.20733  1.08807
 0.47834 0.210964  1.09087 0.478383 0.207357   1.0881
 0.47834 0.210994   1.0909 0.478383 0.207384  1.08813
 0.47834 0.211024  1.09093 0.478382 0.207411  1.08816
 0.47834 0.211054  1.09096 0.478381 0.207437  1.08819
 0.47834 0.211084  1.09099 0.478381 0.207464  1.08822
 0.47834 0.211114  1.09102  0.47838 0.207491  1.08825
 0.47834 0.211144  1.09105 0.478379 0.207518  1.08828
 0.47834 0.211174  1.09108 0.478379 0.207545  1.08832
 0.47834 0.211204  1.09111 0.478378 0.207572  1.08835
 0.47834 0.211234  1.09114 0.478378 0.207599  1.08838
 0.47834 0.211264  1.09117 0.478377 0.207626  1.08841
 0.47834 0.211294   1.0912 0.478376 0.207653  1.08844
 0.47834 0.211324  1.09123 0.478376  0.20768  1.08847
 0.47834 0.211354  1.09126 0.478375 0.207707   1.0885
 0.47834 0.211384  1.09129 0.478374 0.207734  1.08853
 0.47834 0.211414  1.09132 0.478374 0.207761  1.08857
 0.47834 0.211444  1.09135 0.478373 0.207788   1.0886
 0.47834 0.211474  1.09138 0.478373 0.207815  1.08863
 0.47834 0.211504  1.09141 0.478372 0.207843  1.08866
 0.47834 0.211534  1.09144 0.478371  0.20787  1.08869
 0.47834 0.211564  1.09147 0.478371 0.207897  1.08872
 0.47834 0.211594   1.0915  0.47837 0.207925  1.08875
 0.47834 0.211624  1.09153  0.47837 0.207952  1.08878
 0.47834 0.211654  1.09156 0.478369 0.207979  1.08882
 0.47834 0.211684  1.09159 0.478368 0.208007  1.08885
 0.47834 0.211714  1.09162 0.478368 0.208034  1.08888
 0.47834 0.211744  1.09165 0.478367 0.208062  1.08891
 0.47834 0.211774  1.09168 0.478367 0.208089  1.08894
 0.47834 0.211804  1.09171 0.478366 0.208117  1.08897
 0.47834 0.211834  1.09174 0.478366 0.208144    1.089
 0.47834 0.211864  1.09177 0.478365 0.208172  1.08903
 0.47834 0.211894   1.0918 0.478364   0.2082  1.08907
 0.47834 0.211924  1.09183 0.478364 0.208227   1.0891
 0.47834 0.211954  1.09186 0.478363 0.208255  1.08913
 0.47834 0.211984  1.09189 0.478363 0.208283  1.08916
 0.47834 0.212014  1.09192 0.478362  0.20831  1.08919
 0.47834 0.212044  1.09195 0.478362 0.208338  1.08922
 0.47834 0.212074  1.09198 0.478361 0.208366  1.08925
 0.47834 0.212104  1.09201 0.478361 0.208393  1.08928
 0.47834 0.212134  1.09204  0.47836 0.208421  1.08932
 0.47834 0.212164  1.09207  0.47836 0.208449  1.08935
 0.47834 0.212194   1.0921 0.478359 0.208477  1.08938
 0.47834 0.212224  1.09213 0.478359 0.208505  1.08941
 0.47834 0.212254  1.09216 0.478358 0.208532  1.08944
 0.47834 0.212284  1.09219 0.478358  0.20856  1.08947
 0.47834 0.212314  1.09222 0.478357 0.208588   1.0895
 0.47834 0.212344  1.09225 0.478357 0.208616  1.08953
 0.47834 0.212374  1.09228 0.478356 0.208644  1.08957
 0.47834 0.212404  1.09231 0.478356 0.208672   1.0896
 0.47834 0.212434  1.09234 0.478355 0.208699  1.08963
 0.47834 0.212464  1.09237 0.478355 0.208727  1.08966
 0.47834 0.212494   1.0924 0.478354 0.208755  1.08969
 0.47834 0.212524  1.09243 0.478354 0.208783  1.08972
 0.47834 0.212554  1.09246 0.478353 0.208811  1.08975
 0.47834 0.212584  1.09249 0.478353 0.208839  1.08978
 0.47834 0.212614  1.09252 0.478352 0.208867  1.08982
 0.47834 0.212644  1.09255 0.478352 0.208895  1.08985
 0.47834 0.212674  1.09258 0.478351 0.208923  1.08988
 0.47834 0.212704  1.09261 0.478351  0.20895  1.08991
 0.47834 0.212734  1.09264  0.47835 0.208978  1.08994
 0.47834 0.212764  1.09267  0.47835 0.209006  1.08997
 0.47834 0.212794   1.0927 0.478349 0.209034     1.09
 0.47834 0.212824  1.09273 0.478349 0.209062  1.09004
 0.47834 0.212854  1.09276 0.478348  0.20909  1.09007
 0.47834 0.212884  1.09279 0.478348 0.209118   1.0901
 0.47834 0.212914  1.09282 0.478347 0.209146  1.09013
 0.47834 0.212944  1.09285 0.478347 0.209174  1.09016
 0.47834 0.212974  1.09288 0.478346 0.209201  1.09019
 0.47834 0.213004  1.09291 0.478346 0.209229  1.09022
 0.47834 0.213034  1.09294 0.478345 0.209257  1.09026
 0.47834 0.213064  1.09297 0.478345 0.209285  1.09029
 0.47834 0.213094    1.093 0.478345 0.209313  1.09032
 0.47834 0.213124  1.09303 0.478344 0.209341  1.09035
 0.47834 0.213154  1.09306 0.478344 0.209368  1.09038
 0.47834 0.213184  1.09309 0.478343 0.209396  1.09041
 0.47834 0.213214  1.09312 0.478343 0.209424  1.09044
 0.47834 0.213244  1.09315 0.478342 0.209452  1.09047
 0.47834 0.213274  1.09318 0.478342  0.20948  1.09051
 0.47834 0.213304  1.09321 0.478341 0.209507  1.09054
 0.47834 0.213334  1.09324 0.478341 0.209535  1.09057
 0.47834 0.213364  1.09327  0.47834 0.209563   1.0906
 0.47834 0.213394   1.0933 0.47834 0.20959 1.09063
 0.47834 0.213424  1.09333  0.47834 0.209618  1.09066
 0.47834 0.213454  1.09336 0.478339 0.209646  1.09069
 0.47834 0.213484  1.09339 0.478339 0.209674  1.09073
 0.47834 0.213514  1.09342 0.478338 0.209701  1.09076
 0.47834 0.213544  1.09345 0.478338 0.209729  1.09079
 0.47834 0.213574  1.09348 0.478337 0.209756  1.09082
 0.47834 0.213604  1.09351 0.478337 0.209784  1.09085
 0.47834 0.213634  1.09354 0.478337 0.209812  1.09088
 0.47834 0.213664  1.09357 0.478336 0.209839  1.09091
 0.47834 0.213694   1.0936 0.478336 0.209867  1.09095
 0.47834 0.213724  1.09363 0.478335 0.209895  1.09098
 0.47834 0.213754  1.09366 0.478335 0.209922  1.09101
 0.47834 0.213784  1.09369 0.478334  0.20995  1.09104
 0.47834 0.213814  1.09372 0.478334 0.209977  1.09107
 0.47834 0.213844  1.09375 0.478334 0.210005   1.0911
 0.47834 0.213874  1.09378 0.478333 0.210032  1.09113
 0.47834 0.213904  1.09381 0.478333  0.21006  1.09116
 0.47834 0.213934  1.09384 0.478332 0.210087   1.0912
 0.47834 0.213964  1.09387 0.478332 0.210115  1.09123
 0.47834 0.213994   1.0939 0.478332 0.210143  1.09126
 0.47834 0.214024  1.09393 0.478331  0.21017  1.09129
 0.47834 0.214054  1.09396 0.478331 0.210198  1.09132
 0.47834 0.214084  1.09399  0.47833 0.210225  1.09135
 0.47834 0.214114  1.09402  0.47833 0.210253  1.09138
 0.47834 0.214144  1.09405 0.47833 0.21028 1.09142
 0.47834 0.214174  1.09408 0.478329 0.210308  1.09145
 0.47834 0.214204  1.09411 0.478329 0.210335  1.09148
 0.47834 0.214234  1.09414 0.478329 0.210363  1.09151
 0.47834 0.214264  1.09417 0.478328  0.21039  1.09154
 0.47834 0.214293   1.0942 0.478328 0.210417  1.09157
 0.47834 0.214323  1.09423 0.478328 0.210445   1.0916
 0.47834 0.214353  1.09426 0.478327 0.210472  1.09163
 0.47834 0.214383  1.09429 0.478327   0.2105  1.09167
 0.47834 0.214413  1.09432 0.478327 0.210527   1.0917
 0.47834 0.214443  1.09435 0.478326 0.210555  1.09173
 0.47834 0.214473  1.09438 0.478326 0.210582  1.09176
 0.47834 0.214503  1.09441 0.478326  0.21061  1.09179
 0.47834 0.214533  1.09444 0.478325 0.210637  1.09182
 0.47834 0.214563  1.09447 0.478325 0.210665  1.09185
 0.47834 0.214593   1.0945 0.478325 0.210692  1.09189
 0.47834 0.214623  1.09453 0.478324  0.21072  1.09192
 0.47834 0.214653  1.09456 0.478324 0.210747  1.09195
 0.47834 0.214683  1.09459 0.478324 0.210775  1.09198
 0.47834 0.214713  1.09462 0.478323 0.210802  1.09201
 0.47834 0.214743  1.09465 0.478323  0.21083  1.09204
 0.47834 0.214773  1.09468 0.478323 0.210857  1.09207
 0.47834 0.214803  1.09471 0.478323 0.210885   1.0921
 0.47834 0.214833  1.09474 0.478322 0.210912  1.09214
 0.47834 0.214863  1.09477 0.478322  0.21094  1.09217
 0.47834 0.214893   1.0948 0.478322 0.210967   1.0922
 0.47834 0.214923  1.09483 0.478321 0.210994  1.09223
 0.47834 0.214953  1.09486 0.478321 0.211022  1.09226
 0.47834 0.214983  1.09489 0.478321 0.211049  1.09229
 0.47834 0.215013  1.09492 0.478321 0.211077  1.09232
 0.47834 0.215043  1.09495  0.47832 0.211104  1.09235
 0.47834 0.215073  1.09498  0.47832 0.211132  1.09238
 0.47834 0.215103  1.09501  0.47832 0.211159  1.09242
 0.47834 0.215133  1.09504  0.47832 0.211187  1.09245
 0.47834 0.215163  1.09507 0.478319 0.211214  1.09248
 0.47834 0.215193   1.0951 0.478319 0.211242  1.09251
 0.47834 0.215223  1.09513 0.478319 0.211269  1.09254
 0.47834 0.215253  1.09516 0.478319 0.211297  1.09257
 0.47834 0.215283  1.09519 0.478319 0.211324   1.0926
 0.47834 0.215313  1.09522 0.478318 0.211352  1.09263
 0.47834 0.215343  1.09525 0.478318 0.211379  1.09267
 0.47834 0.215373  1.09528 0.478318 0.211407   1.0927
 0.47834 0.215402  1.09531 0.478318 0.211434  1.09273
 0.47834 0.215432  1.09534 0.478318 0.211462  1.09276
 0.47834 0.215462  1.09537 0.478318 0.211489  1.09279
 0.47834 0.215492   1.0954 0.478317 0.211517  1.09282
 0.47834 0.215522  1.09543 0.478317 0.211544  1.09285
 0.47834 0.215552  1.09546 0.478317 0.211572  1.09288
 0.47834 0.215582  1.09549 0.478317 0.211599  1.09291
 0.47834 0.215612  1.09552 0.478317 0.211627  1.09295
 0.47834 0.215642  1.09555 0.478317 0.211654  1.09298
 0.47834 0.215672  1.09558 0.478317 0.211682  1.09301
 0.47834 0.215702  1.09561 0.478316  0.21171  1.09304
 0.47834 0.215732  1.09564 0.478316 0.211737  1.09307
 0.47834 0.215762  1.09567 0.478316 0.211765   1.0931
 0.47834 0.215792   1.0957 0.478316 0.211792  1.09313
 0.47834 0.215822  1.09573 0.478316  0.21182  1.09316
 0.47834 0.215852  1.09576 0.478316 0.211847  1.09319
 0.47834 0.215882  1.09579 0.478316 0.211875  1.09323
 0.47834 0.215912  1.09582 0.478316 0.211902  1.09326
 0.47834 0.215942  1.09585 0.478315  0.21193  1.09329
 0.47834 0.215972  1.09588 0.478315 0.211958  1.09332
 0.47834 0.216002  1.09591 0.478315 0.211985  1.09335
 0.47834 0.216032  1.09594 0.478315 0.212013  1.09338
 0.47834 0.216062  1.09597 0.478315  0.21204  1.09341
 0.47834 0.216092    1.096 0.478315 0.212068  1.09344
 0.47834 0.216122  1.09603 0.478315 0.212096  1.09347
 0.47834 0.216151  1.09606 0.478315 0.212123   1.0935
 0.47834 0.216181  1.09609 0.478314 0.212151  1.09354
 0.47834 0.216211  1.09612 0.478314 0.212179  1.09357
 0.47834 0.216241  1.09615 0.478314 0.212206   1.0936
 0.47834 0.216271  1.09618 0.478314 0.212234  1.09363
 0.47834 0.216301  1.09621 0.478314 0.212262  1.09366
 0.47834 0.216331  1.09624 0.478314  0.21229  1.09369
 0.47834 0.216361  1.09627 0.478314 0.212317  1.09372
 0.47834 0.216391   1.0963 0.478313 0.212345  1.09375
 0.47834 0.216421  1.09633 0.478313 0.212373  1.09378
 0.47834 0.216451  1.09635 0.478313 0.212401  1.09381
 0.47834 0.216481  1.09638 0.478313 0.212429  1.09384
 0.47834 0.216511  1.09641 0.478313 0.212456  1.09388
 0.47834 0.216541  1.09644 0.478313 0.212484  1.09391
 0.47834 0.216571  1.09647 0.478312 0.212512  1.09394
 0.47834 0.216601   1.0965 0.478312  0.21254  1.09397
 0.47834 0.216631  1.09653 0.478312 0.212568    1.094
 0.47834 0.216661  1.09656 0.478312 0.212596  1.09403
 0.47834 0.216691  1.09659 0.478312 0.212624  1.09406
 0.47834 0.216721  1.09662 0.478312 0.212652  1.09409
0.47834 0.21675 1.09665 0.478311 0.212679  1.09412
0.47834 0.21678 1.09668 0.478311 0.212707  1.09415
0.47834 0.21681 1.09671 0.478311 0.212735  1.09418
0.47834 0.21684 1.09674 0.478311 0.212763  1.09421
0.47834 0.21687 1.09677 0.478311 0.212791  1.09425
0.47834  0.2169  1.0968 0.478311 0.212819  1.09428
0.47834 0.21693 1.09683 0.478311 0.212846  1.09431
0.47834 0.21696 1.09686 0.478311 0.212874  1.09434
0.47834 0.21699 1.09689 0.478311 0.212902  1.09437
0.47834 0.21702 1.09692 0.47831 0.21293  1.0944
0.47834 0.21705 1.09695  0.47831 0.212958  1.09443
0.47834 0.21708 1.09698  0.47831 0.212985  1.09446
0.47834 0.21711 1.09701  0.47831 0.213013  1.09449
0.47834 0.21714 1.09704  0.47831 0.213041  1.09452
0.47834 0.21717 1.09707  0.47831 0.213069  1.09455
0.47834  0.2172  1.0971  0.47831 0.213097  1.09458
0.47834 0.21723 1.09713  0.47831 0.213124  1.09461
 0.47834 0.217259  1.09716  0.47831 0.213152  1.09464
 0.47834 0.217289  1.09719 0.47831 0.21318 1.09467
 0.47834 0.217319  1.09722  0.47831 0.213208  1.09471
 0.47834 0.217349  1.09725  0.47831 0.213236  1.09474
 0.47834 0.217379  1.09728 0.478309 0.213263  1.09477
 0.47834 0.217409  1.09731 0.478309 0.213291   1.0948
 0.47834 0.217439  1.09734 0.478309 0.213319  1.09483
 0.47834 0.217469  1.09737 0.478309 0.213347  1.09486
 0.47834 0.217499   1.0974 0.478309 0.213375  1.09489
 0.47834 0.217529  1.09743 0.478309 0.213403  1.09492
 0.47834 0.217559  1.09746 0.478309 0.213431  1.09495
 0.47834 0.217589  1.09749 0.478309 0.213459  1.09498
 0.47834 0.217619  1.09752 0.478309 0.213486  1.09501
 0.47834 0.217649  1.09755 0.478309 0.213514  1.09504
 0.47834 0.217679  1.09758 0.478309 0.213542  1.09507
 0.47834 0.217708  1.09761 0.478309  0.21357   1.0951
 0.47834 0.217738  1.09764 0.478309 0.213598  1.09513
 0.47834 0.217768  1.09767 0.478308 0.213626  1.09516
 0.47834 0.217798   1.0977 0.478308 0.213654  1.09519
 0.47834 0.217828  1.09773 0.478308 0.213682  1.09522
 0.47834 0.217858  1.09776 0.478308  0.21371  1.09525
 0.47834 0.217888  1.09779 0.478308 0.213738  1.09529
 0.47834 0.217918  1.09782 0.478308 0.213766  1.09532
 0.47834 0.217948  1.09785 0.478308 0.213794  1.09535
 0.47834 0.217978  1.09788 0.478308 0.213822  1.09538
 0.47834 0.218008  1.09791 0.478308  0.21385  1.09541
 0.47834 0.218038  1.09794 0.478308 0.213878  1.09544
 0.47834 0.218068  1.09797 0.478308 0.213906  1.09547
 0.47834 0.218097    1.098 0.478308 0.213934   1.0955
 0.47834 0.218127  1.09803 0.478307 0.213962  1.09553
 0.47834 0.218157  1.09806 0.478307  0.21399  1.09556
 0.47834 0.218187  1.09809 0.478307 0.214018  1.09559
 0.47834 0.218217  1.09812 0.478307 0.214046  1.09562
 0.47834 0.218247  1.09815 0.478307 0.214074  1.09565
 0.47834 0.218277  1.09818 0.478307 0.214102  1.09568
 0.47834 0.218307  1.09821 0.478307  0.21413  1.09571
 0.47834 0.218337  1.09824 0.478307 0.214158  1.09574
 0.47834 0.218367  1.09827 0.478307 0.214186  1.09577
 0.47834 0.218397   1.0983 0.478307 0.214214   1.0958
 0.47834 0.218427  1.09833 0.478307 0.214242  1.09583
 0.47834 0.218456  1.09836 0.478307  0.21427  1.09586
 0.47834 0.218486  1.09839 0.478307 0.214298  1.09589
 0.47834 0.218516  1.09842 0.478307 0.214327  1.09592
 0.47834 0.218546  1.09845 0.478307 0.214355  1.09595
 0.47834 0.218576  1.09848 0.478307 0.214383  1.09598
 0.47834 0.218606  1.09851 0.478307 0.214411  1.09601
 0.47834 0.218636  1.09854 0.478307 0.214439  1.09604
 0.47834 0.218666  1.09857 0.478307 0.214467  1.09607
 0.47834 0.218696   1.0986 0.478307 0.214495   1.0961
 0.47834 0.218726  1.09863 0.478307 0.214523  1.09613
 0.47834 0.218756  1.09866 0.478307 0.214551  1.09616
 0.47834 0.218785  1.09869 0.478307 0.214579  1.09619
 0.47834 0.218815  1.09872 0.478307 0.214607  1.09622
 0.47834 0.218845  1.09875 0.478307 0.214635  1.09626
 0.47834 0.218875  1.09878 0.478307 0.214664  1.09629
 0.47834 0.218905  1.09881 0.478307 0.214692  1.09632
 0.47834 0.218935  1.09884 0.478307  0.21472  1.09635
 0.47834 0.218965  1.09887 0.478307 0.214748  1.09638
 0.47834 0.218995   1.0989 0.478307 0.214777  1.09641
 0.47834 0.219025  1.09893 0.478307 0.214805  1.09644
 0.47834 0.219055  1.09896 0.478307 0.214833  1.09647
 0.47834 0.219084  1.09899 0.478307 0.214861   1.0965
 0.47834 0.219114  1.09902 0.478307  0.21489  1.09653
 0.47834 0.219144  1.09905 0.478307 0.214918  1.09656
 0.47834 0.219174  1.09908 0.478307 0.214947  1.09659
 0.47834 0.219204  1.09911 0.478307 0.214975  1.09662
 0.47834 0.219234  1.09914 0.478307 0.215004  1.09665
 0.47834 0.219264  1.09917 0.478307 0.215032  1.09668
 0.47834 0.219294   1.0992 0.478307 0.215061  1.09671
 0.47834 0.219324  1.09923 0.478307 0.215089  1.09674
 0.47834 0.219354  1.09926 0.478307 0.215118  1.09677
 0.47834 0.219383  1.09929 0.478307 0.215146   1.0968
 0.47834 0.219413  1.09932 0.478307 0.215175  1.09683
 0.47834 0.219443  1.09935 0.478307 0.215203  1.09686
 0.47834 0.219473  1.09938 0.478307 0.215232  1.09689
 0.47834 0.219503  1.09941 0.478307  0.21526  1.09692
 0.47834 0.219533  1.09944 0.478307 0.215289  1.09695
 0.47834 0.219563  1.09947 0.478307 0.215317  1.09698
 0.47834 0.219593   1.0995 0.478307 0.215346  1.09701
 0.47834 0.219623  1.09953 0.478307 0.215375  1.09704
 0.47834 0.219652  1.09956 0.478307 0.215403  1.09707
 0.47834 0.219682  1.09959 0.478307 0.215432   1.0971
 0.47834 0.219712  1.09962 0.478307  0.21546  1.09713
 0.47834 0.219742  1.09965 0.478307 0.215489  1.09716
 0.47834 0.219772  1.09968 0.478307 0.215518  1.09719
 0.47834 0.219802  1.09971 0.478307 0.215546  1.09722
 0.47834 0.219832  1.09974 0.478307 0.215575  1.09725
 0.47834 0.219862  1.09977 0.478307 0.215604  1.09728
 0.47834 0.219891   1.0998 0.478307 0.215632  1.09731
 0.47834 0.219921  1.09983 0.478307 0.215661  1.09734
 0.47834 0.219951  1.09986 0.478307 0.215689  1.09737
 0.47834 0.219981  1.09989 0.478307 0.215718   1.0974
 0.47834 0.220011  1.09991 0.478307 0.215747  1.09743
 0.47834 0.220041  1.09994 0.478308 0.215775  1.09746
 0.47834 0.220071  1.09997 0.478308 0.215804  1.09749
 0.47834 0.220101      1.1 0.478308 0.215833  1.09752
0.47834 0.22013 1.10003 0.478308 0.215861  1.09755
0.47834 0.22016 1.10006 0.478308  0.21589  1.09758
0.47834 0.22019 1.10009 0.478308 0.215919  1.09761
0.47834 0.22022 1.10012 0.478308 0.215947  1.09764
0.47834 0.22025 1.10015 0.478309 0.215976  1.09767
0.47834 0.22028 1.10018 0.478309 0.216005   1.0977
0.47834 0.22031 1.10021 0.478309 0.216033  1.09773
0.47834 0.22034 1.10024 0.478309 0.216062  1.09776
 0.47834 0.220369  1.10027 0.478309  0.21609  1.09779
 0.47834 0.220399   1.1003  0.47831 0.216119  1.09782
 0.47834 0.220429  1.10033  0.47831 0.216148  1.09785
 0.47834 0.220459  1.10036  0.47831 0.216176  1.09788
 0.47834 0.220489  1.10039  0.47831 0.216205  1.09791
 0.47834 0.220519  1.10042 0.478311 0.216234  1.09794
 0.47834 0.220549  1.10045 0.478311 0.216262  1.09797
 0.47834 0.220578  1.10048 0.478311 0.216291    1.098
 0.47834 0.220608  1.10051 0.478311  0.21632  1.09803
 0.47834 0.220638  1.10054 0.478312 0.216348  1.09806
 0.47834 0.220668  1.10057 0.478312 0.216377  1.09809
 0.47834 0.220698   1.1006 0.478312 0.216405  1.09812
 0.47834 0.220728  1.10063 0.478313 0.216434  1.09815
 0.47834 0.220758  1.10066 0.478313 0.216463  1.09818
 0.47834 0.220787  1.10069 0.478313 0.216491  1.09821
 0.47834 0.220817  1.10072 0.478314  0.21652  1.09824
 0.47834 0.220847  1.10075 0.478314 0.216549  1.09827
 0.47834 0.220877  1.10078 0.478314 0.216577   1.0983
 0.47834 0.220907  1.10081 0.478315 0.216606  1.09833
 0.47834 0.220937  1.10084 0.478315 0.216634  1.09836
 0.47834 0.220967  1.10087 0.478315 0.216663  1.09839
 0.47834 0.220996   1.1009 0.478316 0.216692  1.09842
 0.47834 0.221026  1.10093 0.478316  0.21672  1.09845
 0.47834 0.221056  1.10096 0.478317 0.216749  1.09848
 0.47834 0.221086  1.10099 0.478317 0.216777  1.09851
 0.47834 0.221116  1.10102 0.478317 0.216806  1.09854
 0.47834 0.221146  1.10105 0.478318 0.216834  1.09857
 0.47834 0.221175  1.10108 0.478318 0.216863   1.0986
 0.47834 0.221205  1.10111 0.478319 0.216892  1.09863
 0.47834 0.221235  1.10114 0.478319  0.21692  1.09866
 0.47834 0.221265  1.10117  0.47832 0.216949  1.09869
 0.47834 0.221295   1.1012  0.47832 0.216977  1.09872
 0.47834 0.221325  1.10123 0.478321 0.217006  1.09875
 0.47834 0.221354  1.10126 0.478321 0.217034  1.09878
 0.47834 0.221384  1.10129 0.478322 0.217063  1.09881
 0.47834 0.221414  1.10132 0.478322 0.217091  1.09884
 0.47834 0.221444  1.10135 0.478323  0.21712  1.09887
 0.47834 0.221474  1.10138 0.478323 0.217148   1.0989
 0.47834 0.221504  1.10141 0.478324 0.217177  1.09893
 0.47834 0.221533  1.10144 0.478324 0.217206  1.09896
 0.47834 0.221563  1.10147 0.478325 0.217234  1.09899
 0.47834 0.221593   1.1015 0.478325 0.217263  1.09902
 0.47834 0.221623  1.10153 0.478326 0.217291  1.09905
 0.47834 0.221653  1.10156 0.478326  0.21732  1.09908
 0.47834 0.221683  1.10159 0.478327 0.217348  1.09911
 0.47834 0.221712  1.10162 0.478327 0.217377  1.09914
 0.47834 0.221742  1.10165 0.478328 0.217405  1.09917
 0.47834 0.221772  1.10168 0.478328 0.217434   1.0992
 0.47834 0.221802  1.10171 0.478329 0.217462  1.09923
 0.47834 0.221832  1.10174  0.47833 0.217491  1.09926
 0.47834 0.221862  1.10177  0.47833 0.217519  1.09929
 0.47834 0.221891   1.1018 0.478331 0.217548  1.09932
 0.47834 0.221921  1.10183 0.478331 0.217576  1.09935
 0.47834 0.221951  1.10185 0.478332 0.217605  1.09938
 0.47834 0.221981  1.10188 0.478333 0.217633  1.09941
 0.47834 0.222011  1.10191 0.478333 0.217662  1.09944
 0.47834 0.222041  1.10194 0.478334  0.21769  1.09947
0.47834 0.22207 1.10197 0.478334 0.217719   1.0995
0.47834  0.2221   1.102 0.478335 0.217747  1.09953
0.47834 0.22213 1.10203 0.478336 0.217776  1.09956
0.47834 0.22216 1.10206 0.478336 0.217804  1.09959
0.47834 0.22219 1.10209 0.478337 0.217833  1.09962
 0.47834 0.222219  1.10212 0.478338 0.217861  1.09965
 0.47834 0.222249  1.10215 0.478338  0.21789  1.09968
 0.47834 0.222279  1.10218 0.478339 0.217918  1.09971
 0.47834 0.222309  1.10221  0.47834 0.217947  1.09974
 0.47834 0.222339  1.10224 0.478341 0.217975  1.09977
 0.47834 0.222368  1.10227 0.478341 0.218004   1.0998
 0.47834 0.222398   1.1023 0.478342 0.218032  1.09983
 0.47834 0.222428  1.10233 0.478343 0.218061  1.09986
 0.47834 0.222458  1.10236 0.478343 0.218089  1.09989
 0.47834 0.222488  1.10239 0.478344 0.218118  1.09992
 0.47834 0.222517  1.10242 0.478345 0.218147  1.09995
 0.47834 0.222547  1.10245 0.478346 0.218175  1.09998
 0.47834 0.222577  1.10248 0.478347 0.218204  1.10001
 0.47834 0.222607  1.10251 0.478347 0.218232  1.10004
 0.47834 0.222637  1.10254 0.478348 0.218261  1.10007
 0.47834 0.222666  1.10257 0.478349 0.218289   1.1001
 0.47834 0.222696   1.1026  0.47835 0.218318  1.10013
 0.47834 0.222726  1.10263 0.478351 0.218346  1.10016
 0.47834 0.222756  1.10266 0.478352 0.218375  1.10019
 0.47834 0.222786  1.10269 0.478352 0.218403  1.10022
 0.47834 0.222815  1.10272 0.478353 0.218432  1.10025
 0.47834 0.222845  1.10275 0.478354  0.21846  1.10028
 0.47834 0.222875  1.10278 0.478355 0.218489  1.10031
 0.47834 0.222905  1.10281 0.478356 0.218517  1.10034
 0.47834 0.222935  1.10284 0.478357 0.218546  1.10037
 0.47834 0.222964  1.10287 0.478358 0.218574   1.1004
 0.47834 0.222994   1.1029 0.478359 0.218602  1.10043
 0.47834 0.223024  1.10293  0.47836 0.218631  1.10046
 0.47834 0.223054  1.10296 0.478361 0.218659  1.10049
 0.47834 0.223083  1.10299 0.478363 0.218688  1.10052
 0.47834 0.223113  1.10302 0.478364 0.218716  1.10055
 0.47834 0.223143  1.10305 0.478365 0.218744  1.10058
 0.47834 0.223173  1.10308 0.478366 0.218773  1.10061
 0.47834 0.223203  1.10311 0.478367 0.218801  1.10064
 0.47834 0.223232  1.10314 0.478368  0.21883  1.10067
 0.47834 0.223262  1.10317 0.478369 0.218858   1.1007
 0.47834 0.223292   1.1032 0.478371 0.218887  1.10073
 0.47834 0.223322  1.10323 0.478372 0.218915  1.10076
 0.47834 0.223351  1.10326 0.478373 0.218944  1.10079
 0.47834 0.223381  1.10329 0.478374 0.218972  1.10082
 0.47834 0.223411  1.10331 0.478375 0.219001  1.10085
 0.47834 0.223441  1.10334 0.478377 0.219029  1.10088
 0.47834 0.223471  1.10337 0.478378 0.219058  1.10091
0.47834  0.2235  1.1034 0.478379 0.219086  1.10094
0.47834 0.22353 1.10343  0.47838 0.219115  1.10097
0.47834 0.22356 1.10346 0.478382 0.219143    1.101
0.47834 0.22359 1.10349 0.478383 0.219172  1.10103
 0.47834 0.223619  1.10352 0.478384   0.2192  1.10106
 0.47834 0.223649  1.10355 0.478385 0.219229  1.10109
 0.47834 0.223679  1.10358 0.478387 0.219258  1.10112
 0.47834 0.223709  1.10361 0.478388 0.219286  1.10115
 0.47834 0.223738  1.10364 0.478389 0.219315  1.10118
 0.47834 0.223768  1.10367 0.478391 0.219344  1.10121
 0.47834 0.223798   1.1037 0.478392 0.219372  1.10124
 0.47834 0.223828  1.10373 0.478393 0.219401  1.10127
 0.47834 0.223857  1.10376 0.478395  0.21943   1.1013
 0.47834 0.223887  1.10379 0.478396 0.219459  1.10133
 0.47834 0.223917  1.10382 0.478397 0.219487  1.10136
 0.47834 0.223947  1.10385 0.478399 0.219516  1.10139
 0.47834 0.223976  1.10388   0.4784 0.219545  1.10142
 0.47834 0.224006  1.10391 0.478401 0.219574  1.10145
 0.47834 0.224036  1.10394 0.478403 0.219603  1.10148
 0.47834 0.224066  1.10397 0.478404 0.219632  1.10151
 0.47834 0.224095    1.104 0.478405 0.219661  1.10153
 0.47834 0.224125  1.10403 0.478407  0.21969  1.10156
 0.47834 0.224155  1.10406 0.478408 0.219718  1.10159
 0.47834 0.224185  1.10409 0.478409 0.219747  1.10162
 0.47834 0.224214  1.10412 0.478411 0.219776  1.10165
 0.47834 0.224244  1.10415 0.478412 0.219805  1.10168
 0.47834 0.224274  1.10418 0.478413 0.219835  1.10171
 0.47834 0.224304  1.10421 0.478415 0.219864  1.10174
 0.47834 0.224333  1.10424 0.478416 0.219893  1.10177
 0.47834 0.224363  1.10427 0.478418 0.219922   1.1018
 0.47834 0.224393   1.1043 0.478419 0.219951  1.10183
 0.47834 0.224423  1.10433 0.47842 0.21998 1.10186
 0.47834 0.224452  1.10436 0.478422 0.220009  1.10189
 0.47834 0.224482  1.10439 0.478423 0.220038  1.10192
 0.47834 0.224512  1.10442 0.478424 0.220067  1.10195
 0.47834 0.224542  1.10445 0.478426 0.220097  1.10198
 0.47834 0.224571  1.10448 0.478427 0.220126  1.10201
 0.47834 0.224601   1.1045 0.478428 0.220155  1.10204
 0.47834 0.224631  1.10453  0.47843 0.220184  1.10207
0.47834 0.22466 1.10456 0.478431 0.220214   1.1021
0.47834 0.22469 1.10459 0.478433 0.220243  1.10213
0.47834 0.22472 1.10462 0.478434 0.220272  1.10216
0.47834 0.22475 1.10465 0.478435 0.220302  1.10219
 0.47834 0.224779  1.10468 0.478437 0.220331  1.10221
 0.47834 0.224809  1.10471 0.478438  0.22036  1.10224
 0.47834 0.224839  1.10474 0.478439  0.22039  1.10227
 0.47834 0.224869  1.10477 0.478441 0.220419   1.1023
 0.47834 0.224898   1.1048 0.478442 0.220448  1.10233
 0.47834 0.224928  1.10483 0.478444 0.220478  1.10236
 0.47834 0.224958  1.10486 0.478445 0.220507  1.10239
 0.47834 0.224987  1.10489 0.478446 0.220537  1.10242
 0.47834 0.225017  1.10492 0.478448 0.220566  1.10245
 0.47834 0.225047  1.10495 0.478449 0.220596  1.10248
 0.47834 0.225076  1.10498  0.47845 0.220625  1.10251
 0.47834 0.225106  1.10501 0.478452 0.220655  1.10254
 0.47834 0.225136  1.10504 0.478453 0.220684  1.10257
 0.47834 0.225166  1.10507 0.478454 0.220714   1.1026
 0.47834 0.225195   1.1051 0.478456 0.220743  1.10263
 0.47834 0.225225  1.10513 0.478457 0.220773  1.10266
 0.47834 0.225255  1.10516 0.478458 0.220803  1.10269
 0.47834 0.225284  1.10519 0.478459 0.220832  1.10271
 0.47834 0.225314  1.10522 0.478461 0.220862  1.10274
 0.47834 0.225344  1.10525 0.478462 0.220891  1.10277
 0.47834 0.225374  1.10528 0.478464 0.220921   1.1028
 0.47834 0.225403  1.10531 0.478465 0.220951  1.10283
 0.47834 0.225433  1.10534 0.478466  0.22098  1.10286
 0.47834 0.225463  1.10537 0.478467  0.22101  1.10289
 0.47834 0.225492   1.1054 0.478469 0.221039  1.10292
 0.47834 0.225522  1.10543  0.47847 0.221069  1.10295
 0.47834 0.225552  1.10546 0.478471 0.221099  1.10298
 0.47834 0.225581  1.10549 0.478473 0.221129  1.10301
 0.47834 0.225611  1.10551 0.478474 0.221158  1.10304
 0.47834 0.225641  1.10554 0.478475 0.221188  1.10307
0.47834 0.22567 1.10557 0.478476 0.221218  1.10309
0.47834  0.2257  1.1056 0.478478 0.221247  1.10312
0.47834 0.22573 1.10563 0.478479 0.221277  1.10315
 0.47834 0.225759  1.10566  0.47848 0.221307  1.10318
 0.47834 0.225789  1.10569 0.478481 0.221337  1.10321
 0.47834 0.225819  1.10572 0.478483 0.221366  1.10324
 0.47834 0.225848  1.10575 0.478484 0.221396  1.10327
 0.47834 0.225878  1.10578 0.478485 0.221426   1.1033
 0.47834 0.225908  1.10581 0.478486 0.221456  1.10333
 0.47834 0.225938  1.10584 0.478488 0.221485  1.10336
 0.47834 0.225967  1.10587 0.478489 0.221515  1.10339
 0.47834 0.225997   1.1059  0.47849 0.221545  1.10342
 0.47834 0.226027  1.10593 0.478491 0.221575  1.10344
 0.47834 0.226056  1.10596 0.478493 0.221604  1.10347
 0.47834 0.226086  1.10599 0.478494 0.221634   1.1035
 0.47834 0.226116  1.10602 0.478495 0.221664  1.10353
 0.47834 0.226145  1.10605 0.478496 0.221694  1.10356
 0.47834 0.226175  1.10608 0.478497 0.221724  1.10359
 0.47834 0.226205  1.10611 0.478499 0.221753  1.10362
 0.47834 0.226234  1.10614   0.4785 0.221783  1.10365
 0.47834 0.226264  1.10617 0.478501 0.221813  1.10368
 0.47834 0.226294   1.1062 0.478502 0.221843  1.10371
 0.47834 0.226323  1.10623 0.478503 0.221873  1.10374
 0.47834 0.226353  1.10626 0.478505 0.221903  1.10376
 0.47834 0.226382  1.10629 0.478506 0.221932  1.10379
 0.47834 0.226412  1.10632 0.478507 0.221962  1.10382
 0.47834 0.226442  1.10635 0.478508 0.221992  1.10385
 0.47834 0.226471  1.10638 0.478509 0.222022  1.10388
 0.47834 0.226501  1.10641  0.47851 0.222052  1.10391
 0.47834 0.226531  1.10643 0.478511 0.222082  1.10394
0.47834 0.22656 1.10646 0.478513 0.222111  1.10397
0.47834 0.22659 1.10649 0.478514 0.222141    1.104
0.47834 0.22662 1.10652 0.478515 0.222171  1.10403
 0.47834 0.226649  1.10655 0.478516 0.222201  1.10405
 0.47834 0.226679  1.10658 0.478517 0.222231  1.10408
 0.47834 0.226709  1.10661 0.478518 0.222261  1.10411
 0.47834 0.226738  1.10664 0.478519  0.22229  1.10414
 0.47834 0.226768  1.10667 0.478521  0.22232  1.10417
 0.47834 0.226798   1.1067 0.478522  0.22235   1.1042
 0.47834 0.226827  1.10673 0.478523  0.22238  1.10423
 0.47834 0.226857  1.10676 0.478524  0.22241  1.10426
 0.47834 0.226886  1.10679 0.478525  0.22244  1.10429
 0.47834 0.226916  1.10682 0.478526  0.22247  1.10431
 0.47834 0.226946  1.10685 0.478527   0.2225  1.10434
 0.47834 0.226975  1.10688 0.478528 0.222529  1.10437
 0.47834 0.227005  1.10691 0.478529 0.222559   1.1044
 0.47834 0.227035  1.10694  0.47853 0.222589  1.10443
 0.47834 0.227064  1.10697 0.478531 0.222619  1.10446
 0.47834 0.227094    1.107 0.478533 0.222649  1.10449
 0.47834 0.227123  1.10703 0.478534 0.222679  1.10452
 0.47834 0.227153  1.10706 0.478535 0.222709  1.10455
 0.47834 0.227183  1.10709 0.478536 0.222739  1.10457
 0.47834 0.227212  1.10712 0.478537 0.222768   1.1046
 0.47834 0.227242  1.10715 0.478538 0.222798  1.10463
 0.47834 0.227272  1.10718 0.478539 0.222828  1.10466
 0.47834 0.227301  1.10721  0.47854 0.222858  1.10469
 0.47834 0.227331  1.10723 0.478541 0.222888  1.10472
0.47834 0.22736 1.10726 0.478542 0.222918  1.10475
0.47834 0.22739 1.10729 0.478543 0.222948  1.10478
0.47834 0.22742 1.10732 0.478544 0.222978   1.1048
 0.47834 0.227449  1.10735 0.478545 0.223008  1.10483
 0.47834 0.227479  1.10738 0.478546 0.223038  1.10486
 0.47834 0.227508  1.10741 0.478547 0.223067  1.10489
 0.47834 0.227538  1.10744 0.478548 0.223097  1.10492
 0.47834 0.227568  1.10747 0.478549 0.223127  1.10495
 0.47834 0.227597   1.1075  0.47855 0.223157  1.10498
 0.47834 0.227627  1.10753 0.478551 0.223187  1.10501
 0.47834 0.227656  1.10756 0.478552 0.223217  1.10503
 0.47834 0.227686  1.10759 0.478553 0.223247  1.10506
 0.47834 0.227716  1.10762 0.478554 0.223277  1.10509
 0.47834 0.227745  1.10765 0.478555 0.223307  1.10512
 0.47834 0.227775  1.10768 0.478556 0.223337  1.10515
 0.47834 0.227804  1.10771 0.478558 0.223367  1.10518
 0.47834 0.227834  1.10774 0.478558 0.223397  1.10521
 0.47834 0.227864  1.10777 0.478559 0.223426  1.10524
 0.47834 0.227893   1.1078  0.47856 0.223456  1.10526
 0.47834 0.227923  1.10783 0.478561 0.223486  1.10529
 0.47834 0.227952  1.10786 0.478563 0.223516  1.10532
 0.47834 0.227982  1.10789 0.478563 0.223546  1.10535
 0.47834 0.228011  1.10792 0.478564 0.223576  1.10538
 0.47834 0.228041  1.10794 0.478565 0.223606  1.10541
 0.47834 0.228071  1.10797 0.478566 0.223636  1.10544
0.47834  0.2281   1.108 0.478567 0.223666  1.10546
0.47834 0.22813 1.10803 0.478568 0.223696  1.10549
 0.47834 0.228159  1.10806 0.478569 0.223726  1.10552
 0.47834 0.228189  1.10809  0.47857 0.223756  1.10555
 0.47834 0.228218  1.10812 0.478571 0.223786  1.10558
 0.47834 0.228248  1.10815 0.478572 0.223816  1.10561
 0.47834 0.228278  1.10818 0.478573 0.223846  1.10564
 0.47834 0.228307  1.10821 0.478574 0.223876  1.10566
 0.47834 0.228337  1.10824 0.478575 0.223906  1.10569
 0.47834 0.228366  1.10827 0.478576 0.223936  1.10572
 0.47834 0.228396   1.1083 0.478577 0.223966  1.10575
 0.47834 0.228425  1.10833 0.478578 0.223996  1.10578
 0.47834 0.228455  1.10836 0.478579 0.224026  1.10581
 0.47834 0.228485  1.10839  0.47858 0.224056  1.10584
 0.47834 0.228514  1.10842 0.478581 0.224086  1.10586
 0.47834 0.228544  1.10845 0.478582 0.224116  1.10589
 0.47834 0.228573  1.10848 0.478583 0.224146  1.10592
 0.47834 0.228603  1.10851 0.478584 0.224176  1.10595
 0.47834 0.228632  1.10854 0.478585 0.224206  1.10598
 0.47834 0.228662  1.10857 0.478586 0.224236  1.10601
 0.47834 0.228691   1.1086 0.478587 0.224266  1.10604
 0.47834 0.228721  1.10862 0.478588 0.224296  1.10606
0.47834 0.22875 1.10865 0.478589 0.224326  1.10609
0.47834 0.22878 1.10868  0.47859 0.224356  1.10612
0.47834 0.22881 1.10871 0.478591 0.224386  1.10615
 0.47834 0.228839  1.10874 0.478592 0.224416  1.10618
 0.47834 0.228869  1.10877 0.478593 0.224446  1.10621
 0.47834 0.228898   1.1088 0.478594 0.224476  1.10624
 0.47834 0.228928  1.10883 0.478595 0.224506  1.10626
 0.47834 0.228957  1.10886 0.478596 0.224536  1.10629
 0.47834 0.228987  1.10889 0.478597 0.224566  1.10632
 0.47834 0.229016  1.10892 0.478598 0.224596  1.10635
 0.47834 0.229046  1.10895 0.478599 0.224626  1.10638
 0.47834 0.229075  1.10898 0.478599 0.224656  1.10641
 0.47834 0.229105  1.10901   0.4786 0.224686  1.10644
 0.47834 0.229134  1.10904 0.478601 0.224716  1.10646
 0.47834 0.229164  1.10907 0.478602 0.224746  1.10649
 0.47834 0.229193   1.1091 0.478603 0.224776  1.10652
 0.47834 0.229223  1.10913 0.478604 0.224806  1.10655
 0.47834 0.229252  1.10916 0.478605 0.224836  1.10658
 0.47834 0.229282  1.10919 0.478606 0.224867  1.10661
 0.47834 0.229312  1.10922 0.478607 0.224897  1.10663
 0.47834 0.229341  1.10924 0.478608 0.224927  1.10666
 0.47834 0.229371  1.10927 0.478609 0.224957  1.10669
0.47834  0.2294  1.1093  0.47861 0.224987  1.10672
0.47834 0.22943 1.10933 0.478611 0.225017  1.10675
 0.47834 0.229459  1.10936 0.478612 0.225047  1.10678
 0.47834 0.229489  1.10939 0.478613 0.225077  1.10681
 0.47834 0.229518  1.10942 0.478614 0.225107  1.10683
 0.47834 0.229548  1.10945 0.478615 0.225137  1.10686
 0.47834 0.229577  1.10948 0.478616 0.225168  1.10689
 0.47834 0.229607  1.10951 0.478617 0.225198  1.10692
 0.47834 0.229636  1.10954 0.478618 0.225228  1.10695
 0.47834 0.229666  1.10957 0.478619 0.225258  1.10698
 0.47834 0.229695   1.1096  0.47862 0.225288  1.10701
 0.47834 0.229725  1.10963 0.478621 0.225318  1.10703
 0.47834 0.229754  1.10966 0.478622 0.225348  1.10706
 0.47834 0.229784  1.10969 0.478623 0.225379  1.10709
 0.47834 0.229813  1.10972 0.478624 0.225409  1.10712
 0.47834 0.229843  1.10975 0.478625 0.225439  1.10715
 0.47834 0.229872  1.10978 0.478626 0.225469  1.10718
 0.47834 0.229901  1.10981 0.478627 0.225499   1.1072
 0.47834 0.229931  1.10983 0.478628 0.225529  1.10723
0.47834 0.22996 1.10986 0.478629  0.22556  1.10726
0.47834 0.22999 1.10989 0.47863 0.22559 1.10729
 0.47834 0.230019  1.10992 0.478631  0.22562  1.10732
 0.47834 0.230049  1.10995 0.478632  0.22565  1.10735
 0.47834 0.230078  1.10998 0.478633  0.22568  1.10737
 0.47834 0.230108  1.11001 0.478634  0.22571   1.1074
 0.47834 0.230137  1.11004 0.478635 0.225741  1.10743
 0.47834 0.230167  1.11007 0.478636 0.225771  1.10746
 0.47834 0.230196   1.1101 0.478637 0.225801  1.10749
 0.47834 0.230226  1.11013 0.478638 0.225831  1.10752
 0.47834 0.230255  1.11016 0.478639 0.225861  1.10755
 0.47834 0.230285  1.11019  0.47864 0.225892  1.10757
 0.47834 0.230314  1.11022 0.478641 0.225922   1.1076
 0.47834 0.230344  1.11025 0.478642 0.225952  1.10763
 0.47834 0.230373  1.11028 0.478643 0.225982  1.10766
 0.47834 0.230402  1.11031 0.478644 0.226013  1.10769
 0.47834 0.230432  1.11034 0.478645 0.226043  1.10772
 0.47834 0.230461  1.11037 0.478646 0.226073  1.10774
 0.47834 0.230491  1.11039 0.478647 0.226103  1.10777
0.47834 0.23052 1.11042 0.478648 0.226133   1.1078
0.47834 0.23055 1.11045 0.478649 0.226164  1.10783
 0.47834 0.230579  1.11048  0.47865 0.226194  1.10786
 0.47834 0.230609  1.11051 0.478651 0.226224  1.10789
 0.47834 0.230638  1.11054 0.478652 0.226255  1.10791
 0.47834 0.230668  1.11057 0.478653 0.226285  1.10794
 0.47834 0.230697   1.1106 0.478654 0.226315  1.10797
 0.47834 0.230726  1.11063 0.478655 0.226346    1.108
 0.47834 0.230756  1.11066 0.478656 0.226376  1.10803
 0.47834 0.230785  1.11069 0.478657 0.226406  1.10806
 0.47834 0.230815  1.11072 0.478658 0.226437  1.10809
 0.47834 0.230844  1.11075  0.47866 0.226467  1.10811
 0.47834 0.230874  1.11078 0.478661 0.226497  1.10814
 0.47834 0.230903  1.11081 0.478662 0.226528  1.10817
 0.47834 0.230932  1.11084 0.478663 0.226558   1.1082
 0.47834 0.230962  1.11087 0.478664 0.226589  1.10823
 0.47834 0.230991   1.1109 0.478665 0.226619  1.10826
 0.47834 0.231021  1.11092 0.478666  0.22665  1.10828
0.47834 0.23105 1.11095 0.478667  0.22668  1.10831
0.47834 0.23108 1.11098 0.478668 0.226711  1.10834
 0.47834 0.231109  1.11101 0.478669 0.226741  1.10837
 0.47834 0.231138  1.11104  0.47867 0.226772   1.1084
 0.47834 0.231168  1.11107 0.478671 0.226803  1.10843
 0.47834 0.231197   1.1111 0.478672 0.226833  1.10845
 0.47834 0.231227  1.11113 0.478673 0.226864  1.10848
 0.47834 0.231256  1.11116 0.478674 0.226895  1.10851
 0.47834 0.231285  1.11119 0.478675 0.226925  1.10854
 0.47834 0.231315  1.11122 0.478676 0.226956  1.10857
 0.47834 0.231344  1.11125 0.478677 0.226987   1.1086
 0.47834 0.231374  1.11128 0.478678 0.227018  1.10862
 0.47834 0.231403  1.11131 0.478679 0.227048  1.10865
 0.47834 0.231432  1.11134  0.47868 0.227079  1.10868
 0.47834 0.231462  1.11137 0.478681  0.22711  1.10871
 0.47834 0.231491   1.1114 0.478682 0.227141  1.10874
 0.47834 0.231521  1.11142 0.478683 0.227172  1.10877
0.47834 0.23155 1.11145 0.478684 0.227203  1.10879
 0.47834 0.231579  1.11148 0.478685 0.227234  1.10882
 0.47834 0.231609  1.11151 0.478686 0.227265  1.10885
 0.47834 0.231638  1.11154 0.478687 0.227296  1.10888
 0.47834 0.231668  1.11157 0.478688 0.227327  1.10891
 0.47834 0.231697   1.1116 0.478689 0.227358  1.10894
 0.47834 0.231726  1.11163  0.47869 0.227389  1.10896
 0.47834 0.231756  1.11166 0.478691  0.22742  1.10899
 0.47834 0.231785  1.11169 0.478692 0.227451  1.10902
 0.47834 0.231814  1.11172 0.478693 0.227482  1.10905
 0.47834 0.231844  1.11175 0.478695 0.227513  1.10908
 0.47834 0.231873  1.11178 0.478696 0.227544  1.10911
 0.47834 0.231903  1.11181 0.478696 0.227576  1.10913
 0.47834 0.231932  1.11184 0.478697 0.227607  1.10916
 0.47834 0.231961  1.11187 0.478699 0.227638  1.10919
 0.47834 0.231991  1.11189   0.4787 0.227669  1.10922
0.47834 0.23202 1.11192 0.478701   0.2277  1.10925
 0.47834 0.232049  1.11195 0.478702 0.227732  1.10928
 0.47834 0.232079  1.11198 0.478703 0.227763   1.1093
 0.47834 0.232108  1.11201 0.478704 0.227794  1.10933
 0.47834 0.232138  1.11204 0.478705 0.227826  1.10936
 0.47834 0.232167  1.11207 0.478706 0.227857  1.10939
 0.47834 0.232196   1.1121 0.478706 0.227889  1.10942
 0.47834 0.232226  1.11213 0.478708  0.22792  1.10945
 0.47834 0.232255  1.11216 0.478709 0.227952  1.10947
 0.47834 0.232284  1.11219  0.47871 0.227983   1.1095
 0.47834 0.232314  1.11222 0.478711 0.228015  1.10953
 0.47834 0.232343  1.11225 0.478711 0.228046  1.10956
 0.47834 0.232372  1.11228 0.478712 0.228078  1.10959
 0.47834 0.232402  1.11231 0.478713 0.228109  1.10962
 0.47834 0.232431  1.11233 0.478714 0.228141  1.10964
0.47834 0.23246 1.11236 0.478715 0.228172  1.10967
0.47834 0.23249 1.11239 0.478716 0.228204   1.1097
 0.47834 0.232519  1.11242 0.478717 0.228236  1.10973
 0.47834 0.232548  1.11245 0.478718 0.228267  1.10976
 0.47834 0.232578  1.11248 0.478719 0.228299  1.10978
 0.47834 0.232607  1.11251  0.47872 0.228331  1.10981
 0.47834 0.232636  1.11254 0.478721 0.228362  1.10984
 0.47834 0.232666  1.11257 0.478722 0.228394  1.10987
 0.47834 0.232695   1.1126 0.478723 0.228426   1.1099
 0.47834 0.232724  1.11263 0.478724 0.228458  1.10993
 0.47834 0.232754  1.11266 0.478725 0.228489  1.10995
 0.47834 0.232783  1.11269 0.478726 0.228521  1.10998
 0.47834 0.232812  1.11272 0.478727 0.228553  1.11001
 0.47834 0.232842  1.11275 0.478728 0.228585  1.11004
 0.47834 0.232871  1.11277 0.478729 0.228617  1.11007
0.47834  0.2329  1.1128  0.47873 0.228649  1.11009
0.47834 0.23293 1.11283 0.478731  0.22868  1.11012
 0.47834 0.232959  1.11286 0.478732 0.228712  1.11015
 0.47834 0.232988  1.11289 0.478733 0.228744  1.11018
 0.47834 0.233017  1.11292 0.478734 0.228776  1.11021
 0.47834 0.233047  1.11295 0.478734 0.228808  1.11024
 0.47834 0.233076  1.11298 0.478735  0.22884  1.11026
 0.47834 0.233105  1.11301 0.478736 0.228872  1.11029
 0.47834 0.233135  1.11304 0.478737 0.228904  1.11032
 0.47834 0.233164  1.11307 0.478738 0.228936  1.11035
 0.47834 0.233193   1.1131 0.478739 0.228968  1.11038
 0.47834 0.233223  1.11313 0.47874   0.229  1.1104
 0.47834 0.233252  1.11316 0.478741 0.229032  1.11043
 0.47834 0.233281  1.11319 0.478742 0.229064  1.11046
0.47834 0.23331 1.11321 0.478743 0.229096  1.11049
0.47834 0.23334 1.11324 0.478744 0.229128  1.11052
 0.47834 0.233369  1.11327 0.478745  0.22916  1.11054
 0.47834 0.233398   1.1133 0.478745 0.229192  1.11057
 0.47834 0.233428  1.11333 0.478746 0.229224   1.1106
 0.47834 0.233457  1.11336 0.478747 0.229256  1.11063
 0.47834 0.233486  1.11339 0.478748 0.229289  1.11066
 0.47834 0.233515  1.11342 0.478749 0.229321  1.11068
 0.47834 0.233545  1.11345  0.47875 0.229353  1.11071
 0.47834 0.233574  1.11348 0.478751 0.229385  1.11074
 0.47834 0.233603  1.11351 0.478752 0.229417  1.11077
 0.47834 0.233632  1.11354 0.478752 0.229449   1.1108
 0.47834 0.233662  1.11357 0.478753 0.229481  1.11082
 0.47834 0.233691  1.11359 0.478754 0.229514  1.11085
0.47834 0.23372 1.11362 0.478755 0.229546  1.11088
 0.47834 0.233749  1.11365 0.478756 0.229578  1.11091
 0.47834 0.233779  1.11368 0.478757  0.22961  1.11094
 0.47834 0.233808  1.11371 0.478758 0.229642  1.11096
 0.47834 0.233837  1.11374 0.478759 0.229674  1.11099
 0.47834 0.233866  1.11377 0.478759 0.229707  1.11102
 0.47834 0.233896   1.1138  0.47876 0.229739  1.11105
 0.47834 0.233925  1.11383 0.478761 0.229771  1.11108
 0.47834 0.233954  1.11386 0.478762 0.229803   1.1111
 0.47834 0.233983  1.11389 0.478763 0.229835  1.11113
 0.47834 0.234013  1.11392 0.478764 0.229868  1.11116
 0.47834 0.234042  1.11395 0.478765   0.2299  1.11119
 0.47834 0.234071  1.11398 0.478765 0.229932  1.11122
0.47834  0.2341   1.114 0.478766 0.229964  1.11124
0.47834 0.23413 1.11403 0.478767 0.229997  1.11127
 0.47834 0.234159  1.11406 0.478768 0.230029   1.1113
 0.47834 0.234188  1.11409 0.478769 0.230061  1.11133
 0.47834 0.234217  1.11412  0.47877 0.230093  1.11136
 0.47834 0.234247  1.11415  0.47877 0.230126  1.11138
 0.47834 0.234276  1.11418 0.478771 0.230158  1.11141
 0.47834 0.234305  1.11421 0.478772  0.23019  1.11144
 0.47834 0.234334  1.11424 0.478773 0.230222  1.11147
 0.47834 0.234363  1.11427 0.478774 0.230254   1.1115
 0.47834 0.234393   1.1143 0.478774 0.230287  1.11152
 0.47834 0.234422  1.11433 0.478775 0.230319  1.11155
 0.47834 0.234451  1.11435 0.478776 0.230351  1.11158
0.47834 0.23448 1.11438 0.478777 0.230383  1.11161
 0.47834 0.234509  1.11441 0.478778 0.230416  1.11163
 0.47834 0.234539  1.11444 0.478779 0.230448  1.11166
 0.47834 0.234568  1.11447 0.478779  0.23048  1.11169
 0.47834 0.234597   1.1145  0.47878 0.230512  1.11172
 0.47834 0.234626  1.11453 0.478781 0.230545  1.11175
 0.47834 0.234655  1.11456 0.478782 0.230577  1.11177
 0.47834 0.234685  1.11459 0.478783 0.230609   1.1118
 0.47834 0.234714  1.11462 0.478783 0.230641  1.11183
 0.47834 0.234743  1.11465 0.478784 0.230673  1.11186
 0.47834 0.234772  1.11468 0.478785 0.230706  1.11188
 0.47834 0.234801  1.11471 0.478786 0.230738  1.11191
 0.47834 0.234831  1.11473 0.478786  0.23077  1.11194
0.47834 0.23486 1.11476 0.478787 0.230802  1.11197
 0.47834 0.234889  1.11479 0.478788 0.230834    1.112
 0.47834 0.234918  1.11482 0.478789 0.230867  1.11202
 0.47834 0.234947  1.11485  0.47879 0.230899  1.11205
 0.47834 0.234977  1.11488  0.47879 0.230931  1.11208
 0.47834 0.235006  1.11491 0.478791 0.230963  1.11211
 0.47834 0.235035  1.11494 0.478792 0.230995  1.11213
 0.47834 0.235064  1.11497 0.478793 0.231028  1.11216
 0.47834 0.235093    1.115 0.478794  0.23106  1.11219
 0.47834 0.235122  1.11503 0.478794 0.231092  1.11222
 0.47834 0.235152  1.11506 0.478795 0.231123  1.11225
 0.47834 0.235181  1.11508 0.478796 0.231155  1.11227
0.47834 0.23521 1.11511 0.478796 0.231186   1.1123
 0.47834 0.235239  1.11514 0.478797 0.231217  1.11233
 0.47834 0.235268  1.11517 0.478798 0.231247  1.11236
 0.47834 0.235297   1.1152 0.478798 0.231278  1.11239
 0.47834 0.235326  1.11523 0.478799 0.231308  1.11241
 0.47834 0.235356  1.11526   0.4788 0.231339  1.11244
 0.47834 0.235385  1.11529   0.4788 0.231369  1.11247
 0.47834 0.235414  1.11532 0.478801   0.2314   1.1125
 0.47834 0.235443  1.11535 0.478802  0.23143  1.11253
 0.47834 0.235472  1.11538 0.478802  0.23146  1.11255
 0.47834 0.235501  1.11541 0.478803 0.231491  1.11258
0.47834 0.23553 1.11543 0.478804 0.231521  1.11261
0.47834 0.23556 1.11546 0.478804 0.231551  1.11264
 0.47834 0.235589  1.11549 0.478805 0.231582  1.11267
 0.47834 0.235618  1.11552 0.478805 0.231612  1.11269
 0.47834 0.235647  1.11555 0.478806 0.231643  1.11272
 0.47834 0.235676  1.11558 0.478807 0.231673  1.11275
 0.47834 0.235705  1.11561 0.478807 0.231703  1.11278
 0.47834 0.235734  1.11564 0.478808 0.231734  1.11281
 0.47834 0.235764  1.11567 0.478809 0.231764  1.11283
 0.47834 0.235793   1.1157 0.478809 0.231795  1.11286
 0.47834 0.235822  1.11573  0.47881 0.231825  1.11289
 0.47834 0.235851  1.11575 0.478811 0.231856  1.11292
0.47834 0.23588 1.11578 0.478811 0.231886  1.11295
 0.47834 0.235909  1.11581 0.478812 0.231917  1.11297
 0.47834 0.235938  1.11584 0.478813 0.231948    1.113
 0.47834 0.235967  1.11587 0.478813 0.231978  1.11303
 0.47834 0.235996   1.1159 0.478814 0.232009  1.11306
 0.47834 0.236026  1.11593 0.478815 0.232039  1.11309
 0.47834 0.236055  1.11596 0.478815 0.232069  1.11311
 0.47834 0.236084  1.11599 0.478816 0.232099  1.11314
 0.47834 0.236113  1.11602 0.478817 0.232129  1.11317
 0.47834 0.236142  1.11605 0.478817 0.232158   1.1132
 0.47834 0.236171  1.11607 0.478818 0.232188  1.11323
0.47834  0.2362  1.1161 0.478818 0.232218  1.11325
 0.47834 0.236229  1.11613 0.478819 0.232248  1.11328
 0.47834 0.236258  1.11616  0.47882 0.232277  1.11331
 0.47834 0.236287  1.11619  0.47882 0.232307  1.11334
 0.47834 0.236316  1.11622 0.478821 0.232337  1.11337
 0.47834 0.236346  1.11625 0.478821 0.232367  1.11339
 0.47834 0.236375  1.11628 0.478822 0.232397  1.11342
 0.47834 0.236404  1.11631 0.478823 0.232427  1.11345
 0.47834 0.236433  1.11634 0.478823 0.232457  1.11348
 0.47834 0.236462  1.11637 0.478824 0.232487  1.11351
 0.47834 0.236491  1.11639 0.478825 0.232517  1.11353
0.47834 0.23652 1.11642 0.478825 0.232547  1.11356
 0.47834 0.236549  1.11645 0.478826 0.232577  1.11359
 0.47834 0.236578  1.11648 0.478826 0.232607  1.11362
 0.47834 0.236607  1.11651 0.478827 0.232637  1.11364
 0.47834 0.236636  1.11654 0.478828 0.232666  1.11367
 0.47834 0.236665  1.11657 0.478828 0.232696   1.1137
 0.47834 0.236694   1.1166 0.478829 0.232725  1.11373
 0.47834 0.236723  1.11663 0.478829 0.232755  1.11376
 0.47834 0.236752  1.11666  0.47883 0.232784  1.11378
 0.47834 0.236781  1.11669 0.478831 0.232813  1.11381
 0.47834 0.236811  1.11671 0.478831 0.232843  1.11384
0.47834 0.23684 1.11674 0.478832 0.232873  1.11387
 0.47834 0.236869  1.11677 0.478832 0.232902   1.1139
 0.47834 0.236898   1.1168 0.478833 0.232932  1.11392
 0.47834 0.236927  1.11683 0.478834 0.232961  1.11395
 0.47834 0.236956  1.11686 0.478834 0.232991  1.11398
 0.47834 0.236985  1.11689 0.478835 0.233021  1.11401
 0.47834 0.237014  1.11692 0.478835 0.233051  1.11404
 0.47834 0.237043  1.11695 0.478836 0.233081  1.11406
 0.47834 0.237072  1.11698 0.478837  0.23311  1.11409
 0.47834 0.237101    1.117 0.478837  0.23314  1.11412
0.47834 0.23713 1.11703 0.478838 0.233169  1.11415
 0.47834 0.237159  1.11706 0.478839 0.233199  1.11417
 0.47834 0.237188  1.11709 0.478839 0.233228   1.1142
 0.47834 0.237217  1.11712  0.47884 0.233257  1.11423
 0.47834 0.237246  1.11715  0.47884 0.233286  1.11426
 0.47834 0.237275  1.11718 0.478841 0.233315  1.11429
 0.47834 0.237304  1.11721 0.478842 0.233345  1.11431
 0.47834 0.237333  1.11724 0.478842 0.233374  1.11434
 0.47834 0.237362  1.11727 0.478843 0.233403  1.11437
 0.47834 0.237391  1.11729 0.478843 0.233433   1.1144
0.47834 0.23742 1.11732 0.478844 0.233462  1.11442
 0.47834 0.237449  1.11735 0.478845 0.233492  1.11445
 0.47834 0.237478  1.11738 0.478845 0.233521  1.11448
 0.47834 0.237507  1.11741 0.478846 0.233551  1.11451
 0.47834 0.237536  1.11744 0.478847  0.23358  1.11454
 0.47834 0.237565  1.11747 0.478847 0.233609  1.11456
 0.47834 0.237594   1.1175 0.478848 0.233638  1.11459
 0.47834 0.237623  1.11753 0.478848 0.233667  1.11462
 0.47834 0.237652  1.11756 0.478849 0.233696  1.11465
 0.47834 0.237681  1.11758  0.47885 0.233725  1.11467
0.47834 0.23771 1.11761  0.47885 0.233754   1.1147
 0.47834 0.237739  1.11764 0.478851 0.233783  1.11473
 0.47834 0.237768  1.11767 0.478851 0.233812  1.11476
 0.47834 0.237797   1.1177 0.478852 0.233841  1.11479
 0.47834 0.237826  1.11773 0.478853  0.23387  1.11481
 0.47834 0.237855  1.11776 0.478853 0.233899  1.11484
 0.47834 0.237884  1.11779 0.478854 0.233928  1.11487
 0.47834 0.237913  1.11782 0.478855 0.233957   1.1149
 0.47834 0.237942  1.11785 0.478855 0.233986  1.11492
 0.47834 0.237971  1.11787 0.478856 0.234015  1.11495
0.47834   0.238  1.1179 0.478857 0.234044  1.11498
 0.47834 0.238029  1.11793 0.478857 0.234072  1.11501
 0.47834 0.238057  1.11796 0.478858 0.234101  1.11504
 0.47834 0.238086  1.11799 0.478858 0.234129  1.11506
 0.47834 0.238115  1.11802 0.478859 0.234158  1.11509
 0.47834 0.238144  1.11805  0.47886 0.234187  1.11512
 0.47834 0.238173  1.11808  0.47886 0.234215  1.11515
 0.47834 0.238202  1.11811 0.478861 0.234244  1.11517
 0.47834 0.238231  1.11814 0.478862 0.234273   1.1152
0.47834 0.23826 1.11816 0.478862 0.234302  1.11523
 0.47834 0.238289  1.11819 0.478863  0.23433  1.11526
 0.47834 0.238318  1.11822 0.478864 0.234359  1.11528
 0.47834 0.238347  1.11825 0.478864 0.234387  1.11531
 0.47834 0.238376  1.11828 0.478865 0.234415  1.11534
 0.47834 0.238405  1.11831 0.478866 0.234443  1.11537
 0.47834 0.238434  1.11834 0.478866 0.234472   1.1154
 0.47834 0.238463  1.11837 0.478867   0.2345  1.11542
 0.47834 0.238491   1.1184 0.478868 0.234528  1.11545
0.47834 0.23852 1.11842 0.478868 0.234556  1.11548
 0.47834 0.238549  1.11845 0.478869 0.234585  1.11551
 0.47834 0.238578  1.11848  0.47887 0.234613  1.11553
 0.47834 0.238607  1.11851  0.47887 0.234641  1.11556
 0.47834 0.238636  1.11854 0.478871  0.23467  1.11559
 0.47834 0.238665  1.11857 0.478872 0.234698  1.11562
 0.47834 0.238694   1.1186 0.478873 0.234726  1.11564
 0.47834 0.238723  1.11863 0.478873 0.234754  1.11567
 0.47834 0.238752  1.11866 0.478874 0.234782   1.1157
 0.47834 0.238781  1.11868 0.478875  0.23481  1.11573
 0.47834 0.238809  1.11871 0.478875 0.234837  1.11576
 0.47834 0.238838  1.11874 0.478876 0.234865  1.11578
 0.47834 0.238867  1.11877 0.478877 0.234893  1.11581
 0.47834 0.238896   1.1188 0.478877 0.234921  1.11584
 0.47834 0.238925  1.11883 0.478878 0.234949  1.11587
 0.47834 0.238954  1.11886 0.478879 0.234977  1.11589
 0.47834 0.238983  1.11889  0.47888 0.235005  1.11592
 0.47834 0.239012  1.11892  0.47888 0.235032  1.11595
0.47834 0.23904 1.11894 0.478881  0.23506  1.11598
 0.47834 0.239069  1.11897 0.478882 0.235088    1.116
 0.47834 0.239098    1.119 0.478882 0.235115  1.11603
 0.47834 0.239127  1.11903 0.478883 0.235143  1.11606
 0.47834 0.239156  1.11906 0.478884  0.23517  1.11609
 0.47834 0.239185  1.11909 0.478885 0.235198  1.11612
 0.47834 0.239214  1.11912 0.478885 0.235225  1.11614
 0.47834 0.239243  1.11915 0.478886 0.235253  1.11617
 0.47834 0.239271  1.11918 0.478887 0.235281   1.1162
0.47834  0.2393  1.1192 0.478888 0.235308  1.11623
 0.47834 0.239329  1.11923 0.478888 0.235336  1.11625
 0.47834 0.239358  1.11926 0.478889 0.235363  1.11628
 0.47834 0.239387  1.11929  0.47889 0.235391  1.11631
 0.47834 0.239416  1.11932 0.478891 0.235418  1.11634
 0.47834 0.239444  1.11935 0.478891 0.235446  1.11636
 0.47834 0.239473  1.11938 0.478892 0.235474  1.11639
 0.47834 0.239502  1.11941 0.478893 0.235501  1.11642
 0.47834 0.239531  1.11943 0.478893 0.235529  1.11645
0.47834 0.23956 1.11946 0.478894 0.235556  1.11647
 0.47834 0.239589  1.11949 0.478895 0.235584   1.1165
 0.47834 0.239617  1.11952 0.478896 0.235612  1.11653
 0.47834 0.239646  1.11955 0.478896 0.235639  1.11656
 0.47834 0.239675  1.11958 0.478897 0.235667  1.11659
 0.47834 0.239704  1.11961 0.478898 0.235695  1.11661
 0.47834 0.239733  1.11964 0.478899 0.235723  1.11664
 0.47834 0.239762  1.11967 0.478899  0.23575  1.11667
0.47834 0.23979 1.11969   0.4789 0.235778   1.1167
 0.47834 0.239819  1.11972 0.478901 0.235806  1.11672
 0.47834 0.239848  1.11975 0.478901 0.235834  1.11675
 0.47834 0.239877  1.11978 0.478902 0.235861  1.11678
 0.47834 0.239906  1.11981 0.478903 0.235889  1.11681
 0.47834 0.239934  1.11984 0.478904 0.235917  1.11683
 0.47834 0.239963  1.11987 0.478904 0.235946  1.11686
 0.47834 0.239992   1.1199 0.478905 0.235974  1.11689
 0.47834 0.240021  1.11992 0.478906 0.236002  1.11692
0.47834 0.24005 1.11995 0.478906  0.23603  1.11695
 0.47834 0.240078  1.11998 0.478907 0.236058  1.11697
 0.47834 0.240107  1.12001 0.478908 0.236086    1.117
 0.47834 0.240136  1.12004 0.478908 0.236114  1.11703
 0.47834 0.240165  1.12007 0.478909 0.236143  1.11706
 0.47834 0.240194   1.1201  0.47891 0.236171  1.11708
 0.47834 0.240222  1.12013 0.478911   0.2362  1.11711
 0.47834 0.240251  1.12016 0.478911 0.236228  1.11714
0.47834 0.24028 1.12018 0.478912 0.236257  1.11717
 0.47834 0.240309  1.12021 0.478913 0.236285  1.11719
 0.47834 0.240337  1.12024 0.478913 0.236314  1.11722
 0.47834 0.240366  1.12027 0.478914 0.236342  1.11725
 0.47834 0.240395   1.1203 0.478915 0.236371  1.11728
 0.47834 0.240424  1.12033 0.478915   0.2364  1.11731
 0.47834 0.240452  1.12036 0.478916 0.236429  1.11733
 0.47834 0.240481  1.12039 0.478917 0.236458  1.11736
0.47834 0.24051 1.12041 0.478917 0.236487  1.11739
 0.47834 0.240539  1.12044 0.478918 0.236516  1.11742
 0.47834 0.240567  1.12047 0.478918 0.236545  1.11744
 0.47834 0.240596   1.1205 0.478919 0.236574  1.11747
 0.47834 0.240625  1.12053  0.47892 0.236603   1.1175
 0.47834 0.240654  1.12056  0.47892 0.236632  1.11753
 0.47834 0.240682  1.12059 0.478921 0.236661  1.11756
 0.47834 0.240711  1.12062 0.478922 0.236691  1.11758
0.47834 0.24074 1.12064 0.478922  0.23672  1.11761
 0.47834 0.240769  1.12067 0.478923  0.23675  1.11764
 0.47834 0.240797   1.1207 0.478923  0.23678  1.11767
 0.47834 0.240826  1.12073 0.478924 0.236809  1.11769
 0.47834 0.240855  1.12076 0.478925 0.236839  1.11772
 0.47834 0.240883  1.12079 0.478925 0.236868  1.11775
 0.47834 0.240912  1.12082 0.478926 0.236898  1.11778
 0.47834 0.240941  1.12084 0.478926 0.236928  1.11781
0.47834 0.24097 1.12087 0.478927 0.236957  1.11783
 0.47834 0.240998   1.1209 0.478927 0.236987  1.11786
 0.47834 0.241027  1.12093 0.478928 0.237017  1.11789
 0.47834 0.241056  1.12096 0.478928 0.237048  1.11792
 0.47834 0.241084  1.12099 0.478929 0.237078  1.11794
 0.47834 0.241113  1.12102 0.478929 0.237108  1.11797
 0.47834 0.241142  1.12105  0.47893 0.237138    1.118
 0.47834 0.241171  1.12107  0.47893 0.237169  1.11803
 0.47834 0.241199   1.1211 0.478931 0.237199  1.11805
 0.47834 0.241228  1.12113 0.478931 0.237229  1.11808
 0.47834 0.241257  1.12116 0.478932  0.23726  1.11811
 0.47834 0.241285  1.12119 0.478932  0.23729  1.11814
 0.47834 0.241314  1.12122 0.478933  0.23732  1.11817
 0.47834 0.241343  1.12125 0.478933  0.23735  1.11819
 0.47834 0.241371  1.12128 0.478934 0.237381  1.11822
0.47834  0.2414  1.1213 0.478934 0.237411  1.11825
 0.47834 0.241429  1.12133 0.478935 0.237442  1.11828
 0.47834 0.241457  1.12136 0.478935 0.237473   1.1183
 0.47834 0.241486  1.12139 0.478936 0.237504  1.11833
 0.47834 0.241515  1.12142 0.478936 0.237535  1.11836
 0.47834 0.241543  1.12145 0.478937 0.237566  1.11839
 0.47834 0.241572  1.12148 0.478937 0.237597  1.11842
 0.47834 0.241601   1.1215 0.478937 0.237627  1.11844
 0.47834 0.241629  1.12153 0.478938 0.237658  1.11847
 0.47834 0.241658  1.12156 0.478938 0.237689   1.1185
 0.47834 0.241687  1.12159 0.478939  0.23772  1.11853
 0.47834 0.241715  1.12162 0.478939 0.237751  1.11855
 0.47834 0.241744  1.12165 0.478939 0.237782  1.11858
 0.47834 0.241773  1.12168  0.47894 0.237812  1.11861
 0.47834 0.241801  1.12171  0.47894 0.237843  1.11864
0.47834 0.24183 1.12173  0.47894 0.237874  1.11866
 0.47834 0.241859  1.12176 0.478941 0.237905  1.11869
 0.47834 0.241887  1.12179 0.478941 0.237937  1.11872
 0.47834 0.241916  1.12182 0.478941 0.237968  1.11875
 0.47834 0.241944  1.12185 0.478942 0.237999  1.11877
 0.47834 0.241973  1.12188 0.478942  0.23803   1.1188
 0.47834 0.242002  1.12191 0.478942 0.238062  1.11883
0.47834 0.24203 1.12193 0.478943 0.238093  1.11886
 0.47834 0.242059  1.12196 0.478943 0.238124  1.11888
 0.47834 0.242087  1.12199 0.478943 0.238155  1.11891
 0.47834 0.242116  1.12202 0.478944 0.238186  1.11894
 0.47834 0.242145  1.12205 0.478944 0.238217  1.11897
 0.47834 0.242173  1.12208 0.478944 0.238248  1.11899
 0.47834 0.242202  1.12211 0.478944 0.238279  1.11902
 0.47834 0.242231  1.12213 0.478945  0.23831  1.11905
 0.47834 0.242259  1.12216 0.478945 0.238341  1.11908
 0.47834 0.242288  1.12219 0.478945 0.238372  1.11911
 0.47834 0.242316  1.12222 0.478945 0.238403  1.11913
 0.47834 0.242345  1.12225 0.478946 0.238434  1.11916
 0.47834 0.242374  1.12228 0.478946 0.238466  1.11919
 0.47834 0.242402  1.12231 0.478946 0.238497  1.11922
 0.47834 0.242431  1.12233 0.478946 0.238528  1.11924
 0.47834 0.242459  1.12236 0.478947  0.23856  1.11927
 0.47834 0.242488  1.12239 0.478947 0.238591   1.1193
 0.47834 0.242516  1.12242 0.478947 0.238622  1.11932
 0.47834 0.242545  1.12245 0.478947 0.238653  1.11935
 0.47834 0.242574  1.12248 0.478948 0.238684  1.11938
 0.47834 0.242602  1.12251 0.478948 0.238716  1.11941
 0.47834 0.242631  1.12253 0.478948 0.238747  1.11943
 0.47834 0.242659  1.12256 0.478948 0.238778  1.11946
 0.47834 0.242688  1.12259 0.478948 0.238809  1.11949
 0.47834 0.242716  1.12262 0.478949  0.23884  1.11952
 0.47834 0.242745  1.12265 0.478949  0.23887  1.11954
 0.47834 0.242773  1.12268 0.478949 0.238901  1.11957
 0.47834 0.242802  1.12271 0.478949 0.238932   1.1196
 0.47834 0.242831  1.12273 0.478949 0.238963  1.11963
 0.47834 0.242859  1.12276 0.478949 0.238993  1.11965
 0.47834 0.242888  1.12279 0.478949 0.239024  1.11968
 0.47834 0.242916  1.12282 0.478949 0.239054  1.11971
 0.47834 0.242945  1.12285  0.47895 0.239085  1.11974
 0.47834 0.242973  1.12288  0.47895 0.239116  1.11976
 0.47834 0.243002  1.12291  0.47895 0.239147  1.11979
0.47834 0.24303 1.12293  0.47895 0.239177  1.11982
 0.47834 0.243059  1.12296  0.47895 0.239208  1.11985
 0.47834 0.243087  1.12299  0.47895 0.239239  1.11987
 0.47834 0.243116  1.12302 0.47895 0.23927  1.1199
 0.47834 0.243144  1.12305 0.478951 0.239301  1.11993
 0.47834 0.243173  1.12308 0.478951 0.239331  1.11995
 0.47834 0.243201  1.12311 0.478951 0.239362  1.11998
0.47834 0.24323 1.12313 0.478951 0.239392  1.12001
 0.47834 0.243258  1.12316 0.478951 0.239423  1.12004
 0.47834 0.243287  1.12319 0.478951 0.239453  1.12006
 0.47834 0.243315  1.12322 0.478951 0.239484  1.12009
 0.47834 0.243344  1.12325 0.478951 0.239514  1.12012
 0.47834 0.243372  1.12328 0.478951 0.239544  1.12015
 0.47834 0.243401   1.1233 0.478951 0.239574  1.12017
 0.47834 0.243429  1.12333 0.478952 0.239604   1.1202
 0.47834 0.243458  1.12336 0.478952 0.239635  1.12023
 0.47834 0.243486  1.12339 0.478952 0.239665  1.12026
 0.47834 0.243515  1.12342 0.478952 0.239695  1.12028
 0.47834 0.243543  1.12345 0.478952 0.239725  1.12031
 0.47834 0.243572  1.12348 0.478952 0.239755  1.12034
0.47834  0.2436  1.1235 0.478952 0.239784  1.12036
 0.47834 0.243629  1.12353 0.478952 0.239814  1.12039
 0.47834 0.243657  1.12356 0.478952 0.239844  1.12042
 0.47834 0.243686  1.12359 0.478952 0.239874  1.12045
 0.47834 0.243714  1.12362 0.478952 0.239904  1.12047
 0.47834 0.243743  1.12365 0.478952 0.239934   1.1205
 0.47834 0.243771  1.12368 0.478953 0.239964  1.12053
0.47834  0.2438  1.1237 0.478953 0.239994  1.12056
 0.47834 0.243828  1.12373 0.478953 0.240024  1.12058
 0.47834 0.243856  1.12376 0.478953 0.240054  1.12061
 0.47834 0.243885  1.12379 0.478953 0.240084  1.12064
 0.47834 0.243913  1.12382 0.478953 0.240114  1.12066
 0.47834 0.243942  1.12385 0.478953 0.240144  1.12069
0.47834 0.24397 1.12387 0.478953 0.240174  1.12072
 0.47834 0.243999   1.1239 0.478953 0.240203  1.12075
 0.47834 0.244027  1.12393 0.478953 0.240233  1.12077
 0.47834 0.244056  1.12396 0.478953 0.240263   1.1208
 0.47834 0.244084  1.12399 0.478954 0.240292  1.12083
 0.47834 0.244112  1.12402 0.478954 0.240322  1.12085
 0.47834 0.244141  1.12404 0.478954 0.240351  1.12088
 0.47834 0.244169  1.12407 0.478954 0.240381  1.12091
 0.47834 0.244198   1.1241 0.478954  0.24041  1.12094
 0.47834 0.244226  1.12413 0.478954  0.24044  1.12096
 0.47834 0.244254  1.12416 0.478954 0.240469  1.12099
 0.47834 0.244283  1.12419 0.478954 0.240499  1.12102
 0.47834 0.244311  1.12422 0.478954 0.240528  1.12104
0.47834 0.24434 1.12424 0.478954 0.240557  1.12107
 0.47834 0.244368  1.12427 0.478954 0.240587   1.1211
 0.47834 0.244396   1.1243 0.478954 0.240616  1.12113
 0.47834 0.244425  1.12433 0.478954 0.240645  1.12115
 0.47834 0.244453  1.12436 0.478954 0.240675  1.12118
 0.47834 0.244482  1.12439 0.478955 0.240704  1.12121
0.47834 0.24451 1.12441 0.478955 0.240733  1.12123
 0.47834 0.244538  1.12444 0.478955 0.240762  1.12126
 0.47834 0.244567  1.12447 0.478955 0.240791  1.12129
 0.47834 0.244595   1.1245 0.478955 0.240821  1.12132
 0.47834 0.244624  1.12453 0.478955  0.24085  1.12134
 0.47834 0.244652  1.12456 0.478955 0.240879  1.12137
0.47834 0.24468 1.12458 0.478955 0.240908   1.1214
 0.47834 0.244709  1.12461 0.478955 0.240937  1.12143
 0.47834 0.244737  1.12464 0.478955 0.240966  1.12145
 0.47834 0.244765  1.12467 0.478955 0.240996  1.12148
 0.47834 0.244794   1.1247 0.478956 0.241025  1.12151
 0.47834 0.244822  1.12473 0.478956 0.241054  1.12153
0.47834 0.24485 1.12475 0.478956 0.241083  1.12156
 0.47834 0.244879  1.12478 0.478956 0.241112  1.12159
 0.47834 0.244907  1.12481 0.478956 0.241142  1.12161
 0.47834 0.244936  1.12484 0.478956 0.241171  1.12164
 0.47834 0.244964  1.12487 0.478956   0.2412  1.12167
 0.47834 0.244992   1.1249 0.478956 0.241229   1.1217
 0.47834 0.245021  1.12492 0.478956 0.241258  1.12172
 0.47834 0.245049  1.12495 0.478957 0.241287  1.12175
 0.47834 0.245077  1.12498 0.478957 0.241317  1.12178
 0.47834 0.245106  1.12501 0.478957 0.241346   1.1218
 0.47834 0.245134  1.12504 0.478957 0.241375  1.12183
 0.47834 0.245162  1.12507 0.478957 0.241404  1.12186
0.47834 0.24519 1.12509 0.478957 0.241433  1.12189
 0.47834 0.245219  1.12512 0.478957 0.241462  1.12191
 0.47834 0.245247  1.12515 0.478958 0.241492  1.12194
 0.47834 0.245275  1.12518 0.478958 0.241521  1.12197
 0.47834 0.245304  1.12521 0.478958  0.24155  1.12199
 0.47834 0.245332  1.12524 0.478958 0.241579  1.12202
0.47834 0.24536 1.12526 0.478958 0.241608  1.12205
 0.47834 0.245389  1.12529 0.478958 0.241637  1.12208
 0.47834 0.245417  1.12532 0.478958 0.241666   1.1221
 0.47834 0.245445  1.12535 0.478959 0.241696  1.12213
 0.47834 0.245474  1.12538 0.478959 0.241725  1.12216
 0.47834 0.245502  1.12541 0.478959 0.241754  1.12218
0.47834 0.24553 1.12543 0.478959 0.241783  1.12221
 0.47834 0.245558  1.12546 0.478959 0.241812  1.12224
 0.47834 0.245587  1.12549 0.478959 0.241841  1.12227
 0.47834 0.245615  1.12552 0.47896 0.24187 1.12229
 0.47834 0.245643  1.12555 0.47896  0.2419 1.12232
 0.47834 0.245671  1.12558  0.47896 0.241929  1.12235
0.47834  0.2457  1.1256  0.47896 0.241958  1.12237
 0.47834 0.245728  1.12563  0.47896 0.241987   1.1224
 0.47834 0.245756  1.12566  0.47896 0.242016  1.12243
 0.47834 0.245785  1.12569 0.478961 0.242045  1.12246
 0.47834 0.245813  1.12572 0.478961 0.242074  1.12248
 0.47834 0.245841  1.12574 0.478961 0.242104  1.12251
 0.47834 0.245869  1.12577 0.478961 0.242133  1.12254
 0.47834 0.245898   1.1258 0.478962 0.242162  1.12256
 0.47834 0.245926  1.12583 0.478962 0.242191  1.12259
 0.47834 0.245954  1.12586 0.478962  0.24222  1.12262
 0.47834 0.245982  1.12589 0.478962 0.242249  1.12265
 0.47834 0.246011  1.12591 0.478962 0.242278  1.12267
 0.47834 0.246039  1.12594 0.478963 0.242307   1.1227
 0.47834 0.246067  1.12597 0.478963 0.242336  1.12273
 0.47834 0.246095    1.126 0.478963 0.242365  1.12275
 0.47834 0.246123  1.12603 0.478963 0.242394  1.12278
 0.47834 0.246152  1.12606 0.478964 0.242424  1.12281
0.47834 0.24618 1.12608 0.478964 0.242453  1.12284
 0.47834 0.246208  1.12611 0.478964 0.242482  1.12286
 0.47834 0.246236  1.12614 0.478964 0.242511  1.12289
 0.47834 0.246264  1.12617 0.478965  0.24254  1.12292
 0.47834 0.246293   1.1262 0.478965 0.242569  1.12294
 0.47834 0.246321  1.12622 0.478965 0.242598  1.12297
 0.47834 0.246349  1.12625 0.478966 0.242627    1.123
 0.47834 0.246377  1.12628 0.478966 0.242656  1.12303
 0.47834 0.246406  1.12631 0.478966 0.242685  1.12305
 0.47834 0.246434  1.12634 0.478966 0.242714  1.12308
 0.47834 0.246462  1.12637 0.478967 0.242743  1.12311
0.47834 0.24649 1.12639 0.478967 0.242771  1.12313
 0.47834 0.246518  1.12642 0.478967   0.2428  1.12316
 0.47834 0.246546  1.12645 0.478968 0.242829  1.12319
 0.47834 0.246575  1.12648 0.478968 0.242858  1.12322
 0.47834 0.246603  1.12651 0.478968 0.242887  1.12324
 0.47834 0.246631  1.12653 0.478969 0.242916  1.12327
 0.47834 0.246659  1.12656 0.478969 0.242945   1.1233
 0.47834 0.246687  1.12659 0.478969 0.242974  1.12332
 0.47834 0.246715  1.12662  0.47897 0.243003  1.12335
 0.47834 0.246744  1.12665  0.47897 0.243032  1.12338
 0.47834 0.246772  1.12668 0.47897 0.24306 1.12341
0.47834  0.2468  1.1267 0.478971 0.243089  1.12343
 0.47834 0.246828  1.12673 0.478971 0.243118  1.12346
 0.47834 0.246856  1.12676 0.478971 0.243147  1.12349
 0.47834 0.246884  1.12679 0.478972 0.243176  1.12351
 0.47834 0.246913  1.12682 0.478972 0.243204  1.12354
 0.47834 0.246941  1.12684 0.478972 0.243233  1.12357
 0.47834 0.246969  1.12687 0.478973 0.243262   1.1236
 0.47834 0.246997   1.1269 0.478973 0.243291  1.12362
 0.47834 0.247025  1.12693 0.478973 0.243319  1.12365
 0.47834 0.247053  1.12696 0.478974 0.243348  1.12368
 0.47834 0.247081  1.12699 0.478974 0.243377   1.1237
 0.47834 0.247109  1.12701 0.478974 0.243405  1.12373
 0.47834 0.247138  1.12704 0.478975 0.243434  1.12376
 0.47834 0.247166  1.12707 0.478975 0.243462  1.12379
 0.47834 0.247194   1.1271 0.478976 0.243491  1.12381
 0.47834 0.247222  1.12713 0.478976  0.24352  1.12384
0.47834 0.24725 1.12715 0.478976 0.243548  1.12387
 0.47834 0.247278  1.12718 0.478977 0.243577   1.1239
 0.47834 0.247306  1.12721 0.478977 0.243605  1.12392
 0.47834 0.247334  1.12724 0.478977 0.243634  1.12395
 0.47834 0.247362  1.12727 0.478978 0.243662  1.12398
0.47834 0.24739 1.12729 0.478978 0.243691    1.124
 0.47834 0.247419  1.12732 0.478978 0.243719  1.12403
 0.47834 0.247447  1.12735 0.478979 0.243748  1.12406
 0.47834 0.247475  1.12738 0.478979 0.243776  1.12409
 0.47834 0.247503  1.12741 0.478979 0.243804  1.12411
 0.47834 0.247531  1.12743  0.47898 0.243833  1.12414
 0.47834 0.247559  1.12746  0.47898 0.243861  1.12417
 0.47834 0.247587  1.12749 0.47898 0.24389 1.12419
 0.47834 0.247615  1.12752 0.478981 0.243918  1.12422
 0.47834 0.247643  1.12755 0.478981 0.243947  1.12425
 0.47834 0.247671  1.12758 0.478981 0.243975  1.12428
 0.47834 0.247699   1.1276 0.478982 0.244003   1.1243
 0.47834 0.247727  1.12763 0.478982 0.244032  1.12433
 0.47834 0.247755  1.12766 0.478982  0.24406  1.12436
 0.47834 0.247783  1.12769 0.478983 0.244089  1.12439
 0.47834 0.247811  1.12772 0.478983 0.244117  1.12441
 0.47834 0.247839  1.12774 0.478983 0.244145  1.12444
 0.47834 0.247868  1.12777 0.478983 0.244174  1.12447
 0.47834 0.247896   1.1278 0.478984 0.244202  1.12449
 0.47834 0.247924  1.12783 0.478984 0.244231  1.12452
 0.47834 0.247952  1.12786 0.478984 0.244259  1.12455
0.47834 0.24798 1.12788 0.478985 0.244287  1.12458
 0.47834 0.248008  1.12791 0.478985 0.244316   1.1246
 0.47834 0.248036  1.12794 0.478985 0.244344  1.12463
 0.47834 0.248064  1.12797 0.478986 0.244372  1.12466
 0.47834 0.248092    1.128 0.478986 0.244401  1.12469
0.47834 0.24812 1.12802 0.478986 0.244429  1.12471
 0.47834 0.248148  1.12805 0.478986 0.244457  1.12474
 0.47834 0.248176  1.12808 0.478987 0.244486  1.12477
 0.47834 0.248204  1.12811 0.478987 0.244514  1.12479
 0.47834 0.248232  1.12814 0.478987 0.244542  1.12482
0.47834 0.24826 1.12816 0.478987 0.244571  1.12485
 0.47834 0.248288  1.12819 0.478988 0.244599  1.12488
 0.47834 0.248316  1.12822 0.478988 0.244627   1.1249
 0.47834 0.248344  1.12825 0.478988 0.244655  1.12493
 0.47834 0.248372  1.12828 0.478988 0.244684  1.12496
0.47834  0.2484  1.1283 0.478989 0.244712  1.12498
 0.47834 0.248428  1.12833 0.478989  0.24474  1.12501
 0.47834 0.248456  1.12836 0.478989 0.244768  1.12504
 0.47834 0.248484  1.12839 0.478989 0.244796  1.12507
 0.47834 0.248512  1.12842  0.47899 0.244825  1.12509
0.47834 0.24854 1.12844  0.47899 0.244853  1.12512
 0.47834 0.248567  1.12847  0.47899 0.244881  1.12515
 0.47834 0.248595   1.1285  0.47899 0.244909  1.12518
 0.47834 0.248623  1.12853 0.478991 0.244937   1.1252
 0.47834 0.248651  1.12856 0.478991 0.244965  1.12523
 0.47834 0.248679  1.12858 0.478991 0.244993  1.12526
 0.47834 0.248707  1.12861 0.478991 0.245021  1.12528
 0.47834 0.248735  1.12864 0.478991 0.245049  1.12531
 0.47834 0.248763  1.12867 0.478992 0.245077  1.12534
 0.47834 0.248791  1.12869 0.478992 0.245105  1.12537
 0.47834 0.248819  1.12872 0.478992 0.245133  1.12539
 0.47834 0.248847  1.12875 0.478992 0.245161  1.12542
 0.47834 0.248875  1.12878 0.478992 0.245189  1.12545
 0.47834 0.248903  1.12881 0.478993 0.245217  1.12548
 0.47834 0.248931  1.12883 0.478993 0.245245   1.1255
 0.47834 0.248959  1.12886 0.478993 0.245273  1.12553
 0.47834 0.248987  1.12889 0.478993 0.245301  1.12556
 0.47834 0.249014  1.12892 0.478993 0.245329  1.12558
 0.47834 0.249042  1.12895 0.478993 0.245356  1.12561
0.47834 0.24907 1.12897 0.478993 0.245384  1.12564
 0.47834 0.249098    1.129 0.478994 0.245412  1.12567
 0.47834 0.249126  1.12903 0.478994  0.24544  1.12569
 0.47834 0.249154  1.12906 0.478994 0.245468  1.12572
 0.47834 0.249182  1.12909 0.478994 0.245495  1.12575
0.47834 0.24921 1.12911 0.478994 0.245523  1.12577
 0.47834 0.249238  1.12914 0.478994 0.245551   1.1258
 0.47834 0.249265  1.12917 0.478995 0.245578  1.12583
 0.47834 0.249293   1.1292 0.478995 0.245606  1.12586
 0.47834 0.249321  1.12923 0.478995 0.245634  1.12588
 0.47834 0.249349  1.12925 0.478995 0.245661  1.12591
 0.47834 0.249377  1.12928 0.478995 0.245689  1.12594
 0.47834 0.249405  1.12931 0.478995 0.245716  1.12597
 0.47834 0.249433  1.12934 0.478995 0.245744  1.12599
 0.47834 0.249461  1.12936 0.478996 0.245772  1.12602
 0.47834 0.249488  1.12939 0.478996 0.245799  1.12605
 0.47834 0.249516  1.12942 0.478996 0.245827  1.12607
 0.47834 0.249544  1.12945 0.478996 0.245854   1.1261
 0.47834 0.249572  1.12948 0.478996 0.245881  1.12613
0.47834  0.2496  1.1295 0.478996 0.245909  1.12616
 0.47834 0.249628  1.12953 0.478996 0.245936  1.12618
 0.47834 0.249655  1.12956 0.478996 0.245964  1.12621
 0.47834 0.249683  1.12959 0.478997 0.245991  1.12624
 0.47834 0.249711  1.12962 0.478997 0.246018  1.12627
 0.47834 0.249739  1.12964 0.478997 0.246046  1.12629
 0.47834 0.249767  1.12967 0.478997 0.246073  1.12632
 0.47834 0.249795   1.1297 0.478997   0.2461  1.12635
 0.47834 0.249822  1.12973 0.478997 0.246128  1.12637
0.47834 0.24985 1.12975 0.478997 0.246155   1.1264
 0.47834 0.249878  1.12978 0.478998 0.246182  1.12643
 0.47834 0.249906  1.12981 0.478998 0.246209  1.12646
 0.47834 0.249934  1.12984 0.478998 0.246237  1.12648
 0.47834 0.249961  1.12987 0.478998 0.246264  1.12651
 0.47834 0.249989  1.12989 0.478998 0.246291  1.12654
 0.47834 0.250017  1.12992 0.478998 0.246318  1.12657
 0.47834 0.250045  1.12995 0.478998 0.246345  1.12659
 0.47834 0.250073  1.12998 0.478998 0.246372  1.12662
0.47834  0.2501    1.13 0.478999 0.246399  1.12665
 0.47834 0.250128  1.13003 0.478999 0.246426  1.12667
 0.47834 0.250156  1.13006 0.478999 0.246453   1.1267
 0.47834 0.250184  1.13009 0.478999  0.24648  1.12673
 0.47834 0.250212  1.13012 0.478999 0.246507  1.12676
 0.47834 0.250239  1.13014 0.478999 0.246534  1.12678
 0.47834 0.250267  1.13017 0.478999 0.246561  1.12681
 0.47834 0.250295   1.1302 0.478999 0.246588  1.12684
 0.47834 0.250323  1.13023    0.479 0.246615  1.12687
0.47834 0.25035 1.13025    0.479 0.246642  1.12689
 0.47834 0.250378  1.13028    0.479 0.246669  1.12692
 0.47834 0.250406  1.13031    0.479 0.246696  1.12695
 0.47834 0.250434  1.13034    0.479 0.246723  1.12697
 0.47834 0.250461  1.13037   0.479 0.24675   1.127
 0.47834 0.250489  1.13039 0.479001 0.246777  1.12703
 0.47834 0.250517  1.13042 0.479001 0.246803  1.12706
 0.47834 0.250545  1.13045 0.479001  0.24683  1.12708
 0.47834 0.250572  1.13048 0.479001 0.246857  1.12711
0.47834  0.2506  1.1305 0.479001 0.246884  1.12714
 0.47834 0.250628  1.13053 0.479001 0.246911  1.12717
 0.47834 0.250655  1.13056 0.479002 0.246937  1.12719
 0.47834 0.250683  1.13059 0.479002 0.246964  1.12722
 0.47834 0.250711  1.13061 0.479002 0.246991  1.12725
 0.47834 0.250739  1.13064 0.479002 0.247017  1.12727
 0.47834 0.250766  1.13067 0.479002 0.247044   1.1273
 0.47834 0.250794   1.1307 0.479002 0.247071  1.12733
 0.47834 0.250822  1.13073 0.479003 0.247097  1.12736
 0.47834 0.250849  1.13075 0.479003 0.247124  1.12738
 0.47834 0.250877  1.13078 0.479003 0.247151  1.12741
 0.47834 0.250905  1.13081 0.479003 0.247177  1.12744
 0.47834 0.250932  1.13084 0.479003 0.247204  1.12747
0.47834 0.25096 1.13086 0.479003  0.24723  1.12749
 0.47834 0.250988  1.13089 0.479004 0.247257  1.12752
 0.47834 0.251016  1.13092 0.479004 0.247284  1.12755
 0.47834 0.251043  1.13095 0.479004  0.24731  1.12758
 0.47834 0.251071  1.13097 0.479004 0.247337   1.1276
 0.47834 0.251099    1.131 0.479004 0.247363  1.12763
 0.47834 0.251126  1.13103 0.479005  0.24739  1.12766
 0.47834 0.251154  1.13106 0.479005 0.247416  1.12768
 0.47834 0.251182  1.13109 0.479005 0.247443  1.12771
 0.47834 0.251209  1.13111 0.479005 0.247469  1.12774
 0.47834 0.251237  1.13114 0.479006 0.247496  1.12777
 0.47834 0.251264  1.13117 0.479006 0.247522  1.12779
 0.47834 0.251292   1.1312 0.479006 0.247549  1.12782
0.47834 0.25132 1.13122 0.479006 0.247575  1.12785
 0.47834 0.251347  1.13125 0.479006 0.247602  1.12788
 0.47834 0.251375  1.13128 0.479007 0.247628   1.1279
 0.47834 0.251403  1.13131 0.479007 0.247654  1.12793
0.47834 0.25143 1.13133 0.479007 0.247681  1.12796
 0.47834 0.251458  1.13136 0.479007 0.247707  1.12799
 0.47834 0.251486  1.13139 0.479008 0.247734  1.12801
 0.47834 0.251513  1.13142 0.479008  0.24776  1.12804
 0.47834 0.251541  1.13144 0.479008 0.247786  1.12807
 0.47834 0.251568  1.13147 0.479008 0.247813   1.1281
 0.47834 0.251596   1.1315 0.479008 0.247839  1.12812
 0.47834 0.251624  1.13153 0.479009 0.247865  1.12815
 0.47834 0.251651  1.13156 0.479009 0.247892  1.12818
 0.47834 0.251679  1.13158 0.479009 0.247918   1.1282
 0.47834 0.251706  1.13161 0.479009 0.247944  1.12823
 0.47834 0.251734  1.13164 0.47901 0.24797 1.12826
 0.47834 0.251762  1.13167  0.47901 0.247997  1.12829
 0.47834 0.251789  1.13169  0.47901 0.248023  1.12831
 0.47834 0.251817  1.13172 0.479011 0.248049  1.12834
 0.47834 0.251844  1.13175 0.479011 0.248075  1.12837
 0.47834 0.251872  1.13178 0.479011 0.248102   1.1284
 0.47834 0.251899   1.1318 0.479011 0.248128  1.12842
 0.47834 0.251927  1.13183 0.479012 0.248154  1.12845
 0.47834 0.251955  1.13186 0.479012  0.24818  1.12848
 0.47834 0.251982  1.13189 0.479012 0.248206  1.12851
0.47834 0.25201 1.13191 0.479012 0.248232  1.12853
 0.47834 0.252037  1.13194 0.479013 0.248259  1.12856
 0.47834 0.252065  1.13197 0.479013 0.248285  1.12859
 0.47834 0.252092    1.132 0.479013 0.248311  1.12862
0.47834 0.25212 1.13202 0.479014 0.248337  1.12864
 0.47834 0.252147  1.13205 0.479014 0.248363  1.12867
 0.47834 0.252175  1.13208 0.479014 0.248389   1.1287
 0.47834 0.252202  1.13211 0.479015 0.248415  1.12873
0.47834 0.25223 1.13213 0.479015 0.248441  1.12875
 0.47834 0.252257  1.13216 0.479015 0.248467  1.12878
 0.47834 0.252285  1.13219 0.479016 0.248493  1.12881
 0.47834 0.252313  1.13222 0.479016 0.248519  1.12884
0.47834 0.25234 1.13224 0.479016 0.248545  1.12886
 0.47834 0.252368  1.13227 0.479016 0.248571  1.12889
 0.47834 0.252395   1.1323 0.479017 0.248597  1.12892
 0.47834 0.252423  1.13233 0.479017 0.248623  1.12895
0.47834 0.25245 1.13235 0.479017  0.24865  1.12897
 0.47834 0.252478  1.13238 0.479018 0.248676    1.129
 0.47834 0.252505  1.13241 0.479018 0.248703  1.12903
 0.47834 0.252533  1.13244 0.479018  0.24873  1.12906
0.47834 0.25256 1.13246 0.479019 0.248757  1.12908
 0.47834 0.252587  1.13249 0.479019 0.248784  1.12911
 0.47834 0.252615  1.13252  0.47902 0.248811  1.12914
 0.47834 0.252642  1.13255  0.47902 0.248838  1.12916
0.47834 0.25267 1.13257  0.47902 0.248866  1.12919
 0.47834 0.252697   1.1326 0.479021 0.248893  1.12922
 0.47834 0.252725  1.13263 0.479021 0.248921  1.12924
 0.47834 0.252752  1.13266 0.479022 0.248949  1.12927
0.47834 0.25278 1.13268 0.479022 0.248977   1.1293
 0.47834 0.252807  1.13271 0.479022 0.249005  1.12932
 0.47834 0.252835  1.13274 0.479023 0.249032  1.12935
 0.47834 0.252862  1.13277 0.479023  0.24906  1.12938
0.47834 0.25289 1.13279 0.479024 0.249088   1.1294
 0.47834 0.252917  1.13282 0.479024 0.249115  1.12943
 0.47834 0.252944  1.13285 0.479024 0.249143  1.12946
 0.47834 0.252972  1.13288 0.479025  0.24917  1.12948
 0.47834 0.252999   1.1329 0.479025 0.249198  1.12951
 0.47834 0.253027  1.13293 0.479025 0.249225  1.12954
 0.47834 0.253054  1.13296 0.479026 0.249252  1.12956
 0.47834 0.253082  1.13299 0.479026 0.249279  1.12959
 0.47834 0.253109  1.13301 0.479026 0.249306  1.12962
 0.47834 0.253136  1.13304 0.479026 0.249333  1.12965
 0.47834 0.253164  1.13307 0.479027  0.24936  1.12967
 0.47834 0.253191   1.1331 0.479027 0.249387   1.1297
 0.47834 0.253219  1.13312 0.479027 0.249414  1.12973
 0.47834 0.253246  1.13315 0.479027  0.24944  1.12975
 0.47834 0.253273  1.13318 0.479028 0.249467  1.12978
 0.47834 0.253301   1.1332 0.479028 0.249493  1.12981
 0.47834 0.253328  1.13323 0.479028 0.249519  1.12984
 0.47834 0.253356  1.13326 0.479028 0.249546  1.12986
 0.47834 0.253383  1.13329 0.479028 0.249572  1.12989
0.47834 0.25341 1.13331 0.479029 0.249598  1.12992
 0.47834 0.253438  1.13334 0.479029 0.249624  1.12994
 0.47834 0.253465  1.13337 0.479029  0.24965  1.12997
 0.47834 0.253492   1.1334 0.479029 0.249676     1.13
0.47834 0.25352 1.13342 0.479029 0.249702  1.13003
 0.47834 0.253547  1.13345 0.479029 0.249728  1.13005
 0.47834 0.253575  1.13348 0.479029 0.249753  1.13008
 0.47834 0.253602  1.13351  0.47903 0.249779  1.13011
 0.47834 0.253629  1.13353  0.47903 0.249804  1.13014
 0.47834 0.253657  1.13356 0.47903 0.24983 1.13016
 0.47834 0.253684  1.13359  0.47903 0.249855  1.13019
 0.47834 0.253711  1.13362 0.47903 0.24988 1.13022
 0.47834 0.253739  1.13364  0.47903 0.249906  1.13025
 0.47834 0.253766  1.13367  0.47903 0.249931  1.13027
 0.47834 0.253793   1.1337  0.47903 0.249956   1.1303
 0.47834 0.253821  1.13372  0.47903 0.249982  1.13033
 0.47834 0.253848  1.13375  0.47903 0.250007  1.13036
 0.47834 0.253875  1.13378  0.47903 0.250033  1.13038
 0.47834 0.253903  1.13381  0.47903 0.250059  1.13041
0.47834 0.25393 1.13383 0.479031 0.250085  1.13044
 0.47834 0.253957  1.13386 0.479031 0.250111  1.13046
 0.47834 0.253984  1.13389 0.479031 0.250137  1.13049
 0.47834 0.254012  1.13392 0.479031 0.250164  1.13052
 0.47834 0.254039  1.13394 0.479031  0.25019  1.13055
 0.47834 0.254066  1.13397 0.479031 0.250217  1.13057
 0.47834 0.254094    1.134 0.479032 0.250244   1.1306
 0.47834 0.254121  1.13402 0.479032 0.250271  1.13063
 0.47834 0.254148  1.13405 0.479032 0.250298  1.13065
 0.47834 0.254175  1.13408 0.479032 0.250325  1.13068
 0.47834 0.254203  1.13411 0.479032 0.250351  1.13071
0.47834 0.25423 1.13413 0.479033 0.250378  1.13073
 0.47834 0.254257  1.13416 0.479033 0.250405  1.13076
 0.47834 0.254284  1.13419 0.479033 0.250431  1.13079
 0.47834 0.254312  1.13422 0.479033 0.250458  1.13081
 0.47834 0.254339  1.13424 0.479033 0.250484  1.13084
 0.47834 0.254366  1.13427 0.479033  0.25051  1.13087
 0.47834 0.254394   1.1343 0.479034 0.250536  1.13089
 0.47834 0.254421  1.13432 0.479034 0.250562  1.13092
 0.47834 0.254448  1.13435 0.479034 0.250588  1.13095
 0.47834 0.254475  1.13438 0.479034 0.250614  1.13098
 0.47834 0.254502  1.13441 0.479034 0.250639    1.131
0.47834 0.25453 1.13443 0.479034 0.250665  1.13103
 0.47834 0.254557  1.13446 0.479034  0.25069  1.13106
 0.47834 0.254584  1.13449 0.479034 0.250716  1.13108
 0.47834 0.254611  1.13452 0.479035 0.250741  1.13111
 0.47834 0.254639  1.13454 0.479035 0.250767  1.13114
 0.47834 0.254666  1.13457 0.479035 0.250792  1.13117
 0.47834 0.254693   1.1346 0.479035 0.250818  1.13119
0.47834 0.25472 1.13462 0.479035 0.250844  1.13122
 0.47834 0.254747  1.13465 0.479035  0.25087  1.13125
 0.47834 0.254775  1.13468 0.479036 0.250896  1.13127
 0.47834 0.254802  1.13471 0.479036 0.250922   1.1313
 0.47834 0.254829  1.13473 0.479036 0.250948  1.13133
 0.47834 0.254856  1.13476 0.479036 0.250975  1.13135
 0.47834 0.254883  1.13479 0.479037 0.251001  1.13138
 0.47834 0.254911  1.13481 0.479037 0.251028  1.13141
 0.47834 0.254938  1.13484 0.479037 0.251054  1.13143
 0.47834 0.254965  1.13487 0.479037 0.251081  1.13146
 0.47834 0.254992   1.1349 0.479038 0.251107  1.13149
 0.47834 0.255019  1.13492 0.479038 0.251133  1.13152
 0.47834 0.255046  1.13495 0.479038 0.251159  1.13154
 0.47834 0.255074  1.13498 0.479039 0.251185  1.13157
 0.47834 0.255101    1.135 0.479039 0.251211   1.1316
 0.47834 0.255128  1.13503 0.479039 0.251236  1.13162
 0.47834 0.255155  1.13506 0.479039 0.251262  1.13165
 0.47834 0.255182  1.13509  0.47904 0.251287  1.13168
 0.47834 0.255209  1.13511  0.47904 0.251312   1.1317
 0.47834 0.255236  1.13514  0.47904 0.251337  1.13173
 0.47834 0.255263  1.13517  0.47904 0.251363  1.13176
 0.47834 0.255291  1.13519 0.479041 0.251388  1.13179
 0.47834 0.255318  1.13522 0.479041 0.251414  1.13181
 0.47834 0.255345  1.13525 0.479041 0.251439  1.13184
 0.47834 0.255372  1.13528 0.479042 0.251465  1.13187
 0.47834 0.255399   1.1353 0.479042  0.25149  1.13189
 0.47834 0.255426  1.13533 0.479042 0.251516  1.13192
 0.47834 0.255453  1.13536 0.479043 0.251542  1.13195
0.47834 0.25548 1.13538 0.479043 0.251568  1.13197
 0.47834 0.255508  1.13541 0.479044 0.251594    1.132
 0.47834 0.255535  1.13544 0.479044 0.251619  1.13203
 0.47834 0.255562  1.13547 0.479045 0.251645  1.13205
 0.47834 0.255589  1.13549 0.479045  0.25167  1.13208
 0.47834 0.255616  1.13552 0.479045 0.251696  1.13211
 0.47834 0.255643  1.13555 0.479046 0.251721  1.13214
0.47834 0.25567 1.13557 0.479046 0.251746  1.13216
 0.47834 0.255697   1.1356 0.479047  0.25177  1.13219
 0.47834 0.255724  1.13563 0.479047 0.251795  1.13222
 0.47834 0.255751  1.13566 0.479047  0.25182  1.13224
 0.47834 0.255778  1.13568 0.479048 0.251845  1.13227
 0.47834 0.255805  1.13571 0.479048  0.25187   1.1323
 0.47834 0.255832  1.13574 0.479049 0.251895  1.13233
 0.47834 0.255859  1.13576 0.479049 0.251921  1.13235
 0.47834 0.255886  1.13579  0.47905 0.251946  1.13238
 0.47834 0.255914  1.13582 0.479051 0.251971  1.13241
 0.47834 0.255941  1.13584 0.479051 0.251996  1.13243
 0.47834 0.255968  1.13587 0.479052 0.252022  1.13246
 0.47834 0.255995   1.1359 0.479052 0.252047  1.13249
 0.47834 0.256022  1.13593 0.479053 0.252072  1.13251
 0.47834 0.256049  1.13595 0.479053 0.252098  1.13254
 0.47834 0.256076  1.13598 0.479054 0.252122  1.13257
 0.47834 0.256103  1.13601 0.479055 0.252147   1.1326
0.47834 0.25613 1.13603 0.479055 0.252172  1.13262
 0.47834 0.256157  1.13606 0.479056 0.252196  1.13265
 0.47834 0.256184  1.13609 0.479056 0.252221  1.13268
 0.47834 0.256211  1.13611 0.479057 0.252245   1.1327
 0.47834 0.256238  1.13614 0.479058  0.25227  1.13273
 0.47834 0.256265  1.13617 0.479058 0.252295  1.13276
 0.47834 0.256292   1.1362 0.479059  0.25232  1.13279
 0.47834 0.256319  1.13622  0.47906 0.252344  1.13281
 0.47834 0.256346  1.13625  0.47906 0.252369  1.13284
 0.47834 0.256373  1.13628 0.479061 0.252394  1.13287
0.47834  0.2564  1.1363 0.479062 0.252419  1.13289
 0.47834 0.256427  1.13633 0.479063 0.252444  1.13292
 0.47834 0.256454  1.13636 0.479063 0.252469  1.13295
0.47834 0.25648 1.13638 0.479064 0.252494  1.13297
 0.47834 0.256507  1.13641 0.479065 0.252519    1.133
 0.47834 0.256534  1.13644 0.479066 0.252544  1.13303
 0.47834 0.256561  1.13647 0.479066 0.252568  1.13306
 0.47834 0.256588  1.13649 0.479067 0.252593  1.13308
 0.47834 0.256615  1.13652 0.479068 0.252617  1.13311
 0.47834 0.256642  1.13655 0.479069 0.252642  1.13314
 0.47834 0.256669  1.13657  0.47907 0.252667  1.13316
 0.47834 0.256696   1.1366  0.47907 0.252691  1.13319
 0.47834 0.256723  1.13663 0.479071 0.252716  1.13322
0.47834 0.25675 1.13665 0.479072 0.252741  1.13325
 0.47834 0.256777  1.13668 0.479073 0.252766  1.13327
 0.47834 0.256804  1.13671 0.479074  0.25279   1.1333
 0.47834 0.256831  1.13673 0.479075 0.252815  1.13333
 0.47834 0.256858  1.13676 0.479076  0.25284  1.13335
 0.47834 0.256884  1.13679 0.479077 0.252865  1.13338
 0.47834 0.256911  1.13682 0.479078 0.252889  1.13341
 0.47834 0.256938  1.13684 0.479079 0.252914  1.13344
 0.47834 0.256965  1.13687  0.47908 0.252939  1.13346
 0.47834 0.256992   1.1369 0.479081 0.252963  1.13349
 0.47834 0.257019  1.13692 0.479082 0.252988  1.13352
 0.47834 0.257046  1.13695 0.479083 0.253013  1.13354
 0.47834 0.257073  1.13698 0.479084 0.253038  1.13357
0.47834  0.2571   1.137 0.479085 0.253062   1.1336
 0.47834 0.257126  1.13703 0.479086 0.253087  1.13362
 0.47834 0.257153  1.13706 0.479087 0.253112  1.13365
0.47834 0.25718 1.13708 0.479088 0.253136  1.13368
 0.47834 0.257207  1.13711 0.479089 0.253161  1.13371
 0.47834 0.257234  1.13714  0.47909 0.253186  1.13373
 0.47834 0.257261  1.13716 0.479091 0.253211  1.13376
 0.47834 0.257287  1.13719 0.479092 0.253235  1.13379
 0.47834 0.257314  1.13722 0.479093  0.25326  1.13381
 0.47834 0.257341  1.13725 0.479094 0.253285  1.13384
 0.47834 0.257368  1.13727 0.479096  0.25331  1.13387
 0.47834 0.257395   1.1373 0.479097 0.253334   1.1339
 0.47834 0.257422  1.13733 0.479098 0.253359  1.13392
 0.47834 0.257448  1.13735 0.479099 0.253384  1.13395
 0.47834 0.257475  1.13738 0.479101 0.253409  1.13398
 0.47834 0.257502  1.13741 0.479102 0.253434    1.134
 0.47834 0.257529  1.13743 0.479103 0.253459  1.13403
 0.47834 0.257556  1.13746 0.479104 0.253484  1.13406
 0.47834 0.257583  1.13749 0.479105 0.253508  1.13408
 0.47834 0.257609  1.13751 0.479107 0.253533  1.13411
 0.47834 0.257636  1.13754 0.479108 0.253558  1.13414
 0.47834 0.257663  1.13757 0.479109 0.253582  1.13416
0.47834 0.25769 1.13759  0.47911 0.253607  1.13419
 0.47834 0.257716  1.13762 0.479112 0.253632  1.13422
 0.47834 0.257743  1.13765 0.479113 0.253657  1.13425
0.47834 0.25777 1.13767 0.479114 0.253682  1.13427
 0.47834 0.257797   1.1377 0.479116 0.253708   1.1343
 0.47834 0.257824  1.13773 0.479117 0.253733  1.13433
0.47834 0.25785 1.13775 0.479118 0.253758  1.13435
 0.47834 0.257877  1.13778  0.47912 0.253783  1.13438
 0.47834 0.257904  1.13781 0.479121 0.253807  1.13441
 0.47834 0.257931  1.13783 0.479122 0.253832  1.13443
 0.47834 0.257957  1.13786 0.479124 0.253857  1.13446
 0.47834 0.257984  1.13789 0.479125 0.253882  1.13449
 0.47834 0.258011  1.13791 0.479126 0.253907  1.13451
 0.47834 0.258038  1.13794 0.479127 0.253932  1.13454
 0.47834 0.258064  1.13797 0.479129 0.253957  1.13457
 0.47834 0.258091  1.13799  0.47913 0.253983   1.1346
 0.47834 0.258118  1.13802 0.479131 0.254008  1.13462
 0.47834 0.258144  1.13805 0.479133 0.254033  1.13465
 0.47834 0.258171  1.13808 0.479134 0.254059  1.13468
 0.47834 0.258198   1.1381 0.479135 0.254084   1.1347
 0.47834 0.258225  1.13813 0.479137  0.25411  1.13473
 0.47834 0.258251  1.13816 0.479138 0.254135  1.13476
 0.47834 0.258278  1.13818 0.479139  0.25416  1.13478
 0.47834 0.258305  1.13821  0.47914 0.254185  1.13481
 0.47834 0.258331  1.13824 0.479142 0.254211  1.13484
 0.47834 0.258358  1.13826 0.479143 0.254236  1.13486
 0.47834 0.258385  1.13829 0.479144 0.254261  1.13489
 0.47834 0.258411  1.13832 0.479146 0.254287  1.13492
 0.47834 0.258438  1.13834 0.479147 0.254312  1.13494
 0.47834 0.258465  1.13837 0.479148 0.254337  1.13497
 0.47834 0.258491   1.1384 0.479149 0.254362    1.135
 0.47834 0.258518  1.13842  0.47915 0.254387  1.13502
 0.47834 0.258545  1.13845 0.479152 0.254413  1.13505
 0.47834 0.258571  1.13848 0.479153 0.254438  1.13508
 0.47834 0.258598   1.1385 0.479154 0.254464   1.1351
 0.47834 0.258625  1.13853 0.479155 0.254489  1.13513
 0.47834 0.258651  1.13856 0.479157 0.254514  1.13516
 0.47834 0.258678  1.13858 0.479158  0.25454  1.13518
 0.47834 0.258705  1.13861 0.479159 0.254566  1.13521
 0.47834 0.258731  1.13864 0.479161 0.254591  1.13524
 0.47834 0.258758  1.13866 0.479162 0.254616  1.13526
 0.47834 0.258785  1.13869 0.479163 0.254641  1.13529
 0.47834 0.258811  1.13872 0.479164 0.254667  1.13532
 0.47834 0.258838  1.13874 0.479165 0.254692  1.13535
 0.47834 0.258864  1.13877 0.479167 0.254717  1.13537
 0.47834 0.258891  1.13879 0.479168 0.254743   1.1354
 0.47834 0.258918  1.13882 0.479169 0.254768  1.13543
 0.47834 0.258944  1.13885  0.47917 0.254794  1.13545
 0.47834 0.258971  1.13887 0.479172 0.254819  1.13548
 0.47834 0.258997   1.1389 0.479173 0.254844  1.13551
 0.47834 0.259024  1.13893 0.479174 0.254869  1.13553
 0.47834 0.259051  1.13895 0.479175 0.254895  1.13556
 0.47834 0.259077  1.13898 0.479177  0.25492  1.13559
 0.47834 0.259104  1.13901 0.479178 0.254945  1.13561
0.47834 0.25913 1.13903 0.479179  0.25497  1.13564
 0.47834 0.259157  1.13906  0.47918 0.254996  1.13567
 0.47834 0.259183  1.13909 0.479181 0.255021  1.13569
0.47834 0.25921 1.13911 0.479183 0.255046  1.13572
 0.47834 0.259237  1.13914 0.479184 0.255072  1.13575
 0.47834 0.259263  1.13917 0.479185 0.255097  1.13577
0.47834 0.25929 1.13919 0.479186 0.255122   1.1358
 0.47834 0.259316  1.13922 0.479187 0.255147  1.13583
 0.47834 0.259343  1.13925 0.479189 0.255172  1.13585
 0.47834 0.259369  1.13927  0.47919 0.255197  1.13588
 0.47834 0.259396   1.1393 0.479191 0.255222  1.13591
 0.47834 0.259422  1.13933 0.479192 0.255247  1.13593
 0.47834 0.259449  1.13935 0.479193 0.255272  1.13596
 0.47834 0.259475  1.13938 0.479195 0.255297  1.13598
 0.47834 0.259502  1.13941 0.479196 0.255323  1.13601
 0.47834 0.259528  1.13943 0.479197 0.255348  1.13604
 0.47834 0.259555  1.13946 0.479198 0.255373  1.13606
 0.47834 0.259581  1.13949   0.4792 0.255398  1.13609
 0.47834 0.259608  1.13951 0.479201 0.255423  1.13612
 0.47834 0.259634  1.13954 0.479202 0.255448  1.13614
 0.47834 0.259661  1.13956 0.479203 0.255473  1.13617
 0.47834 0.259687  1.13959 0.479204 0.255498   1.1362
 0.47834 0.259714  1.13962 0.479205 0.255523  1.13622
0.47834 0.25974 1.13964 0.479207 0.255548  1.13625
 0.47834 0.259767  1.13967 0.479208 0.255573  1.13628
 0.47834 0.259793   1.1397 0.479209 0.255598   1.1363
0.47834 0.25982 1.13972  0.47921 0.255623  1.13633
 0.47834 0.259846  1.13975 0.479211 0.255648  1.13636
 0.47834 0.259873  1.13978 0.479212 0.255673  1.13638
 0.47834 0.259899   1.1398 0.479214 0.255698  1.13641
 0.47834 0.259925  1.13983 0.479215 0.255723  1.13644
 0.47834 0.259952  1.13986 0.479216 0.255748  1.13646
 0.47834 0.259978  1.13988 0.479217 0.255772  1.13649
 0.47834 0.260005  1.13991 0.479218 0.255797  1.13652
 0.47834 0.260031  1.13994 0.479219 0.255822  1.13654
 0.47834 0.260058  1.13996  0.47922 0.255847  1.13657
 0.47834 0.260084  1.13999 0.479222 0.255872   1.1366
 0.47834 0.260111  1.14001 0.479223 0.255897  1.13662
 0.47834 0.260137  1.14004 0.479224 0.255922  1.13665
 0.47834 0.260163  1.14007 0.479225 0.255947  1.13667
0.47834 0.26019 1.14009 0.479226 0.255972   1.1367
 0.47834 0.260216  1.14012 0.479227 0.255997  1.13673
 0.47834 0.260243  1.14015 0.479228 0.256021  1.13675
 0.47834 0.260269  1.14017 0.479229 0.256046  1.13678
 0.47834 0.260295   1.1402 0.479231 0.256071  1.13681
 0.47834 0.260322  1.14023 0.479232 0.256096  1.13683
 0.47834 0.260348  1.14025 0.479233  0.25612  1.13686
 0.47834 0.260374  1.14028 0.479234 0.256145  1.13689
 0.47834 0.260401   1.1403 0.479235  0.25617  1.13691
 0.47834 0.260427  1.14033 0.479236 0.256195  1.13694
 0.47834 0.260454  1.14036 0.479237  0.25622  1.13697
0.47834 0.26048 1.14038 0.479239 0.256245  1.13699
 0.47834 0.260506  1.14041 0.47924 0.25627 1.13702
 0.47834 0.260533  1.14044 0.479241 0.256294  1.13704
 0.47834 0.260559  1.14046 0.479242 0.256319  1.13707
 0.47834 0.260585  1.14049 0.479243 0.256343   1.1371
 0.47834 0.260612  1.14052 0.479244 0.256368  1.13712
 0.47834 0.260638  1.14054 0.479245 0.256393  1.13715
 0.47834 0.260664  1.14057 0.479246 0.256418  1.13718
 0.47834 0.260691  1.14059 0.479247 0.256442   1.1372
 0.47834 0.260717  1.14062 0.479248 0.256467  1.13723
 0.47834 0.260743  1.14065 0.479249 0.256492  1.13726
0.47834 0.26077 1.14067  0.47925 0.256517  1.13728
 0.47834 0.260796   1.1407 0.479251 0.256542  1.13731
 0.47834 0.260822  1.14073 0.479252 0.256566  1.13733
 0.47834 0.260849  1.14075 0.479254 0.256591  1.13736
 0.47834 0.260875  1.14078 0.479255 0.256615  1.13739
 0.47834 0.260901  1.14081 0.479256  0.25664  1.13741
 0.47834 0.260927  1.14083 0.479257 0.256664  1.13744
 0.47834 0.260954  1.14086 0.479258 0.256689  1.13747
0.47834 0.26098 1.14088 0.479259 0.256714  1.13749
 0.47834 0.261006  1.14091  0.47926 0.256739  1.13752
 0.47834 0.261033  1.14094 0.479261 0.256763  1.13754
 0.47834 0.261059  1.14096 0.479262 0.256788  1.13757
 0.47834 0.261085  1.14099 0.479263 0.256813   1.1376
 0.47834 0.261111  1.14102 0.479264 0.256838  1.13762
 0.47834 0.261138  1.14104 0.479265 0.256863  1.13765
 0.47834 0.261164  1.14107 0.479266 0.256887  1.13768
0.47834 0.26119 1.14109 0.479267 0.256912   1.1377
 0.47834 0.261216  1.14112 0.479268 0.256936  1.13773
 0.47834 0.261243  1.14115 0.479269 0.256961  1.13775
 0.47834 0.261269  1.14117  0.47927 0.256986  1.13778
 0.47834 0.261295   1.1412 0.479271  0.25701  1.13781
 0.47834 0.261321  1.14123 0.479272 0.257035  1.13783
 0.47834 0.261347  1.14125 0.479273  0.25706  1.13786
 0.47834 0.261374  1.14128 0.479274 0.257085  1.13789
0.47834  0.2614  1.1413 0.479275  0.25711  1.13791
 0.47834 0.261426  1.14133 0.479277 0.257134  1.13794
 0.47834 0.261452  1.14136 0.479278 0.257159  1.13796
 0.47834 0.261479  1.14138 0.479279 0.257184  1.13799
 0.47834 0.261505  1.14141 0.479279 0.257208  1.13802
 0.47834 0.261531  1.14143  0.47928 0.257233  1.13804
 0.47834 0.261557  1.14146 0.479281 0.257257  1.13807
 0.47834 0.261583  1.14149 0.479282 0.257282   1.1381
 0.47834 0.261609  1.14151 0.479283 0.257307  1.13812
 0.47834 0.261636  1.14154 0.479284 0.257332  1.13815
 0.47834 0.261662  1.14157 0.479285 0.257356  1.13817
 0.47834 0.261688  1.14159 0.479286 0.257381   1.1382
 0.47834 0.261714  1.14162 0.479288 0.257406  1.13823
0.47834 0.26174 1.14164 0.479289 0.257431  1.13825
 0.47834 0.261766  1.14167  0.47929 0.257456  1.13828
 0.47834 0.261793   1.1417 0.47929 0.25748  1.1383
 0.47834 0.261819  1.14172 0.479291 0.257505  1.13833
 0.47834 0.261845  1.14175 0.479292 0.257529  1.13836
 0.47834 0.261871  1.14177 0.479293 0.257554  1.13838
 0.47834 0.261897   1.1418 0.479294 0.257579  1.13841
 0.47834 0.261923  1.14183 0.479295 0.257604  1.13844
 0.47834 0.261949  1.14185 0.479296 0.257628  1.13846
 0.47834 0.261976  1.14188 0.479297 0.257653  1.13849
 0.47834 0.262002  1.14191 0.479298 0.257678  1.13851
 0.47834 0.262028  1.14193 0.479299 0.257703  1.13854
 0.47834 0.262054  1.14196   0.4793 0.257728  1.13857
0.47834 0.26208 1.14198 0.479301 0.257753  1.13859
 0.47834 0.262106  1.14201 0.479302 0.257777  1.13862
 0.47834 0.262132  1.14204 0.479303 0.257802  1.13864
 0.47834 0.262158  1.14206 0.479304 0.257826  1.13867
 0.47834 0.262184  1.14209 0.479305 0.257851   1.1387
0.47834 0.26221 1.14211 0.479306 0.257876  1.13872
 0.47834 0.262236  1.14214 0.479307 0.257901  1.13875
 0.47834 0.262263  1.14217 0.479308 0.257925  1.13877
 0.47834 0.262289  1.14219 0.479309  0.25795   1.1388
 0.47834 0.262315  1.14222  0.47931 0.257975  1.13883
 0.47834 0.262341  1.14224 0.479311    0.258  1.13885
 0.47834 0.262367  1.14227 0.479312 0.258025  1.13888
 0.47834 0.262393   1.1423 0.479313  0.25805   1.1389
 0.47834 0.262419  1.14232 0.479313 0.258074  1.13893
 0.47834 0.262445  1.14235 0.479314 0.258099  1.13896
 0.47834 0.262471  1.14237 0.479315 0.258124  1.13898
 0.47834 0.262497   1.1424 0.479316 0.258148  1.13901
 0.47834 0.262523  1.14243 0.479317 0.258173  1.13904
 0.47834 0.262549  1.14245 0.479318 0.258198  1.13906
 0.47834 0.262575  1.14248 0.479319 0.258223  1.13909
 0.47834 0.262601   1.1425  0.47932 0.258248  1.13911
 0.47834 0.262627  1.14253 0.479321 0.258272  1.13914
 0.47834 0.262653  1.14256 0.479322 0.258297  1.13916
 0.47834 0.262679  1.14258 0.479323 0.258322  1.13919
 0.47834 0.262705  1.14261 0.479324 0.258347  1.13922
 0.47834 0.262731  1.14263 0.479325 0.258372  1.13924
 0.47834 0.262757  1.14266 0.479326 0.258397  1.13927
 0.47834 0.262783  1.14269 0.479326 0.258421  1.13929
 0.47834 0.262809  1.14271 0.479327 0.258446  1.13932
 0.47834 0.262835  1.14274 0.479328 0.258471  1.13935
 0.47834 0.262861  1.14276 0.479329 0.258496  1.13937
 0.47834 0.262887  1.14279  0.47933 0.258521   1.1394
 0.47834 0.262913  1.14282 0.479331 0.258545  1.13942
 0.47834 0.262939  1.14284 0.479332  0.25857  1.13945
 0.47834 0.262965  1.14287 0.479333 0.258595  1.13948
 0.47834 0.262991  1.14289 0.479334  0.25862   1.1395
 0.47834 0.263017  1.14292 0.479335 0.258645  1.13953
 0.47834 0.263043  1.14295 0.479336  0.25867  1.13955
 0.47834 0.263069  1.14297 0.479337 0.258694  1.13958
 0.47834 0.263094    1.143 0.479337 0.258719  1.13961
0.47834 0.26312 1.14302 0.479338 0.258744  1.13963
 0.47834 0.263146  1.14305 0.479339 0.258769  1.13966
 0.47834 0.263172  1.14308  0.47934 0.258794  1.13968
 0.47834 0.263198   1.1431 0.479341 0.258818  1.13971
 0.47834 0.263224  1.14313 0.479342 0.258843  1.13974
0.47834 0.26325 1.14315 0.479343 0.258868  1.13976
 0.47834 0.263276  1.14318 0.479344 0.258893  1.13979
 0.47834 0.263302  1.14321 0.479345 0.258918  1.13981
 0.47834 0.263328  1.14323 0.479345 0.258943  1.13984
 0.47834 0.263354  1.14326 0.479346 0.258967  1.13987
 0.47834 0.263379  1.14328 0.479347 0.258992  1.13989
 0.47834 0.263405  1.14331 0.479348 0.259017  1.13992
 0.47834 0.263431  1.14334 0.479349 0.259041  1.13994
 0.47834 0.263457  1.14336  0.47935 0.259066  1.13997
 0.47834 0.263483  1.14339 0.479351 0.259091  1.13999
 0.47834 0.263509  1.14341 0.479352 0.259116  1.14002
 0.47834 0.263535  1.14344 0.479352 0.259141  1.14005
0.47834 0.26356 1.14346 0.479353 0.259166  1.14007
 0.47834 0.263586  1.14349 0.479354 0.259191   1.1401
 0.47834 0.263612  1.14352 0.479355 0.259216  1.14012
 0.47834 0.263638  1.14354 0.479356  0.25924  1.14015
 0.47834 0.263664  1.14357 0.479357 0.259265  1.14018
0.47834 0.26369 1.14359 0.479358  0.25929   1.1402
 0.47834 0.263715  1.14362 0.479358 0.259314  1.14023
 0.47834 0.263741  1.14365 0.479359 0.259339  1.14025
 0.47834 0.263767  1.14367  0.47936 0.259364  1.14028
 0.47834 0.263793   1.1437 0.479361 0.259389  1.14031
 0.47834 0.263819  1.14372 0.479362 0.259414  1.14033
 0.47834 0.263845  1.14375 0.479363 0.259439  1.14036
0.47834 0.26387 1.14377 0.479364 0.259463  1.14038
 0.47834 0.263896   1.1438 0.479364 0.259488  1.14041
 0.47834 0.263922  1.14383 0.479365 0.259513  1.14043
 0.47834 0.263948  1.14385 0.479366 0.259538  1.14046
 0.47834 0.263973  1.14388 0.479367 0.259562  1.14049
 0.47834 0.263999   1.1439 0.479368 0.259587  1.14051
 0.47834 0.264025  1.14393 0.479369 0.259612  1.14054
 0.47834 0.264051  1.14395 0.479369 0.259637  1.14056
 0.47834 0.264077  1.14398  0.47937 0.259662  1.14059
 0.47834 0.264102  1.14401 0.479371 0.259687  1.14061
 0.47834 0.264128  1.14403 0.479372 0.259711  1.14064
 0.47834 0.264154  1.14406 0.479373 0.259736  1.14067
0.47834 0.26418 1.14408 0.479374 0.259761  1.14069
 0.47834 0.264205  1.14411 0.479374 0.259786  1.14072
 0.47834 0.264231  1.14413 0.479375  0.25981  1.14074
 0.47834 0.264257  1.14416 0.479376 0.259835  1.14077
 0.47834 0.264282  1.14419 0.479377  0.25986   1.1408
 0.47834 0.264308  1.14421 0.479378 0.259885  1.14082
 0.47834 0.264334  1.14424 0.479379  0.25991  1.14085
0.47834 0.26436 1.14426 0.479379 0.259934  1.14087
 0.47834 0.264385  1.14429  0.47938 0.259959   1.1409
 0.47834 0.264411  1.14431 0.479381 0.259984  1.14092
 0.47834 0.264437  1.14434 0.479382 0.260009  1.14095
 0.47834 0.264462  1.14437 0.479383 0.260033  1.14098
 0.47834 0.264488  1.14439 0.479383 0.260058    1.141
 0.47834 0.264514  1.14442 0.479384 0.260082  1.14103
 0.47834 0.264539  1.14444 0.479385 0.260107  1.14105
 0.47834 0.264565  1.14447 0.479386 0.260132  1.14108
 0.47834 0.264591  1.14449 0.479387 0.260157   1.1411
 0.47834 0.264616  1.14452 0.479388 0.260181  1.14113
 0.47834 0.264642  1.14455 0.479388 0.260206  1.14116
 0.47834 0.264668  1.14457 0.479389 0.260231  1.14118
 0.47834 0.264693   1.1446  0.47939 0.260256  1.14121
 0.47834 0.264719  1.14462 0.479391 0.260281  1.14123
 0.47834 0.264745  1.14465 0.479392 0.260306  1.14126
0.47834 0.26477 1.14467 0.479393  0.26033  1.14128
 0.47834 0.264796   1.1447 0.479394 0.260355  1.14131
 0.47834 0.264822  1.14473 0.479394  0.26038  1.14134
 0.47834 0.264847  1.14475 0.479395 0.260404  1.14136
 0.47834 0.264873  1.14478 0.479396 0.260429  1.14139
 0.47834 0.264899   1.1448 0.479397 0.260454  1.14141
 0.47834 0.264924  1.14483 0.479398 0.260479  1.14144
0.47834 0.26495 1.14485 0.479398 0.260503  1.14146
 0.47834 0.264975  1.14488 0.479399 0.260528  1.14149
 0.47834 0.265001   1.1449   0.4794 0.260552  1.14151
 0.47834 0.265027  1.14493 0.479401 0.260577  1.14154
 0.47834 0.265052  1.14496 0.479402 0.260602  1.14157
 0.47834 0.265078  1.14498 0.479403 0.260626  1.14159
 0.47834 0.265103  1.14501 0.479403 0.260651  1.14162
 0.47834 0.265129  1.14503 0.479404 0.260676  1.14164
 0.47834 0.265154  1.14506 0.479405 0.260701  1.14167
0.47834 0.26518 1.14508 0.479406 0.260726  1.14169
 0.47834 0.265206  1.14511 0.479407 0.260751  1.14172
 0.47834 0.265231  1.14514 0.479407 0.260776  1.14175
 0.47834 0.265257  1.14516 0.479408   0.2608  1.14177
 0.47834 0.265282  1.14519 0.479409 0.260825   1.1418
 0.47834 0.265308  1.14521 0.47941 0.26085 1.14182
 0.47834 0.265333  1.14524 0.479411 0.260874  1.14185
 0.47834 0.265359  1.14526 0.479411 0.260899  1.14187
 0.47834 0.265384  1.14529 0.479412 0.260924   1.1419
0.47834 0.26541 1.14531 0.479413 0.260949  1.14192
 0.47834 0.265435  1.14534 0.479414 0.260974  1.14195
 0.47834 0.265461  1.14536 0.479415 0.260998  1.14198
 0.47834 0.265486  1.14539 0.479415 0.261023    1.142
 0.47834 0.265512  1.14542 0.479416 0.261048  1.14203
 0.47834 0.265537  1.14544 0.479417 0.261073  1.14205
 0.47834 0.265563  1.14547 0.479418 0.261098  1.14208
 0.47834 0.265588  1.14549 0.479419 0.261122   1.1421
 0.47834 0.265614  1.14552 0.479419 0.261147  1.14213
 0.47834 0.265639  1.14554  0.47942 0.261172  1.14215
 0.47834 0.265665  1.14557 0.479421 0.261197  1.14218
0.47834 0.26569 1.14559 0.479422 0.261221   1.1422
 0.47834 0.265716  1.14562 0.479423 0.261246  1.14223
 0.47834 0.265741  1.14565 0.479424 0.261271  1.14226
 0.47834 0.265767  1.14567 0.479424 0.261296  1.14228
 0.47834 0.265792   1.1457 0.479425 0.261321  1.14231
 0.47834 0.265818  1.14572 0.479426 0.261345  1.14233
 0.47834 0.265843  1.14575 0.479427  0.26137  1.14236
 0.47834 0.265868  1.14577 0.479428 0.261395  1.14238
 0.47834 0.265894   1.1458 0.479429  0.26142  1.14241
 0.47834 0.265919  1.14582  0.47943 0.261445  1.14243
 0.47834 0.265945  1.14585  0.47943 0.261469  1.14246
0.47834 0.26597 1.14587 0.479431 0.261494  1.14248
 0.47834 0.265996   1.1459 0.479432 0.261518  1.14251
 0.47834 0.266021  1.14592 0.479433 0.261543  1.14254
 0.47834 0.266046  1.14595 0.479434 0.261568  1.14256
 0.47834 0.266072  1.14598 0.479435 0.261593  1.14259
 0.47834 0.266097    1.146 0.479435 0.261618  1.14261
 0.47834 0.266123  1.14603 0.479436 0.261642  1.14264
 0.47834 0.266148  1.14605 0.479437 0.261667  1.14266
 0.47834 0.266173  1.14608 0.479438 0.261692  1.14269
 0.47834 0.266199   1.1461 0.479439 0.261718  1.14271
 0.47834 0.266224  1.14613  0.47944 0.261743  1.14274
 0.47834 0.266249  1.14615  0.47944 0.261768  1.14276
 0.47834 0.266275  1.14618 0.479441 0.261793  1.14279
0.47834  0.2663  1.1462 0.479442 0.261817  1.14281
 0.47834 0.266326  1.14623 0.479443 0.261842  1.14284
 0.47834 0.266351  1.14625 0.479444 0.261866  1.14286
 0.47834 0.266376  1.14628 0.479444 0.261891  1.14289
 0.47834 0.266402  1.14631 0.479445 0.261915  1.14291
 0.47834 0.266427  1.14633 0.479446  0.26194  1.14294
 0.47834 0.266452  1.14636 0.479447 0.261965  1.14297
 0.47834 0.266478  1.14638 0.479447 0.261989  1.14299
 0.47834 0.266503  1.14641 0.479448 0.262014  1.14302
 0.47834 0.266528  1.14643 0.479449 0.262039  1.14304
 0.47834 0.266554  1.14646  0.47945 0.262064  1.14307
 0.47834 0.266579  1.14648  0.47945 0.262089  1.14309
 0.47834 0.266604  1.14651 0.479451 0.262114  1.14312
 0.47834 0.266629  1.14653 0.479452 0.262139  1.14314
 0.47834 0.266655  1.14656 0.479452 0.262164  1.14317
0.47834 0.26668 1.14658 0.479453 0.262189  1.14319
 0.47834 0.266705  1.14661 0.479454 0.262214  1.14322
 0.47834 0.266731  1.14663 0.479455 0.262239  1.14324
 0.47834 0.266756  1.14666 0.479455 0.262265  1.14327
 0.47834 0.266781  1.14669 0.479456  0.26229  1.14329
 0.47834 0.266806  1.14671 0.479457 0.262315  1.14332
 0.47834 0.266832  1.14674 0.479457  0.26234  1.14334
 0.47834 0.266857  1.14676 0.479458 0.262365  1.14337
 0.47834 0.266882  1.14679 0.479459  0.26239  1.14339
 0.47834 0.266907  1.14681 0.479459 0.262414  1.14342
 0.47834 0.266933  1.14684  0.47946 0.262438  1.14344
 0.47834 0.266958  1.14686 0.479461 0.262463  1.14347
 0.47834 0.266983  1.14689 0.479461 0.262487  1.14349
 0.47834 0.267008  1.14691 0.479462 0.262511  1.14352
 0.47834 0.267034  1.14694 0.479463 0.262536  1.14355
 0.47834 0.267059  1.14696 0.479463  0.26256  1.14357
 0.47834 0.267084  1.14699 0.479464 0.262585   1.1436
 0.47834 0.267109  1.14701 0.479465 0.262609  1.14362
 0.47834 0.267134  1.14704 0.479465 0.262634  1.14365
0.47834 0.26716 1.14706 0.479466 0.262659  1.14367
 0.47834 0.267185  1.14709 0.479467 0.262683   1.1437
0.47834 0.26721 1.14711 0.479467 0.262708  1.14372
 0.47834 0.267235  1.14714 0.479468 0.262733  1.14375
0.47834 0.26726 1.14716 0.479468 0.262758  1.14377
 0.47834 0.267286  1.14719 0.479469 0.262783   1.1438
 0.47834 0.267311  1.14721  0.47947 0.262807  1.14382
 0.47834 0.267336  1.14724  0.47947 0.262832  1.14385
 0.47834 0.267361  1.14726 0.479471 0.262857  1.14387
 0.47834 0.267386  1.14729 0.479472 0.262882   1.1439
 0.47834 0.267411  1.14732 0.479472 0.262908  1.14392
 0.47834 0.267436  1.14734 0.479473 0.262933  1.14395
 0.47834 0.267462  1.14737 0.479473 0.262958  1.14397
 0.47834 0.267487  1.14739 0.479474 0.262983    1.144
 0.47834 0.267512  1.14742 0.479475 0.263008  1.14402
 0.47834 0.267537  1.14744 0.479475 0.263033  1.14405
 0.47834 0.267562  1.14747 0.479476 0.263058  1.14407
 0.47834 0.267587  1.14749 0.479476 0.263082   1.1441
 0.47834 0.267612  1.14752 0.479477 0.263107  1.14412
 0.47834 0.267637  1.14754 0.479478 0.263131  1.14415
 0.47834 0.267663  1.14757 0.479478 0.263155  1.14417
 0.47834 0.267688  1.14759 0.479479 0.263179   1.1442
 0.47834 0.267713  1.14762 0.479479 0.263204  1.14422
 0.47834 0.267738  1.14764  0.47948 0.263228  1.14425
 0.47834 0.267763  1.14767  0.47948 0.263253  1.14427
 0.47834 0.267788  1.14769 0.479481 0.263277   1.1443
 0.47834 0.267813  1.14772 0.479482 0.263302  1.14432
 0.47834 0.267838  1.14774 0.479482 0.263326  1.14435
 0.47834 0.267863  1.14777 0.479483 0.263351  1.14437
 0.47834 0.267888  1.14779 0.479483 0.263375   1.1444
 0.47834 0.267913  1.14782 0.479484   0.2634  1.14442
 0.47834 0.267938  1.14784 0.479484 0.263425  1.14445
 0.47834 0.267963  1.14787 0.479485  0.26345  1.14447
 0.47834 0.267988  1.14789 0.479486 0.263475   1.1445
 0.47834 0.268013  1.14792 0.479486   0.2635  1.14452
 0.47834 0.268038  1.14794 0.479487 0.263524  1.14455
 0.47834 0.268064  1.14797 0.479487 0.263549  1.14457
 0.47834 0.268089  1.14799 0.479488 0.263575   1.1446
 0.47834 0.268114  1.14802 0.479488   0.2636  1.14462
 0.47834 0.268139  1.14804 0.479489 0.263625  1.14465
 0.47834 0.268164  1.14807 0.479489 0.263649  1.14467
 0.47834 0.268189  1.14809  0.47949 0.263673   1.1447
 0.47834 0.268214  1.14812 0.479491 0.263698  1.14472
 0.47834 0.268239  1.14814 0.479491 0.263722  1.14475
 0.47834 0.268264  1.14817 0.479492 0.263747  1.14477
 0.47834 0.268288  1.14819 0.479492 0.263771   1.1448
 0.47834 0.268313  1.14822 0.479493 0.263796  1.14482
 0.47834 0.268338  1.14824 0.479493  0.26382  1.14485
 0.47834 0.268363  1.14827 0.479494 0.263845  1.14487
 0.47834 0.268388  1.14829 0.479494  0.26387   1.1449
 0.47834 0.268413  1.14832 0.479495 0.263894  1.14492
 0.47834 0.268438  1.14834 0.479495 0.263919  1.14495
 0.47834 0.268463  1.14837 0.479496 0.263944  1.14497
 0.47834 0.268488  1.14839 0.479496 0.263969    1.145
 0.47834 0.268513  1.14842 0.479497 0.263994  1.14502
 0.47834 0.268538  1.14844 0.479498 0.264019  1.14505
 0.47834 0.268563  1.14847 0.479498 0.264044  1.14507
 0.47834 0.268588  1.14849 0.479499 0.264069   1.1451
 0.47834 0.268613  1.14852 0.479499 0.264093  1.14512
 0.47834 0.268638  1.14854   0.4795 0.264118  1.14515
 0.47834 0.268663  1.14857   0.4795 0.264142  1.14517
 0.47834 0.268687  1.14859 0.479501 0.264166   1.1452
 0.47834 0.268712  1.14862 0.479501 0.264191  1.14522
 0.47834 0.268737  1.14864 0.479502 0.264215  1.14525
 0.47834 0.268762  1.14867 0.479502  0.26424  1.14527
 0.47834 0.268787  1.14869 0.479503 0.264264   1.1453
 0.47834 0.268812  1.14872 0.479503 0.264289  1.14532
 0.47834 0.268837  1.14874 0.479504 0.264313  1.14535
 0.47834 0.268862  1.14877 0.479504 0.264338  1.14537
 0.47834 0.268887  1.14879 0.479505 0.264363   1.1454
 0.47834 0.268911  1.14882 0.479505 0.264388  1.14542
 0.47834 0.268936  1.14884 0.479506 0.264413  1.14545
 0.47834 0.268961  1.14887 0.479506 0.264438  1.14547
 0.47834 0.268986  1.14889 0.479507 0.264463   1.1455
 0.47834 0.269011  1.14891 0.479508 0.264488  1.14552
 0.47834 0.269036  1.14894 0.479508 0.264513  1.14555
0.47834 0.26906 1.14896 0.479509 0.264538  1.14557
 0.47834 0.269085  1.14899 0.479509 0.264562   1.1456
0.47834 0.26911 1.14901  0.47951 0.264587  1.14562
 0.47834 0.269135  1.14904  0.47951 0.264611  1.14565
0.47834 0.26916 1.14906 0.479511 0.264635  1.14567
 0.47834 0.269184  1.14909 0.479511 0.264659   1.1457
 0.47834 0.269209  1.14911 0.479512 0.264683  1.14572
 0.47834 0.269234  1.14914 0.479512 0.264707  1.14575
 0.47834 0.269259  1.14916 0.479513 0.264732  1.14577
 0.47834 0.269284  1.14919 0.479513 0.264756  1.14579
 0.47834 0.269308  1.14921 0.479514  0.26478  1.14582
 0.47834 0.269333  1.14924 0.479514 0.264805  1.14584
 0.47834 0.269358  1.14926 0.479515 0.264829  1.14587
 0.47834 0.269383  1.14929 0.479515 0.264854  1.14589
 0.47834 0.269407  1.14931 0.479516 0.264879  1.14592
 0.47834 0.269432  1.14934 0.479516 0.264903  1.14594
 0.47834 0.269457  1.14936 0.479517 0.264928  1.14597
 0.47834 0.269482  1.14939 0.479517 0.264953  1.14599
 0.47834 0.269506  1.14941 0.479518 0.264978  1.14602
 0.47834 0.269531  1.14944 0.479518 0.265003  1.14604
 0.47834 0.269556  1.14946 0.479519 0.265028  1.14607
 0.47834 0.269581  1.14948 0.479519 0.265053  1.14609
 0.47834 0.269605  1.14951  0.47952 0.265078  1.14612
0.47834 0.26963 1.14953  0.47952 0.265103  1.14614
 0.47834 0.269655  1.14956 0.479521 0.265128  1.14616
 0.47834 0.269679  1.14958 0.479521 0.265153  1.14619
 0.47834 0.269704  1.14961 0.479522 0.265178  1.14621
 0.47834 0.269729  1.14963 0.479522 0.265202  1.14624
 0.47834 0.269753  1.14966 0.479523 0.265226  1.14626
 0.47834 0.269778  1.14968 0.479523  0.26525  1.14629
 0.47834 0.269803  1.14971 0.479524 0.265275  1.14631
 0.47834 0.269828  1.14973 0.479524 0.265299  1.14634
 0.47834 0.269852  1.14976 0.479525 0.265324  1.14636
 0.47834 0.269877  1.14978 0.479525 0.265348  1.14639
 0.47834 0.269901  1.14981 0.479526 0.265373  1.14641
 0.47834 0.269926  1.14983 0.479526 0.265398  1.14644
 0.47834 0.269951  1.14985 0.479526 0.265423  1.14646
 0.47834 0.269975  1.14988 0.479527 0.265447  1.14649
0.47834    0.27  1.1499 0.479527 0.265472  1.14651
 0.47834 0.270025  1.14993 0.479528 0.265497  1.14653
 0.47834 0.270049  1.14995 0.479528 0.265522  1.14656
 0.47834 0.270074  1.14998 0.479529 0.265547  1.14658
 0.47834 0.270099     1.15 0.479529 0.265573  1.14661
 0.47834 0.270123  1.15003  0.47953 0.265598  1.14663
 0.47834 0.270148  1.15005  0.47953 0.265622  1.14666
 0.47834 0.270172  1.15008 0.479531 0.265647  1.14668
 0.47834 0.270197   1.1501 0.479531 0.265671  1.14671
 0.47834 0.270222  1.15013 0.479532 0.265696  1.14673
 0.47834 0.270246  1.15015 0.479532  0.26572  1.14676
 0.47834 0.270271  1.15017 0.479533 0.265745  1.14678
 0.47834 0.270295   1.1502 0.479533  0.26577   1.1468
0.47834 0.27032 1.15022 0.479534 0.265794  1.14683
 0.47834 0.270344  1.15025 0.479534 0.265819  1.14685
 0.47834 0.270369  1.15027 0.479534 0.265844  1.14688
 0.47834 0.270394   1.1503 0.479535 0.265869   1.1469
 0.47834 0.270418  1.15032 0.479535 0.265894  1.14693
 0.47834 0.270443  1.15035 0.479536 0.265919  1.14695
 0.47834 0.270467  1.15037 0.479536 0.265944  1.14698
 0.47834 0.270492   1.1504 0.479537 0.265968    1.147
 0.47834 0.270516  1.15042 0.479537 0.265993  1.14702
 0.47834 0.270541  1.15044 0.479538 0.266018  1.14705
 0.47834 0.270565  1.15047 0.479538 0.266043  1.14707
0.47834 0.27059 1.15049 0.479539 0.266068   1.1471
 0.47834 0.270614  1.15052 0.479539 0.266092  1.14712
 0.47834 0.270639  1.15054  0.47954 0.266117  1.14715
 0.47834 0.270663  1.15057  0.47954 0.266142  1.14717
 0.47834 0.270688  1.15059  0.47954 0.266166   1.1472
 0.47834 0.270712  1.15062 0.479541 0.266191  1.14722
 0.47834 0.270737  1.15064 0.479541 0.266215  1.14724
 0.47834 0.270761  1.15067 0.479542  0.26624  1.14727
 0.47834 0.270786  1.15069 0.479542 0.266265  1.14729
0.47834 0.27081 1.15071 0.479543  0.26629  1.14732
 0.47834 0.270835  1.15074 0.479543 0.266315  1.14734
 0.47834 0.270859  1.15076 0.479544  0.26634  1.14737
 0.47834 0.270884  1.15079 0.479544 0.266364  1.14739
 0.47834 0.270908  1.15081 0.479545 0.266389  1.14741
 0.47834 0.270932  1.15084 0.479545 0.266413  1.14744
 0.47834 0.270957  1.15086 0.479545 0.266438  1.14746
 0.47834 0.270981  1.15089 0.479546 0.266463  1.14749
 0.47834 0.271006  1.15091 0.479546 0.266488  1.14751
0.47834 0.27103 1.15093 0.479547 0.266512  1.14754
 0.47834 0.271055  1.15096 0.479547 0.266537  1.14756
 0.47834 0.271079  1.15098 0.479548 0.266562  1.14758
 0.47834 0.271103  1.15101 0.479548 0.266587  1.14761
 0.47834 0.271128  1.15103 0.479549 0.266611  1.14763
 0.47834 0.271152  1.15106 0.479549 0.266636  1.14766
 0.47834 0.271177  1.15108 0.479549  0.26666  1.14768
 0.47834 0.271201   1.1511  0.47955 0.266684  1.14771
 0.47834 0.271225  1.15113  0.47955 0.266709  1.14773
0.47834 0.27125 1.15115 0.479551 0.266733  1.14775
 0.47834 0.271274  1.15118 0.479551 0.266758  1.14778
 0.47834 0.271298   1.1512 0.479552 0.266783   1.1478
 0.47834 0.271323  1.15123 0.479552 0.266807  1.14783
 0.47834 0.271347  1.15125 0.479552 0.266832  1.14785
 0.47834 0.271371  1.15128 0.479553 0.266857  1.14788
 0.47834 0.271396   1.1513 0.479553 0.266882   1.1479
0.47834 0.27142 1.15132 0.479554 0.266907  1.14792
 0.47834 0.271444  1.15135 0.479554 0.266932  1.14795
 0.47834 0.271469  1.15137 0.479554 0.266957  1.14797
 0.47834 0.271493   1.1514 0.479555 0.266981    1.148
 0.47834 0.271517  1.15142 0.479555 0.267005  1.14802
 0.47834 0.271542  1.15145 0.479556  0.26703  1.14804
 0.47834 0.271566  1.15147 0.479556 0.267054  1.14807
0.47834 0.27159 1.15149 0.479557 0.267079  1.14809
 0.47834 0.271615  1.15152 0.479557 0.267104  1.14812
 0.47834 0.271639  1.15154 0.479557 0.267129  1.14814
 0.47834 0.271663  1.15157 0.479558 0.267153  1.14816
 0.47834 0.271687  1.15159 0.479558 0.267178  1.14819
 0.47834 0.271712  1.15162 0.479559 0.267202  1.14821
 0.47834 0.271736  1.15164 0.479559 0.267227  1.14824
0.47834 0.27176 1.15166  0.47956 0.267252  1.14826
 0.47834 0.271785  1.15169  0.47956 0.267276  1.14828
 0.47834 0.271809  1.15171  0.47956 0.267301  1.14831
 0.47834 0.271833  1.15174 0.479561 0.267326  1.14833
 0.47834 0.271857  1.15176 0.479561  0.26735  1.14836
 0.47834 0.271882  1.15179 0.479562 0.267375  1.14838
 0.47834 0.271906  1.15181 0.479562 0.267399   1.1484
0.47834 0.27193 1.15183 0.479562 0.267424  1.14843
 0.47834 0.271954  1.15186 0.479563 0.267448  1.14845
 0.47834 0.271978  1.15188 0.479563 0.267473  1.14848
 0.47834 0.272003  1.15191 0.479564 0.267498   1.1485
 0.47834 0.272027  1.15193 0.479564 0.267523  1.14852
 0.47834 0.272051  1.15195 0.479564 0.267547  1.14855
 0.47834 0.272075  1.15198 0.479565 0.267571  1.14857
 0.47834 0.272099    1.152 0.479565 0.267596   1.1486
 0.47834 0.272124  1.15203 0.479566  0.26762  1.14862
 0.47834 0.272148  1.15205 0.479566 0.267645  1.14864
 0.47834 0.272172  1.15208 0.479567  0.26767  1.14867
 0.47834 0.272196   1.1521 0.479567 0.267695  1.14869
0.47834 0.27222 1.15212 0.479567 0.267719  1.14872
 0.47834 0.272244  1.15215 0.479568 0.267744  1.14874
 0.47834 0.272269  1.15217 0.479568 0.267768  1.14876
 0.47834 0.272293   1.1522 0.479569 0.267792  1.14879
 0.47834 0.272317  1.15222 0.479569 0.267817  1.14881
 0.47834 0.272341  1.15224 0.479569 0.267841  1.14884
 0.47834 0.272365  1.15227  0.47957 0.267866  1.14886
 0.47834 0.272389  1.15229  0.47957 0.267891  1.14888
 0.47834 0.272413  1.15232 0.479571 0.267915  1.14891
 0.47834 0.272438  1.15234 0.479571  0.26794  1.14893
 0.47834 0.272462  1.15237 0.479571 0.267965  1.14895
 0.47834 0.272486  1.15239 0.479572  0.26799  1.14898
0.47834 0.27251 1.15241 0.479572 0.268014    1.149
 0.47834 0.272534  1.15244 0.479573 0.268039  1.14903
 0.47834 0.272558  1.15246 0.479573 0.268063  1.14905
 0.47834 0.272582  1.15249 0.479573 0.268088  1.14907
 0.47834 0.272606  1.15251 0.479574 0.268112   1.1491
0.47834 0.27263 1.15253 0.479574 0.268137  1.14912
 0.47834 0.272654  1.15256 0.479575 0.268162  1.14914
 0.47834 0.272678  1.15258 0.479575 0.268187  1.14917
 0.47834 0.272702  1.15261 0.479575 0.268211  1.14919
 0.47834 0.272726  1.15263 0.479576 0.268236  1.14922
 0.47834 0.272751  1.15265 0.479576  0.26826  1.14924
 0.47834 0.272775  1.15268 0.479577 0.268284  1.14926
 0.47834 0.272799   1.1527 0.479577 0.268309  1.14929
 0.47834 0.272823  1.15273 0.479577 0.268333  1.14931
 0.47834 0.272847  1.15275 0.479578 0.268358  1.14933
 0.47834 0.272871  1.15277 0.479578 0.268383  1.14936
 0.47834 0.272895   1.1528 0.479579 0.268408  1.14938
 0.47834 0.272919  1.15282 0.479579 0.268432  1.14941
 0.47834 0.272943  1.15285  0.47958 0.268457  1.14943
 0.47834 0.272967  1.15287  0.47958 0.268481  1.14945
 0.47834 0.272991  1.15289  0.47958 0.268506  1.14948
 0.47834 0.273015  1.15292 0.479581  0.26853   1.1495
 0.47834 0.273039  1.15294 0.479581 0.268555  1.14952
 0.47834 0.273063  1.15297 0.479582 0.268579  1.14955
 0.47834 0.273087  1.15299 0.479582 0.268604  1.14957
 0.47834 0.273111  1.15301 0.479582 0.268629  1.14959
 0.47834 0.273135  1.15304 0.479583 0.268654  1.14962
 0.47834 0.273158  1.15306 0.479583 0.268678  1.14964
 0.47834 0.273182  1.15309 0.479584 0.268702  1.14966
 0.47834 0.273206  1.15311 0.479584 0.268727  1.14969
0.47834 0.27323 1.15313 0.479584 0.268751  1.14971
 0.47834 0.273254  1.15316 0.479585 0.268776  1.14974
 0.47834 0.273278  1.15318 0.479585 0.268801  1.14976
 0.47834 0.273302  1.15321 0.479586 0.268826  1.14978
 0.47834 0.273326  1.15323 0.479586  0.26885  1.14981
0.47834 0.27335 1.15325 0.479587 0.268875  1.14983
 0.47834 0.273374  1.15328 0.479587   0.2689  1.14985
 0.47834 0.273398   1.1533 0.479587 0.268924  1.14988
 0.47834 0.273422  1.15333 0.479588 0.268948   1.1499
 0.47834 0.273446  1.15335 0.479588 0.268973  1.14992
 0.47834 0.273469  1.15337 0.479589 0.268997  1.14995
 0.47834 0.273493   1.1534 0.479589 0.269022  1.14997
 0.47834 0.273517  1.15342  0.47959 0.269046  1.14999
 0.47834 0.273541  1.15344  0.47959 0.269071  1.15002
 0.47834 0.273565  1.15347  0.47959 0.269096  1.15004
 0.47834 0.273589  1.15349 0.479591 0.269121  1.15006
 0.47834 0.273613  1.15352 0.479591 0.269145  1.15009
 0.47834 0.273636  1.15354 0.479592  0.26917  1.15011
0.47834 0.27366 1.15356 0.479592 0.269194  1.15013
 0.47834 0.273684  1.15359 0.479593 0.269219  1.15016
 0.47834 0.273708  1.15361 0.479593 0.269243  1.15018
 0.47834 0.273732  1.15364 0.479593 0.269268   1.1502
 0.47834 0.273756  1.15366 0.479594 0.269292  1.15023
 0.47834 0.273779  1.15368 0.479594 0.269317  1.15025
 0.47834 0.273803  1.15371 0.479595 0.269342  1.15027
 0.47834 0.273827  1.15373 0.479595 0.269366   1.1503
 0.47834 0.273851  1.15375 0.479596 0.269391  1.15032
 0.47834 0.273875  1.15378 0.479596 0.269416  1.15034
 0.47834 0.273898   1.1538 0.479596  0.26944  1.15037
 0.47834 0.273922  1.15383 0.479597 0.269465  1.15039
 0.47834 0.273946  1.15385 0.479597 0.269489  1.15041
0.47834 0.27397 1.15387 0.479598 0.269514  1.15044
 0.47834 0.273993   1.1539 0.479598 0.269539  1.15046
 0.47834 0.274017  1.15392 0.479599 0.269563  1.15048
 0.47834 0.274041  1.15394 0.479599 0.269588  1.15051
 0.47834 0.274065  1.15397   0.4796 0.269612  1.15053
 0.47834 0.274088  1.15399   0.4796 0.269637  1.15055
 0.47834 0.274112  1.15402 0.479601 0.269661  1.15058
 0.47834 0.274136  1.15404 0.479601 0.269686   1.1506
0.47834 0.27416 1.15406 0.479601 0.269711  1.15062
 0.47834 0.274183  1.15409 0.479602 0.269736  1.15064
 0.47834 0.274207  1.15411 0.479602  0.26976  1.15067
 0.47834 0.274231  1.15413 0.479603 0.269785  1.15069
 0.47834 0.274255  1.15416 0.479603  0.26981  1.15071
 0.47834 0.274278  1.15418 0.479604 0.269834  1.15074
 0.47834 0.274302  1.15421 0.479604 0.269858  1.15076
 0.47834 0.274326  1.15423 0.479605 0.269883  1.15078
 0.47834 0.274349  1.15425 0.479605 0.269907  1.15081
 0.47834 0.274373  1.15428 0.479606 0.269932  1.15083
 0.47834 0.274397   1.1543 0.479606 0.269957  1.15085
0.47834 0.27442 1.15432 0.479607 0.269982  1.15088
 0.47834 0.274444  1.15435 0.479607 0.270006   1.1509
 0.47834 0.274468  1.15437 0.479607 0.270031  1.15092
 0.47834 0.274491   1.1544 0.479608 0.270055  1.15094
 0.47834 0.274515  1.15442 0.479608  0.27008  1.15097
 0.47834 0.274539  1.15444 0.479609 0.270105  1.15099
 0.47834 0.274562  1.15447 0.479609 0.270129  1.15101
 0.47834 0.274586  1.15449  0.47961 0.270154  1.15104
 0.47834 0.274609  1.15451  0.47961 0.270179  1.15106
 0.47834 0.274633  1.15454 0.479611 0.270203  1.15108
 0.47834 0.274657  1.15456 0.479611 0.270227  1.15111
0.47834 0.27468 1.15458 0.479612 0.270252  1.15113
 0.47834 0.274704  1.15461 0.479612 0.270276  1.15115
 0.47834 0.274727  1.15463 0.479613 0.270301  1.15117
 0.47834 0.274751  1.15465 0.479613 0.270326   1.1512
 0.47834 0.274775  1.15468 0.479614 0.270351  1.15122
 0.47834 0.274798   1.1547 0.479614 0.270375  1.15124
 0.47834 0.274822  1.15473 0.479615 0.270401  1.15127
 0.47834 0.274845  1.15475 0.479615 0.270425  1.15129
 0.47834 0.274869  1.15477 0.479616  0.27045  1.15131
 0.47834 0.274892   1.1548 0.479616 0.270475  1.15133
 0.47834 0.274916  1.15482 0.479617 0.270499  1.15136
0.47834 0.27494 1.15484 0.479617 0.270524  1.15138
 0.47834 0.274963  1.15487 0.479618 0.270548   1.1514
 0.47834 0.274987  1.15489 0.479618 0.270572  1.15143
0.47834 0.27501 1.15491 0.479618 0.270597  1.15145
 0.47834 0.275034  1.15494 0.479619 0.270621  1.15147
 0.47834 0.275057  1.15496 0.479619 0.270646  1.15149
 0.47834 0.275081  1.15498  0.47962 0.270671  1.15152
 0.47834 0.275104  1.15501  0.47962 0.270696  1.15154
 0.47834 0.275128  1.15503 0.479621 0.270721  1.15156
 0.47834 0.275151  1.15506 0.479621 0.270745  1.15158
 0.47834 0.275175  1.15508 0.479622  0.27077  1.15161
 0.47834 0.275198   1.1551 0.479623 0.270795  1.15163
 0.47834 0.275222  1.15513 0.479623  0.27082  1.15165
 0.47834 0.275245  1.15515 0.479624 0.270844  1.15168
 0.47834 0.275269  1.15517 0.479624 0.270868   1.1517
 0.47834 0.275292   1.1552 0.479625 0.270893  1.15172
 0.47834 0.275315  1.15522 0.479625 0.270917  1.15174
 0.47834 0.275339  1.15524 0.479626 0.270941  1.15177
 0.47834 0.275362  1.15527 0.479626 0.270965  1.15179
 0.47834 0.275386  1.15529 0.479627 0.270989  1.15181
 0.47834 0.275409  1.15531 0.479627 0.271014  1.15183
 0.47834 0.275433  1.15534 0.479628 0.271038  1.15186
 0.47834 0.275456  1.15536 0.479629 0.271063  1.15188
0.47834 0.27548 1.15538 0.479629 0.271087   1.1519
 0.47834 0.275503  1.15541  0.47963 0.271112  1.15192
 0.47834 0.275526  1.15543  0.47963 0.271137  1.15195
0.47834 0.27555 1.15545 0.479631 0.271161  1.15197
 0.47834 0.275573  1.15548 0.479632 0.271186  1.15199
 0.47834 0.275597   1.1555 0.479632  0.27121  1.15201
0.47834 0.27562 1.15552 0.479633 0.271235  1.15204
 0.47834 0.275643  1.15555 0.479633 0.271259  1.15206
 0.47834 0.275667  1.15557 0.479634 0.271283  1.15208
0.47834 0.27569 1.15559 0.479635 0.271307  1.15211
 0.47834 0.275713  1.15562 0.479635 0.271331  1.15213
 0.47834 0.275737  1.15564 0.479636 0.271355  1.15215
0.47834 0.27576 1.15566 0.479636 0.271379  1.15217
 0.47834 0.275783  1.15569 0.479637 0.271403   1.1522
 0.47834 0.275807  1.15571 0.479637 0.271427  1.15222
0.47834 0.27583 1.15573 0.479638 0.271451  1.15224
 0.47834 0.275853  1.15576 0.479639 0.271475  1.15226
 0.47834 0.275877  1.15578 0.479639   0.2715  1.15229
0.47834  0.2759  1.1558  0.47964 0.271524  1.15231
 0.47834 0.275923  1.15583  0.47964 0.271548  1.15233
 0.47834 0.275947  1.15585 0.479641 0.271573  1.15235
0.47834 0.27597 1.15587 0.479642 0.271597  1.15238
 0.47834 0.275993   1.1559 0.479642 0.271621   1.1524
 0.47834 0.276017  1.15592 0.479643 0.271645  1.15242
0.47834 0.27604 1.15594 0.479643 0.271669  1.15244
 0.47834 0.276063  1.15597 0.479644 0.271692  1.15247
 0.47834 0.276086  1.15599 0.479644 0.271716  1.15249
0.47834 0.27611 1.15601 0.479645 0.271739  1.15251
 0.47834 0.276133  1.15604 0.479646 0.271763  1.15253
 0.47834 0.276156  1.15606 0.479646 0.271787  1.15256
 0.47834 0.276179  1.15608 0.479647 0.271811  1.15258
 0.47834 0.276203  1.15611 0.479647 0.271835   1.1526
 0.47834 0.276226  1.15613 0.479648 0.271859  1.15262
 0.47834 0.276249  1.15615 0.479649 0.271883  1.15265
 0.47834 0.276272  1.15618 0.479649 0.271907  1.15267
 0.47834 0.276295   1.1562  0.47965 0.271931  1.15269
 0.47834 0.276319  1.15622  0.47965 0.271955  1.15271
 0.47834 0.276342  1.15625 0.479651 0.271979  1.15273
 0.47834 0.276365  1.15627 0.479651 0.272003  1.15276
 0.47834 0.276388  1.15629 0.479652 0.272027  1.15278
 0.47834 0.276411  1.15632 0.479652  0.27205   1.1528
 0.47834 0.276435  1.15634 0.479653 0.272074  1.15282
 0.47834 0.276458  1.15636 0.479654 0.272097  1.15285
 0.47834 0.276481  1.15638 0.479654 0.272121  1.15287
 0.47834 0.276504  1.15641 0.479655 0.272145  1.15289
 0.47834 0.276527  1.15643 0.479655 0.272169  1.15291
 0.47834 0.276551  1.15645 0.479656 0.272193  1.15294
 0.47834 0.276574  1.15648 0.479656 0.272217  1.15296
 0.47834 0.276597   1.1565 0.479657 0.272241  1.15298
0.47834 0.27662 1.15652 0.479658 0.272264    1.153
 0.47834 0.276643  1.15655 0.479658 0.272288  1.15303
 0.47834 0.276666  1.15657 0.479659 0.272311  1.15305
 0.47834 0.276689  1.15659 0.479659 0.272335  1.15307
 0.47834 0.276712  1.15662  0.47966 0.272358  1.15309
 0.47834 0.276736  1.15664  0.47966 0.272382  1.15312
 0.47834 0.276759  1.15666 0.479661 0.272406  1.15314
 0.47834 0.276782  1.15669 0.479661  0.27243  1.15316
 0.47834 0.276805  1.15671 0.479662 0.272454  1.15318
 0.47834 0.276828  1.15673 0.479662 0.272478   1.1532
 0.47834 0.276851  1.15675 0.479663 0.272502  1.15323
 0.47834 0.276874  1.15678 0.479664 0.272526  1.15325
 0.47834 0.276897   1.1568 0.479664 0.272549  1.15327
0.47834 0.27692 1.15682 0.479665 0.272573  1.15329
 0.47834 0.276943  1.15685 0.479665 0.272597  1.15332
 0.47834 0.276966  1.15687 0.479666 0.272621  1.15334
 0.47834 0.276989  1.15689 0.479666 0.272644  1.15336
 0.47834 0.277012  1.15692 0.479667 0.272668  1.15338
 0.47834 0.277035  1.15694 0.479667 0.272691   1.1534
 0.47834 0.277058  1.15696 0.479668 0.272714  1.15343
 0.47834 0.277081  1.15699 0.479668 0.272738  1.15345
 0.47834 0.277104  1.15701 0.479669 0.272761  1.15347
 0.47834 0.277127  1.15703 0.479669 0.272785  1.15349
0.47834 0.27715 1.15705  0.47967 0.272809  1.15352
 0.47834 0.277173  1.15708  0.47967 0.272833  1.15354
 0.47834 0.277196   1.1571 0.479671 0.272857  1.15356
 0.47834 0.277219  1.15712 0.479671 0.272881  1.15358
 0.47834 0.277242  1.15715 0.479672 0.272905   1.1536
 0.47834 0.277265  1.15717 0.479672 0.272929  1.15363
 0.47834 0.277288  1.15719 0.479673 0.272953  1.15365
 0.47834 0.277311  1.15722 0.479674 0.272977  1.15367
 0.47834 0.277334  1.15724 0.479674 0.273001  1.15369
 0.47834 0.277357  1.15726 0.479674 0.273024  1.15371
0.47834 0.27738 1.15728 0.479675 0.273048  1.15374
 0.47834 0.277403  1.15731 0.479676 0.273071  1.15376
 0.47834 0.277426  1.15733 0.479676 0.273095  1.15378
 0.47834 0.277449  1.15735 0.479676 0.273118   1.1538
 0.47834 0.277472  1.15738 0.479677 0.273142  1.15383
 0.47834 0.277495   1.1574 0.479678 0.273166  1.15385
 0.47834 0.277518  1.15742 0.479678  0.27319  1.15387
 0.47834 0.277541  1.15744 0.479679 0.273214  1.15389
 0.47834 0.277564  1.15747 0.479679 0.273239  1.15391
 0.47834 0.277586  1.15749  0.47968 0.273263  1.15394
 0.47834 0.277609  1.15751  0.47968 0.273287  1.15396
 0.47834 0.277632  1.15754 0.479681 0.273311  1.15398
 0.47834 0.277655  1.15756 0.479681 0.273335    1.154
 0.47834 0.277678  1.15758 0.479682 0.273358  1.15402
 0.47834 0.277701   1.1576 0.479682 0.273382  1.15405
 0.47834 0.277724  1.15763 0.479683 0.273406  1.15407
 0.47834 0.277747  1.15765 0.479683  0.27343  1.15409
 0.47834 0.277769  1.15767 0.479684 0.273453  1.15411
 0.47834 0.277792   1.1577 0.479684 0.273477  1.15413
 0.47834 0.277815  1.15772 0.479685 0.273501  1.15416
 0.47834 0.277838  1.15774 0.479685 0.273525  1.15418
 0.47834 0.277861  1.15776 0.479686 0.273549   1.1542
 0.47834 0.277884  1.15779 0.479686 0.273573  1.15422
 0.47834 0.277906  1.15781 0.479687 0.273597  1.15424
 0.47834 0.277929  1.15783 0.479687 0.273621  1.15427
 0.47834 0.277952  1.15786 0.479688 0.273645  1.15429
 0.47834 0.277975  1.15788 0.479688 0.273669  1.15431
 0.47834 0.277998   1.1579 0.479689 0.273693  1.15433
0.47834 0.27802 1.15792 0.479689 0.273717  1.15435
 0.47834 0.278043  1.15795  0.47969 0.273741  1.15438
 0.47834 0.278066  1.15797  0.47969 0.273765   1.1544
 0.47834 0.278089  1.15799 0.479691 0.273788  1.15442
 0.47834 0.278111  1.15802 0.479691 0.273812  1.15444
 0.47834 0.278134  1.15804 0.479692 0.273836  1.15446
 0.47834 0.278157  1.15806 0.479692  0.27386  1.15448
0.47834 0.27818 1.15808 0.479693 0.273884  1.15451
 0.47834 0.278202  1.15811 0.479693 0.273908  1.15453
 0.47834 0.278225  1.15813 0.479694 0.273932  1.15455
 0.47834 0.278248  1.15815 0.479694 0.273955  1.15457
 0.47834 0.278271  1.15817 0.479695 0.273979  1.15459
 0.47834 0.278293   1.1582 0.479695 0.274004  1.15462
 0.47834 0.278316  1.15822 0.479696 0.274028  1.15464
 0.47834 0.278339  1.15824 0.479696 0.274052  1.15466
 0.47834 0.278361  1.15827 0.479697 0.274076  1.15468
 0.47834 0.278384  1.15829 0.479697   0.2741   1.1547
 0.47834 0.278407  1.15831 0.479698 0.274124  1.15472
 0.47834 0.278429  1.15833 0.479698 0.274148  1.15475
 0.47834 0.278452  1.15836 0.479699 0.274171  1.15477
 0.47834 0.278475  1.15838 0.479699 0.274195  1.15479
 0.47834 0.278497   1.1584   0.4797 0.274219  1.15481
0.47834 0.27852 1.15842   0.4797 0.274243  1.15483
 0.47834 0.278543  1.15845 0.479701 0.274266  1.15486
 0.47834 0.278565  1.15847 0.479701  0.27429  1.15488
 0.47834 0.278588  1.15849 0.479702 0.274314   1.1549
 0.47834 0.278611  1.15851 0.479702 0.274338  1.15492
 0.47834 0.278633  1.15854 0.479703 0.274362  1.15494
 0.47834 0.278656  1.15856 0.479703 0.274386  1.15496
 0.47834 0.278678  1.15858 0.479704  0.27441  1.15499
 0.47834 0.278701   1.1586 0.479704 0.274434  1.15501
 0.47834 0.278724  1.15863 0.479705 0.274458  1.15503
 0.47834 0.278746  1.15865 0.479705 0.274482  1.15505
 0.47834 0.278769  1.15867 0.479706 0.274506  1.15507
 0.47834 0.278791   1.1587 0.479706  0.27453  1.15509
 0.47834 0.278814  1.15872 0.479707 0.274554  1.15511
 0.47834 0.278837  1.15874 0.479707 0.274578  1.15514
 0.47834 0.278859  1.15876 0.479708 0.274602  1.15516
 0.47834 0.278882  1.15879 0.479708 0.274626  1.15518
 0.47834 0.278904  1.15881 0.479708 0.274649   1.1552
 0.47834 0.278927  1.15883 0.479709 0.274673  1.15522
 0.47834 0.278949  1.15885  0.47971 0.274697  1.15524
 0.47834 0.278972  1.15888 0.47971 0.27472 1.15527
 0.47834 0.278994   1.1589  0.47971 0.274744  1.15529
 0.47834 0.279017  1.15892 0.479711 0.274768  1.15531
 0.47834 0.279039  1.15894 0.479711 0.274791  1.15533
 0.47834 0.279062  1.15897 0.479712 0.274815  1.15535
 0.47834 0.279084  1.15899 0.479712 0.274838  1.15537
 0.47834 0.279107  1.15901 0.479713 0.274862   1.1554
 0.47834 0.279129  1.15903 0.479713 0.274885  1.15542
 0.47834 0.279152  1.15906 0.479714 0.274909  1.15544
 0.47834 0.279174  1.15908 0.479714 0.274932  1.15546
 0.47834 0.279197   1.1591 0.479715 0.274956  1.15548
 0.47834 0.279219  1.15912 0.479715 0.274979   1.1555
 0.47834 0.279242  1.15915 0.479716 0.275003  1.15553
 0.47834 0.279264  1.15917 0.479716 0.275026  1.15555
 0.47834 0.279287  1.15919 0.479717  0.27505  1.15557
 0.47834 0.279309  1.15921 0.479717 0.275073  1.15559
 0.47834 0.279332  1.15924 0.479718 0.275097  1.15561
 0.47834 0.279354  1.15926 0.479718 0.275121  1.15563
 0.47834 0.279376  1.15928 0.479719 0.275144  1.15565
 0.47834 0.279399   1.1593 0.479719 0.275168  1.15568
 0.47834 0.279421  1.15933 0.479719 0.275191   1.1557
 0.47834 0.279444  1.15935  0.47972 0.275215  1.15572
 0.47834 0.279466  1.15937  0.47972 0.275239  1.15574
 0.47834 0.279488  1.15939 0.479721 0.275262  1.15576
 0.47834 0.279511  1.15941 0.479721 0.275286  1.15578
 0.47834 0.279533  1.15944 0.479722 0.275309   1.1558
 0.47834 0.279556  1.15946 0.479722 0.275333  1.15583
 0.47834 0.279578  1.15948 0.479723 0.275357  1.15585
0.47834  0.2796  1.1595 0.479723  0.27538  1.15587
 0.47834 0.279623  1.15953 0.479724 0.275404  1.15589
 0.47834 0.279645  1.15955 0.479724 0.275427  1.15591
 0.47834 0.279667  1.15957 0.479725 0.275451  1.15593
0.47834 0.27969 1.15959 0.479725 0.275475  1.15595
 0.47834 0.279712  1.15962 0.479726 0.275498  1.15598
 0.47834 0.279734  1.15964 0.479726 0.275522    1.156
 0.47834 0.279757  1.15966 0.479727 0.275546  1.15602
 0.47834 0.279779  1.15968 0.479727 0.275569  1.15604
 0.47834 0.279801  1.15971 0.479727 0.275593  1.15606
 0.47834 0.279824  1.15973 0.479728 0.275617  1.15608
 0.47834 0.279846  1.15975 0.479728  0.27564   1.1561
 0.47834 0.279868  1.15977 0.479729 0.275664  1.15612
 0.47834 0.279891  1.15979 0.479729 0.275688  1.15615
 0.47834 0.279913  1.15982  0.47973 0.275712  1.15617
 0.47834 0.279935  1.15984  0.47973 0.275735  1.15619
 0.47834 0.279957  1.15986 0.479731 0.275759  1.15621
0.47834 0.27998 1.15988 0.479731 0.275783  1.15623
 0.47834 0.280002  1.15991 0.479732 0.275807  1.15625
 0.47834 0.280024  1.15993 0.479732 0.275831  1.15627
 0.47834 0.280046  1.15995 0.479733 0.275854  1.15629
 0.47834 0.280069  1.15997 0.479733 0.275878  1.15631
 0.47834 0.280091  1.15999 0.479734 0.275902  1.15634
 0.47834 0.280113  1.16002 0.479734 0.275926  1.15636
 0.47834 0.280135  1.16004 0.479735  0.27595  1.15638
 0.47834 0.280157  1.16006 0.479735 0.275974   1.1564
0.47834 0.28018 1.16008 0.479735 0.275998  1.15642
 0.47834 0.280202  1.16011 0.479736 0.276022  1.15644
 0.47834 0.280224  1.16013 0.479736 0.276046  1.15646
 0.47834 0.280246  1.16015 0.479737  0.27607  1.15648
 0.47834 0.280268  1.16017 0.479737 0.276094   1.1565
 0.47834 0.280291  1.16019 0.479738 0.276118  1.15652
 0.47834 0.280313  1.16022 0.479738 0.276142  1.15655
 0.47834 0.280335  1.16024 0.479739 0.276167  1.15657
 0.47834 0.280357  1.16026 0.479739 0.276191  1.15659
 0.47834 0.280379  1.16028  0.47974 0.276215  1.15661
 0.47834 0.280401  1.16031  0.47974 0.276239  1.15663
 0.47834 0.280424  1.16033 0.479741 0.276263  1.15665
 0.47834 0.280446  1.16035 0.479741 0.276288  1.15667
 0.47834 0.280468  1.16037 0.479742 0.276312  1.15669
0.47834 0.28049 1.16039 0.479742 0.276336  1.15671
 0.47834 0.280512  1.16042 0.479743  0.27636  1.15673
 0.47834 0.280534  1.16044 0.479743 0.276385  1.15675
 0.47834 0.280556  1.16046 0.479744 0.276409  1.15677
 0.47834 0.280578  1.16048 0.479744 0.276433  1.15679
0.47834  0.2806  1.1605 0.479744 0.276458  1.15682
 0.47834 0.280623  1.16053 0.479745 0.276482  1.15684
 0.47834 0.280645  1.16055 0.479745 0.276506  1.15686
 0.47834 0.280667  1.16057 0.479746 0.276531  1.15688
 0.47834 0.280689  1.16059 0.479746 0.276555   1.1569
 0.47834 0.280711  1.16061 0.479747  0.27658  1.15692
 0.47834 0.280733  1.16064 0.479747 0.276604  1.15694
 0.47834 0.280755  1.16066 0.479748 0.276629  1.15696
 0.47834 0.280777  1.16068 0.479748 0.276653  1.15698
 0.47834 0.280799   1.1607 0.479749 0.276678    1.157
 0.47834 0.280821  1.16072 0.479749 0.276702  1.15702
 0.47834 0.280843  1.16075  0.47975 0.276727  1.15704
 0.47834 0.280865  1.16077  0.47975 0.276751  1.15706
 0.47834 0.280887  1.16079 0.479751 0.276776  1.15708
 0.47834 0.280909  1.16081 0.479751   0.2768   1.1571
 0.47834 0.280931  1.16083 0.479752 0.276825  1.15712
 0.47834 0.280953  1.16086 0.479752 0.276849  1.15714
 0.47834 0.280975  1.16088 0.479753 0.276874  1.15716
 0.47834 0.280997   1.1609 0.479753 0.276898  1.15718
 0.47834 0.281019  1.16092 0.479754 0.276923   1.1572
 0.47834 0.281041  1.16094 0.479754 0.276947  1.15723
 0.47834 0.281063  1.16097 0.479755 0.276972  1.15725
 0.47834 0.281085  1.16099 0.479755 0.276997  1.15727
 0.47834 0.281107  1.16101 0.479756 0.277021  1.15729
 0.47834 0.281129  1.16103 0.479756 0.277046  1.15731
 0.47834 0.281151  1.16105 0.479757  0.27707  1.15733
 0.47834 0.281173  1.16108 0.479757 0.277095  1.15735
 0.47834 0.281194   1.1611 0.479758 0.277119  1.15737
 0.47834 0.281216  1.16112 0.479758 0.277144  1.15739
 0.47834 0.281238  1.16114 0.479759 0.277168  1.15741
0.47834 0.28126 1.16116 0.479759 0.277193  1.15743
 0.47834 0.281282  1.16119  0.47976 0.277218  1.15745
 0.47834 0.281304  1.16121  0.47976 0.277242  1.15747
 0.47834 0.281326  1.16123 0.479761 0.277267  1.15749
 0.47834 0.281348  1.16125 0.479761 0.277291  1.15751
0.47834 0.28137 1.16127 0.479762 0.277315  1.15753
 0.47834 0.281392   1.1613 0.479762  0.27734  1.15755
 0.47834 0.281413  1.16132 0.479763 0.277364  1.15757
 0.47834 0.281435  1.16134 0.479763 0.277389  1.15759
 0.47834 0.281457  1.16136 0.479764 0.277413  1.15761
 0.47834 0.281479  1.16138 0.479764 0.277438  1.15763
 0.47834 0.281501   1.1614 0.479765 0.277462  1.15765
 0.47834 0.281523  1.16143 0.479765 0.277486  1.15767
 0.47834 0.281544  1.16145 0.479766 0.277511  1.15769
 0.47834 0.281566  1.16147 0.479767 0.277535  1.15771
 0.47834 0.281588  1.16149 0.479767 0.277559  1.15773
0.47834 0.28161 1.16151 0.479768 0.277584  1.15775
 0.47834 0.281632  1.16154 0.479768 0.277608  1.15777
 0.47834 0.281653  1.16156 0.479769 0.277632  1.15779
 0.47834 0.281675  1.16158 0.479769 0.277656  1.15781
 0.47834 0.281697   1.1616  0.47977 0.277681  1.15783
 0.47834 0.281719  1.16162  0.47977 0.277705  1.15785
 0.47834 0.281741  1.16164 0.479771 0.277729  1.15787
 0.47834 0.281762  1.16167 0.479771 0.277753  1.15789
 0.47834 0.281784  1.16169 0.479772 0.277777  1.15791
 0.47834 0.281806  1.16171 0.479772 0.277801  1.15793
 0.47834 0.281828  1.16173 0.479773 0.277825  1.15795
 0.47834 0.281849  1.16175 0.479773 0.277849  1.15797
 0.47834 0.281871  1.16177 0.479774 0.277873  1.15799
 0.47834 0.281893   1.1618 0.479775 0.277897  1.15801
 0.47834 0.281914  1.16182 0.479775 0.277921  1.15803
 0.47834 0.281936  1.16184 0.479776 0.277945  1.15805
 0.47834 0.281958  1.16186 0.479776 0.277969  1.15807
0.47834 0.28198 1.16188 0.479777 0.277993  1.15809
 0.47834 0.282001  1.16191 0.479778 0.278017  1.15811
 0.47834 0.282023  1.16193 0.479778  0.27804  1.15813
 0.47834 0.282045  1.16195 0.479779 0.278064  1.15815
 0.47834 0.282066  1.16197 0.479779 0.278088  1.15817
 0.47834 0.282088  1.16199  0.47978 0.278112  1.15819
0.47834 0.28211 1.16201 0.479781 0.278135  1.15821
 0.47834 0.282131  1.16204 0.479781 0.278159  1.15823
 0.47834 0.282153  1.16206 0.479782 0.278183  1.15825
 0.47834 0.282175  1.16208 0.479782 0.278206  1.15827
 0.47834 0.282196   1.1621 0.479783  0.27823  1.15829
 0.47834 0.282218  1.16212 0.479784 0.278254  1.15831
 0.47834 0.282239  1.16214 0.479784 0.278277  1.15833
 0.47834 0.282261  1.16216 0.479785 0.278301  1.15835
 0.47834 0.282283  1.16219 0.479786 0.278324  1.15837
 0.47834 0.282304  1.16221 0.479786 0.278348  1.15839
 0.47834 0.282326  1.16223 0.479787 0.278371  1.15841
 0.47834 0.282347  1.16225 0.479787 0.278395  1.15843
 0.47834 0.282369  1.16227 0.479788 0.278418  1.15845
 0.47834 0.282391  1.16229 0.479789 0.278441  1.15847
 0.47834 0.282412  1.16232 0.479789 0.278465  1.15849
 0.47834 0.282434  1.16234  0.47979 0.278488  1.15851
 0.47834 0.282455  1.16236 0.479791 0.278512  1.15853
 0.47834 0.282477  1.16238 0.479791 0.278535  1.15855
 0.47834 0.282498   1.1624 0.479792 0.278558  1.15857
0.47834 0.28252 1.16242 0.479793 0.278582  1.15859
 0.47834 0.282541  1.16245 0.479793 0.278605  1.15861
 0.47834 0.282563  1.16247 0.479794 0.278628  1.15863
 0.47834 0.282584  1.16249 0.479795 0.278652  1.15865
 0.47834 0.282606  1.16251 0.479796 0.278675  1.15867
 0.47834 0.282627  1.16253 0.479796 0.278698  1.15869
 0.47834 0.282649  1.16255 0.479797 0.278721  1.15871
0.47834 0.28267 1.16257 0.479798 0.278745  1.15873
 0.47834 0.282692   1.1626 0.479798 0.278768  1.15875
 0.47834 0.282713  1.16262 0.479799 0.278791  1.15877
 0.47834 0.282735  1.16264   0.4798 0.278814  1.15879
 0.47834 0.282756  1.16266 0.479801 0.278837  1.15881
 0.47834 0.282778  1.16268 0.479801 0.278861  1.15883
 0.47834 0.282799   1.1627 0.479802 0.278884  1.15884
 0.47834 0.282821  1.16272 0.479803 0.278907  1.15886
 0.47834 0.282842  1.16275 0.479804  0.27893  1.15888
 0.47834 0.282864  1.16277 0.479804 0.278954   1.1589
 0.47834 0.282885  1.16279 0.479805 0.278977  1.15892
 0.47834 0.282906  1.16281 0.479806    0.279  1.15894
 0.47834 0.282928  1.16283 0.479807 0.279023  1.15896
 0.47834 0.282949  1.16285 0.479807 0.279046  1.15898
 0.47834 0.282971  1.16287 0.479808  0.27907    1.159
 0.47834 0.282992   1.1629 0.479809 0.279093  1.15902
 0.47834 0.283013  1.16292  0.47981 0.279116  1.15904
 0.47834 0.283035  1.16294  0.47981 0.279139  1.15906
 0.47834 0.283056  1.16296 0.479811 0.279162  1.15908
 0.47834 0.283078  1.16298 0.479812 0.279186   1.1591
 0.47834 0.283099    1.163 0.479813 0.279209  1.15912
0.47834 0.28312 1.16302 0.479814 0.279232  1.15914
 0.47834 0.283142  1.16305 0.479815 0.279255  1.15916
 0.47834 0.283163  1.16307 0.479815 0.279278  1.15918
 0.47834 0.283184  1.16309 0.479816 0.279302   1.1592
 0.47834 0.283206  1.16311 0.479817 0.279325  1.15922
 0.47834 0.283227  1.16313 0.479818 0.279348  1.15924
 0.47834 0.283248  1.16315 0.479819 0.279371  1.15926
0.47834 0.28327 1.16317  0.47982 0.279395  1.15928
 0.47834 0.283291  1.16319 0.479821 0.279418   1.1593
 0.47834 0.283312  1.16322 0.479821 0.279441  1.15932
 0.47834 0.283334  1.16324 0.479822 0.279464  1.15934
 0.47834 0.283355  1.16326 0.479823 0.279488  1.15936
 0.47834 0.283376  1.16328 0.479824 0.279511  1.15938
 0.47834 0.283397   1.1633 0.479825 0.279534   1.1594
 0.47834 0.283419  1.16332 0.479826 0.279557  1.15942
0.47834 0.28344 1.16334 0.479827 0.279581  1.15944
 0.47834 0.283461  1.16337 0.479828 0.279604  1.15946
 0.47834 0.283482  1.16339 0.479829 0.279627  1.15947
 0.47834 0.283504  1.16341  0.47983 0.279651  1.15949
 0.47834 0.283525  1.16343 0.479831 0.279674  1.15951
 0.47834 0.283546  1.16345 0.479832 0.279697  1.15953
 0.47834 0.283567  1.16347 0.479832 0.279721  1.15955
 0.47834 0.283589  1.16349 0.479833 0.279744  1.15957
0.47834 0.28361 1.16351 0.479834 0.279767  1.15959
 0.47834 0.283631  1.16353 0.479835  0.27979  1.15961
 0.47834 0.283652  1.16356 0.479836 0.279814  1.15963
 0.47834 0.283673  1.16358 0.479837 0.279837  1.15965
 0.47834 0.283695   1.1636 0.479838 0.279861  1.15967
 0.47834 0.283716  1.16362 0.479839 0.279884  1.15969
 0.47834 0.283737  1.16364  0.47984 0.279907  1.15971
 0.47834 0.283758  1.16366 0.479842 0.279931  1.15973
 0.47834 0.283779  1.16368 0.479843 0.279954  1.15975
0.47834  0.2838  1.1637 0.479844 0.279977  1.15977
 0.47834 0.283822  1.16373 0.479845 0.280001  1.15979
 0.47834 0.283843  1.16375 0.479846 0.280024  1.15981
 0.47834 0.283864  1.16377 0.479847 0.280047  1.15983
 0.47834 0.283885  1.16379 0.479848 0.280071  1.15984
 0.47834 0.283906  1.16381 0.479849 0.280094  1.15986
 0.47834 0.283927  1.16383  0.47985 0.280118  1.15988
 0.47834 0.283948  1.16385 0.479851 0.280141   1.1599
 0.47834 0.283969  1.16387 0.479852 0.280164  1.15992
0.47834 0.28399 1.16389 0.479853 0.280188  1.15994
 0.47834 0.284012  1.16392 0.479854 0.280211  1.15996
 0.47834 0.284033  1.16394 0.479856 0.280234  1.15998
 0.47834 0.284054  1.16396 0.479857 0.280258     1.16
 0.47834 0.284075  1.16398 0.479858 0.280281  1.16002
 0.47834 0.284096    1.164 0.479859 0.280305  1.16004
 0.47834 0.284117  1.16402  0.47986 0.280328  1.16006
 0.47834 0.284138  1.16404 0.479861 0.280351  1.16008
 0.47834 0.284159  1.16406 0.479863 0.280375   1.1601
0.47834 0.28418 1.16408 0.479864 0.280398  1.16012
 0.47834 0.284201   1.1641 0.479865 0.280422  1.16013
 0.47834 0.284222  1.16413 0.479866 0.280445  1.16015
 0.47834 0.284243  1.16415 0.479867 0.280468  1.16017
 0.47834 0.284264  1.16417 0.479869 0.280492  1.16019
 0.47834 0.284285  1.16419  0.47987 0.280515  1.16021
 0.47834 0.284306  1.16421 0.479871 0.280538  1.16023
 0.47834 0.284327  1.16423 0.479872 0.280562  1.16025
 0.47834 0.284348  1.16425 0.479874 0.280585  1.16027
 0.47834 0.284369  1.16427 0.479875 0.280608  1.16029
0.47834 0.28439 1.16429 0.479876 0.280632  1.16031
 0.47834 0.284411  1.16431 0.479877 0.280655  1.16033
 0.47834 0.284432  1.16434 0.479879 0.280678  1.16034
 0.47834 0.284453  1.16436  0.47988 0.280702  1.16036
 0.47834 0.284474  1.16438 0.479881 0.280725  1.16038
 0.47834 0.284495   1.1644 0.479883 0.280748   1.1604
 0.47834 0.284516  1.16442 0.479884 0.280772  1.16042
 0.47834 0.284537  1.16444 0.479885 0.280795  1.16044
 0.47834 0.284558  1.16446 0.479886 0.280818  1.16046
 0.47834 0.284578  1.16448 0.479888 0.280842  1.16048
 0.47834 0.284599   1.1645 0.479889 0.280865   1.1605
0.47834 0.28462 1.16452  0.47989 0.280888  1.16052
 0.47834 0.284641  1.16455 0.479892 0.280911  1.16054
 0.47834 0.284662  1.16457 0.479893 0.280935  1.16055
 0.47834 0.284683  1.16459 0.479895 0.280958  1.16057
 0.47834 0.284704  1.16461 0.479896 0.280981  1.16059
 0.47834 0.284725  1.16463 0.479897 0.281005  1.16061
 0.47834 0.284745  1.16465 0.479899 0.281028  1.16063
 0.47834 0.284766  1.16467   0.4799 0.281051  1.16065
 0.47834 0.284787  1.16469 0.479901 0.281074  1.16067
 0.47834 0.284808  1.16471 0.479903 0.281097  1.16069
 0.47834 0.284829  1.16473 0.479904 0.281121  1.16071
0.47834 0.28485 1.16475 0.479906 0.281144  1.16072
0.47834 0.28487 1.16477 0.479907 0.281167  1.16074
 0.47834 0.284891   1.1648 0.479908  0.28119  1.16076
 0.47834 0.284912  1.16482  0.47991 0.281213  1.16078
 0.47834 0.284933  1.16484 0.479911 0.281237   1.1608
 0.47834 0.284954  1.16486 0.479913  0.28126  1.16082
 0.47834 0.284974  1.16488 0.479914 0.281283  1.16084
 0.47834 0.284995   1.1649 0.479915 0.281306  1.16086
 0.47834 0.285016  1.16492 0.479917 0.281329  1.16087
 0.47834 0.285037  1.16494 0.479918 0.281352  1.16089
 0.47834 0.285057  1.16496  0.47992 0.281375  1.16091
 0.47834 0.285078  1.16498 0.479921 0.281399  1.16093
 0.47834 0.285099    1.165 0.479923 0.281422  1.16095
0.47834 0.28512 1.16502 0.479924 0.281445  1.16097
0.47834 0.28514 1.16504 0.479925 0.281468  1.16099
 0.47834 0.285161  1.16507 0.479927 0.281491    1.161
 0.47834 0.285182  1.16509 0.479928 0.281514  1.16102
 0.47834 0.285203  1.16511  0.47993 0.281537  1.16104
 0.47834 0.285223  1.16513 0.479931  0.28156  1.16106
 0.47834 0.285244  1.16515 0.479933 0.281583  1.16108
 0.47834 0.285265  1.16517 0.479934 0.281606   1.1611
 0.47834 0.285285  1.16519 0.479935 0.281629  1.16112
 0.47834 0.285306  1.16521 0.479937 0.281652  1.16113
 0.47834 0.285327  1.16523 0.479938 0.281675  1.16115
 0.47834 0.285347  1.16525  0.47994 0.281698  1.16117
 0.47834 0.285368  1.16527 0.479941 0.281721  1.16119
 0.47834 0.285389  1.16529 0.479943 0.281744  1.16121
 0.47834 0.285409  1.16531 0.479944 0.281767  1.16123
0.47834 0.28543 1.16533 0.479946  0.28179  1.16125
 0.47834 0.285451  1.16535 0.479947 0.281813  1.16126
 0.47834 0.285471  1.16538 0.479949 0.281836  1.16128
 0.47834 0.285492   1.1654  0.47995 0.281858   1.1613
 0.47834 0.285512  1.16542 0.479952 0.281881  1.16132
 0.47834 0.285533  1.16544 0.479953 0.281904  1.16134
 0.47834 0.285554  1.16546 0.479954 0.281927  1.16136
 0.47834 0.285574  1.16548 0.479956  0.28195  1.16137
 0.47834 0.285595   1.1655 0.479957 0.281973  1.16139
 0.47834 0.285615  1.16552 0.479959 0.281995  1.16141
 0.47834 0.285636  1.16554  0.47996 0.282018  1.16143
 0.47834 0.285656  1.16556 0.479962 0.282041  1.16145
 0.47834 0.285677  1.16558 0.479963 0.282064  1.16147
 0.47834 0.285698   1.1656 0.479965 0.282086  1.16148
 0.47834 0.285718  1.16562 0.479966 0.282109   1.1615
 0.47834 0.285739  1.16564 0.479968 0.282132  1.16152
 0.47834 0.285759  1.16566 0.479969 0.282154  1.16154
0.47834 0.28578 1.16568  0.47997 0.282177  1.16156
0.47834  0.2858  1.1657 0.479972   0.2822  1.16158
 0.47834 0.285821  1.16572 0.479973 0.282222  1.16159
 0.47834 0.285841  1.16575 0.479975 0.282245  1.16161
 0.47834 0.285862  1.16577 0.479976 0.282267  1.16163
 0.47834 0.285882  1.16579 0.479978  0.28229  1.16165
 0.47834 0.285903  1.16581 0.479979 0.282313  1.16167
 0.47834 0.285923  1.16583 0.479981 0.282335  1.16168
 0.47834 0.285944  1.16585 0.479982 0.282358   1.1617
 0.47834 0.285964  1.16587 0.479983  0.28238  1.16172
 0.47834 0.285985  1.16589 0.479985 0.282403  1.16174
 0.47834 0.286005  1.16591 0.479986 0.282425  1.16176
 0.47834 0.286025  1.16593 0.479988 0.282448  1.16178
 0.47834 0.286046  1.16595 0.479989  0.28247  1.16179
 0.47834 0.286066  1.16597  0.47999 0.282492  1.16181
 0.47834 0.286087  1.16599 0.479992 0.282515  1.16183
 0.47834 0.286107  1.16601 0.479993 0.282537  1.16185
 0.47834 0.286128  1.16603 0.479995 0.282559  1.16187
 0.47834 0.286148  1.16605 0.479996 0.282582  1.16188
 0.47834 0.286168  1.16607 0.479997 0.282604   1.1619
 0.47834 0.286189  1.16609 0.479999 0.282626  1.16192
 0.47834 0.286209  1.16611     0.48 0.282649  1.16194
 0.47834 0.286229  1.16613 0.480002 0.282671  1.16196
0.47834 0.28625 1.16615 0.480003 0.282693  1.16197
0.47834 0.28627 1.16617 0.480004 0.282715  1.16199
 0.47834 0.286291  1.16619 0.480006 0.282737  1.16201
 0.47834 0.286311  1.16621 0.480007  0.28276  1.16203
 0.47834 0.286331  1.16624 0.480008 0.282782  1.16205
 0.47834 0.286352  1.16626  0.48001 0.282804  1.16206
 0.47834 0.286372  1.16628 0.480011 0.282826  1.16208
 0.47834 0.286392   1.1663 0.480013 0.282848   1.1621
 0.47834 0.286413  1.16632 0.480014  0.28287  1.16212
 0.47834 0.286433  1.16634 0.480015 0.282892  1.16213
 0.47834 0.286453  1.16636 0.480017 0.282914  1.16215
 0.47834 0.286473  1.16638 0.480018 0.282936  1.16217
 0.47834 0.286494   1.1664 0.480019 0.282958  1.16219
 0.47834 0.286514  1.16642 0.480021  0.28298  1.16221
 0.47834 0.286534  1.16644 0.480022 0.283002  1.16222
 0.47834 0.286555  1.16646 0.480023 0.283024  1.16224
 0.47834 0.286575  1.16648 0.480024 0.283045  1.16226
 0.47834 0.286595   1.1665 0.480026 0.283067  1.16228
 0.47834 0.286615  1.16652 0.480027 0.283089   1.1623
 0.47834 0.286635  1.16654 0.480028 0.283111  1.16231
 0.47834 0.286656  1.16656  0.48003 0.283133  1.16233
 0.47834 0.286676  1.16658 0.480031 0.283154  1.16235
 0.47834 0.286696   1.1666 0.480032 0.283176  1.16237
 0.47834 0.286716  1.16662 0.480033 0.283198  1.16239
 0.47834 0.286737  1.16664 0.480035 0.283219   1.1624
 0.47834 0.286757  1.16666 0.480036 0.283241  1.16242
 0.47834 0.286777  1.16668 0.480037 0.283263  1.16244
 0.47834 0.286797   1.1667 0.480038 0.283284  1.16246
 0.47834 0.286817  1.16672  0.48004 0.283306  1.16247
 0.47834 0.286837  1.16674 0.480041 0.283327  1.16249
 0.47834 0.286858  1.16676 0.480042 0.283349  1.16251
 0.47834 0.286878  1.16678 0.480043  0.28337  1.16253
 0.47834 0.286898   1.1668 0.480045 0.283392  1.16255
 0.47834 0.286918  1.16682 0.480046 0.283413  1.16256
 0.47834 0.286938  1.16684 0.480047 0.283435  1.16258
 0.47834 0.286958  1.16686 0.480048 0.283456   1.1626
 0.47834 0.286978  1.16688 0.480049 0.283478  1.16262
 0.47834 0.286999   1.1669 0.480051 0.283499  1.16263
 0.47834 0.287019  1.16692 0.480052  0.28352  1.16265
 0.47834 0.287039  1.16694 0.480053 0.283542  1.16267
 0.47834 0.287059  1.16696 0.480054 0.283563  1.16269
 0.47834 0.287079  1.16698 0.480055 0.283584  1.16271
 0.47834 0.287099    1.167 0.480057 0.283605  1.16272
 0.47834 0.287119  1.16702 0.480058 0.283627  1.16274
 0.47834 0.287139  1.16704 0.480059 0.283648  1.16276
 0.47834 0.287159  1.16706  0.48006 0.283669  1.16278
 0.47834 0.287179  1.16708 0.480061  0.28369  1.16279
 0.47834 0.287199   1.1671 0.480062 0.283711  1.16281
 0.47834 0.287219  1.16712 0.480064 0.283732  1.16283
 0.47834 0.287239  1.16714 0.480065 0.283753  1.16285
 0.47834 0.287259  1.16716 0.480066 0.283774  1.16287
 0.47834 0.287279  1.16718 0.480067 0.283796  1.16288
 0.47834 0.287299   1.1672 0.480068 0.283817   1.1629
 0.47834 0.287319  1.16722 0.480069 0.283838  1.16292
 0.47834 0.287339  1.16724  0.48007 0.283858  1.16294
 0.47834 0.287359  1.16726 0.480071 0.283879  1.16295
 0.47834 0.287379  1.16728 0.480072 0.283897  1.16297
 0.47834 0.287399   1.1673 0.480073 0.283911  1.16299
 0.47834 0.287419  1.16732 0.480074 0.283923  1.16301
 0.47834 0.287439  1.16734 0.480074 0.283931  1.16303
 0.47834 0.287459  1.16736 0.480075 0.283937  1.16306
 0.47834 0.287479  1.16738 0.480075 0.283943  1.16308
 0.47834 0.287499   1.1674 0.480075  0.28395   1.1631
 0.47834 0.287519  1.16742 0.480076 0.283957  1.16312
 0.47834 0.287539  1.16744 0.480076 0.283965  1.16314
 0.47834 0.287559  1.16746 0.480077 0.283974  1.16317
 0.47834 0.287579  1.16748 0.480077 0.283983  1.16319
 0.47834 0.287599   1.1675 0.480078 0.283994  1.16321
 0.47834 0.287619  1.16752 0.480079 0.284005  1.16323
 0.47834 0.287639  1.16754 0.480079 0.284016  1.16325
 0.47834 0.287658  1.16756  0.48008 0.284028  1.16327
 0.47834 0.287678  1.16758 0.480081 0.284041  1.16329
 0.47834 0.287698   1.1676 0.480081 0.284054  1.16331
 0.47834 0.287718  1.16762 0.480082 0.284068  1.16333
 0.47834 0.287738  1.16764 0.480083 0.284082  1.16335
 0.47834 0.287758  1.16766 0.480083 0.284097  1.16337
 0.47834 0.287778  1.16768 0.480084 0.284112  1.16339
 0.47834 0.287797   1.1677 0.480085 0.284128  1.16341
 0.47834 0.287817  1.16772 0.480086 0.284144  1.16343
 0.47834 0.287837  1.16774 0.480086 0.284161  1.16345
 0.47834 0.287857  1.16776 0.480087 0.284177  1.16347
 0.47834 0.287877  1.16778 0.480088 0.284195  1.16349
 0.47834 0.287896   1.1678 0.480089 0.284212  1.16351
 0.47834 0.287916  1.16782 0.48009 0.28423 1.16353
 0.47834 0.287936  1.16784 0.480091 0.284249  1.16355
 0.47834 0.287956  1.16786 0.480092 0.284267  1.16356
 0.47834 0.287976  1.16788 0.480093 0.284286  1.16358
 0.47834 0.287995   1.1679 0.480093 0.284306   1.1636
 0.47834 0.288015  1.16792 0.480094 0.284325  1.16362
 0.47834 0.288035  1.16794 0.480095 0.284345  1.16364
 0.47834 0.288055  1.16796 0.480096 0.284365  1.16366
 0.47834 0.288074  1.16798 0.480097 0.284385  1.16368
 0.47834 0.288094    1.168 0.480098 0.284406   1.1637
 0.47834 0.288114  1.16802 0.480099 0.284423  1.16371
 0.47834 0.288134  1.16804 0.480099 0.284437  1.16374
 0.47834 0.288153  1.16806   0.4801 0.284449  1.16376
 0.47834 0.288173  1.16808   0.4801 0.284461  1.16378
 0.47834 0.288193   1.1681   0.4801 0.284474   1.1638
 0.47834 0.288212  1.16812 0.480101 0.284488  1.16382
 0.47834 0.288232  1.16814 0.480101 0.284502  1.16384
 0.47834 0.288252  1.16816 0.480102 0.284517  1.16386
 0.47834 0.288271  1.16818 0.480102 0.284532  1.16388
 0.47834 0.288291  1.16819 0.480103 0.284548   1.1639
 0.47834 0.288311  1.16821 0.480103 0.284564  1.16392
0.47834 0.28833 1.16823 0.480104 0.284581  1.16394
0.47834 0.28835 1.16825 0.480104 0.284598  1.16396
0.47834 0.28837 1.16827 0.480105 0.284616  1.16398
 0.47834 0.288389  1.16829 0.480106 0.284634    1.164
 0.47834 0.288409  1.16831 0.480106 0.284652  1.16402
 0.47834 0.288428  1.16833 0.480107 0.284671  1.16404
 0.47834 0.288448  1.16835 0.480108  0.28469  1.16406
 0.47834 0.288468  1.16837 0.480109 0.284709  1.16408
 0.47834 0.288487  1.16839 0.480109 0.284729   1.1641
 0.47834 0.288507  1.16841  0.48011 0.284749  1.16412
 0.47834 0.288526  1.16843 0.480111 0.284769  1.16414
 0.47834 0.288546  1.16845 0.480112  0.28479  1.16416
 0.47834 0.288565  1.16847 0.480113 0.284811  1.16418
 0.47834 0.288585  1.16849 0.480113 0.284829   1.1642
 0.47834 0.288605  1.16851 0.480114 0.284844  1.16422
 0.47834 0.288624  1.16853 0.480114  0.28486  1.16424
 0.47834 0.288644  1.16855 0.480114 0.284876  1.16426
 0.47834 0.288663  1.16857 0.480115 0.284893  1.16428
 0.47834 0.288683  1.16859 0.480115  0.28491   1.1643
 0.47834 0.288702  1.16861 0.480116 0.284927  1.16432
 0.47834 0.288722  1.16863 0.480116 0.284945  1.16434
 0.47834 0.288741  1.16865 0.480117 0.284964  1.16436
 0.47834 0.288761  1.16866 0.480118 0.284982  1.16438
0.47834 0.28878 1.16868 0.480118 0.285001   1.1644
0.47834  0.2888  1.1687 0.480119 0.285021  1.16442
 0.47834 0.288819  1.16872 0.480119 0.285041  1.16444
 0.47834 0.288839  1.16874  0.48012 0.285061  1.16446
 0.47834 0.288858  1.16876 0.480121 0.285081  1.16448
 0.47834 0.288877  1.16878 0.480122 0.285102   1.1645
 0.47834 0.288897   1.1688 0.480122 0.285122  1.16452
 0.47834 0.288916  1.16882 0.480123 0.285143  1.16454
 0.47834 0.288936  1.16884 0.480124 0.285162  1.16456
 0.47834 0.288955  1.16886 0.480124 0.285177  1.16458
 0.47834 0.288975  1.16888 0.480124 0.285193   1.1646
 0.47834 0.288994   1.1689 0.480124  0.28521  1.16462
 0.47834 0.289013  1.16892 0.480125 0.285227  1.16464
 0.47834 0.289033  1.16894 0.480125 0.285245  1.16466
 0.47834 0.289052  1.16896 0.480126 0.285262  1.16468
 0.47834 0.289072  1.16898 0.480126 0.285281   1.1647
 0.47834 0.289091  1.16899 0.480127 0.285299  1.16472
0.47834 0.28911 1.16901 0.480127 0.285318  1.16474
0.47834 0.28913 1.16903 0.480128 0.285337  1.16476
 0.47834 0.289149  1.16905 0.480128 0.285357  1.16478
 0.47834 0.289168  1.16907 0.480129 0.285377   1.1648
 0.47834 0.289188  1.16909  0.48013 0.285397  1.16482
 0.47834 0.289207  1.16911  0.48013 0.285417  1.16484
 0.47834 0.289226  1.16913 0.480131 0.285437  1.16486
 0.47834 0.289246  1.16915 0.480132 0.285458  1.16488
 0.47834 0.289265  1.16917 0.480132 0.285479   1.1649
 0.47834 0.289284  1.16919 0.480133   0.2855  1.16492
 0.47834 0.289303  1.16921 0.480134 0.285521  1.16494
 0.47834 0.289323  1.16923 0.480135 0.285543  1.16496
 0.47834 0.289342  1.16925 0.480135 0.285564  1.16498
 0.47834 0.289361  1.16927 0.480136 0.285586    1.165
 0.47834 0.289381  1.16928 0.480137 0.285608  1.16502
0.47834  0.2894  1.1693 0.480138 0.285627  1.16504
 0.47834 0.289419  1.16932 0.480138 0.285643  1.16506
 0.47834 0.289438  1.16934 0.480138  0.28566  1.16508
 0.47834 0.289458  1.16936 0.480139 0.285677   1.1651
 0.47834 0.289477  1.16938 0.480139 0.285695  1.16512
 0.47834 0.289496   1.1694 0.480139 0.285713  1.16514
 0.47834 0.289515  1.16942  0.48014 0.285731  1.16516
 0.47834 0.289534  1.16944  0.48014 0.285749  1.16518
 0.47834 0.289554  1.16946 0.480141 0.285768   1.1652
 0.47834 0.289573  1.16948 0.480141 0.285787  1.16522
 0.47834 0.289592   1.1695 0.480142 0.285806  1.16524
 0.47834 0.289611  1.16952 0.480142 0.285825  1.16526
0.47834 0.28963 1.16953 0.480143 0.285845  1.16528
 0.47834 0.289649  1.16955 0.480144 0.285865   1.1653
 0.47834 0.289669  1.16957 0.480144 0.285885  1.16532
 0.47834 0.289688  1.16959 0.480145 0.285905  1.16534
 0.47834 0.289707  1.16961 0.480146 0.285925  1.16536
 0.47834 0.289726  1.16963 0.480146 0.285945  1.16538
 0.47834 0.289745  1.16965 0.480147 0.285966   1.1654
 0.47834 0.289764  1.16967 0.480148 0.285986  1.16542
 0.47834 0.289783  1.16969 0.480148 0.286007  1.16544
 0.47834 0.289803  1.16971 0.480149 0.286028  1.16546
 0.47834 0.289822  1.16973  0.48015 0.286048  1.16548
 0.47834 0.289841  1.16974 0.480151 0.286069  1.16549
0.47834 0.28986 1.16976 0.480152  0.28609  1.16551
 0.47834 0.289879  1.16978 0.480152 0.286108  1.16553
 0.47834 0.289898   1.1698 0.480153 0.286127  1.16555
 0.47834 0.289917  1.16982 0.480153 0.286146  1.16557
 0.47834 0.289936  1.16984 0.480154 0.286164  1.16559
 0.47834 0.289955  1.16986 0.480154 0.286183  1.16561
 0.47834 0.289974  1.16988 0.480155 0.286202  1.16563
 0.47834 0.289993   1.1699 0.480155 0.286221  1.16565
 0.47834 0.290012  1.16992 0.480156 0.286241  1.16567
 0.47834 0.290031  1.16994 0.480157  0.28626  1.16569
0.47834 0.29005 1.16995 0.480157 0.286277  1.16571
 0.47834 0.290069  1.16997 0.480157 0.286294  1.16573
 0.47834 0.290088  1.16999 0.480158 0.286311  1.16575
 0.47834 0.290107  1.17001 0.480158 0.286328  1.16577
 0.47834 0.290126  1.17003 0.480159 0.286346  1.16579
 0.47834 0.290145  1.17005 0.480159 0.286364  1.16581
 0.47834 0.290164  1.17007  0.48016 0.286382  1.16583
 0.47834 0.290183  1.17009 0.48016  0.2864 1.16585
 0.47834 0.290202  1.17011 0.480161 0.286418  1.16587
 0.47834 0.290221  1.17012 0.480161 0.286436  1.16589
0.47834 0.29024 1.17014 0.480162 0.286454  1.16591
 0.47834 0.290259  1.17016 0.480162 0.286473  1.16593
 0.47834 0.290278  1.17018 0.480163 0.286491  1.16595
 0.47834 0.290297   1.1702 0.480164  0.28651  1.16597
 0.47834 0.290316  1.17022 0.480164 0.286529  1.16599
 0.47834 0.290334  1.17024 0.480165 0.286548  1.16601
 0.47834 0.290353  1.17026 0.480165 0.286567  1.16603
 0.47834 0.290372  1.17028 0.480166 0.286586  1.16604
 0.47834 0.290391   1.1703 0.480167 0.286605  1.16606
0.47834 0.29041 1.17031 0.480167 0.286624  1.16608
 0.47834 0.290429  1.17033 0.480168 0.286643   1.1661
 0.47834 0.290448  1.17035 0.480169 0.286662  1.16612
 0.47834 0.290467  1.17037  0.48017 0.286681  1.16614
 0.47834 0.290485  1.17039  0.48017 0.286697  1.16616
 0.47834 0.290504  1.17041  0.48017 0.286714  1.16618
 0.47834 0.290523  1.17043 0.480171 0.286731   1.1662
 0.47834 0.290542  1.17045 0.480171 0.286747  1.16622
 0.47834 0.290561  1.17046 0.480172 0.286764  1.16624
 0.47834 0.290579  1.17048 0.480172 0.286782  1.16626
 0.47834 0.290598   1.1705 0.480173 0.286799  1.16628
 0.47834 0.290617  1.17052 0.480173 0.286816   1.1663
 0.47834 0.290636  1.17054 0.480174 0.286833  1.16632
 0.47834 0.290655  1.17056 0.480174 0.286851  1.16634
 0.47834 0.290673  1.17058 0.480175 0.286869  1.16635
 0.47834 0.290692   1.1706 0.480175 0.286886  1.16637
 0.47834 0.290711  1.17061 0.480176 0.286904  1.16639
0.47834 0.29073 1.17063 0.480176 0.286922  1.16641
 0.47834 0.290748  1.17065 0.480177  0.28694  1.16643
 0.47834 0.290767  1.17067 0.480177 0.286957  1.16645
 0.47834 0.290786  1.17069 0.480178 0.286975  1.16647
 0.47834 0.290805  1.17071 0.480179 0.286993  1.16649
 0.47834 0.290823  1.17073 0.480179 0.287011  1.16651
 0.47834 0.290842  1.17075  0.48018 0.287029  1.16653
 0.47834 0.290861  1.17076  0.48018 0.287048  1.16655
 0.47834 0.290879  1.17078 0.480181 0.287066  1.16656
 0.47834 0.290898   1.1708 0.480182 0.287084  1.16658
 0.47834 0.290917  1.17082 0.480182 0.287099   1.1666
 0.47834 0.290935  1.17084 0.480182 0.287115  1.16662
 0.47834 0.290954  1.17086 0.480182  0.28713  1.16664
 0.47834 0.290973  1.17088 0.480183 0.287146  1.16666
 0.47834 0.290991   1.1709 0.480183 0.287162  1.16668
0.47834 0.29101 1.17091 0.480183 0.287178   1.1667
 0.47834 0.291029  1.17093 0.480184 0.287194  1.16672
 0.47834 0.291047  1.17095 0.480184  0.28721  1.16674
 0.47834 0.291066  1.17097 0.480185 0.287227  1.16676
 0.47834 0.291084  1.17099 0.480185 0.287243  1.16678
 0.47834 0.291103  1.17101 0.480185  0.28726   1.1668
 0.47834 0.291122  1.17103 0.480186 0.287276  1.16682
0.47834 0.29114 1.17104 0.480186 0.287293  1.16684
 0.47834 0.291159  1.17106 0.480187  0.28731  1.16686
 0.47834 0.291177  1.17108 0.480187 0.287327  1.16687
 0.47834 0.291196   1.1711 0.480187 0.287344  1.16689
 0.47834 0.291214  1.17112 0.480188 0.287361  1.16691
 0.47834 0.291233  1.17114 0.480188 0.287378  1.16693
 0.47834 0.291252  1.17116 0.480189 0.287395  1.16695
0.47834 0.29127 1.17117 0.480189 0.287412  1.16697
 0.47834 0.291289  1.17119  0.48019 0.287429  1.16699
 0.47834 0.291307  1.17121  0.48019 0.287447  1.16701
 0.47834 0.291326  1.17123  0.48019 0.287464  1.16703
 0.47834 0.291344  1.17125 0.480191 0.287481  1.16705
 0.47834 0.291363  1.17127 0.480191 0.287499  1.16706
 0.47834 0.291381  1.17129 0.480192 0.287516  1.16708
0.47834  0.2914  1.1713 0.480192 0.287534   1.1671
 0.47834 0.291418  1.17132 0.480193 0.287551  1.16712
 0.47834 0.291436  1.17134 0.480193 0.287569  1.16714
 0.47834 0.291455  1.17136 0.480194 0.287587  1.16716
 0.47834 0.291473  1.17138 0.480194 0.287604  1.16718
 0.47834 0.291492   1.1714 0.480194 0.287622   1.1672
0.47834 0.29151 1.17141 0.480195  0.28764  1.16721
 0.47834 0.291529  1.17143 0.480195 0.287657  1.16723
 0.47834 0.291547  1.17145 0.480196 0.287675  1.16725
 0.47834 0.291566  1.17147 0.480196 0.287693  1.16727
 0.47834 0.291584  1.17149 0.480196  0.28771  1.16729
 0.47834 0.291602  1.17151 0.480197 0.287728  1.16731
 0.47834 0.291621  1.17152 0.480197 0.287746  1.16733
 0.47834 0.291639  1.17154 0.480198 0.287764  1.16734
 0.47834 0.291657  1.17156 0.480198 0.287782  1.16736
 0.47834 0.291676  1.17158 0.480198 0.287796  1.16738
 0.47834 0.291694   1.1716 0.480198 0.287811   1.1674
 0.47834 0.291713  1.17162 0.480198 0.287826  1.16742
 0.47834 0.291731  1.17163 0.480198 0.287841  1.16744
 0.47834 0.291749  1.17165 0.480198 0.287856  1.16746
 0.47834 0.291768  1.17167 0.480198 0.287872  1.16748
 0.47834 0.291786  1.17169 0.480199 0.287887   1.1675
 0.47834 0.291804  1.17171 0.480199 0.287903  1.16752
 0.47834 0.291823  1.17173 0.480199 0.287919  1.16754
 0.47834 0.291841  1.17174 0.480199 0.287935  1.16756
 0.47834 0.291859  1.17176 0.480199 0.287951  1.16758
 0.47834 0.291877  1.17178 0.480199 0.287967   1.1676
 0.47834 0.291896   1.1718 0.480199 0.287983  1.16761
 0.47834 0.291914  1.17182 0.480199    0.288  1.16763
 0.47834 0.291932  1.17184 0.480199 0.288016  1.16765
0.47834 0.29195 1.17185   0.4802 0.288033  1.16767
 0.47834 0.291969  1.17187   0.4802 0.288049  1.16769
 0.47834 0.291987  1.17189   0.4802 0.288066  1.16771
 0.47834 0.292005  1.17191   0.4802 0.288083  1.16773
 0.47834 0.292023  1.17193  0.4802  0.2881 1.16775
 0.47834 0.292042  1.17195   0.4802 0.288117  1.16777
0.47834 0.29206 1.17196   0.4802 0.288134  1.16778
 0.47834 0.292078  1.17198   0.4802 0.288151   1.1678
 0.47834 0.292096    1.172   0.4802 0.288168  1.16782
 0.47834 0.292114  1.17202 0.480201 0.288185  1.16784
 0.47834 0.292133  1.17204 0.480201 0.288202  1.16786
 0.47834 0.292151  1.17205 0.480201  0.28822  1.16788
 0.47834 0.292169  1.17207 0.480201 0.288237   1.1679
 0.47834 0.292187  1.17209 0.480201 0.288254  1.16792
 0.47834 0.292205  1.17211 0.480201 0.288272  1.16793
 0.47834 0.292223  1.17213 0.480201 0.288289  1.16795
 0.47834 0.292242  1.17215 0.480201 0.288307  1.16797
0.47834 0.29226 1.17216 0.480201 0.288324  1.16799
 0.47834 0.292278  1.17218 0.480201 0.288342  1.16801
 0.47834 0.292296   1.1722 0.480201  0.28836  1.16803
 0.47834 0.292314  1.17222 0.480201 0.288377  1.16805
 0.47834 0.292332  1.17224 0.480202 0.288395  1.16806
0.47834 0.29235 1.17225 0.480202 0.288413  1.16808
 0.47834 0.292368  1.17227 0.480202 0.288431   1.1681
 0.47834 0.292386  1.17229 0.480202 0.288448  1.16812
 0.47834 0.292404  1.17231 0.480202 0.288466  1.16814
 0.47834 0.292422  1.17233 0.480202 0.288484  1.16816
0.47834 0.29244 1.17234 0.480202 0.288502  1.16817
 0.47834 0.292459  1.17236 0.480202  0.28852  1.16819
 0.47834 0.292477  1.17238 0.480202 0.288538  1.16821
 0.47834 0.292495   1.1724 0.480202 0.288556  1.16823
 0.47834 0.292513  1.17242 0.480202 0.288574  1.16825
 0.47834 0.292531  1.17243 0.480202 0.288592  1.16827
 0.47834 0.292549  1.17245 0.480202  0.28861  1.16829
 0.47834 0.292567  1.17247 0.480202 0.288628   1.1683
 0.47834 0.292585  1.17249 0.480202 0.288646  1.16832
 0.47834 0.292603  1.17251 0.480202 0.288664  1.16834
 0.47834 0.292621  1.17252 0.480202 0.288682  1.16836
 0.47834 0.292639  1.17254 0.480202   0.2887  1.16838
 0.47834 0.292657  1.17256 0.480202 0.288718   1.1684
 0.47834 0.292674  1.17258 0.480202 0.288736  1.16841
 0.47834 0.292692   1.1726 0.480202 0.288754  1.16843
0.47834 0.29271 1.17261 0.480202 0.288773  1.16845
 0.47834 0.292728  1.17263 0.480201 0.288791  1.16847
 0.47834 0.292746  1.17265 0.480201 0.288809  1.16849
 0.47834 0.292764  1.17267 0.480201 0.288827  1.16851
 0.47834 0.292782  1.17269 0.480201 0.288845  1.16852
0.47834  0.2928  1.1727 0.480201 0.288863  1.16854
 0.47834 0.292818  1.17272 0.480201 0.288881  1.16856
 0.47834 0.292836  1.17274 0.480201 0.288899  1.16858
 0.47834 0.292854  1.17276 0.480201 0.288918   1.1686
 0.47834 0.292871  1.17278 0.480201 0.288936  1.16862
 0.47834 0.292889  1.17279 0.480201 0.288954  1.16863
 0.47834 0.292907  1.17281 0.480201 0.288972  1.16865
 0.47834 0.292925  1.17283  0.4802 0.28899 1.16867
 0.47834 0.292943  1.17285   0.4802 0.289008  1.16869
 0.47834 0.292961  1.17286   0.4802 0.289026  1.16871
 0.47834 0.292978  1.17288   0.4802 0.289045  1.16872
 0.47834 0.292996   1.1729   0.4802 0.289063  1.16874
 0.47834 0.293014  1.17292   0.4802 0.289081  1.16876
 0.47834 0.293032  1.17294   0.4802 0.289099  1.16878
0.47834 0.29305 1.17295   0.4802 0.289117   1.1688
 0.47834 0.293067  1.17297 0.480199 0.289135  1.16882
 0.47834 0.293085  1.17299 0.480199 0.289153  1.16883
 0.47834 0.293103  1.17301 0.480199 0.289171  1.16885
 0.47834 0.293121  1.17302 0.480199 0.289189  1.16887
 0.47834 0.293139  1.17304 0.480199 0.289207  1.16889
 0.47834 0.293156  1.17306 0.480199 0.289225  1.16891
 0.47834 0.293174  1.17308 0.480198 0.289243  1.16892
 0.47834 0.293192   1.1731 0.480198 0.289261  1.16894
0.47834 0.29321 1.17311 0.480198  0.28928  1.16896
 0.47834 0.293227  1.17313 0.480198 0.289298  1.16898
 0.47834 0.293245  1.17315 0.480198 0.289316    1.169
 0.47834 0.293263  1.17317 0.480197 0.289334  1.16901
0.47834 0.29328 1.17318 0.480197 0.289352  1.16903
 0.47834 0.293298   1.1732 0.480197  0.28937  1.16905
 0.47834 0.293316  1.17322 0.480197 0.289387  1.16907
 0.47834 0.293333  1.17324 0.480197 0.289405  1.16909
 0.47834 0.293351  1.17325 0.480196 0.289423   1.1691
 0.47834 0.293369  1.17327 0.480196 0.289441  1.16912
 0.47834 0.293386  1.17329 0.480196 0.289459  1.16914
 0.47834 0.293404  1.17331 0.480196 0.289477  1.16916
 0.47834 0.293422  1.17333 0.480196 0.289495  1.16918
 0.47834 0.293439  1.17334 0.480195 0.289513  1.16919
 0.47834 0.293457  1.17336 0.480195 0.289531  1.16921
 0.47834 0.293474  1.17338 0.480195 0.289549  1.16923
 0.47834 0.293492   1.1734 0.480195 0.289567  1.16925
0.47834 0.29351 1.17341 0.480194 0.289584  1.16927
 0.47834 0.293527  1.17343 0.480194 0.289602  1.16928
 0.47834 0.293545  1.17345 0.480194  0.28962   1.1693
 0.47834 0.293562  1.17347 0.480194 0.289638  1.16932
0.47834 0.29358 1.17348 0.480193 0.289656  1.16934
 0.47834 0.293597   1.1735 0.480193 0.289674  1.16936
 0.47834 0.293615  1.17352 0.480193 0.289692  1.16937
 0.47834 0.293633  1.17354 0.480193 0.289709  1.16939
0.47834 0.29365 1.17355 0.480192 0.289727  1.16941
 0.47834 0.293668  1.17357 0.480192 0.289745  1.16943
 0.47834 0.293685  1.17359 0.480192 0.289763  1.16945
 0.47834 0.293703  1.17361 0.480191 0.289781  1.16946
0.47834 0.29372 1.17362 0.480191 0.289799  1.16948
 0.47834 0.293738  1.17364 0.480191 0.289816   1.1695
 0.47834 0.293755  1.17366  0.48019 0.289834  1.16952
 0.47834 0.293773  1.17368  0.48019 0.289852  1.16953
0.47834 0.29379 1.17369 0.48019 0.28987 1.16955
 0.47834 0.293808  1.17371 0.480189 0.289888  1.16957
 0.47834 0.293825  1.17373 0.480189 0.289906  1.16959
 0.47834 0.293842  1.17375 0.480189 0.289923  1.16961
0.47834 0.29386 1.17376 0.480188 0.289941  1.16962
 0.47834 0.293877  1.17378 0.480188 0.289959  1.16964
 0.47834 0.293895   1.1738 0.480188 0.289977  1.16966
 0.47834 0.293912  1.17382 0.480187 0.289995  1.16968
0.47834 0.29393 1.17383 0.480187 0.290012  1.16969
 0.47834 0.293947  1.17385 0.480187  0.29003  1.16971
 0.47834 0.293964  1.17387 0.480186 0.290048  1.16973
 0.47834 0.293982  1.17389 0.480186 0.290066  1.16975
 0.47834 0.293999   1.1739 0.480185 0.290083  1.16977
 0.47834 0.294016  1.17392 0.480185 0.290101  1.16978
 0.47834 0.294034  1.17394 0.480185 0.290119   1.1698
 0.47834 0.294051  1.17396 0.480184 0.290137  1.16982
 0.47834 0.294069  1.17397 0.480184 0.290154  1.16984
 0.47834 0.294086  1.17399 0.480184 0.290172  1.16985
 0.47834 0.294103  1.17401 0.480183  0.29019  1.16987
0.47834 0.29412 1.17402 0.480183 0.290207  1.16989
 0.47834 0.294138  1.17404 0.480183 0.290225  1.16991
 0.47834 0.294155  1.17406 0.480182 0.290243  1.16992
 0.47834 0.294172  1.17408 0.480182 0.290261  1.16994
0.47834 0.29419 1.17409 0.480181 0.290278  1.16996
 0.47834 0.294207  1.17411 0.480181 0.290296  1.16998
 0.47834 0.294224  1.17413 0.480181 0.290313  1.16999
 0.47834 0.294242  1.17415  0.48018 0.290331  1.17001
 0.47834 0.294259  1.17416  0.48018 0.290349  1.17003
 0.47834 0.294276  1.17418  0.48018 0.290366  1.17005
 0.47834 0.294293   1.1742 0.480179 0.290384  1.17006
 0.47834 0.294311  1.17421 0.480179 0.290402  1.17008
 0.47834 0.294328  1.17423 0.480179 0.290419   1.1701
 0.47834 0.294345  1.17425 0.480178 0.290437  1.17012
 0.47834 0.294362  1.17427 0.480178 0.290455  1.17013
 0.47834 0.294379  1.17428 0.480178 0.290472  1.17015
 0.47834 0.294397   1.1743 0.480177  0.29049  1.17017
 0.47834 0.294414  1.17432 0.480177 0.290507  1.17019
 0.47834 0.294431  1.17433 0.480176 0.290525   1.1702
 0.47834 0.294448  1.17435 0.480176 0.290542  1.17022
 0.47834 0.294465  1.17437 0.480176  0.29056  1.17024
 0.47834 0.294482  1.17439 0.480175 0.290578  1.17026
0.47834  0.2945  1.1744 0.480175 0.290595  1.17027
 0.47834 0.294517  1.17442 0.480175 0.290613  1.17029
 0.47834 0.294534  1.17444 0.480174  0.29063  1.17031
 0.47834 0.294551  1.17445 0.480174 0.290648  1.17033
 0.47834 0.294568  1.17447 0.480174 0.290665  1.17034
 0.47834 0.294585  1.17449 0.480173 0.290683  1.17036
 0.47834 0.294602  1.17451 0.480173   0.2907  1.17038
 0.47834 0.294619  1.17452 0.480173 0.290718   1.1704
 0.47834 0.294636  1.17454 0.480172 0.290736  1.17041
 0.47834 0.294654  1.17456 0.480172 0.290753  1.17043
 0.47834 0.294671  1.17457 0.480172 0.290771  1.17045
 0.47834 0.294688  1.17459 0.480171 0.290788  1.17046
 0.47834 0.294705  1.17461 0.480171 0.290806  1.17048
 0.47834 0.294722  1.17463 0.480171 0.290823   1.1705
 0.47834 0.294739  1.17464  0.48017 0.290841  1.17052
 0.47834 0.294756  1.17466  0.48017 0.290858  1.17053
 0.47834 0.294773  1.17468  0.48017 0.290875  1.17055
0.47834 0.29479 1.17469 0.480169 0.290893  1.17057
 0.47834 0.294807  1.17471 0.480169  0.29091  1.17059
 0.47834 0.294824  1.17473 0.480169 0.290927   1.1706
 0.47834 0.294841  1.17474 0.480168 0.290944  1.17062
 0.47834 0.294858  1.17476 0.480168 0.290961  1.17064
 0.47834 0.294875  1.17478 0.480168 0.290978  1.17065
 0.47834 0.294892   1.1748 0.480167 0.290995  1.17067
 0.47834 0.294909  1.17481 0.480167 0.291011  1.17069
 0.47834 0.294926  1.17483 0.480167 0.291028  1.17071
 0.47834 0.294943  1.17485 0.480166 0.291044  1.17072
0.47834 0.29496 1.17486 0.480166 0.291061  1.17074
 0.47834 0.294977  1.17488 0.480166 0.291077  1.17076
 0.47834 0.294993   1.1749 0.480165 0.291093  1.17078
0.47834 0.29501 1.17491 0.480165 0.291109  1.17079
 0.47834 0.295027  1.17493 0.480165 0.291124  1.17081
 0.47834 0.295044  1.17495 0.480164  0.29114  1.17083
 0.47834 0.295061  1.17497 0.480164 0.291155  1.17085
 0.47834 0.295078  1.17498 0.480164 0.291171  1.17087
 0.47834 0.295095    1.175 0.480163 0.291186  1.17088
 0.47834 0.295112  1.17502 0.480163 0.291201   1.1709
 0.47834 0.295129  1.17503 0.480163 0.291216  1.17092
 0.47834 0.295145  1.17505 0.480163  0.29123  1.17094
 0.47834 0.295162  1.17507 0.480162 0.291245  1.17095
 0.47834 0.295179  1.17508 0.480162 0.291259  1.17097
 0.47834 0.295196   1.1751 0.480162 0.291273  1.17099
 0.47834 0.295213  1.17512 0.480161 0.291288  1.17101
0.47834 0.29523 1.17513 0.480161 0.291302  1.17103
 0.47834 0.295246  1.17515 0.480161 0.291315  1.17104
 0.47834 0.295263  1.17517 0.480161 0.291329  1.17106
0.47834 0.29528 1.17518  0.48016 0.291343  1.17108
 0.47834 0.295297   1.1752  0.48016 0.291356   1.1711
 0.47834 0.295313  1.17522 0.48016 0.29137 1.17112
0.47834 0.29533 1.17523  0.48016 0.291384  1.17113
 0.47834 0.295347  1.17525 0.480159 0.291397  1.17115
 0.47834 0.295364  1.17527 0.480159 0.291412  1.17117
0.47834 0.29538 1.17528 0.480159 0.291426  1.17119
 0.47834 0.295397   1.1753 0.480159  0.29144  1.17121
 0.47834 0.295414  1.17532 0.480159 0.291455  1.17122
 0.47834 0.295431  1.17533 0.480159 0.291469  1.17124
 0.47834 0.295447  1.17535 0.480159 0.291484  1.17126
 0.47834 0.295464  1.17537 0.480159 0.291499  1.17128
 0.47834 0.295481  1.17538 0.480159 0.291514  1.17129
 0.47834 0.295497   1.1754 0.480159  0.29153  1.17131
 0.47834 0.295514  1.17542 0.480159 0.291545  1.17133
 0.47834 0.295531  1.17543 0.480159 0.291561  1.17134
 0.47834 0.295547  1.17545  0.48016 0.291576  1.17136
 0.47834 0.295564  1.17547  0.48016 0.291592  1.17138
 0.47834 0.295581  1.17548  0.48016 0.291608   1.1714
 0.47834 0.295597   1.1755  0.48016 0.291624  1.17141
 0.47834 0.295614  1.17552 0.48016 0.29164 1.17143
 0.47834 0.295631  1.17553 0.480161 0.291655  1.17145
 0.47834 0.295647  1.17555 0.480161 0.291671  1.17146
 0.47834 0.295664  1.17557 0.480161 0.291686  1.17148
0.47834 0.29568 1.17558 0.480161 0.291701   1.1715
 0.47834 0.295697   1.1756 0.480162 0.291716  1.17152
 0.47834 0.295714  1.17562 0.480162 0.291731  1.17153
0.47834 0.29573 1.17563 0.480162 0.291746  1.17155
 0.47834 0.295747  1.17565 0.480162  0.29176  1.17157
 0.47834 0.295763  1.17567 0.480163 0.291775  1.17158
0.47834 0.29578 1.17568 0.480163 0.291789   1.1716
 0.47834 0.295796   1.1757 0.480163 0.291804  1.17162
 0.47834 0.295813  1.17572 0.480163 0.291818  1.17164
 0.47834 0.295829  1.17573 0.480163 0.291832  1.17166
 0.47834 0.295846  1.17575 0.480164 0.291846  1.17167
 0.47834 0.295862  1.17577 0.480164  0.29186  1.17169
 0.47834 0.295879  1.17578 0.480164 0.291874  1.17171
 0.47834 0.295895   1.1758 0.480164 0.291888  1.17173
 0.47834 0.295912  1.17582 0.480165 0.291902  1.17174
 0.47834 0.295928  1.17583 0.480165 0.291915  1.17176
 0.47834 0.295945  1.17585 0.480165 0.291929  1.17178
 0.47834 0.295961  1.17587 0.480165 0.291943   1.1718
 0.47834 0.295978  1.17588 0.480166 0.291956  1.17182
 0.47834 0.295994   1.1759 0.480166  0.29197  1.17183
 0.47834 0.296011  1.17591 0.480166 0.291983  1.17185
 0.47834 0.296027  1.17593 0.480167 0.291996  1.17187
 0.47834 0.296043  1.17595 0.480167  0.29201  1.17189
0.47834 0.29606 1.17596 0.480167 0.292023  1.17191
 0.47834 0.296076  1.17598 0.480167 0.292036  1.17192
 0.47834 0.296093    1.176 0.480168  0.29205  1.17194
 0.47834 0.296109  1.17601 0.480168 0.292063  1.17196
 0.47834 0.296125  1.17603 0.480168 0.292076  1.17198
 0.47834 0.296142  1.17605 0.480169 0.292089    1.172
 0.47834 0.296158  1.17606 0.480169 0.292103  1.17201
 0.47834 0.296174  1.17608 0.480169 0.292116  1.17203
 0.47834 0.296191  1.17609 0.480169  0.29213  1.17205
 0.47834 0.296207  1.17611  0.48017 0.292144  1.17207
 0.47834 0.296223  1.17613  0.48017 0.292159  1.17209
0.47834 0.29624 1.17614 0.480171 0.292173   1.1721
 0.47834 0.296256  1.17616 0.480171 0.292188  1.17212
 0.47834 0.296272  1.17618 0.480171 0.292204  1.17214
 0.47834 0.296289  1.17619 0.480172 0.292219  1.17216
 0.47834 0.296305  1.17621 0.480172 0.292235  1.17217
 0.47834 0.296321  1.17623 0.480173 0.292251  1.17219
 0.47834 0.296337  1.17624 0.480173 0.292267  1.17221
 0.47834 0.296354  1.17626 0.480174 0.292284  1.17222
0.47834 0.29637 1.17627 0.480174 0.292301  1.17224
 0.47834 0.296386  1.17629 0.480175 0.292318  1.17226
 0.47834 0.296402  1.17631 0.480175 0.292335  1.17227
 0.47834 0.296419  1.17632 0.480176 0.292352  1.17229
 0.47834 0.296435  1.17634 0.480176 0.292369  1.17231
 0.47834 0.296451  1.17636 0.480177 0.292386  1.17232
 0.47834 0.296467  1.17637 0.480177 0.292403  1.17234
 0.47834 0.296484  1.17639 0.480178  0.29242  1.17236
0.47834  0.2965  1.1764 0.480178 0.292437  1.17238
 0.47834 0.296516  1.17642 0.480179 0.292454  1.17239
 0.47834 0.296532  1.17644 0.480179  0.29247  1.17241
 0.47834 0.296548  1.17645  0.48018 0.292487  1.17243
 0.47834 0.296564  1.17647  0.48018 0.292504  1.17244
 0.47834 0.296581  1.17648 0.480181  0.29252  1.17246
 0.47834 0.296597   1.1765 0.480181 0.292537  1.17248
 0.47834 0.296613  1.17652 0.480182 0.292553  1.17249
 0.47834 0.296629  1.17653 0.480182  0.29257  1.17251
 0.47834 0.296645  1.17655 0.480183 0.292586  1.17253
 0.47834 0.296661  1.17657 0.480183 0.292602  1.17255
 0.47834 0.296677  1.17658 0.480184 0.292619  1.17256
 0.47834 0.296693   1.1766 0.480184 0.292636  1.17258
 0.47834 0.296709  1.17661 0.480185 0.292652   1.1726
 0.47834 0.296726  1.17663 0.480185  0.29267  1.17261
 0.47834 0.296742  1.17665 0.480186 0.292687  1.17263
 0.47834 0.296758  1.17666 0.480186 0.292704  1.17265
 0.47834 0.296774  1.17668 0.480187 0.292722  1.17266
0.47834 0.29679 1.17669 0.480187  0.29274  1.17268
 0.47834 0.296806  1.17671 0.480188 0.292758   1.1727
 0.47834 0.296822  1.17673 0.480189 0.292775  1.17271
 0.47834 0.296838  1.17674 0.480189 0.292793  1.17273
 0.47834 0.296854  1.17676  0.48019 0.292811  1.17275
0.47834 0.29687 1.17677  0.48019 0.292828  1.17276
 0.47834 0.296886  1.17679 0.480191 0.292845  1.17278
 0.47834 0.296902  1.17681 0.480191 0.292862   1.1728
 0.47834 0.296918  1.17682 0.480192 0.292879  1.17281
 0.47834 0.296934  1.17684 0.480192 0.292896  1.17283
0.47834 0.29695 1.17685 0.480193 0.292913  1.17285
 0.47834 0.296966  1.17687 0.480194 0.292929  1.17286
 0.47834 0.296982  1.17689 0.480194 0.292946  1.17288
 0.47834 0.296998   1.1769 0.480195 0.292962   1.1729
 0.47834 0.297013  1.17692 0.480195 0.292979  1.17291
 0.47834 0.297029  1.17693 0.480196 0.292996  1.17293
 0.47834 0.297045  1.17695 0.480196 0.293013  1.17295
 0.47834 0.297061  1.17697 0.480197  0.29303  1.17296
 0.47834 0.297077  1.17698 0.480198 0.293047  1.17298
 0.47834 0.297093    1.177 0.480198 0.293064    1.173
 0.47834 0.297109  1.17701 0.480199 0.293081  1.17301
 0.47834 0.297125  1.17703 0.480199 0.293097  1.17303
 0.47834 0.297141  1.17704   0.4802 0.293114  1.17304
 0.47834 0.297156  1.17706  0.4802 0.29313 1.17306
 0.47834 0.297172  1.17708 0.480201 0.293146  1.17308
 0.47834 0.297188  1.17709 0.480201 0.293162  1.17309
 0.47834 0.297204  1.17711 0.480202 0.293178  1.17311
0.47834 0.29722 1.17712 0.480203 0.293194  1.17313
 0.47834 0.297236  1.17714 0.480203 0.293211  1.17314
 0.47834 0.297251  1.17716 0.480204 0.293227  1.17316
 0.47834 0.297267  1.17717 0.480204 0.293243  1.17318
 0.47834 0.297283  1.17719 0.480205 0.293259  1.17319
 0.47834 0.297299   1.1772 0.480205 0.293275  1.17321
 0.47834 0.297315  1.17722 0.480206  0.29329  1.17323
0.47834 0.29733 1.17723 0.480207 0.293306  1.17324
 0.47834 0.297346  1.17725 0.480207 0.293321  1.17326
 0.47834 0.297362  1.17727 0.480208 0.293337  1.17328
 0.47834 0.297378  1.17728 0.480208 0.293353  1.17329
 0.47834 0.297393   1.1773 0.480209 0.293368  1.17331
 0.47834 0.297409  1.17731 0.480209 0.293384  1.17332
 0.47834 0.297425  1.17733  0.48021 0.293399  1.17334
0.47834 0.29744 1.17734  0.48021 0.293414  1.17336
 0.47834 0.297456  1.17736 0.480211 0.293429  1.17337
 0.47834 0.297472  1.17738 0.480212 0.293444  1.17339
 0.47834 0.297487  1.17739 0.480212  0.29346  1.17341
 0.47834 0.297503  1.17741 0.480213 0.293475  1.17342
 0.47834 0.297519  1.17742 0.480213  0.29349  1.17344
 0.47834 0.297534  1.17744 0.480214 0.293504  1.17345
0.47834 0.29755 1.17745 0.480214 0.293519  1.17347
 0.47834 0.297566  1.17747 0.480215 0.293534  1.17349
 0.47834 0.297581  1.17749 0.480215 0.293549   1.1735
 0.47834 0.297597   1.1775 0.480216 0.293563  1.17352
 0.47834 0.297613  1.17752 0.480217 0.293578  1.17354
 0.47834 0.297628  1.17753 0.480217 0.293593  1.17355
 0.47834 0.297644  1.17755 0.480218 0.293607  1.17357
 0.47834 0.297659  1.17756 0.480218 0.293622  1.17358
 0.47834 0.297675  1.17758 0.480219 0.293636   1.1736
 0.47834 0.297691  1.17759 0.480219 0.293651  1.17362
 0.47834 0.297706  1.17761  0.48022 0.293665  1.17363
 0.47834 0.297722  1.17763  0.48022 0.293679  1.17365
 0.47834 0.297737  1.17764 0.480221 0.293693  1.17366
 0.47834 0.297753  1.17766 0.480222 0.293708  1.17368
 0.47834 0.297768  1.17767 0.480222 0.293722   1.1737
 0.47834 0.297784  1.17769 0.480223 0.293736  1.17371
 0.47834 0.297799   1.1777 0.480223  0.29375  1.17373
 0.47834 0.297815  1.17772 0.480224 0.293764  1.17374
0.47834 0.29783 1.17773 0.480224 0.293778  1.17376
 0.47834 0.297846  1.17775 0.480225 0.293792  1.17378
 0.47834 0.297861  1.17777 0.480225 0.293807  1.17379
 0.47834 0.297877  1.17778 0.480226 0.293821  1.17381
 0.47834 0.297892   1.1778 0.480227 0.293835  1.17382
 0.47834 0.297908  1.17781 0.480227 0.293849  1.17384
 0.47834 0.297923  1.17783 0.480228 0.293863  1.17386
 0.47834 0.297939  1.17784 0.480228 0.293877  1.17387
 0.47834 0.297954  1.17786 0.480229 0.293891  1.17389
 0.47834 0.297969  1.17787 0.480229 0.293905   1.1739
 0.47834 0.297985  1.17789  0.48023 0.293919  1.17392
0.47834   0.298  1.1779  0.48023 0.293933  1.17394
 0.47834 0.298016  1.17792 0.480231 0.293947  1.17395
 0.47834 0.298031  1.17793 0.480232 0.293961  1.17397
 0.47834 0.298046  1.17795 0.480232 0.293974  1.17398
 0.47834 0.298062  1.17797 0.480233 0.293988    1.174
 0.47834 0.298077  1.17798 0.480233 0.294002  1.17401
 0.47834 0.298092    1.178 0.480234 0.294016  1.17403
 0.47834 0.298108  1.17801 0.480234  0.29403  1.17405
 0.47834 0.298123  1.17803 0.480235 0.294045  1.17406
 0.47834 0.298138  1.17804 0.480235 0.294059  1.17408
 0.47834 0.298154  1.17806 0.480236 0.294073  1.17409
 0.47834 0.298169  1.17807 0.480237 0.294086  1.17411
 0.47834 0.298184  1.17809 0.480237   0.2941  1.17412
0.47834  0.2982  1.1781 0.480238 0.294114  1.17414
 0.47834 0.298215  1.17812 0.480238 0.294128  1.17415
0.47834 0.29823 1.17813 0.480239 0.294142  1.17417
 0.47834 0.298246  1.17815 0.480239 0.294156  1.17419
 0.47834 0.298261  1.17816 0.48024 0.29417  1.1742
 0.47834 0.298276  1.17818  0.48024 0.294185  1.17422
 0.47834 0.298291   1.1782 0.480241 0.294199  1.17423
 0.47834 0.298307  1.17821 0.480241 0.294214  1.17425
 0.47834 0.298322  1.17823 0.480242 0.294228  1.17426
 0.47834 0.298337  1.17824 0.480242 0.294242  1.17428
 0.47834 0.298352  1.17826 0.480243 0.294256  1.17429
 0.47834 0.298367  1.17827 0.480243  0.29427  1.17431
 0.47834 0.298383  1.17829 0.480244 0.294284  1.17432
 0.47834 0.298398   1.1783 0.480244 0.294298  1.17434
 0.47834 0.298413  1.17832 0.480245 0.294312  1.17435
 0.47834 0.298428  1.17833 0.480246 0.294327  1.17437
 0.47834 0.298443  1.17835 0.480246 0.294341  1.17438
 0.47834 0.298458  1.17836 0.480247 0.294356   1.1744
 0.47834 0.298474  1.17838 0.480247 0.294371  1.17441
 0.47834 0.298489  1.17839 0.480248 0.294386  1.17443
 0.47834 0.298504  1.17841 0.480248   0.2944  1.17444
 0.47834 0.298519  1.17842 0.480249 0.294415  1.17446
 0.47834 0.298534  1.17844 0.480249 0.294429  1.17447
 0.47834 0.298549  1.17845  0.48025 0.294444  1.17449
 0.47834 0.298564  1.17847  0.48025 0.294458   1.1745
 0.47834 0.298579  1.17848 0.480251 0.294473  1.17452
 0.47834 0.298594   1.1785 0.480251 0.294487  1.17453
0.47834 0.29861 1.17851 0.480252 0.294501  1.17455
 0.47834 0.298625  1.17853 0.480252 0.294515  1.17457
0.47834 0.29864 1.17854 0.480253  0.29453  1.17458
 0.47834 0.298655  1.17856 0.480254 0.294545  1.17459
0.47834 0.29867 1.17857 0.480254  0.29456  1.17461
 0.47834 0.298685  1.17859 0.480255 0.294575  1.17462
0.47834  0.2987  1.1786 0.480255  0.29459  1.17464
 0.47834 0.298715  1.17862 0.480256 0.294605  1.17465
0.47834 0.29873 1.17863 0.480256  0.29462  1.17467
 0.47834 0.298745  1.17865 0.480257 0.294635  1.17468
0.47834 0.29876 1.17866 0.480258 0.294649   1.1747
 0.47834 0.298775  1.17868 0.480258 0.294664  1.17471
0.47834 0.29879 1.17869 0.480259 0.294678  1.17473
 0.47834 0.298805  1.17871 0.480259 0.294693  1.17474
0.47834 0.29882 1.17872  0.48026 0.294707  1.17476
 0.47834 0.298835  1.17874  0.48026 0.294722  1.17477
 0.47834 0.298849  1.17875 0.480261 0.294737  1.17479
 0.47834 0.298864  1.17877 0.480261 0.294752   1.1748
 0.47834 0.298879  1.17878 0.480262 0.294767  1.17482
 0.47834 0.298894   1.1788 0.480263 0.294782  1.17483
 0.47834 0.298909  1.17881 0.480263 0.294798  1.17485
 0.47834 0.298924  1.17883 0.480264 0.294813  1.17486
 0.47834 0.298939  1.17884 0.480265 0.294828  1.17487
 0.47834 0.298954  1.17886 0.480265 0.294843  1.17489
 0.47834 0.298969  1.17887 0.480266 0.294858   1.1749
 0.47834 0.298983  1.17889 0.480266 0.294873  1.17492
 0.47834 0.298998   1.1789 0.480267 0.294888  1.17493
 0.47834 0.299013  1.17892 0.480268 0.294903  1.17495
 0.47834 0.299028  1.17893 0.480268 0.294917  1.17496
 0.47834 0.299043  1.17895 0.480269 0.294932  1.17498
 0.47834 0.299058  1.17896 0.480269 0.294946  1.17499
 0.47834 0.299072  1.17898 0.48027 0.29496 1.17501
 0.47834 0.299087  1.17899 0.480271 0.294975  1.17502
 0.47834 0.299102  1.17901 0.480271  0.29499  1.17504
 0.47834 0.299117  1.17902 0.480272 0.295005  1.17505
 0.47834 0.299132  1.17904 0.480273  0.29502  1.17506
 0.47834 0.299146  1.17905 0.480273 0.295035  1.17508
 0.47834 0.299161  1.17907 0.480274  0.29505  1.17509
 0.47834 0.299176  1.17908 0.480275 0.295063  1.17511
 0.47834 0.299191  1.17909 0.480275 0.295072  1.17512
 0.47834 0.299205  1.17911 0.480275 0.295081  1.17514
0.47834 0.29922 1.17912 0.480275  0.29509  1.17516
 0.47834 0.299235  1.17914 0.480276 0.295099  1.17517
 0.47834 0.299249  1.17915 0.480276 0.295109  1.17519
 0.47834 0.299264  1.17917 0.480276 0.295119   1.1752
 0.47834 0.299279  1.17918 0.480276 0.295128  1.17522
 0.47834 0.299293   1.1792 0.480277 0.295138  1.17524
 0.47834 0.299308  1.17921 0.480277 0.295149  1.17525
 0.47834 0.299323  1.17923 0.480278  0.29516  1.17527
 0.47834 0.299337  1.17924 0.480278 0.295171  1.17528
 0.47834 0.299352  1.17926 0.480279 0.295183   1.1753
 0.47834 0.299367  1.17927 0.480279 0.295195  1.17531
 0.47834 0.299381  1.17929  0.48028 0.295207  1.17533
 0.47834 0.299396   1.1793 0.48028 0.29522 1.17534
 0.47834 0.299411  1.17931 0.480281 0.295233  1.17536
 0.47834 0.299425  1.17933 0.480281 0.295246  1.17537
0.47834 0.29944 1.17934 0.480282 0.295259  1.17539
 0.47834 0.299454  1.17936 0.480283 0.295273   1.1754
 0.47834 0.299469  1.17937 0.480283 0.295286  1.17542
 0.47834 0.299483  1.17939 0.480284   0.2953  1.17543
 0.47834 0.299498   1.1794 0.480285 0.295314  1.17545
 0.47834 0.299513  1.17942 0.480285 0.295328  1.17546
 0.47834 0.299527  1.17943 0.480286 0.295343  1.17548
 0.47834 0.299542  1.17945 0.480287 0.295358  1.17549
 0.47834 0.299556  1.17946 0.480288 0.295373  1.17551
 0.47834 0.299571  1.17947 0.480288 0.295389  1.17552
 0.47834 0.299585  1.17949 0.480289 0.295405  1.17553
0.47834  0.2996  1.1795  0.48029 0.295421  1.17555
 0.47834 0.299614  1.17952 0.480291 0.295438  1.17556
 0.47834 0.299629  1.17953 0.480292 0.295454  1.17557
 0.47834 0.299643  1.17955 0.480293 0.295471  1.17559
 0.47834 0.299658  1.17956 0.480294 0.295488   1.1756
 0.47834 0.299672  1.17958 0.480294 0.295505  1.17562
 0.47834 0.299686  1.17959 0.480295 0.295521  1.17563
 0.47834 0.299701   1.1796 0.480296 0.295538  1.17564
 0.47834 0.299715  1.17962 0.480297 0.295555  1.17566
0.47834 0.29973 1.17963 0.480298 0.295572  1.17567
 0.47834 0.299744  1.17965 0.480299 0.295589  1.17568
 0.47834 0.299759  1.17966   0.4803 0.295607   1.1757
 0.47834 0.299773  1.17968 0.480301 0.295625  1.17571
 0.47834 0.299787  1.17969 0.480302 0.295642  1.17572
 0.47834 0.299802  1.17971 0.480303 0.295661  1.17574
 0.47834 0.299816  1.17972 0.480304 0.295679  1.17575
0.47834 0.29983 1.17973 0.480305 0.295697  1.17576
 0.47834 0.299845  1.17975 0.480306 0.295715  1.17578
 0.47834 0.299859  1.17976 0.480307 0.295733  1.17579
 0.47834 0.299873  1.17978 0.480308 0.295751   1.1758
 0.47834 0.299888  1.17979 0.480309 0.295769  1.17582
 0.47834 0.299902  1.17981  0.48031 0.295787  1.17583
 0.47834 0.299916  1.17982  0.48031 0.295802  1.17584
 0.47834 0.299931  1.17983 0.480311 0.295816  1.17586
 0.47834 0.299945  1.17985 0.480311  0.29583  1.17587
 0.47834 0.299959  1.17986 0.480312 0.295845  1.17589
 0.47834 0.299974  1.17988 0.480312  0.29586   1.1759
 0.47834 0.299988  1.17989 0.480313 0.295875  1.17591
 0.47834 0.300002  1.17991 0.480314  0.29589  1.17593
 0.47834 0.300016  1.17992 0.480315 0.295906  1.17594
 0.47834 0.300031  1.17993 0.480315 0.295921  1.17596
 0.47834 0.300045  1.17995 0.480316 0.295934  1.17597
 0.47834 0.300059  1.17996 0.480316 0.295946  1.17598
 0.47834 0.300073  1.17998 0.480316 0.295959    1.176
 0.47834 0.300087  1.17999 0.480317 0.295971  1.17601
 0.47834 0.300102  1.18001 0.480317 0.295984  1.17603
 0.47834 0.300116  1.18002 0.480317 0.295997  1.17604
0.47834 0.30013 1.18003 0.480318 0.296009  1.17606
 0.47834 0.300144  1.18005 0.480318 0.296022  1.17607
 0.47834 0.300158  1.18006 0.480319 0.296036  1.17609
 0.47834 0.300172  1.18008  0.48032 0.296049   1.1761
 0.47834 0.300187  1.18009  0.48032 0.296063  1.17611
 0.47834 0.300201   1.1801 0.480321 0.296077  1.17613
 0.47834 0.300215  1.18012 0.480322 0.296091  1.17614
 0.47834 0.300229  1.18013 0.480322 0.296105  1.17616
 0.47834 0.300243  1.18015 0.480323 0.296119  1.17617
 0.47834 0.300257  1.18016 0.480324 0.296133  1.17618
 0.47834 0.300271  1.18018 0.480325 0.296148   1.1762
 0.47834 0.300285  1.18019 0.480326 0.296162  1.17621
 0.47834 0.300299   1.1802 0.480326 0.296176  1.17623
 0.47834 0.300313  1.18022 0.480327  0.29619  1.17624
 0.47834 0.300327  1.18023 0.480328 0.296204  1.17625
 0.47834 0.300341  1.18025 0.480329 0.296219  1.17627
 0.47834 0.300356  1.18026  0.48033 0.296234  1.17628
0.47834 0.30037 1.18027 0.480331 0.296249  1.17629
 0.47834 0.300384  1.18029 0.480332 0.296264  1.17631
 0.47834 0.300398   1.1803 0.480333 0.296279  1.17632
 0.47834 0.300412  1.18032 0.480334 0.296294  1.17633
 0.47834 0.300426  1.18033 0.480335  0.29631  1.17635
0.47834 0.30044 1.18034 0.480336 0.296325  1.17636
 0.47834 0.300454  1.18036 0.480337  0.29634  1.17637
 0.47834 0.300467  1.18037 0.480338 0.296356  1.17639
 0.47834 0.300481  1.18039 0.480339 0.296371   1.1764
 0.47834 0.300495   1.1804  0.48034 0.296386  1.17641
 0.47834 0.300509  1.18041 0.480341 0.296398  1.17643
 0.47834 0.300523  1.18043 0.480342  0.29641  1.17644
 0.47834 0.300537  1.18044 0.480342 0.296422  1.17645
 0.47834 0.300551  1.18046 0.480343 0.296434  1.17647
 0.47834 0.300565  1.18047 0.480344 0.296447  1.17648
 0.47834 0.300579  1.18048 0.480345  0.29646   1.1765
 0.47834 0.300593   1.1805 0.480345 0.296473  1.17651
 0.47834 0.300607  1.18051 0.480346 0.296487  1.17652
 0.47834 0.300621  1.18052 0.480347   0.2965  1.17654
 0.47834 0.300634  1.18054 0.480348 0.296513  1.17655
 0.47834 0.300648  1.18055 0.480349 0.296526  1.17656
 0.47834 0.300662  1.18057  0.48035 0.296539  1.17658
 0.47834 0.300676  1.18058  0.48035 0.296553  1.17659
0.47834 0.30069 1.18059 0.480351 0.296566   1.1766
 0.47834 0.300704  1.18061 0.480352  0.29658  1.17662
 0.47834 0.300717  1.18062 0.480353 0.296594  1.17663
 0.47834 0.300731  1.18064 0.480355 0.296608  1.17664
 0.47834 0.300745  1.18065 0.480356 0.296622  1.17666
 0.47834 0.300759  1.18066 0.480357 0.296636  1.17667
 0.47834 0.300772  1.18068 0.480358  0.29665  1.17668
 0.47834 0.300786  1.18069 0.480359 0.296664   1.1767
0.47834  0.3008  1.1807  0.48036 0.296678  1.17671
 0.47834 0.300814  1.18072 0.480361 0.296692  1.17672
 0.47834 0.300827  1.18073 0.480362 0.296706  1.17674
 0.47834 0.300841  1.18075 0.480362 0.296717  1.17675
 0.47834 0.300855  1.18076 0.480363 0.296728  1.17676
 0.47834 0.300869  1.18077 0.480364  0.29674  1.17678
 0.47834 0.300882  1.18079 0.480364 0.296751  1.17679
 0.47834 0.300896   1.1808 0.480365 0.296764   1.1768
0.47834 0.30091 1.18081 0.480366 0.296776  1.17682
 0.47834 0.300923  1.18083 0.480367 0.296789  1.17683
 0.47834 0.300937  1.18084 0.480368 0.296802  1.17685
 0.47834 0.300951  1.18085 0.480368 0.296815  1.17686
 0.47834 0.300964  1.18087 0.480369 0.296828  1.17687
 0.47834 0.300978  1.18088  0.48037 0.296841  1.17688
 0.47834 0.300992   1.1809 0.480371 0.296854   1.1769
 0.47834 0.301005  1.18091 0.480372 0.296867  1.17691
 0.47834 0.301019  1.18092 0.480373  0.29688  1.17692
 0.47834 0.301032  1.18094 0.480374 0.296894  1.17694
 0.47834 0.301046  1.18095 0.480375 0.296907  1.17695
0.47834 0.30106 1.18096 0.480376  0.29692  1.17696
 0.47834 0.301073  1.18098 0.480377 0.296934  1.17698
 0.47834 0.301087  1.18099 0.480378 0.296947  1.17699
0.47834  0.3011   1.181 0.480379 0.296961    1.177
 0.47834 0.301114  1.18102  0.48038 0.296974  1.17702
 0.47834 0.301127  1.18103 0.480381 0.296988  1.17703
 0.47834 0.301141  1.18104 0.480382 0.297002  1.17704
 0.47834 0.301154  1.18106 0.480383 0.297015  1.17705
 0.47834 0.301168  1.18107 0.480384 0.297029  1.17707
 0.47834 0.301182  1.18109 0.480385 0.297044  1.17708
 0.47834 0.301195   1.1811 0.480386 0.297058  1.17709
 0.47834 0.301208  1.18111 0.480388 0.297069  1.17711
 0.47834 0.301222  1.18113 0.480388 0.297081  1.17712
 0.47834 0.301235  1.18114 0.480389 0.297093  1.17713
 0.47834 0.301249  1.18115  0.48039 0.297105  1.17715
 0.47834 0.301262  1.18117 0.480391 0.297117  1.17716
 0.47834 0.301276  1.18118 0.480392  0.29713  1.17717
 0.47834 0.301289  1.18119 0.480394 0.297142  1.17719
 0.47834 0.301303  1.18121 0.480395 0.297154   1.1772
 0.47834 0.301316  1.18122 0.480396 0.297167  1.17721
 0.47834 0.301329  1.18123 0.480397  0.29718  1.17722
 0.47834 0.301343  1.18125 0.480398 0.297192  1.17724
 0.47834 0.301356  1.18126 0.480399 0.297205  1.17725
0.47834 0.30137 1.18127   0.4804 0.297218  1.17726
 0.47834 0.301383  1.18129 0.480401 0.297231  1.17728
 0.47834 0.301396   1.1813 0.480402 0.297244  1.17729
0.47834 0.30141 1.18131 0.480403 0.297258   1.1773
 0.47834 0.301423  1.18133 0.480404 0.297271  1.17732
 0.47834 0.301436  1.18134 0.480405 0.297285  1.17733
0.47834 0.30145 1.18135 0.480406 0.297299  1.17734
 0.47834 0.301463  1.18137 0.480407 0.297313  1.17735
 0.47834 0.301476  1.18138 0.480408 0.297325  1.17737
0.47834 0.30149 1.18139 0.480409 0.297336  1.17738
 0.47834 0.301503  1.18141 0.480409 0.297348  1.17739
 0.47834 0.301516  1.18142  0.48041 0.297359  1.17741
0.47834 0.30153 1.18143 0.480411 0.297371  1.17742
 0.47834 0.301543  1.18145 0.480411 0.297383  1.17743
 0.47834 0.301556  1.18146 0.480412 0.297396  1.17745
 0.47834 0.301569  1.18147 0.480413 0.297409  1.17746
 0.47834 0.301583  1.18149 0.480414 0.297422  1.17747
 0.47834 0.301596   1.1815 0.480415 0.297435  1.17748
 0.47834 0.301609  1.18151 0.480415 0.297448   1.1775
 0.47834 0.301622  1.18153 0.480416 0.297462  1.17751
 0.47834 0.301635  1.18154 0.480417 0.297475  1.17752
 0.47834 0.301649  1.18155 0.480418 0.297489  1.17754
 0.47834 0.301662  1.18157 0.480419 0.297503  1.17755
 0.47834 0.301675  1.18158  0.48042 0.297517  1.17756
 0.47834 0.301688  1.18159 0.480421 0.297531  1.17757
 0.47834 0.301701  1.18161 0.480422 0.297545  1.17759
 0.47834 0.301714  1.18162 0.480423  0.29756   1.1776
 0.47834 0.301728  1.18163 0.480423 0.297575  1.17761
 0.47834 0.301741  1.18164 0.480424  0.29759  1.17762
 0.47834 0.301754  1.18166 0.480425 0.297605  1.17763
 0.47834 0.301767  1.18167 0.480426 0.297617  1.17765
0.47834 0.30178 1.18168 0.480426 0.297629  1.17766
 0.47834 0.301793   1.1817 0.480427 0.297641  1.17767
 0.47834 0.301806  1.18171 0.480427 0.297654  1.17769
 0.47834 0.301819  1.18172 0.480428 0.297667   1.1777
 0.47834 0.301832  1.18174 0.480429  0.29768  1.17771
 0.47834 0.301845  1.18175 0.480429 0.297693  1.17772
 0.47834 0.301858  1.18176  0.48043 0.297707  1.17774
 0.47834 0.301871  1.18178 0.480431 0.297721  1.17775
 0.47834 0.301884  1.18179 0.480432 0.297735  1.17776
 0.47834 0.301898   1.1818 0.480432  0.29775  1.17777
 0.47834 0.301911  1.18181 0.480433 0.297764  1.17779
 0.47834 0.301924  1.18183 0.480434 0.297778   1.1778
 0.47834 0.301937  1.18184 0.480435 0.297793  1.17781
0.47834 0.30195 1.18185 0.480435 0.297808  1.17782
 0.47834 0.301962  1.18187 0.480436 0.297823  1.17784
 0.47834 0.301975  1.18188 0.480437 0.297835  1.17785
 0.47834 0.301988  1.18189 0.480437 0.297847  1.17786
 0.47834 0.302001  1.18191 0.480437 0.297859  1.17787
 0.47834 0.302014  1.18192 0.480438 0.297872  1.17789
 0.47834 0.302027  1.18193 0.480438 0.297885   1.1779
0.47834 0.30204 1.18194 0.480439 0.297898  1.17791
 0.47834 0.302053  1.18196 0.480439 0.297911  1.17793
 0.47834 0.302066  1.18197  0.48044 0.297924  1.17794
 0.47834 0.302079  1.18198 0.480441 0.297938  1.17795
 0.47834 0.302092    1.182 0.480441 0.297952  1.17796
 0.47834 0.302105  1.18201 0.480442 0.297967  1.17798
 0.47834 0.302117  1.18202 0.480443 0.297981  1.17799
0.47834 0.30213 1.18203 0.480443 0.297996    1.178
 0.47834 0.302143  1.18205 0.480444 0.298011  1.17801
 0.47834 0.302156  1.18206 0.480445 0.298026  1.17802
 0.47834 0.302169  1.18207 0.480446 0.298042  1.17804
 0.47834 0.302182  1.18209 0.480446 0.298057  1.17805
 0.47834 0.302195   1.1821 0.480447 0.298073  1.17806
 0.47834 0.302207  1.18211 0.480448 0.298088  1.17807
0.47834 0.30222 1.18212 0.480449 0.298104  1.17808
 0.47834 0.302233  1.18214 0.480449 0.298117  1.17809
 0.47834 0.302246  1.18215 0.480449 0.298127  1.17811
 0.47834 0.302258  1.18216 0.480449 0.298137  1.17812
 0.47834 0.302271  1.18218 0.480449 0.298148  1.17814
 0.47834 0.302284  1.18219 0.480449 0.298159  1.17815
 0.47834 0.302297   1.1822 0.48045 0.29817 1.17816
 0.47834 0.302309  1.18221  0.48045 0.298182  1.17818
 0.47834 0.302322  1.18223  0.48045 0.298194  1.17819
 0.47834 0.302335  1.18224  0.48045 0.298206   1.1782
 0.47834 0.302348  1.18225 0.480451 0.298218  1.17821
0.47834 0.30236 1.18226 0.480451 0.298231  1.17823
 0.47834 0.302373  1.18228 0.480451 0.298244  1.17824
 0.47834 0.302386  1.18229 0.480452 0.298258  1.17825
 0.47834 0.302398   1.1823 0.480452 0.298272  1.17826
 0.47834 0.302411  1.18231 0.480453 0.298286  1.17828
 0.47834 0.302424  1.18233 0.480453   0.2983  1.17829
 0.47834 0.302436  1.18234 0.480454 0.298315   1.1783
 0.47834 0.302449  1.18235 0.480454  0.29833  1.17831
 0.47834 0.302461  1.18237 0.480455 0.298345  1.17832
 0.47834 0.302474  1.18238 0.480456 0.298361  1.17834
 0.47834 0.302487  1.18239 0.480456 0.298376  1.17835
 0.47834 0.302499   1.1824 0.480457 0.298392  1.17836
 0.47834 0.302512  1.18242 0.480458 0.298409  1.17837
 0.47834 0.302524  1.18243 0.480459 0.298425  1.17838
 0.47834 0.302537  1.18244 0.480459 0.298442  1.17839
0.47834 0.30255 1.18245  0.48046 0.298459   1.1784
 0.47834 0.302562  1.18247 0.480461 0.298476  1.17842
 0.47834 0.302575  1.18248 0.480462 0.298493  1.17843
 0.47834 0.302587  1.18249 0.480462  0.29851  1.17844
0.47834  0.3026  1.1825 0.480463 0.298528  1.17845
 0.47834 0.302612  1.18252 0.480464 0.298545  1.17846
 0.47834 0.302625  1.18253 0.480465 0.298563  1.17847
 0.47834 0.302637  1.18254 0.480466 0.298581  1.17848
0.47834 0.30265 1.18255 0.480467 0.298599  1.17849
 0.47834 0.302662  1.18257 0.480467 0.298614   1.1785
 0.47834 0.302675  1.18258 0.480467 0.298626  1.17852
 0.47834 0.302687  1.18259 0.480468 0.298638  1.17853
0.47834  0.3027  1.1826 0.480468 0.298651  1.17854
 0.47834 0.302712  1.18262 0.480468 0.298664  1.17855
 0.47834 0.302724  1.18263 0.480468 0.298677  1.17857
 0.47834 0.302737  1.18264 0.480469 0.298691  1.17858
 0.47834 0.302749  1.18265 0.480469 0.298704  1.17859
 0.47834 0.302762  1.18267 0.480469 0.298718   1.1786
 0.47834 0.302774  1.18268  0.48047 0.298733  1.17861
 0.47834 0.302786  1.18269  0.48047 0.298748  1.17863
 0.47834 0.302799   1.1827 0.480471 0.298763  1.17864
 0.47834 0.302811  1.18272 0.480471 0.298778  1.17865
 0.47834 0.302824  1.18273 0.480472 0.298793  1.17866
 0.47834 0.302836  1.18274 0.480473 0.298809  1.17867
 0.47834 0.302848  1.18275 0.480473 0.298825  1.17868
 0.47834 0.302861  1.18276 0.480474 0.298841  1.17869
 0.47834 0.302873  1.18278 0.480474 0.298858  1.17871
 0.47834 0.302885  1.18279 0.480475 0.298874  1.17872
 0.47834 0.302897   1.1828 0.480475 0.298888  1.17873
0.47834 0.30291 1.18281 0.480475 0.298899  1.17874
 0.47834 0.302922  1.18283 0.480475  0.29891  1.17875
 0.47834 0.302934  1.18284 0.480475 0.298922  1.17877
 0.47834 0.302947  1.18285 0.480476 0.298934  1.17878
 0.47834 0.302959  1.18286 0.480476 0.298946  1.17879
 0.47834 0.302971  1.18288 0.480476 0.298959   1.1788
 0.47834 0.302983  1.18289 0.480476 0.298973  1.17882
 0.47834 0.302996   1.1829 0.480477 0.298986  1.17883
 0.47834 0.303008  1.18291 0.480477 0.299001  1.17884
0.47834 0.30302 1.18292 0.480477 0.299015  1.17885
 0.47834 0.303032  1.18294 0.480478  0.29903  1.17886
 0.47834 0.303044  1.18295 0.480478 0.299045  1.17887
 0.47834 0.303057  1.18296 0.480479 0.299061  1.17889
 0.47834 0.303069  1.18297 0.480479 0.299077   1.1789
 0.47834 0.303081  1.18298  0.48048 0.299094  1.17891
 0.47834 0.303093    1.183 0.48048 0.29911 1.17892
 0.47834 0.303105  1.18301 0.480481 0.299127  1.17893
 0.47834 0.303117  1.18302 0.480481 0.299145  1.17894
 0.47834 0.303129  1.18303 0.480482 0.299163  1.17895
 0.47834 0.303142  1.18305 0.480482 0.299181  1.17896
 0.47834 0.303154  1.18306 0.480483 0.299195  1.17897
 0.47834 0.303166  1.18307 0.480483 0.299208  1.17898
 0.47834 0.303178  1.18308 0.480482 0.299217    1.179
0.47834 0.30319 1.18309 0.480482 0.299227  1.17901
 0.47834 0.303202  1.18311 0.480482 0.299237  1.17902
 0.47834 0.303214  1.18312 0.480482 0.299248  1.17904
 0.47834 0.303226  1.18313 0.480482  0.29926  1.17905
 0.47834 0.303238  1.18314 0.480482 0.299272  1.17906
0.47834 0.30325 1.18315 0.480482 0.299285  1.17907
 0.47834 0.303262  1.18317 0.480482 0.299299  1.17909
 0.47834 0.303274  1.18318 0.480482 0.299313   1.1791
 0.47834 0.303286  1.18319 0.480482 0.299327  1.17911
 0.47834 0.303298   1.1832 0.480483 0.299342  1.17912
0.47834 0.30331 1.18321 0.480483 0.299358  1.17913
 0.47834 0.303322  1.18323 0.480483 0.299374  1.17914
 0.47834 0.303334  1.18324 0.480484 0.299391  1.17915
 0.47834 0.303346  1.18325 0.480484 0.299408  1.17916
 0.47834 0.303358  1.18326 0.480484 0.299426  1.17917
0.47834 0.30337 1.18327 0.480485 0.299444  1.17918
 0.47834 0.303382  1.18329 0.480485 0.299462  1.17919
 0.47834 0.303394   1.1833 0.480485 0.299481   1.1792
 0.47834 0.303406  1.18331 0.480486   0.2995  1.17921
 0.47834 0.303418  1.18332 0.480486 0.299517  1.17923
0.47834 0.30343 1.18333 0.480486  0.29953  1.17924
 0.47834 0.303441  1.18335 0.480486 0.299541  1.17925
 0.47834 0.303453  1.18336 0.480485 0.299552  1.17926
 0.47834 0.303465  1.18337 0.480485 0.299564  1.17927
 0.47834 0.303477  1.18338 0.480485 0.299576  1.17929
 0.47834 0.303489  1.18339 0.480485  0.29959   1.1793
 0.47834 0.303501   1.1834 0.480485 0.299604  1.17931
 0.47834 0.303513  1.18342 0.480485 0.299618  1.17932
 0.47834 0.303524  1.18343 0.480485 0.299633  1.17933
 0.47834 0.303536  1.18344 0.480485 0.299649  1.17934
 0.47834 0.303548  1.18345 0.480485 0.299666  1.17935
0.47834 0.30356 1.18346 0.480485 0.299683  1.17936
 0.47834 0.303572  1.18348 0.480485   0.2997  1.17938
 0.47834 0.303583  1.18349 0.480486 0.299718  1.17939
 0.47834 0.303595   1.1835 0.480486 0.299737   1.1794
 0.47834 0.303607  1.18351 0.480486 0.299756  1.17941
 0.47834 0.303619  1.18352 0.480486 0.299772  1.17942
0.47834 0.30363 1.18353 0.480486 0.299786  1.17943
 0.47834 0.303642  1.18355 0.480486 0.299796  1.17944
 0.47834 0.303654  1.18356 0.480485 0.299807  1.17945
 0.47834 0.303665  1.18357 0.480485  0.29982  1.17946
 0.47834 0.303677  1.18358 0.480485 0.299832  1.17948
 0.47834 0.303689  1.18359 0.480485 0.299846  1.17949
 0.47834 0.303701   1.1836 0.480485  0.29986   1.1795
 0.47834 0.303712  1.18362 0.480485 0.299876  1.17951
 0.47834 0.303724  1.18363 0.480485 0.299891  1.17952
 0.47834 0.303735  1.18364 0.480485 0.299908  1.17953
 0.47834 0.303747  1.18365 0.480485 0.299925  1.17954
 0.47834 0.303759  1.18366 0.480485 0.299943  1.17955
0.47834 0.30377 1.18367 0.480485 0.299961  1.17956
 0.47834 0.303782  1.18369 0.480485  0.29998  1.17957
 0.47834 0.303794   1.1837 0.480485 0.299995  1.17958
 0.47834 0.303805  1.18371 0.480485 0.300008  1.17959
 0.47834 0.303817  1.18372 0.480484 0.300019  1.17961
 0.47834 0.303828  1.18373 0.480484  0.30003  1.17962
0.47834 0.30384 1.18374 0.480484 0.300042  1.17963
 0.47834 0.303851  1.18376 0.480483 0.300055  1.17964
 0.47834 0.303863  1.18377 0.480483 0.300068  1.17965
 0.47834 0.303875  1.18378 0.480483 0.300083  1.17967
 0.47834 0.303886  1.18379 0.480483 0.300098  1.17968
 0.47834 0.303898   1.1838 0.480483 0.300114  1.17969
 0.47834 0.303909  1.18381 0.480483  0.30013   1.1797
 0.47834 0.303921  1.18382 0.480483 0.300147  1.17971
 0.47834 0.303932  1.18384 0.480483 0.300165  1.17972
 0.47834 0.303944  1.18385 0.480483 0.300183  1.17973
 0.47834 0.303955  1.18386 0.480484 0.300202  1.17974
 0.47834 0.303966  1.18387 0.480483 0.300218  1.17975
 0.47834 0.303978  1.18388 0.480483 0.300231  1.17976
 0.47834 0.303989  1.18389 0.480483 0.300241  1.17977
 0.47834 0.304001   1.1839 0.480483 0.300252  1.17978
 0.47834 0.304012  1.18392 0.480482 0.300264   1.1798
 0.47834 0.304024  1.18393 0.480482 0.300277  1.17981
 0.47834 0.304035  1.18394 0.480482 0.300291  1.17982
 0.47834 0.304046  1.18395 0.480482 0.300305  1.17983
 0.47834 0.304058  1.18396 0.480482  0.30032  1.17984
 0.47834 0.304069  1.18397 0.480482 0.300336  1.17985
 0.47834 0.304081  1.18398 0.480482 0.300352  1.17986
 0.47834 0.304092    1.184 0.480482 0.300369  1.17987
 0.47834 0.304103  1.18401 0.480483 0.300387  1.17988
 0.47834 0.304115  1.18402 0.480483 0.300401  1.17989
 0.47834 0.304126  1.18403 0.480483 0.300413   1.1799
 0.47834 0.304137  1.18404 0.480483 0.300426  1.17991
 0.47834 0.304149  1.18405 0.480483 0.300439  1.17992
0.47834 0.30416 1.18406 0.480482 0.300453  1.17994
 0.47834 0.304171  1.18408 0.480483 0.300468  1.17995
 0.47834 0.304182  1.18409 0.480483 0.300484  1.17996
 0.47834 0.304194   1.1841 0.480483 0.300497  1.17997
 0.47834 0.304205  1.18411 0.480483  0.30051  1.17998
 0.47834 0.304216  1.18412 0.480483 0.300524  1.17999
 0.47834 0.304227  1.18413 0.480483 0.300536     1.18
 0.47834 0.304239  1.18414 0.480483 0.300548  1.18001
0.47834 0.30425 1.18415 0.480483 0.300561  1.18002
 0.47834 0.304261  1.18417 0.480483 0.300575  1.18003
 0.47834 0.304272  1.18418 0.480483 0.300589  1.18004
 0.47834 0.304284  1.18419 0.480483 0.300605  1.18005
 0.47834 0.304295   1.1842 0.480483 0.300617  1.18007
 0.47834 0.304306  1.18421 0.480484  0.30063  1.18008
 0.47834 0.304317  1.18422 0.480484 0.300644  1.18009
 0.47834 0.304328  1.18423 0.480484 0.300659   1.1801
 0.47834 0.304339  1.18424 0.480484 0.300671  1.18011
 0.47834 0.304351  1.18425 0.480484  0.30068  1.18012
 0.47834 0.304362  1.18427 0.480484  0.30069  1.18013
 0.47834 0.304373  1.18428 0.480484 0.300701  1.18014
 0.47834 0.304384  1.18429 0.480484 0.300713  1.18015
 0.47834 0.304395   1.1843 0.480484 0.300725  1.18017
 0.47834 0.304406  1.18431 0.480485 0.300739  1.18018
 0.47834 0.304417  1.18432 0.480485 0.300753  1.18019
 0.47834 0.304428  1.18433 0.480485 0.300767   1.1802
 0.47834 0.304439  1.18434 0.480486 0.300783  1.18021
0.47834 0.30445 1.18435 0.480486 0.300799  1.18022
 0.47834 0.304461  1.18437 0.480486 0.300812  1.18023
 0.47834 0.304472  1.18438 0.480486 0.300822  1.18024
 0.47834 0.304483  1.18439 0.480487 0.300834  1.18025
 0.47834 0.304494   1.1844 0.480487 0.300846  1.18026
 0.47834 0.304506  1.18441 0.480487 0.300859  1.18027
 0.47834 0.304517  1.18442 0.480488 0.300872  1.18028
 0.47834 0.304527  1.18443 0.480488 0.300886  1.18029
 0.47834 0.304538  1.18444 0.480488 0.300898   1.1803
 0.47834 0.304549  1.18445 0.480488 0.300907  1.18031
0.47834 0.30456 1.18446 0.480489 0.300917  1.18033
 0.47834 0.304571  1.18448 0.480489 0.300928  1.18034
 0.47834 0.304582  1.18449 0.480489  0.30094  1.18035
 0.47834 0.304593   1.1845  0.48049 0.300952  1.18036
 0.47834 0.304604  1.18451  0.48049 0.300965  1.18037
 0.47834 0.304615  1.18452  0.48049 0.300979  1.18038
 0.47834 0.304626  1.18453 0.480491 0.300993  1.18039
 0.47834 0.304637  1.18454 0.480491 0.301005   1.1804
 0.47834 0.304648  1.18455 0.480492 0.301015  1.18041
 0.47834 0.304659  1.18456 0.480492 0.301025  1.18042
 0.47834 0.304669  1.18457 0.480492 0.301036  1.18043
0.47834 0.30468 1.18458 0.480493 0.301048  1.18044
 0.47834 0.304691   1.1846 0.480493 0.301061  1.18046
 0.47834 0.304702  1.18461 0.480494 0.301074  1.18047
 0.47834 0.304713  1.18462 0.480494 0.301085  1.18048
 0.47834 0.304724  1.18463 0.480495 0.301094  1.18049
 0.47834 0.304734  1.18464 0.480495 0.301103   1.1805
 0.47834 0.304745  1.18465 0.480495 0.301113  1.18051
 0.47834 0.304756  1.18466 0.480496 0.301125  1.18052
 0.47834 0.304767  1.18467 0.480496 0.301136  1.18053
 0.47834 0.304778  1.18468 0.480497 0.301149  1.18054
 0.47834 0.304788  1.18469 0.480497 0.301162  1.18055
 0.47834 0.304799   1.1847 0.480498 0.301176  1.18056
0.47834 0.30481 1.18471 0.480498 0.301188  1.18057
 0.47834 0.304821  1.18472 0.480499 0.301197  1.18058
 0.47834 0.304831  1.18474 0.480499 0.301204   1.1806
 0.47834 0.304842  1.18475   0.4805 0.301213  1.18061
 0.47834 0.304853  1.18476   0.4805 0.301222  1.18062
 0.47834 0.304863  1.18477 0.480501 0.301232  1.18063
 0.47834 0.304874  1.18478 0.480501 0.301242  1.18064
 0.47834 0.304885  1.18479 0.480502 0.301254  1.18065
 0.47834 0.304895   1.1848 0.480502 0.301266  1.18066
 0.47834 0.304906  1.18481 0.480503 0.301279  1.18067
 0.47834 0.304917  1.18482 0.480503 0.301292  1.18068
 0.47834 0.304927  1.18483 0.480504 0.301306  1.18069
 0.47834 0.304938  1.18484 0.480505  0.30132   1.1807
 0.47834 0.304948  1.18485 0.480506 0.301333  1.18071
 0.47834 0.304959  1.18486 0.480506 0.301343  1.18072
0.47834 0.30497 1.18487 0.480507 0.301352  1.18073
0.47834 0.30498 1.18488 0.480507 0.301358  1.18074
 0.47834 0.304991  1.18489 0.480507 0.301366  1.18076
 0.47834 0.305001  1.18491 0.480508 0.301374  1.18077
 0.47834 0.305012  1.18492 0.480508 0.301383  1.18078
 0.47834 0.305023  1.18493 0.480509 0.301393  1.18079
 0.47834 0.305033  1.18494  0.48051 0.301404   1.1808
 0.47834 0.305044  1.18495  0.48051 0.301415  1.18081
 0.47834 0.305054  1.18496 0.480511 0.301427  1.18082
 0.47834 0.305065  1.18497 0.480512  0.30144  1.18083
 0.47834 0.305075  1.18498 0.480512 0.301453  1.18084
 0.47834 0.305086  1.18499 0.480513 0.301467  1.18085
 0.47834 0.305096    1.185 0.480514 0.301479  1.18086
 0.47834 0.305107  1.18501 0.480514 0.301489  1.18087
 0.47834 0.305117  1.18502 0.480515 0.301497  1.18088
 0.47834 0.305127  1.18503 0.480515 0.301503  1.18089
 0.47834 0.305138  1.18504 0.480516 0.301511   1.1809
 0.47834 0.305148  1.18505 0.480516 0.301519  1.18092
 0.47834 0.305159  1.18506 0.480517 0.301528  1.18093
 0.47834 0.305169  1.18507 0.480518 0.301538  1.18094
0.47834 0.30518 1.18508 0.480518 0.301548  1.18095
0.47834 0.30519 1.18509 0.480519  0.30156  1.18096
0.47834  0.3052  1.1851  0.48052 0.301572  1.18097
 0.47834 0.305211  1.18511  0.48052 0.301584  1.18098
 0.47834 0.305221  1.18512 0.480521 0.301597  1.18099
 0.47834 0.305231  1.18514 0.480522 0.301611    1.181
 0.47834 0.305242  1.18515 0.480522 0.301622  1.18101
 0.47834 0.305252  1.18516 0.480523 0.301633  1.18102
 0.47834 0.305262  1.18517 0.480524 0.301641  1.18103
 0.47834 0.305273  1.18518 0.480524 0.301648  1.18104
 0.47834 0.305283  1.18519 0.480525 0.301656  1.18105
 0.47834 0.305293   1.1852 0.480525 0.301664  1.18106
 0.47834 0.305304  1.18521 0.480526 0.301674  1.18107
 0.47834 0.305314  1.18522 0.480527 0.301684  1.18108
 0.47834 0.305324  1.18523 0.480527 0.301695  1.18109
 0.47834 0.305334  1.18524 0.480528 0.301706   1.1811
 0.47834 0.305345  1.18525 0.480529 0.301718  1.18111
 0.47834 0.305355  1.18526  0.48053 0.301728  1.18112
 0.47834 0.305365  1.18527  0.48053 0.301737  1.18113
 0.47834 0.305375  1.18528 0.480531 0.301747  1.18114
 0.47834 0.305385  1.18529 0.480532 0.301757  1.18115
 0.47834 0.305396   1.1853 0.480532 0.301768  1.18116
 0.47834 0.305406  1.18531 0.480533 0.301777  1.18117
 0.47834 0.305416  1.18532 0.480533 0.301785  1.18118
 0.47834 0.305426  1.18533 0.480534 0.301794  1.18119
 0.47834 0.305436  1.18534 0.480535 0.301804   1.1812
 0.47834 0.305446  1.18535 0.480535 0.301814  1.18121
 0.47834 0.305457  1.18536 0.480536 0.301825  1.18122
 0.47834 0.305467  1.18537 0.480537 0.301836  1.18123
 0.47834 0.305477  1.18538 0.480538 0.301846  1.18124
 0.47834 0.305487  1.18539 0.480538 0.301855  1.18125
 0.47834 0.305497   1.1854 0.480539 0.301862  1.18127
 0.47834 0.305507  1.18541 0.480539  0.30187  1.18128
 0.47834 0.305517  1.18542  0.48054 0.301879  1.18129
 0.47834 0.305527  1.18543 0.480541 0.301889   1.1813
 0.47834 0.305537  1.18544 0.480541 0.301899  1.18131
 0.47834 0.305547  1.18545 0.480542  0.30191  1.18132
 0.47834 0.305557  1.18546 0.480543 0.301921  1.18133
 0.47834 0.305567  1.18547 0.480543 0.301933  1.18134
 0.47834 0.305578  1.18548 0.480544 0.301943  1.18135
 0.47834 0.305588  1.18549 0.480545 0.301953  1.18136
 0.47834 0.305598   1.1855 0.480545 0.301961  1.18137
 0.47834 0.305608  1.18551 0.480546 0.301968  1.18138
 0.47834 0.305617  1.18552 0.480546 0.301975  1.18139
 0.47834 0.305627  1.18553 0.480547 0.301984   1.1814
 0.47834 0.305637  1.18554 0.480548 0.301993  1.18141
 0.47834 0.305647  1.18555 0.480548 0.302003  1.18142
 0.47834 0.305657  1.18556 0.480549 0.302013  1.18143
 0.47834 0.305667  1.18557  0.48055 0.302024  1.18144
 0.47834 0.305677  1.18558  0.48055 0.302035  1.18145
 0.47834 0.305687  1.18559 0.480551 0.302045  1.18146
 0.47834 0.305697   1.1856 0.480552 0.302055  1.18147
 0.47834 0.305707  1.18561 0.480552 0.302063  1.18148
 0.47834 0.305717  1.18562 0.480553  0.30207  1.18149
 0.47834 0.305727  1.18563 0.480553 0.302077   1.1815
 0.47834 0.305736  1.18564 0.480554 0.302086  1.18151
 0.47834 0.305746  1.18565 0.480555 0.302095  1.18152
 0.47834 0.305756  1.18566 0.480555 0.302104  1.18153
 0.47834 0.305766  1.18567 0.480556 0.302115  1.18154
 0.47834 0.305776  1.18568 0.480557 0.302126  1.18155
 0.47834 0.305786  1.18569 0.480557 0.302137  1.18155
 0.47834 0.305795   1.1857 0.480558 0.302147  1.18156
 0.47834 0.305805  1.18571 0.480559 0.302156  1.18157
 0.47834 0.305815  1.18572 0.480559 0.302165  1.18158
 0.47834 0.305825  1.18573  0.48056 0.302172  1.18159
 0.47834 0.305835  1.18574 0.48056 0.30218  1.1816
 0.47834 0.305844  1.18575 0.480561 0.302189  1.18161
 0.47834 0.305854  1.18576 0.480561 0.302198  1.18162
 0.47834 0.305864  1.18577 0.480562 0.302208  1.18163
 0.47834 0.305874  1.18578 0.480563 0.302218  1.18164
 0.47834 0.305883  1.18579 0.480563 0.302229  1.18165
 0.47834 0.305893   1.1858 0.480564 0.302239  1.18166
 0.47834 0.305903  1.18581 0.480565 0.302248  1.18167
 0.47834 0.305912  1.18582 0.480565 0.302256  1.18168
 0.47834 0.305922  1.18583 0.480566 0.302264  1.18169
 0.47834 0.305932  1.18584 0.480566 0.302272   1.1817
 0.47834 0.305941  1.18585 0.480567  0.30228  1.18171
 0.47834 0.305951  1.18585 0.480567 0.302289  1.18172
 0.47834 0.305961  1.18586 0.480568 0.302299  1.18173
0.47834 0.30597 1.18587 0.480569 0.302309  1.18174
0.47834 0.30598 1.18588 0.480569  0.30232  1.18175
 0.47834 0.305989  1.18589 0.48057 0.30233 1.18176
 0.47834 0.305999   1.1859 0.480571 0.302339  1.18177
 0.47834 0.306009  1.18591 0.480571 0.302348  1.18178
 0.47834 0.306018  1.18592 0.480572 0.302355  1.18179
 0.47834 0.306028  1.18593 0.480572 0.302362   1.1818
 0.47834 0.306037  1.18594 0.480573  0.30237  1.18181
 0.47834 0.306047  1.18595 0.480573 0.302378  1.18181
 0.47834 0.306056  1.18596 0.480574 0.302386  1.18182
 0.47834 0.306066  1.18597 0.480574 0.302396  1.18183
 0.47834 0.306075  1.18598 0.480575 0.302406  1.18184
 0.47834 0.306085  1.18599 0.480575 0.302416  1.18185
 0.47834 0.306094    1.186 0.480576 0.302427  1.18186
 0.47834 0.306104  1.18601 0.480577 0.302437  1.18187
 0.47834 0.306113  1.18602 0.480577 0.302446  1.18188
 0.47834 0.306123  1.18603 0.480578 0.302455  1.18189
 0.47834 0.306132  1.18604 0.480578 0.302463   1.1819
 0.47834 0.306142  1.18605 0.480579  0.30247  1.18191
 0.47834 0.306151  1.18606 0.480579 0.302478  1.18192
 0.47834 0.306161  1.18606  0.48058 0.302486  1.18193
0.47834 0.30617 1.18607  0.48058 0.302495  1.18193
 0.47834 0.306179  1.18608 0.480581 0.302505  1.18194
 0.47834 0.306189  1.18609 0.480582 0.302515  1.18195
 0.47834 0.306198   1.1861 0.480582 0.302524  1.18196
 0.47834 0.306208  1.18611 0.480583 0.302533  1.18197
 0.47834 0.306217  1.18612 0.480583 0.302542  1.18198
 0.47834 0.306226  1.18613 0.480584 0.302549  1.18199
 0.47834 0.306236  1.18614 0.480584 0.302557    1.182
 0.47834 0.306245  1.18615 0.480585 0.302566  1.18201
 0.47834 0.306254  1.18616 0.480585 0.302575  1.18202
 0.47834 0.306264  1.18617 0.480586 0.302585  1.18203
 0.47834 0.306273  1.18618 0.480587 0.302595  1.18203
 0.47834 0.306282  1.18619 0.480587 0.302605  1.18204
 0.47834 0.306292   1.1862 0.480588 0.302614  1.18205
 0.47834 0.306301   1.1862 0.480589 0.302623  1.18206
0.47834 0.30631 1.18621 0.480589 0.302631  1.18207
 0.47834 0.306319  1.18622 0.480589 0.302638  1.18208
 0.47834 0.306329  1.18623  0.48059 0.302646  1.18209
 0.47834 0.306338  1.18624  0.48059 0.302653   1.1821
 0.47834 0.306347  1.18625 0.480591 0.302662  1.18211
 0.47834 0.306356  1.18626 0.480591  0.30267  1.18212
 0.47834 0.306366  1.18627 0.480592  0.30268  1.18212
 0.47834 0.306375  1.18628 0.480592 0.302689  1.18213
 0.47834 0.306384  1.18629 0.480593 0.302699  1.18214
 0.47834 0.306393   1.1863 0.480594  0.30271  1.18215
 0.47834 0.306402  1.18631 0.480594  0.30272  1.18216
 0.47834 0.306411  1.18632 0.480595 0.302729  1.18217
 0.47834 0.306421  1.18632 0.480596 0.302738  1.18217
0.47834 0.30643 1.18633 0.480596 0.302747  1.18218
 0.47834 0.306439  1.18634 0.480597 0.302755  1.18219
 0.47834 0.306448  1.18635 0.480597 0.302763   1.1822
 0.47834 0.306457  1.18636 0.480598 0.302771  1.18221
 0.47834 0.306466  1.18637 0.480598 0.302778  1.18222
 0.47834 0.306475  1.18638 0.480599 0.302785  1.18223
 0.47834 0.306484  1.18639 0.480599 0.302792  1.18224
 0.47834 0.306493   1.1864 0.480599   0.3028  1.18225
 0.47834 0.306502  1.18641   0.4806 0.302809  1.18225
 0.47834 0.306512  1.18642   0.4806 0.302818  1.18226
 0.47834 0.306521  1.18642 0.480601 0.302827  1.18227
0.47834 0.30653 1.18643 0.480602 0.302836  1.18228
 0.47834 0.306539  1.18644 0.480602 0.302846  1.18229
 0.47834 0.306548  1.18645 0.480603 0.302857   1.1823
 0.47834 0.306557  1.18646 0.480604 0.302867   1.1823
 0.47834 0.306566  1.18647 0.480604 0.302876  1.18231
 0.47834 0.306575  1.18648 0.480605 0.302886  1.18232
 0.47834 0.306584  1.18649 0.480606 0.302895  1.18233
 0.47834 0.306593   1.1865 0.480606 0.302904  1.18234
 0.47834 0.306601  1.18651 0.480607 0.302912  1.18234
0.47834 0.30661 1.18651 0.480608  0.30292  1.18235
 0.47834 0.306619  1.18652 0.480608 0.302928  1.18236
 0.47834 0.306628  1.18653 0.480609 0.302936  1.18237
 0.47834 0.306637  1.18654 0.480609 0.302944  1.18238
 0.47834 0.306646  1.18655  0.48061 0.302951  1.18239
 0.47834 0.306655  1.18656  0.48061 0.302958   1.1824
 0.47834 0.306664  1.18657 0.480611 0.302966  1.18241
 0.47834 0.306673  1.18658 0.480611 0.302974  1.18241
 0.47834 0.306682  1.18659 0.480612 0.302982  1.18242
0.47834 0.30669 1.18659 0.480612 0.302991  1.18243
 0.47834 0.306699   1.1866 0.480613    0.303  1.18244
 0.47834 0.306708  1.18661 0.480613  0.30301  1.18245
 0.47834 0.306717  1.18662 0.480614 0.303019  1.18245
 0.47834 0.306726  1.18663 0.480615  0.30303  1.18246
 0.47834 0.306734  1.18664 0.480615 0.303039  1.18247
 0.47834 0.306743  1.18665 0.480616 0.303049  1.18248
 0.47834 0.306752  1.18666 0.480617 0.303059  1.18248
 0.47834 0.306761  1.18666 0.480618 0.303068  1.18249
0.47834 0.30677 1.18667 0.480618 0.303077   1.1825
 0.47834 0.306778  1.18668 0.480619 0.303086  1.18251
 0.47834 0.306787  1.18669 0.480619 0.303095  1.18252
 0.47834 0.306796   1.1867  0.48062 0.303104  1.18252
 0.47834 0.306804  1.18671 0.480621 0.303112  1.18253
 0.47834 0.306813  1.18672 0.480621 0.303121  1.18254
 0.47834 0.306822  1.18673 0.480622 0.303129  1.18255
 0.47834 0.306831  1.18673 0.480622 0.303137  1.18256
 0.47834 0.306839  1.18674 0.480623 0.303145  1.18256
 0.47834 0.306848  1.18675 0.480624 0.303153  1.18257
 0.47834 0.306857  1.18676 0.480624 0.303161  1.18258
 0.47834 0.306865  1.18677 0.480625 0.303169  1.18259
 0.47834 0.306874  1.18678 0.480625 0.303176   1.1826
 0.47834 0.306882  1.18679 0.480626 0.303184  1.18261
 0.47834 0.306891   1.1868 0.480626 0.303193  1.18261
0.47834  0.3069  1.1868 0.480627 0.303201  1.18262
 0.47834 0.306908  1.18681 0.480628  0.30321  1.18263
 0.47834 0.306917  1.18682 0.480628  0.30322  1.18264
 0.47834 0.306925  1.18683 0.480629 0.303229  1.18264
 0.47834 0.306934  1.18684  0.48063 0.303238  1.18265
 0.47834 0.306943  1.18685  0.48063 0.303248  1.18266
 0.47834 0.306951  1.18686 0.480631 0.303257  1.18267
0.47834 0.30696 1.18686 0.480632 0.303266  1.18267
 0.47834 0.306968  1.18687 0.480632 0.303275  1.18268
 0.47834 0.306977  1.18688 0.480633 0.303284  1.18269
 0.47834 0.306985  1.18689 0.480633 0.303293   1.1827
 0.47834 0.306994   1.1869 0.480634 0.303302   1.1827
 0.47834 0.307002  1.18691 0.480635 0.303311  1.18271
 0.47834 0.307011  1.18691 0.480635  0.30332  1.18272
 0.47834 0.307019  1.18692 0.480636 0.303329  1.18273
 0.47834 0.307028  1.18693 0.480636 0.303338  1.18273
 0.47834 0.307036  1.18694 0.480637 0.303346  1.18274
 0.47834 0.307044  1.18695 0.480638 0.303355  1.18275
 0.47834 0.307053  1.18696 0.480638 0.303364  1.18276
 0.47834 0.307061  1.18697 0.480639 0.303372  1.18276
0.47834 0.30707 1.18697 0.480639 0.303381  1.18277
 0.47834 0.307078  1.18698 0.48064 0.30339 1.18278
 0.47834 0.307086  1.18699  0.48064 0.303398  1.18279
 0.47834 0.307095    1.187 0.480641 0.303407  1.18279
 0.47834 0.307103  1.18701 0.480641 0.303416   1.1828
 0.47834 0.307111  1.18702 0.480642 0.303425  1.18281
0.47834 0.30712 1.18702 0.480643 0.303435  1.18282
 0.47834 0.307128  1.18703 0.480643 0.303444  1.18282
 0.47834 0.307136  1.18704 0.480644 0.303453  1.18283
 0.47834 0.307145  1.18705 0.480644 0.303463  1.18284
 0.47834 0.307153  1.18706 0.480645 0.303472  1.18284
 0.47834 0.307161  1.18707 0.480646 0.303481  1.18285
0.47834 0.30717 1.18707 0.480646  0.30349  1.18286
 0.47834 0.307178  1.18708 0.480647   0.3035  1.18286
 0.47834 0.307186  1.18709 0.480647 0.303509  1.18287
 0.47834 0.307194   1.1871 0.480648 0.303518  1.18288
 0.47834 0.307203  1.18711 0.480648 0.303527  1.18289
 0.47834 0.307211  1.18711 0.480649 0.303536  1.18289
 0.47834 0.307219  1.18712  0.48065 0.303545   1.1829
 0.47834 0.307227  1.18713  0.48065 0.303555  1.18291
 0.47834 0.307236  1.18714 0.480651 0.303564  1.18291
 0.47834 0.307244  1.18715 0.480651 0.303573  1.18292
 0.47834 0.307252  1.18716 0.480652 0.303582  1.18293
0.47834 0.30726 1.18716 0.480652 0.303591  1.18294
 0.47834 0.307268  1.18717 0.480653   0.3036  1.18294
 0.47834 0.307276  1.18718 0.480653 0.303609  1.18295
 0.47834 0.307284  1.18719 0.480654 0.303617  1.18296
 0.47834 0.307293   1.1872 0.480654 0.303626  1.18296
 0.47834 0.307301   1.1872 0.480655 0.303635  1.18297
 0.47834 0.307309  1.18721 0.480655 0.303644  1.18298
 0.47834 0.307317  1.18722 0.480656 0.303653  1.18298
 0.47834 0.307325  1.18723 0.480656 0.303662  1.18299
 0.47834 0.307333  1.18724 0.480657 0.303671    1.183
 0.47834 0.307341  1.18725 0.480657  0.30368    1.183
 0.47834 0.307349  1.18725 0.480658 0.303689  1.18301
 0.47834 0.307357  1.18726 0.480658 0.303697  1.18302
 0.47834 0.307365  1.18727 0.480659 0.303706  1.18302
 0.47834 0.307373  1.18728 0.480659 0.303715  1.18303
 0.47834 0.307381  1.18729  0.48066 0.303724  1.18304
 0.47834 0.307389  1.18729 0.480661 0.303733  1.18304
 0.47834 0.307397   1.1873 0.480661 0.303741  1.18305
 0.47834 0.307405  1.18731 0.480662  0.30375  1.18306
 0.47834 0.307413  1.18732 0.480662 0.303759  1.18306
 0.47834 0.307421  1.18733 0.480663 0.303767  1.18307
 0.47834 0.307429  1.18733 0.480663 0.303776  1.18308
 0.47834 0.307437  1.18734 0.480664 0.303784  1.18309
 0.47834 0.307445  1.18735 0.480664 0.303792  1.18309
 0.47834 0.307453  1.18736 0.480665 0.303801   1.1831
 0.47834 0.307461  1.18736 0.480665 0.303809  1.18311
 0.47834 0.307469  1.18737 0.480666 0.303817  1.18311
 0.47834 0.307477  1.18738 0.480666 0.303825  1.18312
 0.47834 0.307485  1.18739 0.480667 0.303833  1.18313
 0.47834 0.307492   1.1874 0.480667 0.303841  1.18313
0.47834  0.3075  1.1874 0.480668 0.303849  1.18314
 0.47834 0.307508  1.18741 0.480668 0.303857  1.18315
 0.47834 0.307516  1.18742 0.480669 0.303865  1.18315
 0.47834 0.307524  1.18743 0.480669 0.303873  1.18316
 0.47834 0.307532  1.18744  0.48067 0.303881  1.18317
 0.47834 0.307539  1.18744  0.48067 0.303888  1.18317
 0.47834 0.307547  1.18745  0.48067 0.303896  1.18318
 0.47834 0.307555  1.18746 0.480671 0.303903  1.18319
 0.47834 0.307563  1.18747 0.480671 0.303911  1.18319
 0.47834 0.307571  1.18747 0.480672 0.303918   1.1832
 0.47834 0.307578  1.18748 0.480672 0.303925  1.18321
 0.47834 0.307586  1.18749 0.480673 0.303932  1.18321
 0.47834 0.307594   1.1875 0.480673  0.30394  1.18322
 0.47834 0.307602  1.18751 0.480674 0.303947  1.18323
 0.47834 0.307609  1.18751 0.480674 0.303953  1.18323
 0.47834 0.307617  1.18752 0.480675  0.30396  1.18324
 0.47834 0.307625  1.18753 0.480675 0.303967  1.18325
 0.47834 0.307632  1.18754 0.480676 0.303974  1.18325
0.47834 0.30764 1.18754 0.480676  0.30398  1.18326
 0.47834 0.307648  1.18755 0.480677 0.303987  1.18327
 0.47834 0.307655  1.18756 0.480677 0.303993  1.18327
 0.47834 0.307663  1.18757 0.480678    0.304  1.18328
 0.47834 0.307671  1.18757 0.480678 0.304007  1.18329
 0.47834 0.307678  1.18758 0.480679 0.304013  1.18329
 0.47834 0.307686  1.18759  0.48068 0.304019   1.1833
 0.47834 0.307693   1.1876  0.48068 0.304026   1.1833
 0.47834 0.307701   1.1876  0.48068 0.304032  1.18331
 0.47834 0.307709  1.18761 0.480681 0.304038  1.18332
 0.47834 0.307716  1.18762 0.480682 0.304044  1.18332
 0.47834 0.307724  1.18763 0.480682  0.30405  1.18333
 0.47834 0.307731  1.18764 0.480683 0.304056  1.18334
 0.47834 0.307739  1.18764 0.480683 0.304062  1.18334
 0.47834 0.307746  1.18765 0.480683 0.304068  1.18335
 0.47834 0.307754  1.18766 0.480684 0.304074  1.18336
 0.47834 0.307761  1.18767 0.480685  0.30408  1.18336
 0.47834 0.307769  1.18767 0.480685 0.304085  1.18337
 0.47834 0.307776  1.18768 0.480685 0.304091  1.18338
 0.47834 0.307784  1.18769 0.480686 0.304097  1.18338
 0.47834 0.307791   1.1877 0.480686 0.304102  1.18339
 0.47834 0.307799   1.1877 0.480687 0.304108   1.1834
 0.47834 0.307806  1.18771 0.480687 0.304114   1.1834
 0.47834 0.307814  1.18772 0.480688 0.304119  1.18341
 0.47834 0.307821  1.18772 0.480688 0.304125  1.18342
 0.47834 0.307828  1.18773 0.480689  0.30413  1.18342
 0.47834 0.307836  1.18774 0.480689 0.304136  1.18343
 0.47834 0.307843  1.18775 0.480689 0.304141  1.18344
 0.47834 0.307851  1.18775  0.48069 0.304146  1.18344
 0.47834 0.307858  1.18776  0.48069 0.304152  1.18345
 0.47834 0.307865  1.18777 0.480691 0.304157  1.18346
 0.47834 0.307873  1.18778 0.480691 0.304162  1.18347
0.47834 0.30788 1.18778 0.480691 0.304168  1.18347
 0.47834 0.307887  1.18779 0.480692 0.304173  1.18348
 0.47834 0.307895   1.1878 0.480692 0.304178  1.18349
 0.47834 0.307902  1.18781 0.480693 0.304184  1.18349
 0.47834 0.307909  1.18781 0.480693 0.304189   1.1835
 0.47834 0.307917  1.18782 0.480693 0.304194  1.18351
 0.47834 0.307924  1.18783 0.480694   0.3042  1.18351
 0.47834 0.307931  1.18784 0.480694 0.304205  1.18352
 0.47834 0.307938  1.18784 0.480695  0.30421  1.18353
 0.47834 0.307946  1.18785 0.480695 0.304216  1.18353
 0.47834 0.307953  1.18786 0.480695 0.304221  1.18354
0.47834 0.30796 1.18786 0.480696 0.304227  1.18355
 0.47834 0.307967  1.18787 0.480696 0.304232  1.18355
 0.47834 0.307974  1.18788 0.480696 0.304237  1.18356
 0.47834 0.307982  1.18789 0.480697 0.304243  1.18357
 0.47834 0.307989  1.18789 0.480697 0.304248  1.18358
 0.47834 0.307996   1.1879 0.480697 0.304254  1.18358
 0.47834 0.308003  1.18791 0.480698 0.304259  1.18359
0.47834 0.30801 1.18791 0.480698 0.304265   1.1836
 0.47834 0.308017  1.18792 0.480698  0.30427   1.1836
 0.47834 0.308025  1.18793 0.480698 0.304276  1.18361
 0.47834 0.308032  1.18794 0.480699 0.304282  1.18362
 0.47834 0.308039  1.18794 0.480699 0.304287  1.18362
 0.47834 0.308046  1.18795 0.480699 0.304293  1.18363
 0.47834 0.308053  1.18796   0.4807 0.304299  1.18364
0.47834 0.30806 1.18796   0.4807 0.304305  1.18364
 0.47834 0.308067  1.18797  0.4807 0.30431 1.18365
 0.47834 0.308074  1.18798   0.4807 0.304316  1.18366
 0.47834 0.308081  1.18799 0.480701 0.304322  1.18367
 0.47834 0.308088  1.18799 0.480701 0.304328  1.18367
 0.47834 0.308095    1.188 0.480701 0.304334  1.18368
 0.47834 0.308102  1.18801 0.480701  0.30434  1.18369
 0.47834 0.308109  1.18801 0.480702 0.304347  1.18369
 0.47834 0.308116  1.18802 0.480702 0.304353   1.1837
 0.47834 0.308123  1.18803 0.480702 0.304359  1.18371
0.47834 0.30813 1.18803 0.480702 0.304365  1.18371
 0.47834 0.308137  1.18804 0.480703 0.304372  1.18372
 0.47834 0.308144  1.18805 0.480703 0.304378  1.18373
 0.47834 0.308151  1.18806 0.480703 0.304384  1.18373
 0.47834 0.308158  1.18806 0.480703 0.304391  1.18374
 0.47834 0.308165  1.18807 0.480703 0.304398  1.18375
 0.47834 0.308172  1.18808 0.480704 0.304404  1.18376
 0.47834 0.308179  1.18808 0.480704 0.304411  1.18376
 0.47834 0.308186  1.18809 0.480704 0.304418  1.18377
 0.47834 0.308193   1.1881 0.480704 0.304424  1.18378
 0.47834 0.308199   1.1881 0.480705 0.304431  1.18378
 0.47834 0.308206  1.18811 0.480705 0.304438  1.18379
 0.47834 0.308213  1.18812 0.480705 0.304445   1.1838
0.47834 0.30822 1.18812 0.480705 0.304452   1.1838
 0.47834 0.308227  1.18813 0.480705 0.304459  1.18381
 0.47834 0.308234  1.18814 0.480705 0.304466  1.18382
0.47834 0.30824 1.18814 0.480706 0.304473  1.18383
 0.47834 0.308247  1.18815 0.480706  0.30448  1.18383
 0.47834 0.308254  1.18816 0.480706 0.304487  1.18384
 0.47834 0.308261  1.18816 0.480706 0.304494  1.18385
 0.47834 0.308268  1.18817 0.480706 0.304502  1.18385
 0.47834 0.308274  1.18818 0.480706 0.304509  1.18386
 0.47834 0.308281  1.18819 0.480706 0.304516  1.18387
 0.47834 0.308288  1.18819 0.480707 0.304523  1.18387
 0.47834 0.308295   1.1882 0.480707  0.30453  1.18388
 0.47834 0.308301  1.18821 0.480707 0.304538  1.18389
 0.47834 0.308308  1.18821 0.480707 0.304545  1.18389
 0.47834 0.308315  1.18822 0.480707 0.304552   1.1839
 0.47834 0.308321  1.18823 0.480707 0.304559  1.18391
 0.47834 0.308328  1.18823 0.480707 0.304567  1.18392
 0.47834 0.308335  1.18824 0.480707 0.304574  1.18392
 0.47834 0.308341  1.18825 0.480708 0.304581  1.18393
 0.47834 0.308348  1.18825 0.480708 0.304588  1.18394
 0.47834 0.308355  1.18826 0.480708 0.304596  1.18394
 0.47834 0.308361  1.18827 0.480708 0.304603  1.18395
 0.47834 0.308368  1.18827 0.480708  0.30461  1.18396
 0.47834 0.308374  1.18828 0.480708 0.304617  1.18396
 0.47834 0.308381  1.18828 0.480708 0.304625  1.18397
 0.47834 0.308388  1.18829 0.480708 0.304632  1.18398
 0.47834 0.308394   1.1883 0.480708 0.304639  1.18398
 0.47834 0.308401   1.1883 0.480709 0.304646  1.18399
 0.47834 0.308407  1.18831 0.480709 0.304654    1.184
 0.47834 0.308414  1.18832 0.480709 0.304661  1.18401
0.47834 0.30842 1.18832 0.480709 0.304668  1.18401
 0.47834 0.308427  1.18833 0.480709 0.304675  1.18402
 0.47834 0.308433  1.18834 0.480709 0.304682  1.18403
0.47834 0.30844 1.18834 0.480709 0.304689  1.18403
 0.47834 0.308446  1.18835 0.480709 0.304696  1.18404
 0.47834 0.308453  1.18836 0.480709 0.304703  1.18405
 0.47834 0.308459  1.18836 0.480709  0.30471  1.18405
 0.47834 0.308466  1.18837 0.480709 0.304717  1.18406
 0.47834 0.308472  1.18838 0.480709 0.304724  1.18407
 0.47834 0.308478  1.18838 0.480709 0.304731  1.18407
 0.47834 0.308485  1.18839 0.480709 0.304738  1.18408
 0.47834 0.308491   1.1884  0.48071 0.304745  1.18409
 0.47834 0.308498   1.1884  0.48071 0.304752   1.1841
 0.47834 0.308504  1.18841  0.48071 0.304759   1.1841
0.47834 0.30851 1.18841  0.48071 0.304765  1.18411
 0.47834 0.308517  1.18842  0.48071 0.304772  1.18412
 0.47834 0.308523  1.18843  0.48071 0.304779  1.18412
 0.47834 0.308529  1.18843  0.48071 0.304785  1.18413
 0.47834 0.308536  1.18844  0.48071 0.304792  1.18414
 0.47834 0.308542  1.18845  0.48071 0.304799  1.18414
 0.47834 0.308548  1.18845  0.48071 0.304805  1.18415
 0.47834 0.308555  1.18846  0.48071 0.304812  1.18416
 0.47834 0.308561  1.18846  0.48071 0.304818  1.18416
 0.47834 0.308567  1.18847  0.48071 0.304825  1.18417
 0.47834 0.308573  1.18848  0.48071 0.304831  1.18418
0.47834 0.30858 1.18848  0.48071 0.304838  1.18419
 0.47834 0.308586  1.18849  0.48071 0.304844  1.18419
 0.47834 0.308592   1.1885 0.48071 0.30485  1.1842
 0.47834 0.308598   1.1885  0.48071 0.304856  1.18421
 0.47834 0.308605  1.18851 0.480711 0.304863  1.18421
 0.47834 0.308611  1.18851 0.480711 0.304869  1.18422
 0.47834 0.308617  1.18852 0.480711 0.304875  1.18423
 0.47834 0.308623  1.18853 0.480711 0.304881  1.18423
 0.47834 0.308629  1.18853 0.480711 0.304887  1.18424
 0.47834 0.308636  1.18854 0.480711 0.304893  1.18425
 0.47834 0.308642  1.18855 0.480711 0.304899  1.18425
 0.47834 0.308648  1.18855 0.480711 0.304905  1.18426
 0.47834 0.308654  1.18856 0.480711  0.30491  1.18427
0.47834 0.30866 1.18856 0.480711 0.304916  1.18428
 0.47834 0.308666  1.18857 0.480711 0.304922  1.18428
 0.47834 0.308672  1.18858 0.480711 0.304928  1.18429
 0.47834 0.308678  1.18858 0.480711 0.304933   1.1843
 0.47834 0.308684  1.18859 0.480711 0.304939   1.1843
0.47834 0.30869 1.18859 0.480711 0.304944  1.18431
 0.47834 0.308697   1.1886 0.480711  0.30495  1.18432
 0.47834 0.308703  1.18861 0.480711 0.304955  1.18432
 0.47834 0.308709  1.18861 0.480712  0.30496  1.18433
 0.47834 0.308715  1.18862 0.480712 0.304966  1.18434
 0.47834 0.308721  1.18862 0.480712 0.304971  1.18434
 0.47834 0.308727  1.18863 0.480712 0.304976  1.18435
 0.47834 0.308733  1.18864 0.480712 0.304981  1.18436
 0.47834 0.308739  1.18864 0.480712 0.304986  1.18436
 0.47834 0.308745  1.18865 0.480712 0.304991  1.18437
0.47834 0.30875 1.18865 0.480712 0.304996  1.18438
 0.47834 0.308756  1.18866 0.480712 0.305001  1.18438
 0.47834 0.308762  1.18867 0.480712 0.305006  1.18439
 0.47834 0.308768  1.18867 0.480712 0.305011   1.1844
 0.47834 0.308774  1.18868 0.480713 0.305016  1.18441
0.47834 0.30878 1.18868 0.480713 0.305021  1.18441
 0.47834 0.308786  1.18869 0.480713 0.305025  1.18442
 0.47834 0.308792   1.1887 0.480713  0.30503  1.18443
 0.47834 0.308798   1.1887 0.480713 0.305034  1.18443
 0.47834 0.308804  1.18871 0.480713 0.305039  1.18444
 0.47834 0.308809  1.18871 0.480713 0.305044  1.18445
 0.47834 0.308815  1.18872 0.480713 0.305048  1.18445
 0.47834 0.308821  1.18873 0.480713 0.305052  1.18446
 0.47834 0.308827  1.18873 0.480713 0.305057  1.18447
 0.47834 0.308833  1.18874 0.480714 0.305061  1.18447
 0.47834 0.308838  1.18874 0.480714 0.305065  1.18448
 0.47834 0.308844  1.18875 0.480714  0.30507  1.18449
0.47834 0.30885 1.18875 0.480714 0.305074  1.18449
 0.47834 0.308856  1.18876 0.480714 0.305078   1.1845
 0.47834 0.308862  1.18877 0.480714 0.305082  1.18451
 0.47834 0.308867  1.18877 0.480714 0.305086  1.18451
 0.47834 0.308873  1.18878 0.480714  0.30509  1.18452
 0.47834 0.308879  1.18878 0.480715 0.305094  1.18453
 0.47834 0.308884  1.18879 0.480715 0.305098  1.18453
0.47834 0.30889 1.18879 0.480715 0.305102  1.18454
 0.47834 0.308896   1.1888 0.480715 0.305106  1.18455
 0.47834 0.308901  1.18881 0.480715  0.30511  1.18455
 0.47834 0.308907  1.18881 0.480715 0.305114  1.18456
 0.47834 0.308913  1.18882 0.480715 0.305118  1.18457
 0.47834 0.308918  1.18882 0.480716 0.305121  1.18457
 0.47834 0.308924  1.18883 0.480716 0.305125  1.18458
0.47834 0.30893 1.18883 0.480716 0.305129  1.18459
 0.47834 0.308935  1.18884 0.480716 0.305133  1.18459
 0.47834 0.308941  1.18884 0.480716 0.305136   1.1846
 0.47834 0.308946  1.18885 0.480716  0.30514  1.18461
 0.47834 0.308952  1.18886 0.480716 0.305143  1.18461
 0.47834 0.308958  1.18886 0.480717 0.305147  1.18462
 0.47834 0.308963  1.18887 0.480717 0.305151  1.18463
 0.47834 0.308969  1.18887 0.480717 0.305154  1.18463
 0.47834 0.308974  1.18888 0.480717 0.305158  1.18464
0.47834 0.30898 1.18888 0.480717 0.305161  1.18465
 0.47834 0.308985  1.18889 0.480717 0.305164  1.18465
 0.47834 0.308991  1.18889 0.480717 0.305168  1.18466
 0.47834 0.308996   1.1889 0.480717 0.305171  1.18467
 0.47834 0.309002  1.18891 0.480718 0.305175  1.18467
 0.47834 0.309007  1.18891 0.480718 0.305178  1.18468
 0.47834 0.309013  1.18892 0.480718 0.305181  1.18469
 0.47834 0.309018  1.18892 0.480718 0.305184  1.18469
 0.47834 0.309024  1.18893 0.480718 0.305188   1.1847
 0.47834 0.309029  1.18893 0.480718 0.305191  1.18471
 0.47834 0.309034  1.18894 0.480718 0.305194  1.18471
0.47834 0.30904 1.18894 0.480718 0.305197  1.18472
 0.47834 0.309045  1.18895 0.480718 0.305201  1.18473
 0.47834 0.309051  1.18895 0.480718 0.305204  1.18473
 0.47834 0.309056  1.18896 0.480719 0.305207  1.18474
 0.47834 0.309061  1.18897 0.480719  0.30521  1.18475
 0.47834 0.309067  1.18897 0.480719 0.305213  1.18475
 0.47834 0.309072  1.18898 0.480719 0.305216  1.18476
 0.47834 0.309077  1.18898 0.480719 0.305219  1.18477
 0.47834 0.309083  1.18899 0.480719 0.305222  1.18477
 0.47834 0.309088  1.18899 0.480719 0.305225  1.18478
 0.47834 0.309093    1.189 0.480719 0.305228  1.18479
 0.47834 0.309098    1.189 0.480719 0.305231  1.18479
 0.47834 0.309104  1.18901 0.480719 0.305234   1.1848
 0.47834 0.309109  1.18901 0.480719 0.305237  1.18481
 0.47834 0.309114  1.18902 0.480719  0.30524  1.18481
0.47834 0.30912 1.18902 0.480719 0.305243  1.18482
 0.47834 0.309125  1.18903 0.480719 0.305246  1.18483
0.47834 0.30913 1.18903 0.480719 0.305248  1.18483
 0.47834 0.309135  1.18904 0.480719 0.305251  1.18484
0.47834 0.30914 1.18904 0.480719 0.305254  1.18485
 0.47834 0.309146  1.18905 0.480719 0.305257  1.18485
 0.47834 0.309151  1.18905 0.480719  0.30526  1.18486
 0.47834 0.309156  1.18906 0.480719 0.305263  1.18486
 0.47834 0.309161  1.18906 0.480719 0.305266  1.18487
 0.47834 0.309166  1.18907 0.480719 0.305269  1.18488
 0.47834 0.309171  1.18908 0.480719 0.305273  1.18488
 0.47834 0.309176  1.18908  0.48072 0.305276  1.18489
 0.47834 0.309182  1.18909  0.48072 0.305278   1.1849
 0.47834 0.309187  1.18909  0.48072 0.305281   1.1849
 0.47834 0.309192   1.1891  0.48072 0.305284  1.18491
 0.47834 0.309197   1.1891  0.48072 0.305287  1.18492
 0.47834 0.309202  1.18911 0.48072 0.30529 1.18492
 0.47834 0.309207  1.18911  0.48072 0.305293  1.18493
 0.47834 0.309212  1.18912  0.48072 0.305295  1.18493
 0.47834 0.309217  1.18912  0.48072 0.305298  1.18494
 0.47834 0.309222  1.18913 0.48072  0.3053 1.18495
 0.47834 0.309227  1.18913  0.48072 0.305303  1.18495
 0.47834 0.309232  1.18914  0.48072 0.305305  1.18496
 0.47834 0.309237  1.18914 0.480719 0.305307  1.18497
 0.47834 0.309242  1.18915 0.480719  0.30531  1.18497
 0.47834 0.309247  1.18915 0.480719 0.305312  1.18498
 0.47834 0.309252  1.18916 0.480719 0.305314  1.18499
 0.47834 0.309257  1.18916 0.480719 0.305316  1.18499
 0.47834 0.309262  1.18917 0.480719 0.305319    1.185
 0.47834 0.309267  1.18917 0.480719 0.305321  1.18501
 0.47834 0.309272  1.18918 0.480719 0.305324  1.18501
 0.47834 0.309276  1.18918 0.480719 0.305326  1.18502
 0.47834 0.309281  1.18919 0.480719 0.305329  1.18502
 0.47834 0.309286  1.18919 0.480719 0.305331  1.18503
 0.47834 0.309291   1.1892 0.480719 0.305334  1.18504
 0.47834 0.309296   1.1892 0.480719 0.305336  1.18504
 0.47834 0.309301   1.1892 0.480719 0.305338  1.18505
 0.47834 0.309306  1.18921 0.480719  0.30534  1.18506
0.47834 0.30931 1.18921 0.480719 0.305342  1.18506
 0.47834 0.309315  1.18922 0.480719 0.305344  1.18507
0.47834 0.30932 1.18922 0.480719 0.305346  1.18508
 0.47834 0.309325  1.18923 0.480718 0.305347  1.18508
0.47834 0.30933 1.18923 0.480718 0.305349  1.18509
 0.47834 0.309334  1.18924 0.480718 0.305351   1.1851
 0.47834 0.309339  1.18924 0.480718 0.305354   1.1851
 0.47834 0.309344  1.18925 0.480718 0.305356  1.18511
 0.47834 0.309349  1.18925 0.480718 0.305358  1.18511
 0.47834 0.309353  1.18926 0.480718  0.30536  1.18512
 0.47834 0.309358  1.18926 0.480718 0.305362  1.18513
 0.47834 0.309363  1.18927 0.480718 0.305363  1.18513
 0.47834 0.309367  1.18927 0.480718 0.305365  1.18514
 0.47834 0.309372  1.18928 0.480718 0.305366  1.18515
 0.47834 0.309377  1.18928 0.480718 0.305368  1.18515
 0.47834 0.309381  1.18929 0.480718  0.30537  1.18516
 0.47834 0.309386  1.18929 0.480717 0.305372  1.18517
 0.47834 0.309391  1.18929 0.480717 0.305374  1.18517
 0.47834 0.309395   1.1893 0.480717 0.305376  1.18518
0.47834  0.3094  1.1893 0.480717 0.305378  1.18519
 0.47834 0.309405  1.18931 0.480717  0.30538  1.18519
 0.47834 0.309409  1.18931 0.480717 0.305381   1.1852
 0.47834 0.309414  1.18932 0.480717 0.305383   1.1852
 0.47834 0.309418  1.18932 0.480717 0.305385  1.18521
 0.47834 0.309423  1.18933 0.480717 0.305386  1.18522
 0.47834 0.309427  1.18933 0.480717 0.305387  1.18522
 0.47834 0.309432  1.18934 0.480717 0.305389  1.18523
 0.47834 0.309437  1.18934 0.480716  0.30539  1.18524
 0.47834 0.309441  1.18934 0.480716 0.305391  1.18524
 0.47834 0.309446  1.18935 0.480716 0.305393  1.18525
0.47834 0.30945 1.18935 0.480716 0.305395  1.18526
 0.47834 0.309455  1.18936 0.480716 0.305397  1.18526
 0.47834 0.309459  1.18936 0.480716 0.305399  1.18527
 0.47834 0.309463  1.18937 0.480716 0.305401  1.18527
 0.47834 0.309468  1.18937 0.480716 0.305403  1.18528
 0.47834 0.309472  1.18938 0.480716 0.305405  1.18529
 0.47834 0.309477  1.18938 0.480716 0.305407  1.18529
 0.47834 0.309481  1.18939 0.480715 0.305408   1.1853
 0.47834 0.309486  1.18939 0.480715  0.30541  1.18531
0.47834 0.30949 1.18939 0.480715 0.305411  1.18531
 0.47834 0.309494   1.1894 0.480715 0.305413  1.18532
 0.47834 0.309499   1.1894 0.480715 0.305414  1.18533
 0.47834 0.309503  1.18941 0.480715 0.305415  1.18533
 0.47834 0.309507  1.18941 0.480714 0.305416  1.18534
 0.47834 0.309512  1.18942 0.480714 0.305418  1.18534
 0.47834 0.309516  1.18942 0.480714  0.30542  1.18535
0.47834 0.30952 1.18942 0.480714 0.305422  1.18536
 0.47834 0.309525  1.18943 0.480714 0.305424  1.18536
 0.47834 0.309529  1.18943 0.480714 0.305426  1.18537
 0.47834 0.309533  1.18944 0.480713 0.305428  1.18537
 0.47834 0.309538  1.18944 0.480713  0.30543  1.18538
 0.47834 0.309542  1.18945 0.480713 0.305432  1.18539
 0.47834 0.309546  1.18945 0.480713 0.305433  1.18539
0.47834 0.30955 1.18945 0.480712 0.305435   1.1854
 0.47834 0.309555  1.18946 0.480712 0.305436  1.18541
 0.47834 0.309559  1.18946 0.480712 0.305438  1.18541
 0.47834 0.309563  1.18947 0.480711  0.30544  1.18542
 0.47834 0.309567  1.18947 0.480711 0.305442  1.18543
 0.47834 0.309571  1.18948 0.480711 0.305445  1.18543
 0.47834 0.309575  1.18948  0.48071 0.305447  1.18544
0.47834 0.30958 1.18948  0.48071 0.305449  1.18544
 0.47834 0.309584  1.18949  0.48071 0.305451  1.18545
 0.47834 0.309588  1.18949 0.480709 0.305453  1.18546
 0.47834 0.309592   1.1895 0.480709 0.305455  1.18546
 0.47834 0.309596   1.1895 0.480708 0.305457  1.18547
0.47834  0.3096  1.1895 0.480708 0.305459  1.18547
 0.47834 0.309604  1.18951 0.480707 0.305461  1.18548
 0.47834 0.309608  1.18951 0.480707 0.305463  1.18549
 0.47834 0.309613  1.18952 0.480706 0.305466  1.18549
 0.47834 0.309617  1.18952 0.480706 0.305469   1.1855
 0.47834 0.309621  1.18952 0.480706 0.305471   1.1855
 0.47834 0.309625  1.18953 0.480705 0.305473  1.18551
 0.47834 0.309629  1.18953 0.480705 0.305475  1.18552
 0.47834 0.309633  1.18954 0.480704 0.305477  1.18552
 0.47834 0.309637  1.18954 0.480703  0.30548  1.18553
 0.47834 0.309641  1.18954 0.480703 0.305482  1.18553
 0.47834 0.309645  1.18955 0.480702 0.305485  1.18554
 0.47834 0.309649  1.18955 0.480702 0.305487  1.18555
 0.47834 0.309653  1.18956 0.480701 0.305489  1.18555
 0.47834 0.309657  1.18956 0.480701 0.305492  1.18556
0.47834 0.30966 1.18956   0.4807 0.305494  1.18556
 0.47834 0.309664  1.18957 0.480699 0.305497  1.18557
 0.47834 0.309668  1.18957 0.480699 0.305499  1.18558
 0.47834 0.309672  1.18958 0.480698 0.305502  1.18558
 0.47834 0.309676  1.18958 0.480698 0.305504  1.18559
0.47834 0.30968 1.18958 0.480697 0.305506  1.18559
 0.47834 0.309684  1.18959 0.480696 0.305509   1.1856
 0.47834 0.309688  1.18959 0.480696 0.305512  1.18561
 0.47834 0.309692   1.1896 0.480695 0.305514  1.18561
 0.47834 0.309695   1.1896 0.480694 0.305517  1.18562
 0.47834 0.309699   1.1896 0.480694  0.30552  1.18562
 0.47834 0.309703  1.18961 0.480693 0.305522  1.18563
 0.47834 0.309707  1.18961 0.480692 0.305524  1.18564
 0.47834 0.309711  1.18961 0.480691 0.305527  1.18564
 0.47834 0.309714  1.18962  0.48069 0.305529  1.18565
 0.47834 0.309718  1.18962  0.48069 0.305531  1.18565
 0.47834 0.309722  1.18963 0.480689 0.305534  1.18566
 0.47834 0.309726  1.18963 0.480688 0.305537  1.18566
 0.47834 0.309729  1.18963 0.480688  0.30554  1.18567
 0.47834 0.309733  1.18964 0.480687 0.305543  1.18568
 0.47834 0.309737  1.18964 0.480687 0.305546  1.18568
 0.47834 0.309741  1.18964 0.480686 0.305549  1.18569
 0.47834 0.309744  1.18965 0.480685 0.305552  1.18569
 0.47834 0.309748  1.18965 0.480685 0.305554   1.1857
 0.47834 0.309752  1.18966 0.480684 0.305556   1.1857
 0.47834 0.309755  1.18966 0.480683 0.305559  1.18571
 0.47834 0.309759  1.18966 0.480682 0.305561  1.18572
 0.47834 0.309763  1.18967 0.480682 0.305564  1.18572
 0.47834 0.309766  1.18967 0.480681 0.305566  1.18573
0.47834 0.30977 1.18967  0.48068 0.305569  1.18573
 0.47834 0.309773  1.18968  0.48068 0.305572  1.18574
 0.47834 0.309777  1.18968 0.480679 0.305575  1.18574
0.47834 0.30978 1.18968 0.480679 0.305578  1.18575
 0.47834 0.309784  1.18969 0.480678 0.305581  1.18575
 0.47834 0.309788  1.18969 0.480678 0.305583  1.18576
 0.47834 0.309791   1.1897 0.480677 0.305585  1.18577
 0.47834 0.309795   1.1897 0.480676 0.305588  1.18577
 0.47834 0.309798   1.1897 0.480676 0.305591  1.18578
 0.47834 0.309802  1.18971 0.480675 0.305593  1.18578
 0.47834 0.309805  1.18971 0.480675 0.305596  1.18579
 0.47834 0.309809  1.18971 0.480674 0.305599  1.18579
 0.47834 0.309812  1.18972 0.480674 0.305601   1.1858
 0.47834 0.309816  1.18972 0.480673 0.305604   1.1858
 0.47834 0.309819  1.18972 0.480673 0.305607  1.18581
 0.47834 0.309823  1.18973 0.480672 0.305609  1.18581
 0.47834 0.309826  1.18973 0.480672 0.305612  1.18582
 0.47834 0.309829  1.18973 0.480671 0.305614  1.18582
 0.47834 0.309833  1.18974 0.480671 0.305617  1.18583
 0.47834 0.309836  1.18974 0.48067 0.30562 1.18583
0.47834 0.30984 1.18974  0.48067 0.305622  1.18584
 0.47834 0.309843  1.18975 0.480669 0.305625  1.18584
 0.47834 0.309846  1.18975 0.480669 0.305627  1.18585
0.47834 0.30985 1.18975 0.480669  0.30563  1.18586
 0.47834 0.309853  1.18976 0.480668 0.305632  1.18586
 0.47834 0.309856  1.18976 0.480668 0.305635  1.18587
0.47834 0.30986 1.18976 0.480667 0.305637  1.18587
 0.47834 0.309863  1.18977 0.480667  0.30564  1.18588
 0.47834 0.309866  1.18977 0.480666 0.305642  1.18588
0.47834 0.30987 1.18977 0.480666 0.305645  1.18589
 0.47834 0.309873  1.18978 0.480666 0.305648  1.18589
 0.47834 0.309876  1.18978 0.480666  0.30565   1.1859
 0.47834 0.309879  1.18978 0.480665 0.305653   1.1859
 0.47834 0.309883  1.18979 0.480665 0.305655  1.18591
 0.47834 0.309886  1.18979 0.480665 0.305658  1.18591
 0.47834 0.309889  1.18979 0.480664  0.30566  1.18591
 0.47834 0.309892   1.1898 0.480664 0.305663  1.18592
 0.47834 0.309895   1.1898 0.480664 0.305665  1.18592
 0.47834 0.309899   1.1898 0.480663 0.305668  1.18593
 0.47834 0.309902  1.18981 0.480663  0.30567  1.18593
 0.47834 0.309905  1.18981 0.480663 0.305673  1.18594
 0.47834 0.309908  1.18981 0.480663 0.305676  1.18594
 0.47834 0.309911  1.18982 0.480663 0.305678  1.18595
 0.47834 0.309914  1.18982 0.480662 0.305681  1.18595
 0.47834 0.309917  1.18982 0.480662 0.305683  1.18596
 0.47834 0.309921  1.18982 0.480662 0.305686  1.18596
 0.47834 0.309924  1.18983 0.480662 0.305688  1.18597
 0.47834 0.309927  1.18983 0.480662  0.30569  1.18597
0.47834 0.30993 1.18983 0.480661 0.305693  1.18598
 0.47834 0.309933  1.18984 0.480661 0.305695  1.18598
 0.47834 0.309936  1.18984 0.480661 0.305698  1.18598
 0.47834 0.309939  1.18984 0.480661   0.3057  1.18599
 0.47834 0.309942  1.18985 0.480661 0.305703  1.18599
 0.47834 0.309945  1.18985 0.480661 0.305706    1.186
 0.47834 0.309948  1.18985 0.480661 0.305708    1.186
 0.47834 0.309951  1.18985 0.480661 0.305711  1.18601
 0.47834 0.309954  1.18986 0.480661 0.305713  1.18601
 0.47834 0.309957  1.18986 0.480661 0.305715  1.18602
0.47834 0.30996 1.18986  0.48066 0.305717  1.18602
 0.47834 0.309963  1.18987  0.48066 0.305719  1.18602
 0.47834 0.309966  1.18987  0.48066 0.305721  1.18603
 0.47834 0.309969  1.18987  0.48066 0.305724  1.18603
 0.47834 0.309971  1.18988  0.48066 0.305726  1.18604
 0.47834 0.309974  1.18988  0.48066 0.305729  1.18604
 0.47834 0.309977  1.18988  0.48066 0.305731  1.18605
0.47834 0.30998 1.18988 0.480661 0.305734  1.18605
 0.47834 0.309983  1.18989 0.480661 0.305737  1.18605
 0.47834 0.309986  1.18989 0.480661 0.305739  1.18606
 0.47834 0.309989  1.18989 0.480661 0.305742  1.18606
 0.47834 0.309992   1.1899 0.480662 0.305745  1.18606
 0.47834 0.309994   1.1899 0.480662 0.305748  1.18607
 0.47834 0.309997   1.1899 0.480662  0.30575  1.18607
0.47834    0.31  1.1899 0.480662 0.305753  1.18608
 0.47834 0.310003  1.18991 0.480662 0.305755  1.18608
 0.47834 0.310005  1.18991 0.480662 0.305757  1.18608
 0.47834 0.310008  1.18991 0.480662 0.305759  1.18609
 0.47834 0.310011  1.18991 0.480663 0.305762  1.18609
 0.47834 0.310014  1.18992 0.480663 0.305764  1.18609
 0.47834 0.310016  1.18992 0.480663 0.305767   1.1861
 0.47834 0.310019  1.18992 0.480664 0.305769   1.1861
 0.47834 0.310022  1.18993 0.480664 0.305772  1.18611
 0.47834 0.310025  1.18993 0.480664 0.305774  1.18611
 0.47834 0.310027  1.18993 0.480665 0.305777  1.18611
0.47834 0.31003 1.18993 0.480665 0.305779  1.18612
 0.47834 0.310033  1.18994 0.480665 0.305781  1.18612
 0.47834 0.310035  1.18994 0.480666 0.305784  1.18612
 0.47834 0.310038  1.18994 0.480666 0.305786  1.18613
0.47834 0.31004 1.18994 0.480667 0.305789  1.18613
 0.47834 0.310043  1.18995 0.480667 0.305791  1.18613
 0.47834 0.310046  1.18995 0.480667 0.305793  1.18614
 0.47834 0.310048  1.18995 0.480667 0.305796  1.18614
 0.47834 0.310051  1.18995 0.480668 0.305798  1.18614
 0.47834 0.310053  1.18996 0.480668 0.305801  1.18615
 0.47834 0.310056  1.18996 0.480669 0.305803  1.18615
 0.47834 0.310059  1.18996 0.480669 0.305806  1.18615
 0.47834 0.310061  1.18996  0.48067 0.305808  1.18616
 0.47834 0.310064  1.18997  0.48067 0.305811  1.18616
 0.47834 0.310066  1.18997 0.480671 0.305812  1.18616
 0.47834 0.310069  1.18997 0.480671 0.305814  1.18617
 0.47834 0.310071  1.18997 0.480671 0.305816  1.18617
 0.47834 0.310074  1.18998 0.480672 0.305818  1.18617
 0.47834 0.310076  1.18998 0.480672  0.30582  1.18618
 0.47834 0.310078  1.18998 0.480673 0.305822  1.18618
 0.47834 0.310081  1.18998 0.480673 0.305825  1.18618
 0.47834 0.310083  1.18999 0.480674 0.305827  1.18618
 0.47834 0.310086  1.18999 0.480674  0.30583  1.18619
 0.47834 0.310088  1.18999 0.480675 0.305832  1.18619
 0.47834 0.310091  1.18999 0.480676 0.305835  1.18619
 0.47834 0.310093     1.19 0.480676 0.305837   1.1862
 0.47834 0.310095     1.19 0.480677  0.30584   1.1862
 0.47834 0.310098     1.19 0.480678 0.305843   1.1862
0.47834  0.3101    1.19 0.480679 0.305846   1.1862
 0.47834 0.310102  1.19001  0.48068 0.305848   1.1862
 0.47834 0.310105  1.19001 0.480681 0.305851  1.18621
 0.47834 0.310107  1.19001 0.480682 0.305854  1.18621
 0.47834 0.310109  1.19001 0.480682 0.305856  1.18621
 0.47834 0.310112  1.19002 0.480683 0.305857  1.18622
 0.47834 0.310114  1.19002 0.480683 0.305859  1.18622
 0.47834 0.310116  1.19002 0.480684  0.30586  1.18622
 0.47834 0.310118  1.19002 0.480684 0.305862  1.18622
 0.47834 0.310121  1.19002 0.480685 0.305864  1.18623
 0.47834 0.310123  1.19003 0.480685 0.305866  1.18623
 0.47834 0.310125  1.19003 0.480686 0.305868  1.18623
 0.47834 0.310127  1.19003 0.480687  0.30587  1.18623
 0.47834 0.310129  1.19003 0.480688 0.305873  1.18624
 0.47834 0.310132  1.19004 0.480689 0.305875  1.18624
 0.47834 0.310134  1.19004  0.48069 0.305878  1.18624
 0.47834 0.310136  1.19004 0.480691  0.30588  1.18624
 0.47834 0.310138  1.19004 0.480692 0.305883  1.18624
0.47834 0.31014 1.19004 0.480693 0.305885  1.18625
 0.47834 0.310142  1.19005 0.480694 0.305888  1.18625
 0.47834 0.310144  1.19005 0.480695 0.305891  1.18625
 0.47834 0.310147  1.19005 0.480696 0.305894  1.18625
 0.47834 0.310149  1.19005 0.480697 0.305897  1.18625
 0.47834 0.310151  1.19005 0.480698   0.3059  1.18625
 0.47834 0.310153  1.19006 0.480699 0.305902  1.18626
 0.47834 0.310155  1.19006   0.4807 0.305904  1.18626
 0.47834 0.310157  1.19006 0.480701 0.305906  1.18626
 0.47834 0.310159  1.19006 0.480702 0.305908  1.18626
 0.47834 0.310161  1.19006 0.480703 0.305911  1.18626
 0.47834 0.310163  1.19007 0.480704 0.305913  1.18627
 0.47834 0.310165  1.19007 0.480705 0.305915  1.18627
 0.47834 0.310167  1.19007 0.480706 0.305918  1.18627
 0.47834 0.310169  1.19007 0.480708 0.305921  1.18627
 0.47834 0.310171  1.19007 0.480708 0.305923  1.18627
 0.47834 0.310173  1.19008 0.480709 0.305925  1.18627
 0.47834 0.310175  1.19008  0.48071 0.305926  1.18628
 0.47834 0.310177  1.19008 0.480711 0.305928  1.18628
 0.47834 0.310179  1.19008 0.480712  0.30593  1.18628
 0.47834 0.310181  1.19008 0.480713 0.305933  1.18628
 0.47834 0.310182  1.19009 0.480714 0.305935  1.18628
 0.47834 0.310184  1.19009 0.480715 0.305937  1.18629
 0.47834 0.310186  1.19009 0.480716  0.30594  1.18629
 0.47834 0.310188  1.19009 0.480717 0.305943  1.18629
0.47834 0.31019 1.19009 0.480719 0.305946  1.18629
 0.47834 0.310192   1.1901  0.48072 0.305949  1.18629
 0.47834 0.310194   1.1901 0.480721 0.305952  1.18629
 0.47834 0.310195   1.1901 0.480722 0.305955  1.18629
 0.47834 0.310197   1.1901 0.480724 0.305958  1.18629
 0.47834 0.310199   1.1901 0.480725 0.305961  1.18629
 0.47834 0.310201   1.1901 0.480726 0.305963   1.1863
 0.47834 0.310203  1.19011 0.480727 0.305965   1.1863
 0.47834 0.310204  1.19011 0.480728 0.305968   1.1863
 0.47834 0.310206  1.19011 0.480729  0.30597   1.1863
 0.47834 0.310208  1.19011 0.480731 0.305973   1.1863
 0.47834 0.310209  1.19011 0.480732 0.305976   1.1863
 0.47834 0.310211  1.19012 0.480733 0.305979   1.1863
 0.47834 0.310213  1.19012 0.480734 0.305982   1.1863
 0.47834 0.310215  1.19012 0.480736 0.305985  1.18631
 0.47834 0.310216  1.19012 0.480737 0.305987  1.18631
 0.47834 0.310218  1.19012 0.480738 0.305989  1.18631
0.47834 0.31022 1.19012 0.480739 0.305991  1.18631
 0.47834 0.310221  1.19013  0.48074 0.305994  1.18631
 0.47834 0.310223  1.19013 0.480741 0.305996  1.18631
 0.47834 0.310224  1.19013 0.480742 0.305999  1.18631
 0.47834 0.310226  1.19013 0.480744 0.306002  1.18631
 0.47834 0.310228  1.19013 0.480745 0.306005  1.18631
 0.47834 0.310229  1.19013 0.480746 0.306009  1.18632
 0.47834 0.310231  1.19013 0.480748 0.306012  1.18632
 0.47834 0.310232  1.19014 0.480749 0.306015  1.18632
 0.47834 0.310234  1.19014 0.480751 0.306019  1.18632
 0.47834 0.310235  1.19014 0.480752 0.306022  1.18632
 0.47834 0.310237  1.19014 0.480753 0.306025  1.18632
 0.47834 0.310238  1.19014 0.480754 0.306027  1.18632
0.47834 0.31024 1.19014 0.480756  0.30603  1.18632
 0.47834 0.310241  1.19015 0.480757 0.306033  1.18632
 0.47834 0.310243  1.19015 0.480758 0.306036  1.18632
 0.47834 0.310244  1.19015 0.480759 0.306039  1.18632
 0.47834 0.310246  1.19015 0.480761 0.306043  1.18632
 0.47834 0.310247  1.19015 0.480762 0.306046  1.18632
 0.47834 0.310249  1.19015 0.480763 0.306049  1.18632
0.47834 0.31025 1.19015 0.480765 0.306052  1.18633
 0.47834 0.310252  1.19016 0.480766 0.306054  1.18633
 0.47834 0.310253  1.19016 0.480767 0.306057  1.18633
 0.47834 0.310254  1.19016 0.480768  0.30606  1.18633
 0.47834 0.310256  1.19016  0.48077 0.306063  1.18633
 0.47834 0.310257  1.19016 0.480771 0.306067  1.18633
 0.47834 0.310258  1.19016 0.480772  0.30607  1.18633
0.47834 0.31026 1.19016 0.480773 0.306074  1.18633
 0.47834 0.310261  1.19016 0.480775 0.306077  1.18633
 0.47834 0.310262  1.19017 0.480776 0.306079  1.18633
 0.47834 0.310264  1.19017 0.480777 0.306082  1.18633
 0.47834 0.310265  1.19017 0.480778 0.306085  1.18633
 0.47834 0.310266  1.19017 0.480779 0.306088  1.18633
 0.47834 0.310267  1.19017  0.48078 0.306091  1.18633
 0.47834 0.310269  1.19017 0.480781 0.306094  1.18633
0.47834 0.31027 1.19017 0.480782 0.306098  1.18633
 0.47834 0.310271  1.19018 0.480784 0.306101  1.18633
 0.47834 0.310272  1.19018 0.480785 0.306105  1.18633
 0.47834 0.310274  1.19018 0.480786 0.306108  1.18634
 0.47834 0.310275  1.19018 0.480787 0.306111  1.18634
 0.47834 0.310276  1.19018 0.480788 0.306114  1.18634
 0.47834 0.310277  1.19018 0.480789 0.306117  1.18634
 0.47834 0.310278  1.19018 0.48079 0.30612 1.18634
 0.47834 0.310279  1.19018 0.480791 0.306124  1.18634
 0.47834 0.310281  1.19018 0.480792 0.306128  1.18634
 0.47834 0.310282  1.19019 0.480793 0.306131  1.18634
 0.47834 0.310283  1.19019 0.480794 0.306135  1.18634
 0.47834 0.310284  1.19019 0.480795 0.306137  1.18634
 0.47834 0.310285  1.19019 0.480796  0.30614  1.18634
 0.47834 0.310286  1.19019 0.480796 0.306144  1.18634
 0.47834 0.310287  1.19019 0.480797 0.306147  1.18634
 0.47834 0.310288  1.19019 0.480798  0.30615  1.18634
 0.47834 0.310289  1.19019 0.480799 0.306154  1.18634
0.47834 0.31029 1.19019   0.4808 0.306158  1.18634
 0.47834 0.310291   1.1902 0.480801 0.306162  1.18634
 0.47834 0.310292   1.1902 0.480801 0.306166  1.18634
 0.47834 0.310293   1.1902 0.480802 0.306169  1.18634
 0.47834 0.310294   1.1902 0.480803 0.306172  1.18634
 0.47834 0.310295   1.1902 0.480803 0.306175  1.18635
 0.47834 0.310296   1.1902 0.480804 0.306178  1.18635
 0.47834 0.310297   1.1902 0.480804 0.306181  1.18635
 0.47834 0.310298   1.1902 0.480805 0.306185  1.18635
 0.47834 0.310299   1.1902 0.480805 0.306188  1.18635
0.47834  0.3103  1.1902 0.480806 0.306192  1.18635
 0.47834 0.310301   1.1902 0.480806 0.306197  1.18635
 0.47834 0.310302  1.19021 0.480807 0.306201  1.18635
 0.47834 0.310303  1.19021 0.480808 0.306206  1.18635
 0.47834 0.310303  1.19021 0.480808  0.30621  1.18635
 0.47834 0.310304  1.19021 0.480809 0.306215  1.18635
 0.47834 0.310305  1.19021 0.480809 0.306218  1.18635
 0.47834 0.310306  1.19021 0.480809 0.306222  1.18635
 0.47834 0.310307  1.19021 0.480809 0.306225  1.18635
 0.47834 0.310308  1.19021  0.48081 0.306228  1.18635
 0.47834 0.310308  1.19021  0.48081 0.306231  1.18635
 0.47834 0.310309  1.19021  0.48081 0.306235  1.18635
0.47834 0.31031 1.19021  0.48081 0.306239  1.18635
 0.47834 0.310311  1.19021  0.48081 0.306243  1.18635
 0.47834 0.310311  1.19022 0.480811 0.306247  1.18636
 0.47834 0.310312  1.19022 0.480811 0.306252  1.18636
 0.47834 0.310313  1.19022 0.480811 0.306257  1.18636
 0.47834 0.310314  1.19022 0.480811 0.306262  1.18636
 0.47834 0.310314  1.19022 0.480812 0.306267  1.18636
 0.47834 0.310315  1.19022 0.480812 0.306272  1.18636
 0.47834 0.310316  1.19022 0.480813 0.306277  1.18636
 0.47834 0.310316  1.19022 0.480813 0.306282  1.18636
 0.47834 0.310317  1.19022 0.480813 0.306286  1.18636
 0.47834 0.310318  1.19022 0.480812  0.30629  1.18636
 0.47834 0.310318  1.19022 0.480812 0.306293  1.18636
 0.47834 0.310319  1.19022 0.480812 0.306298  1.18636
 0.47834 0.310319  1.19022 0.480812 0.306302  1.18636
0.47834 0.31032 1.19022 0.480812 0.306307  1.18636
 0.47834 0.310321  1.19022 0.480813 0.306312  1.18636
 0.47834 0.310321  1.19023 0.480813 0.306317  1.18636
 0.47834 0.310322  1.19023 0.480813 0.306322  1.18636
 0.47834 0.310322  1.19023 0.480813 0.306327  1.18636
 0.47834 0.310323  1.19023 0.480813 0.306331  1.18636
 0.47834 0.310323  1.19023 0.480813 0.306336  1.18636
 0.47834 0.310324  1.19023 0.480812  0.30634  1.18636
 0.47834 0.310324  1.19023 0.480812 0.306345  1.18636
 0.47834 0.310325  1.19023 0.480812  0.30635  1.18637
 0.47834 0.310325  1.19023 0.480812 0.306355  1.18637
 0.47834 0.310326  1.19023 0.480812  0.30636  1.18637
 0.47834 0.310326  1.19023 0.480812 0.306365  1.18637
 0.47834 0.310327  1.19023 0.480812 0.306371  1.18637
 0.47834 0.310327  1.19023 0.480812 0.306376  1.18637
 0.47834 0.310327  1.19023 0.480812 0.306381  1.18637
 0.47834 0.310328  1.19023 0.480812 0.306386  1.18637
 0.47834 0.310328  1.19023 0.480812  0.30639  1.18637
 0.47834 0.310329  1.19023 0.480811 0.306395  1.18637
 0.47834 0.310329  1.19023 0.480811 0.306399  1.18637
 0.47834 0.310329  1.19023 0.480811 0.306404  1.18637
0.47834 0.31033 1.19023 0.480811  0.30641  1.18637
0.47834 0.31033 1.19023 0.480811 0.306415  1.18637
0.47834 0.31033 1.19023 0.480811 0.306421  1.18637
 0.47834 0.310331  1.19023 0.480811 0.306427  1.18637
 0.47834 0.310331  1.19023 0.480811 0.306432  1.18637
 0.47834 0.310331  1.19024 0.480811 0.306438  1.18637
 0.47834 0.310332  1.19024 0.480811 0.306444  1.18637
 0.47834 0.310332  1.19024 0.480811 0.306449  1.18637
 0.47834 0.310332  1.19024  0.48081 0.306453  1.18637
 0.47834 0.310332  1.19024  0.48081 0.306458  1.18637
 0.47834 0.310332  1.19024  0.48081 0.306463  1.18637
 0.47834 0.310333  1.19024 0.480809 0.306468  1.18637
 0.47834 0.310333  1.19024 0.480809 0.306473  1.18638
 0.47834 0.310333  1.19024 0.480809 0.306478  1.18638
 0.47834 0.310333  1.19024 0.480809 0.306484  1.18638
 0.47834 0.310333  1.19024 0.480809  0.30649  1.18638
 0.47834 0.310334  1.19024 0.480809 0.306496  1.18638
 0.47834 0.310334  1.19024 0.480809 0.306502  1.18638
 0.47834 0.310334  1.19024 0.480809 0.306508  1.18638
 0.47834 0.310334  1.19024 0.480809 0.306514  1.18638
 0.47834 0.310334  1.19024 0.480809 0.306519  1.18638
 0.47834 0.310334  1.19024 0.480808 0.306524  1.18638
 0.47834 0.310334  1.19024 0.480808 0.306529  1.18638
 0.47834 0.310334  1.19024 0.480808 0.306535  1.18638
 0.47834 0.310334  1.19024 0.480807  0.30654  1.18638
 0.47834 0.310334  1.19024 0.480807 0.306546  1.18638
 0.47834 0.310334  1.19024 0.480807 0.306552  1.18638
 0.47834 0.310334  1.19024 0.480807 0.306558  1.18638
 0.47834 0.310334  1.19024 0.480807 0.306564  1.18638
 0.47834 0.310334  1.19024 0.480807  0.30657  1.18638
 0.47834 0.310334  1.19024 0.480807 0.306576  1.18638
 0.47834 0.310334  1.19024 0.480807 0.306582  1.18638
 0.47834 0.310334  1.19024 0.480807 0.306588  1.18638
 0.47834 0.310334  1.19024 0.480807 0.306594  1.18638
 0.47834 0.310334  1.19024 0.480806 0.306599  1.18638
 0.47834 0.310334  1.19024 0.480806 0.306605  1.18638
 0.47834 0.310334  1.19024 0.480805  0.30661  1.18638
 0.47834 0.310334  1.19024 0.480805 0.306616  1.18638
 0.47834 0.310334  1.19024 0.480805 0.306622  1.18638
 0.47834 0.310334  1.19024 0.480805 0.306628  1.18638
 0.47834 0.310334  1.19024 0.480805 0.306634  1.18638
 0.47834 0.310334  1.19024 0.480805  0.30664  1.18638
 0.47834 0.310334  1.19024 0.480805 0.306647  1.18638
 0.47834 0.310334  1.19024 0.480805 0.306654  1.18638
 0.47834 0.310334  1.19024 0.480805  0.30666  1.18638
 0.47834 0.310334  1.19024 0.480805 0.306667  1.18638
 0.47834 0.310334  1.19024 0.480805 0.306673  1.18638
 0.47834 0.310334  1.19024 0.480805 0.306679  1.18638
 0.47834 0.310334  1.19024 0.480805 0.306685  1.18638
 0.47834 0.310334  1.19024 0.480805 0.306691  1.18638
 0.47834 0.310334  1.19024 0.480805 0.306697  1.18638
 0.47834 0.310334  1.19024 0.480804 0.306703  1.18638
 0.47834 0.310334  1.19024 0.480804 0.306709  1.18638
 0.47834 0.310334  1.19024 0.480804 0.306715  1.18638
 0.47834 0.310334  1.19024 0.480804 0.306721  1.18638
 0.47834 0.310334  1.19024 0.480803 0.306728  1.18638
 0.47834 0.310334  1.19024 0.480804 0.306734  1.18637
 0.47834 0.310334  1.19024 0.480804 0.306741  1.18637
 0.47834 0.310334  1.19024 0.480804 0.306748  1.18637
 0.47834 0.310334  1.19024 0.480804 0.306755  1.18637
 0.47834 0.310334  1.19024 0.480804 0.306762  1.18637
 0.47834 0.310334  1.19024 0.480804 0.306768  1.18637
 0.47834 0.310334  1.19024 0.480804 0.306775  1.18637
 0.47834 0.310334  1.19024 0.480804 0.306782  1.18637
 0.47834 0.310334  1.19024 0.480804 0.306788  1.18637
 0.47834 0.310334  1.19024 0.480803 0.306794  1.18637
 0.47834 0.310334  1.19024 0.480803 0.306801  1.18637
 0.47834 0.310334  1.19024 0.480803 0.306807  1.18637
 0.47834 0.310334  1.19024 0.480803 0.306814  1.18637
 0.47834 0.310334  1.19024 0.480803 0.306821  1.18637
 0.47834 0.310334  1.19024 0.480803 0.306828  1.18637
 0.47834 0.310334  1.19024 0.480803 0.306835  1.18637
 0.47834 0.310334  1.19024 0.480803 0.306842  1.18636
 0.47834 0.310334  1.19024 0.480804 0.306849  1.18636
 0.47834 0.310334  1.19024 0.480804 0.306856  1.18636
 0.47834 0.310334  1.19024 0.480804 0.306863  1.18636
 0.47834 0.310334  1.19024 0.480804  0.30687  1.18636
 0.47834 0.310334  1.19024 0.480804 0.306877  1.18636
 0.47834 0.310334  1.19024 0.480804 0.306884  1.18636
 0.47834 0.310334  1.19024 0.480804 0.306891  1.18636
 0.47834 0.310334  1.19024 0.480804 0.306898  1.18636
 0.47834 0.310334  1.19024 0.480804 0.306905  1.18636
 0.47834 0.310334  1.19024 0.480804 0.306912  1.18636
 0.47834 0.310334  1.19024 0.480804 0.306919  1.18636
 0.47834 0.310334  1.19024 0.480804 0.306926  1.18635
 0.47834 0.310334  1.19024 0.480804 0.306934  1.18635
 0.47834 0.310334  1.19024 0.480804 0.306941  1.18635
 0.47834 0.310334  1.19024 0.480804 0.306948  1.18635
 0.47834 0.310334  1.19024 0.480805 0.306956  1.18635
 0.47834 0.310334  1.19024 0.480805 0.306963  1.18635
 0.47834 0.310334  1.19024 0.480805 0.306971  1.18635
 0.47834 0.310334  1.19024 0.480805 0.306978  1.18635
 0.47834 0.310334  1.19024 0.480806 0.306985  1.18635
 0.47834 0.310334  1.19024 0.480806 0.306993  1.18634
 0.47834 0.310334  1.19024 0.480806    0.307  1.18634
 0.47834 0.310334  1.19024 0.480806 0.307007  1.18634
 0.47834 0.310334  1.19024 0.480806 0.307014  1.18634
 0.47834 0.310334  1.19024 0.480806 0.307022  1.18634
 0.47834 0.310334  1.19024 0.480806 0.307029  1.18634
 0.47834 0.310334  1.19024 0.480807 0.307036  1.18634
 0.47834 0.310334  1.19024 0.480807 0.307043  1.18634
 0.47834 0.310334  1.19024 0.480807 0.307051  1.18633
 0.47834 0.310334  1.19024 0.480807 0.307058  1.18633
 0.47834 0.310334  1.19024 0.480808 0.307066  1.18633
 0.47834 0.310334  1.19024 0.480808 0.307073  1.18633
 0.47834 0.310334  1.19024 0.480808 0.307081  1.18633
 0.47834 0.310334  1.19024 0.480809 0.307088  1.18633
 0.47834 0.310334  1.19024 0.480809 0.307095  1.18633
 0.47834 0.310334  1.19024 0.480809 0.307103  1.18632
 0.47834 0.310334  1.19024 0.48081 0.30711 1.18632
 0.47834 0.310334  1.19024  0.48081 0.307117  1.18632
 0.47834 0.310334  1.19024  0.48081 0.307124  1.18632
 0.47834 0.310334  1.19024  0.48081 0.307131  1.18632
 0.47834 0.310334  1.19024 0.480811 0.307139  1.18632
 0.47834 0.310334  1.19024 0.480811 0.307146  1.18632
 0.47834 0.310334  1.19024 0.480811 0.307153  1.18632
 0.47834 0.310334  1.19024 0.480811  0.30716  1.18631
 0.47834 0.310334  1.19024 0.480812 0.307167  1.18631
 0.47834 0.310334  1.19024 0.480812 0.307174  1.18631
 0.47834 0.310334  1.19024 0.480812 0.307182  1.18631
 0.47834 0.310334  1.19024 0.480813 0.307189  1.18631
 0.47834 0.310334  1.19024 0.480813 0.307196  1.18631
 0.47834 0.310334  1.19024 0.480813 0.307203  1.18631
 0.47834 0.310334  1.19024 0.480814  0.30721   1.1863
 0.47834 0.310334  1.19024 0.480814 0.307217   1.1863
 0.47834 0.310334  1.19024 0.480814 0.307224   1.1863
 0.47834 0.310334  1.19024 0.480815 0.307231   1.1863
 0.47834 0.310334  1.19024 0.480815 0.307238   1.1863
 0.47834 0.310334  1.19024 0.480815 0.307244   1.1863
 0.47834 0.310334  1.19024 0.480815 0.307251   1.1863
 0.47834 0.310334  1.19024 0.480816 0.307258   1.1863
 0.47834 0.310334  1.19024 0.480816 0.307265  1.18629
 0.47834 0.310334  1.19024 0.480816 0.307271  1.18629
 0.47834 0.310334  1.19024 0.480816 0.307278  1.18629
 0.47834 0.310334  1.19024 0.480816 0.307285  1.18629
 0.47834 0.310334  1.19024 0.480817 0.307291  1.18629
 0.47834 0.310334  1.19024 0.480817 0.307298  1.18629
 0.47834 0.310334  1.19024 0.480817 0.307305  1.18629
 0.47834 0.310334  1.19024 0.480817 0.307312  1.18629
 0.47834 0.310334  1.19024 0.480818 0.307318  1.18628
 0.47834 0.310334  1.19024 0.480818 0.307325  1.18628
 0.47834 0.310334  1.19024 0.480818 0.307331  1.18628
 0.47834 0.310334  1.19024 0.480818 0.307338  1.18628
 0.47834 0.310334  1.19024 0.480818 0.307344  1.18628
 0.47834 0.310334  1.19024 0.480819  0.30735  1.18628
 0.47834 0.310334  1.19024 0.480819 0.307357  1.18628
 0.47834 0.310334  1.19024 0.480819 0.307363  1.18628
 0.47834 0.310334  1.19024 0.480819 0.307369  1.18627
 0.47834 0.310334  1.19024 0.480819 0.307375  1.18627
 0.47834 0.310334  1.19024 0.480819 0.307382  1.18627
 0.47834 0.310334  1.19024 0.480819 0.307388  1.18627
 0.47834 0.310334  1.19024 0.480819 0.307394  1.18627
 0.47834 0.310334  1.19024 0.480819   0.3074  1.18627
 0.47834 0.310334  1.19024 0.480819 0.307406  1.18627
 0.47834 0.310334  1.19024 0.480819 0.307412  1.18627
 0.47834 0.310334  1.19024 0.480819 0.307418  1.18627
 0.47834 0.310334  1.19024 0.480819 0.307424  1.18626
 0.47834 0.310334  1.19024 0.480819  0.30743  1.18626
 0.47834 0.310334  1.19024 0.480819 0.307436  1.18626
 0.47834 0.310334  1.19024 0.480819 0.307441  1.18626
 0.47834 0.310334  1.19024 0.480819 0.307447  1.18626
 0.47834 0.310334  1.19024 0.480819 0.307453  1.18626
 0.47834 0.310334  1.19024 0.480819 0.307459  1.18626
 0.47834 0.310334  1.19024 0.480819 0.307465  1.18626
 0.47834 0.310334  1.19024 0.480819  0.30747  1.18626
 0.47834 0.310334  1.19024 0.480819 0.307476  1.18626
 0.47834 0.310334  1.19024 0.480819 0.307481  1.18625
 0.47834 0.310334  1.19024 0.480818 0.307487  1.18625
 0.47834 0.310334  1.19024 0.480818 0.307492  1.18625
 0.47834 0.310334  1.19024 0.480818 0.307498  1.18625
 0.47834 0.310334  1.19024 0.480818 0.307503  1.18625
 0.47834 0.310334  1.19024 0.480818 0.307508  1.18625
 0.47834 0.310334  1.19024 0.480818 0.307514  1.18625
 0.47834 0.310334  1.19024 0.480817 0.307519  1.18625
 0.47834 0.310334  1.19024 0.480817 0.307524  1.18625
 0.47834 0.310334  1.19024 0.480817  0.30753  1.18625
 0.47834 0.310334  1.19024 0.480817 0.307535  1.18625
 0.47834 0.310334  1.19024 0.480817  0.30754  1.18624
 0.47834 0.310334  1.19024 0.480817 0.307545  1.18624
 0.47834 0.310334  1.19024 0.480816  0.30755  1.18624
 0.47834 0.310334  1.19024 0.480816 0.307555  1.18624
 0.47834 0.310334  1.19024 0.480816  0.30756  1.18624
 0.47834 0.310334  1.19024 0.480816 0.307565  1.18624
 0.47834 0.310334  1.19024 0.480816  0.30757  1.18624
 0.47834 0.310334  1.19024 0.480815 0.307575  1.18624
 0.47834 0.310334  1.19024 0.480815  0.30758  1.18624
 0.47834 0.310334  1.19024 0.480815 0.307585  1.18624
 0.47834 0.310334  1.19024 0.480815 0.307589  1.18624
 0.47834 0.310334  1.19024 0.480814 0.307594  1.18624
 0.47834 0.310334  1.19024 0.480814 0.307599  1.18624
 0.47834 0.310334  1.19024 0.480814 0.307603  1.18624
 0.47834 0.310334  1.19024 0.480813 0.307608  1.18623
 0.47834 0.310334  1.19024 0.480813 0.307612  1.18623
 0.47834 0.310334  1.19024 0.480812 0.307616  1.18623
 0.47834 0.310334  1.19024 0.480812 0.307621  1.18623
 0.47834 0.310334  1.19024 0.480812 0.307625  1.18623
 0.47834 0.310334  1.19024 0.480811 0.307629  1.18623
 0.47834 0.310334  1.19024 0.480811 0.307634  1.18623
 0.47834 0.310334  1.19024 0.480811 0.307638  1.18623
 0.47834 0.310334  1.19024  0.48081 0.307642  1.18623
 0.47834 0.310334  1.19024  0.48081 0.307646  1.18623
 0.47834 0.310334  1.19024 0.480809  0.30765  1.18623
 0.47834 0.310334  1.19024 0.480809 0.307654  1.18623
 0.47834 0.310334  1.19024 0.480808 0.307658  1.18623
 0.47834 0.310334  1.19024 0.480808 0.307662  1.18623
 0.47834 0.310334  1.19024 0.480808 0.307666  1.18623
 0.47834 0.310334  1.19024 0.480807  0.30767  1.18623
 0.47834 0.310334  1.19024 0.480807 0.307674  1.18623
 0.47834 0.310334  1.19024 0.480806 0.307678  1.18622
 0.47834 0.310334  1.19024 0.480806 0.307682  1.18622
 0.47834 0.310334  1.19024 0.480806 0.307685  1.18622
 0.47834 0.310334  1.19024 0.480805 0.307689  1.18622
 0.47834 0.310334  1.19024 0.480805 0.307693  1.18622
 0.47834 0.310334  1.19024 0.480804 0.307696  1.18622
 0.47834 0.310334  1.19024 0.480804   0.3077  1.18622
 0.47834 0.310334  1.19024 0.480804 0.307703  1.18622
 0.47834 0.310334  1.19024 0.480803 0.307707  1.18622
 0.47834 0.310334  1.19024 0.480803  0.30771  1.18622
 0.47834 0.310334  1.19024 0.480802 0.307714  1.18622
 0.47834 0.310334  1.19024 0.480802 0.307717  1.18622
 0.47834 0.310334  1.19024 0.480801  0.30772  1.18622
 0.47834 0.310334  1.19024 0.480801 0.307723  1.18622
 0.47834 0.310334  1.19024   0.4808 0.307727  1.18622
 0.47834 0.310334  1.19024  0.4808 0.30773 1.18622
 0.47834 0.310334  1.19024 0.480799 0.307733  1.18622
 0.47834 0.310334  1.19024 0.480799 0.307736  1.18622
 0.47834 0.310334  1.19024 0.480798 0.307739  1.18622
 0.47834 0.310334  1.19024 0.480798 0.307742  1.18622
 0.47834 0.310334  1.19024 0.480797 0.307745  1.18622
 0.47834 0.310334  1.19024 0.480797 0.307747  1.18622
 0.47834 0.310334  1.19024 0.480796  0.30775  1.18622
 0.47834 0.310334  1.19024 0.480796 0.307753  1.18622
 0.47834 0.310334  1.19024 0.480795 0.307756  1.18621
 0.47834 0.310334  1.19024 0.480795 0.307758  1.18621
 0.47834 0.310334  1.19024 0.480794 0.307761  1.18621
 0.47834 0.310334  1.19024 0.480794 0.307763  1.18621
 0.47834 0.310334  1.19024 0.480794 0.307766  1.18621
 0.47834 0.310334  1.19024 0.480793 0.307768  1.18621
 0.47834 0.310334  1.19024 0.480792 0.307771  1.18621
 0.47834 0.310334  1.19024 0.480792 0.307773  1.18621
 0.47834 0.310334  1.19024 0.480791 0.307775  1.18621
 0.47834 0.310334  1.19024 0.480791 0.307777  1.18621
 0.47834 0.310334  1.19024 0.480791  0.30778  1.18621
 0.47834 0.310334  1.19024  0.48079 0.307782  1.18621
 0.47834 0.310334  1.19024 0.480789 0.307784  1.18621
 0.47834 0.310334  1.19024 0.480789 0.307786  1.18621
 0.47834 0.310334  1.19024 0.480789 0.307788  1.18621
 0.47834 0.310334  1.19024 0.480788  0.30779  1.18621
 0.47834 0.310334  1.19024 0.480788 0.307792  1.18621
 0.47834 0.310334  1.19024 0.480787 0.307794  1.18621
 0.47834 0.310334  1.19024 0.480786 0.307795  1.18621
 0.47834 0.310334  1.19024 0.480786 0.307797  1.18621
 0.47834 0.310334  1.19024 0.480786 0.307799  1.18621
 0.47834 0.310334  1.19024 0.480785   0.3078  1.18621
 0.47834 0.310334  1.19024 0.480784 0.307802  1.18621
 0.47834 0.310334  1.19024 0.480784 0.307804  1.18621
 0.47834 0.310334  1.19024 0.480783 0.307805  1.18621
 0.47834 0.310334  1.19024 0.480783 0.307807  1.18621
 0.47834 0.310334  1.19024 0.480782 0.307808  1.18621
 0.47834 0.310334  1.19024 0.480782 0.307809  1.18621
 0.47834 0.310334  1.19024 0.480781 0.307811  1.18621
 0.47834 0.310334  1.19024 0.480781 0.307812  1.18621
 0.47834 0.310334  1.19024  0.48078 0.307813  1.18621
 0.47834 0.310334  1.19024  0.48078 0.307814  1.18621
 0.47834 0.310334  1.19024 0.480779 0.307815  1.18621
 0.47834 0.310334  1.19024 0.480779 0.307816  1.18621
 0.47834 0.310334  1.19024 0.480778 0.307817  1.18621
 0.47834 0.310334  1.19024 0.480777 0.307818  1.18621
 0.47834 0.310334  1.19024 0.480777 0.307819  1.18621
 0.47834 0.310334  1.19024 0.480776  0.30782  1.18621
 0.47834 0.310334  1.19024 0.480776 0.307821  1.18621
 0.47834 0.310334  1.19024 0.480775 0.307822  1.18621
 0.47834 0.310334  1.19024 0.480774 0.307823  1.18621
 0.47834 0.310334  1.19024 0.480774 0.307823  1.18621
 0.47834 0.310334  1.19024 0.480773 0.307824  1.18621
 0.47834 0.310334  1.19024 0.480773 0.307825  1.18621
 0.47834 0.310334  1.19024 0.480772 0.307825  1.18621
 0.47834 0.310334  1.19024 0.480772 0.307826  1.18621
 0.47834 0.310334  1.19024 0.480771 0.307826  1.18621
 0.47834 0.310334  1.19024  0.48077 0.307827  1.18621
 0.47834 0.310334  1.19024  0.48077 0.307827  1.18621
 0.47834 0.310334  1.19024 0.480769 0.307828  1.18621
 0.47834 0.310334  1.19024 0.480769 0.307828  1.18621
 0.47834 0.310334  1.19024 0.480768 0.307828  1.18621
 0.47834 0.310334  1.19024 0.480767 0.307828  1.18621
 0.47834 0.310334  1.19024 0.480767 0.307829  1.18621
 0.47834 0.310334  1.19024 0.480766 0.307829  1.18621
 0.47834 0.310334  1.19024 0.480766 0.307829  1.18621
 0.47834 0.310334  1.19024 0.480765 0.307829  1.18621
 0.47834 0.310334  1.19024 0.480764 0.307829  1.18621
 0.47834 0.310334  1.19024 0.480764 0.307829  1.18621
 0.47834 0.310334  1.19024 0.480763 0.307829  1.18621
 0.47834 0.310334  1.19024 0.480762 0.307828  1.18621
 0.47834 0.310334  1.19024 0.480762 0.307828  1.18621
 0.47834 0.310334  1.19024 0.480761 0.307828  1.18621
 0.47834 0.310334  1.19024 0.480761 0.307828  1.18621
 0.47834 0.310334  1.19024  0.48076 0.307827  1.18621
 0.47834 0.310334  1.19024 0.480759 0.307827  1.18621
 0.47834 0.310334  1.19024 0.480758 0.307826  1.18621
 0.47834 0.310334  1.19024 0.480758 0.307826  1.18621
 0.47834 0.310334  1.19024 0.480757 0.307825  1.18621
 0.47834 0.310334  1.19024 0.480756 0.307825  1.18621
 0.47834 0.310334  1.19024 0.480756 0.307824  1.18621
 0.47834 0.310334  1.19024 0.480755 0.307824  1.18622
 0.47834 0.310334  1.19024 0.480754 0.307823  1.18622
 0.47834 0.310334  1.19024 0.480754 0.307822  1.18622
 0.47834 0.310334  1.19024 0.480753 0.307821  1.18622
 0.47834 0.310334  1.19024 0.480752 0.307821  1.18622
 0.47834 0.310334  1.19024 0.480751  0.30782  1.18622
 0.47834 0.310334  1.19024 0.480751 0.307819  1.18622
 0.47834 0.310334  1.19024  0.48075 0.307818  1.18622
 0.47834 0.310334  1.19024 0.480749 0.307817  1.18622
 0.47834 0.310334  1.19024 0.480749 0.307816  1.18622
 0.47834 0.310334  1.19024 0.480748 0.307815  1.18622
 0.47834 0.310334  1.19024 0.480747 0.307813  1.18622
 0.47834 0.310334  1.19024 0.480746 0.307812  1.18622
 0.47834 0.310334  1.19024 0.480746 0.307811  1.18622
 0.47834 0.310334  1.19024 0.480745  0.30781  1.18622
 0.47834 0.310334  1.19024 0.480744 0.307809  1.18622
 0.47834 0.310334  1.19024 0.480744 0.307807  1.18622
 0.47834 0.310334  1.19024 0.480743 0.307806  1.18622
 0.47834 0.310334  1.19024 0.480742 0.307805  1.18623
 0.47834 0.310334  1.19024 0.480741 0.307803  1.18623
 0.47834 0.310334  1.19024 0.480741 0.307802  1.18623
 0.47834 0.310334  1.19024 0.48074  0.3078 1.18623
 0.47834 0.310334  1.19024 0.480739 0.307799  1.18623
 0.47834 0.310334  1.19024 0.480738 0.307797  1.18623
 0.47834 0.310334  1.19024 0.480738 0.307795  1.18623
 0.47834 0.310334  1.19024 0.480737 0.307794  1.18623
 0.47834 0.310334  1.19024 0.480736 0.307792  1.18623
 0.47834 0.310334  1.19024 0.480735  0.30779  1.18623
 0.47834 0.310334  1.19024 0.480734 0.307788  1.18623
 0.47834 0.310334  1.19024 0.480734 0.307786  1.18623
 0.47834 0.310334  1.19024 0.480733 0.307784  1.18623
 0.47834 0.310334  1.19024 0.480732 0.307783  1.18623
 0.47834 0.310334  1.19024 0.480731 0.307781  1.18624
 0.47834 0.310334  1.19024  0.48073 0.307779  1.18624
 0.47834 0.310334  1.19024  0.48073 0.307776  1.18624
 0.47834 0.310334  1.19024 0.480729 0.307774  1.18624
 0.47834 0.310334  1.19024 0.480728 0.307772  1.18624
 0.47834 0.310334  1.19024 0.480727  0.30777  1.18624
 0.47834 0.310334  1.19024 0.480726 0.307768  1.18624
 0.47834 0.310334  1.19024 0.480726 0.307766  1.18624
 0.47834 0.310334  1.19024 0.480725 0.307764  1.18624
 0.47834 0.310334  1.19024 0.480724 0.307761  1.18624
 0.47834 0.310334  1.19024 0.480723 0.307759  1.18624
 0.47834 0.310334  1.19024 0.480722 0.307757  1.18625
 0.47834 0.310334  1.19024 0.480721 0.307754  1.18625
 0.47834 0.310334  1.19024 0.480721 0.307752  1.18625
 0.47834 0.310334  1.19024  0.48072 0.307749  1.18625
 0.47834 0.310334  1.19024 0.480719 0.307747  1.18625
 0.47834 0.310334  1.19024 0.480718 0.307744  1.18625
 0.47834 0.310334  1.19024 0.480717 0.307742  1.18625
 0.47834 0.310334  1.19024 0.480716 0.307739  1.18625
 0.47834 0.310334  1.19024 0.480716 0.307736  1.18625
 0.47834 0.310334  1.19024 0.480715 0.307734  1.18625
 0.47834 0.310334  1.19024 0.480714 0.307731  1.18626
 0.47834 0.310334  1.19024 0.480713 0.307728  1.18626
 0.47834 0.310334  1.19024 0.480712 0.307725  1.18626
 0.47834 0.310334  1.19024 0.480711 0.307723  1.18626
 0.47834 0.310334  1.19024 0.48071 0.30772 1.18626
 0.47834 0.310334  1.19024  0.48071 0.307717  1.18626
 0.47834 0.310334  1.19024 0.480709 0.307714  1.18626
 0.47834 0.310334  1.19024 0.480708 0.307711  1.18626
 0.47834 0.310334  1.19024 0.480707 0.307708  1.18626
 0.47834 0.310334  1.19024 0.480706 0.307705  1.18627
 0.47834 0.310334  1.19024 0.480705 0.307702  1.18627
 0.47834 0.310334  1.19024 0.480704 0.307699  1.18627
 0.47834 0.310334  1.19024 0.480704 0.307696  1.18627
 0.47834 0.310334  1.19024 0.480703 0.307693  1.18627
 0.47834 0.310334  1.19024 0.480702  0.30769  1.18627
 0.47834 0.310334  1.19024 0.480701 0.307687  1.18627
 0.47834 0.310334  1.19024   0.4807 0.307683  1.18627
 0.47834 0.310334  1.19024 0.480699  0.30768  1.18628
 0.47834 0.310334  1.19024 0.480698 0.307677  1.18628
 0.47834 0.310334  1.19024 0.480697 0.307674  1.18628
 0.47834 0.310334  1.19024 0.480696  0.30767  1.18628
 0.47834 0.310334  1.19024 0.480695 0.307667  1.18628
 0.47834 0.310334  1.19024 0.480695 0.307664  1.18628
 0.47834 0.310334  1.19024 0.480694  0.30766  1.18628
 0.47834 0.310334  1.19024 0.480693 0.307657  1.18628
 0.47834 0.310334  1.19024 0.480692 0.307653  1.18628
 0.47834 0.310334  1.19024 0.480691  0.30765  1.18629
 0.47834 0.310334  1.19024  0.48069 0.307646  1.18629
 0.47834 0.310334  1.19024 0.480689 0.307643  1.18629
 0.47834 0.310334  1.19024 0.480688 0.307639  1.18629
 0.47834 0.310334  1.19024 0.480687 0.307636  1.18629
 0.47834 0.310334  1.19024 0.480687 0.307632  1.18629
 0.47834 0.310334  1.19024 0.480686 0.307629  1.18629
 0.47834 0.310334  1.19024 0.480685 0.307625   1.1863
 0.47834 0.310334  1.19024 0.480684 0.307621   1.1863
 0.47834 0.310334  1.19024 0.480683 0.307618   1.1863
 0.47834 0.310334  1.19024 0.480682 0.307614   1.1863
 0.47834 0.310334  1.19024 0.480681  0.30761   1.1863
 0.47834 0.310334  1.19024  0.48068 0.307606   1.1863
 0.47834 0.310334  1.19024 0.480679 0.307603   1.1863
 0.47834 0.310334  1.19024 0.480678 0.307599  1.18631
 0.47834 0.310334  1.19024 0.480677 0.307595  1.18631
 0.47834 0.310334  1.19024 0.480677 0.307591  1.18631
 0.47834 0.310334  1.19024 0.480676 0.307587  1.18631
 0.47834 0.310334  1.19024 0.480675 0.307583  1.18631
 0.47834 0.310334  1.19024 0.480674 0.307579  1.18631
 0.47834 0.310334  1.19024 0.480673 0.307575  1.18631
 0.47834 0.310334  1.19024 0.480672 0.307571  1.18632
 0.47834 0.310334  1.19024 0.480671 0.307567  1.18632
 0.47834 0.310334  1.19024  0.48067 0.307563  1.18632
 0.47834 0.310334  1.19024 0.480669 0.307559  1.18632
 0.47834 0.310334  1.19024 0.480668 0.307555  1.18632
 0.47834 0.310334  1.19024 0.480667 0.307551  1.18632
 0.47834 0.310334  1.19024 0.480666 0.307547  1.18632
 0.47834 0.310334  1.19024 0.480665 0.307543  1.18633
 0.47834 0.310334  1.19024 0.480664 0.307539  1.18633
 0.47834 0.310334  1.19024 0.480664 0.307535  1.18633
 0.47834 0.310334  1.19024 0.480663 0.307531  1.18633
 0.47834 0.310334  1.19024 0.480662 0.307526  1.18633
 0.47834 0.310334  1.19024 0.480661 0.307522  1.18633
 0.47834 0.310334  1.19024  0.48066 0.307518  1.18633
 0.47834 0.310334  1.19024 0.480659 0.307514  1.18634
 0.47834 0.310334  1.19024 0.480658 0.307509  1.18634
 0.47834 0.310334  1.19024 0.480657 0.307505  1.18634
 0.47834 0.310334  1.19024 0.480656 0.307501  1.18634
 0.47834 0.310334  1.19024 0.480655 0.307496  1.18634
 0.47834 0.310334  1.19024 0.480654 0.307492  1.18634
 0.47834 0.310334  1.19024 0.480653 0.307488  1.18634
 0.47834 0.310334  1.19024 0.480652 0.307483  1.18635
 0.47834 0.310334  1.19024 0.480651 0.307479  1.18635
 0.47834 0.310334  1.19024  0.48065 0.307475  1.18635
 0.47834 0.310334  1.19024 0.480649 0.307471  1.18635
 0.47834 0.310334  1.19024 0.480649 0.307466  1.18635
 0.47834 0.310334  1.19024 0.480648 0.307462  1.18635
 0.47834 0.310334  1.19024 0.480647 0.307458  1.18636
 0.47834 0.310334  1.19024 0.480646 0.307453  1.18636
 0.47834 0.310334  1.19024 0.480645 0.307449  1.18636
 0.47834 0.310334  1.19024 0.480644 0.307444  1.18636
 0.47834 0.310334  1.19024 0.480643  0.30744  1.18636
 0.47834 0.310334  1.19024 0.480642 0.307435  1.18636
 0.47834 0.310334  1.19024 0.480641 0.307431  1.18636
 0.47834 0.310334  1.19024  0.48064 0.307426  1.18637
 0.47834 0.310334  1.19024 0.480639 0.307422  1.18637
 0.47834 0.310334  1.19024 0.480638 0.307417  1.18637
 0.47834 0.310334  1.19024 0.480637 0.307412  1.18637
 0.47834 0.310334  1.19024 0.480636 0.307408  1.18637
 0.47834 0.310334  1.19024 0.480635 0.307403  1.18637
 0.47834 0.310334  1.19024 0.480634 0.307399  1.18638
 0.47834 0.310334  1.19024 0.480633 0.307394  1.18638
 0.47834 0.310334  1.19024 0.480633 0.307389  1.18638
 0.47834 0.310334  1.19024 0.480632 0.307385  1.18638
 0.47834 0.310334  1.19024 0.480631  0.30738  1.18638
 0.47834 0.310334  1.19024  0.48063 0.307376  1.18638
 0.47834 0.310334  1.19024 0.480629 0.307371  1.18639
 0.47834 0.310334  1.19024 0.480628 0.307367  1.18639
 0.47834 0.310334  1.19024 0.480627 0.307362  1.18639
 0.47834 0.310334  1.19024 0.480626 0.307357  1.18639
 0.47834 0.310334  1.19024 0.480625 0.307353  1.18639
 0.47834 0.310334  1.19024 0.480624 0.307348  1.18639
 0.47834 0.310334  1.19024 0.480623 0.307343   1.1864
 0.47834 0.310334  1.19024 0.480622 0.307339   1.1864
 0.47834 0.310334  1.19024 0.480622 0.307334   1.1864
 0.47834 0.310334  1.19024 0.480621 0.307329   1.1864
 0.47834 0.310334  1.19024  0.48062 0.307324   1.1864
 0.47834 0.310334  1.19024 0.480619  0.30732   1.1864
 0.47834 0.310334  1.19024 0.480618 0.307315  1.18641
 0.47834 0.310334  1.19024 0.480617  0.30731  1.18641
 0.47834 0.310334  1.19024 0.480616 0.307306  1.18641
 0.47834 0.310334  1.19024 0.480615 0.307301  1.18641
 0.47834 0.310334  1.19024 0.480614 0.307296  1.18641
 0.47834 0.310334  1.19024 0.480613 0.307292  1.18641
 0.47834 0.310334  1.19024 0.480612 0.307287  1.18641
 0.47834 0.310334  1.19024 0.480611 0.307282  1.18642
 0.47834 0.310334  1.19024 0.480611 0.307277  1.18642
 0.47834 0.310334  1.19024  0.48061 0.307273  1.18642
 0.47834 0.310334  1.19024 0.480609 0.307268  1.18642
 0.47834 0.310334  1.19024 0.480608 0.307263  1.18642
 0.47834 0.310334  1.19024 0.480607 0.307258  1.18642
 0.47834 0.310334  1.19024 0.480606 0.307254  1.18643
 0.47834 0.310334  1.19024 0.480605 0.307249  1.18643
 0.47834 0.310334  1.19024 0.480604 0.307244  1.18643
 0.47834 0.310334  1.19024 0.480603 0.307239  1.18643
 0.47834 0.310334  1.19024 0.480603 0.307235  1.18643
 0.47834 0.310334  1.19024 0.480602  0.30723  1.18643
 0.47834 0.310334  1.19024 0.480601 0.307225  1.18644
 0.47834 0.310334  1.19024   0.4806 0.307221  1.18644
 0.47834 0.310334  1.19024 0.480599 0.307216  1.18644
 0.47834 0.310334  1.19024 0.480598 0.307211  1.18644
 0.47834 0.310334  1.19024 0.480597 0.307207  1.18644
 0.47834 0.310334  1.19024 0.480597 0.307202  1.18644
 0.47834 0.310334  1.19024 0.480596 0.307197  1.18645
 0.47834 0.310334  1.19024 0.480595 0.307192  1.18645
 0.47834 0.310334  1.19024 0.480594 0.307188  1.18645
 0.47834 0.310334  1.19024 0.480593 0.307183  1.18645
 0.47834 0.310334  1.19024 0.480592 0.307178  1.18645
 0.47834 0.310334  1.19024 0.480591 0.307173  1.18645
 0.47834 0.310334  1.19024 0.480591 0.307169  1.18646
 0.47834 0.310334  1.19024  0.48059 0.307164  1.18646
 0.47834 0.310334  1.19024 0.480589 0.307159  1.18646
 0.47834 0.310334  1.19024 0.480588 0.307155  1.18646
 0.47834 0.310334  1.19024 0.480587  0.30715  1.18646
 0.47834 0.310334  1.19024 0.480586 0.307145  1.18646
 0.47834 0.310334  1.19024 0.480586 0.307141  1.18646
 0.47834 0.310334  1.19024 0.480585 0.307136  1.18647
 0.47834 0.310334  1.19024 0.480584 0.307131  1.18647
 0.47834 0.310334  1.19024 0.480583 0.307127  1.18647
 0.47834 0.310334  1.19024 0.480582 0.307122  1.18647
 0.47834 0.310334  1.19024 0.480581 0.307117  1.18647
 0.47834 0.310334  1.19024 0.480581 0.307113  1.18647
 0.47834 0.310334  1.19024  0.48058 0.307108  1.18648
 0.47834 0.310334  1.19024 0.480579 0.307104  1.18648
 0.47834 0.310334  1.19024 0.480578 0.307099  1.18648
 0.47834 0.310334  1.19024 0.480578 0.307094  1.18648
 0.47834 0.310334  1.19024 0.480577  0.30709  1.18648
 0.47834 0.310334  1.19024 0.480576 0.307085  1.18648
 0.47834 0.310334  1.19024 0.480575 0.307081  1.18648
 0.47834 0.310334  1.19024 0.480574 0.307076  1.18649
 0.47834 0.310334  1.19024 0.480574 0.307071  1.18649
 0.47834 0.310334  1.19024 0.480573 0.307067  1.18649
 0.47834 0.310334  1.19024 0.480572 0.307062  1.18649
 0.47834 0.310334  1.19024 0.480571 0.307058  1.18649
 0.47834 0.310334  1.19024 0.480571 0.307053  1.18649
 0.47834 0.310334  1.19024  0.48057 0.307049   1.1865
 0.47834 0.310334  1.19024 0.480569 0.307044   1.1865
 0.47834 0.310334  1.19024 0.480569 0.307039   1.1865
 0.47834 0.310334  1.19024 0.480568 0.307035   1.1865
 0.47834 0.310334  1.19024 0.480567  0.30703   1.1865
 0.47834 0.310334  1.19024 0.480566 0.307026   1.1865
 0.47834 0.310334  1.19024 0.480566 0.307021   1.1865
 0.47834 0.310334  1.19024 0.480565 0.307016  1.18651
 0.47834 0.310334  1.19024 0.480564 0.307012  1.18651
 0.47834 0.310334  1.19024 0.480564 0.307007  1.18651
 0.47834 0.310334  1.19024 0.480563 0.307003  1.18651
 0.47834 0.310334  1.19024 0.480562 0.306998  1.18651
 0.47834 0.310334  1.19024 0.480562 0.306993  1.18651
 0.47834 0.310334  1.19024 0.480561 0.306989  1.18651
 0.47834 0.310334  1.19024  0.48056 0.306984  1.18652
 0.47834 0.310334  1.19024 0.480559 0.306979  1.18652
 0.47834 0.310334  1.19024 0.480559 0.306974  1.18652
 0.47834 0.310334  1.19024 0.480558  0.30697  1.18652
 0.47834 0.310334  1.19024 0.480558 0.306965  1.18652
 0.47834 0.310334  1.19024 0.480557  0.30696  1.18652
 0.47834 0.310334  1.19024 0.480557 0.306956  1.18653
 0.47834 0.310334  1.19024 0.480556 0.306951  1.18653
 0.47834 0.310334  1.19024 0.480555 0.306946  1.18653
 0.47834 0.310334  1.19024 0.480555 0.306941  1.18653
 0.47834 0.310334  1.19024 0.480554 0.306936  1.18653
 0.47834 0.310334  1.19024 0.480554 0.306931  1.18653
 0.47834 0.310334  1.19024 0.480553 0.306927  1.18653
 0.47834 0.310334  1.19024 0.480553 0.306922  1.18654
 0.47834 0.310334  1.19024 0.480552 0.306917  1.18654
 0.47834 0.310334  1.19024 0.480552 0.306912  1.18654
 0.47834 0.310334  1.19024 0.480551 0.306907  1.18654
 0.47834 0.310334  1.19024  0.48055 0.306902  1.18654
 0.47834 0.310334  1.19024  0.48055 0.306897  1.18654
 0.47834 0.310334  1.19024  0.48055 0.306892  1.18654
 0.47834 0.310334  1.19024 0.480549 0.306888  1.18655
 0.47834 0.310334  1.19024 0.480549 0.306883  1.18655
 0.47834 0.310334  1.19024 0.480548 0.306878  1.18655
 0.47834 0.310334  1.19024 0.480548 0.306873  1.18655
 0.47834 0.310334  1.19024 0.480547 0.306868  1.18655
 0.47834 0.310334  1.19024 0.480547 0.306863  1.18655
 0.47834 0.310334  1.19024 0.480547 0.306858  1.18655
 0.47834 0.310334  1.19024 0.480546 0.306853  1.18656
 0.47834 0.310334  1.19024 0.480546 0.306849  1.18656
 0.47834 0.310334  1.19024 0.480545 0.306844  1.18656
 0.47834 0.310334  1.19024 0.480545 0.306839  1.18656
 0.47834 0.310334  1.19024 0.480545 0.306834  1.18656
 0.47834 0.310334  1.19024 0.480544  0.30683  1.18656
 0.47834 0.310334  1.19024 0.480544 0.306825  1.18656
 0.47834 0.310334  1.19024 0.480544  0.30682  1.18657
 0.47834 0.310334  1.19024 0.480543 0.306815  1.18657
 0.47834 0.310334  1.19024 0.480543  0.30681  1.18657
 0.47834 0.310334  1.19024 0.480543 0.306805  1.18657
 0.47834 0.310334  1.19024 0.480542 0.306801  1.18657
 0.47834 0.310334  1.19024 0.480542 0.306796  1.18657
 0.47834 0.310334  1.19024 0.480542 0.306791  1.18657
 0.47834 0.310334  1.19024 0.480542 0.306787  1.18657
 0.47834 0.310334  1.19024 0.480541 0.306782  1.18658
 0.47834 0.310334  1.19024 0.480541 0.306777  1.18658
 0.47834 0.310334  1.19024 0.480541 0.306772  1.18658
 0.47834 0.310334  1.19024 0.480541 0.306768  1.18658
 0.47834 0.310334  1.19024 0.480541 0.306763  1.18658
 0.47834 0.310334  1.19024  0.48054 0.306759  1.18658
 0.47834 0.310334  1.19024  0.48054 0.306754  1.18658
 0.47834 0.310334  1.19024  0.48054 0.306749  1.18659
 0.47834 0.310334  1.19024  0.48054 0.306744  1.18659
 0.47834 0.310334  1.19024 0.48054 0.30674 1.18659
 0.47834 0.310334  1.19024 0.480539 0.306735  1.18659
 0.47834 0.310334  1.19024 0.480539 0.306731  1.18659
 0.47834 0.310334  1.19024 0.480539 0.306726  1.18659
 0.47834 0.310334  1.19024 0.480539 0.306722  1.18659
 0.47834 0.310334  1.19024 0.480539 0.306718  1.18659
 0.47834 0.310334  1.19024 0.480539 0.306714  1.18659
 0.47834 0.310334  1.19024 0.480539 0.306709   1.1866
 0.47834 0.310334  1.19024 0.480539 0.306705   1.1866
 0.47834 0.310334  1.19024 0.480539   0.3067   1.1866
 0.47834 0.310334  1.19024 0.480539 0.306696   1.1866
 0.47834 0.310334  1.19024 0.480539 0.306692   1.1866
 0.47834 0.310334  1.19024 0.480539 0.306688   1.1866
 0.47834 0.310334  1.19024 0.480539 0.306684   1.1866
 0.47834 0.310334  1.19024 0.480539 0.306679   1.1866
 0.47834 0.310334  1.19024 0.480539 0.306675   1.1866
 0.47834 0.310334  1.19024 0.480539 0.306671  1.18661
 0.47834 0.310334  1.19024 0.480539 0.306667  1.18661
 0.47834 0.310334  1.19024 0.480539 0.306662  1.18661
 0.47834 0.310334  1.19024 0.480539 0.306658  1.18661
 0.47834 0.310334  1.19024 0.480539 0.306654  1.18661
 0.47834 0.310334  1.19024 0.480539 0.306651  1.18661
 0.47834 0.310334  1.19024 0.480539 0.306647  1.18661
 0.47834 0.310334  1.19024 0.480539 0.306643  1.18661
 0.47834 0.310334  1.19024 0.480539  0.30664  1.18661
 0.47834 0.310334  1.19024 0.480539 0.306636  1.18661
 0.47834 0.310334  1.19024 0.480539 0.306632  1.18662
 0.47834 0.310334  1.19024 0.480539 0.306628  1.18662
 0.47834 0.310334  1.19024  0.48054 0.306624  1.18662
 0.47834 0.310334  1.19024  0.48054 0.306621  1.18662
 0.47834 0.310334  1.19024  0.48054 0.306617  1.18662
 0.47834 0.310334  1.19024  0.48054 0.306614  1.18662
 0.47834 0.310334  1.19024 0.48054 0.30661 1.18662
 0.47834 0.310334  1.19024 0.480541 0.306606  1.18662
 0.47834 0.310334  1.19024 0.480541 0.306603  1.18662
 0.47834 0.310334  1.19024 0.480541 0.306599  1.18662
 0.47834 0.310334  1.19024 0.480541 0.306596  1.18662
 0.47834 0.310334  1.19024 0.480541 0.306593  1.18662
 0.47834 0.310334  1.19024 0.480542  0.30659  1.18663
 0.47834 0.310334  1.19024 0.480542 0.306586  1.18663
 0.47834 0.310334  1.19024 0.480542 0.306583  1.18663
 0.47834 0.310334  1.19024 0.480543  0.30658  1.18663
 0.47834 0.310334  1.19024 0.480543 0.306577  1.18663
 0.47834 0.310334  1.19024 0.480543 0.306574  1.18663
 0.47834 0.310334  1.19024 0.480543 0.306571  1.18663
 0.47834 0.310334  1.19024 0.480544 0.306568  1.18663
 0.47834 0.310334  1.19024 0.480544 0.306565  1.18663
 0.47834 0.310334  1.19024 0.480544 0.306562  1.18663
 0.47834 0.310334  1.19024 0.480545 0.306559  1.18663
 0.47834 0.310334  1.19024 0.480545 0.306556  1.18663
 0.47834 0.310334  1.19024 0.480546 0.306553  1.18663
 0.47834 0.310334  1.19024 0.480546  0.30655  1.18663
 0.47834 0.310334  1.19024 0.480546 0.306548  1.18663
 0.47834 0.310334  1.19024 0.480547 0.306545  1.18663
 0.47834 0.310334  1.19024 0.480547 0.306542  1.18664
 0.47834 0.310334  1.19024 0.480547 0.306539  1.18664
 0.47834 0.310334  1.19024 0.480548 0.306537  1.18664
 0.47834 0.310334  1.19024 0.480548 0.306534  1.18664
 0.47834 0.310334  1.19024 0.480549 0.306531  1.18664
 0.47834 0.310334  1.19024 0.480549 0.306529  1.18664
 0.47834 0.310334  1.19024  0.48055 0.306526  1.18664
 0.47834 0.310334  1.19024  0.48055 0.306524  1.18664
 0.47834 0.310334  1.19024 0.480551 0.306522  1.18664
 0.47834 0.310334  1.19024 0.480551  0.30652  1.18664
 0.47834 0.310334  1.19024 0.480552 0.306518  1.18664
 0.47834 0.310334  1.19024 0.480552 0.306516  1.18664
 0.47834 0.310334  1.19024 0.480553 0.306514  1.18664
 0.47834 0.310334  1.19024 0.480553 0.306512  1.18664
 0.47834 0.310334  1.19024 0.480554  0.30651  1.18664
 0.47834 0.310334  1.19024 0.480554 0.306507  1.18664
 0.47834 0.310334  1.19024 0.480555 0.306505  1.18664
 0.47834 0.310334  1.19024 0.480555 0.306503  1.18664
 0.47834 0.310334  1.19024 0.480556 0.306501  1.18664
 0.47834 0.310334  1.19024 0.480557 0.306499  1.18664
 0.47834 0.310334  1.19024 0.480557 0.306497  1.18664
 0.47834 0.310334  1.19024 0.480558 0.306495  1.18664
 0.47834 0.310334  1.19024 0.480558 0.306494  1.18664
 0.47834 0.310334  1.19024 0.480559 0.306492  1.18664
 0.47834 0.310334  1.19024 0.48056 0.30649 1.18664
 0.47834 0.310334  1.19024 0.480561 0.306489  1.18664
 0.47834 0.310334  1.19024 0.480561 0.306488  1.18664
 0.47834 0.310334  1.19024 0.480562 0.306486  1.18664
 0.47834 0.310334  1.19024 0.480563 0.306485  1.18664
 0.47834 0.310334  1.19024 0.480563 0.306483  1.18664
 0.47834 0.310334  1.19024 0.480564 0.306482  1.18664
 0.47834 0.310334  1.19024 0.480565  0.30648  1.18664
 0.47834 0.310334  1.19024 0.480565 0.306479  1.18664
 0.47834 0.310334  1.19024 0.480566 0.306478  1.18664
 0.47834 0.310334  1.19024 0.480567 0.306476  1.18664
 0.47834 0.310334  1.19024 0.480568 0.306475  1.18664
 0.47834 0.310334  1.19024 0.480568 0.306474  1.18664
 0.47834 0.310334  1.19024 0.480569 0.306473  1.18664
 0.47834 0.310334  1.19024  0.48057 0.306472  1.18664
 0.47834 0.310334  1.19024 0.480571 0.306471  1.18664
 0.47834 0.310334  1.19024 0.480571  0.30647  1.18664
 0.47834 0.310334  1.19024 0.480572 0.306469  1.18664
 0.47834 0.310334  1.19024 0.480573 0.306468  1.18664
 0.47834 0.310334  1.19024 0.480574 0.306467  1.18664
 0.47834 0.310334  1.19024 0.480574 0.306466  1.18664
 0.47834 0.310334  1.19024 0.480575 0.306465  1.18664
 0.47834 0.310334  1.19024 0.480576 0.306465  1.18664
 0.47834 0.310334  1.19024 0.480577 0.306464  1.18664
 0.47834 0.310334  1.19024 0.480578 0.306464  1.18664
 0.47834 0.310334  1.19024 0.480579 0.306463  1.18664
 0.47834 0.310334  1.19024  0.48058 0.306463  1.18664
 0.47834 0.310334  1.19024  0.48058 0.306462  1.18664
 0.47834 0.310334  1.19024 0.480581 0.306462  1.18664
 0.47834 0.310334  1.19024 0.480582 0.306461  1.18664
 0.47834 0.310334  1.19024 0.480583  0.30646  1.18664
 0.47834 0.310334  1.19024 0.480584  0.30646  1.18664
 0.47834 0.310334  1.19024 0.480584  0.30646  1.18664
 0.47834 0.310334  1.19024 0.480585 0.306459  1.18664
 0.47834 0.310334  1.19024 0.480586 0.306459  1.18664
 0.47834 0.310334  1.19024 0.480587 0.306459  1.18664
 0.47834 0.310334  1.19024 0.480588 0.306459  1.18664
 0.47834 0.310334  1.19024 0.480589 0.306459  1.18664
 0.47834 0.310334  1.19024  0.48059 0.306459  1.18664
 0.47834 0.310334  1.19024 0.480591 0.306459  1.18664
 0.47834 0.310334  1.19024 0.480592 0.306459  1.18664
 0.47834 0.310334  1.19024 0.480593 0.306459  1.18664
 0.47834 0.310334  1.19024 0.480594 0.306459  1.18664
 0.47834 0.310334  1.19024 0.480595 0.306459  1.18664
 0.47834 0.310334  1.19024 0.480595 0.306459  1.18664
 0.47834 0.310334  1.19024 0.480596  0.30646  1.18664
 0.47834 0.310334  1.19024 0.480597  0.30646  1.18664
 0.47834 0.310334  1.19024 0.480598  0.30646  1.18664
 0.47834 0.310334  1.19024 0.480599  0.30646  1.18663
 0.47834 0.310334  1.19024   0.4806 0.306461  1.18663
 0.47834 0.310334  1.19024 0.480601 0.306461  1.18663
 0.47834 0.310334  1.19024 0.480602 0.306462  1.18663
 0.47834 0.310334  1.19024 0.480603 0.306462  1.18663
 0.47834 0.310334  1.19024 0.480604 0.306463  1.18663
 0.47834 0.310334  1.19024 0.480605 0.306464  1.18663
 0.47834 0.310334  1.19024 0.480606 0.306464  1.18663
 0.47834 0.310334  1.19024 0.480607 0.306465  1.18663
 0.47834 0.310334  1.19024 0.480608 0.306465  1.18663
 0.47834 0.310334  1.19024 0.480609 0.306466  1.18663
 0.47834 0.310334  1.19024  0.48061 0.306467  1.18663
 0.47834 0.310334  1.19024 0.480611 0.306467  1.18663
 0.47834 0.310334  1.19024 0.480612 0.306468  1.18663
 0.47834 0.310334  1.19024 0.480613 0.306469  1.18663
 0.47834 0.310334  1.19024 0.480614  0.30647  1.18663
 0.47834 0.310334  1.19024 0.480615 0.306471  1.18663
 0.47834 0.310334  1.19024 0.480616 0.306472  1.18663
 0.47834 0.310334  1.19024 0.480617 0.306473  1.18662
 0.47834 0.310334  1.19024 0.480618 0.306475  1.18662
 0.47834 0.310334  1.19024 0.480619 0.306476  1.18662
 0.47834 0.310334  1.19024  0.48062 0.306477  1.18662
 0.47834 0.310334  1.19024 0.480621 0.306478  1.18662
 0.47834 0.310334  1.19024 0.480622 0.306479  1.18662
 0.47834 0.310334  1.19024 0.480623  0.30648  1.18662
 0.47834 0.310334  1.19024 0.480624 0.306482  1.18662
 0.47834 0.310334  1.19024 0.480625 0.306483  1.18662
 0.47834 0.310334  1.19024 0.480626 0.306484  1.18662
 0.47834 0.310334  1.19024 0.480627 0.306486  1.18662
 0.47834 0.310334  1.19024 0.480628 0.306487  1.18662
 0.47834 0.310334  1.19024 0.480629 0.306489  1.18662
 0.47834 0.310334  1.19024 0.48063 0.30649 1.18662
 0.47834 0.310334  1.19024 0.480631 0.306492  1.18661
 0.47834 0.310334  1.19024 0.480632 0.306493  1.18661
 0.47834 0.310334  1.19024 0.480633 0.306495  1.18661
 0.47834 0.310334  1.19024 0.480633 0.306497  1.18661
 0.47834 0.310334  1.19024 0.480635 0.306498  1.18661
 0.47834 0.310334  1.19024 0.480635   0.3065  1.18661
 0.47834 0.310334  1.19024 0.480636 0.306502  1.18661
 0.47834 0.310334  1.19024 0.480637 0.306504  1.18661
 0.47834 0.310334  1.19024 0.480638 0.306505  1.18661
 0.47834 0.310334  1.19024 0.480639 0.306507  1.18661
 0.47834 0.310334  1.19024  0.48064 0.306509  1.18661
 0.47834 0.310334  1.19024 0.480641 0.306511  1.18661
 0.47834 0.310334  1.19024 0.480642 0.306513   1.1866
 0.47834 0.310334  1.19024 0.480643 0.306515   1.1866
 0.47834 0.310334  1.19024 0.480644 0.306517   1.1866
 0.47834 0.310334  1.19024 0.480645 0.306519   1.1866
 0.47834 0.310334  1.19024 0.480646 0.306521   1.1866
 0.47834 0.310334  1.19024 0.480647 0.306524   1.1866
 0.47834 0.310334  1.19024 0.480648 0.306526   1.1866
 0.47834 0.310334  1.19024 0.480649 0.306528   1.1866
 0.47834 0.310334  1.19024 0.48065 0.30653  1.1866
 0.47834 0.310334  1.19024 0.480651 0.306532   1.1866
 0.47834 0.310334  1.19024 0.480652 0.306535   1.1866
 0.47834 0.310334  1.19024 0.480653 0.306537  1.18659
 0.47834 0.310334  1.19024 0.480654 0.306539  1.18659
 0.47834 0.310334  1.19024 0.480655 0.306542  1.18659
 0.47834 0.310334  1.19024 0.480656 0.306544  1.18659
 0.47834 0.310334  1.19024 0.480657 0.306547  1.18659
 0.47834 0.310334  1.19024 0.480658 0.306549  1.18659
 0.47834 0.310334  1.19024 0.480659 0.306552  1.18659
 0.47834 0.310334  1.19024  0.48066 0.306554  1.18659
 0.47834 0.310334  1.19024  0.48066 0.306557  1.18659
 0.47834 0.310334  1.19024 0.480661  0.30656  1.18659
 0.47834 0.310334  1.19024 0.480662 0.306562  1.18658
 0.47834 0.310334  1.19024 0.480663 0.306565  1.18658
 0.47834 0.310334  1.19024 0.480664 0.306567  1.18658
 0.47834 0.310334  1.19024 0.480665  0.30657  1.18658
 0.47834 0.310334  1.19024 0.480666 0.306573  1.18658
 0.47834 0.310334  1.19024 0.480667 0.306576  1.18658
 0.47834 0.310334  1.19024 0.480668 0.306579  1.18658
 0.47834 0.310334  1.19024 0.480669 0.306581  1.18658
 0.47834 0.310334  1.19024  0.48067 0.306584  1.18658
 0.47834 0.310334  1.19024  0.48067 0.306587  1.18658
 0.47834 0.310334  1.19024 0.480671  0.30659  1.18657
 0.47834 0.310334  1.19024 0.480672 0.306593  1.18657
 0.47834 0.310334  1.19024 0.480673 0.306596  1.18657
 0.47834 0.310334  1.19024 0.480674 0.306599  1.18657
 0.47834 0.310334  1.19024 0.480675 0.306602  1.18657
 0.47834 0.310334  1.19024 0.480676 0.306605  1.18657
 0.47834 0.310334  1.19024 0.480676 0.306608  1.18657
 0.47834 0.310334  1.19024 0.480677 0.306611  1.18657
 0.47834 0.310334  1.19024 0.480678 0.306614  1.18657
 0.47834 0.310334  1.19024 0.480679 0.306617  1.18656
 0.47834 0.310334  1.19024 0.48068 0.30662 1.18656
 0.47834 0.310334  1.19024 0.480681 0.306624  1.18656
 0.47834 0.310334  1.19024 0.480682 0.306627  1.18656
 0.47834 0.310334  1.19024 0.480682  0.30663  1.18656
 0.47834 0.310334  1.19024 0.480683 0.306633  1.18656
 0.47834 0.310334  1.19024 0.480684 0.306636  1.18656
 0.47834 0.310334  1.19024 0.480685  0.30664  1.18656
 0.47834 0.310334  1.19024 0.480686 0.306643  1.18656
 0.47834 0.310334  1.19024 0.480686 0.306646  1.18655
 0.47834 0.310334  1.19024 0.480687  0.30665  1.18655
 0.47834 0.310334  1.19024 0.480688 0.306653  1.18655
 0.47834 0.310334  1.19024 0.480689 0.306656  1.18655
 0.47834 0.310334  1.19024 0.48069 0.30666 1.18655
 0.47834 0.310334  1.19024  0.48069 0.306663  1.18655
 0.47834 0.310334  1.19024 0.480691 0.306666  1.18655
 0.47834 0.310334  1.19024 0.480692  0.30667  1.18655
 0.47834 0.310334  1.19024 0.480692 0.306673  1.18655
 0.47834 0.310334  1.19024 0.480693 0.306676  1.18654
 0.47834 0.310334  1.19024 0.480694  0.30668  1.18654
 0.47834 0.310334  1.19024 0.480695 0.306684  1.18654
 0.47834 0.310334  1.19024 0.480696 0.306687  1.18654
 0.47834 0.310334  1.19024 0.480696 0.306691  1.18654
 0.47834 0.310334  1.19024 0.480697 0.306694  1.18654
 0.47834 0.310334  1.19024 0.480698 0.306697  1.18654
 0.47834 0.310334  1.19024 0.480698 0.306701  1.18654
 0.47834 0.310334  1.19024 0.480699 0.306704  1.18654
 0.47834 0.310334  1.19024   0.4807 0.306708  1.18653
 0.47834 0.310334  1.19024   0.4807 0.306712  1.18653
 0.47834 0.310334  1.19024 0.480701 0.306715  1.18653
 0.47834 0.310334  1.19024 0.480702 0.306719  1.18653
 0.47834 0.310334  1.19024 0.480703 0.306723  1.18653
 0.47834 0.310334  1.19024 0.480703 0.306726  1.18653
 0.47834 0.310334  1.19024 0.480704  0.30673  1.18653
 0.47834 0.310334  1.19024 0.480705 0.306734  1.18653
 0.47834 0.310334  1.19024 0.480705 0.306737  1.18652
 0.47834 0.310334  1.19024 0.480706 0.306741  1.18652
 0.47834 0.310334  1.19024 0.480706 0.306745  1.18652
 0.47834 0.310334  1.19024 0.480707 0.306748  1.18652
 0.47834 0.310334  1.19024 0.480708 0.306752  1.18652
 0.47834 0.310334  1.19024 0.480708 0.306756  1.18652
 0.47834 0.310334  1.19024 0.480709 0.306759  1.18652
 0.47834 0.310334  1.19024  0.48071 0.306763  1.18652
 0.47834 0.310334  1.19024  0.48071 0.306767  1.18652
 0.47834 0.310334  1.19024 0.480711 0.306771  1.18651
 0.47834 0.310334  1.19024 0.480711 0.306774  1.18651
 0.47834 0.310334  1.19024 0.480712 0.306778  1.18651
 0.47834 0.310334  1.19024 0.480712 0.306782  1.18651
 0.47834 0.310334  1.19024 0.480713 0.306786  1.18651
 0.47834 0.310334  1.19024 0.480714  0.30679  1.18651
 0.47834 0.310334  1.19024 0.480714 0.306793  1.18651
 0.47834 0.310334  1.19024 0.480715 0.306797  1.18651
 0.47834 0.310334  1.19024 0.480715 0.306801  1.18651
 0.47834 0.310334  1.19024 0.480716 0.306805   1.1865
 0.47834 0.310334  1.19024 0.480716 0.306809   1.1865
 0.47834 0.310334  1.19024 0.480717 0.306813   1.1865
 0.47834 0.310334  1.19024 0.480717 0.306816   1.1865
 0.47834 0.310334  1.19024 0.480718  0.30682   1.1865
 0.47834 0.310334  1.19024 0.480718 0.306824   1.1865
 0.47834 0.310334  1.19024 0.480719 0.306828   1.1865
 0.47834 0.310334  1.19024 0.480719 0.306832   1.1865
 0.47834 0.310334  1.19024  0.48072 0.306836   1.1865
 0.47834 0.310334  1.19024 0.48072 0.30684 1.18649
 0.47834 0.310334  1.19024 0.480721 0.306844  1.18649
 0.47834 0.310334  1.19024 0.480721 0.306848  1.18649
 0.47834 0.310334  1.19024 0.480722 0.306852  1.18649
 0.47834 0.310334  1.19024 0.480722 0.306855  1.18649
 0.47834 0.310334  1.19024 0.480722 0.306859  1.18649
 0.47834 0.310334  1.19024 0.480723 0.306863  1.18649
 0.47834 0.310334  1.19024 0.480723 0.306867  1.18649
 0.47834 0.310334  1.19024 0.480724 0.306871  1.18648
 0.47834 0.310334  1.19024 0.480724 0.306875  1.18648
 0.47834 0.310334  1.19024 0.480724 0.306879  1.18648
 0.47834 0.310334  1.19024 0.480725 0.306883  1.18648
 0.47834 0.310334  1.19024 0.480725 0.306887  1.18648
 0.47834 0.310334  1.19024 0.480726 0.306891  1.18648
 0.47834 0.310334  1.19024 0.480726 0.306895  1.18648
 0.47834 0.310334  1.19024 0.480726 0.306899  1.18648
 0.47834 0.310334  1.19024 0.480727 0.306903  1.18648
 0.47834 0.310334  1.19024 0.480727 0.306906  1.18647
 0.47834 0.310334  1.19024 0.480727  0.30691  1.18647
 0.47834 0.310334  1.19024 0.480728 0.306914  1.18647
 0.47834 0.310334  1.19024 0.480728 0.306918  1.18647
 0.47834 0.310334  1.19024 0.480729 0.306922  1.18647
 0.47834 0.310334  1.19024 0.480729 0.306926  1.18647
 0.47834 0.310334  1.19024 0.480729  0.30693  1.18647
 0.47834 0.310334  1.19024 0.480729 0.306934  1.18647
 0.47834 0.310334  1.19024  0.48073 0.306938  1.18647
 0.47834 0.310334  1.19024  0.48073 0.306942  1.18647
 0.47834 0.310334  1.19024  0.48073 0.306946  1.18646
 0.47834 0.310334  1.19024 0.480731  0.30695  1.18646
 0.47834 0.310334  1.19024 0.480731 0.306954  1.18646
 0.47834 0.310334  1.19024 0.480731 0.306957  1.18646
 0.47834 0.310334  1.19024 0.480731 0.306961  1.18646
 0.47834 0.310334  1.19024 0.480732 0.306965  1.18646
 0.47834 0.310334  1.19024 0.480732 0.306969  1.18646
 0.47834 0.310334  1.19024 0.480732 0.306973  1.18646
 0.47834 0.310334  1.19024 0.480732 0.306977  1.18646
 0.47834 0.310334  1.19024 0.480733 0.306981  1.18645
 0.47834 0.310334  1.19024 0.480733 0.306985  1.18645
 0.47834 0.310334  1.19024 0.480733 0.306988  1.18645
 0.47834 0.310334  1.19024 0.480733 0.306992  1.18645
 0.47834 0.310334  1.19024 0.480733 0.306996  1.18645
 0.47834 0.310334  1.19024 0.480734    0.307  1.18645
 0.47834 0.310334  1.19024 0.480734 0.307004  1.18645
 0.47834 0.310334  1.19024 0.480734 0.307008  1.18645
 0.47834 0.310334  1.19024 0.480734 0.307011  1.18645
 0.47834 0.310334  1.19024 0.480734 0.307015  1.18645
 0.47834 0.310334  1.19024 0.480734 0.307019  1.18644
 0.47834 0.310334  1.19024 0.480735 0.307023  1.18644
 0.47834 0.310334  1.19024 0.480735 0.307027  1.18644
 0.47834 0.310334  1.19024 0.480735  0.30703  1.18644
 0.47834 0.310334  1.19024 0.480735 0.307034  1.18644
 0.47834 0.310334  1.19024 0.480735 0.307038  1.18644
 0.47834 0.310334  1.19024 0.480735 0.307042  1.18644
 0.47834 0.310334  1.19024 0.480735 0.307045  1.18644
 0.47834 0.310334  1.19024 0.480735 0.307049  1.18644
 0.47834 0.310334  1.19024 0.480736 0.307053  1.18644
 0.47834 0.310334  1.19024 0.480736 0.307057  1.18643
 0.47834 0.310334  1.19024 0.480736  0.30706  1.18643
 0.47834 0.310334  1.19024 0.480736 0.307064  1.18643
 0.47834 0.310334  1.19024 0.480736 0.307068  1.18643
 0.47834 0.310334  1.19024 0.480736 0.307071  1.18643
 0.47834 0.310334  1.19024 0.480736 0.307075  1.18643
 0.47834 0.310334  1.19024 0.480736 0.307078  1.18643
 0.47834 0.310334  1.19024 0.480736 0.307082  1.18643
 0.47834 0.310334  1.19024 0.480736 0.307086  1.18643
 0.47834 0.310334  1.19024 0.480736 0.307089  1.18643
 0.47834 0.310334  1.19024 0.480736 0.307093  1.18643
 0.47834 0.310334  1.19024 0.480736 0.307097  1.18642
 0.47834 0.310334  1.19024 0.480736   0.3071  1.18642
 0.47834 0.310334  1.19024 0.480736 0.307104  1.18642
 0.47834 0.310334  1.19024 0.480736 0.307107  1.18642
 0.47834 0.310334  1.19024 0.480736 0.307111  1.18642
 0.47834 0.310334  1.19024 0.480736 0.307114  1.18642
 0.47834 0.310334  1.19024 0.480736 0.307118  1.18642
 0.47834 0.310334  1.19024 0.480736 0.307121  1.18642
 0.47834 0.310334  1.19024 0.480736 0.307125  1.18642
 0.47834 0.310334  1.19024 0.480736 0.307128  1.18642
 0.47834 0.310334  1.19024 0.480736 0.307132  1.18642
 0.47834 0.310334  1.19024 0.480736 0.307135  1.18642
 0.47834 0.310334  1.19024 0.480736 0.307138  1.18641
 0.47834 0.310334  1.19024 0.480736 0.307142  1.18641
 0.47834 0.310334  1.19024 0.480736 0.307145  1.18641
 0.47834 0.310334  1.19024 0.480736 0.307149  1.18641
 0.47834 0.310334  1.19024 0.480736 0.307152  1.18641
 0.47834 0.310334  1.19024 0.480736 0.307155  1.18641
 0.47834 0.310334  1.19024 0.480736 0.307159  1.18641
 0.47834 0.310334  1.19024 0.480735 0.307162  1.18641
 0.47834 0.310334  1.19024 0.480735 0.307165  1.18641
 0.47834 0.310334  1.19024 0.480735 0.307169  1.18641
 0.47834 0.310334  1.19024 0.480735 0.307172  1.18641
 0.47834 0.310334  1.19024 0.480735 0.307175  1.18641
 0.47834 0.310334  1.19024 0.480735 0.307178   1.1864
 0.47834 0.310334  1.19024 0.480735 0.307182   1.1864
 0.47834 0.310334  1.19024 0.480735 0.307185   1.1864
 0.47834 0.310334  1.19024 0.480735 0.307188   1.1864
 0.47834 0.310334  1.19024 0.480734 0.307191   1.1864
 0.47834 0.310334  1.19024 0.480734 0.307194   1.1864
 0.47834 0.310334  1.19024 0.480734 0.307197   1.1864
 0.47834 0.310334  1.19024 0.480734 0.307201   1.1864
 0.47834 0.310334  1.19024 0.480734 0.307204   1.1864
 0.47834 0.310334  1.19024 0.480734 0.307207   1.1864
 0.47834 0.310334  1.19024 0.480733  0.30721   1.1864
 0.47834 0.310334  1.19024 0.480733 0.307213   1.1864
 0.47834 0.310334  1.19024 0.480733 0.307216   1.1864
 0.47834 0.310334  1.19024 0.480733 0.307219   1.1864
 0.47834 0.310334  1.19024 0.480733 0.307222   1.1864
 0.47834 0.310334  1.19024 0.480732 0.307225  1.18639
 0.47834 0.310334  1.19024 0.480732 0.307228  1.18639
 0.47834 0.310334  1.19024 0.480732 0.307231  1.18639
 0.47834 0.310334  1.19024 0.480732 0.307234  1.18639
 0.47834 0.310334  1.19024 0.480732 0.307236  1.18639
 0.47834 0.310334  1.19024 0.480732 0.307239  1.18639
 0.47834 0.310334  1.19024 0.480731 0.307242  1.18639
 0.47834 0.310334  1.19024 0.480731 0.307245  1.18639
 0.47834 0.310334  1.19024 0.480731 0.307248  1.18639
 0.47834 0.310334  1.19024 0.480731 0.307251  1.18639
 0.47834 0.310334  1.19024  0.48073 0.307253  1.18639
 0.47834 0.310334  1.19024  0.48073 0.307256  1.18639
 0.47834 0.310334  1.19024  0.48073 0.307259  1.18639
 0.47834 0.310334  1.19024  0.48073 0.307262  1.18639
 0.47834 0.310334  1.19024 0.480729 0.307264  1.18639
 0.47834 0.310334  1.19024 0.480729 0.307267  1.18639
 0.47834 0.310334  1.19024 0.480729  0.30727  1.18638
 0.47834 0.310334  1.19024 0.480729 0.307272  1.18638
 0.47834 0.310334  1.19024 0.480728 0.307275  1.18638
 0.47834 0.310334  1.19024 0.480728 0.307277  1.18638
 0.47834 0.310334  1.19024 0.480728  0.30728  1.18638
 0.47834 0.310334  1.19024 0.480727 0.307283  1.18638
 0.47834 0.310334  1.19024 0.480727 0.307285  1.18638
 0.47834 0.310334  1.19024 0.480727 0.307288  1.18638
 0.47834 0.310334  1.19024 0.480727  0.30729  1.18638
 0.47834 0.310334  1.19024 0.480726 0.307293  1.18638
 0.47834 0.310334  1.19024 0.480726 0.307295  1.18638
 0.47834 0.310334  1.19024 0.480726 0.307297  1.18638
 0.47834 0.310334  1.19024 0.480725   0.3073  1.18638
 0.47834 0.310334  1.19024 0.480725 0.307302  1.18638
 0.47834 0.310334  1.19024 0.480725 0.307304  1.18638
 0.47834 0.310334  1.19024 0.480724 0.307307  1.18638
 0.47834 0.310334  1.19024 0.480724 0.307309  1.18638
 0.47834 0.310334  1.19024 0.480724 0.307311  1.18638
 0.47834 0.310334  1.19024 0.480723 0.307314  1.18638
 0.47834 0.310334  1.19024 0.480723 0.307316  1.18638
 0.47834 0.310334  1.19024 0.480723 0.307318  1.18638
 0.47834 0.310334  1.19024 0.480722  0.30732  1.18637
 0.47834 0.310334  1.19024 0.480722 0.307322  1.18637
 0.47834 0.310334  1.19024 0.480722 0.307325  1.18637
 0.47834 0.310334  1.19024 0.480721 0.307327  1.18637
 0.47834 0.310334  1.19024 0.480721 0.307329  1.18637
 0.47834 0.310334  1.19024 0.480721 0.307331  1.18637
 0.47834 0.310334  1.19024  0.48072 0.307333  1.18637
 0.47834 0.310334  1.19024  0.48072 0.307335  1.18637
 0.47834 0.310334  1.19024 0.480719 0.307337  1.18637
 0.47834 0.310334  1.19024 0.480719 0.307339  1.18637
 0.47834 0.310334  1.19024 0.480719 0.307341  1.18637
 0.47834 0.310334  1.19024 0.480718 0.307343  1.18637
 0.47834 0.310334  1.19024 0.480718 0.307345  1.18637
 0.47834 0.310334  1.19024 0.480718 0.307347  1.18637
 0.47834 0.310334  1.19024 0.480717 0.307349  1.18637
 0.47834 0.310334  1.19024 0.480717  0.30735  1.18637
 0.47834 0.310334  1.19024 0.480716 0.307352  1.18637
 0.47834 0.310334  1.19024 0.480716 0.307354  1.18637
 0.47834 0.310334  1.19024 0.480716 0.307356  1.18637
 0.47834 0.310334  1.19024 0.480715 0.307357  1.18637
 0.47834 0.310334  1.19024 0.480715 0.307359  1.18637
 0.47834 0.310334  1.19024 0.480714 0.307361  1.18637
 0.47834 0.310334  1.19024 0.480714 0.307363  1.18637
 0.47834 0.310334  1.19024 0.480714 0.307364  1.18637
 0.47834 0.310334  1.19024 0.480713 0.307366  1.18637
 0.47834 0.310334  1.19024 0.480713 0.307368  1.18637
 0.47834 0.310334  1.19024 0.480712 0.307369  1.18637
 0.47834 0.310334  1.19024 0.480712 0.307371  1.18637
 0.47834 0.310334  1.19024 0.480712 0.307372  1.18637
 0.47834 0.310334  1.19024 0.480711 0.307374  1.18637
 0.47834 0.310334  1.19024 0.480711 0.307375  1.18637
 0.47834 0.310334  1.19024  0.48071 0.307377  1.18637
 0.47834 0.310334  1.19024  0.48071 0.307378  1.18637
 0.47834 0.310334  1.19024 0.480709  0.30738  1.18637
 0.47834 0.310334  1.19024 0.480709 0.307381  1.18637
 0.47834 0.310334  1.19024 0.480709 0.307382  1.18636
 0.47834 0.310334  1.19024 0.480708 0.307384  1.18636
 0.47834 0.310334  1.19024 0.480708 0.307385  1.18636
 0.47834 0.310334  1.19024 0.480707 0.307386  1.18636
 0.47834 0.310334  1.19024 0.480707 0.307388  1.18636
 0.47834 0.310334  1.19024 0.480706 0.307389  1.18636
 0.47834 0.310334  1.19024 0.480706  0.30739  1.18636
 0.47834 0.310334  1.19024 0.480706 0.307391  1.18636
 0.47834 0.310334  1.19024 0.480705 0.307393  1.18636
 0.47834 0.310334  1.19024 0.480705 0.307394  1.18636
 0.47834 0.310334  1.19024 0.480704 0.307395  1.18636
 0.47834 0.310334  1.19024 0.480704 0.307396  1.18636
 0.47834 0.310334  1.19024 0.480703 0.307397  1.18636
 0.47834 0.310334  1.19024 0.480703 0.307398  1.18636
 0.47834 0.310334  1.19024 0.480702 0.307399  1.18636
 0.47834 0.310334  1.19024 0.480702   0.3074  1.18636
 0.47834 0.310334  1.19024 0.480701 0.307401  1.18636
 0.47834 0.310334  1.19024 0.480701 0.307402  1.18636
 0.47834 0.310334  1.19024 0.480701 0.307403  1.18636
 0.47834 0.310334  1.19024   0.4807 0.307404  1.18636
 0.47834 0.310334  1.19024   0.4807 0.307405  1.18636
 0.47834 0.310334  1.19024 0.480699 0.307406  1.18636
 0.47834 0.310334  1.19024 0.480699 0.307406  1.18636
 0.47834 0.310334  1.19024 0.480698 0.307407  1.18636
 0.47834 0.310334  1.19024 0.480698 0.307408  1.18636
 0.47834 0.310334  1.19024 0.480697 0.307409  1.18636
 0.47834 0.310334  1.19024 0.480697  0.30741  1.18636
 0.47834 0.310334  1.19024 0.480696  0.30741  1.18636
 0.47834 0.310334  1.19024 0.480696 0.307411  1.18636
 0.47834 0.310334  1.19024 0.480696 0.307412  1.18636
 0.47834 0.310334  1.19024 0.480695 0.307412  1.18636
 0.47834 0.310334  1.19024 0.480694 0.307413  1.18636
 0.47834 0.310334  1.19024 0.480694 0.307413  1.18636
 0.47834 0.310334  1.19024 0.480694 0.307414  1.18636
 0.47834 0.310334  1.19024 0.480693 0.307415  1.18636
 0.47834 0.310334  1.19024 0.480693 0.307415  1.18636
 0.47834 0.310334  1.19024 0.480692 0.307416  1.18636
 0.47834 0.310334  1.19024 0.480692 0.307416  1.18636
 0.47834 0.310334  1.19024 0.480691 0.307417  1.18636
 0.47834 0.310334  1.19024 0.480691 0.307417  1.18636
 0.47834 0.310334  1.19024  0.48069 0.307417  1.18636
 0.47834 0.310334  1.19024  0.48069 0.307418  1.18636
 0.47834 0.310334  1.19024 0.480689 0.307418  1.18636
 0.47834 0.310334  1.19024 0.480689 0.307418  1.18636
 0.47834 0.310334  1.19024 0.480688 0.307419  1.18636
 0.47834 0.310334  1.19024 0.480688 0.307419  1.18636
 0.47834 0.310334  1.19024 0.480687 0.307419  1.18636
 0.47834 0.310334  1.19024 0.480687 0.307419  1.18636
 0.47834 0.310334  1.19024 0.480686  0.30742  1.18636
 0.47834 0.310334  1.19024 0.480686  0.30742  1.18637
 0.47834 0.310334  1.19024 0.480686  0.30742  1.18637
 0.47834 0.310334  1.19024 0.480685  0.30742  1.18637
 0.47834 0.310334  1.19024 0.480685  0.30742  1.18637
 0.47834 0.310334  1.19024 0.480684  0.30742  1.18637
 0.47834 0.310334  1.19024 0.480684  0.30742  1.18637
 0.47834 0.310334  1.19024 0.480683 0.307421  1.18637
 0.47834 0.310334  1.19024 0.480683 0.307421  1.18637
 0.47834 0.310334  1.19024 0.480682 0.307421  1.18637
 0.47834 0.310334  1.19024 0.480682 0.307421  1.18637
 0.47834 0.310334  1.19024 0.480681  0.30742  1.18637
 0.47834 0.310334  1.19024 0.480681  0.30742  1.18637
 0.47834 0.310334  1.19024 0.48068 0.30742 1.18637
 0.47834 0.310334  1.19024 0.48068 0.30742 1.18637
 0.47834 0.310334  1.19024 0.480679  0.30742  1.18637
 0.47834 0.310334  1.19024 0.480679  0.30742  1.18637
 0.47834 0.310334  1.19024 0.480678  0.30742  1.18637
 0.47834 0.310334  1.19024 0.480678 0.307419  1.18637
 0.47834 0.310334  1.19024 0.480677 0.307419  1.18637
 0.47834 0.310334  1.19024 0.480677 0.307419  1.18637
 0.47834 0.310334  1.19024 0.480677 0.307419  1.18637
 0.47834 0.310334  1.19024 0.480676 0.307419  1.18637
 0.47834 0.310334  1.19024 0.480676 0.307418  1.18637
 0.47834 0.310334  1.19024 0.480675 0.307418  1.18637
 0.47834 0.310334  1.19024 0.480675 0.307418  1.18637
 0.47834 0.310334  1.19024 0.480674 0.307417  1.18637
 0.47834 0.310334  1.19024 0.480674 0.307417  1.18637
 0.47834 0.310334  1.19024 0.480673 0.307416  1.18637
 0.47834 0.310334  1.19024 0.480673 0.307416  1.18637
 0.47834 0.310334  1.19024 0.480672 0.307415  1.18637
 0.47834 0.310334  1.19024 0.480672 0.307415  1.18637
 0.47834 0.310334  1.19024 0.480671 0.307414  1.18637
 0.47834 0.310334  1.19024 0.480671 0.307414  1.18637
 0.47834 0.310334  1.19024  0.48067 0.307413  1.18637
 0.47834 0.310334  1.19024  0.48067 0.307413  1.18637
 0.47834 0.310334  1.19024 0.480669 0.307412  1.18637
 0.47834 0.310334  1.19024 0.480669 0.307412  1.18637
 0.47834 0.310334  1.19024 0.480669 0.307411  1.18637
 0.47834 0.310334  1.19024 0.480668  0.30741  1.18638
 0.47834 0.310334  1.19024 0.480668  0.30741  1.18638
 0.47834 0.310334  1.19024 0.480667 0.307409  1.18638
 0.47834 0.310334  1.19024 0.480667 0.307408  1.18638
 0.47834 0.310334  1.19024 0.480666 0.307407  1.18638
 0.47834 0.310334  1.19024 0.480666 0.307407  1.18638
 0.47834 0.310334  1.19024 0.480665 0.307406  1.18638
 0.47834 0.310334  1.19024 0.480665 0.307405  1.18638
 0.47834 0.310334  1.19024 0.480664 0.307404  1.18638
 0.47834 0.310334  1.19024 0.480664 0.307403  1.18638
 0.47834 0.310334  1.19024 0.480664 0.307402  1.18638
 0.47834 0.310334  1.19024 0.480663 0.307402  1.18638
 0.47834 0.310334  1.19024 0.480663 0.307401  1.18638
 0.47834 0.310334  1.19024 0.480662   0.3074  1.18638
 0.47834 0.310334  1.19024 0.480662 0.307399  1.18638
 0.47834 0.310334  1.19024 0.480661 0.307398  1.18638
 0.47834 0.310334  1.19024 0.480661 0.307397  1.18638
 0.47834 0.310334  1.19024 0.480661 0.307396  1.18638
 0.47834 0.310334  1.19024  0.48066 0.307395  1.18638
 0.47834 0.310334  1.19024  0.48066 0.307394  1.18638
 0.47834 0.310334  1.19024 0.480659 0.307393  1.18638
 0.47834 0.310334  1.19024 0.480659 0.307392  1.18638
 0.47834 0.310334  1.19024 0.480658 0.307391  1.18638
 0.47834 0.310334  1.19024 0.480658  0.30739  1.18638
 0.47834 0.310334  1.19024 0.480658 0.307389  1.18639
 0.47834 0.310334  1.19024 0.480657 0.307387  1.18639
 0.47834 0.310334  1.19024 0.480657 0.307386  1.18639
 0.47834 0.310334  1.19024 0.480656 0.307385  1.18639
 0.47834 0.310334  1.19024 0.480656 0.307384  1.18639
 0.47834 0.310334  1.19024 0.480655 0.307383  1.18639
 0.47834 0.310334  1.19024 0.480655 0.307381  1.18639
 0.47834 0.310334  1.19024 0.480655  0.30738  1.18639
 0.47834 0.310334  1.19024 0.480654 0.307379  1.18639
 0.47834 0.310334  1.19024 0.480654 0.307378  1.18639
 0.47834 0.310334  1.19024 0.480653 0.307376  1.18639
 0.47834 0.310334  1.19024 0.480653 0.307375  1.18639
 0.47834 0.310334  1.19024 0.480653 0.307374  1.18639
 0.47834 0.310334  1.19024 0.480652 0.307372  1.18639
 0.47834 0.310334  1.19024 0.480652 0.307371  1.18639
 0.47834 0.310334  1.19024 0.480651  0.30737  1.18639
 0.47834 0.310334  1.19024 0.480651 0.307368  1.18639
 0.47834 0.310334  1.19024 0.480651 0.307367  1.18639
 0.47834 0.310334  1.19024  0.48065 0.307365  1.18639
 0.47834 0.310334  1.19024  0.48065 0.307364   1.1864
 0.47834 0.310334  1.19024 0.480649 0.307362   1.1864
 0.47834 0.310334  1.19024 0.480649 0.307361   1.1864
 0.47834 0.310334  1.19024 0.480649  0.30736   1.1864
 0.47834 0.310334  1.19024 0.480648 0.307358   1.1864
 0.47834 0.310334  1.19024 0.480648 0.307356   1.1864
 0.47834 0.310334  1.19024 0.480648 0.307355   1.1864
 0.47834 0.310334  1.19024 0.480647 0.307353   1.1864
 0.47834 0.310334  1.19024 0.480647 0.307352   1.1864
 0.47834 0.310334  1.19024 0.480646  0.30735   1.1864
 0.47834 0.310334  1.19024 0.480646 0.307349   1.1864
 0.47834 0.310334  1.19024 0.480646 0.307347   1.1864
 0.47834 0.310334  1.19024 0.480645 0.307345   1.1864
 0.47834 0.310334  1.19024 0.480645 0.307344   1.1864
 0.47834 0.310334  1.19024 0.480645 0.307342   1.1864
 0.47834 0.310334  1.19024 0.480644  0.30734   1.1864
 0.47834 0.310334  1.19024 0.480644 0.307339   1.1864
 0.47834 0.310334  1.19024 0.480643 0.307337   1.1864
 0.47834 0.310334  1.19024 0.480643 0.307335  1.18641
 0.47834 0.310334  1.19024 0.480643 0.307334  1.18641
 0.47834 0.310334  1.19024 0.480642 0.307332  1.18641
 0.47834 0.310334  1.19024 0.480642  0.30733  1.18641
 0.47834 0.310334  1.19024 0.480642 0.307328  1.18641
 0.47834 0.310334  1.19024 0.480641 0.307326  1.18641
 0.47834 0.310334  1.19024 0.480641 0.307325  1.18641
 0.47834 0.310334  1.19024 0.480641 0.307323  1.18641
 0.47834 0.310334  1.19024  0.48064 0.307321  1.18641
 0.47834 0.310334  1.19024  0.48064 0.307319  1.18641
 0.47834 0.310334  1.19024  0.48064 0.307317  1.18641
 0.47834 0.310334  1.19024 0.480639 0.307316  1.18641
 0.47834 0.310334  1.19024 0.480639 0.307314  1.18641
 0.47834 0.310334  1.19024 0.480639 0.307312  1.18641
 0.47834 0.310334  1.19024 0.480638  0.30731  1.18641
 0.47834 0.310334  1.19024 0.480638 0.307308  1.18641
 0.47834 0.310334  1.19024 0.480638 0.307306  1.18642
 0.47834 0.310334  1.19024 0.480638 0.307304  1.18642
 0.47834 0.310334  1.19024 0.480637 0.307302  1.18642
 0.47834 0.310334  1.19024 0.480637   0.3073  1.18642
 0.47834 0.310334  1.19024 0.480637 0.307298  1.18642
 0.47834 0.310334  1.19024 0.480636 0.307296  1.18642
 0.47834 0.310334  1.19024 0.480636 0.307294  1.18642
 0.47834 0.310334  1.19024 0.480636 0.307292  1.18642
 0.47834 0.310334  1.19024 0.480635  0.30729  1.18642
 0.47834 0.310334  1.19024 0.480635 0.307288  1.18642
 0.47834 0.310334  1.19024 0.480635 0.307286  1.18642
 0.47834 0.310334  1.19024 0.480635 0.307284  1.18642
 0.47834 0.310334  1.19024 0.480634 0.307282  1.18642
 0.47834 0.310334  1.19024 0.480634  0.30728  1.18642
 0.47834 0.310334  1.19024 0.480634 0.307278  1.18642
 0.47834 0.310334  1.19024 0.480633 0.307276  1.18643
 0.47834 0.310334  1.19024 0.480633 0.307274  1.18643
 0.47834 0.310334  1.19024 0.480633 0.307272  1.18643
 0.47834 0.310334  1.19024 0.480632  0.30727  1.18643
 0.47834 0.310334  1.19024 0.480632 0.307268  1.18643
 0.47834 0.310334  1.19024 0.480632 0.307265  1.18643
 0.47834 0.310334  1.19024 0.480632 0.307263  1.18643
 0.47834 0.310334  1.19024 0.480631 0.307261  1.18643
 0.47834 0.310334  1.19024 0.480631 0.307259  1.18643
 0.47834 0.310334  1.19024 0.480631 0.307257  1.18643
 0.47834 0.310334  1.19024 0.480631 0.307255  1.18643
 0.47834 0.310334  1.19024  0.48063 0.307253  1.18643
 0.47834 0.310334  1.19024 0.48063 0.30725 1.18643
 0.47834 0.310334  1.19024  0.48063 0.307248  1.18643
 0.47834 0.310334  1.19024  0.48063 0.307246  1.18643
 0.47834 0.310334  1.19024 0.480629 0.307244  1.18644
 0.47834 0.310334  1.19024 0.480629 0.307242  1.18644
 0.47834 0.310334  1.19024 0.480629 0.307239  1.18644
 0.47834 0.310334  1.19024 0.480629 0.307237  1.18644
 0.47834 0.310334  1.19024 0.480628 0.307235  1.18644
 0.47834 0.310334  1.19024 0.480628 0.307233  1.18644
 0.47834 0.310334  1.19024 0.480628 0.307231  1.18644
 0.47834 0.310334  1.19024 0.480628 0.307228  1.18644
 0.47834 0.310334  1.19024 0.480628 0.307226  1.18644
 0.47834 0.310334  1.19024 0.480627 0.307224  1.18644
 0.47834 0.310334  1.19024 0.480627 0.307221  1.18644
 0.47834 0.310334  1.19024 0.480627 0.307219  1.18644
 0.47834 0.310334  1.19024 0.480627 0.307217  1.18644
 0.47834 0.310334  1.19024 0.480626 0.307215  1.18644
 0.47834 0.310334  1.19024 0.480626 0.307212  1.18644
 0.47834 0.310334  1.19024 0.480626  0.30721  1.18645
 0.47834 0.310334  1.19024 0.480626 0.307208  1.18645
 0.47834 0.310334  1.19024 0.480626 0.307205  1.18645
 0.47834 0.310334  1.19024 0.480625 0.307203  1.18645
 0.47834 0.310334  1.19024 0.480625 0.307201  1.18645
 0.47834 0.310334  1.19024 0.480625 0.307198  1.18645
 0.47834 0.310334  1.19024 0.480625 0.307196  1.18645
 0.47834 0.310334  1.19024 0.480625 0.307194  1.18645
 0.47834 0.310334  1.19024 0.480624 0.307191  1.18645
 0.47834 0.310334  1.19024 0.480624 0.307189  1.18645
 0.47834 0.310334  1.19024 0.480624 0.307187  1.18645
 0.47834 0.310334  1.19024 0.480624 0.307184  1.18645
 0.47834 0.310334  1.19024 0.480624 0.307182  1.18645
 0.47834 0.310334  1.19024 0.480623  0.30718  1.18645
 0.47834 0.310334  1.19024 0.480623 0.307177  1.18646
 0.47834 0.310334  1.19024 0.480623 0.307175  1.18646
 0.47834 0.310334  1.19024 0.480623 0.307173  1.18646
 0.47834 0.310334  1.19024 0.480623  0.30717  1.18646
 0.47834 0.310334  1.19024 0.480623 0.307168  1.18646
 0.47834 0.310334  1.19024 0.480622 0.307165  1.18646
 0.47834 0.310334  1.19024 0.480622 0.307163  1.18646
 0.47834 0.310334  1.19024 0.480622 0.307161  1.18646
 0.47834 0.310334  1.19024 0.480622 0.307158  1.18646
 0.47834 0.310334  1.19024 0.480622 0.307156  1.18646
 0.47834 0.310334  1.19024 0.480622 0.307154  1.18646
 0.47834 0.310334  1.19024 0.480622 0.307151  1.18646
 0.47834 0.310334  1.19024 0.480621 0.307149  1.18646
 0.47834 0.310334  1.19024 0.480621 0.307146  1.18646
 0.47834 0.310334  1.19024 0.480621 0.307144  1.18646
 0.47834 0.310334  1.19024 0.480621 0.307142  1.18647
 0.47834 0.310334  1.19024 0.480621 0.307139  1.18647
 0.47834 0.310334  1.19024 0.480621 0.307137  1.18647
 0.47834 0.310334  1.19024  0.48062 0.307134  1.18647
 0.47834 0.310334  1.19024  0.48062 0.307132  1.18647
 0.47834 0.310334  1.19024 0.48062 0.30713 1.18647
 0.47834 0.310334  1.19024  0.48062 0.307127  1.18647
 0.47834 0.310334  1.19024  0.48062 0.307125  1.18647
 0.47834 0.310334  1.19024  0.48062 0.307122  1.18647
 0.47834 0.310334  1.19024 0.48062 0.30712 1.18647
 0.47834 0.310334  1.19024  0.48062 0.307118  1.18647
 0.47834 0.310334  1.19024 0.480619 0.307115  1.18647
 0.47834 0.310334  1.19024 0.480619 0.307113  1.18647
 0.47834 0.310334  1.19024 0.480619  0.30711  1.18647
 0.47834 0.310334  1.19024 0.480619 0.307108  1.18648
 0.47834 0.310334  1.19024 0.480619 0.307106  1.18648
 0.47834 0.310334  1.19024 0.480619 0.307103  1.18648
 0.47834 0.310334  1.19024 0.480619 0.307101  1.18648
 0.47834 0.310334  1.19024 0.480619 0.307098  1.18648
 0.47834 0.310334  1.19024 0.480619 0.307096  1.18648
 0.47834 0.310334  1.19024 0.480619 0.307094  1.18648
 0.47834 0.310334  1.19024 0.480618 0.307091  1.18648
 0.47834 0.310334  1.19024 0.480618 0.307089  1.18648
 0.47834 0.310334  1.19024 0.480618 0.307086  1.18648
 0.47834 0.310334  1.19024 0.480618 0.307084  1.18648
 0.47834 0.310334  1.19024 0.480618 0.307082  1.18648
 0.47834 0.310334  1.19024 0.480618 0.307079  1.18648
 0.47834 0.310334  1.19024 0.480618 0.307077  1.18648
 0.47834 0.310334  1.19024 0.480618 0.307075  1.18648
 0.47834 0.310334  1.19024 0.480618 0.307072  1.18648
 0.47834 0.310334  1.19024 0.480618  0.30707  1.18649
 0.47834 0.310334  1.19024 0.480618 0.307068  1.18649
 0.47834 0.310334  1.19024 0.480618 0.307065  1.18649
 0.47834 0.310334  1.19024 0.480618 0.307063  1.18649
 0.47834 0.310334  1.19024 0.480618  0.30706  1.18649
 0.47834 0.310334  1.19024 0.480618 0.307058  1.18649
 0.47834 0.310334  1.19024 0.480618 0.307056  1.18649
 0.47834 0.310334  1.19024 0.480617 0.307053  1.18649
 0.47834 0.310334  1.19024 0.480617 0.307051  1.18649
 0.47834 0.310334  1.19024 0.480617 0.307049  1.18649
 0.47834 0.310334  1.19024 0.480617 0.307046  1.18649
 0.47834 0.310334  1.19024 0.480617 0.307044  1.18649
 0.47834 0.310334  1.19024 0.480617 0.307042  1.18649
 0.47834 0.310334  1.19024 0.480617 0.307039  1.18649
 0.47834 0.310334  1.19024 0.480617 0.307037  1.18649
 0.47834 0.310334  1.19024 0.480617 0.307035  1.18649
 0.47834 0.310334  1.19024 0.480617 0.307032   1.1865
 0.47834 0.310334  1.19024 0.480617  0.30703   1.1865
 0.47834 0.310334  1.19024 0.480617 0.307028   1.1865
 0.47834 0.310334  1.19024 0.480617 0.307025   1.1865
 0.47834 0.310334  1.19024 0.480617 0.307023   1.1865
 0.47834 0.310334  1.19024 0.480617 0.307021   1.1865
 0.47834 0.310334  1.19024 0.480617 0.307019   1.1865
 0.47834 0.310334  1.19024 0.480617 0.307016   1.1865
 0.47834 0.310334  1.19024 0.480617 0.307014   1.1865
 0.47834 0.310334  1.19024 0.480617 0.307012   1.1865
 0.47834 0.310334  1.19024 0.480617 0.307009   1.1865
 0.47834 0.310334  1.19024 0.480617 0.307007   1.1865
 0.47834 0.310334  1.19024 0.480617 0.307005   1.1865
 0.47834 0.310334  1.19024 0.480617 0.307003   1.1865
 0.47834 0.310334  1.19024 0.480617    0.307   1.1865
 0.47834 0.310334  1.19024 0.480617 0.306998   1.1865
 0.47834 0.310334  1.19024 0.480617 0.306996  1.18651
 0.47834 0.310334  1.19024 0.480617 0.306994  1.18651
 0.47834 0.310334  1.19024 0.480617 0.306991  1.18651
 0.47834 0.310334  1.19024 0.480617 0.306989  1.18651
 0.47834 0.310334  1.19024 0.480617 0.306987  1.18651
 0.47834 0.310334  1.19024 0.480617 0.306985  1.18651
 0.47834 0.310334  1.19024 0.480617 0.306982  1.18651
 0.47834 0.310334  1.19024 0.480617  0.30698  1.18651
 0.47834 0.310334  1.19024 0.480617 0.306978  1.18651
 0.47834 0.310334  1.19024 0.480617 0.306976  1.18651
 0.47834 0.310334  1.19024 0.480617 0.306973  1.18651
 0.47834 0.310334  1.19024 0.480617 0.306971  1.18651
 0.47834 0.310334  1.19024 0.480617 0.306969  1.18651
 0.47834 0.310334  1.19024 0.480617 0.306967  1.18651
 0.47834 0.310334  1.19024 0.480617 0.306965  1.18651
 0.47834 0.310334  1.19024 0.480617 0.306962  1.18651
 0.47834 0.310334  1.19024 0.480617  0.30696  1.18651
 0.47834 0.310334  1.19024 0.480617 0.306958  1.18651
 0.47834 0.310334  1.19024 0.480617 0.306956  1.18652
 0.47834 0.310334  1.19024 0.480618 0.306954  1.18652
 0.47834 0.310334  1.19024 0.480618 0.306952  1.18652
 0.47834 0.310334  1.19024 0.480618 0.306949  1.18652
 0.47834 0.310334  1.19024 0.480618 0.306947  1.18652
 0.47834 0.310334  1.19024 0.480618 0.306945  1.18652
 0.47834 0.310334  1.19024 0.480618 0.306943  1.18652
 0.47834 0.310334  1.19024 0.480618  0.30694  1.18652
 0.47834 0.310334  1.19024 0.480618 0.306938  1.18652
 0.47834 0.310334  1.19024 0.480618 0.306936  1.18652
 0.47834 0.310334  1.19024 0.480618 0.306934  1.18652
 0.47834 0.310334  1.19024 0.480618 0.306932  1.18652
 0.47834 0.310334  1.19024 0.480618  0.30693  1.18652
 0.47834 0.310334  1.19024 0.480618 0.306928  1.18652
 0.47834 0.310334  1.19024 0.480618 0.306926  1.18652
 0.47834 0.310334  1.19024 0.480618 0.306924  1.18652
 0.47834 0.310334  1.19024 0.480618 0.306922  1.18652
 0.47834 0.310334  1.19024 0.480618 0.306919  1.18652
 0.47834 0.310334  1.19024 0.480618 0.306917  1.18652
 0.47834 0.310334  1.19024 0.480618 0.306915  1.18653
 0.47834 0.310334  1.19024 0.480619 0.306913  1.18653
 0.47834 0.310334  1.19024 0.480619 0.306911  1.18653
 0.47834 0.310334  1.19024 0.480619 0.306909  1.18653
 0.47834 0.310334  1.19024 0.480619 0.306907  1.18653
 0.47834 0.310334  1.19024 0.480619 0.306905  1.18653
 0.47834 0.310334  1.19024 0.480619 0.306903  1.18653
 0.47834 0.310334  1.19024 0.480619   0.3069  1.18653
 0.47834 0.310334  1.19024 0.480619 0.306898  1.18653
 0.47834 0.310334  1.19024 0.480619 0.306896  1.18653
 0.47834 0.310334  1.19024 0.480619 0.306894  1.18653
 0.47834 0.310334  1.19024  0.48062 0.306892  1.18653
 0.47834 0.310334  1.19024 0.48062 0.30689 1.18653
 0.47834 0.310334  1.19024  0.48062 0.306888  1.18653
 0.47834 0.310334  1.19024  0.48062 0.306886  1.18653
 0.47834 0.310334  1.19024  0.48062 0.306884  1.18653
 0.47834 0.310334  1.19024  0.48062 0.306881  1.18653
 0.47834 0.310334  1.19024  0.48062 0.306879  1.18653
 0.47834 0.310334  1.19024  0.48062 0.306877  1.18653
 0.47834 0.310334  1.19024 0.480621 0.306875  1.18653
 0.47834 0.310334  1.19024 0.480621 0.306873  1.18654
 0.47834 0.310334  1.19024 0.480621 0.306871  1.18654
 0.47834 0.310334  1.19024 0.480621 0.306869  1.18654
 0.47834 0.310334  1.19024 0.480621 0.306867  1.18654
 0.47834 0.310334  1.19024 0.480621 0.306865  1.18654
 0.47834 0.310334  1.19024 0.480622 0.306863  1.18654
 0.47834 0.310334  1.19024 0.480622  0.30686  1.18654
 0.47834 0.310334  1.19024 0.480622 0.306858  1.18654
 0.47834 0.310334  1.19024 0.480622 0.306856  1.18654
 0.47834 0.310334  1.19024 0.480622 0.306854  1.18654
 0.47834 0.310334  1.19024 0.480622 0.306852  1.18654
 0.47834 0.310334  1.19024 0.480623  0.30685  1.18654
 0.47834 0.310334  1.19024 0.480623 0.306848  1.18654
 0.47834 0.310334  1.19024 0.480623 0.306846  1.18654
 0.47834 0.310334  1.19024 0.480623 0.306844  1.18654
 0.47834 0.310334  1.19024 0.480623 0.306842  1.18654
 0.47834 0.310334  1.19024 0.480624  0.30684  1.18654
 0.47834 0.310334  1.19024 0.480624 0.306838  1.18654
 0.47834 0.310334  1.19024 0.480624 0.306836  1.18654
 0.47834 0.310334  1.19024 0.480624 0.306834  1.18654
 0.47834 0.310334  1.19024 0.480624 0.306832  1.18654
 0.47834 0.310334  1.19024 0.480625  0.30683  1.18655
 0.47834 0.310334  1.19024 0.480625 0.306828  1.18655
 0.47834 0.310334  1.19024 0.480625 0.306826  1.18655
 0.47834 0.310334  1.19024 0.480625 0.306824  1.18655
 0.47834 0.310334  1.19024 0.480626 0.306822  1.18655
 0.47834 0.310334  1.19024 0.480626  0.30682  1.18655
 0.47834 0.310334  1.19024 0.480626 0.306818  1.18655
 0.47834 0.310334  1.19024 0.480626 0.306817  1.18655
 0.47834 0.310334  1.19024 0.480627 0.306815  1.18655
 0.47834 0.310334  1.19024 0.480627 0.306813  1.18655
 0.47834 0.310334  1.19024 0.480627 0.306811  1.18655
 0.47834 0.310334  1.19024 0.480627 0.306809  1.18655
 0.47834 0.310334  1.19024 0.480628 0.306807  1.18655
 0.47834 0.310334  1.19024 0.480628 0.306805  1.18655
 0.47834 0.310334  1.19024 0.480628 0.306803  1.18655
 0.47834 0.310334  1.19024 0.480628 0.306801  1.18655
 0.47834 0.310334  1.19024 0.480629 0.306799  1.18655
 0.47834 0.310334  1.19024 0.480629 0.306798  1.18655
 0.47834 0.310334  1.19024 0.480629 0.306796  1.18655
 0.47834 0.310334  1.19024  0.48063 0.306795  1.18655
 0.47834 0.310334  1.19024  0.48063 0.306793  1.18655
 0.47834 0.310334  1.19024  0.48063 0.306791  1.18655
 0.47834 0.310334  1.19024 0.480631  0.30679  1.18655
 0.47834 0.310334  1.19024 0.480631 0.306788  1.18655
 0.47834 0.310334  1.19024 0.480631 0.306786  1.18655
 0.47834 0.310334  1.19024 0.480631 0.306785  1.18655
 0.47834 0.310334  1.19024 0.480632 0.306783  1.18655
 0.47834 0.310334  1.19024 0.480632 0.306781  1.18655
 0.47834 0.310334  1.19024 0.480632  0.30678  1.18655
 0.47834 0.310334  1.19024 0.480633 0.306778  1.18656
 0.47834 0.310334  1.19024 0.480633 0.306776  1.18656
 0.47834 0.310334  1.19024 0.480633 0.306775  1.18656
 0.47834 0.310334  1.19024 0.480634 0.306774  1.18656
 0.47834 0.310334  1.19024 0.480634 0.306772  1.18656
 0.47834 0.310334  1.19024 0.480634 0.306771  1.18656
 0.47834 0.310334  1.19024 0.480635 0.306769  1.18656
 0.47834 0.310334  1.19024 0.480635 0.306768  1.18656
 0.47834 0.310334  1.19024 0.480635 0.306767  1.18656
 0.47834 0.310334  1.19024 0.480636 0.306765  1.18656
 0.47834 0.310334  1.19024 0.480636 0.306764  1.18656
 0.47834 0.310334  1.19024 0.480636 0.306762  1.18656
 0.47834 0.310334  1.19024 0.480637 0.306761  1.18656
 0.47834 0.310334  1.19024 0.480637  0.30676  1.18656
 0.47834 0.310334  1.19024 0.480637 0.306759  1.18656
 0.47834 0.310334  1.19024 0.480638 0.306758  1.18656
 0.47834 0.310334  1.19024 0.480638 0.306756  1.18656
 0.47834 0.310334  1.19024 0.480639 0.306755  1.18656
 0.47834 0.310334  1.19024 0.480639 0.306754  1.18656
 0.47834 0.310334  1.19024 0.480639 0.306753  1.18656
 0.47834 0.310334  1.19024  0.48064 0.306752  1.18656
 0.47834 0.310334  1.19024  0.48064 0.306751  1.18656
 0.47834 0.310334  1.19024 0.480641  0.30675  1.18656
 0.47834 0.310334  1.19024 0.480641 0.306749  1.18656
 0.47834 0.310334  1.19024 0.480641 0.306747  1.18656
 0.47834 0.310334  1.19024 0.480642 0.306746  1.18656
 0.47834 0.310334  1.19024 0.480642 0.306745  1.18656
 0.47834 0.310334  1.19024 0.480642 0.306745  1.18656
 0.47834 0.310334  1.19024 0.480643 0.306744  1.18656
 0.47834 0.310334  1.19024 0.480643 0.306743  1.18656
 0.47834 0.310334  1.19024 0.480644 0.306742  1.18656
 0.47834 0.310334  1.19024 0.480644 0.306741  1.18656
 0.47834 0.310334  1.19024 0.480644  0.30674  1.18656
 0.47834 0.310334  1.19024 0.480645  0.30674  1.18656
 0.47834 0.310334  1.19024 0.480645 0.306739  1.18656
 0.47834 0.310334  1.19024 0.480646 0.306738  1.18656
 0.47834 0.310334  1.19024 0.480646 0.306737  1.18656
 0.47834 0.310334  1.19024 0.480647 0.306737  1.18656
 0.47834 0.310334  1.19024 0.480647 0.306736  1.18656
 0.47834 0.310334  1.19024 0.480647 0.306735  1.18656
 0.47834 0.310334  1.19024 0.480648 0.306735  1.18656
 0.47834 0.310334  1.19024 0.480648 0.306734  1.18656
 0.47834 0.310334  1.19024 0.480649 0.306734  1.18656
 0.47834 0.310334  1.19024 0.480649 0.306733  1.18656
 0.47834 0.310334  1.19024  0.48065 0.306732  1.18656
 0.47834 0.310334  1.19024  0.48065 0.306732  1.18656
 0.47834 0.310334  1.19024  0.48065 0.306732  1.18656
 0.47834 0.310334  1.19024 0.480651 0.306731  1.18656
 0.47834 0.310334  1.19024 0.480651 0.306731  1.18656
 0.47834 0.310334  1.19024 0.480652  0.30673  1.18656
 0.47834 0.310334  1.19024 0.480652  0.30673  1.18656
 0.47834 0.310334  1.19024 0.480653  0.30673  1.18656
 0.47834 0.310334  1.19024 0.480653 0.306729  1.18656
 0.47834 0.310334  1.19024 0.480654 0.306729  1.18656
 0.47834 0.310334  1.19024 0.480654 0.306729  1.18656
 0.47834 0.310334  1.19024 0.480654 0.306728  1.18656
 0.47834 0.310334  1.19024 0.480655 0.306728  1.18656
 0.47834 0.310334  1.19024 0.480655 0.306728  1.18656
 0.47834 0.310334  1.19024 0.480656 0.306728  1.18656
 0.47834 0.310334  1.19024 0.480656 0.306728  1.18656
 0.47834 0.310334  1.19024 0.480657 0.306728  1.18656
 0.47834 0.310334  1.19024 0.480657 0.306727  1.18656
 0.47834 0.310334  1.19024 0.480658 0.306727  1.18656
 0.47834 0.310334  1.19024 0.480658 0.306727  1.18656
 0.47834 0.310334  1.19024 0.480659 0.306727  1.18656
 0.47834 0.310334  1.19024 0.480659 0.306727  1.18656
 0.47834 0.310334  1.19024 0.480659 0.306727  1.18656
 0.47834 0.310334  1.19024  0.48066 0.306727  1.18656
 0.47834 0.310334  1.19024  0.48066 0.306727  1.18656
 0.47834 0.310334  1.19024 0.480661 0.306727  1.18656
 0.47834 0.310334  1.19024 0.480661 0.306727  1.18656
 0.47834 0.310334  1.19024 0.480662 0.306727  1.18656
 0.47834 0.310334  1.19024 0.480662 0.306727  1.18656
 0.47834 0.310334  1.19024 0.480663 0.306727  1.18656
 0.47834 0.310334  1.19024 0.480663 0.306728  1.18656
 0.47834 0.310334  1.19024 0.480664 0.306728  1.18655
 0.47834 0.310334  1.19024 0.480664 0.306728  1.18655
 0.47834 0.310334  1.19024 0.480665 0.306728  1.18655
 0.47834 0.310334  1.19024 0.480665 0.306728  1.18655
 0.47834 0.310334  1.19024 0.480666 0.306729  1.18655
 0.47834 0.310334  1.19024 0.480666 0.306729  1.18655
 0.47834 0.310334  1.19024 0.480667 0.306729  1.18655
 0.47834 0.310334  1.19024 0.480667 0.306729  1.18655
 0.47834 0.310334  1.19024 0.480668  0.30673  1.18655
 0.47834 0.310334  1.19024 0.480668  0.30673  1.18655
 0.47834 0.310334  1.19024 0.480669  0.30673  1.18655
 0.47834 0.310334  1.19024 0.480669 0.306731  1.18655
 0.47834 0.310334  1.19024  0.48067 0.306731  1.18655
 0.47834 0.310334  1.19024  0.48067 0.306731  1.18655
 0.47834 0.310334  1.19024 0.480671 0.306732  1.18655
 0.47834 0.310334  1.19024 0.480671 0.306732  1.18655
 0.47834 0.310334  1.19024 0.480671 0.306733  1.18655
 0.47834 0.310334  1.19024 0.480672 0.306733  1.18655
 0.47834 0.310334  1.19024 0.480672 0.306734  1.18655
 0.47834 0.310334  1.19024 0.480673 0.306734  1.18655
 0.47834 0.310334  1.19024 0.480673 0.306735  1.18655
 0.47834 0.310334  1.19024 0.480674 0.306735  1.18655
 0.47834 0.310334  1.19024 0.480674 0.306736  1.18655
 0.47834 0.310334  1.19024 0.480675 0.306736  1.18655
 0.47834 0.310334  1.19024 0.480675 0.306737  1.18655
 0.47834 0.310334  1.19024 0.480676 0.306737  1.18655
 0.47834 0.310334  1.19024 0.480676 0.306738  1.18655
 0.47834 0.310334  1.19024 0.480677 0.306739  1.18655
 0.47834 0.310334  1.19024 0.480677 0.306739  1.18655
 0.47834 0.310334  1.19024 0.480678  0.30674  1.18655
 0.47834 0.310334  1.19024 0.480678  0.30674  1.18655
 0.47834 0.310334  1.19024 0.480679 0.306741  1.18655
 0.47834 0.310334  1.19024 0.480679 0.306742  1.18655
 0.47834 0.310334  1.19024 0.480679 0.306743  1.18654
 0.47834 0.310334  1.19024  0.48068 0.306743  1.18654
 0.47834 0.310334  1.19024  0.48068 0.306744  1.18654
 0.47834 0.310334  1.19024 0.480681 0.306745  1.18654
 0.47834 0.310334  1.19024 0.480681 0.306746  1.18654
 0.47834 0.310334  1.19024 0.480682 0.306746  1.18654
 0.47834 0.310334  1.19024 0.480682 0.306747  1.18654
 0.47834 0.310334  1.19024 0.480683 0.306748  1.18654
 0.47834 0.310334  1.19024 0.480683 0.306749  1.18654
 0.47834 0.310334  1.19024 0.480684  0.30675  1.18654
 0.47834 0.310334  1.19024 0.480684  0.30675  1.18654
 0.47834 0.310334  1.19024 0.480685 0.306751  1.18654
 0.47834 0.310334  1.19024 0.480685 0.306752  1.18654
 0.47834 0.310334  1.19024 0.480685 0.306753  1.18654
 0.47834 0.310334  1.19024 0.480686 0.306754  1.18654
 0.47834 0.310334  1.19024 0.480686 0.306755  1.18654
 0.47834 0.310334  1.19024 0.480687 0.306756  1.18654
 0.47834 0.310334  1.19024 0.480687 0.306757  1.18654
 0.47834 0.310334  1.19024 0.480688 0.306758  1.18654
 0.47834 0.310334  1.19024 0.480688 0.306759  1.18654
 0.47834 0.310334  1.19024 0.480689  0.30676  1.18654
 0.47834 0.310334  1.19024 0.480689 0.306761  1.18654
 0.47834 0.310334  1.19024  0.48069 0.306762  1.18654
 0.47834 0.310334  1.19024  0.48069 0.306763  1.18654
 0.47834 0.310334  1.19024  0.48069 0.306764  1.18653
 0.47834 0.310334  1.19024 0.480691 0.306765  1.18653
 0.47834 0.310334  1.19024 0.480691 0.306766  1.18653
 0.47834 0.310334  1.19024 0.480691 0.306767  1.18653
 0.47834 0.310334  1.19024 0.480692 0.306768  1.18653
 0.47834 0.310334  1.19024 0.480692 0.306769  1.18653
 0.47834 0.310334  1.19024 0.480693  0.30677  1.18653
 0.47834 0.310334  1.19024 0.480693 0.306771  1.18653
 0.47834 0.310334  1.19024 0.480694 0.306772  1.18653
 0.47834 0.310334  1.19024 0.480694 0.306774  1.18653
 0.47834 0.310334  1.19024 0.480695 0.306775  1.18653
 0.47834 0.310334  1.19024 0.480695 0.306776  1.18653
 0.47834 0.310334  1.19024 0.480696 0.306777  1.18653
 0.47834 0.310334  1.19024 0.480696 0.306778  1.18653
 0.47834 0.310334  1.19024 0.480696 0.306779  1.18653
 0.47834 0.310334  1.19024 0.480697 0.306781  1.18653
 0.47834 0.310334  1.19024 0.480697 0.306782  1.18653
 0.47834 0.310334  1.19024 0.480697 0.306783  1.18653
 0.47834 0.310334  1.19024 0.480698 0.306784  1.18653
 0.47834 0.310334  1.19024 0.480698 0.306786  1.18653
 0.47834 0.310334  1.19024 0.480699 0.306787  1.18653
 0.47834 0.310334  1.19024 0.480699 0.306788  1.18652
 0.47834 0.310334  1.19024 0.480699 0.306789  1.18652
 0.47834 0.310334  1.19024   0.4807 0.306791  1.18652
 0.47834 0.310334  1.19024   0.4807 0.306792  1.18652
 0.47834 0.310334  1.19024 0.480701 0.306793  1.18652
 0.47834 0.310334  1.19024 0.480701 0.306795  1.18652
 0.47834 0.310334  1.19024 0.480701 0.306796  1.18652
 0.47834 0.310334  1.19024 0.480702 0.306797  1.18652
 0.47834 0.310334  1.19024 0.480702 0.306799  1.18652
 0.47834 0.310334  1.19024 0.480702   0.3068  1.18652
 0.47834 0.310334  1.19024 0.480703 0.306802  1.18652
 0.47834 0.310334  1.19024 0.480703 0.306803  1.18652
 0.47834 0.310334  1.19024 0.480704 0.306804  1.18652
 0.47834 0.310334  1.19024 0.480704 0.306806  1.18652
 0.47834 0.310334  1.19024 0.480704 0.306807  1.18652
 0.47834 0.310334  1.19024 0.480705 0.306809  1.18652
 0.47834 0.310334  1.19024 0.480705  0.30681  1.18652
 0.47834 0.310334  1.19024 0.480705 0.306812  1.18652
 0.47834 0.310334  1.19024 0.480706 0.306813  1.18652
 0.47834 0.310334  1.19024 0.480706 0.306815  1.18652
 0.47834 0.310334  1.19024 0.480706 0.306816  1.18651
 0.47834 0.310334  1.19024 0.480707 0.306818  1.18651
 0.47834 0.310334  1.19024 0.480707 0.306819  1.18651
 0.47834 0.310334  1.19024 0.480707 0.306821  1.18651
 0.47834 0.310334  1.19024 0.480708 0.306822  1.18651
 0.47834 0.310334  1.19024 0.480708 0.306824  1.18651
 0.47834 0.310334  1.19024 0.480708 0.306825  1.18651
 0.47834 0.310334  1.19024 0.480709 0.306827  1.18651
 0.47834 0.310334  1.19024 0.480709 0.306828  1.18651
 0.47834 0.310334  1.19024 0.480709  0.30683  1.18651
 0.47834 0.310334  1.19024  0.48071 0.306831  1.18651
 0.47834 0.310334  1.19024  0.48071 0.306833  1.18651
 0.47834 0.310334  1.19024  0.48071 0.306835  1.18651
 0.47834 0.310334  1.19024 0.480711 0.306836  1.18651
 0.47834 0.310334  1.19024 0.480711 0.306838  1.18651
 0.47834 0.310334  1.19024 0.480711 0.306839  1.18651
 0.47834 0.310334  1.19024 0.480712 0.306841  1.18651
 0.47834 0.310334  1.19024 0.480712 0.306842  1.18651
 0.47834 0.310334  1.19024 0.480712 0.306844  1.18651
 0.47834 0.310334  1.19024 0.480712 0.306846  1.18651
 0.47834 0.310334  1.19024 0.480713 0.306847   1.1865
 0.47834 0.310334  1.19024 0.480713 0.306849   1.1865
 0.47834 0.310334  1.19024 0.480713  0.30685   1.1865
 0.47834 0.310334  1.19024 0.480713 0.306852   1.1865
 0.47834 0.310334  1.19024 0.480714 0.306854   1.1865
 0.47834 0.310334  1.19024 0.480714 0.306855   1.1865
 0.47834 0.310334  1.19024 0.480714 0.306857   1.1865
 0.47834 0.310334  1.19024 0.480715 0.306859   1.1865
 0.47834 0.310334  1.19024 0.480715  0.30686   1.1865
 0.47834 0.310334  1.19024 0.480715 0.306862   1.1865
 0.47834 0.310334  1.19024 0.480716 0.306864   1.1865
 0.47834 0.310334  1.19024 0.480716 0.306865   1.1865
 0.47834 0.310334  1.19024 0.480716 0.306867   1.1865
 0.47834 0.310334  1.19024 0.480716 0.306869   1.1865
 0.47834 0.310334  1.19024 0.480717  0.30687   1.1865
 0.47834 0.310334  1.19024 0.480717 0.306872   1.1865
 0.47834 0.310334  1.19024 0.480717 0.306874   1.1865
 0.47834 0.310334  1.19024 0.480717 0.306875   1.1865
 0.47834 0.310334  1.19024 0.480717 0.306877   1.1865
 0.47834 0.310334  1.19024 0.480718 0.306879  1.18649
 0.47834 0.310334  1.19024 0.480718  0.30688  1.18649
 0.47834 0.310334  1.19024 0.480718 0.306882  1.18649
 0.47834 0.310334  1.19024 0.480718 0.306884  1.18649
 0.47834 0.310334  1.19024 0.480718 0.306885  1.18649
 0.47834 0.310334  1.19024 0.480719 0.306887  1.18649
 0.47834 0.310334  1.19024 0.480719 0.306889  1.18649
 0.47834 0.310334  1.19024 0.480719 0.306891  1.18649
 0.47834 0.310334  1.19024 0.480719 0.306892  1.18649
 0.47834 0.310334  1.19024  0.48072 0.306894  1.18649
 0.47834 0.310334  1.19024  0.48072 0.306896  1.18649
 0.47834 0.310334  1.19024  0.48072 0.306897  1.18649
 0.47834 0.310334  1.19024  0.48072 0.306899  1.18649
 0.47834 0.310334  1.19024 0.480721 0.306901  1.18649
 0.47834 0.310334  1.19024 0.480721 0.306903  1.18649
 0.47834 0.310334  1.19024 0.480721 0.306904  1.18649
 0.47834 0.310334  1.19024 0.480721 0.306906  1.18649
 0.47834 0.310334  1.19024 0.480721 0.306908  1.18649
 0.47834 0.310334  1.19024 0.480721 0.306909  1.18649
 0.47834 0.310334  1.19024 0.480721 0.306911  1.18649
 0.47834 0.310334  1.19024 0.480722 0.306913  1.18648
 0.47834 0.310334  1.19024 0.480722 0.306914  1.18648
 0.47834 0.310334  1.19024 0.480722 0.306916  1.18648
 0.47834 0.310334  1.19024 0.480722 0.306918  1.18648
 0.47834 0.310334  1.19024 0.480722 0.306919  1.18648
 0.47834 0.310334  1.19024 0.480723 0.306921  1.18648
 0.47834 0.310334  1.19024 0.480723 0.306923  1.18648
 0.47834 0.310334  1.19024 0.480723 0.306925  1.18648
 0.47834 0.310334  1.19024 0.480723 0.306926  1.18648
 0.47834 0.310334  1.19024 0.480723 0.306928  1.18648
 0.47834 0.310334  1.19024 0.480723  0.30693  1.18648
 0.47834 0.310334  1.19024 0.480723 0.306931  1.18648
 0.47834 0.310334  1.19024 0.480724 0.306933  1.18648
 0.47834 0.310334  1.19024 0.480724 0.306935  1.18648
 0.47834 0.310334  1.19024 0.480724 0.306936  1.18648
 0.47834 0.310334  1.19024 0.480724 0.306938  1.18648
 0.47834 0.310334  1.19024 0.480724  0.30694  1.18648
 0.47834 0.310334  1.19024 0.480724 0.306941  1.18648
 0.47834 0.310334  1.19024 0.480724 0.306943  1.18648
 0.47834 0.310334  1.19024 0.480725 0.306945  1.18648
 0.47834 0.310334  1.19024 0.480725 0.306946  1.18648
 0.47834 0.310334  1.19024 0.480725 0.306948  1.18647
 0.47834 0.310334  1.19024 0.480725  0.30695  1.18647
 0.47834 0.310334  1.19024 0.480725 0.306952  1.18647
 0.47834 0.310334  1.19024 0.480725 0.306953  1.18647
 0.47834 0.310334  1.19024 0.480725 0.306955  1.18647
 0.47834 0.310334  1.19024 0.480726 0.306957  1.18647
 0.47834 0.310334  1.19024 0.480726 0.306958  1.18647
 0.47834 0.310334  1.19024 0.480726  0.30696  1.18647
 0.47834 0.310334  1.19024 0.480726 0.306962  1.18647
 0.47834 0.310334  1.19024 0.480726 0.306963  1.18647
 0.47834 0.310334  1.19024 0.480726 0.306965  1.18647
 0.47834 0.310334  1.19024 0.480726 0.306966  1.18647
 0.47834 0.310334  1.19024 0.480726 0.306968  1.18647
 0.47834 0.310334  1.19024 0.480726  0.30697  1.18647
 0.47834 0.310334  1.19024 0.480726 0.306971  1.18647
 0.47834 0.310334  1.19024 0.480726 0.306973  1.18647
 0.47834 0.310334  1.19024 0.480726 0.306974  1.18647
 0.47834 0.310334  1.19024 0.480726 0.306976  1.18647
 0.47834 0.310334  1.19024 0.480727 0.306978  1.18647
 0.47834 0.310334  1.19024 0.480727 0.306979  1.18647
 0.47834 0.310334  1.19024 0.480727 0.306981  1.18647
 0.47834 0.310334  1.19024 0.480727 0.306983  1.18647
 0.47834 0.310334  1.19024 0.480727 0.306984  1.18647
 0.47834 0.310334  1.19024 0.480727 0.306986  1.18646
 0.47834 0.310334  1.19024 0.480727 0.306988  1.18646
 0.47834 0.310334  1.19024 0.480727 0.306989  1.18646
 0.47834 0.310334  1.19024 0.480727 0.306991  1.18646
 0.47834 0.310334  1.19024 0.480727 0.306992  1.18646
 0.47834 0.310334  1.19024 0.480727 0.306994  1.18646
 0.47834 0.310334  1.19024 0.480727 0.306995  1.18646
 0.47834 0.310334  1.19024 0.480727 0.306997  1.18646
 0.47834 0.310334  1.19024 0.480727 0.306998  1.18646
 0.47834 0.310334  1.19024 0.480727    0.307  1.18646
 0.47834 0.310334  1.19024 0.480727 0.307001  1.18646
 0.47834 0.310334  1.19024 0.480727 0.307003  1.18646
 0.47834 0.310334  1.19024 0.480727 0.307005  1.18646
 0.47834 0.310334  1.19024 0.480727 0.307006  1.18646
 0.47834 0.310334  1.19024 0.480727 0.307008  1.18646
 0.47834 0.310334  1.19024 0.480727 0.307009  1.18646
 0.47834 0.310334  1.19024 0.480727 0.307011  1.18646
 0.47834 0.310334  1.19024 0.480727 0.307012  1.18646
 0.47834 0.310334  1.19024 0.480727 0.307014  1.18646
 0.47834 0.310334  1.19024 0.480727 0.307015  1.18646
 0.47834 0.310334  1.19024 0.480727 0.307017  1.18646
 0.47834 0.310334  1.19024 0.480727 0.307018  1.18646
 0.47834 0.310334  1.19024 0.480727 0.307019  1.18646
 0.47834 0.310334  1.19024 0.480727 0.307021  1.18646
 0.47834 0.310334  1.19024 0.480727 0.307022  1.18646
 0.47834 0.310334  1.19024 0.480727 0.307024  1.18646
 0.47834 0.310334  1.19024 0.480727 0.307025  1.18646
 0.47834 0.310334  1.19024 0.480727 0.307027  1.18646
 0.47834 0.310334  1.19024 0.480727 0.307028  1.18645
 0.47834 0.310334  1.19024 0.480727  0.30703  1.18645
 0.47834 0.310334  1.19024 0.480727 0.307031  1.18645
 0.47834 0.310334  1.19024 0.480727 0.307033  1.18645
 0.47834 0.310334  1.19024 0.480727 0.307034  1.18645
 0.47834 0.310334  1.19024 0.480727 0.307035  1.18645
 0.47834 0.310334  1.19024 0.480727 0.307037  1.18645
 0.47834 0.310334  1.19024 0.480727 0.307038  1.18645
 0.47834 0.310334  1.19024 0.480727 0.307039  1.18645
 0.47834 0.310334  1.19024 0.480727 0.307041  1.18645
 0.47834 0.310334  1.19024 0.480727 0.307042  1.18645
 0.47834 0.310334  1.19024 0.480727 0.307043  1.18645
 0.47834 0.310334  1.19024 0.480727 0.307045  1.18645
 0.47834 0.310334  1.19024 0.480727 0.307046  1.18645
 0.47834 0.310334  1.19024 0.480727 0.307047  1.18645
 0.47834 0.310334  1.19024 0.480727 0.307049  1.18645
 0.47834 0.310334  1.19024 0.480727  0.30705  1.18645
 0.47834 0.310334  1.19024 0.480727 0.307051  1.18645
 0.47834 0.310334  1.19024 0.480727 0.307053  1.18645
 0.47834 0.310334  1.19024 0.480727 0.307054  1.18645
 0.47834 0.310334  1.19024 0.480727 0.307055  1.18645
 0.47834 0.310334  1.19024 0.480727 0.307056  1.18645
 0.47834 0.310334  1.19024 0.480727 0.307058  1.18645
 0.47834 0.310334  1.19024 0.480727 0.307059  1.18645
 0.47834 0.310334  1.19024 0.480727  0.30706  1.18645
 0.47834 0.310334  1.19024 0.480726 0.307061  1.18645
 0.47834 0.310334  1.19024 0.480726 0.307063  1.18645
 0.47834 0.310334  1.19024 0.480726 0.307064  1.18645
 0.47834 0.310334  1.19024 0.480726 0.307065  1.18645
 0.47834 0.310334  1.19024 0.480726 0.307066  1.18645
 0.47834 0.310334  1.19024 0.480726 0.307067  1.18645
 0.47834 0.310334  1.19024 0.480726 0.307069  1.18645
 0.47834 0.310334  1.19024 0.480726  0.30707  1.18645
 0.47834 0.310334  1.19024 0.480726 0.307071  1.18645
 0.47834 0.310334  1.19024 0.480726 0.307072  1.18645
 0.47834 0.310334  1.19024 0.480726 0.307073  1.18645
 0.47834 0.310334  1.19024 0.480726 0.307074  1.18645
 0.47834 0.310334  1.19024 0.480726 0.307076  1.18645
 0.47834 0.310334  1.19024 0.480726 0.307077  1.18645
 0.47834 0.310334  1.19024 0.480725 0.307078  1.18645
 0.47834 0.310334  1.19024 0.480725 0.307079  1.18645
 0.47834 0.310334  1.19024 0.480725  0.30708  1.18645
 0.47834 0.310334  1.19024 0.480725 0.307081  1.18645
 0.47834 0.310334  1.19024 0.480725 0.307082  1.18644
 0.47834 0.310334  1.19024 0.480725 0.307083  1.18644
 0.47834 0.310334  1.19024 0.480725 0.307084  1.18644
 0.47834 0.310334  1.19024 0.480725 0.307085  1.18644
 0.47834 0.310334  1.19024 0.480725 0.307086  1.18644
 0.47834 0.310334  1.19024 0.480725 0.307087  1.18644
 0.47834 0.310334  1.19024 0.480724 0.307088  1.18644
 0.47834 0.310334  1.19024 0.480724 0.307089  1.18644
 0.47834 0.310334  1.19024 0.480724  0.30709  1.18644
 0.47834 0.310334  1.19024 0.480724 0.307091  1.18644
 0.47834 0.310334  1.19024 0.480724 0.307092  1.18644
 0.47834 0.310334  1.19024 0.480724 0.307093  1.18644
 0.47834 0.310334  1.19024 0.480724 0.307094  1.18644
 0.47834 0.310334  1.19024 0.480724 0.307095  1.18644
 0.47834 0.310334  1.19024 0.480724 0.307096  1.18644
 0.47834 0.310334  1.19024 0.480724 0.307097  1.18644
 0.47834 0.310334  1.19024 0.480724 0.307098  1.18644
 0.47834 0.310334  1.19024 0.480723 0.307099  1.18644
 0.47834 0.310334  1.19024 0.480723 0.307099  1.18644
 0.47834 0.310334  1.19024 0.480723   0.3071  1.18644
 0.47834 0.310334  1.19024 0.480723 0.307101  1.18644
 0.47834 0.310334  1.19024 0.480723 0.307102  1.18644
 0.47834 0.310334  1.19024 0.480723 0.307103  1.18644
 0.47834 0.310334  1.19024 0.480723 0.307104  1.18644
 0.47834 0.310334  1.19024 0.480723 0.307104  1.18644
 0.47834 0.310334  1.19024 0.480722 0.307105  1.18644
 0.47834 0.310334  1.19024 0.480722 0.307106  1.18644
 0.47834 0.310334  1.19024 0.480722 0.307107  1.18644
 0.47834 0.310334  1.19024 0.480722 0.307108  1.18644
 0.47834 0.310334  1.19024 0.480722 0.307109  1.18644
 0.47834 0.310334  1.19024 0.480722 0.307109  1.18644
 0.47834 0.310334  1.19024 0.480722  0.30711  1.18644
 0.47834 0.310334  1.19024 0.480722 0.307111  1.18644
 0.47834 0.310334  1.19024 0.480721 0.307112  1.18644
 0.47834 0.310334  1.19024 0.480721 0.307112  1.18644
 0.47834 0.310334  1.19024 0.480721 0.307113  1.18644
 0.47834 0.310334  1.19024 0.480721 0.307114  1.18644
 0.47834 0.310334  1.19024 0.480721 0.307114  1.18644
 0.47834 0.310334  1.19024 0.480721 0.307115  1.18644
 0.47834 0.310334  1.19024 0.480721 0.307116  1.18644
 0.47834 0.310334  1.19024  0.48072 0.307116  1.18644
 0.47834 0.310334  1.19024  0.48072 0.307117  1.18644
 0.47834 0.310334  1.19024  0.48072 0.307117  1.18644
 0.47834 0.310334  1.19024  0.48072 0.307118  1.18644
 0.47834 0.310334  1.19024  0.48072 0.307119  1.18644
 0.47834 0.310334  1.19024  0.48072 0.307119  1.18644
 0.47834 0.310334  1.19024 0.48072 0.30712 1.18644
 0.47834 0.310334  1.19024 0.48072 0.30712 1.18644
 0.47834 0.310334  1.19024 0.480719 0.307121  1.18644
 0.47834 0.310334  1.19024 0.480719 0.307122  1.18644
 0.47834 0.310334  1.19024 0.480719 0.307122  1.18644
 0.47834 0.310334  1.19024 0.480719 0.307123  1.18644
 0.47834 0.310334  1.19024 0.480719 0.307123  1.18644
 0.47834 0.310334  1.19024 0.480719 0.307124  1.18644
 0.47834 0.310334  1.19024 0.480719 0.307124  1.18644
 0.47834 0.310334  1.19024 0.480718 0.307125  1.18644
 0.47834 0.310334  1.19024 0.480718 0.307125  1.18644
 0.47834 0.310334  1.19024 0.480718 0.307126  1.18644
 0.47834 0.310334  1.19024 0.480718 0.307126  1.18644
 0.47834 0.310334  1.19024 0.480718 0.307126  1.18644
 0.47834 0.310334  1.19024 0.480718 0.307127  1.18644
 0.47834 0.310334  1.19024 0.480717 0.307127  1.18644
 0.47834 0.310334  1.19024 0.480717 0.307128  1.18644
 0.47834 0.310334  1.19024 0.480717 0.307128  1.18644
 0.47834 0.310334  1.19024 0.480717 0.307128  1.18644
 0.47834 0.310334  1.19024 0.480717 0.307129  1.18644
 0.47834 0.310334  1.19024 0.480717 0.307129  1.18644
 0.47834 0.310334  1.19024 0.480716 0.307129  1.18644
 0.47834 0.310334  1.19024 0.480716  0.30713  1.18644
 0.47834 0.310334  1.19024 0.480716  0.30713  1.18644
 0.47834 0.310334  1.19024 0.480716  0.30713  1.18644
 0.47834 0.310334  1.19024 0.480716 0.307131  1.18644
 0.47834 0.310334  1.19024 0.480716 0.307131  1.18644
 0.47834 0.310334  1.19024 0.480716 0.307131  1.18644
 0.47834 0.310334  1.19024 0.480715 0.307132  1.18644
 0.47834 0.310334  1.19024 0.480715 0.307132  1.18644
 0.47834 0.310334  1.19024 0.480715 0.307132  1.18644
 0.47834 0.310334  1.19024 0.480715 0.307132  1.18644
 0.47834 0.310334  1.19024 0.480715 0.307133  1.18644
 0.47834 0.310334  1.19024 0.480715 0.307133  1.18644
 0.47834 0.310334  1.19024 0.480714 0.307133  1.18644
 0.47834 0.310334  1.19024 0.480714 0.307133  1.18644
 0.47834 0.310334  1.19024 0.480714 0.307133  1.18644
 0.47834 0.310334  1.19024 0.480714 0.307133  1.18644
 0.47834 0.310334  1.19024 0.480714 0.307134  1.18644
 0.47834 0.310334  1.19024 0.480714 0.307134  1.18644
 0.47834 0.310334  1.19024 0.480713 0.307134  1.18644
 0.47834 0.310334  1.19024 0.480713 0.307134  1.18644
 0.47834 0.310334  1.19024 0.480713 0.307134  1.18644
 0.47834 0.310334  1.19024 0.480713 0.307134  1.18644
 0.47834 0.310334  1.19024 0.480713 0.307134  1.18644
 0.47834 0.310334  1.19024 0.480713 0.307134  1.18644
 0.47834 0.310334  1.19024 0.480712 0.307134  1.18644
 0.47834 0.310334  1.19024 0.480712 0.307134  1.18644
 0.47834 0.310334  1.19024 0.480712 0.307134  1.18644
 0.47834 0.310334  1.19024 0.480712 0.307134  1.18644
 0.47834 0.310334  1.19024 0.480712 0.307134  1.18644
 0.47834 0.310334  1.19024 0.480712 0.307135  1.18644
 0.47834 0.310334  1.19024 0.480711 0.307135  1.18644
 0.47834 0.310334  1.19024 0.480711 0.307135  1.18644
 0.47834 0.310334  1.19024 0.480711 0.307134  1.18644
 0.47834 0.310334  1.19024 0.480711 0.307134  1.18644
 0.47834 0.310334  1.19024 0.480711 0.307134  1.18644
 0.47834 0.310334  1.19024 0.480711 0.307134  1.18645
 0.47834 0.310334  1.19024  0.48071 0.307134  1.18645
 0.47834 0.310334  1.19024  0.48071 0.307134  1.18645
 0.47834 0.310334  1.19024  0.48071 0.307134  1.18645
 0.47834 0.310334  1.19024  0.48071 0.307134  1.18645
 0.47834 0.310334  1.19024  0.48071 0.307134  1.18645
 0.47834 0.310334  1.19024  0.48071 0.307134  1.18645
 0.47834 0.310334  1.19024 0.480709 0.307134  1.18645
 0.47834 0.310334  1.19024 0.480709 0.307134  1.18645
 0.47834 0.310334  1.19024 0.480709 0.307133  1.18645
 0.47834 0.310334  1.19024 0.480709 0.307133  1.18645
 0.47834 0.310334  1.19024 0.480709 0.307133  1.18645
 0.47834 0.310334  1.19024 0.480709 0.307133  1.18645
 0.47834 0.310334  1.19024 0.480709 0.307133  1.18645
 0.47834 0.310334  1.19024 0.480708 0.307133  1.18645
 0.47834 0.310334  1.19024 0.480708 0.307132  1.18645
 0.47834 0.310334  1.19024 0.480708 0.307132  1.18645
 0.47834 0.310334  1.19024 0.480708 0.307132  1.18645
 0.47834 0.310334  1.19024 0.480708 0.307132  1.18645
 0.47834 0.310334  1.19024 0.480708 0.307132  1.18645
 0.47834 0.310334  1.19024 0.480707 0.307131  1.18645
 0.47834 0.310334  1.19024 0.480707 0.307131  1.18645
 0.47834 0.310334  1.19024 0.480707 0.307131  1.18645
 0.47834 0.310334  1.19024 0.480707  0.30713  1.18645
 0.47834 0.310334  1.19024 0.480707  0.30713  1.18645
 0.47834 0.310334  1.19024 0.480707  0.30713  1.18645
 0.47834 0.310334  1.19024 0.480706 0.307129  1.18645
 0.47834 0.310334  1.19024 0.480706 0.307129  1.18645
 0.47834 0.310334  1.19024 0.480706 0.307129  1.18645
 0.47834 0.310334  1.19024 0.480706 0.307128  1.18645
 0.47834 0.310334  1.19024 0.480706 0.307128  1.18645
 0.47834 0.310334  1.19024 0.480706 0.307128  1.18645
 0.47834 0.310334  1.19024 0.480706 0.307127  1.18645
 0.47834 0.310334  1.19024 0.480705 0.307127  1.18645
 0.47834 0.310334  1.19024 0.480705 0.307127  1.18645
 0.47834 0.310334  1.19024 0.480705 0.307126  1.18645
 0.47834 0.310334  1.19024 0.480705 0.307126  1.18645
 0.47834 0.310334  1.19024 0.480705 0.307125  1.18645
 0.47834 0.310334  1.19024 0.480705 0.307125  1.18645
 0.47834 0.310334  1.19024 0.480705 0.307125  1.18645
 0.47834 0.310334  1.19024 0.480704 0.307124  1.18645
 0.47834 0.310334  1.19024 0.480704 0.307124  1.18645
 0.47834 0.310334  1.19024 0.480704 0.307123  1.18645
 0.47834 0.310334  1.19024 0.480704 0.307123  1.18645
 0.47834 0.310334  1.19024 0.480704 0.307122  1.18645
 0.47834 0.310334  1.19024 0.480704 0.307122  1.18645
 0.47834 0.310334  1.19024 0.480704 0.307121  1.18645
 0.47834 0.310334  1.19024 0.480703 0.307121  1.18645
 0.47834 0.310334  1.19024 0.480703  0.30712  1.18645
 0.47834 0.310334  1.19024 0.480703  0.30712  1.18645
 0.47834 0.310334  1.19024 0.480703 0.307119  1.18645
 0.47834 0.310334  1.19024 0.480703 0.307118  1.18645
 0.47834 0.310334  1.19024 0.480702 0.307118  1.18646
 0.47834 0.310334  1.19024 0.480702 0.307117  1.18646
 0.47834 0.310334  1.19024 0.480702 0.307117  1.18646
 0.47834 0.310334  1.19024 0.480702 0.307116  1.18646
 0.47834 0.310334  1.19024 0.480702 0.307116  1.18646
 0.47834 0.310334  1.19024 0.480702 0.307115  1.18646
 0.47834 0.310334  1.19024 0.480702 0.307114  1.18646
 0.47834 0.310334  1.19024 0.480702 0.307114  1.18646
 0.47834 0.310334  1.19024 0.480701 0.307113  1.18646
 0.47834 0.310334  1.19024 0.480701 0.307113  1.18646
 0.47834 0.310334  1.19024 0.480701 0.307112  1.18646
 0.47834 0.310334  1.19024 0.480701 0.307111  1.18646
 0.47834 0.310334  1.19024 0.480701 0.307111  1.18646
 0.47834 0.310334  1.19024 0.480701  0.30711  1.18646
 0.47834 0.310334  1.19024 0.480701 0.307109  1.18646
 0.47834 0.310334  1.19024 0.480701 0.307109  1.18646
 0.47834 0.310334  1.19024   0.4807 0.307108  1.18646
 0.47834 0.310334  1.19024   0.4807 0.307107  1.18646
 0.47834 0.310334  1.19024   0.4807 0.307106  1.18646
 0.47834 0.310334  1.19024   0.4807 0.307106  1.18646
 0.47834 0.310334  1.19024   0.4807 0.307105  1.18646
 0.47834 0.310334  1.19024   0.4807 0.307104  1.18646
 0.47834 0.310334  1.19024 0.480699 0.307103  1.18646
 0.47834 0.310334  1.19024 0.480699 0.307103  1.18646
 0.47834 0.310334  1.19024 0.480699 0.307102  1.18646
 0.47834 0.310334  1.19024 0.480699 0.307101  1.18646
 0.47834 0.310334  1.19024 0.480699   0.3071  1.18646
 0.47834 0.310334  1.19024 0.480699   0.3071  1.18646
 0.47834 0.310334  1.19024 0.480699 0.307099  1.18646
 0.47834 0.310334  1.19024 0.480699 0.307098  1.18646
 0.47834 0.310334  1.19024 0.480698 0.307097  1.18646
 0.47834 0.310334  1.19024 0.480698 0.307097  1.18646
 0.47834 0.310334  1.19024 0.480698 0.307096  1.18646
 0.47834 0.310334  1.19024 0.480698 0.307095  1.18646
 0.47834 0.310334  1.19024 0.480698 0.307094  1.18646
 0.47834 0.310334  1.19024 0.480698 0.307093  1.18646
 0.47834 0.310334  1.19024 0.480698 0.307092  1.18646
 0.47834 0.310334  1.19024 0.480698 0.307092  1.18646
 0.47834 0.310334  1.19024 0.480697 0.307091  1.18647
 0.47834 0.310334  1.19024 0.480697  0.30709  1.18647
 0.47834 0.310334  1.19024 0.480697 0.307089  1.18647
 0.47834 0.310334  1.19024 0.480697 0.307088  1.18647
 0.47834 0.310334  1.19024 0.480697 0.307087  1.18647
 0.47834 0.310334  1.19024 0.480697 0.307086  1.18647
 0.47834 0.310334  1.19024 0.480697 0.307085  1.18647
 0.47834 0.310334  1.19024 0.480697 0.307085  1.18647
 0.47834 0.310334  1.19024 0.480696 0.307084  1.18647
 0.47834 0.310334  1.19024 0.480696 0.307083  1.18647
 0.47834 0.310334  1.19024 0.480696 0.307082  1.18647
 0.47834 0.310334  1.19024 0.480696 0.307081  1.18647
 0.47834 0.310334  1.19024 0.480696  0.30708  1.18647
 0.47834 0.310334  1.19024 0.480696 0.307079  1.18647
 0.47834 0.310334  1.19024 0.480696 0.307078  1.18647
 0.47834 0.310334  1.19024 0.480696 0.307077  1.18647
 0.47834 0.310334  1.19024 0.480696 0.307076  1.18647
 0.47834 0.310334  1.19024 0.480695 0.307075  1.18647
 0.47834 0.310334  1.19024 0.480695 0.307074  1.18647
 0.47834 0.310334  1.19024 0.480695 0.307073  1.18647
 0.47834 0.310334  1.19024 0.480695 0.307072  1.18647
 0.47834 0.310334  1.19024 0.480695 0.307071  1.18647
 0.47834 0.310334  1.19024 0.480695 0.307071  1.18647
 0.47834 0.310334  1.19024 0.480695  0.30707  1.18647
 0.47834 0.310334  1.19024 0.480695 0.307069  1.18647
 0.47834 0.310334  1.19024 0.480695 0.307068  1.18647
 0.47834 0.310334  1.19024 0.480694 0.307067  1.18647
 0.47834 0.310334  1.19024 0.480694 0.307066  1.18647
 0.47834 0.310334  1.19024 0.480694 0.307065  1.18647
 0.47834 0.310334  1.19024 0.480694 0.307063  1.18647
 0.47834 0.310334  1.19024 0.480694 0.307062  1.18647
 0.47834 0.310334  1.19024 0.480694 0.307061  1.18647
 0.47834 0.310334  1.19024 0.480694  0.30706  1.18647
 0.47834 0.310334  1.19024 0.480694 0.307059  1.18647
 0.47834 0.310334  1.19024 0.480694 0.307058  1.18648
 0.47834 0.310334  1.19024 0.480694 0.307057  1.18648
 0.47834 0.310334  1.19024 0.480694 0.307056  1.18648
 0.47834 0.310334  1.19024 0.480694 0.307055  1.18648
 0.47834 0.310334  1.19024 0.480694 0.307054  1.18648
 0.47834 0.310334  1.19024 0.480693 0.307053  1.18648
 0.47834 0.310334  1.19024 0.480693 0.307052  1.18648
 0.47834 0.310334  1.19024 0.480693 0.307051  1.18648
 0.47834 0.310334  1.19024 0.480693  0.30705  1.18648
 0.47834 0.310334  1.19024 0.480693 0.307049  1.18648
 0.47834 0.310334  1.19024 0.480693 0.307048  1.18648
 0.47834 0.310334  1.19024 0.480693 0.307047  1.18648
 0.47834 0.310334  1.19024 0.480693 0.307046  1.18648
 0.47834 0.310334  1.19024 0.480693 0.307045  1.18648
 0.47834 0.310334  1.19024 0.480693 0.307044  1.18648
 0.47834 0.310334  1.19024 0.480692 0.307042  1.18648
 0.47834 0.310334  1.19024 0.480692 0.307041  1.18648
 0.47834 0.310334  1.19024 0.480692  0.30704  1.18648
 0.47834 0.310334  1.19024 0.480692 0.307039  1.18648
 0.47834 0.310334  1.19024 0.480692 0.307038  1.18648
 0.47834 0.310334  1.19024 0.480692 0.307037  1.18648
 0.47834 0.310334  1.19024 0.480692 0.307036  1.18648
 0.47834 0.310334  1.19024 0.480692 0.307035  1.18648
 0.47834 0.310334  1.19024 0.480692 0.307034  1.18648
 0.47834 0.310334  1.19024 0.480692 0.307032  1.18648
 0.47834 0.310334  1.19024 0.480692 0.307031  1.18648
 0.47834 0.310334  1.19024 0.480692  0.30703  1.18648
 0.47834 0.310334  1.19024 0.480692 0.307029  1.18648
 0.47834 0.310334  1.19024 0.480692 0.307028  1.18648
 0.47834 0.310334  1.19024 0.480692 0.307027  1.18648
 0.47834 0.310334  1.19024 0.480692 0.307026  1.18648
 0.47834 0.310334  1.19024 0.480691 0.307025  1.18649
 0.47834 0.310334  1.19024 0.480691 0.307023  1.18649
 0.47834 0.310334  1.19024 0.480691 0.307022  1.18649
 0.47834 0.310334  1.19024 0.480691 0.307021  1.18649
 0.47834 0.310334  1.19024 0.480691  0.30702  1.18649
 0.47834 0.310334  1.19024 0.480691 0.307019  1.18649
 0.47834 0.310334  1.19024 0.480691 0.307018  1.18649
 0.47834 0.310334  1.19024 0.480691 0.307017  1.18649
 0.47834 0.310334  1.19024 0.480691 0.307015  1.18649
 0.47834 0.310334  1.19024 0.480691 0.307014  1.18649
 0.47834 0.310334  1.19024 0.480691 0.307013  1.18649
 0.47834 0.310334  1.19024 0.480691 0.307012  1.18649
 0.47834 0.310334  1.19024 0.480691 0.307011  1.18649
 0.47834 0.310334  1.19024 0.480691  0.30701  1.18649
 0.47834 0.310334  1.19024 0.480691 0.307008  1.18649
 0.47834 0.310334  1.19024 0.480691 0.307007  1.18649
 0.47834 0.310334  1.19024 0.480691 0.307006  1.18649
 0.47834 0.310334  1.19024 0.480691 0.307005  1.18649
 0.47834 0.310334  1.19024 0.480691 0.307004  1.18649
 0.47834 0.310334  1.19024 0.480691 0.307003  1.18649
 0.47834 0.310334  1.19024 0.480691 0.307001  1.18649
 0.47834 0.310334  1.19024 0.48069   0.307 1.18649
 0.47834 0.310334  1.19024  0.48069 0.306999  1.18649
 0.47834 0.310334  1.19024  0.48069 0.306998  1.18649
 0.47834 0.310334  1.19024  0.48069 0.306997  1.18649
 0.47834 0.310334  1.19024  0.48069 0.306996  1.18649
 0.47834 0.310334  1.19024  0.48069 0.306994  1.18649
 0.47834 0.310334  1.19024  0.48069 0.306993  1.18649
 0.47834 0.310334  1.19024  0.48069 0.306992  1.18649
 0.47834 0.310334  1.19024  0.48069 0.306991  1.18649
 0.47834 0.310334  1.19024 0.48069 0.30699 1.18649
 0.47834 0.310334  1.19024  0.48069 0.306988   1.1865
 0.47834 0.310334  1.19024  0.48069 0.306987   1.1865
 0.47834 0.310334  1.19024  0.48069 0.306986   1.1865
 0.47834 0.310334  1.19024  0.48069 0.306985   1.1865
 0.47834 0.310334  1.19024  0.48069 0.306984   1.1865
 0.47834 0.310334  1.19024  0.48069 0.306983   1.1865
 0.47834 0.310334  1.19024  0.48069 0.306981   1.1865
 0.47834 0.310334  1.19024 0.48069 0.30698  1.1865
 0.47834 0.310334  1.19024  0.48069 0.306979   1.1865
 0.47834 0.310334  1.19024  0.48069 0.306978   1.1865
 0.47834 0.310334  1.19024  0.48069 0.306977   1.1865
 0.47834 0.310334  1.19024  0.48069 0.306976   1.1865
 0.47834 0.310334  1.19024  0.48069 0.306974   1.1865
 0.47834 0.310334  1.19024  0.48069 0.306973   1.1865
 0.47834 0.310334  1.19024  0.48069 0.306972   1.1865
 0.47834 0.310334  1.19024  0.48069 0.306971   1.1865
 0.47834 0.310334  1.19024 0.48069 0.30697  1.1865
 0.47834 0.310334  1.19024  0.48069 0.306968   1.1865
 0.47834 0.310334  1.19024  0.48069 0.306967   1.1865
 0.47834 0.310334  1.19024  0.48069 0.306966   1.1865
 0.47834 0.310334  1.19024  0.48069 0.306965   1.1865
 0.47834 0.310334  1.19024  0.48069 0.306964   1.1865
 0.47834 0.310334  1.19024  0.48069 0.306963   1.1865
 0.47834 0.310334  1.19024  0.48069 0.306961   1.1865
 0.47834 0.310334  1.19024 0.48069 0.30696  1.1865
 0.47834 0.310334  1.19024  0.48069 0.306959   1.1865
 0.47834 0.310334  1.19024  0.48069 0.306958   1.1865
 0.47834 0.310334  1.19024  0.48069 0.306957   1.1865
 0.47834 0.310334  1.19024 0.480689 0.306956   1.1865
 0.47834 0.310334  1.19024  0.48069 0.306954   1.1865
 0.47834 0.310334  1.19024  0.48069 0.306953   1.1865
 0.47834 0.310334  1.19024  0.48069 0.306952   1.1865
 0.47834 0.310334  1.19024  0.48069 0.306951  1.18651
 0.47834 0.310334  1.19024 0.48069 0.30695 1.18651
 0.47834 0.310334  1.19024  0.48069 0.306949  1.18651
 0.47834 0.310334  1.19024  0.48069 0.306948  1.18651
 0.47834 0.310334  1.19024  0.48069 0.306946  1.18651
 0.47834 0.310334  1.19024  0.48069 0.306945  1.18651
 0.47834 0.310334  1.19024  0.48069 0.306944  1.18651
 0.47834 0.310334  1.19024  0.48069 0.306943  1.18651
 0.47834 0.310334  1.19024  0.48069 0.306942  1.18651
 0.47834 0.310334  1.19024  0.48069 0.306941  1.18651
 0.47834 0.310334  1.19024  0.48069 0.306939  1.18651
 0.47834 0.310334  1.19024  0.48069 0.306938  1.18651
 0.47834 0.310334  1.19024  0.48069 0.306937  1.18651
 0.47834 0.310334  1.19024  0.48069 0.306936  1.18651
 0.47834 0.310334  1.19024  0.48069 0.306935  1.18651
 0.47834 0.310334  1.19024  0.48069 0.306934  1.18651
 0.47834 0.310334  1.19024  0.48069 0.306933  1.18651
 0.47834 0.310334  1.19024  0.48069 0.306932  1.18651
 0.47834 0.310334  1.19024 0.48069 0.30693 1.18651
 0.47834 0.310334  1.19024  0.48069 0.306929  1.18651
 0.47834 0.310334  1.19024  0.48069 0.306928  1.18651
 0.47834 0.310334  1.19024  0.48069 0.306927  1.18651
 0.47834 0.310334  1.19024  0.48069 0.306926  1.18651
 0.47834 0.310334  1.19024  0.48069 0.306925  1.18651
 0.47834 0.310334  1.19024  0.48069 0.306924  1.18651
 0.47834 0.310334  1.19024  0.48069 0.306923  1.18651
 0.47834 0.310334  1.19024  0.48069 0.306922  1.18651
 0.47834 0.310334  1.19024 0.48069 0.30692 1.18651
 0.47834 0.310334  1.19024  0.48069 0.306919  1.18651
 0.47834 0.310334  1.19024  0.48069 0.306918  1.18651
 0.47834 0.310334  1.19024  0.48069 0.306917  1.18651
 0.47834 0.310334  1.19024  0.48069 0.306916  1.18651
 0.47834 0.310334  1.19024  0.48069 0.306915  1.18651
 0.47834 0.310334  1.19024  0.48069 0.306914  1.18651
 0.47834 0.310334  1.19024  0.48069 0.306913  1.18651
 0.47834 0.310334  1.19024  0.48069 0.306912  1.18651
 0.47834 0.310334  1.19024  0.48069 0.306911  1.18652
 0.47834 0.310334  1.19024 0.48069 0.30691 1.18652
 0.47834 0.310334  1.19024  0.48069 0.306909  1.18652
 0.47834 0.310334  1.19024  0.48069 0.306908  1.18652
 0.47834 0.310334  1.19024  0.48069 0.306906  1.18652
 0.47834 0.310334  1.19024  0.48069 0.306905  1.18652
 0.47834 0.310334  1.19024  0.48069 0.306904  1.18652
 0.47834 0.310334  1.19024  0.48069 0.306903  1.18652
 0.47834 0.310334  1.19024  0.48069 0.306902  1.18652
 0.47834 0.310334  1.19024  0.48069 0.306901  1.18652
 0.47834 0.310334  1.19024 0.480691   0.3069  1.18652
 0.47834 0.310334  1.19024 0.480691 0.306899  1.18652
 0.47834 0.310334  1.19024 0.480691 0.306898  1.18652
 0.47834 0.310334  1.19024 0.480691 0.306897  1.18652
 0.47834 0.310334  1.19024 0.480691 0.306896  1.18652
 0.47834 0.310334  1.19024 0.480691 0.306895  1.18652
 0.47834 0.310334  1.19024 0.480691 0.306894  1.18652
 0.47834 0.310334  1.19024 0.480691 0.306893  1.18652
 0.47834 0.310334  1.19024 0.480691 0.306892  1.18652
 0.47834 0.310334  1.19024 0.480691 0.306891  1.18652
 0.47834 0.310334  1.19024 0.480691  0.30689  1.18652
 0.47834 0.310334  1.19024 0.480691 0.306889  1.18652
 0.47834 0.310334  1.19024 0.480691 0.306888  1.18652
 0.47834 0.310334  1.19024 0.480691 0.306887  1.18652
 0.47834 0.310334  1.19024 0.480691 0.306886  1.18652
 0.47834 0.310334  1.19024 0.480691 0.306885  1.18652
 0.47834 0.310334  1.19024 0.480691 0.306884  1.18652
 0.47834 0.310334  1.19024 0.480691 0.306883  1.18652
 0.47834 0.310334  1.19024 0.480691 0.306882  1.18652
 0.47834 0.310334  1.19024 0.480691 0.306881  1.18652
 0.47834 0.310334  1.19024 0.480692 0.306881  1.18652
 0.47834 0.310334  1.19024 0.480692  0.30688  1.18652
 0.47834 0.310334  1.19024 0.480692 0.306879  1.18652
 0.47834 0.310334  1.19024 0.480692 0.306878  1.18652
 0.47834 0.310334  1.19024 0.480692 0.306877  1.18652
 0.47834 0.310334  1.19024 0.480692 0.306876  1.18652
 0.47834 0.310334  1.19024 0.480692 0.306875  1.18652
 0.47834 0.310334  1.19024 0.480692 0.306874  1.18652
 0.47834 0.310334  1.19024 0.480692 0.306873  1.18652
 0.47834 0.310334  1.19024 0.480692 0.306872  1.18652
 0.47834 0.310334  1.19024 0.480692 0.306871  1.18652
 0.47834 0.310334  1.19024 0.480692  0.30687  1.18652
 0.47834 0.310334  1.19024 0.480692  0.30687  1.18652
 0.47834 0.310334  1.19024 0.480692 0.306869  1.18652
 0.47834 0.310334  1.19024 0.480692 0.306868  1.18653
 0.47834 0.310334  1.19024 0.480692 0.306867  1.18653
 0.47834 0.310334  1.19024 0.480692 0.306866  1.18653
 0.47834 0.310334  1.19024 0.480693 0.306865  1.18653
 0.47834 0.310334  1.19024 0.480693 0.306864  1.18653
 0.47834 0.310334  1.19024 0.480693 0.306864  1.18653
 0.47834 0.310334  1.19024 0.480693 0.306863  1.18653
 0.47834 0.310334  1.19024 0.480693 0.306862  1.18653
 0.47834 0.310334  1.19024 0.480693 0.306861  1.18653
 0.47834 0.310334  1.19024 0.480693  0.30686  1.18653
 0.47834 0.310334  1.19024 0.480693 0.306859  1.18653
 0.47834 0.310334  1.19024 0.480693 0.306859  1.18653
 0.47834 0.310334  1.19024 0.480693 0.306858  1.18653
 0.47834 0.310334  1.19024 0.480693 0.306857  1.18653
 0.47834 0.310334  1.19024 0.480693 0.306856  1.18653
 0.47834 0.310334  1.19024 0.480694 0.306855  1.18653
 0.47834 0.310334  1.19024 0.480694 0.306855  1.18653
 0.47834 0.310334  1.19024 0.480694 0.306854  1.18653
 0.47834 0.310334  1.19024 0.480694 0.306853  1.18653
 0.47834 0.310334  1.19024 0.480694 0.306852  1.18653
 0.47834 0.310334  1.19024 0.480694 0.306852  1.18653
 0.47834 0.310334  1.19024 0.480694 0.306851  1.18653
 0.47834 0.310334  1.19024 0.480694  0.30685  1.18653
 0.47834 0.310334  1.19024 0.480694 0.306849  1.18653
 0.47834 0.310334  1.19024 0.480694 0.306849  1.18653
 0.47834 0.310334  1.19024 0.480694 0.306848  1.18653
 0.47834 0.310334  1.19024 0.480694 0.306847  1.18653
 0.47834 0.310334  1.19024 0.480694 0.306846  1.18653
 0.47834 0.310334  1.19024 0.480695 0.306846  1.18653
 0.47834 0.310334  1.19024 0.480695 0.306845  1.18653
 0.47834 0.310334  1.19024 0.480695 0.306844  1.18653
 0.47834 0.310334  1.19024 0.480695 0.306844  1.18653
 0.47834 0.310334  1.19024 0.480695 0.306843  1.18653
 0.47834 0.310334  1.19024 0.480695 0.306842  1.18653
 0.47834 0.310334  1.19024 0.480695 0.306842  1.18653
 0.47834 0.310334  1.19024 0.480695 0.306841  1.18653
 0.47834 0.310334  1.19024 0.480695  0.30684  1.18653
 0.47834 0.310334  1.19024 0.480695  0.30684  1.18653
 0.47834 0.310334  1.19024 0.480695 0.306839  1.18653
 0.47834 0.310334  1.19024 0.480695 0.306838  1.18653
 0.47834 0.310334  1.19024 0.480696 0.306838  1.18653
 0.47834 0.310334  1.19024 0.480696 0.306837  1.18653
 0.47834 0.310334  1.19024 0.480696 0.306836  1.18653
 0.47834 0.310334  1.19024 0.480696 0.306836  1.18653
 0.47834 0.310334  1.19024 0.480696 0.306835  1.18653
 0.47834 0.310334  1.19024 0.480696 0.306834  1.18653
 0.47834 0.310334  1.19024 0.480696 0.306834  1.18653
 0.47834 0.310334  1.19024 0.480696 0.306833  1.18653
 0.47834 0.310334  1.19024 0.480696 0.306832  1.18653
 0.47834 0.310334  1.19024 0.480697 0.306832  1.18653
 0.47834 0.310334  1.19024 0.480697 0.306831  1.18653
 0.47834 0.310334  1.19024 0.480697 0.306831  1.18653
 0.47834 0.310334  1.19024 0.480697  0.30683  1.18653
 0.47834 0.310334  1.19024 0.480697 0.306829  1.18653
 0.47834 0.310334  1.19024 0.480697 0.306829  1.18653
 0.47834 0.310334  1.19024 0.480697 0.306828  1.18653
 0.47834 0.310334  1.19024 0.480697 0.306828  1.18653
 0.47834 0.310334  1.19024 0.480697 0.306827  1.18653
 0.47834 0.310334  1.19024 0.480697 0.306826  1.18653
 0.47834 0.310334  1.19024 0.480697 0.306826  1.18653
 0.47834 0.310334  1.19024 0.480698 0.306825  1.18653
 0.47834 0.310334  1.19024 0.480698 0.306825  1.18653
 0.47834 0.310334  1.19024 0.480698 0.306824  1.18653
 0.47834 0.310334  1.19024 0.480698 0.306824  1.18653
 0.47834 0.310334  1.19024 0.480698 0.306823  1.18653
 0.47834 0.310334  1.19024 0.480698 0.306823  1.18653
 0.47834 0.310334  1.19024 0.480698 0.306822  1.18653
 0.47834 0.310334  1.19024 0.480698 0.306822  1.18653
 0.47834 0.310334  1.19024 0.480698 0.306821  1.18653
 0.47834 0.310334  1.19024 0.480699  0.30682  1.18653
 0.47834 0.310334  1.19024 0.480699  0.30682  1.18653
 0.47834 0.310334  1.19024 0.480699 0.306819  1.18653
 0.47834 0.310334  1.19024 0.480699 0.306819  1.18653
 0.47834 0.310334  1.19024 0.480699 0.306818  1.18653
 0.47834 0.310334  1.19024 0.480699 0.306818  1.18653
 0.47834 0.310334  1.19024 0.480699 0.306817  1.18653
 0.47834 0.310334  1.19024 0.480699 0.306817  1.18653
 0.47834 0.310334  1.19024   0.4807 0.306816  1.18654
 0.47834 0.310334  1.19024   0.4807 0.306816  1.18654
 0.47834 0.310334  1.19024   0.4807 0.306816  1.18654
 0.47834 0.310334  1.19024   0.4807 0.306815  1.18654
 0.47834 0.310334  1.19024   0.4807 0.306815  1.18654
 0.47834 0.310334  1.19024   0.4807 0.306814  1.18654
 0.47834 0.310334  1.19024   0.4807 0.306814  1.18654
 0.47834 0.310334  1.19024   0.4807 0.306813  1.18654
 0.47834 0.310334  1.19024 0.480701 0.306813  1.18654
 0.47834 0.310334  1.19024 0.480701 0.306813  1.18654
 0.47834 0.310334  1.19024 0.480701 0.306812  1.18654
 0.47834 0.310334  1.19024 0.480701 0.306812  1.18654
 0.47834 0.310334  1.19024 0.480701 0.306811  1.18654
 0.47834 0.310334  1.19024 0.480701 0.306811  1.18654
 0.47834 0.310334  1.19024 0.480701 0.306811  1.18654
 0.47834 0.310334  1.19024 0.480702  0.30681  1.18654
 0.47834 0.310334  1.19024 0.480702  0.30681  1.18654
 0.47834 0.310334  1.19024 0.480702 0.306809  1.18654
 0.47834 0.310334  1.19024 0.480702 0.306809  1.18654
 0.47834 0.310334  1.19024 0.480702 0.306809  1.18654
 0.47834 0.310334  1.19024 0.480702 0.306808  1.18654
 0.47834 0.310334  1.19024 0.480702 0.306808  1.18654
 0.47834 0.310334  1.19024 0.480702 0.306807  1.18654
 0.47834 0.310334  1.19024 0.480702 0.306807  1.18654
 0.47834 0.310334  1.19024 0.480703 0.306807  1.18654
 0.47834 0.310334  1.19024 0.480703 0.306807  1.18654
 0.47834 0.310334  1.19024 0.480703 0.306806  1.18654
 0.47834 0.310334  1.19024 0.480703 0.306806  1.18654
 0.47834 0.310334  1.19024 0.480703 0.306806  1.18654
 0.47834 0.310334  1.19024 0.480703 0.306805  1.18654
 0.47834 0.310334  1.19024 0.480703 0.306805  1.18654
 0.47834 0.310334  1.19024 0.480704 0.306805  1.18654
 0.47834 0.310334  1.19024 0.480704 0.306804  1.18654
 0.47834 0.310334  1.19024 0.480704 0.306804  1.18654
 0.47834 0.310334  1.19024 0.480704 0.306804  1.18654
 0.47834 0.310334  1.19024 0.480704 0.306804  1.18654
 0.47834 0.310334  1.19024 0.480704 0.306803  1.18654
 0.47834 0.310334  1.19024 0.480704 0.306803  1.18654
 0.47834 0.310334  1.19024 0.480704 0.306803  1.18654
 0.47834 0.310334  1.19024 0.480705 0.306803  1.18654
 0.47834 0.310334  1.19024 0.480705 0.306802  1.18654
 0.47834 0.310334  1.19024 0.480705 0.306802  1.18654
 0.47834 0.310334  1.19024 0.480705 0.306802  1.18654
 0.47834 0.310334  1.19024 0.480705 0.306802  1.18654
 0.47834 0.310334  1.19024 0.480705 0.306802  1.18654
 0.47834 0.310334  1.19024 0.480706 0.306801  1.18654
 0.47834 0.310334  1.19024 0.480706 0.306801  1.18654
 0.47834 0.310334  1.19024 0.480706 0.306801  1.18654
 0.47834 0.310334  1.19024 0.480706 0.306801  1.18654
 0.47834 0.310334  1.19024 0.480706 0.306801  1.18654
 0.47834 0.310334  1.19024 0.480706   0.3068  1.18654
 0.47834 0.310334  1.19024 0.480706   0.3068  1.18654
 0.47834 0.310334  1.19024 0.480706   0.3068  1.18654
 0.47834 0.310334  1.19024 0.480707   0.3068  1.18654
 0.47834 0.310334  1.19024 0.480707   0.3068  1.18654
 0.47834 0.310334  1.19024 0.480707   0.3068  1.18654
 0.47834 0.310334  1.19024 0.480707   0.3068  1.18654
 0.47834 0.310334  1.19024 0.480707 0.306799  1.18654
 0.47834 0.310334  1.19024 0.480708 0.306799  1.18654
 0.47834 0.310334  1.19024 0.480708 0.306799  1.18654
 0.47834 0.310334  1.19024 0.480708 0.306799  1.18654
 0.47834 0.310334  1.19024 0.480708 0.306799  1.18654
 0.47834 0.310334  1.19024 0.480708 0.306799  1.18654
 0.47834 0.310334  1.19024 0.480708 0.306799  1.18654
 0.47834 0.310334  1.19024 0.480708 0.306799  1.18654
 0.47834 0.310334  1.19024 0.480709 0.306799  1.18654
 0.47834 0.310334  1.19024 0.480709 0.306799  1.18654
 0.47834 0.310334  1.19024 0.480709 0.306799  1.18654
 0.47834 0.310334  1.19024 0.480709 0.306799  1.18654
 0.47834 0.310334  1.19024 0.480709 0.306799  1.18654
 0.47834 0.310334  1.19024 0.480709 0.306799  1.18654
 0.47834 0.310334  1.19024 0.480709 0.306798  1.18654
 0.47834 0.310334  1.19024 0.480709 0.306798  1.18654
 0.47834 0.310334  1.19024  0.48071 0.306798  1.18654
 0.47834 0.310334  1.19024  0.48071 0.306798  1.18654
 0.47834 0.310334  1.19024  0.48071 0.306798  1.18654
 0.47834 0.310334  1.19024  0.48071 0.306798  1.18654
 0.47834 0.310334  1.19024  0.48071 0.306798  1.18654
 0.47834 0.310334  1.19024  0.48071 0.306798  1.18654
 0.47834 0.310334  1.19024 0.480711 0.306799  1.18654
 0.47834 0.310334  1.19024 0.480711 0.306799  1.18654
 0.47834 0.310334  1.19024 0.480711 0.306799  1.18653
 0.47834 0.310334  1.19024 0.480711 0.306799  1.18653
 0.47834 0.310334  1.19024 0.480711 0.306799  1.18653
 0.47834 0.310334  1.19024 0.480711 0.306799  1.18653
 0.47834 0.310334  1.19024 0.480712 0.306799  1.18653
 0.47834 0.310334  1.19024 0.480712 0.306799  1.18653
 0.47834 0.310334  1.19024 0.480712 0.306799  1.18653
 0.47834 0.310334  1.19024 0.480712 0.306799  1.18653
 0.47834 0.310334  1.19024 0.480712 0.306799  1.18653
 0.47834 0.310334  1.19024 0.480712 0.306799  1.18653
 0.47834 0.310334  1.19024 0.480712 0.306799  1.18653
 0.47834 0.310334  1.19024 0.480713 0.306799  1.18653
 0.47834 0.310334  1.19024 0.480713 0.306799  1.18653
 0.47834 0.310334  1.19024 0.480713 0.306799  1.18653
 0.47834 0.310334  1.19024 0.480713   0.3068  1.18653
 0.47834 0.310334  1.19024 0.480713   0.3068  1.18653
 0.47834 0.310334  1.19024 0.480713   0.3068  1.18653
 0.47834 0.310334  1.19024 0.480714   0.3068  1.18653
 0.47834 0.310334  1.19024 0.480714   0.3068  1.18653
 0.47834 0.310334  1.19024 0.480714   0.3068  1.18653
 0.47834 0.310334  1.19024 0.480714 0.306801  1.18653
 0.47834 0.310334  1.19024 0.480714 0.306801  1.18653
 0.47834 0.310334  1.19024 0.480714 0.306801  1.18653
 0.47834 0.310334  1.19024 0.480714 0.306801  1.18653
 0.47834 0.310334  1.19024 0.480715 0.306801  1.18653
 0.47834 0.310334  1.19024 0.480715 0.306801  1.18653
 0.47834 0.310334  1.19024 0.480715 0.306802  1.18653
 0.47834 0.310334  1.19024 0.480715 0.306802  1.18653
 0.47834 0.310334  1.19024 0.480715 0.306802  1.18653
 0.47834 0.310334  1.19024 0.480715 0.306802  1.18653
 0.47834 0.310334  1.19024 0.480716 0.306803  1.18653
 0.47834 0.310334  1.19024 0.480716 0.306803  1.18653
 0.47834 0.310334  1.19024 0.480716 0.306803  1.18653
 0.47834 0.310334  1.19024 0.480716 0.306803  1.18653
 0.47834 0.310334  1.19024 0.480716 0.306804  1.18653
 0.47834 0.310334  1.19024 0.480716 0.306804  1.18653
 0.47834 0.310334  1.19024 0.480717 0.306804  1.18653
 0.47834 0.310334  1.19024 0.480717 0.306804  1.18653
 0.47834 0.310334  1.19024 0.480717 0.306805  1.18653
 0.47834 0.310334  1.19024 0.480717 0.306805  1.18653
 0.47834 0.310334  1.19024 0.480717 0.306805  1.18653
 0.47834 0.310334  1.19024 0.480717 0.306805  1.18653
 0.47834 0.310334  1.19024 0.480717 0.306806  1.18653
 0.47834 0.310334  1.19024 0.480717 0.306806  1.18653
 0.47834 0.310334  1.19024 0.480718 0.306806  1.18653
 0.47834 0.310334  1.19024 0.480718 0.306807  1.18653
 0.47834 0.310334  1.19024 0.480718 0.306807  1.18653
 0.47834 0.310334  1.19024 0.480718 0.306807  1.18653
 0.47834 0.310334  1.19024 0.480718 0.306808  1.18653
 0.47834 0.310334  1.19024 0.480718 0.306808  1.18653
 0.47834 0.310334  1.19024 0.480719 0.306808  1.18653
 0.47834 0.310334  1.19024 0.480719 0.306809  1.18653
 0.47834 0.310334  1.19024 0.480719 0.306809  1.18653
 0.47834 0.310334  1.19024 0.480719 0.306809  1.18653
 0.47834 0.310334  1.19024 0.480719  0.30681  1.18653
 0.47834 0.310334  1.19024 0.480719  0.30681  1.18653
 0.47834 0.310334  1.19024 0.480719  0.30681  1.18653
 0.47834 0.310334  1.19024 0.480719 0.306811  1.18653
 0.47834 0.310334  1.19024  0.48072 0.306811  1.18653
 0.47834 0.310334  1.19024  0.48072 0.306812  1.18653
 0.47834 0.310334  1.19024  0.48072 0.306812  1.18653
 0.47834 0.310334  1.19024  0.48072 0.306812  1.18653
 0.47834 0.310334  1.19024  0.48072 0.306813  1.18653
 0.47834 0.310334  1.19024 0.480721 0.306813  1.18653
 0.47834 0.310334  1.19024 0.480721 0.306814  1.18653
 0.47834 0.310334  1.19024 0.480721 0.306814  1.18653
 0.47834 0.310334  1.19024 0.480721 0.306814  1.18653
 0.47834 0.310334  1.19024 0.480721 0.306815  1.18653
 0.47834 0.310334  1.19024 0.480721 0.306815  1.18653
 0.47834 0.310334  1.19024 0.480721 0.306816  1.18653
 0.47834 0.310334  1.19024 0.480722 0.306816  1.18653
 0.47834 0.310334  1.19024 0.480722 0.306817  1.18653
 0.47834 0.310334  1.19024 0.480722 0.306817  1.18653
 0.47834 0.310334  1.19024 0.480722 0.306817  1.18653
 0.47834 0.310334  1.19024 0.480722 0.306818  1.18653
 0.47834 0.310334  1.19024 0.480722 0.306818  1.18653
 0.47834 0.310334  1.19024 0.480722 0.306819  1.18653
 0.47834 0.310334  1.19024 0.480722 0.306819  1.18653
 0.47834 0.310334  1.19024 0.480723 0.306819  1.18653
 0.47834 0.310334  1.19024 0.480723  0.30682  1.18653
 0.47834 0.310334  1.19024 0.480723  0.30682  1.18653
 0.47834 0.310334  1.19024 0.480723 0.306821  1.18653
 0.47834 0.310334  1.19024 0.480723 0.306821  1.18653
 0.47834 0.310334  1.19024 0.480723 0.306822  1.18653
 0.47834 0.310334  1.19024 0.480723 0.306822  1.18653
 0.47834 0.310334  1.19024 0.480724 0.306823  1.18653
 0.47834 0.310334  1.19024 0.480724 0.306823  1.18653
 0.47834 0.310334  1.19024 0.480724 0.306824  1.18652
 0.47834 0.310334  1.19024 0.480724 0.306824  1.18652
 0.47834 0.310334  1.19024 0.480724 0.306825  1.18652
 0.47834 0.310334  1.19024 0.480724 0.306825  1.18652
 0.47834 0.310334  1.19024 0.480724 0.306826  1.18652
 0.47834 0.310334  1.19024 0.480724 0.306826  1.18652
 0.47834 0.310334  1.19024 0.480725 0.306826  1.18652
 0.47834 0.310334  1.19024 0.480725 0.306827  1.18652
 0.47834 0.310334  1.19024 0.480725 0.306827  1.18652
 0.47834 0.310334  1.19024 0.480725 0.306828  1.18652
 0.47834 0.310334  1.19024 0.480725 0.306828  1.18652
 0.47834 0.310334  1.19024 0.480725 0.306829  1.18652
 0.47834 0.310334  1.19024 0.480726  0.30683  1.18652
 0.47834 0.310334  1.19024 0.480726  0.30683  1.18652
 0.47834 0.310334  1.19024 0.480726 0.306831  1.18652
 0.47834 0.310334  1.19024 0.480726 0.306831  1.18652
 0.47834 0.310334  1.19024 0.480726 0.306832  1.18652
 0.47834 0.310334  1.19024 0.480726 0.306832  1.18652
 0.47834 0.310334  1.19024 0.480726 0.306833  1.18652
 0.47834 0.310334  1.19024 0.480727 0.306833  1.18652
 0.47834 0.310334  1.19024 0.480727 0.306834  1.18652
 0.47834 0.310334  1.19024 0.480727 0.306834  1.18652
 0.47834 0.310334  1.19024 0.480727 0.306835  1.18652
 0.47834 0.310334  1.19024 0.480727 0.306835  1.18652
 0.47834 0.310334  1.19024 0.480727 0.306835  1.18652
 0.47834 0.310334  1.19024 0.480727 0.306836  1.18652
 0.47834 0.310334  1.19024 0.480727 0.306836  1.18652
 0.47834 0.310334  1.19024 0.480727 0.306837  1.18652
 0.47834 0.310334  1.19024 0.480727 0.306838  1.18652
 0.47834 0.310334  1.19024 0.480728 0.306838  1.18652
 0.47834 0.310334  1.19024 0.480728 0.306839  1.18652
 0.47834 0.310334  1.19024 0.480728 0.306839  1.18652
 0.47834 0.310334  1.19024 0.480728  0.30684  1.18652
 0.47834 0.310334  1.19024 0.480728  0.30684  1.18652
 0.47834 0.310334  1.19024 0.480728 0.306841  1.18652
 0.47834 0.310334  1.19024 0.480728 0.306841  1.18652
 0.47834 0.310334  1.19024 0.480729 0.306842  1.18652
 0.47834 0.310334  1.19024 0.480729 0.306842  1.18652
 0.47834 0.310334  1.19024 0.480729 0.306843  1.18652
 0.47834 0.310334  1.19024 0.480729 0.306843  1.18652
 0.47834 0.310334  1.19024 0.480729 0.306844  1.18652
 0.47834 0.310334  1.19024 0.480729 0.306844  1.18652
 0.47834 0.310334  1.19024 0.480729 0.306845  1.18652
 0.47834 0.310334  1.19024 0.480729 0.306845  1.18652
 0.47834 0.310334  1.19024 0.480729 0.306846  1.18652
 0.47834 0.310334  1.19024  0.48073 0.306846  1.18652
 0.47834 0.310334  1.19024  0.48073 0.306847  1.18652
 0.47834 0.310334  1.19024  0.48073 0.306847  1.18652
 0.47834 0.310334  1.19024  0.48073 0.306848  1.18652
 0.47834 0.310334  1.19024  0.48073 0.306849  1.18652
 0.47834 0.310334  1.19024  0.48073 0.306849  1.18652
 0.47834 0.310334  1.19024 0.48073 0.30685 1.18652
 0.47834 0.310334  1.19024 0.48073 0.30685 1.18652
 0.47834 0.310334  1.19024  0.48073 0.306851  1.18652
 0.47834 0.310334  1.19024 0.480731 0.306851  1.18652
 0.47834 0.310334  1.19024 0.480731 0.306852  1.18652
 0.47834 0.310334  1.19024 0.480731 0.306852  1.18652
 0.47834 0.310334  1.19024 0.480731 0.306853  1.18652
 0.47834 0.310334  1.19024 0.480731 0.306853  1.18652
 0.47834 0.310334  1.19024 0.480731 0.306854  1.18652
 0.47834 0.310334  1.19024 0.480731 0.306854  1.18652
 0.47834 0.310334  1.19024 0.480731 0.306855  1.18652
 0.47834 0.310334  1.19024 0.480732 0.306855  1.18652
 0.47834 0.310334  1.19024 0.480732 0.306856  1.18652
 0.47834 0.310334  1.19024 0.480732 0.306856  1.18652
 0.47834 0.310334  1.19024 0.480732 0.306857  1.18652
 0.47834 0.310334  1.19024 0.480732 0.306858  1.18652
 0.47834 0.310334  1.19024 0.480732 0.306858  1.18652
 0.47834 0.310334  1.19024 0.480732 0.306859  1.18652
 0.47834 0.310334  1.19024 0.480732 0.306859  1.18652
 0.47834 0.310334  1.19024 0.480732  0.30686  1.18651
 0.47834 0.310334  1.19024 0.480732  0.30686  1.18651
 0.47834 0.310334  1.19024 0.480733 0.306861  1.18651
 0.47834 0.310334  1.19024 0.480733 0.306861  1.18651
 0.47834 0.310334  1.19024 0.480733 0.306862  1.18651
 0.47834 0.310334  1.19024 0.480733 0.306862  1.18651
 0.47834 0.310334  1.19024 0.480733 0.306863  1.18651
 0.47834 0.310334  1.19024 0.480733 0.306863  1.18651
 0.47834 0.310334  1.19024 0.480733 0.306864  1.18651
 0.47834 0.310334  1.19024 0.480733 0.306864  1.18651
 0.47834 0.310334  1.19024 0.480733 0.306865  1.18651
 0.47834 0.310334  1.19024 0.480733 0.306865  1.18651
 0.47834 0.310334  1.19024 0.480734 0.306866  1.18651
 0.47834 0.310334  1.19024 0.480734 0.306866  1.18651
 0.47834 0.310334  1.19024 0.480734 0.306867  1.18651
 0.47834 0.310334  1.19024 0.480734 0.306867  1.18651
 0.47834 0.310334  1.19024 0.480734 0.306868  1.18651
 0.47834 0.310334  1.19024 0.480734 0.306868  1.18651
 0.47834 0.310334  1.19024 0.480734 0.306869  1.18651
 0.47834 0.310334  1.19024 0.480734 0.306869  1.18651
 0.47834 0.310334  1.19024 0.480734  0.30687  1.18651
 0.47834 0.310334  1.19024 0.480734  0.30687  1.18651
 0.47834 0.310334  1.19024 0.480734 0.306871  1.18651
 0.47834 0.310334  1.19024 0.480735 0.306871  1.18651
 0.47834 0.310334  1.19024 0.480735 0.306872  1.18651
 0.47834 0.310334  1.19024 0.480735 0.306872  1.18651
 0.47834 0.310334  1.19024 0.480735 0.306873  1.18651
 0.47834 0.310334  1.19024 0.480735 0.306873  1.18651
 0.47834 0.310334  1.19024 0.480735 0.306874  1.18651
 0.47834 0.310334  1.19024 0.480735 0.306874  1.18651
 0.47834 0.310334  1.19024 0.480735 0.306875  1.18651
 0.47834 0.310334  1.19024 0.480735 0.306875  1.18651
 0.47834 0.310334  1.19024 0.480735 0.306876  1.18651
 0.47834 0.310334  1.19024 0.480735 0.306876  1.18651
 0.47834 0.310334  1.19024 0.480735 0.306877  1.18651
 0.47834 0.310334  1.19024 0.480736 0.306877  1.18651
 0.47834 0.310334  1.19024 0.480736 0.306877  1.18651
 0.47834 0.310334  1.19024 0.480736 0.306878  1.18651
 0.47834 0.310334  1.19024 0.480736 0.306878  1.18651
 0.47834 0.310334  1.19024 0.480736 0.306879  1.18651
 0.47834 0.310334  1.19024 0.480736 0.306879  1.18651
 0.47834 0.310334  1.19024 0.480736  0.30688  1.18651
 0.47834 0.310334  1.19024 0.480736  0.30688  1.18651
 0.47834 0.310334  1.19024 0.480736 0.306881  1.18651
 0.47834 0.310334  1.19024 0.480736 0.306881  1.18651
 0.47834 0.310334  1.19024 0.480736 0.306882  1.18651
 0.47834 0.310334  1.19024 0.480736 0.306882  1.18651
 0.47834 0.310334  1.19024 0.480737 0.306882  1.18651
 0.47834 0.310334  1.19024 0.480737 0.306883  1.18651
 0.47834 0.310334  1.19024 0.480737 0.306883  1.18651
 0.47834 0.310334  1.19024 0.480737 0.306884  1.18651
 0.47834 0.310334  1.19024 0.480737 0.306884  1.18651
 0.47834 0.310334  1.19024 0.480737 0.306885  1.18651
 0.47834 0.310334  1.19024 0.480737 0.306885  1.18651
 0.47834 0.310334  1.19024 0.480737 0.306886  1.18651
 0.47834 0.310334  1.19024 0.480737 0.306886  1.18651
 0.47834 0.310334  1.19024 0.480737 0.306886  1.18651
 0.47834 0.310334  1.19024 0.480737 0.306887  1.18651
 0.47834 0.310334  1.19024 0.480737 0.306887  1.18651
 0.47834 0.310334  1.19024 0.480737 0.306888  1.18651
 0.47834 0.310334  1.19024 0.480738 0.306888  1.18651
 0.47834 0.310334  1.19024 0.480738 0.306888  1.18651
 0.47834 0.310334  1.19024 0.480738 0.306889  1.18651
 0.47834 0.310334  1.19024 0.480738 0.306889  1.18651
 0.47834 0.310334  1.19024 0.480738  0.30689  1.18651
 0.47834 0.310334  1.19024 0.480738  0.30689  1.18651
 0.47834 0.310334  1.19024 0.480738  0.30689  1.18651
 0.47834 0.310334  1.19024 0.480738 0.306891  1.18651
 0.47834 0.310334  1.19024 0.480738 0.306891  1.18651
 0.47834 0.310334  1.19024 0.480738 0.306892  1.18651
 0.47834 0.310334  1.19024 0.480738 0.306892  1.18651
 0.47834 0.310334  1.19024 0.480738 0.306892  1.18651
 0.47834 0.310334  1.19024 0.480738 0.306893  1.18651
 0.47834 0.310334  1.19024 0.480738 0.306893  1.18651
 0.47834 0.310334  1.19024 0.480738 0.306893  1.18651
 0.47834 0.310334  1.19024 0.480739 0.306894  1.18651
 0.47834 0.310334  1.19024 0.480739 0.306894  1.18651
 0.47834 0.310334  1.19024 0.480739 0.306894  1.18651
 0.47834 0.310334  1.19024 0.480739 0.306895  1.18651
 0.47834 0.310334  1.19024 0.480739 0.306895  1.18651
 0.47834 0.310334  1.19024 0.480739 0.306896  1.18651
 0.47834 0.310334  1.19024 0.480739 0.306896  1.18651
 0.47834 0.310334  1.19024 0.480739 0.306896  1.18651
 0.47834 0.310334  1.19024 0.480739 0.306897  1.18651
 0.47834 0.310334  1.19024 0.480739 0.306897  1.18651
 0.47834 0.310334  1.19024 0.480739 0.306897  1.18651
 0.47834 0.310334  1.19024 0.480739 0.306898  1.18651
 0.47834 0.310334  1.19024 0.480739 0.306898  1.18651
 0.47834 0.310334  1.19024 0.480739 0.306898  1.18651
 0.47834 0.310334  1.19024 0.480739 0.306899  1.18651
 0.47834 0.310334  1.19024 0.480739 0.306899   1.1865
 0.47834 0.310334  1.19024  0.48074 0.306899   1.1865
 0.47834 0.310334  1.19024 0.480739 0.306899   1.1865
 0.47834 0.310334  1.19024 0.48074  0.3069  1.1865
 0.47834 0.310334  1.19024 0.48074  0.3069  1.1865
 0.47834 0.310334  1.19024 0.48074  0.3069  1.1865
 0.47834 0.310334  1.19024  0.48074 0.306901   1.1865
 0.47834 0.310334  1.19024  0.48074 0.306901   1.1865
 0.47834 0.310334  1.19024  0.48074 0.306901   1.1865
 0.47834 0.310334  1.19024  0.48074 0.306902   1.1865
 0.47834 0.310334  1.19024  0.48074 0.306902   1.1865
 0.47834 0.310334  1.19024  0.48074 0.306902   1.1865
 0.47834 0.310334  1.19024  0.48074 0.306902   1.1865
 0.47834 0.310334  1.19024  0.48074 0.306903   1.1865
 0.47834 0.310334  1.19024  0.48074 0.306903   1.1865
 0.47834 0.310334  1.19024  0.48074 0.306903   1.1865
 0.47834 0.310334  1.19024  0.48074 0.306904   1.1865
 0.47834 0.310334  1.19024  0.48074 0.306904   1.1865
 0.47834 0.310334  1.19024  0.48074 0.306904   1.1865
 0.47834 0.310334  1.19024  0.48074 0.306904   1.1865
 0.47834 0.310334  1.19024  0.48074 0.306904   1.1865
 0.47834 0.310334  1.19024  0.48074 0.306905   1.1865
 0.47834 0.310334  1.19024 0.480741 0.306905   1.1865
 0.47834 0.310334  1.19024 0.480741 0.306905   1.1865
 0.47834 0.310334  1.19024 0.480741 0.306905   1.1865
 0.47834 0.310334  1.19024 0.480741 0.306906   1.1865
 0.47834 0.310334  1.19024 0.480741 0.306906   1.1865
 0.47834 0.310334  1.19024 0.480741 0.306906   1.1865
 0.47834 0.310334  1.19024 0.480741 0.306906   1.1865
 0.47834 0.310334  1.19024 0.480741 0.306907   1.1865
 0.47834 0.310334  1.19024 0.480741 0.306907   1.1865
 0.47834 0.310334  1.19024 0.480741 0.306907   1.1865
 0.47834 0.310334  1.19024 0.480741 0.306907   1.1865
 0.47834 0.310334  1.19024 0.480741 0.306907   1.1865
 0.47834 0.310334  1.19024 0.480741 0.306908   1.1865
 0.47834 0.310334  1.19024 0.480741 0.306908   1.1865
 0.47834 0.310334  1.19024 0.480741 0.306908   1.1865
 0.47834 0.310334  1.19024 0.480741 0.306908   1.1865
 0.47834 0.310334  1.19024 0.480741 0.306908   1.1865
 0.47834 0.310334  1.19024 0.480741 0.306908   1.1865
 0.47834 0.310334  1.19024 0.480741 0.306909   1.1865
 0.47834 0.310334  1.19024 0.480741 0.306909   1.1865
 0.47834 0.310334  1.19024 0.480741 0.306909   1.1865
 0.47834 0.310334  1.19024 0.480741 0.306909   1.1865
 0.47834 0.310334  1.19024 0.480742 0.306909   1.1865
 0.47834 0.310334  1.19024 0.480742 0.306909   1.1865
 0.47834 0.310334  1.19024 0.480742  0.30691   1.1865
 0.47834 0.310334  1.19024 0.480742  0.30691   1.1865
 0.47834 0.310334  1.19024 0.480742  0.30691   1.1865
 0.47834 0.310334  1.19024 0.480742  0.30691   1.1865
 0.47834 0.310334  1.19024 0.480742  0.30691   1.1865
 0.47834 0.310334  1.19024 0.480742  0.30691   1.1865
 0.47834 0.310334  1.19024 0.480742  0.30691   1.1865
 0.47834 0.310334  1.19024 0.480742  0.30691   1.1865
 0.47834 0.310334  1.19024 0.480742 0.306911   1.1865
 0.47834 0.310334  1.19024 0.480742 0.306911   1.1865
 0.47834 0.310334  1.19024 0.480742 0.306911   1.1865
 0.47834 0.310334  1.19024 0.480742 0.306911   1.1865
 0.47834 0.310334  1.19024 0.480742 0.306911   1.1865
 0.47834 0.310334  1.19024 0.480742 0.306911   1.1865
 0.47834 0.310334  1.19024 0.480742 0.306911   1.1865
 0.47834 0.310334  1.19024 0.480742 0.306911   1.1865
 0.47834 0.310334  1.19024 0.480742 0.306911   1.1865
 0.47834 0.310334  1.19024 0.480742 0.306911   1.1865
 0.47834 0.310334  1.19024 0.480742 0.306911   1.1865
 0.47834 0.310334  1.19024 0.480742 0.306911   1.1865
 0.47834 0.310334  1.19024 0.480742 0.306912   1.1865
 0.47834 0.310334  1.19024 0.480742 0.306912   1.1865
 0.47834 0.310334  1.19024 0.480742 0.306912   1.1865
 0.47834 0.310334  1.19024 0.480742 0.306912   1.1865
 0.47834 0.310334  1.19024 0.480742 0.306912   1.1865
 0.47834 0.310334  1.19024 0.480742 0.306912   1.1865
 0.47834 0.310334  1.19024 0.480742 0.306912   1.1865
 0.47834 0.310334  1.19024 0.480742 0.306912   1.1865
 0.47834 0.310334  1.19024 0.480743 0.306912   1.1865
 0.47834 0.310334  1.19024 0.480743 0.306912   1.1865
 0.47834 0.310334  1.19024 0.480743 0.306912   1.1865
 0.47834 0.310334  1.19024 0.480743 0.306912   1.1865
 0.47834 0.310334  1.19024 0.480743 0.306912   1.1865
 0.47834 0.310334  1.19024 0.480743 0.306912   1.1865
 0.47834 0.310334  1.19024 0.480743 0.306912   1.1865
 0.47834 0.310334  1.19024 0.480743 0.306912   1.1865
 0.47834 0.310334  1.19024 0.480743 0.306912   1.1865
 0.47834 0.310334  1.19024 0.480743 0.306912   1.1865
 0.47834 0.310334  1.19024 0.480743 0.306912   1.1865
 0.47834 0.310334  1.19024 0.480743 0.306912   1.1865
 0.47834 0.310334  1.19024 0.480743 0.306912   1.1865
 0.47834 0.310334  1.19024 0.480743 0.306912   1.1865
 0.47834 0.310334  1.19024 0.480743 0.306912   1.1865
 0.47834 0.310334  1.19024 0.480743 0.306912   1.1865
 0.47834 0.310334  1.19024 0.480743 0.306912   1.1865
 0.47834 0.310334  1.19024 0.480743 0.306912   1.1865
 0.47834 0.310334  1.19024 0.480743 0.306912   1.1865
 0.47834 0.310334  1.19024 0.480743 0.306912   1.1865
 0.47834 0.310334  1.19024 0.480743 0.306912   1.1865
 0.47834 0.310334  1.19024 0.480743 0.306912   1.1865
 0.47834 0.310334  1.19024 0.480743 0.306911   1.1865
 0.47834 0.310334  1.19024 0.480743 0.306911   1.1865
 0.47834 0.310334  1.19024 0.480743 0.306911   1.1865
 0.47834 0.310334  1.19024 0.480743 0.306911   1.1865
 0.47834 0.310334  1.19024 0.480743 0.306911   1.1865
 0.47834 0.310334  1.19024 0.480743 0.306911   1.1865
 0.47834 0.310334  1.19024 0.480743 0.306911   1.1865
 0.47834 0.310334  1.19024 0.480743 0.306911   1.1865
 0.47834 0.310334  1.19024 0.480743 0.306911   1.1865
 0.47834 0.310334  1.19024 0.480743 0.306911   1.1865
 0.47834 0.310334  1.19024 0.480743 0.306911   1.1865
 0.47834 0.310334  1.19024 0.480743 0.306911   1.1865
 0.47834 0.310334  1.19024 0.480743  0.30691   1.1865
 0.47834 0.310334  1.19024 0.480743  0.30691   1.1865
 0.47834 0.310334  1.19024 0.480743  0.30691   1.1865
 0.47834 0.310334  1.19024 0.480743  0.30691   1.1865
 0.47834 0.310334  1.19024 0.480743  0.30691   1.1865
 0.47834 0.310334  1.19024 0.480743  0.30691   1.1865
 0.47834 0.310334  1.19024 0.480744  0.30691   1.1865
 0.47834 0.310334  1.19024 0.480744  0.30691   1.1865
 0.47834 0.310334  1.19024 0.480743 0.306909   1.1865
 0.47834 0.310334  1.19024 0.480743 0.306909   1.1865
 0.47834 0.310334  1.19024 0.480743 0.306909   1.1865
 0.47834 0.310334  1.19024 0.480743 0.306909   1.1865
 0.47834 0.310334  1.19024 0.480744 0.306909   1.1865
 0.47834 0.310334  1.19024 0.480744 0.306909   1.1865
 0.47834 0.310334  1.19024 0.480744 0.306909   1.1865
 0.47834 0.310334  1.19024 0.480744 0.306908   1.1865
 0.47834 0.310334  1.19024 0.480744 0.306908   1.1865
 0.47834 0.310334  1.19024 0.480744 0.306908   1.1865
 0.47834 0.310334  1.19024 0.480744 0.306908   1.1865
 0.47834 0.310334  1.19024 0.480744 0.306908   1.1865
 0.47834 0.310334  1.19024 0.480744 0.306907   1.1865
 0.47834 0.310334  1.19024 0.480744 0.306907   1.1865
 0.47834 0.310334  1.19024 0.480744 0.306907   1.1865
 0.47834 0.310334  1.19024 0.480744 0.306907   1.1865
 0.47834 0.310334  1.19024 0.480744 0.306907   1.1865
 0.47834 0.310334  1.19024 0.480744 0.306907   1.1865
 0.47834 0.310334  1.19024 0.480744 0.306906   1.1865
 0.47834 0.310334  1.19024 0.480744 0.306906   1.1865
 0.47834 0.310334  1.19024 0.480744 0.306906   1.1865
 0.47834 0.310334  1.19024 0.480744 0.306906   1.1865
 0.47834 0.310334  1.19024 0.480744 0.306905   1.1865
 0.47834 0.310334  1.19024 0.480744 0.306905   1.1865
 0.47834 0.310334  1.19024 0.480744 0.306905   1.1865
 0.47834 0.310334  1.19024 0.480744 0.306905   1.1865
 0.47834 0.310334  1.19024 0.480744 0.306904   1.1865
 0.47834 0.310334  1.19024 0.480744 0.306904   1.1865
 0.47834 0.310334  1.19024 0.480744 0.306904   1.1865
 0.47834 0.310334  1.19024 0.480744 0.306904  1.18651
 0.47834 0.310334  1.19024 0.480744 0.306904  1.18651
 0.47834 0.310334  1.19024 0.480744 0.306903  1.18651
 0.47834 0.310334  1.19024 0.480744 0.306903  1.18651
 0.47834 0.310334  1.19024 0.480744 0.306903  1.18651
 0.47834 0.310334  1.19024 0.480744 0.306903  1.18651
 0.47834 0.310334  1.19024 0.480744 0.306902  1.18651
 0.47834 0.310334  1.19024 0.480744 0.306902  1.18651
 0.47834 0.310334  1.19024 0.480744 0.306902  1.18651
 0.47834 0.310334  1.19024 0.480744 0.306901  1.18651
 0.47834 0.310334  1.19024 0.480744 0.306901  1.18651
 0.47834 0.310334  1.19024 0.480744 0.306901  1.18651
 0.47834 0.310334  1.19024 0.480744   0.3069  1.18651
 0.47834 0.310334  1.19024 0.480744   0.3069  1.18651
 0.47834 0.310334  1.19024 0.480744   0.3069  1.18651
 0.47834 0.310334  1.19024 0.480744   0.3069  1.18651
 0.47834 0.310334  1.19024 0.480744 0.306899  1.18651
 0.47834 0.310334  1.19024 0.480744 0.306899  1.18651
 0.47834 0.310334  1.19024 0.480744 0.306899  1.18651
 0.47834 0.310334  1.19024 0.480744 0.306898  1.18651
 0.47834 0.310334  1.19024 0.480744 0.306898  1.18651
 0.47834 0.310334  1.19024 0.480744 0.306898  1.18651
 0.47834 0.310334  1.19024 0.480744 0.306898  1.18651
 0.47834 0.310334  1.19024 0.480744 0.306897  1.18651
 0.47834 0.310334  1.19024 0.480744 0.306897  1.18651
 0.47834 0.310334  1.19024 0.480744 0.306897  1.18651
 0.47834 0.310334  1.19024 0.480744 0.306896  1.18651
 0.47834 0.310334  1.19024 0.480744 0.306896  1.18651
 0.47834 0.310334  1.19024 0.480744 0.306896  1.18651
 0.47834 0.310334  1.19024 0.480744 0.306895  1.18651
 0.47834 0.310334  1.19024 0.480744 0.306895  1.18651
 0.47834 0.310334  1.19024 0.480744 0.306894  1.18651
 0.47834 0.310334  1.19024 0.480744 0.306894  1.18651
 0.47834 0.310334  1.19024 0.480744 0.306894  1.18651
 0.47834 0.310334  1.19024 0.480744 0.306893  1.18651
 0.47834 0.310334  1.19024 0.480744 0.306893  1.18651
 0.47834 0.310334  1.19024 0.480744 0.306893  1.18651
 0.47834 0.310334  1.19024 0.480744 0.306892  1.18651
 0.47834 0.310334  1.19024 0.480744 0.306892  1.18651
 0.47834 0.310334  1.19024 0.480744 0.306892  1.18651
 0.47834 0.310334  1.19024 0.480744 0.306891  1.18651
 0.47834 0.310334  1.19024 0.480744 0.306891  1.18651
 0.47834 0.310334  1.19024 0.480744  0.30689  1.18651
 0.47834 0.310334  1.19024 0.480744  0.30689  1.18651
 0.47834 0.310334  1.19024 0.480745  0.30689  1.18651
 0.47834 0.310334  1.19024 0.480745 0.306889  1.18651
 0.47834 0.310334  1.19024 0.480745 0.306889  1.18651
 0.47834 0.310334  1.19024 0.480745 0.306889  1.18651
 0.47834 0.310334  1.19024 0.480744 0.306888  1.18651
 0.47834 0.310334  1.19024 0.480744 0.306888  1.18651
 0.47834 0.310334  1.19024 0.480744 0.306887  1.18651
 0.47834 0.310334  1.19024 0.480744 0.306887  1.18651
 0.47834 0.310334  1.19024 0.480744 0.306887  1.18651
 0.47834 0.310334  1.19024 0.480744 0.306886  1.18651
 0.47834 0.310334  1.19024 0.480745 0.306886  1.18651
 0.47834 0.310334  1.19024 0.480745 0.306885  1.18651
 0.47834 0.310334  1.19024 0.480744 0.306885  1.18651
 0.47834 0.310334  1.19024 0.480744 0.306885  1.18651
 0.47834 0.310334  1.19024 0.480744 0.306884  1.18651
 0.47834 0.310334  1.19024 0.480744 0.306884  1.18651
 0.47834 0.310334  1.19024 0.480745 0.306883  1.18651
 0.47834 0.310334  1.19024 0.480745 0.306883  1.18651
 0.47834 0.310334  1.19024 0.480745 0.306882  1.18651
 0.47834 0.310334  1.19024 0.480745 0.306882  1.18651
 0.47834 0.310334  1.19024 0.480745 0.306882  1.18651
 0.47834 0.310334  1.19024 0.480745 0.306881  1.18651
 0.47834 0.310334  1.19024 0.480745 0.306881  1.18651
 0.47834 0.310334  1.19024 0.480745  0.30688  1.18651
 0.47834 0.310334  1.19024 0.480745  0.30688  1.18651
 0.47834 0.310334  1.19024 0.480745 0.306879  1.18651
 0.47834 0.310334  1.19024 0.480745 0.306879  1.18651
 0.47834 0.310334  1.19024 0.480745 0.306878  1.18651
 0.47834 0.310334  1.19024 0.480745 0.306878  1.18651
 0.47834 0.310334  1.19024 0.480745 0.306878  1.18651
 0.47834 0.310334  1.19024 0.480745 0.306877  1.18651
 0.47834 0.310334  1.19024 0.480745 0.306877  1.18651
 0.47834 0.310334  1.19024 0.480745 0.306876  1.18651
 0.47834 0.310334  1.19024 0.480745 0.306876  1.18651
 0.47834 0.310334  1.19024 0.480745 0.306875  1.18651
 0.47834 0.310334  1.19024 0.480745 0.306875  1.18651
 0.47834 0.310334  1.19024 0.480745 0.306874  1.18651
 0.47834 0.310334  1.19024 0.480745 0.306874  1.18651
 0.47834 0.310334  1.19024 0.480745 0.306873  1.18651
 0.47834 0.310334  1.19024 0.480745 0.306873  1.18651
 0.47834 0.310334  1.19024 0.480745 0.306873  1.18651
 0.47834 0.310334  1.19024 0.480745 0.306872  1.18651
 0.47834 0.310334  1.19024 0.480745 0.306872  1.18651
 0.47834 0.310334  1.19024 0.480745 0.306871  1.18651
 0.47834 0.310334  1.19024 0.480745 0.306871  1.18651
 0.47834 0.310334  1.19024 0.480745  0.30687  1.18651
 0.47834 0.310334  1.19024 0.480745  0.30687  1.18651
 0.47834 0.310334  1.19024 0.480745 0.306869  1.18651
 0.47834 0.310334  1.19024 0.480745 0.306869  1.18651
 0.47834 0.310334  1.19024 0.480745 0.306868  1.18651
 0.47834 0.310334  1.19024 0.480745 0.306868  1.18652
 0.47834 0.310334  1.19024 0.480745 0.306867  1.18652
 0.47834 0.310334  1.19024 0.480745 0.306867  1.18652
 0.47834 0.310334  1.19024 0.480745 0.306866  1.18652
 0.47834 0.310334  1.19024 0.480745 0.306866  1.18652
 0.47834 0.310334  1.19024 0.480745 0.306865  1.18652
 0.47834 0.310334  1.19024 0.480745 0.306865  1.18652
 0.47834 0.310334  1.19024 0.480745 0.306864  1.18652
 0.47834 0.310334  1.19024 0.480745 0.306864  1.18652
 0.47834 0.310334  1.19024 0.480745 0.306863  1.18652
 0.47834 0.310334  1.19024 0.480745 0.306863  1.18652
 0.47834 0.310334  1.19024 0.480745 0.306862  1.18652
 0.47834 0.310334  1.19024 0.480745 0.306862  1.18652
 0.47834 0.310334  1.19024 0.480745 0.306861  1.18652
 0.47834 0.310334  1.19024 0.480745 0.306861  1.18652
 0.47834 0.310334  1.19024 0.480745  0.30686  1.18652
 0.47834 0.310334  1.19024 0.480745  0.30686  1.18652
 0.47834 0.310334  1.19024 0.480745 0.306859  1.18652
 0.47834 0.310334  1.19024 0.480745 0.306859  1.18652
 0.47834 0.310334  1.19024 0.480745 0.306858  1.18652
 0.47834 0.310334  1.19024 0.480745 0.306858  1.18652
 0.47834 0.310334  1.19024 0.480745 0.306857  1.18652
 0.47834 0.310334  1.19024 0.480745 0.306857  1.18652
 0.47834 0.310334  1.19024 0.480745 0.306856  1.18652
 0.47834 0.310334  1.19024 0.480745 0.306856  1.18652
 0.47834 0.310334  1.19024 0.480745 0.306855  1.18652
 0.47834 0.310334  1.19024 0.480745 0.306855  1.18652
 0.47834 0.310334  1.19024 0.480745 0.306854  1.18652
 0.47834 0.310334  1.19024 0.480745 0.306854  1.18652
 0.47834 0.310334  1.19024 0.480745 0.306853  1.18652
 0.47834 0.310334  1.19024 0.480745 0.306853  1.18652
 0.47834 0.310334  1.19024 0.480745 0.306852  1.18652
 0.47834 0.310334  1.19024 0.480745 0.306852  1.18652
 0.47834 0.310334  1.19024 0.480745 0.306851  1.18652
 0.47834 0.310334  1.19024 0.480745 0.306851  1.18652
 0.47834 0.310334  1.19024 0.480745  0.30685  1.18652
 0.47834 0.310334  1.19024 0.480745  0.30685  1.18652
 0.47834 0.310334  1.19024 0.480745 0.306849  1.18652
 0.47834 0.310334  1.19024 0.480745 0.306849  1.18652
 0.47834 0.310334  1.19024 0.480745 0.306848  1.18652
 0.47834 0.310334  1.19024 0.480745 0.306848  1.18652
 0.47834 0.310334  1.19024 0.480745 0.306847  1.18652
 0.47834 0.310334  1.19024 0.480745 0.306847  1.18652
 0.47834 0.310334  1.19024 0.480745 0.306846  1.18652
 0.47834 0.310334  1.19024 0.480745 0.306846  1.18652
 0.47834 0.310334  1.19024 0.480745 0.306845  1.18652
 0.47834 0.310334  1.19024 0.480745 0.306844  1.18652
 0.47834 0.310334  1.19024 0.480745 0.306844  1.18652
 0.47834 0.310334  1.19024 0.480745 0.306843  1.18652
 0.47834 0.310334  1.19024 0.480745 0.306843  1.18652
 0.47834 0.310334  1.19024 0.480745 0.306842  1.18652
 0.47834 0.310334  1.19024 0.480745 0.306842  1.18652
 0.47834 0.310334  1.19024 0.480745 0.306841  1.18652
 0.47834 0.310334  1.19024 0.480745 0.306841  1.18652
 0.47834 0.310334  1.19024 0.480745  0.30684  1.18652
 0.47834 0.310334  1.19024 0.480746  0.30684  1.18652
 0.47834 0.310334  1.19024 0.480745 0.306839  1.18652
 0.47834 0.310334  1.19024 0.480745 0.306839  1.18652
 0.47834 0.310334  1.19024 0.480745 0.306838  1.18652
 0.47834 0.310334  1.19024 0.480745 0.306838  1.18652
 0.47834 0.310334  1.19024 0.480745 0.306837  1.18652
 0.47834 0.310334  1.19024 0.480746 0.306837  1.18652
 0.47834 0.310334  1.19024 0.480746 0.306836  1.18652
 0.47834 0.310334  1.19024 0.480746 0.306836  1.18652
 0.47834 0.310334  1.19024 0.480746 0.306835  1.18652
 0.47834 0.310334  1.19024 0.480746 0.306834  1.18652
 0.47834 0.310334  1.19024 0.480746 0.306834  1.18652
 0.47834 0.310334  1.19024 0.480746 0.306833  1.18652
 0.47834 0.310334  1.19024 0.480746 0.306833  1.18652
 0.47834 0.310334  1.19024 0.480746 0.306832  1.18652
 0.47834 0.310334  1.19024 0.480746 0.306832  1.18652
 0.47834 0.310334  1.19024 0.480746 0.306831  1.18652
 0.47834 0.310334  1.19024 0.480746 0.306831  1.18652
 0.47834 0.310334  1.19024 0.480746  0.30683  1.18652
 0.47834 0.310334  1.19024 0.480746  0.30683  1.18653
 0.47834 0.310334  1.19024 0.480746 0.306829  1.18653
 0.47834 0.310334  1.19024 0.480746 0.306829  1.18653
 0.47834 0.310334  1.19024 0.480746 0.306828  1.18653
 0.47834 0.310334  1.19024 0.480746 0.306828  1.18653
 0.47834 0.310334  1.19024 0.480746 0.306827  1.18653
 0.47834 0.310334  1.19024 0.480746 0.306827  1.18653
 0.47834 0.310334  1.19024 0.480746 0.306826  1.18653
 0.47834 0.310334  1.19024 0.480746 0.306826  1.18653
 0.47834 0.310334  1.19024 0.480746 0.306825  1.18653
 0.47834 0.310334  1.19024 0.480746 0.306825  1.18653
 0.47834 0.310334  1.19024 0.480746 0.306824  1.18653
 0.47834 0.310334  1.19024 0.480746 0.306824  1.18653
 0.47834 0.310334  1.19024 0.480746 0.306823  1.18653
 0.47834 0.310334  1.19024 0.480746 0.306822  1.18653
 0.47834 0.310334  1.19024 0.480746 0.306822  1.18653
 0.47834 0.310334  1.19024 0.480746 0.306821  1.18653
 0.47834 0.310334  1.19024 0.480746 0.306821  1.18653
 0.47834 0.310334  1.19024 0.480746  0.30682  1.18653
 0.47834 0.310334  1.19024 0.480746  0.30682  1.18653
 0.47834 0.310334  1.19024 0.480746 0.306819  1.18653
 0.47834 0.310334  1.19024 0.480746 0.306819  1.18653
 0.47834 0.310334  1.19024 0.480746 0.306818  1.18653
 0.47834 0.310334  1.19024 0.480746 0.306818  1.18653
 0.47834 0.310334  1.19024 0.480746 0.306817  1.18653
 0.47834 0.310334  1.19024 0.480746 0.306817  1.18653
 0.47834 0.310334  1.19024 0.480746 0.306816  1.18653
 0.47834 0.310334  1.19024 0.480746 0.306816  1.18653
 0.47834 0.310334  1.19024 0.480746 0.306815  1.18653
 0.47834 0.310334  1.19024 0.480746 0.306815  1.18653
 0.47834 0.310334  1.19024 0.480746 0.306814  1.18653
 0.47834 0.310334  1.19024 0.480746 0.306814  1.18653
 0.47834 0.310334  1.19024 0.480746 0.306813  1.18653
 0.47834 0.310334  1.19024 0.480746 0.306813  1.18653
 0.47834 0.310334  1.19024 0.480746 0.306812  1.18653
 0.47834 0.310334  1.19024 0.480746 0.306812  1.18653
 0.47834 0.310334  1.19024 0.480746 0.306811  1.18653
 0.47834 0.310334  1.19024 0.480746 0.306811  1.18653
 0.47834 0.310334  1.19024 0.480746  0.30681  1.18653
 0.47834 0.310334  1.19024 0.480746  0.30681  1.18653
 0.47834 0.310334  1.19024 0.480747 0.306809  1.18653
 0.47834 0.310334  1.19024 0.480746 0.306809  1.18653
 0.47834 0.310334  1.19024 0.480747 0.306808  1.18653
 0.47834 0.310334  1.19024 0.480747 0.306808  1.18653
 0.47834 0.310334  1.19024 0.480747 0.306807  1.18653
 0.47834 0.310334  1.19024 0.480747 0.306807  1.18653
 0.47834 0.310334  1.19024 0.480747 0.306807  1.18653
 0.47834 0.310334  1.19024 0.480747 0.306806  1.18653
 0.47834 0.310334  1.19024 0.480747 0.306806  1.18653
 0.47834 0.310334  1.19024 0.480747 0.306805  1.18653
 0.47834 0.310334  1.19024 0.480747 0.306805  1.18653
 0.47834 0.310334  1.19024 0.480747 0.306804  1.18653
 0.47834 0.310334  1.19024 0.480747 0.306804  1.18653
 0.47834 0.310334  1.19024 0.480747 0.306803  1.18653
 0.47834 0.310334  1.19024 0.480747 0.306803  1.18653
 0.47834 0.310334  1.19024 0.480747 0.306802  1.18653
 0.47834 0.310334  1.19024 0.480747 0.306802  1.18653
 0.47834 0.310334  1.19024 0.480747 0.306801  1.18653
 0.47834 0.310334  1.19024 0.480747 0.306801  1.18653
 0.47834 0.310334  1.19024 0.480747   0.3068  1.18653
 0.47834 0.310334  1.19024 0.480747   0.3068  1.18653
 0.47834 0.310334  1.19024 0.480747   0.3068  1.18653
 0.47834 0.310334  1.19024 0.480747 0.306799  1.18653
 0.47834 0.310334  1.19024 0.480747 0.306799  1.18653
 0.47834 0.310334  1.19024 0.480747 0.306798  1.18653
 0.47834 0.310334  1.19024 0.480747 0.306798  1.18653
 0.47834 0.310334  1.19024 0.480747 0.306797  1.18653
 0.47834 0.310334  1.19024 0.480747 0.306797  1.18653
 0.47834 0.310334  1.19024 0.480747 0.306796  1.18653
 0.47834 0.310334  1.19024 0.480747 0.306796  1.18653
 0.47834 0.310334  1.19024 0.480747 0.306795  1.18653
 0.47834 0.310334  1.19024 0.480747 0.306795  1.18653
 0.47834 0.310334  1.19024 0.480747 0.306795  1.18653
 0.47834 0.310334  1.19024 0.480747 0.306794  1.18653
 0.47834 0.310334  1.19024 0.480747 0.306794  1.18653
 0.47834 0.310334  1.19024 0.480748 0.306793  1.18653
 0.47834 0.310334  1.19024 0.480748 0.306793  1.18653
 0.47834 0.310334  1.19024 0.480748 0.306792  1.18653
 0.47834 0.310334  1.19024 0.480748 0.306792  1.18653
 0.47834 0.310334  1.19024 0.480748 0.306792  1.18653
 0.47834 0.310334  1.19024 0.480748 0.306791  1.18653
 0.47834 0.310334  1.19024 0.480748 0.306791  1.18654
 0.47834 0.310334  1.19024 0.480748  0.30679  1.18654
 0.47834 0.310334  1.19024 0.480748  0.30679  1.18654
 0.47834 0.310334  1.19024 0.480748 0.306789  1.18654
 0.47834 0.310334  1.19024 0.480748 0.306789  1.18654
 0.47834 0.310334  1.19024 0.480748 0.306789  1.18654
 0.47834 0.310334  1.19024 0.480748 0.306788  1.18654
 0.47834 0.310334  1.19024 0.480748 0.306788  1.18654
 0.47834 0.310334  1.19024 0.480748 0.306787  1.18654
 0.47834 0.310334  1.19024 0.480748 0.306787  1.18654
 0.47834 0.310334  1.19024 0.480748 0.306787  1.18654
 0.47834 0.310334  1.19024 0.480748 0.306786  1.18654
 0.47834 0.310334  1.19024 0.480748 0.306786  1.18654
 0.47834 0.310334  1.19024 0.480748 0.306785  1.18654
 0.47834 0.310334  1.19024 0.480748 0.306785  1.18654
 0.47834 0.310334  1.19024 0.480748 0.306785  1.18654
 0.47834 0.310334  1.19024 0.480748 0.306784  1.18654
 0.47834 0.310334  1.19024 0.480748 0.306784  1.18654
 0.47834 0.310334  1.19024 0.480748 0.306784  1.18654
 0.47834 0.310334  1.19024 0.480749 0.306783  1.18654
 0.47834 0.310334  1.19024 0.480749 0.306783  1.18654
 0.47834 0.310334  1.19024 0.480749 0.306782  1.18654
 0.47834 0.310334  1.19024 0.480749 0.306782  1.18654
 0.47834 0.310334  1.19024 0.480749 0.306782  1.18654
 0.47834 0.310334  1.19024 0.480749 0.306781  1.18654
 0.47834 0.310334  1.19024 0.480749 0.306781  1.18654
 0.47834 0.310334  1.19024 0.480749  0.30678  1.18654
 0.47834 0.310334  1.19024 0.480749  0.30678  1.18654
 0.47834 0.310334  1.19024 0.480749  0.30678  1.18654
 0.47834 0.310334  1.19024 0.480749 0.306779  1.18654
 0.47834 0.310334  1.19024 0.480749 0.306779  1.18654
 0.47834 0.310334  1.19024 0.480749 0.306779  1.18654
 0.47834 0.310334  1.19024 0.480749 0.306778  1.18654
 0.47834 0.310334  1.19024 0.480749 0.306778  1.18654
 0.47834 0.310334  1.19024 0.480749 0.306778  1.18654
 0.47834 0.310334  1.19024 0.480749 0.306777  1.18654
 0.47834 0.310334  1.19024 0.480749 0.306777  1.18654
 0.47834 0.310334  1.19024 0.480749 0.306777  1.18654
 0.47834 0.310334  1.19024 0.480749 0.306776  1.18654
 0.47834 0.310334  1.19024 0.480749 0.306776  1.18654
 0.47834 0.310334  1.19024 0.480749 0.306776  1.18654
 0.47834 0.310334  1.19024 0.480749 0.306775  1.18654
 0.47834 0.310334  1.19024 0.480749 0.306775  1.18654
 0.47834 0.310334  1.19024 0.480749 0.306775  1.18654
 0.47834 0.310334  1.19024 0.480749 0.306774  1.18654
 0.47834 0.310334  1.19024 0.480749 0.306774  1.18654
 0.47834 0.310334  1.19024  0.48075 0.306774  1.18654
 0.47834 0.310334  1.19024  0.48075 0.306773  1.18654
 0.47834 0.310334  1.19024  0.48075 0.306773  1.18654
 0.47834 0.310334  1.19024  0.48075 0.306773  1.18654
 0.47834 0.310334  1.19024  0.48075 0.306772  1.18654
 0.47834 0.310334  1.19024  0.48075 0.306772  1.18654
 0.47834 0.310334  1.19024  0.48075 0.306772  1.18654
 0.47834 0.310334  1.19024  0.48075 0.306771  1.18654
 0.47834 0.310334  1.19024  0.48075 0.306771  1.18654
 0.47834 0.310334  1.19024  0.48075 0.306771  1.18654
 0.47834 0.310334  1.19024  0.48075 0.306771  1.18654
 0.47834 0.310334  1.19024 0.48075 0.30677 1.18654
 0.47834 0.310334  1.19024 0.48075 0.30677 1.18654
 0.47834 0.310334  1.19024 0.48075 0.30677 1.18654
 0.47834 0.310334  1.19024  0.48075 0.306769  1.18654
 0.47834 0.310334  1.19024  0.48075 0.306769  1.18654
 0.47834 0.310334  1.19024  0.48075 0.306769  1.18654
 0.47834 0.310334  1.19024  0.48075 0.306769  1.18654
 0.47834 0.310334  1.19024  0.48075 0.306768  1.18654
 0.47834 0.310334  1.19024  0.48075 0.306768  1.18654
 0.47834 0.310334  1.19024 0.480751 0.306768  1.18654
 0.47834 0.310334  1.19024 0.480751 0.306767  1.18654
 0.47834 0.310334  1.19024 0.480751 0.306767  1.18654
 0.47834 0.310334  1.19024 0.480751 0.306767  1.18654
 0.47834 0.310334  1.19024 0.480751 0.306767  1.18654
 0.47834 0.310334  1.19024 0.480751 0.306766  1.18654
 0.47834 0.310334  1.19024 0.480751 0.306766  1.18654
 0.47834 0.310334  1.19024 0.480751 0.306766  1.18654
 0.47834 0.310334  1.19024 0.480751 0.306766  1.18654
 0.47834 0.310334  1.19024 0.480751 0.306765  1.18654
 0.47834 0.310334  1.19024 0.480751 0.306765  1.18654
 0.47834 0.310334  1.19024 0.480751 0.306765  1.18654
 0.47834 0.310334  1.19024 0.480751 0.306765  1.18654
 0.47834 0.310334  1.19024 0.480751 0.306764  1.18654
 0.47834 0.310334  1.19024 0.480751 0.306764  1.18654
 0.47834 0.310334  1.19024 0.480751 0.306764  1.18654
 0.47834 0.310334  1.19024 0.480751 0.306764  1.18654
 0.47834 0.310334  1.19024 0.480752 0.306763  1.18654
 0.47834 0.310334  1.19024 0.480752 0.306763  1.18654
 0.47834 0.310334  1.19024 0.480752 0.306763  1.18654
 0.47834 0.310334  1.19024 0.480752 0.306763  1.18654
 0.47834 0.310334  1.19024 0.480752 0.306763  1.18654
 0.47834 0.310334  1.19024 0.480752 0.306762  1.18654
 0.47834 0.310334  1.19024 0.480752 0.306762  1.18654
 0.47834 0.310334  1.19024 0.480752 0.306762  1.18654
 0.47834 0.310334  1.19024 0.480752 0.306762  1.18654
 0.47834 0.310334  1.19024 0.480752 0.306761  1.18654
 0.47834 0.310334  1.19024 0.480752 0.306761  1.18654
 0.47834 0.310334  1.19024 0.480752 0.306761  1.18654
 0.47834 0.310334  1.19024 0.480752 0.306761  1.18654
 0.47834 0.310334  1.19024 0.480752 0.306761  1.18654
 0.47834 0.310334  1.19024 0.480752  0.30676  1.18654
 0.47834 0.310334  1.19024 0.480752  0.30676  1.18654
 0.47834 0.310334  1.19024 0.480752  0.30676  1.18654
 0.47834 0.310334  1.19024 0.480752  0.30676  1.18654
 0.47834 0.310334  1.19024 0.480752  0.30676  1.18654
 0.47834 0.310334  1.19024 0.480752  0.30676  1.18654
 0.47834 0.310334  1.19024 0.480753 0.306759  1.18654
 0.47834 0.310334  1.19024 0.480753 0.306759  1.18654
 0.47834 0.310334  1.19024 0.480753 0.306759  1.18654
 0.47834 0.310334  1.19024 0.480753 0.306759  1.18654
 0.47834 0.310334  1.19024 0.480753 0.306759  1.18654
 0.47834 0.310334  1.19024 0.480753 0.306758  1.18654
 0.47834 0.310334  1.19024 0.480753 0.306758  1.18654
 0.47834 0.310334  1.19024 0.480753 0.306758  1.18654
 0.47834 0.310334  1.19024 0.480753 0.306758  1.18654
 0.47834 0.310334  1.19024 0.480753 0.306758  1.18654
 0.47834 0.310334  1.19024 0.480753 0.306758  1.18654
 0.47834 0.310334  1.19024 0.480753 0.306757  1.18654
 0.47834 0.310334  1.19024 0.480753 0.306757  1.18654
 0.47834 0.310334  1.19024 0.480753 0.306757  1.18654
 0.47834 0.310334  1.19024 0.480753 0.306757  1.18654
 0.47834 0.310334  1.19024 0.480754 0.306757  1.18654
 0.47834 0.310334  1.19024 0.480754 0.306757  1.18654
 0.47834 0.310334  1.19024 0.480754 0.306757  1.18654
 0.47834 0.310334  1.19024 0.480754 0.306757  1.18654
 0.47834 0.310334  1.19024 0.480754 0.306756  1.18654
 0.47834 0.310334  1.19024 0.480754 0.306756  1.18654
 0.47834 0.310334  1.19024 0.480754 0.306756  1.18654
 0.47834 0.310334  1.19024 0.480754 0.306756  1.18654
 0.47834 0.310334  1.19024 0.480754 0.306756  1.18654
 0.47834 0.310334  1.19024 0.480754 0.306756  1.18654
 0.47834 0.310334  1.19024 0.480754 0.306756  1.18654
 0.47834 0.310334  1.19024 0.480754 0.306755  1.18654
 0.47834 0.310334  1.19024 0.480754 0.306755  1.18654
 0.47834 0.310334  1.19024 0.480754 0.306755  1.18654
 0.47834 0.310334  1.19024 0.480754 0.306755  1.18654
 0.47834 0.310334  1.19024 0.480754 0.306755  1.18654
 0.47834 0.310334  1.19024 0.480755 0.306755  1.18654
 0.47834 0.310334  1.19024 0.480755 0.306755  1.18654
 0.47834 0.310334  1.19024 0.480755 0.306755  1.18654
 0.47834 0.310334  1.19024 0.480755 0.306755  1.18654
 0.47834 0.310334  1.19024 0.480755 0.306754  1.18654
 0.47834 0.310334  1.19024 0.480755 0.306754  1.18654
 0.47834 0.310334  1.19024 0.480755 0.306754  1.18654
 0.47834 0.310334  1.19024 0.480755 0.306754  1.18654
 0.47834 0.310334  1.19024 0.480755 0.306754  1.18654
 0.47834 0.310334  1.19024 0.480755 0.306754  1.18654
 0.47834 0.310334  1.19024 0.480755 0.306754  1.18654
 0.47834 0.310334  1.19024 0.480755 0.306754  1.18654
 0.47834 0.310334  1.19024 0.480755 0.306754  1.18654
 0.47834 0.310334  1.19024 0.480755 0.306754  1.18654
 0.47834 0.310334  1.19024 0.480756 0.306754  1.18654
 0.47834 0.310334  1.19024 0.480756 0.306754  1.18654
 0.47834 0.310334  1.19024 0.480756 0.306753  1.18654
 0.47834 0.310334  1.19024 0.480756 0.306753  1.18654
 0.47834 0.310334  1.19024 0.480756 0.306753  1.18654
 0.47834 0.310334  1.19024 0.480756 0.306753  1.18654
 0.47834 0.310334  1.19024 0.480756 0.306753  1.18654
 0.47834 0.310334  1.19024 0.480756 0.306753  1.18654
 0.47834 0.310334  1.19024 0.480756 0.306753  1.18654
 0.47834 0.310334  1.19024 0.480756 0.306753  1.18654
 0.47834 0.310334  1.19024 0.480756 0.306753  1.18654
 0.47834 0.310334  1.19024 0.480756 0.306753  1.18654
 0.47834 0.310334  1.19024 0.480756 0.306753  1.18654
 0.47834 0.310334  1.19024 0.480756 0.306753  1.18654
 0.47834 0.310334  1.19024 0.480756 0.306753  1.18654
 0.47834 0.310334  1.19024 0.480757 0.306753  1.18654
 0.47834 0.310334  1.19024 0.480756 0.306753  1.18654
 0.47834 0.310334  1.19024 0.480757 0.306753  1.18654
 0.47834 0.310334  1.19024 0.480757 0.306752  1.18654
 0.47834 0.310334  1.19024 0.480757 0.306752  1.18654
 0.47834 0.310334  1.19024 0.480757 0.306752  1.18654
 0.47834 0.310334  1.19024 0.480757 0.306752  1.18654
 0.47834 0.310334  1.19024 0.480757 0.306752  1.18654
 0.47834 0.310334  1.19024 0.480757 0.306752  1.18654
 0.47834 0.310334  1.19024 0.480757 0.306752  1.18654
 0.47834 0.310334  1.19024 0.480757 0.306752  1.18654
 0.47834 0.310334  1.19024 0.480757 0.306752  1.18654
 0.47834 0.310334  1.19024 0.480757 0.306752  1.18654
 0.47834 0.310334  1.19024 0.480757 0.306752  1.18654
 0.47834 0.310334  1.19024 0.480757 0.306752  1.18654
 0.47834 0.310334  1.19024 0.480757 0.306752  1.18654
 0.47834 0.310334  1.19024 0.480758 0.306752  1.18654
 0.47834 0.310334  1.19024 0.480758 0.306752  1.18654
 0.47834 0.310334  1.19024 0.480758 0.306752  1.18654
 0.47834 0.310334  1.19024 0.480758 0.306752  1.18654
 0.47834 0.310334  1.19024 0.480758 0.306752  1.18654
 0.47834 0.310334  1.19024 0.480758 0.306752  1.18654
 0.47834 0.310334  1.19024 0.480758 0.306752  1.18654
 0.47834 0.310334  1.19024 0.480758 0.306752  1.18654
 0.47834 0.310334  1.19024 0.480758 0.306752  1.18654
 0.47834 0.310334  1.19024 0.480758 0.306752  1.18654
 0.47834 0.310334  1.19024 0.480758 0.306752  1.18654
 0.47834 0.310334  1.19024 0.480759 0.306752  1.18654
 0.47834 0.310334  1.19024 0.480759 0.306752  1.18654
 0.47834 0.310334  1.19024 0.480759 0.306752  1.18654
 0.47834 0.310334  1.19024 0.480759 0.306752  1.18654
 0.47834 0.310334  1.19024 0.480759 0.306752  1.18654
 0.47834 0.310334  1.19024 0.480759 0.306752  1.18654
 0.47834 0.310334  1.19024 0.480759 0.306752  1.18654
 0.47834 0.310334  1.19024 0.480759 0.306752  1.18654
 0.47834 0.310334  1.19024 0.480759 0.306752  1.18654
 0.47834 0.310334  1.19024 0.480759 0.306752  1.18654
 0.47834 0.310334  1.19024 0.480759 0.306752  1.18654
 0.47834 0.310334  1.19024 0.480759 0.306752  1.18654
 0.47834 0.310334  1.19024 0.480759 0.306752  1.18654
 0.47834 0.310334  1.19024  0.48076 0.306752  1.18654
 0.47834 0.310334  1.19024  0.48076 0.306752  1.18654
 0.47834 0.310334  1.19024  0.48076 0.306752  1.18654
 0.47834 0.310334  1.19024  0.48076 0.306752  1.18654
 0.47834 0.310334  1.19024  0.48076 0.306752  1.18654
 0.47834 0.310334  1.19024  0.48076 0.306752  1.18654
 0.47834 0.310334  1.19024  0.48076 0.306752  1.18654
 0.47834 0.310334  1.19024  0.48076 0.306752  1.18654
 0.47834 0.310334  1.19024  0.48076 0.306752  1.18654
 0.47834 0.310334  1.19024  0.48076 0.306752  1.18654
 0.47834 0.310334  1.19024  0.48076 0.306752  1.18654
 0.47834 0.310334  1.19024  0.48076 0.306752  1.18654
 0.47834 0.310334  1.19024  0.48076 0.306752  1.18654
 0.47834 0.310334  1.19024  0.48076 0.306752  1.18654
 0.47834 0.310334  1.19024  0.48076 0.306753  1.18654
 0.47834 0.310334  1.19024 0.480761 0.306753  1.18654
 0.47834 0.310334  1.19024 0.480761 0.306753  1.18654
 0.47834 0.310334  1.19024 0.480761 0.306753  1.18654
 0.47834 0.310334  1.19024 0.480761 0.306753  1.18654
 0.47834 0.310334  1.19024 0.480761 0.306753  1.18654
 0.47834 0.310334  1.19024 0.480761 0.306753  1.18654
 0.47834 0.310334  1.19024 0.480761 0.306753  1.18654
 0.47834 0.310334  1.19024 0.480761 0.306753  1.18654
 0.47834 0.310334  1.19024 0.480761 0.306753  1.18654
 0.47834 0.310334  1.19024 0.480761 0.306753  1.18654
 0.47834 0.310334  1.19024 0.480761 0.306753  1.18654
 0.47834 0.310334  1.19024 0.480761 0.306753  1.18654
 0.47834 0.310334  1.19024 0.480762 0.306753  1.18654
 0.47834 0.310334  1.19024 0.480762 0.306753  1.18654
 0.47834 0.310334  1.19024 0.480762 0.306753  1.18654
 0.47834 0.310334  1.19024 0.480762 0.306753  1.18654
 0.47834 0.310334  1.19024 0.480762 0.306753  1.18654
 0.47834 0.310334  1.19024 0.480762 0.306753  1.18654
 0.47834 0.310334  1.19024 0.480762 0.306753  1.18654
 0.47834 0.310334  1.19024 0.480762 0.306754  1.18654
 0.47834 0.310334  1.19024 0.480762 0.306754  1.18654
 0.47834 0.310334  1.19024 0.480762 0.306754  1.18654
 0.47834 0.310334  1.19024 0.480762 0.306754  1.18654
 0.47834 0.310334  1.19024 0.480762 0.306754  1.18654
 0.47834 0.310334  1.19024 0.480762 0.306754  1.18654
 0.47834 0.310334  1.19024 0.480763 0.306754  1.18654
 0.47834 0.310334  1.19024 0.480763 0.306754  1.18654
 0.47834 0.310334  1.19024 0.480763 0.306754  1.18654
 0.47834 0.310334  1.19024 0.480763 0.306754  1.18654
 0.47834 0.310334  1.19024 0.480763 0.306754  1.18654
 0.47834 0.310334  1.19024 0.480763 0.306754  1.18654
 0.47834 0.310334  1.19024 0.480763 0.306754  1.18654
 0.47834 0.310334  1.19024 0.480763 0.306754  1.18654
 0.47834 0.310334  1.19024 0.480763 0.306754  1.18654
 0.47834 0.310334  1.19024 0.480763 0.306755  1.18654
 0.47834 0.310334  1.19024 0.480763 0.306755  1.18654
 0.47834 0.310334  1.19024 0.480763 0.306755  1.18654
 0.47834 0.310334  1.19024 0.480763 0.306755  1.18654
 0.47834 0.310334  1.19024 0.480763 0.306755  1.18654
 0.47834 0.310334  1.19024 0.480764 0.306755  1.18654
 0.47834 0.310334  1.19024 0.480764 0.306755  1.18654
 0.47834 0.310334  1.19024 0.480764 0.306755  1.18654
 0.47834 0.310334  1.19024 0.480764 0.306755  1.18654
 0.47834 0.310334  1.19024 0.480764 0.306755  1.18654
 0.47834 0.310334  1.19024 0.480764 0.306755  1.18654
 0.47834 0.310334  1.19024 0.480764 0.306755  1.18654
 0.47834 0.310334  1.19024 0.480764 0.306755  1.18654
 0.47834 0.310334  1.19024 0.480764 0.306756  1.18654
 0.47834 0.310334  1.19024 0.480764 0.306756  1.18654
 0.47834 0.310334  1.19024 0.480764 0.306756  1.18654
 0.47834 0.310334  1.19024 0.480764 0.306756  1.18654
 0.47834 0.310334  1.19024 0.480764 0.306756  1.18654
 0.47834 0.310334  1.19024 0.480764 0.306756  1.18654
 0.47834 0.310334  1.19024 0.480765 0.306756  1.18654
 0.47834 0.310334  1.19024 0.480765 0.306756  1.18654
 0.47834 0.310334  1.19024 0.480765 0.306756  1.18654
 0.47834 0.310334  1.19024 0.480765 0.306756  1.18654
 0.47834 0.310334  1.19024 0.480765 0.306756  1.18654
 0.47834 0.310334  1.19024 0.480765 0.306756  1.18654
 0.47834 0.310334  1.19024 0.480765 0.306757  1.18654
 0.47834 0.310334  1.19024 0.480765 0.306757  1.18654
 0.47834 0.310334  1.19024 0.480765 0.306757  1.18654
 0.47834 0.310334  1.19024 0.480765 0.306757  1.18654
 0.47834 0.310334  1.19024 0.480766 0.306757  1.18654
 0.47834 0.310334  1.19024 0.480766 0.306757  1.18654
 0.47834 0.310334  1.19024 0.480766 0.306757  1.18654
 0.47834 0.310334  1.19024 0.480766 0.306757  1.18654
 0.47834 0.310334  1.19024 0.480766 0.306757  1.18654
 0.47834 0.310334  1.19024 0.480766 0.306757  1.18654
 0.47834 0.310334  1.19024 0.480766 0.306757  1.18654
 0.47834 0.310334  1.19024 0.480766 0.306758  1.18654
 0.47834 0.310334  1.19024 0.480766 0.306758  1.18654
 0.47834 0.310334  1.19024 0.480766 0.306758  1.18654
 0.47834 0.310334  1.19024 0.480766 0.306758  1.18654
 0.47834 0.310334  1.19024 0.480766 0.306758  1.18654
 0.47834 0.310334  1.19024 0.480766 0.306758  1.18654
 0.47834 0.310334  1.19024 0.480766 0.306758  1.18654
 0.47834 0.310334  1.19024 0.480766 0.306758  1.18654
 0.47834 0.310334  1.19024 0.480767 0.306758  1.18654
 0.47834 0.310334  1.19024 0.480767 0.306758  1.18654
 0.47834 0.310334  1.19024 0.480767 0.306758  1.18654
 0.47834 0.310334  1.19024 0.480767 0.306758  1.18654
 0.47834 0.310334  1.19024 0.480767 0.306759  1.18654
 0.47834 0.310334  1.19024 0.480767 0.306759  1.18654
 0.47834 0.310334  1.19024 0.480767 0.306759  1.18654
 0.47834 0.310334  1.19024 0.480767 0.306759  1.18654
 0.47834 0.310334  1.19024 0.480767 0.306759  1.18654
 0.47834 0.310334  1.19024 0.480767 0.306759  1.18654
 0.47834 0.310334  1.19024 0.480767 0.306759  1.18654
 0.47834 0.310334  1.19024 0.480768 0.306759  1.18654
 0.47834 0.310334  1.19024 0.480768 0.306759  1.18654
 0.47834 0.310334  1.19024 0.480768 0.306759  1.18654
 0.47834 0.310334  1.19024 0.480768 0.306759  1.18654
 0.47834 0.310334  1.19024 0.480768 0.306759  1.18654
 0.47834 0.310334  1.19024 0.480768  0.30676  1.18654
 0.47834 0.310334  1.19024 0.480768  0.30676  1.18654
 0.47834 0.310334  1.19024 0.480768  0.30676  1.18654
 0.47834 0.310334  1.19024 0.480768  0.30676  1.18654
 0.47834 0.310334  1.19024 0.480768  0.30676  1.18654
 0.47834 0.310334  1.19024 0.480768  0.30676  1.18654
 0.47834 0.310334  1.19024 0.480768  0.30676  1.18654
 0.47834 0.310334  1.19024 0.480768  0.30676  1.18654
 0.47834 0.310334  1.19024 0.480768  0.30676  1.18654
 0.47834 0.310334  1.19024 0.480769  0.30676  1.18654
 0.47834 0.310334  1.19024 0.480769  0.30676  1.18654
 0.47834 0.310334  1.19024 0.480769  0.30676  1.18654
 0.47834 0.310334  1.19024 0.480769 0.306761  1.18654
 0.47834 0.310334  1.19024 0.480769 0.306761  1.18654
 0.47834 0.310334  1.19024 0.480769 0.306761  1.18654
 0.47834 0.310334  1.19024 0.480769 0.306761  1.18654
 0.47834 0.310334  1.19024 0.480769 0.306761  1.18654
 0.47834 0.310334  1.19024 0.480769 0.306761  1.18654
 0.47834 0.310334  1.19024 0.480769 0.306761  1.18654
 0.47834 0.310334  1.19024 0.480769 0.306761  1.18654
 0.47834 0.310334  1.19024 0.480769 0.306761  1.18654
 0.47834 0.310334  1.19024 0.480769 0.306761  1.18654
 0.47834 0.310334  1.19024  0.48077 0.306761  1.18654
 0.47834 0.310334  1.19024  0.48077 0.306761  1.18654
 0.47834 0.310334  1.19024  0.48077 0.306761  1.18654
 0.47834 0.310334  1.19024  0.48077 0.306761  1.18654
 0.47834 0.310334  1.19024  0.48077 0.306762  1.18654
 0.47834 0.310334  1.19024  0.48077 0.306762  1.18654
 0.47834 0.310334  1.19024  0.48077 0.306762  1.18654
 0.47834 0.310334  1.19024  0.48077 0.306762  1.18654
 0.47834 0.310334  1.19024  0.48077 0.306762  1.18654
 0.47834 0.310334  1.19024  0.48077 0.306762  1.18654
 0.47834 0.310334  1.19024  0.48077 0.306762  1.18654
 0.47834 0.310334  1.19024  0.48077 0.306762  1.18654
 0.47834 0.310334  1.19024 0.480771 0.306762  1.18654
 0.47834 0.310334  1.19024 0.480771 0.306762  1.18654
 0.47834 0.310334  1.19024 0.480771 0.306762  1.18654
 0.47834 0.310334  1.19024 0.480771 0.306762  1.18654
 0.47834 0.310334  1.19024 0.480771 0.306762  1.18654
 0.47834 0.310334  1.19024 0.480771 0.306763  1.18654
 0.47834 0.310334  1.19024 0.480771 0.306763  1.18654
 0.47834 0.310334  1.19024 0.480771 0.306763  1.18654
 0.47834 0.310334  1.19024 0.480771 0.306763  1.18654
 0.47834 0.310334  1.19024 0.480771 0.306763  1.18654
 0.47834 0.310334  1.19024 0.480771 0.306763  1.18654
 0.47834 0.310334  1.19024 0.480771 0.306763  1.18654
 0.47834 0.310334  1.19024 0.480771 0.306763  1.18654
 0.47834 0.310334  1.19024 0.480772 0.306763  1.18654
 0.47834 0.310334  1.19024 0.480771 0.306763  1.18654
 0.47834 0.310334  1.19024 0.480772 0.306763  1.18654
 0.47834 0.310334  1.19024 0.480772 0.306763  1.18654
 0.47834 0.310334  1.19024 0.480772 0.306763  1.18654
 0.47834 0.310334  1.19024 0.480772 0.306763  1.18654
 0.47834 0.310334  1.19024 0.480772 0.306763  1.18654
 0.47834 0.310334  1.19024 0.480772 0.306763  1.18654
 0.47834 0.310334  1.19024 0.480772 0.306763  1.18654
 0.47834 0.310334  1.19024 0.480772 0.306763  1.18654
 0.47834 0.310334  1.19024 0.480772 0.306764  1.18654
 0.47834 0.310334  1.19024 0.480772 0.306764  1.18654
 0.47834 0.310334  1.19024 0.480773 0.306764  1.18654
 0.47834 0.310334  1.19024 0.480773 0.306764  1.18654
 0.47834 0.310334  1.19024 0.480773 0.306764  1.18654
 0.47834 0.310334  1.19024 0.480773 0.306764  1.18654
 0.47834 0.310334  1.19024 0.480773 0.306764  1.18654
 0.47834 0.310334  1.19024 0.480773 0.306764  1.18654
 0.47834 0.310334  1.19024 0.480773 0.306764  1.18654
 0.47834 0.310334  1.19024 0.480773 0.306764  1.18654
 0.47834 0.310334  1.19024 0.480773 0.306764  1.18654
 0.47834 0.310334  1.19024 0.480773 0.306764  1.18654
 0.47834 0.310334  1.19024 0.480773 0.306764  1.18654
 0.47834 0.310334  1.19024 0.480773 0.306764  1.18654
 0.47834 0.310334  1.19024 0.480773 0.306764  1.18654
 0.47834 0.310334  1.19024 0.480773 0.306764  1.18654
 0.47834 0.310334  1.19024 0.480773 0.306764  1.18654
 0.47834 0.310334  1.19024 0.480774 0.306764  1.18654
 0.47834 0.310334  1.19024 0.480774 0.306764  1.18654
 0.47834 0.310334  1.19024 0.480774 0.306764  1.18654
 0.47834 0.310334  1.19024 0.480774 0.306764  1.18654
 0.47834 0.310334  1.19024 0.480774 0.306764  1.18654
 0.47834 0.310334  1.19024 0.480774 0.306764  1.18654
 0.47834 0.310334  1.19024 0.480774 0.306764  1.18654
 0.47834 0.310334  1.19024 0.480774 0.306764  1.18654
 0.47834 0.310334  1.19024 0.480774 0.306764  1.18654
 0.47834 0.310334  1.19024 0.480774 0.306764  1.18654
 0.47834 0.310334  1.19024 0.480774 0.306764  1.18654
 0.47834 0.310334  1.19024 0.480774 0.306764  1.18654
 0.47834 0.310334  1.19024 0.480775 0.306764  1.18654
 0.47834 0.310334  1.19024 0.480775 0.306764  1.18654
 0.47834 0.310334  1.19024 0.480775 0.306764  1.18654
 0.47834 0.310334  1.19024 0.480775 0.306764  1.18654
 0.47834 0.310334  1.19024 0.480775 0.306764  1.18654
 0.47834 0.310334  1.19024 0.480775 0.306764  1.18654
 0.47834 0.310334  1.19024 0.480775 0.306764  1.18654
 0.47834 0.310334  1.19024 0.480775 0.306764  1.18654
 0.47834 0.310334  1.19024 0.480775 0.306764  1.18654
 0.47834 0.310334  1.19024 0.480775 0.306764  1.18654
 0.47834 0.310334  1.19024 0.480775 0.306764  1.18654
 0.47834 0.310334  1.19024 0.480775 0.306764  1.18654
 0.47834 0.310334  1.19024 0.480775 0.306764  1.18654
 0.47834 0.310334  1.19024 0.480775 0.306764  1.18654
 0.47834 0.310334  1.19024 0.480775 0.306764  1.18654
 0.47834 0.310334  1.19024 0.480776 0.306764  1.18654
 0.47834 0.310334  1.19024 0.480776 0.306764  1.18654
 0.47834 0.310334  1.19024 0.480776 0.306765  1.18654
 0.47834 0.310334  1.19024 0.480776 0.306765  1.18654
 0.47834 0.310334  1.19024 0.480776 0.306765  1.18654
 0.47834 0.310334  1.19024 0.480776 0.306764  1.18654
 0.47834 0.310334  1.19024 0.480776 0.306764  1.18654
 0.47834 0.310334  1.19024 0.480776 0.306764  1.18654
 0.47834 0.310334  1.19024 0.480776 0.306764  1.18654
 0.47834 0.310334  1.19024 0.480776 0.306764  1.18654
 0.47834 0.310334  1.19024 0.480776 0.306764  1.18654
 0.47834 0.310334  1.19024 0.480776 0.306764  1.18654
 0.47834 0.310334  1.19024 0.480776 0.306764  1.18654
 0.47834 0.310334  1.19024 0.480777 0.306764  1.18654
 0.47834 0.310334  1.19024 0.480776 0.306764  1.18654
 0.47834 0.310334  1.19024 0.480777 0.306764  1.18654
 0.47834 0.310334  1.19024 0.480777 0.306764  1.18654
 0.47834 0.310334  1.19024 0.480777 0.306764  1.18654
 0.47834 0.310334  1.19024 0.480777 0.306764  1.18654
 0.47834 0.310334  1.19024 0.480777 0.306764  1.18654
 0.47834 0.310334  1.19024 0.480777 0.306764  1.18654
 0.47834 0.310334  1.19024 0.480777 0.306764  1.18654
 0.47834 0.310334  1.19024 0.480777 0.306764  1.18654
 0.47834 0.310334  1.19024 0.480777 0.306764  1.18654
 0.47834 0.310334  1.19024 0.480777 0.306764  1.18654
 0.47834 0.310334  1.19024 0.480777 0.306764  1.18654
 0.47834 0.310334  1.19024 0.480777 0.306764  1.18654
 0.47834 0.310334  1.19024 0.480778 0.306764  1.18654
 0.47834 0.310334  1.19024 0.480777 0.306764  1.18654
 0.47834 0.310334  1.19024 0.480778 0.306764  1.18654
 0.47834 0.310334  1.19024 0.480778 0.306764  1.18654
 0.47834 0.310334  1.19024 0.480778 0.306764  1.18654
 0.47834 0.310334  1.19024 0.480778 0.306764  1.18654
 0.47834 0.310334  1.19024 0.480778 0.306764  1.18654
 0.47834 0.310334  1.19024 0.480778 0.306764  1.18654
 0.47834 0.310334  1.19024 0.480778 0.306764  1.18654
 0.47834 0.310334  1.19024 0.480778 0.306764  1.18654
 0.47834 0.310334  1.19024 0.480778 0.306763  1.18654
 0.47834 0.310334  1.19024 0.480778 0.306763  1.18654
 0.47834 0.310334  1.19024 0.480778 0.306763  1.18654
 0.47834 0.310334  1.19024 0.480778 0.306763  1.18654
 0.47834 0.310334  1.19024 0.480778 0.306763  1.18654
 0.47834 0.310334  1.19024 0.480778 0.306763  1.18654
 0.47834 0.310334  1.19024 0.480778 0.306763  1.18654
 0.47834 0.310334  1.19024 0.480779 0.306763  1.18654
 0.47834 0.310334  1.19024 0.480779 0.306763  1.18654
 0.47834 0.310334  1.19024 0.480779 0.306763  1.18654
 0.47834 0.310334  1.19024 0.480779 0.306763  1.18654
 0.47834 0.310334  1.19024 0.480779 0.306763  1.18654
 0.47834 0.310334  1.19024 0.480779 0.306763  1.18654
 0.47834 0.310334  1.19024 0.480779 0.306763  1.18654
 0.47834 0.310334  1.19024 0.480779 0.306763  1.18654
 0.47834 0.310334  1.19024 0.480779 0.306763  1.18654
 0.47834 0.310334  1.19024 0.480779 0.306762  1.18654
 0.47834 0.310334  1.19024 0.480779 0.306762  1.18654
 0.47834 0.310334  1.19024 0.480779 0.306762  1.18654
 0.47834 0.310334  1.19024 0.480779 0.306762  1.18654
 0.47834 0.310334  1.19024 0.480779 0.306762  1.18654
 0.47834 0.310334  1.19024  0.48078 0.306762  1.18654
 0.47834 0.310334  1.19024  0.48078 0.306762  1.18654
 0.47834 0.310334  1.19024  0.48078 0.306762  1.18654
 0.47834 0.310334  1.19024  0.48078 0.306762  1.18654
 0.47834 0.310334  1.19024  0.48078 0.306762  1.18654
 0.47834 0.310334  1.19024  0.48078 0.306762  1.18654
 0.47834 0.310334  1.19024  0.48078 0.306762  1.18654
 0.47834 0.310334  1.19024  0.48078 0.306762  1.18654
 0.47834 0.310334  1.19024  0.48078 0.306761  1.18654
 0.47834 0.310334  1.19024  0.48078 0.306761  1.18654
 0.47834 0.310334  1.19024  0.48078 0.306761  1.18654
 0.47834 0.310334  1.19024  0.48078 0.306761  1.18654
 0.47834 0.310334  1.19024  0.48078 0.306761  1.18654
 0.47834 0.310334  1.19024  0.48078 0.306761  1.18654
 0.47834 0.310334  1.19024  0.48078 0.306761  1.18654
 0.47834 0.310334  1.19024  0.48078 0.306761  1.18654
 0.47834 0.310334  1.19024  0.48078 0.306761  1.18654
 0.47834 0.310334  1.19024 0.48078 0.30676 1.18654
 0.47834 0.310334  1.19024 0.480781  0.30676  1.18654
 0.47834 0.310334  1.19024 0.480781  0.30676  1.18654
 0.47834 0.310334  1.19024 0.480781  0.30676  1.18654
 0.47834 0.310334  1.19024 0.480781  0.30676  1.18654
 0.47834 0.310334  1.19024 0.480781  0.30676  1.18654
 0.47834 0.310334  1.19024 0.480781  0.30676  1.18654
 0.47834 0.310334  1.19024 0.480781  0.30676  1.18654
 0.47834 0.310334  1.19024 0.480781  0.30676  1.18654
 0.47834 0.310334  1.19024 0.480781  0.30676  1.18654
 0.47834 0.310334  1.19024 0.480781 0.306759  1.18654
 0.47834 0.310334  1.19024 0.480781 0.306759  1.18654
 0.47834 0.310334  1.19024 0.480781 0.306759  1.18654
 0.47834 0.310334  1.19024 0.480781 0.306759  1.18654
 0.47834 0.310334  1.19024 0.480781 0.306759  1.18654
 0.47834 0.310334  1.19024 0.480781 0.306759  1.18654
 0.47834 0.310334  1.19024 0.480782 0.306759  1.18654
 0.47834 0.310334  1.19024 0.480782 0.306759  1.18654
 0.47834 0.310334  1.19024 0.480782 0.306758  1.18654
 0.47834 0.310334  1.19024 0.480782 0.306758  1.18654
 0.47834 0.310334  1.19024 0.480782 0.306758  1.18654
 0.47834 0.310334  1.19024 0.480782 0.306758  1.18654
 0.47834 0.310334  1.19024 0.480782 0.306758  1.18654
 0.47834 0.310334  1.19024 0.480782 0.306758  1.18654
 0.47834 0.310334  1.19024 0.480782 0.306758  1.18654
 0.47834 0.310334  1.19024 0.480782 0.306758  1.18654
 0.47834 0.310334  1.19024 0.480782 0.306757  1.18654
 0.47834 0.310334  1.19024 0.480782 0.306757  1.18654
 0.47834 0.310334  1.19024 0.480782 0.306757  1.18654
 0.47834 0.310334  1.19024 0.480782 0.306757  1.18654
 0.47834 0.310334  1.19024 0.480782 0.306757  1.18654
 0.47834 0.310334  1.19024 0.480782 0.306757  1.18654
 0.47834 0.310334  1.19024 0.480783 0.306757  1.18654
 0.47834 0.310334  1.19024 0.480783 0.306757  1.18654
 0.47834 0.310334  1.19024 0.480783 0.306756  1.18654
 0.47834 0.310334  1.19024 0.480783 0.306756  1.18654
 0.47834 0.310334  1.19024 0.480783 0.306756  1.18654
 0.47834 0.310334  1.19024 0.480783 0.306756  1.18654
 0.47834 0.310334  1.19024 0.480783 0.306756  1.18654
 0.47834 0.310334  1.19024 0.480783 0.306756  1.18654
 0.47834 0.310334  1.19024 0.480783 0.306755  1.18654
 0.47834 0.310334  1.19024 0.480783 0.306755  1.18654
 0.47834 0.310334  1.19024 0.480783 0.306755  1.18654
 0.47834 0.310334  1.19024 0.480783 0.306755  1.18654
 0.47834 0.310334  1.19024 0.480783 0.306755  1.18654
 0.47834 0.310334  1.19024 0.480783 0.306755  1.18654
 0.47834 0.310334  1.19024 0.480783 0.306754  1.18654
 0.47834 0.310334  1.19024 0.480783 0.306754  1.18654
 0.47834 0.310334  1.19024 0.480783 0.306754  1.18654
 0.47834 0.310334  1.19024 0.480783 0.306754  1.18654
 0.47834 0.310334  1.19024 0.480783 0.306754  1.18654
 0.47834 0.310334  1.19024 0.480783 0.306754  1.18654
 0.47834 0.310334  1.19024 0.480784 0.306753  1.18654
 0.47834 0.310334  1.19024 0.480784 0.306753  1.18654
 0.47834 0.310334  1.19024 0.480784 0.306753  1.18654
 0.47834 0.310334  1.19024 0.480784 0.306753  1.18654
 0.47834 0.310334  1.19024 0.480784 0.306753  1.18654
 0.47834 0.310334  1.19024 0.480784 0.306753  1.18654
 0.47834 0.310334  1.19024 0.480784 0.306752  1.18654
 0.47834 0.310334  1.19024 0.480784 0.306752  1.18654
 0.47834 0.310334  1.19024 0.480784 0.306752  1.18654
 0.47834 0.310334  1.19024 0.480784 0.306752  1.18654
 0.47834 0.310334  1.19024 0.480784 0.306752  1.18654
 0.47834 0.310334  1.19024 0.480784 0.306752  1.18654
 0.47834 0.310334  1.19024 0.480784 0.306751  1.18654
 0.47834 0.310334  1.19024 0.480785 0.306751  1.18654
 0.47834 0.310334  1.19024 0.480785 0.306751  1.18654
 0.47834 0.310334  1.19024 0.480785 0.306751  1.18654
 0.47834 0.310334  1.19024 0.480785 0.306751  1.18654
 0.47834 0.310334  1.19024 0.480785  0.30675  1.18654
 0.47834 0.310334  1.19024 0.480785  0.30675  1.18654
 0.47834 0.310334  1.19024 0.480785  0.30675  1.18654
 0.47834 0.310334  1.19024 0.480785  0.30675  1.18654
 0.47834 0.310334  1.19024 0.480785  0.30675  1.18654
 0.47834 0.310334  1.19024 0.480785 0.306749  1.18654
 0.47834 0.310334  1.19024 0.480785 0.306749  1.18654
 0.47834 0.310334  1.19024 0.480785 0.306749  1.18654
 0.47834 0.310334  1.19024 0.480785 0.306749  1.18654
 0.47834 0.310334  1.19024 0.480785 0.306749  1.18654
 0.47834 0.310334  1.19024 0.480785 0.306748  1.18654
 0.47834 0.310334  1.19024 0.480785 0.306748  1.18654
 0.47834 0.310334  1.19024 0.480785 0.306748  1.18654
 0.47834 0.310334  1.19024 0.480785 0.306748  1.18654
 0.47834 0.310334  1.19024 0.480785 0.306748  1.18654
 0.47834 0.310334  1.19024 0.480785 0.306747  1.18654
 0.47834 0.310334  1.19024 0.480786 0.306747  1.18654
 0.47834 0.310334  1.19024 0.480786 0.306747  1.18654
 0.47834 0.310334  1.19024 0.480786 0.306747  1.18654
 0.47834 0.310334  1.19024 0.480786 0.306747  1.18654
 0.47834 0.310334  1.19024 0.480786 0.306747  1.18654
 0.47834 0.310334  1.19024 0.480786 0.306746  1.18654
 0.47834 0.310334  1.19024 0.480786 0.306746  1.18654
 0.47834 0.310334  1.19024 0.480786 0.306746  1.18654
 0.47834 0.310334  1.19024 0.480786 0.306746  1.18654
 0.47834 0.310334  1.19024 0.480786 0.306745  1.18654
 0.47834 0.310334  1.19024 0.480786 0.306745  1.18654
 0.47834 0.310334  1.19024 0.480786 0.306745  1.18654
 0.47834 0.310334  1.19024 0.480786 0.306745  1.18654
 0.47834 0.310334  1.19024 0.480786 0.306745  1.18654
 0.47834 0.310334  1.19024 0.480786 0.306744  1.18654
 0.47834 0.310334  1.19024 0.480786 0.306744  1.18654
 0.47834 0.310334  1.19024 0.480786 0.306744  1.18654
 0.47834 0.310334  1.19024 0.480786 0.306744  1.18654
 0.47834 0.310334  1.19024 0.480787 0.306743  1.18654
 0.47834 0.310334  1.19024 0.480787 0.306743  1.18654
 0.47834 0.310334  1.19024 0.480786 0.306743  1.18654
 0.47834 0.310334  1.19024 0.480787 0.306743  1.18654
 0.47834 0.310334  1.19024 0.480787 0.306742  1.18654
 0.47834 0.310334  1.19024 0.480787 0.306742  1.18654
 0.47834 0.310334  1.19024 0.480787 0.306742  1.18654
 0.47834 0.310334  1.19024 0.480787 0.306742  1.18654
 0.47834 0.310334  1.19024 0.480787 0.306742  1.18654
 0.47834 0.310334  1.19024 0.480787 0.306741  1.18654
 0.47834 0.310334  1.19024 0.480787 0.306741  1.18654
 0.47834 0.310334  1.19024 0.480787 0.306741  1.18654
 0.47834 0.310334  1.19024 0.480787 0.306741  1.18654
 0.47834 0.310334  1.19024 0.480787  0.30674  1.18654
 0.47834 0.310334  1.19024 0.480787  0.30674  1.18654
 0.47834 0.310334  1.19024 0.480787  0.30674  1.18654
 0.47834 0.310334  1.19024 0.480787  0.30674  1.18654
 0.47834 0.310334  1.19024 0.480787  0.30674  1.18654
 0.47834 0.310334  1.19024 0.480787 0.306739  1.18654
 0.47834 0.310334  1.19024 0.480788 0.306739  1.18654
 0.47834 0.310334  1.19024 0.480788 0.306739  1.18654
 0.47834 0.310334  1.19024 0.480788 0.306739  1.18654
 0.47834 0.310334  1.19024 0.480788 0.306738  1.18654
 0.47834 0.310334  1.19024 0.480788 0.306738  1.18654
 0.47834 0.310334  1.19024 0.480788 0.306738  1.18654
 0.47834 0.310334  1.19024 0.480788 0.306738  1.18654
 0.47834 0.310334  1.19024 0.480788 0.306737  1.18654
 0.47834 0.310334  1.19024 0.480788 0.306737  1.18654
 0.47834 0.310334  1.19024 0.480788 0.306737  1.18654
 0.47834 0.310334  1.19024 0.480788 0.306737  1.18654
 0.47834 0.310334  1.19024 0.480788 0.306736  1.18654
 0.47834 0.310334  1.19024 0.480788 0.306736  1.18654
 0.47834 0.310334  1.19024 0.480788 0.306736  1.18654
 0.47834 0.310334  1.19024 0.480788 0.306736  1.18654
 0.47834 0.310334  1.19024 0.480788 0.306735  1.18654
 0.47834 0.310334  1.19024 0.480788 0.306735  1.18654
 0.47834 0.310334  1.19024 0.480788 0.306735  1.18654
 0.47834 0.310334  1.19024 0.480788 0.306735  1.18654
 0.47834 0.310334  1.19024 0.480788 0.306734  1.18654
 0.47834 0.310334  1.19024 0.480789 0.306734  1.18654
 0.47834 0.310334  1.19024 0.480789 0.306734  1.18654
 0.47834 0.310334  1.19024 0.480789 0.306734  1.18654
 0.47834 0.310334  1.19024 0.480789 0.306734  1.18654
 0.47834 0.310334  1.19024 0.480789 0.306733  1.18654
 0.47834 0.310334  1.19024 0.480789 0.306733  1.18654
 0.47834 0.310334  1.19024 0.480789 0.306733  1.18654
 0.47834 0.310334  1.19024 0.480789 0.306733  1.18654
 0.47834 0.310334  1.19024 0.480789 0.306732  1.18654
 0.47834 0.310334  1.19024 0.480789 0.306732  1.18654
 0.47834 0.310334  1.19024 0.480789 0.306732  1.18654
 0.47834 0.310334  1.19024 0.480789 0.306731  1.18654
 0.47834 0.310334  1.19024 0.480789 0.306731  1.18654
 0.47834 0.310334  1.19024 0.480789 0.306731  1.18654
 0.47834 0.310334  1.19024 0.480789 0.306731  1.18654
 0.47834 0.310334  1.19024 0.480789  0.30673  1.18654
 0.47834 0.310334  1.19024 0.480789  0.30673  1.18654
 0.47834 0.310334  1.19024 0.480789  0.30673  1.18655
 0.47834 0.310334  1.19024 0.480789  0.30673  1.18655
 0.47834 0.310334  1.19024 0.480789 0.306729  1.18655
 0.47834 0.310334  1.19024 0.480789 0.306729  1.18655
 0.47834 0.310334  1.19024 0.480789 0.306729  1.18655
 0.47834 0.310334  1.19024  0.48079 0.306729  1.18655
 0.47834 0.310334  1.19024  0.48079 0.306728  1.18655
 0.47834 0.310334  1.19024  0.48079 0.306728  1.18655
 0.47834 0.310334  1.19024  0.48079 0.306728  1.18655
 0.47834 0.310334  1.19024  0.48079 0.306728  1.18655
 0.47834 0.310334  1.19024  0.48079 0.306727  1.18655
 0.47834 0.310334  1.19024  0.48079 0.306727  1.18655
 0.47834 0.310334  1.19024  0.48079 0.306727  1.18655
 0.47834 0.310334  1.19024  0.48079 0.306727  1.18655
 0.47834 0.310334  1.19024  0.48079 0.306726  1.18655
 0.47834 0.310334  1.19024  0.48079 0.306726  1.18655
 0.47834 0.310334  1.19024  0.48079 0.306726  1.18655
 0.47834 0.310334  1.19024  0.48079 0.306726  1.18655
 0.47834 0.310334  1.19024  0.48079 0.306725  1.18655
 0.47834 0.310334  1.19024  0.48079 0.306725  1.18655
 0.47834 0.310334  1.19024  0.48079 0.306725  1.18655
 0.47834 0.310334  1.19024  0.48079 0.306724  1.18655
 0.47834 0.310334  1.19024  0.48079 0.306724  1.18655
 0.47834 0.310334  1.19024  0.48079 0.306724  1.18655
 0.47834 0.310334  1.19024  0.48079 0.306724  1.18655
 0.47834 0.310334  1.19024  0.48079 0.306723  1.18655
 0.47834 0.310334  1.19024  0.48079 0.306723  1.18655
 0.47834 0.310334  1.19024 0.480791 0.306723  1.18655
 0.47834 0.310334  1.19024 0.480791 0.306723  1.18655
 0.47834 0.310334  1.19024 0.480791 0.306722  1.18655
 0.47834 0.310334  1.19024  0.48079 0.306722  1.18655
 0.47834 0.310334  1.19024 0.480791 0.306722  1.18655
 0.47834 0.310334  1.19024 0.480791 0.306721  1.18655
 0.47834 0.310334  1.19024 0.480791 0.306721  1.18655
 0.47834 0.310334  1.19024 0.480791 0.306721  1.18655
 0.47834 0.310334  1.19024 0.480791 0.306721  1.18655
 0.47834 0.310334  1.19024 0.480791  0.30672  1.18655
 0.47834 0.310334  1.19024 0.480791  0.30672  1.18655
 0.47834 0.310334  1.19024 0.480791  0.30672  1.18655
 0.47834 0.310334  1.19024 0.480791  0.30672  1.18655
 0.47834 0.310334  1.19024 0.480791 0.306719  1.18655
 0.47834 0.310334  1.19024 0.480791 0.306719  1.18655
 0.47834 0.310334  1.19024 0.480791 0.306719  1.18655
 0.47834 0.310334  1.19024 0.480791 0.306719  1.18655
 0.47834 0.310334  1.19024 0.480791 0.306718  1.18655
 0.47834 0.310334  1.19024 0.480791 0.306718  1.18655
 0.47834 0.310334  1.19024 0.480791 0.306718  1.18655
 0.47834 0.310334  1.19024 0.480792 0.306718  1.18655
 0.47834 0.310334  1.19024 0.480792 0.306717  1.18655
 0.47834 0.310334  1.19024 0.480792 0.306717  1.18655
 0.47834 0.310334  1.19024 0.480792 0.306717  1.18655
 0.47834 0.310334  1.19024 0.480792 0.306716  1.18655
 0.47834 0.310334  1.19024 0.480792 0.306716  1.18655
 0.47834 0.310334  1.19024 0.480792 0.306716  1.18655
 0.47834 0.310334  1.19024 0.480792 0.306716  1.18655
 0.47834 0.310334  1.19024 0.480792 0.306715  1.18655
 0.47834 0.310334  1.19024 0.480792 0.306715  1.18655
 0.47834 0.310334  1.19024 0.480792 0.306715  1.18655
 0.47834 0.310334  1.19024 0.480792 0.306715  1.18655
 0.47834 0.310334  1.19024 0.480792 0.306714  1.18655
 0.47834 0.310334  1.19024 0.480792 0.306714  1.18655
 0.47834 0.310334  1.19024 0.480792 0.306714  1.18655
 0.47834 0.310334  1.19024 0.480792 0.306714  1.18655
 0.47834 0.310334  1.19024 0.480792 0.306713  1.18655
 0.47834 0.310334  1.19024 0.480792 0.306713  1.18655
 0.47834 0.310334  1.19024 0.480792 0.306713  1.18655
 0.47834 0.310334  1.19024 0.480792 0.306712  1.18655
 0.47834 0.310334  1.19024 0.480792 0.306712  1.18655
 0.47834 0.310334  1.19024 0.480792 0.306712  1.18655
 0.47834 0.310334  1.19024 0.480792 0.306712  1.18655
 0.47834 0.310334  1.19024 0.480792 0.306711  1.18655
 0.47834 0.310334  1.19024 0.480793 0.306711  1.18655
 0.47834 0.310334  1.19024 0.480793 0.306711  1.18655
 0.47834 0.310334  1.19024 0.480793 0.306711  1.18655
 0.47834 0.310334  1.19024 0.480793  0.30671  1.18655
 0.47834 0.310334  1.19024 0.480793  0.30671  1.18655
 0.47834 0.310334  1.19024 0.480793  0.30671  1.18655
 0.47834 0.310334  1.19024 0.480793  0.30671  1.18655
 0.47834 0.310334  1.19024 0.480793 0.306709  1.18655
 0.47834 0.310334  1.19024 0.480793 0.306709  1.18655
 0.47834 0.310334  1.19024 0.480793 0.306709  1.18655
 0.47834 0.310334  1.19024 0.480793 0.306709  1.18655
 0.47834 0.310334  1.19024 0.480793 0.306708  1.18655
 0.47834 0.310334  1.19024 0.480793 0.306708  1.18655
 0.47834 0.310334  1.19024 0.480793 0.306708  1.18655
 0.47834 0.310334  1.19024 0.480793 0.306708  1.18655
 0.47834 0.310334  1.19024 0.480793 0.306707  1.18655
 0.47834 0.310334  1.19024 0.480793 0.306707  1.18655
 0.47834 0.310334  1.19024 0.480793 0.306707  1.18655
 0.47834 0.310334  1.19024 0.480793 0.306707  1.18655
 0.47834 0.310334  1.19024 0.480793 0.306706  1.18655
 0.47834 0.310334  1.19024 0.480793 0.306706  1.18655
 0.47834 0.310334  1.19024 0.480794 0.306706  1.18655
 0.47834 0.310334  1.19024 0.480794 0.306706  1.18655
 0.47834 0.310334  1.19024 0.480794 0.306705  1.18655
 0.47834 0.310334  1.19024 0.480794 0.306705  1.18655
 0.47834 0.310334  1.19024 0.480794 0.306705  1.18655
 0.47834 0.310334  1.19024 0.480794 0.306705  1.18655
 0.47834 0.310334  1.19024 0.480794 0.306704  1.18655
 0.47834 0.310334  1.19024 0.480794 0.306704  1.18655
 0.47834 0.310334  1.19024 0.480794 0.306704  1.18655
 0.47834 0.310334  1.19024 0.480794 0.306704  1.18655
 0.47834 0.310334  1.19024 0.480794 0.306703  1.18655
 0.47834 0.310334  1.19024 0.480794 0.306703  1.18655
 0.47834 0.310334  1.19024 0.480794 0.306703  1.18655
 0.47834 0.310334  1.19024 0.480794 0.306702  1.18655
 0.47834 0.310334  1.19024 0.480794 0.306702  1.18655
 0.47834 0.310334  1.19024 0.480794 0.306702  1.18655
 0.47834 0.310334  1.19024 0.480794 0.306702  1.18655
 0.47834 0.310334  1.19024 0.480794 0.306701  1.18655
 0.47834 0.310334  1.19024 0.480794 0.306701  1.18655
 0.47834 0.310334  1.19024 0.480794 0.306701  1.18655
 0.47834 0.310334  1.19024 0.480794 0.306701  1.18655
 0.47834 0.310334  1.19024 0.480794   0.3067  1.18655
 0.47834 0.310334  1.19024 0.480794   0.3067  1.18655
 0.47834 0.310334  1.19024 0.480794   0.3067  1.18655
 0.47834 0.310334  1.19024 0.480795   0.3067  1.18655
 0.47834 0.310334  1.19024 0.480795 0.306699  1.18655
 0.47834 0.310334  1.19024 0.480795 0.306699  1.18655
 0.47834 0.310334  1.19024 0.480795 0.306699  1.18655
 0.47834 0.310334  1.19024 0.480795 0.306699  1.18655
 0.47834 0.310334  1.19024 0.480795 0.306699  1.18655
 0.47834 0.310334  1.19024 0.480795 0.306698  1.18655
 0.47834 0.310334  1.19024 0.480795 0.306698  1.18655
 0.47834 0.310334  1.19024 0.480795 0.306698  1.18655
 0.47834 0.310334  1.19024 0.480795 0.306698  1.18655
 0.47834 0.310334  1.19024 0.480795 0.306697  1.18655
 0.47834 0.310334  1.19024 0.480795 0.306697  1.18655
 0.47834 0.310334  1.19024 0.480795 0.306697  1.18655
 0.47834 0.310334  1.19024 0.480795 0.306697  1.18655
 0.47834 0.310334  1.19024 0.480795 0.306696  1.18655
 0.47834 0.310334  1.19024 0.480795 0.306696  1.18655
 0.47834 0.310334  1.19024 0.480795 0.306696  1.18655
 0.47834 0.310334  1.19024 0.480795 0.306696  1.18655
 0.47834 0.310334  1.19024 0.480795 0.306695  1.18655
 0.47834 0.310334  1.19024 0.480795 0.306695  1.18655
 0.47834 0.310334  1.19024 0.480796 0.306695  1.18655
 0.47834 0.310334  1.19024 0.480796 0.306695  1.18655
 0.47834 0.310334  1.19024 0.480796 0.306694  1.18655
 0.47834 0.310334  1.19024 0.480796 0.306694  1.18655
 0.47834 0.310334  1.19024 0.480796 0.306694  1.18655
 0.47834 0.310334  1.19024 0.480796 0.306694  1.18655
 0.47834 0.310334  1.19024 0.480796 0.306693  1.18655
 0.47834 0.310334  1.19024 0.480796 0.306693  1.18655
 0.47834 0.310334  1.19024 0.480796 0.306693  1.18655
 0.47834 0.310334  1.19024 0.480796 0.306693  1.18655
 0.47834 0.310334  1.19024 0.480796 0.306693  1.18655
 0.47834 0.310334  1.19024 0.480796 0.306692  1.18655
 0.47834 0.310334  1.19024 0.480796 0.306692  1.18655
 0.47834 0.310334  1.19024 0.480796 0.306692  1.18655
 0.47834 0.310334  1.19024 0.480796 0.306692  1.18655
 0.47834 0.310334  1.19024 0.480796 0.306691  1.18655
 0.47834 0.310334  1.19024 0.480796 0.306691  1.18655
 0.47834 0.310334  1.19024 0.480796 0.306691  1.18655
 0.47834 0.310334  1.19024 0.480796 0.306691  1.18655
 0.47834 0.310334  1.19024 0.480796 0.306691  1.18655
 0.47834 0.310334  1.19024 0.480796  0.30669  1.18655
 0.47834 0.310334  1.19024 0.480796  0.30669  1.18655
 0.47834 0.310334  1.19024 0.480797  0.30669  1.18655
 0.47834 0.310334  1.19024 0.480797  0.30669  1.18655
 0.47834 0.310334  1.19024 0.480797 0.306689  1.18655
 0.47834 0.310334  1.19024 0.480797 0.306689  1.18655
 0.47834 0.310334  1.19024 0.480797 0.306689  1.18655
 0.47834 0.310334  1.19024 0.480797 0.306689  1.18656
 0.47834 0.310334  1.19024 0.480797 0.306689  1.18656
 0.47834 0.310334  1.19024 0.480797 0.306688  1.18656
 0.47834 0.310334  1.19024 0.480797 0.306688  1.18656
 0.47834 0.310334  1.19024 0.480797 0.306688  1.18656
 0.47834 0.310334  1.19024 0.480797 0.306688  1.18656
 0.47834 0.310334  1.19024 0.480797 0.306687  1.18656
 0.47834 0.310334  1.19024 0.480797 0.306687  1.18656
 0.47834 0.310334  1.19024 0.480797 0.306687  1.18656
 0.47834 0.310334  1.19024 0.480797 0.306687  1.18656
 0.47834 0.310334  1.19024 0.480797 0.306687  1.18656
 0.47834 0.310334  1.19024 0.480797 0.306686  1.18656
 0.47834 0.310334  1.19024 0.480797 0.306686  1.18656
 0.47834 0.310334  1.19024 0.480797 0.306686  1.18656
 0.47834 0.310334  1.19024 0.480797 0.306686  1.18656
 0.47834 0.310334  1.19024 0.480797 0.306686  1.18656
 0.47834 0.310334  1.19024 0.480798 0.306685  1.18656
 0.47834 0.310334  1.19024 0.480798 0.306685  1.18656
 0.47834 0.310334  1.19024 0.480798 0.306685  1.18656
 0.47834 0.310334  1.19024 0.480798 0.306685  1.18656
 0.47834 0.310334  1.19024 0.480798 0.306685  1.18656
 0.47834 0.310334  1.19024 0.480798 0.306684  1.18656
 0.47834 0.310334  1.19024 0.480798 0.306684  1.18656
 0.47834 0.310334  1.19024 0.480798 0.306684  1.18656
 0.47834 0.310334  1.19024 0.480798 0.306684  1.18656
 0.47834 0.310334  1.19024 0.480798 0.306684  1.18656
 0.47834 0.310334  1.19024 0.480798 0.306683  1.18656
 0.47834 0.310334  1.19024 0.480798 0.306683  1.18656
 0.47834 0.310334  1.19024 0.480798 0.306683  1.18656
 0.47834 0.310334  1.19024 0.480798 0.306683  1.18656
 0.47834 0.310334  1.19024 0.480798 0.306683  1.18656
 0.47834 0.310334  1.19024 0.480798 0.306682  1.18656
 0.47834 0.310334  1.19024 0.480798 0.306682  1.18656
 0.47834 0.310334  1.19024 0.480798 0.306682  1.18656
 0.47834 0.310334  1.19024 0.480798 0.306682  1.18656
 0.47834 0.310334  1.19024 0.480798 0.306682  1.18656
 0.47834 0.310334  1.19024 0.480798 0.306681  1.18656
 0.47834 0.310334  1.19024 0.480799 0.306681  1.18656
 0.47834 0.310334  1.19024 0.480799 0.306681  1.18656
 0.47834 0.310334  1.19024 0.480799 0.306681  1.18656
 0.47834 0.310334  1.19024 0.480799 0.306681  1.18656
 0.47834 0.310334  1.19024 0.480799  0.30668  1.18656
 0.47834 0.310334  1.19024 0.480799  0.30668  1.18656
 0.47834 0.310334  1.19024 0.480799  0.30668  1.18656
 0.47834 0.310334  1.19024 0.480799  0.30668  1.18656
 0.47834 0.310334  1.19024 0.480799  0.30668  1.18656
 0.47834 0.310334  1.19024 0.480799  0.30668  1.18656
 0.47834 0.310334  1.19024 0.480799 0.306679  1.18656
 0.47834 0.310334  1.19024 0.480799 0.306679  1.18656
 0.47834 0.310334  1.19024 0.480799 0.306679  1.18656
 0.47834 0.310334  1.19024 0.480799 0.306679  1.18656
 0.47834 0.310334  1.19024 0.480799 0.306679  1.18656
 0.47834 0.310334  1.19024 0.480799 0.306678  1.18656
 0.47834 0.310334  1.19024 0.480799 0.306678  1.18656
 0.47834 0.310334  1.19024 0.480799 0.306678  1.18656
 0.47834 0.310334  1.19024   0.4808 0.306678  1.18656
 0.47834 0.310334  1.19024 0.480799 0.306678  1.18656
 0.47834 0.310334  1.19024   0.4808 0.306678  1.18656
 0.47834 0.310334  1.19024   0.4808 0.306677  1.18656
 0.47834 0.310334  1.19024   0.4808 0.306677  1.18656
 0.47834 0.310334  1.19024   0.4808 0.306677  1.18656
 0.47834 0.310334  1.19024   0.4808 0.306677  1.18656
 0.47834 0.310334  1.19024   0.4808 0.306677  1.18656
 0.47834 0.310334  1.19024   0.4808 0.306677  1.18656
 0.47834 0.310334  1.19024   0.4808 0.306676  1.18656
 0.47834 0.310334  1.19024   0.4808 0.306676  1.18656
 0.47834 0.310334  1.19024   0.4808 0.306676  1.18656
 0.47834 0.310334  1.19024   0.4808 0.306676  1.18656
 0.47834 0.310334  1.19024   0.4808 0.306676  1.18656
 0.47834 0.310334  1.19024   0.4808 0.306676  1.18656
 0.47834 0.310334  1.19024   0.4808 0.306675  1.18656
 0.47834 0.310334  1.19024   0.4808 0.306675  1.18656
 0.47834 0.310334  1.19024   0.4808 0.306675  1.18656
 0.47834 0.310334  1.19024   0.4808 0.306675  1.18656
 0.47834 0.310334  1.19024   0.4808 0.306675  1.18656
 0.47834 0.310334  1.19024   0.4808 0.306675  1.18656
 0.47834 0.310334  1.19024 0.480801 0.306674  1.18656
 0.47834 0.310334  1.19024 0.480801 0.306674  1.18656
 0.47834 0.310334  1.19024 0.480801 0.306674  1.18656
 0.47834 0.310334  1.19024 0.480801 0.306674  1.18656
 0.47834 0.310334  1.19024 0.480801 0.306674  1.18656
 0.47834 0.310334  1.19024 0.480801 0.306674  1.18656
 0.47834 0.310334  1.19024 0.480801 0.306673  1.18656
 0.47834 0.310334  1.19024 0.480801 0.306673  1.18656
 0.47834 0.310334  1.19024 0.480801 0.306673  1.18656
 0.47834 0.310334  1.19024 0.480801 0.306673  1.18656
 0.47834 0.310334  1.19024 0.480801 0.306673  1.18656
 0.47834 0.310334  1.19024 0.480801 0.306673  1.18656
 0.47834 0.310334  1.19024 0.480801 0.306673  1.18656
 0.47834 0.310334  1.19024 0.480801 0.306672  1.18656
 0.47834 0.310334  1.19024 0.480801 0.306672  1.18656
 0.47834 0.310334  1.19024 0.480801 0.306672  1.18656
 0.47834 0.310334  1.19024 0.480801 0.306672  1.18656
 0.47834 0.310334  1.19024 0.480801 0.306672  1.18656
 0.47834 0.310334  1.19024 0.480801 0.306672  1.18656
 0.47834 0.310334  1.19024 0.480802 0.306672  1.18656
 0.47834 0.310334  1.19024 0.480802 0.306671  1.18656
 0.47834 0.310334  1.19024 0.480802 0.306671  1.18656
 0.47834 0.310334  1.19024 0.480802 0.306671  1.18656
 0.47834 0.310334  1.19024 0.480802 0.306671  1.18656
 0.47834 0.310334  1.19024 0.480802 0.306671  1.18656
 0.47834 0.310334  1.19024 0.480802 0.306671  1.18656
 0.47834 0.310334  1.19024 0.480802 0.306671  1.18656
 0.47834 0.310334  1.19024 0.480802  0.30667  1.18656
 0.47834 0.310334  1.19024 0.480802  0.30667  1.18656
 0.47834 0.310334  1.19024 0.480802  0.30667  1.18656
 0.47834 0.310334  1.19024 0.480802  0.30667  1.18656
 0.47834 0.310334  1.19024 0.480802  0.30667  1.18656
 0.47834 0.310334  1.19024 0.480802  0.30667  1.18656
 0.47834 0.310334  1.19024 0.480802  0.30667  1.18656
 0.47834 0.310334  1.19024 0.480802  0.30667  1.18656
 0.47834 0.310334  1.19024 0.480803 0.306669  1.18656
 0.47834 0.310334  1.19024 0.480803 0.306669  1.18656
 0.47834 0.310334  1.19024 0.480803 0.306669  1.18656
 0.47834 0.310334  1.19024 0.480803 0.306669  1.18656
 0.47834 0.310334  1.19024 0.480803 0.306669  1.18656
 0.47834 0.310334  1.19024 0.480803 0.306669  1.18656
 0.47834 0.310334  1.19024 0.480803 0.306669  1.18656
 0.47834 0.310334  1.19024 0.480803 0.306668  1.18656
 0.47834 0.310334  1.19024 0.480803 0.306668  1.18656
 0.47834 0.310334  1.19024 0.480803 0.306668  1.18656
 0.47834 0.310334  1.19024 0.480803 0.306668  1.18656
 0.47834 0.310334  1.19024 0.480803 0.306668  1.18656
 0.47834 0.310334  1.19024 0.480803 0.306668  1.18656
 0.47834 0.310334  1.19024 0.480803 0.306668  1.18656
 0.47834 0.310334  1.19024 0.480803 0.306668  1.18656
 0.47834 0.310334  1.19024 0.480803 0.306667  1.18656
 0.47834 0.310334  1.19024 0.480803 0.306667  1.18656
 0.47834 0.310334  1.19024 0.480803 0.306667  1.18656
 0.47834 0.310334  1.19024 0.480803 0.306667  1.18656
 0.47834 0.310334  1.19024 0.480804 0.306667  1.18656
 0.47834 0.310334  1.19024 0.480804 0.306667  1.18656
 0.47834 0.310334  1.19024 0.480804 0.306667  1.18656
 0.47834 0.310334  1.19024 0.480804 0.306667  1.18656
 0.47834 0.310334  1.19024 0.480804 0.306667  1.18656
 0.47834 0.310334  1.19024 0.480804 0.306666  1.18656
 0.47834 0.310334  1.19024 0.480804 0.306666  1.18656
 0.47834 0.310334  1.19024 0.480804 0.306666  1.18656
 0.47834 0.310334  1.19024 0.480804 0.306666  1.18656
 0.47834 0.310334  1.19024 0.480804 0.306666  1.18656
 0.47834 0.310334  1.19024 0.480804 0.306666  1.18656
 0.47834 0.310334  1.19024 0.480804 0.306666  1.18656
 0.47834 0.310334  1.19024 0.480804 0.306666  1.18656
 0.47834 0.310334  1.19024 0.480804 0.306666  1.18656
 0.47834 0.310334  1.19024 0.480804 0.306665  1.18656
 0.47834 0.310334  1.19024 0.480804 0.306665  1.18656
 0.47834 0.310334  1.19024 0.480805 0.306665  1.18656
 0.47834 0.310334  1.19024 0.480804 0.306665  1.18656
 0.47834 0.310334  1.19024 0.480805 0.306665  1.18656
 0.47834 0.310334  1.19024 0.480805 0.306665  1.18656
 0.47834 0.310334  1.19024 0.480805 0.306665  1.18656
 0.47834 0.310334  1.19024 0.480805 0.306665  1.18656
 0.47834 0.310334  1.19024 0.480805 0.306665  1.18656
 0.47834 0.310334  1.19024 0.480805 0.306664  1.18656
 0.47834 0.310334  1.19024 0.480805 0.306664  1.18656
 0.47834 0.310334  1.19024 0.480805 0.306664  1.18656
 0.47834 0.310334  1.19024 0.480805 0.306664  1.18656
 0.47834 0.310334  1.19024 0.480805 0.306664  1.18656
 0.47834 0.310334  1.19024 0.480805 0.306664  1.18656
 0.47834 0.310334  1.19024 0.480805 0.306664  1.18656
 0.47834 0.310334  1.19024 0.480805 0.306664  1.18656
 0.47834 0.310334  1.19024 0.480805 0.306664  1.18656
 0.47834 0.310334  1.19024 0.480805 0.306663  1.18656
 0.47834 0.310334  1.19024 0.480806 0.306663  1.18656
 0.47834 0.310334  1.19024 0.480806 0.306663  1.18656
 0.47834 0.310334  1.19024 0.480806 0.306663  1.18656
 0.47834 0.310334  1.19024 0.480806 0.306663  1.18656
 0.47834 0.310334  1.19024 0.480806 0.306663  1.18656
 0.47834 0.310334  1.19024 0.480806 0.306663  1.18656
 0.47834 0.310334  1.19024 0.480806 0.306663  1.18656
 0.47834 0.310334  1.19024 0.480806 0.306663  1.18656
 0.47834 0.310334  1.19024 0.480806 0.306663  1.18656
 0.47834 0.310334  1.19024 0.480806 0.306663  1.18656
 0.47834 0.310334  1.19024 0.480806 0.306662  1.18656
 0.47834 0.310334  1.19024 0.480806 0.306662  1.18656
 0.47834 0.310334  1.19024 0.480806 0.306662  1.18656
 0.47834 0.310334  1.19024 0.480806 0.306662  1.18656
 0.47834 0.310334  1.19024 0.480806 0.306662  1.18656
 0.47834 0.310334  1.19024 0.480807 0.306662  1.18656
 0.47834 0.310334  1.19024 0.480806 0.306662  1.18656
 0.47834 0.310334  1.19024 0.480807 0.306662  1.18656
 0.47834 0.310334  1.19024 0.480807 0.306662  1.18656
 0.47834 0.310334  1.19024 0.480807 0.306662  1.18656
 0.47834 0.310334  1.19024 0.480807 0.306662  1.18656
 0.47834 0.310334  1.19024 0.480807 0.306661  1.18656
 0.47834 0.310334  1.19024 0.480807 0.306661  1.18656
 0.47834 0.310334  1.19024 0.480807 0.306661  1.18656
 0.47834 0.310334  1.19024 0.480807 0.306661  1.18656
 0.47834 0.310334  1.19024 0.480807 0.306661  1.18656
 0.47834 0.310334  1.19024 0.480807 0.306661  1.18656
 0.47834 0.310334  1.19024 0.480807 0.306661  1.18656
 0.47834 0.310334  1.19024 0.480807 0.306661  1.18656
 0.47834 0.310334  1.19024 0.480807 0.306661  1.18656
 0.47834 0.310334  1.19024 0.480807 0.306661  1.18656
 0.47834 0.310334  1.19024 0.480807 0.306661  1.18656
 0.47834 0.310334  1.19024 0.480808  0.30666  1.18656
 0.47834 0.310334  1.19024 0.480808  0.30666  1.18656
 0.47834 0.310334  1.19024 0.480808  0.30666  1.18656
 0.47834 0.310334  1.19024 0.480808  0.30666  1.18656
 0.47834 0.310334  1.19024 0.480808  0.30666  1.18656
 0.47834 0.310334  1.19024 0.480808  0.30666  1.18656
 0.47834 0.310334  1.19024 0.480808  0.30666  1.18656
 0.47834 0.310334  1.19024 0.480808  0.30666  1.18656
 0.47834 0.310334  1.19024 0.480808  0.30666  1.18656
 0.47834 0.310334  1.19024 0.480808  0.30666  1.18656
 0.47834 0.310334  1.19024 0.480808  0.30666  1.18656
 0.47834 0.310334  1.19024 0.480808  0.30666  1.18656
 0.47834 0.310334  1.19024 0.480808  0.30666  1.18656
 0.47834 0.310334  1.19024 0.480808 0.306659  1.18656
 0.47834 0.310334  1.19024 0.480808 0.306659  1.18656
 0.47834 0.310334  1.19024 0.480808 0.306659  1.18656
 0.47834 0.310334  1.19024 0.480809 0.306659  1.18656
 0.47834 0.310334  1.19024 0.480809 0.306659  1.18656
 0.47834 0.310334  1.19024 0.480809 0.306659  1.18656
 0.47834 0.310334  1.19024 0.480809 0.306659  1.18656
 0.47834 0.310334  1.19024 0.480809 0.306659  1.18656
 0.47834 0.310334  1.19024 0.480809 0.306659  1.18656
 0.47834 0.310334  1.19024 0.480809 0.306659  1.18656
 0.47834 0.310334  1.19024 0.480809 0.306659  1.18656
 0.47834 0.310334  1.19024 0.480809 0.306659  1.18656
 0.47834 0.310334  1.19024 0.480809 0.306658  1.18656
 0.47834 0.310334  1.19024 0.480809 0.306658  1.18656
 0.47834 0.310334  1.19024 0.480809 0.306658  1.18656
 0.47834 0.310334  1.19024 0.480809 0.306658  1.18656
 0.47834 0.310334  1.19024 0.480809 0.306658  1.18656
 0.47834 0.310334  1.19024  0.48081 0.306658  1.18656
 0.47834 0.310334  1.19024  0.48081 0.306658  1.18656
 0.47834 0.310334  1.19024  0.48081 0.306658  1.18656
 0.47834 0.310334  1.19024  0.48081 0.306658  1.18656
 0.47834 0.310334  1.19024  0.48081 0.306658  1.18656
 0.47834 0.310334  1.19024  0.48081 0.306658  1.18656
 0.47834 0.310334  1.19024  0.48081 0.306658  1.18656
 0.47834 0.310334  1.19024  0.48081 0.306658  1.18656
 0.47834 0.310334  1.19024  0.48081 0.306657  1.18656
 0.47834 0.310334  1.19024  0.48081 0.306657  1.18656
 0.47834 0.310334  1.19024  0.48081 0.306657  1.18656
 0.47834 0.310334  1.19024  0.48081 0.306657  1.18656
 0.47834 0.310334  1.19024  0.48081 0.306657  1.18656
 0.47834 0.310334  1.19024  0.48081 0.306657  1.18656
 0.47834 0.310334  1.19024  0.48081 0.306657  1.18656
 0.47834 0.310334  1.19024 0.480811 0.306657  1.18656
 0.47834 0.310334  1.19024 0.480811 0.306657  1.18656
 0.47834 0.310334  1.19024 0.480811 0.306657  1.18656
 0.47834 0.310334  1.19024 0.480811 0.306657  1.18656
 0.47834 0.310334  1.19024 0.480811 0.306657  1.18656
 0.47834 0.310334  1.19024 0.480811 0.306657  1.18656
 0.47834 0.310334  1.19024 0.480811 0.306656  1.18656
 0.47834 0.310334  1.19024 0.480811 0.306656  1.18656
 0.47834 0.310334  1.19024 0.480811 0.306656  1.18656
 0.47834 0.310334  1.19024 0.480811 0.306656  1.18656
 0.47834 0.310334  1.19024 0.480811 0.306656  1.18656
 0.47834 0.310334  1.19024 0.480811 0.306656  1.18656
 0.47834 0.310334  1.19024 0.480811 0.306656  1.18656
 0.47834 0.310334  1.19024 0.480811 0.306656  1.18656
 0.47834 0.310334  1.19024 0.480812 0.306656  1.18656
 0.47834 0.310334  1.19024 0.480812 0.306656  1.18656
 0.47834 0.310334  1.19024 0.480812 0.306656  1.18656
 0.47834 0.310334  1.19024 0.480812 0.306656  1.18656
 0.47834 0.310334  1.19024 0.480812 0.306656  1.18656
 0.47834 0.310334  1.19024 0.480812 0.306656  1.18656
 0.47834 0.310334  1.19024 0.480812 0.306655  1.18656
 0.47834 0.310334  1.19024 0.480812 0.306655  1.18656
 0.47834 0.310334  1.19024 0.480812 0.306655  1.18656
 0.47834 0.310334  1.19024 0.480812 0.306655  1.18656
 0.47834 0.310334  1.19024 0.480812 0.306655  1.18656
 0.47834 0.310334  1.19024 0.480812 0.306655  1.18656
 0.47834 0.310334  1.19024 0.480812 0.306655  1.18656
 0.47834 0.310334  1.19024 0.480812 0.306655  1.18656
 0.47834 0.310334  1.19024 0.480813 0.306655  1.18656
 0.47834 0.310334  1.19024 0.480813 0.306655  1.18656
 0.47834 0.310334  1.19024 0.480813 0.306655  1.18656
 0.47834 0.310334  1.19024 0.480813 0.306655  1.18656
 0.47834 0.310334  1.19024 0.480813 0.306655  1.18656
 0.47834 0.310334  1.19024 0.480813 0.306654  1.18656
 0.47834 0.310334  1.19024 0.480813 0.306654  1.18656
 0.47834 0.310334  1.19024 0.480813 0.306654  1.18656
 0.47834 0.310334  1.19024 0.480813 0.306654  1.18656
 0.47834 0.310334  1.19024 0.480813 0.306654  1.18656
 0.47834 0.310334  1.19024 0.480813 0.306654  1.18656
 0.47834 0.310334  1.19024 0.480813 0.306654  1.18656
 0.47834 0.310334  1.19024 0.480813 0.306654  1.18656
 0.47834 0.310334  1.19024 0.480813 0.306654  1.18656
 0.47834 0.310334  1.19024 0.480814 0.306654  1.18656
 0.47834 0.310334  1.19024 0.480814 0.306654  1.18656
 0.47834 0.310334  1.19024 0.480814 0.306654  1.18656
 0.47834 0.310334  1.19024 0.480814 0.306654  1.18656
 0.47834 0.310334  1.19024 0.480814 0.306654  1.18656
 0.47834 0.310334  1.19024 0.480814 0.306653  1.18656
 0.47834 0.310334  1.19024 0.480814 0.306653  1.18656
 0.47834 0.310334  1.19024 0.480814 0.306653  1.18656
 0.47834 0.310334  1.19024 0.480814 0.306653  1.18656
 0.47834 0.310334  1.19024 0.480814 0.306653  1.18656
 0.47834 0.310334  1.19024 0.480814 0.306653  1.18656
 0.47834 0.310334  1.19024 0.480814 0.306653  1.18656
 0.47834 0.310334  1.19024 0.480814 0.306653  1.18656
 0.47834 0.310334  1.19024 0.480814 0.306653  1.18656
 0.47834 0.310334  1.19024 0.480815 0.306653  1.18656
 0.47834 0.310334  1.19024 0.480815 0.306653  1.18656
 0.47834 0.310334  1.19024 0.480815 0.306653  1.18656
 0.47834 0.310334  1.19024 0.480815 0.306653  1.18656
 0.47834 0.310334  1.19024 0.480815 0.306653  1.18656
 0.47834 0.310334  1.19024 0.480815 0.306652  1.18656
 0.47834 0.310334  1.19024 0.480815 0.306652  1.18656
 0.47834 0.310334  1.19024 0.480815 0.306652  1.18656
 0.47834 0.310334  1.19024 0.480815 0.306652  1.18656
 0.47834 0.310334  1.19024 0.480815 0.306652  1.18656
 0.47834 0.310334  1.19024 0.480815 0.306652  1.18656
 0.47834 0.310334  1.19024 0.480815 0.306652  1.18656
 0.47834 0.310334  1.19024 0.480815 0.306652  1.18656
 0.47834 0.310334  1.19024 0.480815 0.306652  1.18656
 0.47834 0.310334  1.19024 0.480816 0.306652  1.18656
 0.47834 0.310334  1.19024 0.480816 0.306652  1.18656
 0.47834 0.310334  1.19024 0.480816 0.306652  1.18656
 0.47834 0.310334  1.19024 0.480816 0.306652  1.18656
 0.47834 0.310334  1.19024 0.480816 0.306652  1.18656
 0.47834 0.310334  1.19024 0.480816 0.306651  1.18656
 0.47834 0.310334  1.19024 0.480816 0.306651  1.18656
 0.47834 0.310334  1.19024 0.480816 0.306651  1.18656
 0.47834 0.310334  1.19024 0.480816 0.306651  1.18656
 0.47834 0.310334  1.19024 0.480816 0.306651  1.18656
 0.47834 0.310334  1.19024 0.480816 0.306651  1.18656
 0.47834 0.310334  1.19024 0.480816 0.306651  1.18656
 0.47834 0.310334  1.19024 0.480816 0.306651  1.18656
 0.47834 0.310334  1.19024 0.480816 0.306651  1.18656
 0.47834 0.310334  1.19024 0.480817 0.306651  1.18656
 0.47834 0.310334  1.19024 0.480817 0.306651  1.18656
 0.47834 0.310334  1.19024 0.480817 0.306651  1.18656
 0.47834 0.310334  1.19024 0.480817 0.306651  1.18656
 0.47834 0.310334  1.19024 0.480817  0.30665  1.18656
 0.47834 0.310334  1.19024 0.480817  0.30665  1.18656
 0.47834 0.310334  1.19024 0.480817  0.30665  1.18656
 0.47834 0.310334  1.19024 0.480817  0.30665  1.18656
 0.47834 0.310334  1.19024 0.480817  0.30665  1.18656
 0.47834 0.310334  1.19024 0.480817  0.30665  1.18656
 0.47834 0.310334  1.19024 0.480817  0.30665  1.18656
 0.47834 0.310334  1.19024 0.480817  0.30665  1.18656
 0.47834 0.310334  1.19024 0.480817  0.30665  1.18656
 0.47834 0.310334  1.19024 0.480818  0.30665  1.18656
 0.47834 0.310334  1.19024 0.480818  0.30665  1.18656
 0.47834 0.310334  1.19024 0.480818  0.30665  1.18656
 0.47834 0.310334  1.19024 0.480818  0.30665  1.18656
 0.47834 0.310334  1.19024 0.480818 0.306649  1.18656
 0.47834 0.310334  1.19024 0.480818 0.306649  1.18656
 0.47834 0.310334  1.19024 0.480818 0.306649  1.18656
 0.47834 0.310334  1.19024 0.480818 0.306649  1.18656
 0.47834 0.310334  1.19024 0.480818 0.306649  1.18656
 0.47834 0.310334  1.19024 0.480818 0.306649  1.18656
 0.47834 0.310334  1.19024 0.480818 0.306649  1.18656
 0.47834 0.310334  1.19024 0.480818 0.306649  1.18656
 0.47834 0.310334  1.19024 0.480818 0.306649  1.18656
 0.47834 0.310334  1.19024 0.480818 0.306649  1.18656
 0.47834 0.310334  1.19024 0.480819 0.306649  1.18656
 0.47834 0.310334  1.19024 0.480819 0.306649  1.18656
 0.47834 0.310334  1.19024 0.480819 0.306648  1.18656
 0.47834 0.310334  1.19024 0.480819 0.306648  1.18656
 0.47834 0.310334  1.19024 0.480819 0.306648  1.18656
 0.47834 0.310334  1.19024 0.480819 0.306648  1.18656
 0.47834 0.310334  1.19024 0.480819 0.306648  1.18656
 0.47834 0.310334  1.19024 0.480819 0.306648  1.18656
 0.47834 0.310334  1.19024 0.480819 0.306648  1.18656
 0.47834 0.310334  1.19024 0.480819 0.306648  1.18656
 0.47834 0.310334  1.19024 0.480819 0.306648  1.18656
 0.47834 0.310334  1.19024 0.480819 0.306648  1.18656
 0.47834 0.310334  1.19024 0.480819 0.306648  1.18656
 0.47834 0.310334  1.19024 0.480819 0.306648  1.18656
 0.47834 0.310334  1.19024  0.48082 0.306647  1.18656
 0.47834 0.310334  1.19024  0.48082 0.306647  1.18656
 0.47834 0.310334  1.19024  0.48082 0.306647  1.18656
 0.47834 0.310334  1.19024  0.48082 0.306647  1.18656
 0.47834 0.310334  1.19024  0.48082 0.306647  1.18656
 0.47834 0.310334  1.19024  0.48082 0.306647  1.18656
 0.47834 0.310334  1.19024  0.48082 0.306647  1.18656
 0.47834 0.310334  1.19024  0.48082 0.306647  1.18656
 0.47834 0.310334  1.19024  0.48082 0.306647  1.18656
 0.47834 0.310334  1.19024  0.48082 0.306647  1.18656
 0.47834 0.310334  1.19024  0.48082 0.306647  1.18656
 0.47834 0.310334  1.19024  0.48082 0.306647  1.18656
 0.47834 0.310334  1.19024  0.48082 0.306646  1.18656
 0.47834 0.310334  1.19024  0.48082 0.306646  1.18656
 0.47834 0.310334  1.19024  0.48082 0.306646  1.18656
 0.47834 0.310334  1.19024 0.480821 0.306646  1.18656
 0.47834 0.310334  1.19024 0.480821 0.306646  1.18656
 0.47834 0.310334  1.19024 0.480821 0.306646  1.18656
 0.47834 0.310334  1.19024 0.480821 0.306646  1.18656
 0.47834 0.310334  1.19024 0.480821 0.306646  1.18656
 0.47834 0.310334  1.19024 0.480821 0.306646  1.18656
 0.47834 0.310334  1.19024 0.480821 0.306646  1.18656
 0.47834 0.310334  1.19024 0.480821 0.306646  1.18656
 0.47834 0.310334  1.19024 0.480821 0.306645  1.18656
 0.47834 0.310334  1.19024 0.480821 0.306645  1.18656
 0.47834 0.310334  1.19024 0.480821 0.306645  1.18656
 0.47834 0.310334  1.19024 0.480821 0.306645  1.18656
 0.47834 0.310334  1.19024 0.480821 0.306645  1.18656
 0.47834 0.310334  1.19024 0.480821 0.306645  1.18656
 0.47834 0.310334  1.19024 0.480822 0.306645  1.18656
 0.47834 0.310334  1.19024 0.480822 0.306645  1.18656
 0.47834 0.310334  1.19024 0.480822 0.306645  1.18656
 0.47834 0.310334  1.19024 0.480822 0.306645  1.18656
 0.47834 0.310334  1.19024 0.480822 0.306645  1.18656
 0.47834 0.310334  1.19024 0.480822 0.306644  1.18656
 0.47834 0.310334  1.19024 0.480822 0.306644  1.18656
 0.47834 0.310334  1.19024 0.480822 0.306644  1.18656
 0.47834 0.310334  1.19024 0.480822 0.306644  1.18656
 0.47834 0.310334  1.19024 0.480822 0.306644  1.18656
 0.47834 0.310334  1.19024 0.480822 0.306644  1.18656
 0.47834 0.310334  1.19024 0.480822 0.306644  1.18656
 0.47834 0.310334  1.19024 0.480822 0.306644  1.18656
 0.47834 0.310334  1.19024 0.480822 0.306644  1.18656
 0.47834 0.310334  1.19024 0.480822 0.306644  1.18656
 0.47834 0.310334  1.19024 0.480823 0.306643  1.18656
 0.47834 0.310334  1.19024 0.480823 0.306643  1.18656
 0.47834 0.310334  1.19024 0.480823 0.306643  1.18656
 0.47834 0.310334  1.19024 0.480823 0.306643  1.18656
 0.47834 0.310334  1.19024 0.480823 0.306643  1.18656
 0.47834 0.310334  1.19024 0.480823 0.306643  1.18656
 0.47834 0.310334  1.19024 0.480823 0.306643  1.18656
 0.47834 0.310334  1.19024 0.480823 0.306643  1.18656
 0.47834 0.310334  1.19024 0.480823 0.306643  1.18656
 0.47834 0.310334  1.19024 0.480823 0.306643  1.18656
 0.47834 0.310334  1.19024 0.480823 0.306642  1.18656
 0.47834 0.310334  1.19024 0.480823 0.306642  1.18656
 0.47834 0.310334  1.19024 0.480823 0.306642  1.18656
 0.47834 0.310334  1.19024 0.480823 0.306642  1.18656
 0.47834 0.310334  1.19024 0.480824 0.306642  1.18656
 0.47834 0.310334  1.19024 0.480824 0.306642  1.18656
 0.47834 0.310334  1.19024 0.480824 0.306642  1.18656
 0.47834 0.310334  1.19024 0.480824 0.306642  1.18656
 0.47834 0.310334  1.19024 0.480824 0.306642  1.18656
 0.47834 0.310334  1.19024 0.480824 0.306641  1.18656
 0.47834 0.310334  1.19024 0.480824 0.306641  1.18656
 0.47834 0.310334  1.19024 0.480824 0.306641  1.18656
 0.47834 0.310334  1.19024 0.480824 0.306641  1.18656
 0.47834 0.310334  1.19024 0.480824 0.306641  1.18656
 0.47834 0.310334  1.19024 0.480824 0.306641  1.18656
 0.47834 0.310334  1.19024 0.480824 0.306641  1.18656
 0.47834 0.310334  1.19024 0.480824 0.306641  1.18656
 0.47834 0.310334  1.19024 0.480824 0.306641  1.18656
 0.47834 0.310334  1.19024 0.480824  0.30664  1.18656
 0.47834 0.310334  1.19024 0.480825  0.30664  1.18656
 0.47834 0.310334  1.19024 0.480825  0.30664  1.18656
 0.47834 0.310334  1.19024 0.480825  0.30664  1.18656
 0.47834 0.310334  1.19024 0.480825  0.30664  1.18656
 0.47834 0.310334  1.19024 0.480825  0.30664  1.18656
 0.47834 0.310334  1.19024 0.480825  0.30664  1.18656
 0.47834 0.310334  1.19024 0.480825  0.30664  1.18656
 0.47834 0.310334  1.19024 0.480825  0.30664  1.18656
 0.47834 0.310334  1.19024 0.480825 0.306639  1.18656
 0.47834 0.310334  1.19024 0.480825 0.306639  1.18656
 0.47834 0.310334  1.19024 0.480825 0.306639  1.18656
 0.47834 0.310334  1.19024 0.480825 0.306639  1.18656
 0.47834 0.310334  1.19024 0.480825 0.306639  1.18656
 0.47834 0.310334  1.19024 0.480826 0.306639  1.18656
 0.47834 0.310334  1.19024 0.480826 0.306639  1.18656
 0.47834 0.310334  1.19024 0.480826 0.306639  1.18656
 0.47834 0.310334  1.19024 0.480826 0.306639  1.18656
 0.47834 0.310334  1.19024 0.480826 0.306638  1.18656
 0.47834 0.310334  1.19024 0.480826 0.306638  1.18656
 0.47834 0.310334  1.19024 0.480826 0.306638  1.18656
 0.47834 0.310334  1.19024 0.480826 0.306638  1.18656
 0.47834 0.310334  1.19024 0.480826 0.306638  1.18656
 0.47834 0.310334  1.19024 0.480826 0.306638  1.18656
 0.47834 0.310334  1.19024 0.480826 0.306638  1.18656
 0.47834 0.310334  1.19024 0.480826 0.306638  1.18656
 0.47834 0.310334  1.19024 0.480826 0.306637  1.18656
 0.47834 0.310334  1.19024 0.480826 0.306637  1.18656
 0.47834 0.310334  1.19024 0.480826 0.306637  1.18656
 0.47834 0.310334  1.19024 0.480826 0.306637  1.18656
 0.47834 0.310334  1.19024 0.480827 0.306637  1.18656
 0.47834 0.310334  1.19024 0.480827 0.306637  1.18656
 0.47834 0.310334  1.19024 0.480827 0.306637  1.18656
 0.47834 0.310334  1.19024 0.480827 0.306637  1.18656
 0.47834 0.310334  1.19024 0.480827 0.306636  1.18656
 0.47834 0.310334  1.19024 0.480827 0.306636  1.18656
 0.47834 0.310334  1.19024 0.480827 0.306636  1.18656
 0.47834 0.310334  1.19024 0.480827 0.306636  1.18656
 0.47834 0.310334  1.19024 0.480827 0.306636  1.18656
 0.47834 0.310334  1.19024 0.480827 0.306636  1.18656
 0.47834 0.310334  1.19024 0.480827 0.306636  1.18656
 0.47834 0.310334  1.19024 0.480827 0.306636  1.18656
 0.47834 0.310334  1.19024 0.480827 0.306635  1.18656
 0.47834 0.310334  1.19024 0.480827 0.306635  1.18656
 0.47834 0.310334  1.19024 0.480827 0.306635  1.18656
 0.47834 0.310334  1.19024 0.480828 0.306635  1.18656
 0.47834 0.310334  1.19024 0.480828 0.306635  1.18656
 0.47834 0.310334  1.19024 0.480828 0.306635  1.18656
 0.47834 0.310334  1.19024 0.480828 0.306635  1.18656
 0.47834 0.310334  1.19024 0.480828 0.306635  1.18656
 0.47834 0.310334  1.19024 0.480828 0.306634  1.18656
 0.47834 0.310334  1.19024 0.480828 0.306634  1.18656
 0.47834 0.310334  1.19024 0.480828 0.306634  1.18656
 0.47834 0.310334  1.19024 0.480828 0.306634  1.18657
 0.47834 0.310334  1.19024 0.480828 0.306634  1.18657
 0.47834 0.310334  1.19024 0.480828 0.306634  1.18657
 0.47834 0.310334  1.19024 0.480828 0.306634  1.18657
 0.47834 0.310334  1.19024 0.480828 0.306633  1.18657
 0.47834 0.310334  1.19024 0.480828 0.306633  1.18657
 0.47834 0.310334  1.19024 0.480828 0.306633  1.18657
 0.47834 0.310334  1.19024 0.480829 0.306633  1.18657
 0.47834 0.310334  1.19024 0.480828 0.306633  1.18657
 0.47834 0.310334  1.19024 0.480829 0.306633  1.18657
 0.47834 0.310334  1.19024 0.480829 0.306633  1.18657
 0.47834 0.310334  1.19024 0.480829 0.306632  1.18657
 0.47834 0.310334  1.19024 0.480829 0.306632  1.18657
 0.47834 0.310334  1.19024 0.480829 0.306632  1.18657
 0.47834 0.310334  1.19024 0.480829 0.306632  1.18657
 0.47834 0.310334  1.19024 0.480829 0.306632  1.18657
 0.47834 0.310334  1.19024 0.480829 0.306632  1.18657
 0.47834 0.310334  1.19024 0.480829 0.306632  1.18657
 0.47834 0.310334  1.19024 0.480829 0.306631  1.18657
 0.47834 0.310334  1.19024 0.480829 0.306631  1.18657
 0.47834 0.310334  1.19024 0.480829 0.306631  1.18657
 0.47834 0.310334  1.19024 0.480829 0.306631  1.18657
 0.47834 0.310334  1.19024  0.48083 0.306631  1.18657
 0.47834 0.310334  1.19024  0.48083 0.306631  1.18657
 0.47834 0.310334  1.19024  0.48083 0.306631  1.18657
 0.47834 0.310334  1.19024 0.48083 0.30663 1.18657
 0.47834 0.310334  1.19024 0.48083 0.30663 1.18657
 0.47834 0.310334  1.19024 0.48083 0.30663 1.18657
 0.47834 0.310334  1.19024 0.48083 0.30663 1.18657
 0.47834 0.310334  1.19024 0.48083 0.30663 1.18657
 0.47834 0.310334  1.19024 0.48083 0.30663 1.18657
 0.47834 0.310334  1.19024 0.48083 0.30663 1.18657
 0.47834 0.310334  1.19024  0.48083 0.306629  1.18657
 0.47834 0.310334  1.19024  0.48083 0.306629  1.18657
 0.47834 0.310334  1.19024  0.48083 0.306629  1.18657
 0.47834 0.310334  1.19024  0.48083 0.306629  1.18657
 0.47834 0.310334  1.19024  0.48083 0.306629  1.18657
 0.47834 0.310334  1.19024  0.48083 0.306629  1.18657
 0.47834 0.310334  1.19024 0.480831 0.306629  1.18657
 0.47834 0.310334  1.19024 0.480831 0.306628  1.18657
 0.47834 0.310334  1.19024 0.480831 0.306628  1.18657
 0.47834 0.310334  1.19024 0.480831 0.306628  1.18657
 0.47834 0.310334  1.19024 0.480831 0.306628  1.18657
 0.47834 0.310334  1.19024 0.480831 0.306628  1.18657
 0.47834 0.310334  1.19024 0.480831 0.306628  1.18657
 0.47834 0.310334  1.19024 0.480831 0.306627  1.18657
 0.47834 0.310334  1.19024 0.480831 0.306627  1.18657
 0.47834 0.310334  1.19024 0.480831 0.306627  1.18657
 0.47834 0.310334  1.19024 0.480831 0.306627  1.18657
 0.47834 0.310334  1.19024 0.480831 0.306627  1.18657
 0.47834 0.310334  1.19024 0.480831 0.306627  1.18657
 0.47834 0.310334  1.19024 0.480831 0.306626  1.18657
 0.47834 0.310334  1.19024 0.480831 0.306626  1.18657
 0.47834 0.310334  1.19024 0.480831 0.306626  1.18657
 0.47834 0.310334  1.19024 0.480832 0.306626  1.18657
 0.47834 0.310334  1.19024 0.480832 0.306626  1.18657
 0.47834 0.310334  1.19024 0.480832 0.306626  1.18657
 0.47834 0.310334  1.19024 0.480832 0.306626  1.18657
 0.47834 0.310334  1.19024 0.480832 0.306625  1.18657
 0.47834 0.310334  1.19024 0.480832 0.306625  1.18657
 0.47834 0.310334  1.19024 0.480832 0.306625  1.18657
 0.47834 0.310334  1.19024 0.480832 0.306625  1.18657
 0.47834 0.310334  1.19024 0.480832 0.306625  1.18657
 0.47834 0.310334  1.19024 0.480832 0.306625  1.18657
 0.47834 0.310334  1.19024 0.480832 0.306624  1.18657
 0.47834 0.310334  1.19024 0.480832 0.306624  1.18657
 0.47834 0.310334  1.19024 0.480832 0.306624  1.18657
 0.47834 0.310334  1.19024 0.480832 0.306624  1.18657
 0.47834 0.310334  1.19024 0.480832 0.306624  1.18657
 0.47834 0.310334  1.19024 0.480833 0.306624  1.18657
 0.47834 0.310334  1.19024 0.480833 0.306623  1.18657
 0.47834 0.310334  1.19024 0.480833 0.306623  1.18657
 0.47834 0.310334  1.19024 0.480833 0.306623  1.18657
 0.47834 0.310334  1.19024 0.480833 0.306623  1.18657
 0.47834 0.310334  1.19024 0.480833 0.306623  1.18657
 0.47834 0.310334  1.19024 0.480833 0.306623  1.18657
 0.47834 0.310334  1.19024 0.480833 0.306622  1.18657
 0.47834 0.310334  1.19024 0.480833 0.306622  1.18657
 0.47834 0.310334  1.19024 0.480833 0.306622  1.18657
 0.47834 0.310334  1.19024 0.480833 0.306622  1.18657
 0.47834 0.310334  1.19024 0.480833 0.306622  1.18657
 0.47834 0.310334  1.19024 0.480833 0.306622  1.18657
 0.47834 0.310334  1.19024 0.480833 0.306621  1.18657
 0.47834 0.310334  1.19024 0.480833 0.306621  1.18657
 0.47834 0.310334  1.19024 0.480833 0.306621  1.18657
 0.47834 0.310334  1.19024 0.480833 0.306621  1.18657
 0.47834 0.310334  1.19024 0.480834 0.306621  1.18657
 0.47834 0.310334  1.19024 0.480834 0.306621  1.18657
 0.47834 0.310334  1.19024 0.480834  0.30662  1.18657
 0.47834 0.310334  1.19024 0.480834  0.30662  1.18657
 0.47834 0.310334  1.19024 0.480834  0.30662  1.18657
 0.47834 0.310334  1.19024 0.480834  0.30662  1.18657
 0.47834 0.310334  1.19024 0.480834  0.30662  1.18657
 0.47834 0.310334  1.19024 0.480834  0.30662  1.18657
 0.47834 0.310334  1.19024 0.480834 0.306619  1.18657
 0.47834 0.310334  1.19024 0.480834 0.306619  1.18657
 0.47834 0.310334  1.19024 0.480834 0.306619  1.18657
 0.47834 0.310334  1.19024 0.480834 0.306619  1.18657
 0.47834 0.310334  1.19024 0.480834 0.306619  1.18657
 0.47834 0.310334  1.19024 0.480834 0.306619  1.18657
 0.47834 0.310334  1.19024 0.480834 0.306618  1.18657
 0.47834 0.310334  1.19024 0.480835 0.306618  1.18657
 0.47834 0.310334  1.19024 0.480835 0.306618  1.18657
 0.47834 0.310334  1.19024 0.480835 0.306618  1.18657
 0.47834 0.310334  1.19024 0.480835 0.306618  1.18657
 0.47834 0.310334  1.19024 0.480835 0.306618  1.18657
 0.47834 0.310334  1.19024 0.480835 0.306617  1.18657
 0.47834 0.310334  1.19024 0.480835 0.306617  1.18657
 0.47834 0.310334  1.19024 0.480835 0.306617  1.18657
 0.47834 0.310334  1.19024 0.480835 0.306617  1.18657
 0.47834 0.310334  1.19024 0.480835 0.306617  1.18657
 0.47834 0.310334  1.19024 0.480835 0.306617  1.18657
 0.47834 0.310334  1.19024 0.480835 0.306616  1.18657
 0.47834 0.310334  1.19024 0.480835 0.306616  1.18657
 0.47834 0.310334  1.19024 0.480835 0.306616  1.18657
 0.47834 0.310334  1.19024 0.480835 0.306616  1.18657
 0.47834 0.310334  1.19024 0.480835 0.306616  1.18657
 0.47834 0.310334  1.19024 0.480835 0.306615  1.18657
 0.47834 0.310334  1.19024 0.480836 0.306615  1.18657
 0.47834 0.310334  1.19024 0.480836 0.306615  1.18657
 0.47834 0.310334  1.19024 0.480836 0.306615  1.18657
 0.47834 0.310334  1.19024 0.480836 0.306615  1.18657
 0.47834 0.310334  1.19024 0.480836 0.306615  1.18657
 0.47834 0.310334  1.19024 0.480836 0.306614  1.18657
 0.47834 0.310334  1.19024 0.480836 0.306614  1.18657
 0.47834 0.310334  1.19024 0.480836 0.306614  1.18657
 0.47834 0.310334  1.19024 0.480836 0.306614  1.18657
 0.47834 0.310334  1.19024 0.480836 0.306614  1.18657
 0.47834 0.310334  1.19024 0.480836 0.306614  1.18657
 0.47834 0.310334  1.19024 0.480836 0.306613  1.18657
 0.47834 0.310334  1.19024 0.480836 0.306613  1.18657
 0.47834 0.310334  1.19024 0.480836 0.306613  1.18657
 0.47834 0.310334  1.19024 0.480836 0.306613  1.18657
 0.47834 0.310334  1.19024 0.480836 0.306613  1.18657
 0.47834 0.310334  1.19024 0.480836 0.306613  1.18657
 0.47834 0.310334  1.19024 0.480837 0.306612  1.18657
 0.47834 0.310334  1.19024 0.480837 0.306612  1.18657
 0.47834 0.310334  1.19024 0.480837 0.306612  1.18657
 0.47834 0.310334  1.19024 0.480837 0.306612  1.18657
 0.47834 0.310334  1.19024 0.480837 0.306612  1.18657
 0.47834 0.310334  1.19024 0.480837 0.306612  1.18657
 0.47834 0.310334  1.19024 0.480837 0.306611  1.18657
 0.47834 0.310334  1.19024 0.480837 0.306611  1.18657
 0.47834 0.310334  1.19024 0.480837 0.306611  1.18657
 0.47834 0.310334  1.19024 0.480837 0.306611  1.18657
 0.47834 0.310334  1.19024 0.480837 0.306611  1.18657
 0.47834 0.310334  1.19024 0.480837  0.30661  1.18657
 0.47834 0.310334  1.19024 0.480837  0.30661  1.18657
 0.47834 0.310334  1.19024 0.480837  0.30661  1.18657
 0.47834 0.310334  1.19024 0.480837  0.30661  1.18657
 0.47834 0.310334  1.19024 0.480838  0.30661  1.18657
 0.47834 0.310334  1.19024 0.480838  0.30661  1.18657
 0.47834 0.310334  1.19024 0.480838 0.306609  1.18657
 0.47834 0.310334  1.19024 0.480838 0.306609  1.18657
 0.47834 0.310334  1.19024 0.480838 0.306609  1.18657
 0.47834 0.310334  1.19024 0.480838 0.306609  1.18657
 0.47834 0.310334  1.19024 0.480838 0.306609  1.18657
 0.47834 0.310334  1.19024 0.480838 0.306608  1.18657
 0.47834 0.310334  1.19024 0.480838 0.306608  1.18657
 0.47834 0.310334  1.19024 0.480838 0.306608  1.18657
 0.47834 0.310334  1.19024 0.480838 0.306608  1.18657
 0.47834 0.310334  1.19024 0.480838 0.306608  1.18657
 0.47834 0.310334  1.19024 0.480838 0.306608  1.18657
 0.47834 0.310334  1.19024 0.480838 0.306607  1.18657
 0.47834 0.310334  1.19024 0.480838 0.306607  1.18657
 0.47834 0.310334  1.19024 0.480838 0.306607  1.18657
 0.47834 0.310334  1.19024 0.480838 0.306607  1.18657
 0.47834 0.310334  1.19024 0.480839 0.306607  1.18657
 0.47834 0.310334  1.19024 0.480839 0.306607  1.18657
 0.47834 0.310334  1.19024 0.480839 0.306606  1.18657
 0.47834 0.310334  1.19024 0.480839 0.306606  1.18657
 0.47834 0.310334  1.19024 0.480839 0.306606  1.18657
 0.47834 0.310334  1.19024 0.480839 0.306606  1.18657
 0.47834 0.310334  1.19024 0.480839 0.306606  1.18657
 0.47834 0.310334  1.19024 0.480839 0.306605  1.18657
 0.47834 0.310334  1.19024 0.480839 0.306605  1.18657
 0.47834 0.310334  1.19024 0.480839 0.306605  1.18657
 0.47834 0.310334  1.19024 0.480839 0.306605  1.18657
 0.47834 0.310334  1.19024 0.480839 0.306605  1.18657
 0.47834 0.310334  1.19024 0.480839 0.306605  1.18657
 0.47834 0.310334  1.19024 0.480839 0.306604  1.18657
 0.47834 0.310334  1.19024 0.480839 0.306604  1.18657
 0.47834 0.310334  1.19024 0.480839 0.306604  1.18657
 0.47834 0.310334  1.19024 0.480839 0.306604  1.18657
 0.47834 0.310334  1.19024 0.480839 0.306604  1.18657
 0.47834 0.310334  1.19024  0.48084 0.306603  1.18657
 0.47834 0.310334  1.19024  0.48084 0.306603  1.18657
 0.47834 0.310334  1.19024  0.48084 0.306603  1.18657
 0.47834 0.310334  1.19024  0.48084 0.306603  1.18657
 0.47834 0.310334  1.19024  0.48084 0.306603  1.18657
 0.47834 0.310334  1.19024  0.48084 0.306603  1.18657
 0.47834 0.310334  1.19024  0.48084 0.306602  1.18657
 0.47834 0.310334  1.19024  0.48084 0.306602  1.18657
 0.47834 0.310334  1.19024  0.48084 0.306602  1.18657
 0.47834 0.310334  1.19024  0.48084 0.306602  1.18657
 0.47834 0.310334  1.19024  0.48084 0.306602  1.18657
 0.47834 0.310334  1.19024  0.48084 0.306602  1.18657
 0.47834 0.310334  1.19024  0.48084 0.306601  1.18657
 0.47834 0.310334  1.19024  0.48084 0.306601  1.18657
 0.47834 0.310334  1.19024  0.48084 0.306601  1.18657
 0.47834 0.310334  1.19024  0.48084 0.306601  1.18657
 0.47834 0.310334  1.19024  0.48084 0.306601  1.18657
 0.47834 0.310334  1.19024 0.480841   0.3066  1.18657
 0.47834 0.310334  1.19024 0.480841   0.3066  1.18657
 0.47834 0.310334  1.19024 0.480841   0.3066  1.18657
 0.47834 0.310334  1.19024 0.480841   0.3066  1.18657
 0.47834 0.310334  1.19024 0.480841   0.3066  1.18657
 0.47834 0.310334  1.19024 0.480841   0.3066  1.18657
 0.47834 0.310334  1.19024 0.480841 0.306599  1.18657
 0.47834 0.310334  1.19024 0.480841 0.306599  1.18657
 0.47834 0.310334  1.19024 0.480841 0.306599  1.18657
 0.47834 0.310334  1.19024 0.480841 0.306599  1.18657
 0.47834 0.310334  1.19024 0.480841 0.306599  1.18657
 0.47834 0.310334  1.19024 0.480841 0.306599  1.18657
 0.47834 0.310334  1.19024 0.480841 0.306598  1.18657
 0.47834 0.310334  1.19024 0.480841 0.306598  1.18657
 0.47834 0.310334  1.19024 0.480841 0.306598  1.18657
 0.47834 0.310334  1.19024 0.480841 0.306598  1.18657
 0.47834 0.310334  1.19024 0.480841 0.306598  1.18657
 0.47834 0.310334  1.19024 0.480841 0.306597  1.18657
 0.47834 0.310334  1.19024 0.480841 0.306597  1.18657
 0.47834 0.310334  1.19024 0.480842 0.306597  1.18657
 0.47834 0.310334  1.19024 0.480842 0.306597  1.18657
 0.47834 0.310334  1.19024 0.480842 0.306597  1.18657
 0.47834 0.310334  1.19024 0.480842 0.306597  1.18657
 0.47834 0.310334  1.19024 0.480842 0.306596  1.18657
 0.47834 0.310334  1.19024 0.480842 0.306596  1.18657
 0.47834 0.310334  1.19024 0.480842 0.306596  1.18657
 0.47834 0.310334  1.19024 0.480842 0.306596  1.18657
 0.47834 0.310334  1.19024 0.480842 0.306596  1.18657
 0.47834 0.310334  1.19024 0.480842 0.306596  1.18657
 0.47834 0.310334  1.19024 0.480842 0.306595  1.18657
 0.47834 0.310334  1.19024 0.480842 0.306595  1.18657
 0.47834 0.310334  1.19024 0.480842 0.306595  1.18657
 0.47834 0.310334  1.19024 0.480842 0.306595  1.18657
 0.47834 0.310334  1.19024 0.480843 0.306595  1.18657
 0.47834 0.310334  1.19024 0.480842 0.306595  1.18657
 0.47834 0.310334  1.19024 0.480843 0.306594  1.18657
 0.47834 0.310334  1.19024 0.480843 0.306594  1.18657
 0.47834 0.310334  1.19024 0.480843 0.306594  1.18657
 0.47834 0.310334  1.19024 0.480843 0.306594  1.18657
 0.47834 0.310334  1.19024 0.480843 0.306594  1.18657
 0.47834 0.310334  1.19024 0.480843 0.306594  1.18657
 0.47834 0.310334  1.19024 0.480843 0.306593  1.18657
 0.47834 0.310334  1.19024 0.480843 0.306593  1.18657
 0.47834 0.310334  1.19024 0.480843 0.306593  1.18657
 0.47834 0.310334  1.19024 0.480843 0.306593  1.18657
 0.47834 0.310334  1.19024 0.480843 0.306593  1.18657
 0.47834 0.310334  1.19024 0.480843 0.306592  1.18657
 0.47834 0.310334  1.19024 0.480843 0.306592  1.18657
 0.47834 0.310334  1.19024 0.480843 0.306592  1.18657
 0.47834 0.310334  1.19024 0.480843 0.306592  1.18657
 0.47834 0.310334  1.19024 0.480844 0.306592  1.18657
 0.47834 0.310334  1.19024 0.480844 0.306592  1.18657
 0.47834 0.310334  1.19024 0.480844 0.306591  1.18657
 0.47834 0.310334  1.19024 0.480844 0.306591  1.18657
 0.47834 0.310334  1.19024 0.480844 0.306591  1.18657
 0.47834 0.310334  1.19024 0.480844 0.306591  1.18657
 0.47834 0.310334  1.19024 0.480844 0.306591  1.18657
 0.47834 0.310334  1.19024 0.480844 0.306591  1.18657
 0.47834 0.310334  1.19024 0.480844  0.30659  1.18657
 0.47834 0.310334  1.19024 0.480844  0.30659  1.18657
 0.47834 0.310334  1.19024 0.480844  0.30659  1.18657
 0.47834 0.310334  1.19024 0.480844  0.30659  1.18657
 0.47834 0.310334  1.19024 0.480844  0.30659  1.18657
 0.47834 0.310334  1.19024 0.480844  0.30659  1.18657
 0.47834 0.310334  1.19024 0.480844 0.306589  1.18657
 0.47834 0.310334  1.19024 0.480844 0.306589  1.18657
 0.47834 0.310334  1.19024 0.480844 0.306589  1.18657
 0.47834 0.310334  1.19024 0.480844 0.306589  1.18657
 0.47834 0.310334  1.19024 0.480845 0.306589  1.18657
 0.47834 0.310334  1.19024 0.480845 0.306589  1.18657
 0.47834 0.310334  1.19024 0.480845 0.306588  1.18657
 0.47834 0.310334  1.19024 0.480845 0.306588  1.18657
 0.47834 0.310334  1.19024 0.480845 0.306588  1.18657
 0.47834 0.310334  1.19024 0.480845 0.306588  1.18657
 0.47834 0.310334  1.19024 0.480845 0.306588  1.18657
 0.47834 0.310334  1.19024 0.480845 0.306588  1.18658
 0.47834 0.310334  1.19024 0.480845 0.306587  1.18658
 0.47834 0.310334  1.19024 0.480845 0.306587  1.18658
 0.47834 0.310334  1.19024 0.480845 0.306587  1.18658
 0.47834 0.310334  1.19024 0.480845 0.306587  1.18658
 0.47834 0.310334  1.19024 0.480845 0.306587  1.18658
 0.47834 0.310334  1.19024 0.480845 0.306587  1.18658
 0.47834 0.310334  1.19024 0.480845 0.306586  1.18658
 0.47834 0.310334  1.19024 0.480845 0.306586  1.18658
 0.47834 0.310334  1.19024 0.480845 0.306586  1.18658
 0.47834 0.310334  1.19024 0.480845 0.306586  1.18658
 0.47834 0.310334  1.19024 0.480845 0.306586  1.18658
 0.47834 0.310334  1.19024 0.480846 0.306586  1.18658
 0.47834 0.310334  1.19024 0.480846 0.306585  1.18658
 0.47834 0.310334  1.19024 0.480846 0.306585  1.18658
 0.47834 0.310334  1.19024 0.480846 0.306585  1.18658
 0.47834 0.310334  1.19024 0.480846 0.306585  1.18658
 0.47834 0.310334  1.19024 0.480846 0.306585  1.18658
 0.47834 0.310334  1.19024 0.480846 0.306585  1.18658
 0.47834 0.310334  1.19024 0.480846 0.306585  1.18658
 0.47834 0.310334  1.19024 0.480846 0.306584  1.18658
 0.47834 0.310334  1.19024 0.480846 0.306584  1.18658
 0.47834 0.310334  1.19024 0.480846 0.306584  1.18658
 0.47834 0.310334  1.19024 0.480846 0.306584  1.18658
 0.47834 0.310334  1.19024 0.480846 0.306584  1.18658
 0.47834 0.310334  1.19024 0.480846 0.306584  1.18658
 0.47834 0.310334  1.19024 0.480846 0.306583  1.18658
 0.47834 0.310334  1.19024 0.480846 0.306583  1.18658
 0.47834 0.310334  1.19024 0.480846 0.306583  1.18658
 0.47834 0.310334  1.19024 0.480846 0.306583  1.18658
 0.47834 0.310334  1.19024 0.480847 0.306583  1.18658
 0.47834 0.310334  1.19024 0.480847 0.306583  1.18658
 0.47834 0.310334  1.19024 0.480847 0.306582  1.18658
 0.47834 0.310334  1.19024 0.480847 0.306582  1.18658
 0.47834 0.310334  1.19024 0.480847 0.306582  1.18658
 0.47834 0.310334  1.19024 0.480847 0.306582  1.18658
 0.47834 0.310334  1.19024 0.480847 0.306582  1.18658
 0.47834 0.310334  1.19024 0.480847 0.306582  1.18658
 0.47834 0.310334  1.19024 0.480847 0.306582  1.18658
 0.47834 0.310334  1.19024 0.480847 0.306581  1.18658
 0.47834 0.310334  1.19024 0.480847 0.306581  1.18658
 0.47834 0.310334  1.19024 0.480847 0.306581  1.18658
 0.47834 0.310334  1.19024 0.480847 0.306581  1.18658
 0.47834 0.310334  1.19024 0.480847 0.306581  1.18658
 0.47834 0.310334  1.19024 0.480847 0.306581  1.18658
 0.47834 0.310334  1.19024 0.480847  0.30658  1.18658
 0.47834 0.310334  1.19024 0.480848  0.30658  1.18658
 0.47834 0.310334  1.19024 0.480848  0.30658  1.18658
 0.47834 0.310334  1.19024 0.480848  0.30658  1.18658
 0.47834 0.310334  1.19024 0.480848  0.30658  1.18658
 0.47834 0.310334  1.19024 0.480848  0.30658  1.18658
 0.47834 0.310334  1.19024 0.480848 0.306579  1.18658
 0.47834 0.310334  1.19024 0.480848 0.306579  1.18658
 0.47834 0.310334  1.19024 0.480848 0.306579  1.18658
 0.47834 0.310334  1.19024 0.480848 0.306579  1.18658
 0.47834 0.310334  1.19024 0.480848 0.306579  1.18658
 0.47834 0.310334  1.19024 0.480848 0.306579  1.18658
 0.47834 0.310334  1.19024 0.480848 0.306579  1.18658
 0.47834 0.310334  1.19024 0.480848 0.306578  1.18658
 0.47834 0.310334  1.19024 0.480848 0.306578  1.18658
 0.47834 0.310334  1.19024 0.480848 0.306578  1.18658
 0.47834 0.310334  1.19024 0.480848 0.306578  1.18658
 0.47834 0.310334  1.19024 0.480849 0.306578  1.18658
 0.47834 0.310334  1.19024 0.480849 0.306578  1.18658
 0.47834 0.310334  1.19024 0.480849 0.306578  1.18658
 0.47834 0.310334  1.19024 0.480849 0.306577  1.18658
 0.47834 0.310334  1.19024 0.480849 0.306577  1.18658
 0.47834 0.310334  1.19024 0.480849 0.306577  1.18658
 0.47834 0.310334  1.19024 0.480849 0.306577  1.18658
 0.47834 0.310334  1.19024 0.480849 0.306577  1.18658
 0.47834 0.310334  1.19024 0.480849 0.306577  1.18658
 0.47834 0.310334  1.19024 0.480849 0.306576  1.18658
 0.47834 0.310334  1.19024 0.480849 0.306576  1.18658
 0.47834 0.310334  1.19024 0.480849 0.306576  1.18658
 0.47834 0.310334  1.19024 0.480849 0.306576  1.18658
 0.47834 0.310334  1.19024 0.480849 0.306576  1.18658
 0.47834 0.310334  1.19024 0.480849 0.306576  1.18658
 0.47834 0.310334  1.19024 0.480849 0.306576  1.18658
 0.47834 0.310334  1.19024 0.480849 0.306576  1.18658
 0.47834 0.310334  1.19024  0.48085 0.306575  1.18658
 0.47834 0.310334  1.19024  0.48085 0.306575  1.18658
 0.47834 0.310334  1.19024  0.48085 0.306575  1.18658
 0.47834 0.310334  1.19024  0.48085 0.306575  1.18658
 0.47834 0.310334  1.19024  0.48085 0.306575  1.18658
 0.47834 0.310334  1.19024  0.48085 0.306575  1.18658
 0.47834 0.310334  1.19024  0.48085 0.306575  1.18658
 0.47834 0.310334  1.19024  0.48085 0.306574  1.18658
 0.47834 0.310334  1.19024  0.48085 0.306574  1.18658
 0.47834 0.310334  1.19024  0.48085 0.306574  1.18658
 0.47834 0.310334  1.19024  0.48085 0.306574  1.18658
 0.47834 0.310334  1.19024  0.48085 0.306574  1.18658
 0.47834 0.310334  1.19024  0.48085 0.306574  1.18658
 0.47834 0.310334  1.19024  0.48085 0.306573  1.18658
 0.47834 0.310334  1.19024  0.48085 0.306573  1.18658
 0.47834 0.310334  1.19024  0.48085 0.306573  1.18658
 0.47834 0.310334  1.19024  0.48085 0.306573  1.18658
 0.47834 0.310334  1.19024 0.480851 0.306573  1.18658
 0.47834 0.310334  1.19024 0.480851 0.306573  1.18658
 0.47834 0.310334  1.19024 0.480851 0.306573  1.18658
 0.47834 0.310334  1.19024 0.480851 0.306573  1.18658
 0.47834 0.310334  1.19024 0.480851 0.306572  1.18658
 0.47834 0.310334  1.19024 0.480851 0.306572  1.18658
 0.47834 0.310334  1.19024 0.480851 0.306572  1.18658
 0.47834 0.310334  1.19024 0.480851 0.306572  1.18658
 0.47834 0.310334  1.19024 0.480851 0.306572  1.18658
 0.47834 0.310334  1.19024 0.480851 0.306572  1.18658
 0.47834 0.310334  1.19024 0.480851 0.306572  1.18658
 0.47834 0.310334  1.19024 0.480851 0.306571  1.18658
 0.47834 0.310334  1.19024 0.480851 0.306571  1.18658
 0.47834 0.310334  1.19024 0.480851 0.306571  1.18658
 0.47834 0.310334  1.19024 0.480851 0.306571  1.18658
 0.47834 0.310334  1.19024 0.480851 0.306571  1.18658
 0.47834 0.310334  1.19024 0.480851 0.306571  1.18658
 0.47834 0.310334  1.19024 0.480852 0.306571  1.18658
 0.47834 0.310334  1.19024 0.480852  0.30657  1.18658
 0.47834 0.310334  1.19024 0.480852  0.30657  1.18658
 0.47834 0.310334  1.19024 0.480852  0.30657  1.18658
 0.47834 0.310334  1.19024 0.480852  0.30657  1.18658
 0.47834 0.310334  1.19024 0.480852  0.30657  1.18658
 0.47834 0.310334  1.19024 0.480852  0.30657  1.18658
 0.47834 0.310334  1.19024 0.480852  0.30657  1.18658
 0.47834 0.310334  1.19024 0.480852 0.306569  1.18658
 0.47834 0.310334  1.19024 0.480852 0.306569  1.18658
 0.47834 0.310334  1.19024 0.480852 0.306569  1.18658
 0.47834 0.310334  1.19024 0.480852 0.306569  1.18658
 0.47834 0.310334  1.19024 0.480852 0.306569  1.18658
 0.47834 0.310334  1.19024 0.480852 0.306569  1.18658
 0.47834 0.310334  1.19024 0.480852 0.306569  1.18658
 0.47834 0.310334  1.19024 0.480853 0.306569  1.18658
 0.47834 0.310334  1.19024 0.480853 0.306568  1.18658
 0.47834 0.310334  1.19024 0.480853 0.306568  1.18658
 0.47834 0.310334  1.19024 0.480853 0.306568  1.18658
 0.47834 0.310334  1.19024 0.480853 0.306568  1.18658
 0.47834 0.310334  1.19024 0.480853 0.306568  1.18658
 0.47834 0.310334  1.19024 0.480853 0.306568  1.18658
 0.47834 0.310334  1.19024 0.480853 0.306568  1.18658
 0.47834 0.310334  1.19024 0.480853 0.306567  1.18658
 0.47834 0.310334  1.19024 0.480853 0.306567  1.18658
 0.47834 0.310334  1.19024 0.480853 0.306567  1.18658
 0.47834 0.310334  1.19024 0.480853 0.306567  1.18658
 0.47834 0.310334  1.19024 0.480853 0.306567  1.18658
 0.47834 0.310334  1.19024 0.480853 0.306567  1.18658
 0.47834 0.310334  1.19024 0.480853 0.306567  1.18658
 0.47834 0.310334  1.19024 0.480854 0.306567  1.18658
 0.47834 0.310334  1.19024 0.480854 0.306566  1.18658
 0.47834 0.310334  1.19024 0.480854 0.306566  1.18658
 0.47834 0.310334  1.19024 0.480854 0.306566  1.18658
 0.47834 0.310334  1.19024 0.480854 0.306566  1.18658
 0.47834 0.310334  1.19024 0.480854 0.306566  1.18658
 0.47834 0.310334  1.19024 0.480854 0.306566  1.18658
 0.47834 0.310334  1.19024 0.480854 0.306566  1.18658
 0.47834 0.310334  1.19024 0.480854 0.306565  1.18658
 0.47834 0.310334  1.19024 0.480854 0.306565  1.18658
 0.47834 0.310334  1.19024 0.480854 0.306565  1.18658
 0.47834 0.310334  1.19024 0.480854 0.306565  1.18658
 0.47834 0.310334  1.19024 0.480854 0.306565  1.18658
 0.47834 0.310334  1.19024 0.480854 0.306565  1.18658
 0.47834 0.310334  1.19024 0.480854 0.306565  1.18658
 0.47834 0.310334  1.19024 0.480854 0.306564  1.18658
 0.47834 0.310334  1.19024 0.480854 0.306564  1.18658
 0.47834 0.310334  1.19024 0.480855 0.306564  1.18658
 0.47834 0.310334  1.19024 0.480855 0.306564  1.18658
 0.47834 0.310334  1.19024 0.480855 0.306564  1.18658
 0.47834 0.310334  1.19024 0.480855 0.306564  1.18658
 0.47834 0.310334  1.19024 0.480855 0.306564  1.18658
 0.47834 0.310334  1.19024 0.480855 0.306564  1.18658
 0.47834 0.310334  1.19024 0.480855 0.306563  1.18658
 0.47834 0.310334  1.19024 0.480855 0.306563  1.18658
 0.47834 0.310334  1.19024 0.480855 0.306563  1.18658
 0.47834 0.310334  1.19024 0.480855 0.306563  1.18658
 0.47834 0.310334  1.19024 0.480855 0.306563  1.18658
 0.47834 0.310334  1.19024 0.480855 0.306563  1.18658
 0.47834 0.310334  1.19024 0.480855 0.306563  1.18658
 0.47834 0.310334  1.19024 0.480855 0.306563  1.18658
 0.47834 0.310334  1.19024 0.480856 0.306562  1.18658
 0.47834 0.310334  1.19024 0.480856 0.306562  1.18658
 0.47834 0.310334  1.19024 0.480856 0.306562  1.18658
 0.47834 0.310334  1.19024 0.480856 0.306562  1.18658
 0.47834 0.310334  1.19024 0.480856 0.306562  1.18658
 0.47834 0.310334  1.19024 0.480856 0.306562  1.18658
 0.47834 0.310334  1.19024 0.480856 0.306562  1.18658
 0.47834 0.310334  1.19024 0.480856 0.306562  1.18658
 0.47834 0.310334  1.19024 0.480856 0.306561  1.18658
 0.47834 0.310334  1.19024 0.480856 0.306561  1.18658
 0.47834 0.310334  1.19024 0.480856 0.306561  1.18658
 0.47834 0.310334  1.19024 0.480856 0.306561  1.18658
 0.47834 0.310334  1.19024 0.480856 0.306561  1.18658
 0.47834 0.310334  1.19024 0.480856 0.306561  1.18658
 0.47834 0.310334  1.19024 0.480856 0.306561  1.18658
 0.47834 0.310334  1.19024 0.480856 0.306561  1.18658
 0.47834 0.310334  1.19024 0.480857  0.30656  1.18658
 0.47834 0.310334  1.19024 0.480857  0.30656  1.18658
 0.47834 0.310334  1.19024 0.480857  0.30656  1.18658
 0.47834 0.310334  1.19024 0.480857  0.30656  1.18658
 0.47834 0.310334  1.19024 0.480857  0.30656  1.18658
 0.47834 0.310334  1.19024 0.480857  0.30656  1.18658
 0.47834 0.310334  1.19024 0.480857  0.30656  1.18658
 0.47834 0.310334  1.19024 0.480857  0.30656  1.18658
 0.47834 0.310334  1.19024 0.480857 0.306559  1.18658
 0.47834 0.310334  1.19024 0.480857 0.306559  1.18658
 0.47834 0.310334  1.19024 0.480857 0.306559  1.18658
 0.47834 0.310334  1.19024 0.480857 0.306559  1.18658
 0.47834 0.310334  1.19024 0.480857 0.306559  1.18658
 0.47834 0.310334  1.19024 0.480857 0.306559  1.18658
 0.47834 0.310334  1.19024 0.480857 0.306559  1.18658
 0.47834 0.310334  1.19024 0.480857 0.306558  1.18658
 0.47834 0.310334  1.19024 0.480858 0.306558  1.18658
 0.47834 0.310334  1.19024 0.480858 0.306558  1.18658
 0.47834 0.310334  1.19024 0.480858 0.306558  1.18658
 0.47834 0.310334  1.19024 0.480858 0.306558  1.18658
 0.47834 0.310334  1.19024 0.480858 0.306558  1.18658
 0.47834 0.310334  1.19024 0.480858 0.306558  1.18658
 0.47834 0.310334  1.19024 0.480858 0.306558  1.18658
 0.47834 0.310334  1.19024 0.480858 0.306558  1.18658
 0.47834 0.310334  1.19024 0.480858 0.306557  1.18658
 0.47834 0.310334  1.19024 0.480858 0.306557  1.18658
 0.47834 0.310334  1.19024 0.480858 0.306557  1.18658
 0.47834 0.310334  1.19024 0.480858 0.306557  1.18658
 0.47834 0.310334  1.19024 0.480858 0.306557  1.18658
 0.47834 0.310334  1.19024 0.480858 0.306557  1.18658
 0.47834 0.310334  1.19024 0.480858 0.306557  1.18658
 0.47834 0.310334  1.19024 0.480859 0.306557  1.18658
 0.47834 0.310334  1.19024 0.480859 0.306556  1.18658
 0.47834 0.310334  1.19024 0.480859 0.306556  1.18658
 0.47834 0.310334  1.19024 0.480859 0.306556  1.18658
 0.47834 0.310334  1.19024 0.480859 0.306556  1.18658
 0.47834 0.310334  1.19024 0.480859 0.306556  1.18658
 0.47834 0.310334  1.19024 0.480859 0.306556  1.18658
 0.47834 0.310334  1.19024 0.480859 0.306556  1.18658
 0.47834 0.310334  1.19024 0.480859 0.306556  1.18658
 0.47834 0.310334  1.19024 0.480859 0.306556  1.18658
 0.47834 0.310334  1.19024 0.480859 0.306555  1.18658
 0.47834 0.310334  1.19024 0.480859 0.306555  1.18658
 0.47834 0.310334  1.19024 0.480859 0.306555  1.18658
 0.47834 0.310334  1.19024 0.480859 0.306555  1.18658
 0.47834 0.310334  1.19024  0.48086 0.306555  1.18658
 0.47834 0.310334  1.19024  0.48086 0.306555  1.18658
 0.47834 0.310334  1.19024  0.48086 0.306555  1.18658
 0.47834 0.310334  1.19024  0.48086 0.306555  1.18658
 0.47834 0.310334  1.19024  0.48086 0.306555  1.18658
 0.47834 0.310334  1.19024  0.48086 0.306554  1.18658
 0.47834 0.310334  1.19024  0.48086 0.306554  1.18658
 0.47834 0.310334  1.19024  0.48086 0.306554  1.18658
 0.47834 0.310334  1.19024  0.48086 0.306554  1.18658
 0.47834 0.310334  1.19024  0.48086 0.306554  1.18658
 0.47834 0.310334  1.19024  0.48086 0.306554  1.18658
 0.47834 0.310334  1.19024  0.48086 0.306554  1.18658
 0.47834 0.310334  1.19024  0.48086 0.306554  1.18658
 0.47834 0.310334  1.19024  0.48086 0.306553  1.18658
 0.47834 0.310334  1.19024  0.48086 0.306553  1.18658
 0.47834 0.310334  1.19024 0.480861 0.306553  1.18658
 0.47834 0.310334  1.19024 0.480861 0.306553  1.18658
 0.47834 0.310334  1.19024 0.480861 0.306553  1.18658
 0.47834 0.310334  1.19024 0.480861 0.306553  1.18658
 0.47834 0.310334  1.19024 0.480861 0.306553  1.18658
 0.47834 0.310334  1.19024 0.480861 0.306553  1.18658
 0.47834 0.310334  1.19024 0.480861 0.306552  1.18658
 0.47834 0.310334  1.19024 0.480861 0.306552  1.18658
 0.47834 0.310334  1.19024 0.480861 0.306552  1.18658
 0.47834 0.310334  1.19024 0.480861 0.306552  1.18658
 0.47834 0.310334  1.19024 0.480861 0.306552  1.18658
 0.47834 0.310334  1.19024 0.480861 0.306552  1.18658
 0.47834 0.310334  1.19024 0.480861 0.306552  1.18658
 0.47834 0.310334  1.19024 0.480861 0.306552  1.18658
 0.47834 0.310334  1.19024 0.480862 0.306552  1.18658
 0.47834 0.310334  1.19024 0.480862 0.306551  1.18658
 0.47834 0.310334  1.19024 0.480862 0.306551  1.18658
 0.47834 0.310334  1.19024 0.480862 0.306551  1.18658
 0.47834 0.310334  1.19024 0.480862 0.306551  1.18658
 0.47834 0.310334  1.19024 0.480862 0.306551  1.18658
 0.47834 0.310334  1.19024 0.480862 0.306551  1.18658
 0.47834 0.310334  1.19024 0.480862 0.306551  1.18658
 0.47834 0.310334  1.19024 0.480862 0.306551  1.18658
 0.47834 0.310334  1.19024 0.480862  0.30655  1.18658
 0.47834 0.310334  1.19024 0.480862  0.30655  1.18658
 0.47834 0.310334  1.19024 0.480862  0.30655  1.18658
 0.47834 0.310334  1.19024 0.480862  0.30655  1.18658
 0.47834 0.310334  1.19024 0.480862  0.30655  1.18658
 0.47834 0.310334  1.19024 0.480862  0.30655  1.18658
 0.47834 0.310334  1.19024 0.480862  0.30655  1.18658
 0.47834 0.310334  1.19024 0.480863  0.30655  1.18658
 0.47834 0.310334  1.19024 0.480863  0.30655  1.18658
 0.47834 0.310334  1.19024 0.480863 0.306549  1.18658
 0.47834 0.310334  1.19024 0.480863 0.306549  1.18658
 0.47834 0.310334  1.19024 0.480863 0.306549  1.18658
 0.47834 0.310334  1.19024 0.480863 0.306549  1.18658
 0.47834 0.310334  1.19024 0.480863 0.306549  1.18658
 0.47834 0.310334  1.19024 0.480863 0.306549  1.18658
 0.47834 0.310334  1.19024 0.480863 0.306549  1.18658
 0.47834 0.310334  1.19024 0.480863 0.306549  1.18658
 0.47834 0.310334  1.19024 0.480863 0.306549  1.18658
 0.47834 0.310334  1.19024 0.480863 0.306548  1.18658
 0.47834 0.310334  1.19024 0.480863 0.306548  1.18658
 0.47834 0.310334  1.19024 0.480864 0.306548  1.18658
 0.47834 0.310334  1.19024 0.480864 0.306548  1.18658
 0.47834 0.310334  1.19024 0.480864 0.306548  1.18658
 0.47834 0.310334  1.19024 0.480864 0.306548  1.18658
 0.47834 0.310334  1.19024 0.480864 0.306548  1.18658
 0.47834 0.310334  1.19024 0.480864 0.306548  1.18658
 0.47834 0.310334  1.19024 0.480864 0.306547  1.18658
 0.47834 0.310334  1.19024 0.480864 0.306547  1.18658
 0.47834 0.310334  1.19024 0.480864 0.306547  1.18658
 0.47834 0.310334  1.19024 0.480864 0.306547  1.18658
 0.47834 0.310334  1.19024 0.480864 0.306547  1.18658
 0.47834 0.310334  1.19024 0.480864 0.306547  1.18658
 0.47834 0.310334  1.19024 0.480864 0.306547  1.18658
 0.47834 0.310334  1.19024 0.480864 0.306547  1.18658
 0.47834 0.310334  1.19024 0.480864 0.306547  1.18658
 0.47834 0.310334  1.19024 0.480865 0.306546  1.18658
 0.47834 0.310334  1.19024 0.480865 0.306546  1.18658
 0.47834 0.310334  1.19024 0.480865 0.306546  1.18658
 0.47834 0.310334  1.19024 0.480865 0.306546  1.18658
 0.47834 0.310334  1.19024 0.480865 0.306546  1.18658
 0.47834 0.310334  1.19024 0.480865 0.306546  1.18658
 0.47834 0.310334  1.19024 0.480865 0.306546  1.18658
 0.47834 0.310334  1.19024 0.480865 0.306546  1.18658
 0.47834 0.310334  1.19024 0.480865 0.306546  1.18658
 0.47834 0.310334  1.19024 0.480865 0.306545  1.18658
 0.47834 0.310334  1.19024 0.480865 0.306545  1.18658
 0.47834 0.310334  1.19024 0.480865 0.306545  1.18658
 0.47834 0.310334  1.19024 0.480865 0.306545  1.18658
 0.47834 0.310334  1.19024 0.480865 0.306545  1.18658
 0.47834 0.310334  1.19024 0.480865 0.306545  1.18658
 0.47834 0.310334  1.19024 0.480865 0.306545  1.18658
 0.47834 0.310334  1.19024 0.480866 0.306545  1.18658
 0.47834 0.310334  1.19024 0.480866 0.306545  1.18658
 0.47834 0.310334  1.19024 0.480866 0.306544  1.18658
 0.47834 0.310334  1.19024 0.480866 0.306544  1.18658
 0.47834 0.310334  1.19024 0.480866 0.306544  1.18658
 0.47834 0.310334  1.19024 0.480866 0.306544  1.18658
 0.47834 0.310334  1.19024 0.480866 0.306544  1.18658
 0.47834 0.310334  1.19024 0.480866 0.306544  1.18658
 0.47834 0.310334  1.19024 0.480866 0.306544  1.18658
 0.47834 0.310334  1.19024 0.480866 0.306544  1.18658
 0.47834 0.310334  1.19024 0.480866 0.306544  1.18658
 0.47834 0.310334  1.19024 0.480866 0.306543  1.18658
 0.47834 0.310334  1.19024 0.480866 0.306543  1.18658
 0.47834 0.310334  1.19024 0.480866 0.306543  1.18658
 0.47834 0.310334  1.19024 0.480867 0.306543  1.18658
 0.47834 0.310334  1.19024 0.480867 0.306543  1.18658
 0.47834 0.310334  1.19024 0.480867 0.306543  1.18658
 0.47834 0.310334  1.19024 0.480867 0.306543  1.18658
 0.47834 0.310334  1.19024 0.480867 0.306543  1.18658
 0.47834 0.310334  1.19024 0.480867 0.306543  1.18658
 0.47834 0.310334  1.19024 0.480867 0.306542  1.18658
 0.47834 0.310334  1.19024 0.480867 0.306542  1.18658
 0.47834 0.310334  1.19024 0.480867 0.306542  1.18658
 0.47834 0.310334  1.19024 0.480867 0.306542  1.18658
 0.47834 0.310334  1.19024 0.480867 0.306542  1.18658
 0.47834 0.310334  1.19024 0.480867 0.306542  1.18658
 0.47834 0.310334  1.19024 0.480867 0.306542  1.18658
 0.47834 0.310334  1.19024 0.480867 0.306542  1.18658
 0.47834 0.310334  1.19024 0.480867 0.306541  1.18658
 0.47834 0.310334  1.19024 0.480867 0.306541  1.18658
 0.47834 0.310334  1.19024 0.480868 0.306541  1.18658
 0.47834 0.310334  1.19024 0.480868 0.306541  1.18658
 0.47834 0.310334  1.19024 0.480868 0.306541  1.18658
 0.47834 0.310334  1.19024 0.480868 0.306541  1.18658
 0.47834 0.310334  1.19024 0.480868 0.306541  1.18658
 0.47834 0.310334  1.19024 0.480868 0.306541  1.18658
 0.47834 0.310334  1.19024 0.480868 0.306541  1.18658
 0.47834 0.310334  1.19024 0.480868  0.30654  1.18658
 0.47834 0.310334  1.19024 0.480868  0.30654  1.18658
 0.47834 0.310334  1.19024 0.480868  0.30654  1.18658
 0.47834 0.310334  1.19024 0.480868  0.30654  1.18658
 0.47834 0.310334  1.19024 0.480868  0.30654  1.18658
 0.47834 0.310334  1.19024 0.480868  0.30654  1.18658
 0.47834 0.310334  1.19024 0.480869  0.30654  1.18658
 0.47834 0.310334  1.19024 0.480869  0.30654  1.18658
 0.47834 0.310334  1.19024 0.480869  0.30654  1.18658
 0.47834 0.310334  1.19024 0.480869 0.306539  1.18658
 0.47834 0.310334  1.19024 0.480869 0.306539  1.18658
 0.47834 0.310334  1.19024 0.480869 0.306539  1.18658
 0.47834 0.310334  1.19024 0.480869 0.306539  1.18658
 0.47834 0.310334  1.19024 0.480869 0.306539  1.18658
 0.47834 0.310334  1.19024 0.480869 0.306539  1.18658
 0.47834 0.310334  1.19024 0.480869 0.306539  1.18658
 0.47834 0.310334  1.19024 0.480869 0.306539  1.18658
 0.47834 0.310334  1.19024 0.480869 0.306538  1.18658
 0.47834 0.310334  1.19024 0.480869 0.306538  1.18658
 0.47834 0.310334  1.19024 0.480869 0.306538  1.18658
 0.47834 0.310334  1.19024 0.480869 0.306538  1.18658
 0.47834 0.310334  1.19024 0.480869 0.306538  1.18658
 0.47834 0.310334  1.19024  0.48087 0.306538  1.18658
 0.47834 0.310334  1.19024  0.48087 0.306538  1.18658
 0.47834 0.310334  1.19024  0.48087 0.306538  1.18658
 0.47834 0.310334  1.19024  0.48087 0.306538  1.18658
 0.47834 0.310334  1.19024  0.48087 0.306537  1.18658
 0.47834 0.310334  1.19024  0.48087 0.306537  1.18658
 0.47834 0.310334  1.19024  0.48087 0.306537  1.18658
 0.47834 0.310334  1.19024  0.48087 0.306537  1.18658
 0.47834 0.310334  1.19024  0.48087 0.306537  1.18658
 0.47834 0.310334  1.19024  0.48087 0.306537  1.18659
 0.47834 0.310334  1.19024  0.48087 0.306537  1.18659
 0.47834 0.310334  1.19024  0.48087 0.306537  1.18659
 0.47834 0.310334  1.19024  0.48087 0.306537  1.18659
 0.47834 0.310334  1.19024 0.480871 0.306536  1.18659
 0.47834 0.310334  1.19024 0.480871 0.306536  1.18659
 0.47834 0.310334  1.19024 0.480871 0.306536  1.18659
 0.47834 0.310334  1.19024 0.480871 0.306536  1.18659
 0.47834 0.310334  1.19024 0.480871 0.306536  1.18659
 0.47834 0.310334  1.19024 0.480871 0.306536  1.18659
 0.47834 0.310334  1.19024 0.480871 0.306536  1.18659
 0.47834 0.310334  1.19024 0.480871 0.306536  1.18659
 0.47834 0.310334  1.19024 0.480871 0.306535  1.18659
 0.47834 0.310334  1.19024 0.480871 0.306535  1.18659
 0.47834 0.310334  1.19024 0.480871 0.306535  1.18659
 0.47834 0.310334  1.19024 0.480871 0.306535  1.18659
 0.47834 0.310334  1.19024 0.480871 0.306535  1.18659
 0.47834 0.310334  1.19024 0.480871 0.306535  1.18659
 0.47834 0.310334  1.19024 0.480871 0.306535  1.18659
 0.47834 0.310334  1.19024 0.480871 0.306535  1.18659
 0.47834 0.310334  1.19024 0.480872 0.306534  1.18659
 0.47834 0.310334  1.19024 0.480872 0.306534  1.18659
 0.47834 0.310334  1.19024 0.480872 0.306534  1.18659
 0.47834 0.310334  1.19024 0.480872 0.306534  1.18659
 0.47834 0.310334  1.19024 0.480872 0.306534  1.18659
 0.47834 0.310334  1.19024 0.480872 0.306534  1.18659
 0.47834 0.310334  1.19024 0.480872 0.306534  1.18659
 0.47834 0.310334  1.19024 0.480872 0.306534  1.18659
 0.47834 0.310334  1.19024 0.480872 0.306533  1.18659
 0.47834 0.310334  1.19024 0.480872 0.306533  1.18659
 0.47834 0.310334  1.19024 0.480872 0.306533  1.18659
 0.47834 0.310334  1.19024 0.480872 0.306533  1.18659
 0.47834 0.310334  1.19024 0.480872 0.306533  1.18659
 0.47834 0.310334  1.19024 0.480872 0.306533  1.18659
 0.47834 0.310334  1.19024 0.480872 0.306533  1.18659
 0.47834 0.310334  1.19024 0.480873 0.306533  1.18659
 0.47834 0.310334  1.19024 0.480873 0.306532  1.18659
 0.47834 0.310334  1.19024 0.480873 0.306532  1.18659
 0.47834 0.310334  1.19024 0.480873 0.306532  1.18659
 0.47834 0.310334  1.19024 0.480873 0.306532  1.18659
 0.47834 0.310334  1.19024 0.480873 0.306532  1.18659
 0.47834 0.310334  1.19024 0.480873 0.306532  1.18659
 0.47834 0.310334  1.19024 0.480873 0.306532  1.18659
 0.47834 0.310334  1.19024 0.480873 0.306531  1.18659
 0.47834 0.310334  1.19024 0.480873 0.306531  1.18659
 0.47834 0.310334  1.19024 0.480873 0.306531  1.18659
 0.47834 0.310334  1.19024 0.480873 0.306531  1.18659
 0.47834 0.310334  1.19024 0.480873 0.306531  1.18659
 0.47834 0.310334  1.19024 0.480873 0.306531  1.18659
 0.47834 0.310334  1.19024 0.480874 0.306531  1.18659
 0.47834 0.310334  1.19024 0.480874 0.306531  1.18659
 0.47834 0.310334  1.19024 0.480874 0.306531  1.18659
 0.47834 0.310334  1.19024 0.480874  0.30653  1.18659
 0.47834 0.310334  1.19024 0.480874  0.30653  1.18659
 0.47834 0.310334  1.19024 0.480874  0.30653  1.18659
 0.47834 0.310334  1.19024 0.480874  0.30653  1.18659
 0.47834 0.310334  1.19024 0.480874  0.30653  1.18659
 0.47834 0.310334  1.19024 0.480874  0.30653  1.18659
 0.47834 0.310334  1.19024 0.480874  0.30653  1.18659
 0.47834 0.310334  1.19024 0.480874 0.306529  1.18659
 0.47834 0.310334  1.19024 0.480874 0.306529  1.18659
 0.47834 0.310334  1.19024 0.480874 0.306529  1.18659
 0.47834 0.310334  1.19024 0.480874 0.306529  1.18659
 0.47834 0.310334  1.19024 0.480874 0.306529  1.18659
 0.47834 0.310334  1.19024 0.480875 0.306529  1.18659
 0.47834 0.310334  1.19024 0.480875 0.306529  1.18659
 0.47834 0.310334  1.19024 0.480875 0.306529  1.18659
 0.47834 0.310334  1.19024 0.480875 0.306528  1.18659
 0.47834 0.310334  1.19024 0.480875 0.306528  1.18659
 0.47834 0.310334  1.19024 0.480875 0.306528  1.18659
 0.47834 0.310334  1.19024 0.480875 0.306528  1.18659
 0.47834 0.310334  1.19024 0.480875 0.306528  1.18659
 0.47834 0.310334  1.19024 0.480875 0.306528  1.18659
 0.47834 0.310334  1.19024 0.480875 0.306528  1.18659
 0.47834 0.310334  1.19024 0.480875 0.306527  1.18659
 0.47834 0.310334  1.19024 0.480875 0.306527  1.18659
 0.47834 0.310334  1.19024 0.480875 0.306527  1.18659
 0.47834 0.310334  1.19024 0.480875 0.306527  1.18659
 0.47834 0.310334  1.19024 0.480876 0.306527  1.18659
 0.47834 0.310334  1.19024 0.480876 0.306527  1.18659
 0.47834 0.310334  1.19024 0.480876 0.306527  1.18659
 0.47834 0.310334  1.19024 0.480876 0.306527  1.18659
 0.47834 0.310334  1.19024 0.480876 0.306526  1.18659
 0.47834 0.310334  1.19024 0.480876 0.306526  1.18659
 0.47834 0.310334  1.19024 0.480876 0.306526  1.18659
 0.47834 0.310334  1.19024 0.480876 0.306526  1.18659
 0.47834 0.310334  1.19024 0.480876 0.306526  1.18659
 0.47834 0.310334  1.19024 0.480876 0.306526  1.18659
 0.47834 0.310334  1.19024 0.480876 0.306526  1.18659
 0.47834 0.310334  1.19024 0.480876 0.306526  1.18659
 0.47834 0.310334  1.19024 0.480876 0.306525  1.18659
 0.47834 0.310334  1.19024 0.480876 0.306525  1.18659
 0.47834 0.310334  1.19024 0.480876 0.306525  1.18659
 0.47834 0.310334  1.19024 0.480876 0.306525  1.18659
 0.47834 0.310334  1.19024 0.480877 0.306525  1.18659
 0.47834 0.310334  1.19024 0.480877 0.306525  1.18659
 0.47834 0.310334  1.19024 0.480877 0.306525  1.18659
 0.47834 0.310334  1.19024 0.480877 0.306524  1.18659
 0.47834 0.310334  1.19024 0.480877 0.306524  1.18659
 0.47834 0.310334  1.19024 0.480877 0.306524  1.18659
 0.47834 0.310334  1.19024 0.480877 0.306524  1.18659
 0.47834 0.310334  1.19024 0.480877 0.306524  1.18659
 0.47834 0.310334  1.19024 0.480877 0.306524  1.18659
 0.47834 0.310334  1.19024 0.480877 0.306524  1.18659
 0.47834 0.310334  1.19024 0.480877 0.306523  1.18659
 0.47834 0.310334  1.19024 0.480877 0.306523  1.18659
 0.47834 0.310334  1.19024 0.480877 0.306523  1.18659
 0.47834 0.310334  1.19024 0.480878 0.306523  1.18659
 0.47834 0.310334  1.19024 0.480878 0.306523  1.18659
 0.47834 0.310334  1.19024 0.480878 0.306523  1.18659
 0.47834 0.310334  1.19024 0.480878 0.306523  1.18659
 0.47834 0.310334  1.19024 0.480878 0.306523  1.18659
 0.47834 0.310334  1.19024 0.480878 0.306522  1.18659
 0.47834 0.310334  1.19024 0.480878 0.306522  1.18659
 0.47834 0.310334  1.19024 0.480878 0.306522  1.18659
 0.47834 0.310334  1.19024 0.480878 0.306522  1.18659
 0.47834 0.310334  1.19024 0.480878 0.306522  1.18659
 0.47834 0.310334  1.19024 0.480878 0.306522  1.18659
 0.47834 0.310334  1.19024 0.480878 0.306522  1.18659
 0.47834 0.310334  1.19024 0.480878 0.306521  1.18659
 0.47834 0.310334  1.19024 0.480878 0.306521  1.18659
 0.47834 0.310334  1.19024 0.480878 0.306521  1.18659
 0.47834 0.310334  1.19024 0.480879 0.306521  1.18659
 0.47834 0.310334  1.19024 0.480879 0.306521  1.18659
 0.47834 0.310334  1.19024 0.480879 0.306521  1.18659
 0.47834 0.310334  1.19024 0.480879 0.306521  1.18659
 0.47834 0.310334  1.19024 0.480879  0.30652  1.18659
 0.47834 0.310334  1.19024 0.480879  0.30652  1.18659
 0.47834 0.310334  1.19024 0.480879  0.30652  1.18659
 0.47834 0.310334  1.19024 0.480879  0.30652  1.18659
 0.47834 0.310334  1.19024 0.480879  0.30652  1.18659
 0.47834 0.310334  1.19024 0.480879  0.30652  1.18659
 0.47834 0.310334  1.19024 0.480879  0.30652  1.18659
 0.47834 0.310334  1.19024 0.480879 0.306519  1.18659
 0.47834 0.310334  1.19024 0.480879 0.306519  1.18659
 0.47834 0.310334  1.19024 0.480879 0.306519  1.18659
 0.47834 0.310334  1.19024 0.480879 0.306519  1.18659
 0.47834 0.310334  1.19024  0.48088 0.306519  1.18659
 0.47834 0.310334  1.19024  0.48088 0.306519  1.18659
 0.47834 0.310334  1.19024  0.48088 0.306519  1.18659
 0.47834 0.310334  1.19024  0.48088 0.306519  1.18659
 0.47834 0.310334  1.19024  0.48088 0.306518  1.18659
 0.47834 0.310334  1.19024  0.48088 0.306518  1.18659
 0.47834 0.310334  1.19024  0.48088 0.306518  1.18659
 0.47834 0.310334  1.19024  0.48088 0.306518  1.18659
 0.47834 0.310334  1.19024  0.48088 0.306518  1.18659
 0.47834 0.310334  1.19024  0.48088 0.306518  1.18659
 0.47834 0.310334  1.19024  0.48088 0.306518  1.18659
 0.47834 0.310334  1.19024  0.48088 0.306517  1.18659
 0.47834 0.310334  1.19024  0.48088 0.306517  1.18659
 0.47834 0.310334  1.19024  0.48088 0.306517  1.18659
 0.47834 0.310334  1.19024  0.48088 0.306517  1.18659
 0.47834 0.310334  1.19024 0.480881 0.306517  1.18659
 0.47834 0.310334  1.19024  0.48088 0.306517  1.18659
 0.47834 0.310334  1.19024 0.480881 0.306516  1.18659
 0.47834 0.310334  1.19024 0.480881 0.306516  1.18659
 0.47834 0.310334  1.19024 0.480881 0.306516  1.18659
 0.47834 0.310334  1.19024 0.480881 0.306516  1.18659
 0.47834 0.310334  1.19024 0.480881 0.306516  1.18659
 0.47834 0.310334  1.19024 0.480881 0.306516  1.18659
 0.47834 0.310334  1.19024 0.480881 0.306516  1.18659
 0.47834 0.310334  1.19024 0.480881 0.306516  1.18659
 0.47834 0.310334  1.19024 0.480881 0.306515  1.18659
 0.47834 0.310334  1.19024 0.480881 0.306515  1.18659
 0.47834 0.310334  1.19024 0.480881 0.306515  1.18659
 0.47834 0.310334  1.19024 0.480881 0.306515  1.18659
 0.47834 0.310334  1.19024 0.480881 0.306515  1.18659
 0.47834 0.310334  1.19024 0.480882 0.306515  1.18659
 0.47834 0.310334  1.19024 0.480882 0.306515  1.18659
 0.47834 0.310334  1.19024 0.480882 0.306514  1.18659
 0.47834 0.310334  1.19024 0.480882 0.306514  1.18659
 0.47834 0.310334  1.19024 0.480882 0.306514  1.18659
 0.47834 0.310334  1.19024 0.480882 0.306514  1.18659
 0.47834 0.310334  1.19024 0.480882 0.306514  1.18659
 0.47834 0.310334  1.19024 0.480882 0.306514  1.18659
 0.47834 0.310334  1.19024 0.480882 0.306514  1.18659
 0.47834 0.310334  1.19024 0.480882 0.306513  1.18659
 0.47834 0.310334  1.19024 0.480882 0.306513  1.18659
 0.47834 0.310334  1.19024 0.480882 0.306513  1.18659
 0.47834 0.310334  1.19024 0.480882 0.306513  1.18659
 0.47834 0.310334  1.19024 0.480882 0.306513  1.18659
 0.47834 0.310334  1.19024 0.480882 0.306513  1.18659
 0.47834 0.310334  1.19024 0.480882 0.306513  1.18659
 0.47834 0.310334  1.19024 0.480883 0.306512  1.18659
 0.47834 0.310334  1.19024 0.480883 0.306512  1.18659
 0.47834 0.310334  1.19024 0.480883 0.306512  1.18659
 0.47834 0.310334  1.19024 0.480883 0.306512  1.18659
 0.47834 0.310334  1.19024 0.480883 0.306512  1.18659
 0.47834 0.310334  1.19024 0.480883 0.306512  1.18659
 0.47834 0.310334  1.19024 0.480883 0.306512  1.18659
 0.47834 0.310334  1.19024 0.480883 0.306511  1.18659
 0.47834 0.310334  1.19024 0.480883 0.306511  1.18659
 0.47834 0.310334  1.19024 0.480883 0.306511  1.18659
 0.47834 0.310334  1.19024 0.480883 0.306511  1.18659
 0.47834 0.310334  1.19024 0.480883 0.306511  1.18659
 0.47834 0.310334  1.19024 0.480883 0.306511  1.18659
 0.47834 0.310334  1.19024 0.480883 0.306511  1.18659
 0.47834 0.310334  1.19024 0.480884  0.30651  1.18659
 0.47834 0.310334  1.19024 0.480884  0.30651  1.18659
 0.47834 0.310334  1.19024 0.480884  0.30651  1.18659
 0.47834 0.310334  1.19024 0.480884  0.30651  1.18659
 0.47834 0.310334  1.19024 0.480884  0.30651  1.18659
 0.47834 0.310334  1.19024 0.480884  0.30651  1.18659
 0.47834 0.310334  1.19024 0.480884  0.30651  1.18659
 0.47834 0.310334  1.19024 0.480884 0.306509  1.18659
 0.47834 0.310334  1.19024 0.480884 0.306509  1.18659
 0.47834 0.310334  1.19024 0.480884 0.306509  1.18659
 0.47834 0.310334  1.19024 0.480884 0.306509  1.18659
 0.47834 0.310334  1.19024 0.480884 0.306509  1.18659
 0.47834 0.310334  1.19024 0.480884 0.306509  1.18659
 0.47834 0.310334  1.19024 0.480884 0.306508  1.18659
 0.47834 0.310334  1.19024 0.480884 0.306508  1.18659
 0.47834 0.310334  1.19024 0.480884 0.306508  1.18659
 0.47834 0.310334  1.19024 0.480885 0.306508  1.18659
 0.47834 0.310334  1.19024 0.480885 0.306508  1.18659
 0.47834 0.310334  1.19024 0.480885 0.306508  1.18659
 0.47834 0.310334  1.19024 0.480885 0.306508  1.18659
 0.47834 0.310334  1.19024 0.480885 0.306507  1.18659
 0.47834 0.310334  1.19024 0.480885 0.306507  1.18659
 0.47834 0.310334  1.19024 0.480885 0.306507  1.18659
 0.47834 0.310334  1.19024 0.480885 0.306507  1.18659
 0.47834 0.310334  1.19024 0.480885 0.306507  1.18659
 0.47834 0.310334  1.19024 0.480885 0.306507  1.18659
 0.47834 0.310334  1.19024 0.480885 0.306507  1.18659
 0.47834 0.310334  1.19024 0.480885 0.306506  1.18659
 0.47834 0.310334  1.19024 0.480885 0.306506  1.18659
 0.47834 0.310334  1.19024 0.480885 0.306506  1.18659
 0.47834 0.310334  1.19024 0.480885 0.306506  1.18659
 0.47834 0.310334  1.19024 0.480886 0.306506  1.18659
 0.47834 0.310334  1.19024 0.480886 0.306506  1.18659
 0.47834 0.310334  1.19024 0.480886 0.306506  1.18659
 0.47834 0.310334  1.19024 0.480886 0.306505  1.18659
 0.47834 0.310334  1.19024 0.480886 0.306505  1.18659
 0.47834 0.310334  1.19024 0.480886 0.306505  1.18659
 0.47834 0.310334  1.19024 0.480886 0.306505  1.18659
 0.47834 0.310334  1.19024 0.480886 0.306505  1.18659
 0.47834 0.310334  1.19024 0.480886 0.306505  1.18659
 0.47834 0.310334  1.19024 0.480886 0.306505  1.18659
 0.47834 0.310334  1.19024 0.480886 0.306504  1.18659
 0.47834 0.310334  1.19024 0.480886 0.306504  1.18659
 0.47834 0.310334  1.19024 0.480886 0.306504  1.18659
 0.47834 0.310334  1.19024 0.480886 0.306504  1.18659
 0.47834 0.310334  1.19024 0.480886 0.306504  1.18659
 0.47834 0.310334  1.19024 0.480887 0.306504  1.18659
 0.47834 0.310334  1.19024 0.480887 0.306504  1.18659
 0.47834 0.310334  1.19024 0.480887 0.306503  1.18659
 0.47834 0.310334  1.19024 0.480887 0.306503  1.18659
 0.47834 0.310334  1.19024 0.480887 0.306503  1.18659
 0.47834 0.310334  1.19024 0.480887 0.306503  1.18659
 0.47834 0.310334  1.19024 0.480887 0.306503  1.18659
 0.47834 0.310334  1.19024 0.480887 0.306503  1.18659
 0.47834 0.310334  1.19024 0.480887 0.306503  1.18659
 0.47834 0.310334  1.19024 0.480887 0.306502  1.18659
 0.47834 0.310334  1.19024 0.480887 0.306502  1.18659
 0.47834 0.310334  1.19024 0.480887 0.306502  1.18659
 0.47834 0.310334  1.19024 0.480887 0.306502  1.18659
 0.47834 0.310334  1.19024 0.480887 0.306502  1.18659
 0.47834 0.310334  1.19024 0.480887 0.306502  1.18659
 0.47834 0.310334  1.19024 0.480888 0.306502  1.18659
 0.47834 0.310334  1.19024 0.480888 0.306501  1.18659
 0.47834 0.310334  1.19024 0.480888 0.306501  1.18659
 0.47834 0.310334  1.19024 0.480888 0.306501  1.18659
 0.47834 0.310334  1.19024 0.480888 0.306501  1.18659
 0.47834 0.310334  1.19024 0.480888 0.306501  1.18659
 0.47834 0.310334  1.19024 0.480888 0.306501  1.18659
 0.47834 0.310334  1.19024 0.480888 0.306501  1.18659
 0.47834 0.310334  1.19024 0.480888   0.3065  1.18659
 0.47834 0.310334  1.19024 0.480888   0.3065  1.18659
 0.47834 0.310334  1.19024 0.480888   0.3065  1.18659
 0.47834 0.310334  1.19024 0.480888   0.3065  1.18659
 0.47834 0.310334  1.19024 0.480888   0.3065  1.18659
 0.47834 0.310334  1.19024 0.480888   0.3065  1.18659
 0.47834 0.310334  1.19024 0.480888   0.3065  1.18659
 0.47834 0.310334  1.19024 0.480888 0.306499  1.18659
 0.47834 0.310334  1.19024 0.480889 0.306499  1.18659
 0.47834 0.310334  1.19024 0.480888 0.306499  1.18659
 0.47834 0.310334  1.19024 0.480889 0.306499  1.18659
 0.47834 0.310334  1.19024 0.480889 0.306499  1.18659
 0.47834 0.310334  1.19024 0.480889 0.306499  1.18659
 0.47834 0.310334  1.19024 0.480889 0.306498  1.18659
 0.47834 0.310334  1.19024 0.480889 0.306498  1.18659
 0.47834 0.310334  1.19024 0.480889 0.306498  1.18659
 0.47834 0.310334  1.19024 0.480889 0.306498  1.18659
 0.47834 0.310334  1.19024 0.480889 0.306498  1.18659
 0.47834 0.310334  1.19024 0.480889 0.306498  1.18659
 0.47834 0.310334  1.19024 0.480889 0.306498  1.18659
 0.47834 0.310334  1.19024 0.480889 0.306497  1.18659
 0.47834 0.310334  1.19024 0.480889 0.306497  1.18659
 0.47834 0.310334  1.19024 0.480889 0.306497  1.18659
 0.47834 0.310334  1.19024 0.480889 0.306497  1.18659
 0.47834 0.310334  1.19024  0.48089 0.306497  1.18659
 0.47834 0.310334  1.19024  0.48089 0.306497  1.18659
 0.47834 0.310334  1.19024  0.48089 0.306497  1.18659
 0.47834 0.310334  1.19024  0.48089 0.306496  1.18659
 0.47834 0.310334  1.19024  0.48089 0.306496  1.18659
 0.47834 0.310334  1.19024  0.48089 0.306496  1.18659
 0.47834 0.310334  1.19024  0.48089 0.306496  1.18659
 0.47834 0.310334  1.19024  0.48089 0.306496  1.18659
 0.47834 0.310334  1.19024  0.48089 0.306496  1.18659
 0.47834 0.310334  1.19024  0.48089 0.306496  1.18659
 0.47834 0.310334  1.19024  0.48089 0.306495  1.18659
 0.47834 0.310334  1.19024  0.48089 0.306495  1.18659
 0.47834 0.310334  1.19024  0.48089 0.306495  1.18659
 0.47834 0.310334  1.19024  0.48089 0.306495  1.18659
 0.47834 0.310334  1.19024  0.48089 0.306495  1.18659
 0.47834 0.310334  1.19024  0.48089 0.306495  1.18659
 0.47834 0.310334  1.19024  0.48089 0.306495  1.18659
 0.47834 0.310334  1.19024 0.480891 0.306494  1.18659
 0.47834 0.310334  1.19024 0.480891 0.306494  1.18659
 0.47834 0.310334  1.19024 0.480891 0.306494  1.18659
 0.47834 0.310334  1.19024 0.480891 0.306494  1.18659
 0.47834 0.310334  1.19024 0.480891 0.306494  1.18659
 0.47834 0.310334  1.19024 0.480891 0.306494  1.18659
 0.47834 0.310334  1.19024 0.480891 0.306493  1.18659
 0.47834 0.310334  1.19024 0.480891 0.306493  1.18659
 0.47834 0.310334  1.19024 0.480891 0.306493  1.18659
 0.47834 0.310334  1.19024 0.480891 0.306493  1.18659
 0.47834 0.310334  1.19024 0.480891 0.306493  1.18659
 0.47834 0.310334  1.19024 0.480891 0.306493  1.18659
 0.47834 0.310334  1.19024 0.480891 0.306493  1.18659
 0.47834 0.310334  1.19024 0.480891 0.306493  1.18659
 0.47834 0.310334  1.19024 0.480891 0.306492  1.18659
 0.47834 0.310334  1.19024 0.480892 0.306492  1.18659
 0.47834 0.310334  1.19024 0.480892 0.306492  1.18659
 0.47834 0.310334  1.19024 0.480892 0.306492  1.18659
 0.47834 0.310334  1.19024 0.480892 0.306492  1.18659
 0.47834 0.310334  1.19024 0.480892 0.306492  1.18659
 0.47834 0.310334  1.19024 0.480892 0.306491  1.18659
 0.47834 0.310334  1.19024 0.480892 0.306491  1.18659
 0.47834 0.310334  1.19024 0.480892 0.306491  1.18659
 0.47834 0.310334  1.19024 0.480892 0.306491  1.18659
 0.47834 0.310334  1.19024 0.480892 0.306491  1.18659
 0.47834 0.310334  1.19024 0.480892 0.306491  1.18659
 0.47834 0.310334  1.19024 0.480892 0.306491  1.18659
 0.47834 0.310334  1.19024 0.480892  0.30649  1.18659
 0.47834 0.310334  1.19024 0.480892  0.30649  1.18659
 0.47834 0.310334  1.19024 0.480892  0.30649  1.18659
 0.47834 0.310334  1.19024 0.480892  0.30649  1.18659
 0.47834 0.310334  1.19024 0.480892  0.30649  1.18659
 0.47834 0.310334  1.19024 0.480892  0.30649  1.18659
 0.47834 0.310334  1.19024 0.480893  0.30649  1.18659
 0.47834 0.310334  1.19024 0.480893 0.306489  1.18659
 0.47834 0.310334  1.19024 0.480893 0.306489  1.18659
 0.47834 0.310334  1.19024 0.480893 0.306489  1.18659
 0.47834 0.310334  1.19024 0.480893 0.306489  1.18659
 0.47834 0.310334  1.19024 0.480893 0.306489  1.18659
 0.47834 0.310334  1.19024 0.480893 0.306489  1.18659
 0.47834 0.310334  1.19024 0.480893 0.306489  1.18659
 0.47834 0.310334  1.19024 0.480893 0.306488  1.18659
 0.47834 0.310334  1.19024 0.480893 0.306488  1.18659
 0.47834 0.310334  1.19024 0.480893 0.306488  1.18659
 0.47834 0.310334  1.19024 0.480893 0.306488  1.18659
 0.47834 0.310334  1.19024 0.480893 0.306488  1.18659
 0.47834 0.310334  1.19024 0.480894 0.306488  1.18659
 0.47834 0.310334  1.19024 0.480893 0.306488   1.1866
 0.47834 0.310334  1.19024 0.480894 0.306487   1.1866
 0.47834 0.310334  1.19024 0.480894 0.306487   1.1866
 0.47834 0.310334  1.19024 0.480894 0.306487   1.1866
 0.47834 0.310334  1.19024 0.480894 0.306487   1.1866
 0.47834 0.310334  1.19024 0.480894 0.306487   1.1866
 0.47834 0.310334  1.19024 0.480894 0.306487   1.1866
 0.47834 0.310334  1.19024 0.480894 0.306486   1.1866
 0.47834 0.310334  1.19024 0.480894 0.306486   1.1866
 0.47834 0.310334  1.19024 0.480894 0.306486   1.1866
 0.47834 0.310334  1.19024 0.480894 0.306486   1.1866
 0.47834 0.310334  1.19024 0.480894 0.306486   1.1866
 0.47834 0.310334  1.19024 0.480894 0.306486   1.1866
 0.47834 0.310334  1.19024 0.480894 0.306486   1.1866
 0.47834 0.310334  1.19024 0.480894 0.306485   1.1866
 0.47834 0.310334  1.19024 0.480894 0.306485   1.1866
 0.47834 0.310334  1.19024 0.480894 0.306485   1.1866
 0.47834 0.310334  1.19024 0.480895 0.306485   1.1866
 0.47834 0.310334  1.19024 0.480895 0.306485   1.1866
 0.47834 0.310334  1.19024 0.480895 0.306485   1.1866
 0.47834 0.310334  1.19024 0.480895 0.306485   1.1866
 0.47834 0.310334  1.19024 0.480895 0.306484   1.1866
 0.47834 0.310334  1.19024 0.480895 0.306484   1.1866
 0.47834 0.310334  1.19024 0.480895 0.306484   1.1866
 0.47834 0.310334  1.19024 0.480895 0.306484   1.1866
 0.47834 0.310334  1.19024 0.480895 0.306484   1.1866
 0.47834 0.310334  1.19024 0.480895 0.306484   1.1866
 0.47834 0.310334  1.19024 0.480895 0.306484   1.1866
 0.47834 0.310334  1.19024 0.480895 0.306483   1.1866
 0.47834 0.310334  1.19024 0.480895 0.306483   1.1866
 0.47834 0.310334  1.19024 0.480895 0.306483   1.1866
 0.47834 0.310334  1.19024 0.480896 0.306483   1.1866
 0.47834 0.310334  1.19024 0.480896 0.306483   1.1866
 0.47834 0.310334  1.19024 0.480896 0.306483   1.1866
 0.47834 0.310334  1.19024 0.480896 0.306482   1.1866
 0.47834 0.310334  1.19024 0.480896 0.306482   1.1866
 0.47834 0.310334  1.19024 0.480896 0.306482   1.1866
 0.47834 0.310334  1.19024 0.480896 0.306482   1.1866
 0.47834 0.310334  1.19024 0.480896 0.306482   1.1866
 0.47834 0.310334  1.19024 0.480896 0.306482   1.1866
 0.47834 0.310334  1.19024 0.480896 0.306482   1.1866
 0.47834 0.310334  1.19024 0.480896 0.306481   1.1866
 0.47834 0.310334  1.19024 0.480896 0.306481   1.1866
 0.47834 0.310334  1.19024 0.480896 0.306481   1.1866
 0.47834 0.310334  1.19024 0.480896 0.306481   1.1866
 0.47834 0.310334  1.19024 0.480896 0.306481   1.1866
 0.47834 0.310334  1.19024 0.480896 0.306481   1.1866
 0.47834 0.310334  1.19024 0.480897 0.306481   1.1866
 0.47834 0.310334  1.19024 0.480897  0.30648   1.1866
 0.47834 0.310334  1.19024 0.480897  0.30648   1.1866
 0.47834 0.310334  1.19024 0.480897  0.30648   1.1866
 0.47834 0.310334  1.19024 0.480897  0.30648   1.1866
 0.47834 0.310334  1.19024 0.480897  0.30648   1.1866
 0.47834 0.310334  1.19024 0.480897  0.30648   1.1866
 0.47834 0.310334  1.19024 0.480897  0.30648   1.1866
 0.47834 0.310334  1.19024 0.480897 0.306479   1.1866
 0.47834 0.310334  1.19024 0.480897 0.306479   1.1866
 0.47834 0.310334  1.19024 0.480897 0.306479   1.1866
 0.47834 0.310334  1.19024 0.480897 0.306479   1.1866
 0.47834 0.310334  1.19024 0.480897 0.306479   1.1866
 0.47834 0.310334  1.19024 0.480897 0.306479   1.1866
 0.47834 0.310334  1.19024 0.480897 0.306479   1.1866
 0.47834 0.310334  1.19024 0.480897 0.306478   1.1866
 0.47834 0.310334  1.19024 0.480898 0.306478   1.1866
 0.47834 0.310334  1.19024 0.480898 0.306478   1.1866
 0.47834 0.310334  1.19024 0.480898 0.306478   1.1866
 0.47834 0.310334  1.19024 0.480898 0.306478   1.1866
 0.47834 0.310334  1.19024 0.480898 0.306478   1.1866
 0.47834 0.310334  1.19024 0.480898 0.306478   1.1866
 0.47834 0.310334  1.19024 0.480898 0.306477   1.1866
 0.47834 0.310334  1.19024 0.480898 0.306477   1.1866
 0.47834 0.310334  1.19024 0.480898 0.306477   1.1866
 0.47834 0.310334  1.19024 0.480898 0.306477   1.1866
 0.47834 0.310334  1.19024 0.480898 0.306477   1.1866
 0.47834 0.310334  1.19024 0.480898 0.306477   1.1866
 0.47834 0.310334  1.19024 0.480898 0.306477   1.1866
 0.47834 0.310334  1.19024 0.480898 0.306476   1.1866
 0.47834 0.310334  1.19024 0.480898 0.306476   1.1866
 0.47834 0.310334  1.19024 0.480898 0.306476   1.1866
 0.47834 0.310334  1.19024 0.480899 0.306476   1.1866
 0.47834 0.310334  1.19024 0.480899 0.306476   1.1866
 0.47834 0.310334  1.19024 0.480899 0.306476   1.1866
 0.47834 0.310334  1.19024 0.480899 0.306476   1.1866
 0.47834 0.310334  1.19024 0.480899 0.306475   1.1866
 0.47834 0.310334  1.19024 0.480899 0.306475   1.1866
 0.47834 0.310334  1.19024 0.480899 0.306475   1.1866
 0.47834 0.310334  1.19024 0.480899 0.306475   1.1866
 0.47834 0.310334  1.19024 0.480899 0.306475   1.1866
 0.47834 0.310334  1.19024 0.480899 0.306475   1.1866
 0.47834 0.310334  1.19024 0.480899 0.306475   1.1866
 0.47834 0.310334  1.19024 0.480899 0.306475   1.1866
 0.47834 0.310334  1.19024 0.480899 0.306474   1.1866
 0.47834 0.310334  1.19024 0.480899 0.306474   1.1866
 0.47834 0.310334  1.19024   0.4809 0.306474   1.1866
 0.47834 0.310334  1.19024   0.4809 0.306474   1.1866
 0.47834 0.310334  1.19024   0.4809 0.306474   1.1866
 0.47834 0.310334  1.19024   0.4809 0.306474   1.1866
 0.47834 0.310334  1.19024   0.4809 0.306474   1.1866
 0.47834 0.310334  1.19024   0.4809 0.306473   1.1866
 0.47834 0.310334  1.19024   0.4809 0.306473   1.1866
 0.47834 0.310334  1.19024   0.4809 0.306473   1.1866
 0.47834 0.310334  1.19024   0.4809 0.306473   1.1866
 0.47834 0.310334  1.19024   0.4809 0.306473   1.1866
 0.47834 0.310334  1.19024   0.4809 0.306473   1.1866
 0.47834 0.310334  1.19024   0.4809 0.306473   1.1866
 0.47834 0.310334  1.19024   0.4809 0.306472   1.1866
 0.47834 0.310334  1.19024   0.4809 0.306472   1.1866
 0.47834 0.310334  1.19024   0.4809 0.306472   1.1866
 0.47834 0.310334  1.19024   0.4809 0.306472   1.1866
 0.47834 0.310334  1.19024   0.4809 0.306472   1.1866
 0.47834 0.310334  1.19024 0.480901 0.306472   1.1866
 0.47834 0.310334  1.19024 0.480901 0.306472   1.1866
 0.47834 0.310334  1.19024 0.480901 0.306471   1.1866
 0.47834 0.310334  1.19024 0.480901 0.306471   1.1866
 0.47834 0.310334  1.19024 0.480901 0.306471   1.1866
 0.47834 0.310334  1.19024 0.480901 0.306471   1.1866
 0.47834 0.310334  1.19024 0.480901 0.306471   1.1866
 0.47834 0.310334  1.19024 0.480901 0.306471   1.1866
 0.47834 0.310334  1.19024 0.480901 0.306471   1.1866
 0.47834 0.310334  1.19024 0.480901 0.306471   1.1866
 0.47834 0.310334  1.19024 0.480901  0.30647   1.1866
 0.47834 0.310334  1.19024 0.480901  0.30647   1.1866
 0.47834 0.310334  1.19024 0.480901  0.30647   1.1866
 0.47834 0.310334  1.19024 0.480902  0.30647   1.1866
 0.47834 0.310334  1.19024 0.480901  0.30647   1.1866
 0.47834 0.310334  1.19024 0.480902  0.30647   1.1866
 0.47834 0.310334  1.19024 0.480902  0.30647   1.1866
 0.47834 0.310334  1.19024 0.480902 0.306469   1.1866
 0.47834 0.310334  1.19024 0.480902 0.306469   1.1866
 0.47834 0.310334  1.19024 0.480902 0.306469   1.1866
 0.47834 0.310334  1.19024 0.480902 0.306469   1.1866
 0.47834 0.310334  1.19024 0.480902 0.306469   1.1866
 0.47834 0.310334  1.19024 0.480902 0.306469   1.1866
 0.47834 0.310334  1.19024 0.480902 0.306469   1.1866
 0.47834 0.310334  1.19024 0.480902 0.306468   1.1866
 0.47834 0.310334  1.19024 0.480902 0.306468   1.1866
 0.47834 0.310334  1.19024 0.480902 0.306468   1.1866
 0.47834 0.310334  1.19024 0.480902 0.306468   1.1866
 0.47834 0.310334  1.19024 0.480902 0.306468   1.1866
 0.47834 0.310334  1.19024 0.480902 0.306468   1.1866
 0.47834 0.310334  1.19024 0.480902 0.306468   1.1866
 0.47834 0.310334  1.19024 0.480903 0.306468   1.1866
 0.47834 0.310334  1.19024 0.480903 0.306467   1.1866
 0.47834 0.310334  1.19024 0.480903 0.306467   1.1866
 0.47834 0.310334  1.19024 0.480903 0.306467   1.1866
 0.47834 0.310334  1.19024 0.480903 0.306467   1.1866
 0.47834 0.310334  1.19024 0.480903 0.306467   1.1866
 0.47834 0.310334  1.19024 0.480903 0.306467   1.1866
 0.47834 0.310334  1.19024 0.480903 0.306467   1.1866
 0.47834 0.310334  1.19024 0.480903 0.306467   1.1866
 0.47834 0.310334  1.19024 0.480903 0.306466   1.1866
 0.47834 0.310334  1.19024 0.480903 0.306466   1.1866
 0.47834 0.310334  1.19024 0.480903 0.306466   1.1866
 0.47834 0.310334  1.19024 0.480903 0.306466   1.1866
 0.47834 0.310334  1.19024 0.480903 0.306466   1.1866
 0.47834 0.310334  1.19024 0.480904 0.306466   1.1866
 0.47834 0.310334  1.19024 0.480904 0.306466   1.1866
 0.47834 0.310334  1.19024 0.480904 0.306465   1.1866
 0.47834 0.310334  1.19024 0.480904 0.306465   1.1866
 0.47834 0.310334  1.19024 0.480904 0.306465   1.1866
 0.47834 0.310334  1.19024 0.480904 0.306465   1.1866
 0.47834 0.310334  1.19024 0.480904 0.306465   1.1866
 0.47834 0.310334  1.19024 0.480904 0.306465   1.1866
 0.47834 0.310334  1.19024 0.480904 0.306465   1.1866
 0.47834 0.310334  1.19024 0.480904 0.306465   1.1866
 0.47834 0.310334  1.19024 0.480904 0.306464   1.1866
 0.47834 0.310334  1.19024 0.480904 0.306464   1.1866
 0.47834 0.310334  1.19024 0.480904 0.306464   1.1866
 0.47834 0.310334  1.19024 0.480904 0.306464   1.1866
 0.47834 0.310334  1.19024 0.480904 0.306464   1.1866
 0.47834 0.310334  1.19024 0.480904 0.306464   1.1866
 0.47834 0.310334  1.19024 0.480904 0.306464   1.1866
 0.47834 0.310334  1.19024 0.480905 0.306464   1.1866
 0.47834 0.310334  1.19024 0.480905 0.306463   1.1866
 0.47834 0.310334  1.19024 0.480905 0.306463   1.1866
 0.47834 0.310334  1.19024 0.480905 0.306463   1.1866
 0.47834 0.310334  1.19024 0.480905 0.306463   1.1866
 0.47834 0.310334  1.19024 0.480905 0.306463   1.1866
 0.47834 0.310334  1.19024 0.480905 0.306463   1.1866
 0.47834 0.310334  1.19024 0.480905 0.306463   1.1866
 0.47834 0.310334  1.19024 0.480905 0.306463   1.1866
 0.47834 0.310334  1.19024 0.480905 0.306462   1.1866
 0.47834 0.310334  1.19024 0.480905 0.306462   1.1866
 0.47834 0.310334  1.19024 0.480905 0.306462   1.1866
 0.47834 0.310334  1.19024 0.480905 0.306462   1.1866
 0.47834 0.310334  1.19024 0.480905 0.306462   1.1866
 0.47834 0.310334  1.19024 0.480906 0.306462   1.1866
 0.47834 0.310334  1.19024 0.480906 0.306462   1.1866
 0.47834 0.310334  1.19024 0.480906 0.306461   1.1866
 0.47834 0.310334  1.19024 0.480906 0.306461   1.1866
 0.47834 0.310334  1.19024 0.480906 0.306461   1.1866
 0.47834 0.310334  1.19024 0.480906 0.306461   1.1866
 0.47834 0.310334  1.19024 0.480906 0.306461   1.1866
 0.47834 0.310334  1.19024 0.480906 0.306461   1.1866
 0.47834 0.310334  1.19024 0.480906 0.306461   1.1866
 0.47834 0.310334  1.19024 0.480906 0.306461   1.1866
 0.47834 0.310334  1.19024 0.480906  0.30646   1.1866
 0.47834 0.310334  1.19024 0.480906  0.30646   1.1866
 0.47834 0.310334  1.19024 0.480906  0.30646   1.1866
 0.47834 0.310334  1.19024 0.480906  0.30646   1.1866
 0.47834 0.310334  1.19024 0.480906  0.30646   1.1866
 0.47834 0.310334  1.19024 0.480906  0.30646   1.1866
 0.47834 0.310334  1.19024 0.480906  0.30646   1.1866
 0.47834 0.310334  1.19024 0.480907  0.30646   1.1866
 0.47834 0.310334  1.19024 0.480907 0.306459   1.1866
 0.47834 0.310334  1.19024 0.480907 0.306459   1.1866
 0.47834 0.310334  1.19024 0.480907 0.306459   1.1866
 0.47834 0.310334  1.19024 0.480907 0.306459   1.1866
 0.47834 0.310334  1.19024 0.480907 0.306459   1.1866
 0.47834 0.310334  1.19024 0.480907 0.306459   1.1866
 0.47834 0.310334  1.19024 0.480907 0.306459   1.1866
 0.47834 0.310334  1.19024 0.480907 0.306459   1.1866
 0.47834 0.310334  1.19024 0.480907 0.306459   1.1866
 0.47834 0.310334  1.19024 0.480907 0.306458   1.1866
 0.47834 0.310334  1.19024 0.480907 0.306458   1.1866
 0.47834 0.310334  1.19024 0.480907 0.306458   1.1866
 0.47834 0.310334  1.19024 0.480907 0.306458   1.1866
 0.47834 0.310334  1.19024 0.480908 0.306458   1.1866
 0.47834 0.310334  1.19024 0.480908 0.306458   1.1866
 0.47834 0.310334  1.19024 0.480908 0.306458   1.1866
 0.47834 0.310334  1.19024 0.480908 0.306457   1.1866
 0.47834 0.310334  1.19024 0.480908 0.306457   1.1866
 0.47834 0.310334  1.19024 0.480908 0.306457   1.1866
 0.47834 0.310334  1.19024 0.480908 0.306457   1.1866
 0.47834 0.310334  1.19024 0.480908 0.306457   1.1866
 0.47834 0.310334  1.19024 0.480908 0.306457   1.1866
 0.47834 0.310334  1.19024 0.480908 0.306457   1.1866
 0.47834 0.310334  1.19024 0.480908 0.306457   1.1866
 0.47834 0.310334  1.19024 0.480908 0.306457   1.1866
 0.47834 0.310334  1.19024 0.480908 0.306456   1.1866
 0.47834 0.310334  1.19024 0.480908 0.306456   1.1866
 0.47834 0.310334  1.19024 0.480908 0.306456   1.1866
 0.47834 0.310334  1.19024 0.480909 0.306456   1.1866
 0.47834 0.310334  1.19024 0.480909 0.306456   1.1866
 0.47834 0.310334  1.19024 0.480909 0.306456   1.1866
 0.47834 0.310334  1.19024 0.480909 0.306456   1.1866
 0.47834 0.310334  1.19024 0.480909 0.306456   1.1866
 0.47834 0.310334  1.19024 0.480909 0.306455   1.1866
 0.47834 0.310334  1.19024 0.480909 0.306455   1.1866
 0.47834 0.310334  1.19024 0.480909 0.306455   1.1866
 0.47834 0.310334  1.19024 0.480909 0.306455   1.1866
 0.47834 0.310334  1.19024 0.480909 0.306455   1.1866
 0.47834 0.310334  1.19024 0.480909 0.306455   1.1866
 0.47834 0.310334  1.19024 0.480909 0.306455   1.1866
 0.47834 0.310334  1.19024 0.480909 0.306455   1.1866
 0.47834 0.310334  1.19024 0.480909 0.306455   1.1866
 0.47834 0.310334  1.19024  0.48091 0.306454   1.1866
 0.47834 0.310334  1.19024  0.48091 0.306454   1.1866
 0.47834 0.310334  1.19024  0.48091 0.306454   1.1866
 0.47834 0.310334  1.19024  0.48091 0.306454   1.1866
 0.47834 0.310334  1.19024  0.48091 0.306454   1.1866
 0.47834 0.310334  1.19024  0.48091 0.306454   1.1866
 0.47834 0.310334  1.19024  0.48091 0.306454   1.1866
 0.47834 0.310334  1.19024  0.48091 0.306454   1.1866
 0.47834 0.310334  1.19024  0.48091 0.306453   1.1866
 0.47834 0.310334  1.19024  0.48091 0.306453   1.1866
 0.47834 0.310334  1.19024  0.48091 0.306453   1.1866
 0.47834 0.310334  1.19024  0.48091 0.306453   1.1866
 0.47834 0.310334  1.19024  0.48091 0.306453   1.1866
 0.47834 0.310334  1.19024  0.48091 0.306453   1.1866
 0.47834 0.310334  1.19024  0.48091 0.306453   1.1866
 0.47834 0.310334  1.19024  0.48091 0.306453   1.1866
 0.47834 0.310334  1.19024  0.48091 0.306452   1.1866
 0.47834 0.310334  1.19024 0.480911 0.306452   1.1866
 0.47834 0.310334  1.19024 0.480911 0.306452   1.1866
 0.47834 0.310334  1.19024 0.480911 0.306452   1.1866
 0.47834 0.310334  1.19024 0.480911 0.306452   1.1866
 0.47834 0.310334  1.19024 0.480911 0.306452   1.1866
 0.47834 0.310334  1.19024 0.480911 0.306452   1.1866
 0.47834 0.310334  1.19024 0.480911 0.306452   1.1866
 0.47834 0.310334  1.19024 0.480911 0.306452   1.1866
 0.47834 0.310334  1.19024 0.480911 0.306451   1.1866
 0.47834 0.310334  1.19024 0.480911 0.306451   1.1866
 0.47834 0.310334  1.19024 0.480911 0.306451   1.1866
 0.47834 0.310334  1.19024 0.480911 0.306451   1.1866
 0.47834 0.310334  1.19024 0.480911 0.306451   1.1866
 0.47834 0.310334  1.19024 0.480912 0.306451   1.1866
 0.47834 0.310334  1.19024 0.480912 0.306451   1.1866
 0.47834 0.310334  1.19024 0.480912 0.306451   1.1866
 0.47834 0.310334  1.19024 0.480912  0.30645   1.1866
 0.47834 0.310334  1.19024 0.480912  0.30645   1.1866
 0.47834 0.310334  1.19024 0.480912  0.30645   1.1866
 0.47834 0.310334  1.19024 0.480912  0.30645   1.1866
 0.47834 0.310334  1.19024 0.480912  0.30645   1.1866
 0.47834 0.310334  1.19024 0.480912  0.30645   1.1866
 0.47834 0.310334  1.19024 0.480912  0.30645   1.1866
 0.47834 0.310334  1.19024 0.480912  0.30645   1.1866
 0.47834 0.310334  1.19024 0.480912 0.306449   1.1866
 0.47834 0.310334  1.19024 0.480912 0.306449   1.1866
 0.47834 0.310334  1.19024 0.480912 0.306449   1.1866
 0.47834 0.310334  1.19024 0.480912 0.306449   1.1866
 0.47834 0.310334  1.19024 0.480912 0.306449   1.1866
 0.47834 0.310334  1.19024 0.480913 0.306449   1.1866
 0.47834 0.310334  1.19024 0.480913 0.306449   1.1866
 0.47834 0.310334  1.19024 0.480913 0.306449   1.1866
 0.47834 0.310334  1.19024 0.480913 0.306449   1.1866
 0.47834 0.310334  1.19024 0.480913 0.306448   1.1866
 0.47834 0.310334  1.19024 0.480913 0.306448   1.1866
 0.47834 0.310334  1.19024 0.480913 0.306448   1.1866
 0.47834 0.310334  1.19024 0.480913 0.306448   1.1866
 0.47834 0.310334  1.19024 0.480913 0.306448   1.1866
 0.47834 0.310334  1.19024 0.480913 0.306448   1.1866
 0.47834 0.310334  1.19024 0.480913 0.306448   1.1866
 0.47834 0.310334  1.19024 0.480913 0.306448   1.1866
 0.47834 0.310334  1.19024 0.480913 0.306447   1.1866
 0.47834 0.310334  1.19024 0.480913 0.306447   1.1866
 0.47834 0.310334  1.19024 0.480914 0.306447   1.1866
 0.47834 0.310334  1.19024 0.480914 0.306447   1.1866
 0.47834 0.310334  1.19024 0.480914 0.306447   1.1866
 0.47834 0.310334  1.19024 0.480914 0.306447   1.1866
 0.47834 0.310334  1.19024 0.480914 0.306447   1.1866
 0.47834 0.310334  1.19024 0.480914 0.306447   1.1866
 0.47834 0.310334  1.19024 0.480914 0.306447   1.1866
 0.47834 0.310334  1.19024 0.480914 0.306446   1.1866
 0.47834 0.310334  1.19024 0.480914 0.306446   1.1866
 0.47834 0.310334  1.19024 0.480914 0.306446   1.1866
 0.47834 0.310334  1.19024 0.480914 0.306446   1.1866
 0.47834 0.310334  1.19024 0.480914 0.306446   1.1866
 0.47834 0.310334  1.19024 0.480914 0.306446   1.1866
 0.47834 0.310334  1.19024 0.480914 0.306446   1.1866
 0.47834 0.310334  1.19024 0.480915 0.306446   1.1866
 0.47834 0.310334  1.19024 0.480915 0.306446   1.1866
 0.47834 0.310334  1.19024 0.480915 0.306445   1.1866
 0.47834 0.310334  1.19024 0.480915 0.306445   1.1866
 0.47834 0.310334  1.19024 0.480915 0.306445   1.1866
 0.47834 0.310334  1.19024 0.480915 0.306445   1.1866
 0.47834 0.310334  1.19024 0.480915 0.306445   1.1866
 0.47834 0.310334  1.19024 0.480915 0.306445   1.1866
 0.47834 0.310334  1.19024 0.480915 0.306445   1.1866
 0.47834 0.310334  1.19024 0.480915 0.306445   1.1866
 0.47834 0.310334  1.19024 0.480915 0.306444   1.1866
 0.47834 0.310334  1.19024 0.480915 0.306444   1.1866
 0.47834 0.310334  1.19024 0.480915 0.306444   1.1866
 0.47834 0.310334  1.19024 0.480915 0.306444   1.1866
 0.47834 0.310334  1.19024 0.480915 0.306444   1.1866
 0.47834 0.310334  1.19024 0.480916 0.306444   1.1866
 0.47834 0.310334  1.19024 0.480916 0.306444   1.1866
 0.47834 0.310334  1.19024 0.480916 0.306444   1.1866
 0.47834 0.310334  1.19024 0.480916 0.306444   1.1866
 0.47834 0.310334  1.19024 0.480916 0.306443   1.1866
 0.47834 0.310334  1.19024 0.480916 0.306443   1.1866
 0.47834 0.310334  1.19024 0.480916 0.306443   1.1866
 0.47834 0.310334  1.19024 0.480916 0.306443   1.1866
 0.47834 0.310334  1.19024 0.480916 0.306443   1.1866
 0.47834 0.310334  1.19024 0.480916 0.306443   1.1866
 0.47834 0.310334  1.19024 0.480916 0.306443   1.1866
 0.47834 0.310334  1.19024 0.480916 0.306443   1.1866
 0.47834 0.310334  1.19024 0.480916 0.306442   1.1866
 0.47834 0.310334  1.19024 0.480916 0.306442   1.1866
 0.47834 0.310334  1.19024 0.480916 0.306442   1.1866
 0.47834 0.310334  1.19024 0.480917 0.306442   1.1866
 0.47834 0.310334  1.19024 0.480917 0.306442   1.1866
 0.47834 0.310334  1.19024 0.480917 0.306442   1.1866
 0.47834 0.310334  1.19024 0.480917 0.306442   1.1866
 0.47834 0.310334  1.19024 0.480917 0.306442   1.1866
 0.47834 0.310334  1.19024 0.480917 0.306442   1.1866
 0.47834 0.310334  1.19024 0.480917 0.306441   1.1866
 0.47834 0.310334  1.19024 0.480917 0.306441   1.1866
 0.47834 0.310334  1.19024 0.480917 0.306441   1.1866
 0.47834 0.310334  1.19024 0.480917 0.306441   1.1866
 0.47834 0.310334  1.19024 0.480917 0.306441   1.1866
 0.47834 0.310334  1.19024 0.480917 0.306441   1.1866
 0.47834 0.310334  1.19024 0.480917 0.306441   1.1866
 0.47834 0.310334  1.19024 0.480917 0.306441   1.1866
 0.47834 0.310334  1.19024 0.480918 0.306441   1.1866
 0.47834 0.310334  1.19024 0.480918  0.30644   1.1866
 0.47834 0.310334  1.19024 0.480918  0.30644   1.1866
 0.47834 0.310334  1.19024 0.480918  0.30644   1.1866
 0.47834 0.310334  1.19024 0.480918  0.30644  1.18661
 0.47834 0.310334  1.19024 0.480918  0.30644  1.18661
 0.47834 0.310334  1.19024 0.480918  0.30644  1.18661
 0.47834 0.310334  1.19024 0.480918  0.30644  1.18661
 0.47834 0.310334  1.19024 0.480918  0.30644  1.18661
 0.47834 0.310334  1.19024 0.480918 0.306439  1.18661
 0.47834 0.310334  1.19024 0.480918 0.306439  1.18661
 0.47834 0.310334  1.19024 0.480918 0.306439  1.18661
 0.47834 0.310334  1.19024 0.480918 0.306439  1.18661
 0.47834 0.310334  1.19024 0.480918 0.306439  1.18661
 0.47834 0.310334  1.19024 0.480919 0.306439  1.18661
 0.47834 0.310334  1.19024 0.480919 0.306439  1.18661
 0.47834 0.310334  1.19024 0.480919 0.306439  1.18661
 0.47834 0.310334  1.19024 0.480919 0.306438  1.18661
 0.47834 0.310334  1.19024 0.480919 0.306438  1.18661
 0.47834 0.310334  1.19024 0.480919 0.306438  1.18661
 0.47834 0.310334  1.19024 0.480919 0.306438  1.18661
 0.47834 0.310334  1.19024 0.480919 0.306438  1.18661
 0.47834 0.310334  1.19024 0.480919 0.306438  1.18661
 0.47834 0.310334  1.19024 0.480919 0.306438  1.18661
 0.47834 0.310334  1.19024 0.480919 0.306438  1.18661
 0.47834 0.310334  1.19024 0.480919 0.306438  1.18661
 0.47834 0.310334  1.19024 0.480919 0.306437  1.18661
 0.47834 0.310334  1.19024 0.480919 0.306437  1.18661
 0.47834 0.310334  1.19024 0.480919 0.306437  1.18661
 0.47834 0.310334  1.19024  0.48092 0.306437  1.18661
 0.47834 0.310334  1.19024  0.48092 0.306437  1.18661
 0.47834 0.310334  1.19024  0.48092 0.306437  1.18661
 0.47834 0.310334  1.19024  0.48092 0.306437  1.18661
 0.47834 0.310334  1.19024  0.48092 0.306436  1.18661
 0.47834 0.310334  1.19024  0.48092 0.306436  1.18661
 0.47834 0.310334  1.19024  0.48092 0.306436  1.18661
 0.47834 0.310334  1.19024  0.48092 0.306436  1.18661
 0.47834 0.310334  1.19024  0.48092 0.306436  1.18661
 0.47834 0.310334  1.19024  0.48092 0.306436  1.18661
 0.47834 0.310334  1.19024  0.48092 0.306436  1.18661
 0.47834 0.310334  1.19024  0.48092 0.306436  1.18661
 0.47834 0.310334  1.19024  0.48092 0.306435  1.18661
 0.47834 0.310334  1.19024  0.48092 0.306435  1.18661
 0.47834 0.310334  1.19024 0.480921 0.306435  1.18661
 0.47834 0.310334  1.19024 0.480921 0.306435  1.18661
 0.47834 0.310334  1.19024 0.480921 0.306435  1.18661
 0.47834 0.310334  1.19024 0.480921 0.306435  1.18661
 0.47834 0.310334  1.19024 0.480921 0.306435  1.18661
 0.47834 0.310334  1.19024 0.480921 0.306435  1.18661
 0.47834 0.310334  1.19024 0.480921 0.306435  1.18661
 0.47834 0.310334  1.19024 0.480921 0.306434  1.18661
 0.47834 0.310334  1.19024 0.480921 0.306434  1.18661
 0.47834 0.310334  1.19024 0.480921 0.306434  1.18661
 0.47834 0.310334  1.19024 0.480921 0.306434  1.18661
 0.47834 0.310334  1.19024 0.480921 0.306434  1.18661
 0.47834 0.310334  1.19024 0.480921 0.306434  1.18661
 0.47834 0.310334  1.19024 0.480921 0.306434  1.18661
 0.47834 0.310334  1.19024 0.480921 0.306434  1.18661
 0.47834 0.310334  1.19024 0.480922 0.306433  1.18661
 0.47834 0.310334  1.19024 0.480922 0.306433  1.18661
 0.47834 0.310334  1.19024 0.480922 0.306433  1.18661
 0.47834 0.310334  1.19024 0.480922 0.306433  1.18661
 0.47834 0.310334  1.19024 0.480922 0.306433  1.18661
 0.47834 0.310334  1.19024 0.480922 0.306433  1.18661
 0.47834 0.310334  1.19024 0.480922 0.306433  1.18661
 0.47834 0.310334  1.19024 0.480922 0.306433  1.18661
 0.47834 0.310334  1.19024 0.480922 0.306432  1.18661
 0.47834 0.310334  1.19024 0.480922 0.306432  1.18661
 0.47834 0.310334  1.19024 0.480922 0.306432  1.18661
 0.47834 0.310334  1.19024 0.480922 0.306432  1.18661
 0.47834 0.310334  1.19024 0.480922 0.306432  1.18661
 0.47834 0.310334  1.19024 0.480922 0.306432  1.18661
 0.47834 0.310334  1.19024 0.480923 0.306432  1.18661
 0.47834 0.310334  1.19024 0.480923 0.306432  1.18661
 0.47834 0.310334  1.19024 0.480923 0.306431  1.18661
 0.47834 0.310334  1.19024 0.480923 0.306431  1.18661
 0.47834 0.310334  1.19024 0.480923 0.306431  1.18661
 0.47834 0.310334  1.19024 0.480923 0.306431  1.18661
 0.47834 0.310334  1.19024 0.480923 0.306431  1.18661
 0.47834 0.310334  1.19024 0.480923 0.306431  1.18661
 0.47834 0.310334  1.19024 0.480923 0.306431  1.18661
 0.47834 0.310334  1.19024 0.480923 0.306431  1.18661
 0.47834 0.310334  1.19024 0.480923 0.306431  1.18661
 0.47834 0.310334  1.19024 0.480923  0.30643  1.18661
 0.47834 0.310334  1.19024 0.480923  0.30643  1.18661
 0.47834 0.310334  1.19024 0.480923  0.30643  1.18661
 0.47834 0.310334  1.19024 0.480923  0.30643  1.18661
 0.47834 0.310334  1.19024 0.480924  0.30643  1.18661
 0.47834 0.310334  1.19024 0.480924  0.30643  1.18661
 0.47834 0.310334  1.19024 0.480924  0.30643  1.18661
 0.47834 0.310334  1.19024 0.480924 0.306429  1.18661
 0.47834 0.310334  1.19024 0.480924 0.306429  1.18661
 0.47834 0.310334  1.19024 0.480924 0.306429  1.18661
 0.47834 0.310334  1.19024 0.480924 0.306429  1.18661
 0.47834 0.310334  1.19024 0.480924 0.306429  1.18661
 0.47834 0.310334  1.19024 0.480924 0.306429  1.18661
 0.47834 0.310334  1.19024 0.480924 0.306429  1.18661
 0.47834 0.310334  1.19024 0.480924 0.306429  1.18661
 0.47834 0.310334  1.19024 0.480924 0.306429  1.18661
 0.47834 0.310334  1.19024 0.480925 0.306428  1.18661
 0.47834 0.310334  1.19024 0.480925 0.306428  1.18661
 0.47834 0.310334  1.19024 0.480925 0.306428  1.18661
 0.47834 0.310334  1.19024 0.480925 0.306428  1.18661
 0.47834 0.310334  1.19024 0.480925 0.306428  1.18661
 0.47834 0.310334  1.19024 0.480925 0.306428  1.18661
 0.47834 0.310334  1.19024 0.480925 0.306428  1.18661
 0.47834 0.310334  1.19024 0.480925 0.306428  1.18661
 0.47834 0.310334  1.19024 0.480925 0.306427  1.18661
 0.47834 0.310334  1.19024 0.480925 0.306427  1.18661
 0.47834 0.310334  1.19024 0.480925 0.306427  1.18661
 0.47834 0.310334  1.19024 0.480925 0.306427  1.18661
 0.47834 0.310334  1.19024 0.480925 0.306427  1.18661
 0.47834 0.310334  1.19024 0.480925 0.306427  1.18661
 0.47834 0.310334  1.19024 0.480925 0.306427  1.18661
 0.47834 0.310334  1.19024 0.480926 0.306427  1.18661
 0.47834 0.310334  1.19024 0.480926 0.306426  1.18661
 0.47834 0.310334  1.19024 0.480926 0.306426  1.18661
 0.47834 0.310334  1.19024 0.480926 0.306426  1.18661
 0.47834 0.310334  1.19024 0.480926 0.306426  1.18661
 0.47834 0.310334  1.19024 0.480926 0.306426  1.18661
 0.47834 0.310334  1.19024 0.480926 0.306426  1.18661
 0.47834 0.310334  1.19024 0.480926 0.306426  1.18661
 0.47834 0.310334  1.19024 0.480926 0.306426  1.18661
 0.47834 0.310334  1.19024 0.480926 0.306425  1.18661
 0.47834 0.310334  1.19024 0.480926 0.306425  1.18661
 0.47834 0.310334  1.19024 0.480926 0.306425  1.18661
 0.47834 0.310334  1.19024 0.480926 0.306425  1.18661
 0.47834 0.310334  1.19024 0.480927 0.306425  1.18661
 0.47834 0.310334  1.19024 0.480927 0.306425  1.18661
 0.47834 0.310334  1.19024 0.480927 0.306425  1.18661
 0.47834 0.310334  1.19024 0.480927 0.306425  1.18661
 0.47834 0.310334  1.19024 0.480927 0.306425  1.18661
 0.47834 0.310334  1.19024 0.480927 0.306424  1.18661
 0.47834 0.310334  1.19024 0.480927 0.306424  1.18661
 0.47834 0.310334  1.19024 0.480927 0.306424  1.18661
 0.47834 0.310334  1.19024 0.480927 0.306424  1.18661
 0.47834 0.310334  1.19024 0.480927 0.306424  1.18661
 0.47834 0.310334  1.19024 0.480927 0.306424  1.18661
 0.47834 0.310334  1.19024 0.480927 0.306424  1.18661
 0.47834 0.310334  1.19024 0.480927 0.306424  1.18661
 0.47834 0.310334  1.19024 0.480927 0.306423  1.18661
 0.47834 0.310334  1.19024 0.480928 0.306423  1.18661
 0.47834 0.310334  1.19024 0.480928 0.306423  1.18661
 0.47834 0.310334  1.19024 0.480928 0.306423  1.18661
 0.47834 0.310334  1.19024 0.480928 0.306423  1.18661
 0.47834 0.310334  1.19024 0.480928 0.306423  1.18661
 0.47834 0.310334  1.19024 0.480928 0.306423  1.18661
 0.47834 0.310334  1.19024 0.480928 0.306423  1.18661
 0.47834 0.310334  1.19024 0.480928 0.306422  1.18661
 0.47834 0.310334  1.19024 0.480928 0.306422  1.18661
 0.47834 0.310334  1.19024 0.480928 0.306422  1.18661
 0.47834 0.310334  1.19024 0.480928 0.306422  1.18661
 0.47834 0.310334  1.19024 0.480928 0.306422  1.18661
 0.47834 0.310334  1.19024 0.480928 0.306422  1.18661
 0.47834 0.310334  1.19024 0.480928 0.306422  1.18661
 0.47834 0.310334  1.19024 0.480929 0.306422  1.18661
 0.47834 0.310334  1.19024 0.480929 0.306421  1.18661
 0.47834 0.310334  1.19024 0.480929 0.306421  1.18661
 0.47834 0.310334  1.19024 0.480929 0.306421  1.18661
 0.47834 0.310334  1.19024 0.480929 0.306421  1.18661
 0.47834 0.310334  1.19024 0.480929 0.306421  1.18661
 0.47834 0.310334  1.19024 0.480929 0.306421  1.18661
 0.47834 0.310334  1.19024 0.480929 0.306421  1.18661
 0.47834 0.310334  1.19024 0.480929 0.306421  1.18661
 0.47834 0.310334  1.19024 0.480929  0.30642  1.18661
 0.47834 0.310334  1.19024 0.480929  0.30642  1.18661
 0.47834 0.310334  1.19024 0.480929  0.30642  1.18661
 0.47834 0.310334  1.19024 0.480929  0.30642  1.18661
 0.47834 0.310334  1.19024 0.480929  0.30642  1.18661
 0.47834 0.310334  1.19024 0.48093 0.30642 1.18661
 0.47834 0.310334  1.19024 0.48093 0.30642 1.18661
 0.47834 0.310334  1.19024 0.48093 0.30642 1.18661
 0.47834 0.310334  1.19024  0.48093 0.306419  1.18661
 0.47834 0.310334  1.19024  0.48093 0.306419  1.18661
 0.47834 0.310334  1.19024  0.48093 0.306419  1.18661
 0.47834 0.310334  1.19024  0.48093 0.306419  1.18661
 0.47834 0.310334  1.19024  0.48093 0.306419  1.18661
 0.47834 0.310334  1.19024  0.48093 0.306419  1.18661
 0.47834 0.310334  1.19024  0.48093 0.306419  1.18661
 0.47834 0.310334  1.19024  0.48093 0.306419  1.18661
 0.47834 0.310334  1.19024  0.48093 0.306418  1.18661
 0.47834 0.310334  1.19024  0.48093 0.306418  1.18661
 0.47834 0.310334  1.19024 0.480931 0.306418  1.18661
 0.47834 0.310334  1.19024 0.480931 0.306418  1.18661
 0.47834 0.310334  1.19024 0.480931 0.306418  1.18661
 0.47834 0.310334  1.19024 0.480931 0.306418  1.18661
 0.47834 0.310334  1.19024 0.480931 0.306418  1.18661
 0.47834 0.310334  1.19024 0.480931 0.306418  1.18661
 0.47834 0.310334  1.19024 0.480931 0.306417  1.18661
 0.47834 0.310334  1.19024 0.480931 0.306417  1.18661
 0.47834 0.310334  1.19024 0.480931 0.306417  1.18661
 0.47834 0.310334  1.19024 0.480931 0.306417  1.18661
 0.47834 0.310334  1.19024 0.480931 0.306417  1.18661
 0.47834 0.310334  1.19024 0.480931 0.306417  1.18661
 0.47834 0.310334  1.19024 0.480931 0.306417  1.18661
 0.47834 0.310334  1.19024 0.480931 0.306417  1.18661
 0.47834 0.310334  1.19024 0.480932 0.306416  1.18661
 0.47834 0.310334  1.19024 0.480932 0.306416  1.18661
 0.47834 0.310334  1.19024 0.480932 0.306416  1.18661
 0.47834 0.310334  1.19024 0.480932 0.306416  1.18661
 0.47834 0.310334  1.19024 0.480932 0.306416  1.18661
 0.47834 0.310334  1.19024 0.480932 0.306416  1.18661
 0.47834 0.310334  1.19024 0.480932 0.306416  1.18661
 0.47834 0.310334  1.19024 0.480932 0.306416  1.18661
 0.47834 0.310334  1.19024 0.480932 0.306416  1.18661
 0.47834 0.310334  1.19024 0.480932 0.306415  1.18661
 0.47834 0.310334  1.19024 0.480932 0.306415  1.18661
 0.47834 0.310334  1.19024 0.480932 0.306415  1.18661
 0.47834 0.310334  1.19024 0.480932 0.306415  1.18661
 0.47834 0.310334  1.19024 0.480933 0.306415  1.18661
 0.47834 0.310334  1.19024 0.480933 0.306415  1.18661
 0.47834 0.310334  1.19024 0.480933 0.306415  1.18661
 0.47834 0.310334  1.19024 0.480933 0.306415  1.18661
 0.47834 0.310334  1.19024 0.480933 0.306414  1.18661
 0.47834 0.310334  1.19024 0.480933 0.306414  1.18661
 0.47834 0.310334  1.19024 0.480933 0.306414  1.18661
 0.47834 0.310334  1.19024 0.480933 0.306414  1.18661
 0.47834 0.310334  1.19024 0.480933 0.306414  1.18661
 0.47834 0.310334  1.19024 0.480933 0.306414  1.18661
 0.47834 0.310334  1.19024 0.480933 0.306414  1.18661
 0.47834 0.310334  1.19024 0.480933 0.306414  1.18661
 0.47834 0.310334  1.19024 0.480933 0.306413  1.18661
 0.47834 0.310334  1.19024 0.480933 0.306413  1.18661
 0.47834 0.310334  1.19024 0.480933 0.306413  1.18661
 0.47834 0.310334  1.19024 0.480933 0.306413  1.18661
 0.47834 0.310334  1.19024 0.480934 0.306413  1.18661
 0.47834 0.310334  1.19024 0.480934 0.306413  1.18661
 0.47834 0.310334  1.19024 0.480934 0.306413  1.18661
 0.47834 0.310334  1.19024 0.480934 0.306413  1.18661
 0.47834 0.310334  1.19024 0.480934 0.306412  1.18661
 0.47834 0.310334  1.19024 0.480934 0.306412  1.18661
 0.47834 0.310334  1.19024 0.480934 0.306412  1.18661
 0.47834 0.310334  1.19024 0.480934 0.306412  1.18661
 0.47834 0.310334  1.19024 0.480934 0.306412  1.18661
 0.47834 0.310334  1.19024 0.480934 0.306412  1.18661
 0.47834 0.310334  1.19024 0.480934 0.306412  1.18661
 0.47834 0.310334  1.19024 0.480934 0.306412  1.18661
 0.47834 0.310334  1.19024 0.480935 0.306411  1.18661
 0.47834 0.310334  1.19024 0.480935 0.306411  1.18661
 0.47834 0.310334  1.19024 0.480935 0.306411  1.18661
 0.47834 0.310334  1.19024 0.480935 0.306411  1.18661
 0.47834 0.310334  1.19024 0.480935 0.306411  1.18661
 0.47834 0.310334  1.19024 0.480935 0.306411  1.18661
 0.47834 0.310334  1.19024 0.480935 0.306411  1.18661
 0.47834 0.310334  1.19024 0.480935 0.306411  1.18661
 0.47834 0.310334  1.19024 0.480935  0.30641  1.18661
 0.47834 0.310334  1.19024 0.480935  0.30641  1.18661
 0.47834 0.310334  1.19024 0.480935  0.30641  1.18661
 0.47834 0.310334  1.19024 0.480935  0.30641  1.18661
 0.47834 0.310334  1.19024 0.480935  0.30641  1.18661
 0.47834 0.310334  1.19024 0.480935  0.30641  1.18661
 0.47834 0.310334  1.19024 0.480936  0.30641  1.18661
 0.47834 0.310334  1.19024 0.480936  0.30641  1.18661
 0.47834 0.310334  1.19024 0.480936  0.30641  1.18661
 0.47834 0.310334  1.19024 0.480936 0.306409  1.18661
 0.47834 0.310334  1.19024 0.480936 0.306409  1.18661
 0.47834 0.310334  1.19024 0.480936 0.306409  1.18661
 0.47834 0.310334  1.19024 0.480936 0.306409  1.18661
 0.47834 0.310334  1.19024 0.480936 0.306409  1.18661
 0.47834 0.310334  1.19024 0.480936 0.306409  1.18661
 0.47834 0.310334  1.19024 0.480936 0.306409  1.18661
 0.47834 0.310334  1.19024 0.480936 0.306409  1.18661
 0.47834 0.310334  1.19024 0.480936 0.306408  1.18661
 0.47834 0.310334  1.19024 0.480936 0.306408  1.18661
 0.47834 0.310334  1.19024 0.480937 0.306408  1.18661
 0.47834 0.310334  1.19024 0.480937 0.306408  1.18661
 0.47834 0.310334  1.19024 0.480937 0.306408  1.18661
 0.47834 0.310334  1.19024 0.480937 0.306408  1.18661
 0.47834 0.310334  1.19024 0.480937 0.306408  1.18661
 0.47834 0.310334  1.19024 0.480937 0.306408  1.18661
 0.47834 0.310334  1.19024 0.480937 0.306407  1.18661
 0.47834 0.310334  1.19024 0.480937 0.306407  1.18661
 0.47834 0.310334  1.19024 0.480937 0.306407  1.18661
 0.47834 0.310334  1.19024 0.480937 0.306407  1.18661
 0.47834 0.310334  1.19024 0.480937 0.306407  1.18661
 0.47834 0.310334  1.19024 0.480937 0.306407  1.18661
 0.47834 0.310334  1.19024 0.480937 0.306407  1.18661
 0.47834 0.310334  1.19024 0.480937 0.306407  1.18661
 0.47834 0.310334  1.19024 0.480937 0.306406  1.18661
 0.47834 0.310334  1.19024 0.480938 0.306406  1.18661
 0.47834 0.310334  1.19024 0.480938 0.306406  1.18661
 0.47834 0.310334  1.19024 0.480938 0.306406  1.18661
 0.47834 0.310334  1.19024 0.480938 0.306406  1.18661
 0.47834 0.310334  1.19024 0.480938 0.306406  1.18661
 0.47834 0.310334  1.19024 0.480938 0.306406  1.18661
 0.47834 0.310334  1.19024 0.480938 0.306406  1.18661
 0.47834 0.310334  1.19024 0.480938 0.306405  1.18661
 0.47834 0.310334  1.19024 0.480938 0.306405  1.18661
 0.47834 0.310334  1.19024 0.480938 0.306405  1.18661
 0.47834 0.310334  1.19024 0.480938 0.306405  1.18661
 0.47834 0.310334  1.19024 0.480938 0.306405  1.18661
 0.47834 0.310334  1.19024 0.480938 0.306405  1.18661
 0.47834 0.310334  1.19024 0.480939 0.306405  1.18661
 0.47834 0.310334  1.19024 0.480939 0.306405  1.18661
 0.47834 0.310334  1.19024 0.480939 0.306404  1.18661
 0.47834 0.310334  1.19024 0.480939 0.306404  1.18661
 0.47834 0.310334  1.19024 0.480939 0.306404  1.18661
 0.47834 0.310334  1.19024 0.480939 0.306404  1.18661
 0.47834 0.310334  1.19024 0.480939 0.306404  1.18661
 0.47834 0.310334  1.19024 0.480939 0.306404  1.18661
 0.47834 0.310334  1.19024 0.480939 0.306404  1.18661
 0.47834 0.310334  1.19024 0.480939 0.306404  1.18661
 0.47834 0.310334  1.19024 0.480939 0.306404  1.18661
 0.47834 0.310334  1.19024 0.480939 0.306403  1.18661
 0.47834 0.310334  1.19024 0.480939 0.306403  1.18661
 0.47834 0.310334  1.19024 0.480939 0.306403  1.18661
 0.47834 0.310334  1.19024 0.480939 0.306403  1.18661
 0.47834 0.310334  1.19024  0.48094 0.306403  1.18661
 0.47834 0.310334  1.19024  0.48094 0.306403  1.18661
 0.47834 0.310334  1.19024  0.48094 0.306403  1.18661
 0.47834 0.310334  1.19024  0.48094 0.306403  1.18661
 0.47834 0.310334  1.19024  0.48094 0.306402  1.18661
 0.47834 0.310334  1.19024  0.48094 0.306402  1.18661
 0.47834 0.310334  1.19024  0.48094 0.306402  1.18661
 0.47834 0.310334  1.19024  0.48094 0.306402  1.18661
 0.47834 0.310334  1.19024  0.48094 0.306402  1.18661
 0.47834 0.310334  1.19024  0.48094 0.306402  1.18661
 0.47834 0.310334  1.19024  0.48094 0.306402  1.18661
 0.47834 0.310334  1.19024  0.48094 0.306402  1.18661
 0.47834 0.310334  1.19024  0.48094 0.306401  1.18661
 0.47834 0.310334  1.19024  0.48094 0.306401  1.18661
 0.47834 0.310334  1.19024 0.480941 0.306401  1.18661
 0.47834 0.310334  1.19024 0.480941 0.306401  1.18661
 0.47834 0.310334  1.19024 0.480941 0.306401  1.18661
 0.47834 0.310334  1.19024 0.480941 0.306401  1.18661
 0.47834 0.310334  1.19024 0.480941 0.306401  1.18661
 0.47834 0.310334  1.19024 0.480941 0.306401  1.18661
 0.47834 0.310334  1.19024 0.480941   0.3064  1.18661
 0.47834 0.310334  1.19024 0.480941   0.3064  1.18661
 0.47834 0.310334  1.19024 0.480941   0.3064  1.18661
 0.47834 0.310334  1.19024 0.480941   0.3064  1.18661
 0.47834 0.310334  1.19024 0.480941   0.3064  1.18661
 0.47834 0.310334  1.19024 0.480941   0.3064  1.18661
 0.47834 0.310334  1.19024 0.480941   0.3064  1.18661
 0.47834 0.310334  1.19024 0.480941   0.3064  1.18661
 0.47834 0.310334  1.19024 0.480942   0.3064  1.18661
 0.47834 0.310334  1.19024 0.480942 0.306399  1.18661
 0.47834 0.310334  1.19024 0.480942 0.306399  1.18661
 0.47834 0.310334  1.19024 0.480942 0.306399  1.18661
 0.47834 0.310334  1.19024 0.480942 0.306399  1.18661
 0.47834 0.310334  1.19024 0.480942 0.306399  1.18661
 0.47834 0.310334  1.19024 0.480942 0.306399  1.18661
 0.47834 0.310334  1.19024 0.480942 0.306399  1.18661
 0.47834 0.310334  1.19024 0.480942 0.306399  1.18661
 0.47834 0.310334  1.19024 0.480942 0.306398  1.18661
 0.47834 0.310334  1.19024 0.480942 0.306398  1.18661
 0.47834 0.310334  1.19024 0.480942 0.306398  1.18661
 0.47834 0.310334  1.19024 0.480942 0.306398  1.18661
 0.47834 0.310334  1.19024 0.480942 0.306398  1.18661
 0.47834 0.310334  1.19024 0.480942 0.306398  1.18661
 0.47834 0.310334  1.19024 0.480943 0.306398  1.18661
 0.47834 0.310334  1.19024 0.480943 0.306398  1.18661
 0.47834 0.310334  1.19024 0.480943 0.306398  1.18661
 0.47834 0.310334  1.19024 0.480943 0.306397  1.18661
 0.47834 0.310334  1.19024 0.480943 0.306397  1.18661
 0.47834 0.310334  1.19024 0.480943 0.306397  1.18661
 0.47834 0.310334  1.19024 0.480943 0.306397  1.18661
 0.47834 0.310334  1.19024 0.480943 0.306397  1.18661
 0.47834 0.310334  1.19024 0.480943 0.306397  1.18661
 0.47834 0.310334  1.19024 0.480943 0.306397  1.18661
 0.47834 0.310334  1.19024 0.480943 0.306397  1.18661
 0.47834 0.310334  1.19024 0.480943 0.306396  1.18661
 0.47834 0.310334  1.19024 0.480943 0.306396  1.18661
 0.47834 0.310334  1.19024 0.480944 0.306396  1.18661
 0.47834 0.310334  1.19024 0.480944 0.306396  1.18661
 0.47834 0.310334  1.19024 0.480944 0.306396  1.18661
 0.47834 0.310334  1.19024 0.480944 0.306396  1.18661
 0.47834 0.310334  1.19024 0.480944 0.306396  1.18661
 0.47834 0.310334  1.19024 0.480944 0.306396  1.18661
 0.47834 0.310334  1.19024 0.480944 0.306396  1.18661
 0.47834 0.310334  1.19024 0.480944 0.306395  1.18661
 0.47834 0.310334  1.19024 0.480944 0.306395  1.18661
 0.47834 0.310334  1.19024 0.480944 0.306395  1.18661
 0.47834 0.310334  1.19024 0.480944 0.306395  1.18661
 0.47834 0.310334  1.19024 0.480944 0.306395  1.18661
 0.47834 0.310334  1.19024 0.480944 0.306395  1.18661
 0.47834 0.310334  1.19024 0.480944 0.306395  1.18661
 0.47834 0.310334  1.19024 0.480944 0.306395  1.18661
 0.47834 0.310334  1.19024 0.480944 0.306394  1.18661
 0.47834 0.310334  1.19024 0.480945 0.306394  1.18661
 0.47834 0.310334  1.19024 0.480945 0.306394  1.18661
 0.47834 0.310334  1.19024 0.480945 0.306394  1.18661
 0.47834 0.310334  1.19024 0.480945 0.306394  1.18661
 0.47834 0.310334  1.19024 0.480945 0.306394  1.18661
 0.47834 0.310334  1.19024 0.480945 0.306394  1.18661
 0.47834 0.310334  1.19024 0.480945 0.306394  1.18661
 0.47834 0.310334  1.19024 0.480945 0.306394  1.18661
 0.47834 0.310334  1.19024 0.480945 0.306393  1.18661
 0.47834 0.310334  1.19024 0.480945 0.306393  1.18661
 0.47834 0.310334  1.19024 0.480945 0.306393  1.18661
 0.47834 0.310334  1.19024 0.480945 0.306393  1.18661
 0.47834 0.310334  1.19024 0.480945 0.306393  1.18661
 0.47834 0.310334  1.19024 0.480945 0.306393  1.18661
 0.47834 0.310334  1.19024 0.480945 0.306393  1.18661
 0.47834 0.310334  1.19024 0.480946 0.306392  1.18661
 0.47834 0.310334  1.19024 0.480946 0.306392  1.18661
 0.47834 0.310334  1.19024 0.480946 0.306392  1.18661
 0.47834 0.310334  1.19024 0.480946 0.306392  1.18661
 0.47834 0.310334  1.19024 0.480946 0.306392  1.18661
 0.47834 0.310334  1.19024 0.480946 0.306392  1.18661
 0.47834 0.310334  1.19024 0.480946 0.306392  1.18661
 0.47834 0.310334  1.19024 0.480946 0.306392  1.18661
 0.47834 0.310334  1.19024 0.480946 0.306392  1.18661
 0.47834 0.310334  1.19024 0.480946 0.306391  1.18661
 0.47834 0.310334  1.19024 0.480946 0.306391  1.18661
 0.47834 0.310334  1.19024 0.480946 0.306391  1.18661
 0.47834 0.310334  1.19024 0.480946 0.306391  1.18661
 0.47834 0.310334  1.19024 0.480946 0.306391  1.18661
 0.47834 0.310334  1.19024 0.480946 0.306391  1.18662
 0.47834 0.310334  1.19024 0.480947 0.306391  1.18662
 0.47834 0.310334  1.19024 0.480947 0.306391  1.18662
 0.47834 0.310334  1.19024 0.480947  0.30639  1.18662
 0.47834 0.310334  1.19024 0.480947  0.30639  1.18662
 0.47834 0.310334  1.19024 0.480947  0.30639  1.18662
 0.47834 0.310334  1.19024 0.480947  0.30639  1.18662
 0.47834 0.310334  1.19024 0.480947  0.30639  1.18662
 0.47834 0.310334  1.19024 0.480947  0.30639  1.18662
 0.47834 0.310334  1.19024 0.480947  0.30639  1.18662
 0.47834 0.310334  1.19024 0.480947  0.30639  1.18662
 0.47834 0.310334  1.19024 0.480947 0.306389  1.18662
 0.47834 0.310334  1.19024 0.480947 0.306389  1.18662
 0.47834 0.310334  1.19024 0.480947 0.306389  1.18662
 0.47834 0.310334  1.19024 0.480947 0.306389  1.18662
 0.47834 0.310334  1.19024 0.480948 0.306389  1.18662
 0.47834 0.310334  1.19024 0.480948 0.306389  1.18662
 0.47834 0.310334  1.19024 0.480948 0.306389  1.18662
 0.47834 0.310334  1.19024 0.480948 0.306389  1.18662
 0.47834 0.310334  1.19024 0.480948 0.306389  1.18662
 0.47834 0.310334  1.19024 0.480948 0.306388  1.18662
 0.47834 0.310334  1.19024 0.480948 0.306388  1.18662
 0.47834 0.310334  1.19024 0.480948 0.306388  1.18662
 0.47834 0.310334  1.19024 0.480948 0.306388  1.18662
 0.47834 0.310334  1.19024 0.480948 0.306388  1.18662
 0.47834 0.310334  1.19024 0.480948 0.306388  1.18662
 0.47834 0.310334  1.19024 0.480948 0.306388  1.18662
 0.47834 0.310334  1.19024 0.480948 0.306387  1.18662
 0.47834 0.310334  1.19024 0.480948 0.306387  1.18662
 0.47834 0.310334  1.19024 0.480948 0.306387  1.18662
 0.47834 0.310334  1.19024 0.480948 0.306387  1.18662
 0.47834 0.310334  1.19024 0.480949 0.306387  1.18662
 0.47834 0.310334  1.19024 0.480949 0.306387  1.18662
 0.47834 0.310334  1.19024 0.480949 0.306387  1.18662
 0.47834 0.310334  1.19024 0.480949 0.306387  1.18662
 0.47834 0.310334  1.19024 0.480949 0.306387  1.18662
 0.47834 0.310334  1.19024 0.480949 0.306386  1.18662
 0.47834 0.310334  1.19024 0.480949 0.306386  1.18662
 0.47834 0.310334  1.19024 0.480949 0.306386  1.18662
 0.47834 0.310334  1.19024 0.480949 0.306386  1.18662
 0.47834 0.310334  1.19024 0.480949 0.306386  1.18662
 0.47834 0.310334  1.19024 0.480949 0.306386  1.18662
 0.47834 0.310334  1.19024 0.480949 0.306386  1.18662
 0.47834 0.310334  1.19024 0.480949 0.306386  1.18662
 0.47834 0.310334  1.19024 0.480949 0.306385  1.18662
 0.47834 0.310334  1.19024 0.480949 0.306385  1.18662
 0.47834 0.310334  1.19024  0.48095 0.306385  1.18662
 0.47834 0.310334  1.19024  0.48095 0.306385  1.18662
 0.47834 0.310334  1.19024  0.48095 0.306385  1.18662
 0.47834 0.310334  1.19024  0.48095 0.306385  1.18662
 0.47834 0.310334  1.19024  0.48095 0.306385  1.18662
 0.47834 0.310334  1.19024  0.48095 0.306385  1.18662
 0.47834 0.310334  1.19024  0.48095 0.306384  1.18662
 0.47834 0.310334  1.19024  0.48095 0.306384  1.18662
 0.47834 0.310334  1.19024  0.48095 0.306384  1.18662
 0.47834 0.310334  1.19024  0.48095 0.306384  1.18662
 0.47834 0.310334  1.19024  0.48095 0.306384  1.18662
 0.47834 0.310334  1.19024  0.48095 0.306384  1.18662
 0.47834 0.310334  1.19024  0.48095 0.306384  1.18662
 0.47834 0.310334  1.19024  0.48095 0.306384  1.18662
 0.47834 0.310334  1.19024 0.480951 0.306384  1.18662
 0.47834 0.310334  1.19024 0.480951 0.306383  1.18662
 0.47834 0.310334  1.19024 0.480951 0.306383  1.18662
 0.47834 0.310334  1.19024 0.480951 0.306383  1.18662
 0.47834 0.310334  1.19024 0.480951 0.306383  1.18662
 0.47834 0.310334  1.19024 0.480951 0.306383  1.18662
 0.47834 0.310334  1.19024 0.480951 0.306383  1.18662
 0.47834 0.310334  1.19024 0.480951 0.306383  1.18662
 0.47834 0.310334  1.19024 0.480951 0.306383  1.18662
 0.47834 0.310334  1.19024 0.480951 0.306382  1.18662
 0.47834 0.310334  1.19024 0.480951 0.306382  1.18662
 0.47834 0.310334  1.19024 0.480951 0.306382  1.18662
 0.47834 0.310334  1.19024 0.480951 0.306382  1.18662
 0.47834 0.310334  1.19024 0.480951 0.306382  1.18662
 0.47834 0.310334  1.19024 0.480951 0.306382  1.18662
 0.47834 0.310334  1.19024 0.480952 0.306382  1.18662
 0.47834 0.310334  1.19024 0.480952 0.306382  1.18662
 0.47834 0.310334  1.19024 0.480952 0.306382  1.18662
 0.47834 0.310334  1.19024 0.480952 0.306381  1.18662
 0.47834 0.310334  1.19024 0.480952 0.306381  1.18662
 0.47834 0.310334  1.19024 0.480952 0.306381  1.18662
 0.47834 0.310334  1.19024 0.480952 0.306381  1.18662
 0.47834 0.310334  1.19024 0.480952 0.306381  1.18662
 0.47834 0.310334  1.19024 0.480952 0.306381  1.18662
 0.47834 0.310334  1.19024 0.480952 0.306381  1.18662
 0.47834 0.310334  1.19024 0.480952 0.306381  1.18662
 0.47834 0.310334  1.19024 0.480952  0.30638  1.18662
 0.47834 0.310334  1.19024 0.480952  0.30638  1.18662
 0.47834 0.310334  1.19024 0.480952  0.30638  1.18662
 0.47834 0.310334  1.19024 0.480953  0.30638  1.18662
 0.47834 0.310334  1.19024 0.480953  0.30638  1.18662
 0.47834 0.310334  1.19024 0.480953  0.30638  1.18662
 0.47834 0.310334  1.19024 0.480953  0.30638  1.18662
 0.47834 0.310334  1.19024 0.480953  0.30638  1.18662
 0.47834 0.310334  1.19024 0.480953  0.30638  1.18662
 0.47834 0.310334  1.19024 0.480953 0.306379  1.18662
 0.47834 0.310334  1.19024 0.480953 0.306379  1.18662
 0.47834 0.310334  1.19024 0.480953 0.306379  1.18662
 0.47834 0.310334  1.19024 0.480953 0.306379  1.18662
 0.47834 0.310334  1.19024 0.480953 0.306379  1.18662
 0.47834 0.310334  1.19024 0.480953 0.306379  1.18662
 0.47834 0.310334  1.19024 0.480953 0.306379  1.18662
 0.47834 0.310334  1.19024 0.480954 0.306379  1.18662
 0.47834 0.310334  1.19024 0.480954 0.306379  1.18662
 0.47834 0.310334  1.19024 0.480954 0.306378  1.18662
 0.47834 0.310334  1.19024 0.480954 0.306378  1.18662
 0.47834 0.310334  1.19024 0.480954 0.306378  1.18662
 0.47834 0.310334  1.19024 0.480954 0.306378  1.18662
 0.47834 0.310334  1.19024 0.480954 0.306378  1.18662
 0.47834 0.310334  1.19024 0.480954 0.306378  1.18662
 0.47834 0.310334  1.19024 0.480954 0.306378  1.18662
 0.47834 0.310334  1.19024 0.480954 0.306378  1.18662
 0.47834 0.310334  1.19024 0.480954 0.306377  1.18662
 0.47834 0.310334  1.19024 0.480954 0.306377  1.18662
 0.47834 0.310334  1.19024 0.480954 0.306377  1.18662
 0.47834 0.310334  1.19024 0.480954 0.306377  1.18662
 0.47834 0.310334  1.19024 0.480955 0.306377  1.18662
 0.47834 0.310334  1.19024 0.480955 0.306377  1.18662
 0.47834 0.310334  1.19024 0.480955 0.306377  1.18662
 0.47834 0.310334  1.19024 0.480955 0.306377  1.18662
 0.47834 0.310334  1.19024 0.480955 0.306377  1.18662
 0.47834 0.310334  1.19024 0.480955 0.306376  1.18662
 0.47834 0.310334  1.19024 0.480955 0.306376  1.18662
 0.47834 0.310334  1.19024 0.480955 0.306376  1.18662
 0.47834 0.310334  1.19024 0.480955 0.306376  1.18662
 0.47834 0.310334  1.19024 0.480955 0.306376  1.18662
 0.47834 0.310334  1.19024 0.480955 0.306376  1.18662
 0.47834 0.310334  1.19024 0.480955 0.306376  1.18662
 0.47834 0.310334  1.19024 0.480955 0.306376  1.18662
 0.47834 0.310334  1.19024 0.480955 0.306375  1.18662
 0.47834 0.310334  1.19024 0.480955 0.306375  1.18662
 0.47834 0.310334  1.19024 0.480956 0.306375  1.18662
 0.47834 0.310334  1.19024 0.480956 0.306375  1.18662
 0.47834 0.310334  1.19024 0.480956 0.306375  1.18662
 0.47834 0.310334  1.19024 0.480956 0.306375  1.18662
 0.47834 0.310334  1.19024 0.480956 0.306375  1.18662
 0.47834 0.310334  1.19024 0.480956 0.306375  1.18662
 0.47834 0.310334  1.19024 0.480956 0.306375  1.18662
 0.47834 0.310334  1.19024 0.480956 0.306375  1.18662
 0.47834 0.310334  1.19024 0.480956 0.306374  1.18662
 0.47834 0.310334  1.19024 0.480956 0.306374  1.18662
 0.47834 0.310334  1.19024 0.480956 0.306374  1.18662
 0.47834 0.310334  1.19024 0.480956 0.306374  1.18662
 0.47834 0.310334  1.19024 0.480956 0.306374  1.18662
 0.47834 0.310334  1.19024 0.480957 0.306374  1.18662
 0.47834 0.310334  1.19024 0.480957 0.306374  1.18662
 0.47834 0.310334  1.19024 0.480957 0.306374  1.18662
 0.47834 0.310334  1.19024 0.480957 0.306373  1.18662
 0.47834 0.310334  1.19024 0.480957 0.306373  1.18662
 0.47834 0.310334  1.19024 0.480957 0.306373  1.18662
 0.47834 0.310334  1.19024 0.480957 0.306373  1.18662
 0.47834 0.310334  1.19024 0.480957 0.306373  1.18662
 0.47834 0.310334  1.19024 0.480957 0.306373  1.18662
 0.47834 0.310334  1.19024 0.480957 0.306373  1.18662
 0.47834 0.310334  1.19024 0.480957 0.306373  1.18662
 0.47834 0.310334  1.19024 0.480957 0.306373  1.18662
 0.47834 0.310334  1.19024 0.480957 0.306372  1.18662
 0.47834 0.310334  1.19024 0.480957 0.306372  1.18662
 0.47834 0.310334  1.19024 0.480958 0.306372  1.18662
 0.47834 0.310334  1.19024 0.480958 0.306372  1.18662
 0.47834 0.310334  1.19024 0.480958 0.306372  1.18662
 0.47834 0.310334  1.19024 0.480958 0.306372  1.18662
 0.47834 0.310334  1.19024 0.480958 0.306372  1.18662
 0.47834 0.310334  1.19024 0.480958 0.306372  1.18662
 0.47834 0.310334  1.19024 0.480958 0.306372  1.18662
 0.47834 0.310334  1.19024 0.480958 0.306371  1.18662
 0.47834 0.310334  1.19024 0.480958 0.306371  1.18662
 0.47834 0.310334  1.19024 0.480958 0.306371  1.18662
 0.47834 0.310334  1.19024 0.480958 0.306371  1.18662
 0.47834 0.310334  1.19024 0.480958 0.306371  1.18662
 0.47834 0.310334  1.19024 0.480958 0.306371  1.18662
 0.47834 0.310334  1.19024 0.480959 0.306371  1.18662
 0.47834 0.310334  1.19024 0.480959 0.306371  1.18662
 0.47834 0.310334  1.19024 0.480959 0.306371  1.18662
 0.47834 0.310334  1.19024 0.480959  0.30637  1.18662
 0.47834 0.310334  1.19024 0.480959  0.30637  1.18662
 0.47834 0.310334  1.19024 0.480959  0.30637  1.18662
 0.47834 0.310334  1.19024 0.480959  0.30637  1.18662
 0.47834 0.310334  1.19024 0.480959  0.30637  1.18662
 0.47834 0.310334  1.19024 0.480959  0.30637  1.18662
 0.47834 0.310334  1.19024 0.480959  0.30637  1.18662
 0.47834 0.310334  1.19024 0.480959  0.30637  1.18662
 0.47834 0.310334  1.19024 0.480959  0.30637  1.18662
 0.47834 0.310334  1.19024 0.480959 0.306369  1.18662
 0.47834 0.310334  1.19024  0.48096 0.306369  1.18662
 0.47834 0.310334  1.19024  0.48096 0.306369  1.18662
 0.47834 0.310334  1.19024  0.48096 0.306369  1.18662
 0.47834 0.310334  1.19024  0.48096 0.306369  1.18662
 0.47834 0.310334  1.19024  0.48096 0.306369  1.18662
 0.47834 0.310334  1.19024  0.48096 0.306369  1.18662
 0.47834 0.310334  1.19024  0.48096 0.306369  1.18662
 0.47834 0.310334  1.19024  0.48096 0.306369  1.18662
 0.47834 0.310334  1.19024  0.48096 0.306368  1.18662
 0.47834 0.310334  1.19024  0.48096 0.306368  1.18662
 0.47834 0.310334  1.19024  0.48096 0.306368  1.18662
 0.47834 0.310334  1.19024  0.48096 0.306368  1.18662
 0.47834 0.310334  1.19024  0.48096 0.306368  1.18662
 0.47834 0.310334  1.19024  0.48096 0.306368  1.18662
 0.47834 0.310334  1.19024 0.480961 0.306368  1.18662
 0.47834 0.310334  1.19024 0.480961 0.306368  1.18662
 0.47834 0.310334  1.19024 0.480961 0.306368  1.18662
 0.47834 0.310334  1.19024 0.480961 0.306367  1.18662
 0.47834 0.310334  1.19024 0.480961 0.306367  1.18662
 0.47834 0.310334  1.19024 0.480961 0.306367  1.18662
 0.47834 0.310334  1.19024 0.480961 0.306367  1.18662
 0.47834 0.310334  1.19024 0.480961 0.306367  1.18662
 0.47834 0.310334  1.19024 0.480961 0.306367  1.18662
 0.47834 0.310334  1.19024 0.480961 0.306367  1.18662
 0.47834 0.310334  1.19024 0.480961 0.306367  1.18662
 0.47834 0.310334  1.19024 0.480961 0.306367  1.18662
 0.47834 0.310334  1.19024 0.480961 0.306366  1.18662
 0.47834 0.310334  1.19024 0.480962 0.306366  1.18662
 0.47834 0.310334  1.19024 0.480962 0.306366  1.18662
 0.47834 0.310334  1.19024 0.480962 0.306366  1.18662
 0.47834 0.310334  1.19024 0.480962 0.306366  1.18662
 0.47834 0.310334  1.19024 0.480962 0.306366  1.18662
 0.47834 0.310334  1.19024 0.480962 0.306366  1.18662
 0.47834 0.310334  1.19024 0.480962 0.306366  1.18662
 0.47834 0.310334  1.19024 0.480962 0.306366  1.18662
 0.47834 0.310334  1.19024 0.480962 0.306366  1.18662
 0.47834 0.310334  1.19024 0.480962 0.306365  1.18662
 0.47834 0.310334  1.19024 0.480962 0.306365  1.18662
 0.47834 0.310334  1.19024 0.480962 0.306365  1.18662
 0.47834 0.310334  1.19024 0.480962 0.306365  1.18662
 0.47834 0.310334  1.19024 0.480962 0.306365  1.18662
 0.47834 0.310334  1.19024 0.480963 0.306365  1.18662
 0.47834 0.310334  1.19024 0.480963 0.306365  1.18662
 0.47834 0.310334  1.19024 0.480963 0.306365  1.18662
 0.47834 0.310334  1.19024 0.480963 0.306365  1.18662
 0.47834 0.310334  1.19024 0.480963 0.306364  1.18662
 0.47834 0.310334  1.19024 0.480963 0.306364  1.18662
 0.47834 0.310334  1.19024 0.480963 0.306364  1.18662
 0.47834 0.310334  1.19024 0.480963 0.306364  1.18662
 0.47834 0.310334  1.19024 0.480963 0.306364  1.18662
 0.47834 0.310334  1.19024 0.480963 0.306364  1.18662
 0.47834 0.310334  1.19024 0.480963 0.306364  1.18662
 0.47834 0.310334  1.19024 0.480963 0.306364  1.18662
 0.47834 0.310334  1.19024 0.480963 0.306364  1.18662
 0.47834 0.310334  1.19024 0.480964 0.306364  1.18662
 0.47834 0.310334  1.19024 0.480964 0.306363  1.18662
 0.47834 0.310334  1.19024 0.480964 0.306363  1.18662
 0.47834 0.310334  1.19024 0.480964 0.306363  1.18662
 0.47834 0.310334  1.19024 0.480964 0.306363  1.18662
 0.47834 0.310334  1.19024 0.480964 0.306363  1.18662
 0.47834 0.310334  1.19024 0.480964 0.306363  1.18662
 0.47834 0.310334  1.19024 0.480964 0.306363  1.18662
 0.47834 0.310334  1.19024 0.480964 0.306363  1.18662
 0.47834 0.310334  1.19024 0.480964 0.306363  1.18662
 0.47834 0.310334  1.19024 0.480964 0.306362  1.18662
 0.47834 0.310334  1.19024 0.480964 0.306362  1.18662
 0.47834 0.310334  1.19024 0.480964 0.306362  1.18662
 0.47834 0.310334  1.19024 0.480965 0.306362  1.18662
 0.47834 0.310334  1.19024 0.480965 0.306362  1.18662
 0.47834 0.310334  1.19024 0.480965 0.306362  1.18662
 0.47834 0.310334  1.19024 0.480965 0.306362  1.18662
 0.47834 0.310334  1.19024 0.480965 0.306362  1.18662
 0.47834 0.310334  1.19024 0.480965 0.306362  1.18662
 0.47834 0.310334  1.19024 0.480965 0.306362  1.18662
 0.47834 0.310334  1.19024 0.480965 0.306361  1.18662
 0.47834 0.310334  1.19024 0.480965 0.306361  1.18662
 0.47834 0.310334  1.19024 0.480965 0.306361  1.18662
 0.47834 0.310334  1.19024 0.480965 0.306361  1.18662
 0.47834 0.310334  1.19024 0.480965 0.306361  1.18662
 0.47834 0.310334  1.19024 0.480965 0.306361  1.18662
 0.47834 0.310334  1.19024 0.480965 0.306361  1.18662
 0.47834 0.310334  1.19024 0.480966 0.306361  1.18662
 0.47834 0.310334  1.19024 0.480966 0.306361  1.18662
 0.47834 0.310334  1.19024 0.480966  0.30636  1.18662
 0.47834 0.310334  1.19024 0.480966  0.30636  1.18662
 0.47834 0.310334  1.19024 0.480966  0.30636  1.18662
 0.47834 0.310334  1.19024 0.480966  0.30636  1.18662
 0.47834 0.310334  1.19024 0.480966  0.30636  1.18662
 0.47834 0.310334  1.19024 0.480966  0.30636  1.18662
 0.47834 0.310334  1.19024 0.480966  0.30636  1.18662
 0.47834 0.310334  1.19024 0.480966  0.30636  1.18662
 0.47834 0.310334  1.19024 0.480966  0.30636  1.18662
 0.47834 0.310334  1.19024 0.480966  0.30636  1.18662
 0.47834 0.310334  1.19024 0.480967 0.306359  1.18662
 0.47834 0.310334  1.19024 0.480967 0.306359  1.18662
 0.47834 0.310334  1.19024 0.480967 0.306359  1.18662
 0.47834 0.310334  1.19024 0.480967 0.306359  1.18662
 0.47834 0.310334  1.19024 0.480967 0.306359  1.18662
 0.47834 0.310334  1.19024 0.480967 0.306359  1.18662
 0.47834 0.310334  1.19024 0.480967 0.306359  1.18662
 0.47834 0.310334  1.19024 0.480967 0.306359  1.18662
 0.47834 0.310334  1.19024 0.480967 0.306359  1.18662
 0.47834 0.310334  1.19024 0.480967 0.306358  1.18662
 0.47834 0.310334  1.19024 0.480967 0.306358  1.18662
 0.47834 0.310334  1.19024 0.480967 0.306358  1.18662
 0.47834 0.310334  1.19024 0.480967 0.306358  1.18662
 0.47834 0.310334  1.19024 0.480967 0.306358  1.18662
 0.47834 0.310334  1.19024 0.480968 0.306358  1.18662
 0.47834 0.310334  1.19024 0.480968 0.306358  1.18662
 0.47834 0.310334  1.19024 0.480968 0.306358  1.18662
 0.47834 0.310334  1.19024 0.480968 0.306358  1.18662
 0.47834 0.310334  1.19024 0.480968 0.306358  1.18662
 0.47834 0.310334  1.19024 0.480968 0.306357  1.18662
 0.47834 0.310334  1.19024 0.480968 0.306357  1.18662
 0.47834 0.310334  1.19024 0.480968 0.306357  1.18662
 0.47834 0.310334  1.19024 0.480968 0.306357  1.18662
 0.47834 0.310334  1.19024 0.480968 0.306357  1.18662
 0.47834 0.310334  1.19024 0.480968 0.306357  1.18662
 0.47834 0.310334  1.19024 0.480968 0.306357  1.18662
 0.47834 0.310334  1.19024 0.480968 0.306357  1.18662
 0.47834 0.310334  1.19024 0.480969 0.306357  1.18662
 0.47834 0.310334  1.19024 0.480969 0.306357  1.18662
 0.47834 0.310334  1.19024 0.480969 0.306356  1.18662
 0.47834 0.310334  1.19024 0.480969 0.306356  1.18662
 0.47834 0.310334  1.19024 0.480969 0.306356  1.18662
 0.47834 0.310334  1.19024 0.480969 0.306356  1.18662
 0.47834 0.310334  1.19024 0.480969 0.306356  1.18662
 0.47834 0.310334  1.19024 0.480969 0.306356  1.18662
 0.47834 0.310334  1.19024 0.480969 0.306356  1.18662
 0.47834 0.310334  1.19024 0.480969 0.306356  1.18662
 0.47834 0.310334  1.19024 0.480969 0.306356  1.18662
 0.47834 0.310334  1.19024 0.480969 0.306355  1.18662
 0.47834 0.310334  1.19024 0.480969 0.306355  1.18662
 0.47834 0.310334  1.19024  0.48097 0.306355  1.18662
 0.47834 0.310334  1.19024  0.48097 0.306355  1.18662
 0.47834 0.310334  1.19024  0.48097 0.306355  1.18662
 0.47834 0.310334  1.19024  0.48097 0.306355  1.18662
 0.47834 0.310334  1.19024  0.48097 0.306355  1.18662
 0.47834 0.310334  1.19024  0.48097 0.306355  1.18662
 0.47834 0.310334  1.19024  0.48097 0.306355  1.18662
 0.47834 0.310334  1.19024  0.48097 0.306355  1.18662
 0.47834 0.310334  1.19024  0.48097 0.306354  1.18662
 0.47834 0.310334  1.19024  0.48097 0.306354  1.18662
 0.47834 0.310334  1.19024  0.48097 0.306354  1.18662
 0.47834 0.310334  1.19024  0.48097 0.306354  1.18662
 0.47834 0.310334  1.19024  0.48097 0.306354  1.18662
 0.47834 0.310334  1.19024  0.48097 0.306354  1.18662
 0.47834 0.310334  1.19024 0.480971 0.306354  1.18662
 0.47834 0.310334  1.19024 0.480971 0.306354  1.18662
 0.47834 0.310334  1.19024 0.480971 0.306354  1.18662
 0.47834 0.310334  1.19024 0.480971 0.306354  1.18662
 0.47834 0.310334  1.19024 0.480971 0.306353  1.18662
 0.47834 0.310334  1.19024 0.480971 0.306353  1.18662
 0.47834 0.310334  1.19024 0.480971 0.306353  1.18662
 0.47834 0.310334  1.19024 0.480971 0.306353  1.18662
 0.47834 0.310334  1.19024 0.480971 0.306353  1.18662
 0.47834 0.310334  1.19024 0.480971 0.306353  1.18662
 0.47834 0.310334  1.19024 0.480971 0.306353  1.18662
 0.47834 0.310334  1.19024 0.480971 0.306353  1.18662
 0.47834 0.310334  1.19024 0.480971 0.306353  1.18662
 0.47834 0.310334  1.19024 0.480971 0.306352  1.18662
 0.47834 0.310334  1.19024 0.480972 0.306352  1.18662
 0.47834 0.310334  1.19024 0.480972 0.306352  1.18662
 0.47834 0.310334  1.19024 0.480972 0.306352  1.18662
 0.47834 0.310334  1.19024 0.480972 0.306352  1.18662
 0.47834 0.310334  1.19024 0.480972 0.306352  1.18662
 0.47834 0.310334  1.19024 0.480972 0.306352  1.18662
 0.47834 0.310334  1.19024 0.480972 0.306352  1.18662
 0.47834 0.310334  1.19024 0.480972 0.306352  1.18662
 0.47834 0.310334  1.19024 0.480972 0.306352  1.18662
 0.47834 0.310334  1.19024 0.480972 0.306351  1.18662
 0.47834 0.310334  1.19024 0.480972 0.306351  1.18662
 0.47834 0.310334  1.19024 0.480972 0.306351  1.18662
 0.47834 0.310334  1.19024 0.480972 0.306351  1.18662
 0.47834 0.310334  1.19024 0.480972 0.306351  1.18662
 0.47834 0.310334  1.19024 0.480973 0.306351  1.18662
 0.47834 0.310334  1.19024 0.480973 0.306351  1.18662
 0.47834 0.310334  1.19024 0.480973 0.306351  1.18662
 0.47834 0.310334  1.19024 0.480973 0.306351  1.18662
 0.47834 0.310334  1.19024 0.480973 0.306351  1.18662
 0.47834 0.310334  1.19024 0.480973  0.30635  1.18662
 0.47834 0.310334  1.19024 0.480973  0.30635  1.18662
 0.47834 0.310334  1.19024 0.480973  0.30635  1.18662
 0.47834 0.310334  1.19024 0.480973  0.30635  1.18662
 0.47834 0.310334  1.19024 0.480973  0.30635  1.18662
 0.47834 0.310334  1.19024 0.480973  0.30635  1.18662
 0.47834 0.310334  1.19024 0.480973  0.30635  1.18662
 0.47834 0.310334  1.19024 0.480974  0.30635  1.18662
 0.47834 0.310334  1.19024 0.480974  0.30635  1.18662
 0.47834 0.310334  1.19024 0.480974 0.306349  1.18662
 0.47834 0.310334  1.19024 0.480974 0.306349  1.18662
 0.47834 0.310334  1.19024 0.480974 0.306349  1.18662
 0.47834 0.310334  1.19024 0.480974 0.306349  1.18662
 0.47834 0.310334  1.19024 0.480974 0.306349  1.18662
 0.47834 0.310334  1.19024 0.480974 0.306349  1.18662
 0.47834 0.310334  1.19024 0.480974 0.306349  1.18662
 0.47834 0.310334  1.19024 0.480974 0.306349  1.18662
 0.47834 0.310334  1.19024 0.480974 0.306349  1.18662
 0.47834 0.310334  1.19024 0.480974 0.306349  1.18662
 0.47834 0.310334  1.19024 0.480974 0.306348  1.18662
 0.47834 0.310334  1.19024 0.480974 0.306348  1.18662
 0.47834 0.310334  1.19024 0.480974 0.306348  1.18662
 0.47834 0.310334  1.19024 0.480975 0.306348  1.18662
 0.47834 0.310334  1.19024 0.480975 0.306348  1.18662
 0.47834 0.310334  1.19024 0.480975 0.306348  1.18662
 0.47834 0.310334  1.19024 0.480975 0.306348  1.18662
 0.47834 0.310334  1.19024 0.480975 0.306348  1.18662
 0.47834 0.310334  1.19024 0.480975 0.306348  1.18662
 0.47834 0.310334  1.19024 0.480975 0.306348  1.18662
 0.47834 0.310334  1.19024 0.480975 0.306347  1.18662
 0.47834 0.310334  1.19024 0.480975 0.306347  1.18662
 0.47834 0.310334  1.19024 0.480975 0.306347  1.18662
 0.47834 0.310334  1.19024 0.480975 0.306347  1.18662
 0.47834 0.310334  1.19024 0.480975 0.306347  1.18662
 0.47834 0.310334  1.19024 0.480975 0.306347  1.18662
 0.47834 0.310334  1.19024 0.480975 0.306347  1.18662
 0.47834 0.310334  1.19024 0.480976 0.306347  1.18662
 0.47834 0.310334  1.19024 0.480976 0.306347  1.18662
 0.47834 0.310334  1.19024 0.480976 0.306347  1.18662
 0.47834 0.310334  1.19024 0.480976 0.306346  1.18662
 0.47834 0.310334  1.19024 0.480976 0.306346  1.18662
 0.47834 0.310334  1.19024 0.480976 0.306346  1.18662
 0.47834 0.310334  1.19024 0.480976 0.306346  1.18662
 0.47834 0.310334  1.19024 0.480976 0.306346  1.18662
 0.47834 0.310334  1.19024 0.480976 0.306346  1.18662
 0.47834 0.310334  1.19024 0.480976 0.306346  1.18662
 0.47834 0.310334  1.19024 0.480976 0.306346  1.18662
 0.47834 0.310334  1.19024 0.480976 0.306346  1.18662
 0.47834 0.310334  1.19024 0.480976 0.306345  1.18662
 0.47834 0.310334  1.19024 0.480976 0.306345  1.18662
 0.47834 0.310334  1.19024 0.480977 0.306345  1.18662
 0.47834 0.310334  1.19024 0.480977 0.306345  1.18662
 0.47834 0.310334  1.19024 0.480977 0.306345  1.18662
 0.47834 0.310334  1.19024 0.480977 0.306345  1.18662
 0.47834 0.310334  1.19024 0.480977 0.306345  1.18662
 0.47834 0.310334  1.19024 0.480977 0.306345  1.18662
 0.47834 0.310334  1.19024 0.480977 0.306345  1.18663
 0.47834 0.310334  1.19024 0.480977 0.306344  1.18663
 0.47834 0.310334  1.19024 0.480977 0.306344  1.18663
 0.47834 0.310334  1.19024 0.480977 0.306344  1.18663
 0.47834 0.310334  1.19024 0.480977 0.306344  1.18663
 0.47834 0.310334  1.19024 0.480977 0.306344  1.18663
 0.47834 0.310334  1.19024 0.480977 0.306344  1.18663
 0.47834 0.310334  1.19024 0.480977 0.306344  1.18663
 0.47834 0.310334  1.19024 0.480978 0.306344  1.18663
 0.47834 0.310334  1.19024 0.480978 0.306344  1.18663
 0.47834 0.310334  1.19024 0.480978 0.306344  1.18663
 0.47834 0.310334  1.19024 0.480978 0.306343  1.18663
 0.47834 0.310334  1.19024 0.480978 0.306343  1.18663
 0.47834 0.310334  1.19024 0.480978 0.306343  1.18663
 0.47834 0.310334  1.19024 0.480978 0.306343  1.18663
 0.47834 0.310334  1.19024 0.480978 0.306343  1.18663
 0.47834 0.310334  1.19024 0.480978 0.306343  1.18663
 0.47834 0.310334  1.19024 0.480978 0.306343  1.18663
 0.47834 0.310334  1.19024 0.480978 0.306343  1.18663
 0.47834 0.310334  1.19024 0.480978 0.306343  1.18663
 0.47834 0.310334  1.19024 0.480978 0.306342  1.18663
 0.47834 0.310334  1.19024 0.480978 0.306342  1.18663
 0.47834 0.310334  1.19024 0.480978 0.306342  1.18663
 0.47834 0.310334  1.19024 0.480978 0.306342  1.18663
 0.47834 0.310334  1.19024 0.480979 0.306342  1.18663
 0.47834 0.310334  1.19024 0.480979 0.306342  1.18663
 0.47834 0.310334  1.19024 0.480979 0.306342  1.18663
 0.47834 0.310334  1.19024 0.480979 0.306342  1.18663
 0.47834 0.310334  1.19024 0.480979 0.306342  1.18663
 0.47834 0.310334  1.19024 0.480979 0.306341  1.18663
 0.47834 0.310334  1.19024 0.480979 0.306341  1.18663
 0.47834 0.310334  1.19024 0.480979 0.306341  1.18663
 0.47834 0.310334  1.19024 0.480979 0.306341  1.18663
 0.47834 0.310334  1.19024 0.480979 0.306341  1.18663
 0.47834 0.310334  1.19024 0.480979 0.306341  1.18663
 0.47834 0.310334  1.19024 0.480979 0.306341  1.18663
 0.47834 0.310334  1.19024 0.480979 0.306341  1.18663
 0.47834 0.310334  1.19024  0.48098 0.306341  1.18663
 0.47834 0.310334  1.19024  0.48098 0.306341  1.18663
 0.47834 0.310334  1.19024 0.48098 0.30634 1.18663
 0.47834 0.310334  1.19024 0.48098 0.30634 1.18663
 0.47834 0.310334  1.19024 0.48098 0.30634 1.18663
 0.47834 0.310334  1.19024 0.48098 0.30634 1.18663
 0.47834 0.310334  1.19024 0.48098 0.30634 1.18663
 0.47834 0.310334  1.19024 0.48098 0.30634 1.18663
 0.47834 0.310334  1.19024 0.48098 0.30634 1.18663
 0.47834 0.310334  1.19024 0.48098 0.30634 1.18663
 0.47834 0.310334  1.19024 0.48098 0.30634 1.18663
 0.47834 0.310334  1.19024  0.48098 0.306339  1.18663
 0.47834 0.310334  1.19024  0.48098 0.306339  1.18663
 0.47834 0.310334  1.19024  0.48098 0.306339  1.18663
 0.47834 0.310334  1.19024  0.48098 0.306339  1.18663
 0.47834 0.310334  1.19024 0.480981 0.306339  1.18663
 0.47834 0.310334  1.19024 0.480981 0.306339  1.18663
 0.47834 0.310334  1.19024 0.480981 0.306339  1.18663
 0.47834 0.310334  1.19024 0.480981 0.306339  1.18663
 0.47834 0.310334  1.19024 0.480981 0.306339  1.18663
 0.47834 0.310334  1.19024 0.480981 0.306338  1.18663
 0.47834 0.310334  1.19024 0.480981 0.306338  1.18663
 0.47834 0.310334  1.19024 0.480981 0.306338  1.18663
 0.47834 0.310334  1.19024 0.480981 0.306338  1.18663
 0.47834 0.310334  1.19024 0.480981 0.306338  1.18663
 0.47834 0.310334  1.19024 0.480981 0.306338  1.18663
 0.47834 0.310334  1.19024 0.480981 0.306338  1.18663
 0.47834 0.310334  1.19024 0.480981 0.306338  1.18663
 0.47834 0.310334  1.19024 0.480981 0.306338  1.18663
 0.47834 0.310334  1.19024 0.480982 0.306337  1.18663
 0.47834 0.310334  1.19024 0.480982 0.306337  1.18663
 0.47834 0.310334  1.19024 0.480982 0.306337  1.18663
 0.47834 0.310334  1.19024 0.480982 0.306337  1.18663
 0.47834 0.310334  1.19024 0.480982 0.306337  1.18663
 0.47834 0.310334  1.19024 0.480982 0.306337  1.18663
 0.47834 0.310334  1.19024 0.480982 0.306337  1.18663
 0.47834 0.310334  1.19024 0.480982 0.306337  1.18663
 0.47834 0.310334  1.19024 0.480982 0.306337  1.18663
 0.47834 0.310334  1.19024 0.480982 0.306337  1.18663
 0.47834 0.310334  1.19024 0.480982 0.306336  1.18663
 0.47834 0.310334  1.19024 0.480982 0.306336  1.18663
 0.47834 0.310334  1.19024 0.480982 0.306336  1.18663
 0.47834 0.310334  1.19024 0.480982 0.306336  1.18663
 0.47834 0.310334  1.19024 0.480983 0.306336  1.18663
 0.47834 0.310334  1.19024 0.480983 0.306336  1.18663
 0.47834 0.310334  1.19024 0.480983 0.306336  1.18663
 0.47834 0.310334  1.19024 0.480983 0.306336  1.18663
 0.47834 0.310334  1.19024 0.480983 0.306336  1.18663
 0.47834 0.310334  1.19024 0.480983 0.306335  1.18663
 0.47834 0.310334  1.19024 0.480983 0.306335  1.18663
 0.47834 0.310334  1.19024 0.480983 0.306335  1.18663
 0.47834 0.310334  1.19024 0.480983 0.306335  1.18663
 0.47834 0.310334  1.19024 0.480983 0.306335  1.18663
 0.47834 0.310334  1.19024 0.480983 0.306335  1.18663
 0.47834 0.310334  1.19024 0.480983 0.306335  1.18663
 0.47834 0.310334  1.19024 0.480983 0.306335  1.18663
 0.47834 0.310334  1.19024 0.480983 0.306335  1.18663
 0.47834 0.310334  1.19024 0.480984 0.306334  1.18663
 0.47834 0.310334  1.19024 0.480984 0.306334  1.18663
 0.47834 0.310334  1.19024 0.480984 0.306334  1.18663
 0.47834 0.310334  1.19024 0.480984 0.306334  1.18663
 0.47834 0.310334  1.19024 0.480984 0.306334  1.18663
 0.47834 0.310334  1.19024 0.480984 0.306334  1.18663
 0.47834 0.310334  1.19024 0.480984 0.306334  1.18663
 0.47834 0.310334  1.19024 0.480984 0.306334  1.18663
 0.47834 0.310334  1.19024 0.480984 0.306334  1.18663
 0.47834 0.310334  1.19024 0.480984 0.306334  1.18663
 0.47834 0.310334  1.19024 0.480984 0.306333  1.18663
 0.47834 0.310334  1.19024 0.480984 0.306333  1.18663
 0.47834 0.310334  1.19024 0.480985 0.306333  1.18663
 0.47834 0.310334  1.19024 0.480985 0.306333  1.18663
 0.47834 0.310334  1.19024 0.480985 0.306333  1.18663
 0.47834 0.310334  1.19024 0.480985 0.306333  1.18663
 0.47834 0.310334  1.19024 0.480985 0.306333  1.18663
 0.47834 0.310334  1.19024 0.480985 0.306333  1.18663
 0.47834 0.310334  1.19024 0.480985 0.306333  1.18663
 0.47834 0.310334  1.19024 0.480985 0.306332  1.18663
 0.47834 0.310334  1.19024 0.480985 0.306332  1.18663
 0.47834 0.310334  1.19024 0.480985 0.306332  1.18663
 0.47834 0.310334  1.19024 0.480985 0.306332  1.18663
 0.47834 0.310334  1.19024 0.480985 0.306332  1.18663
 0.47834 0.310334  1.19024 0.480985 0.306332  1.18663
 0.47834 0.310334  1.19024 0.480985 0.306332  1.18663
 0.47834 0.310334  1.19024 0.480986 0.306332  1.18663
 0.47834 0.310334  1.19024 0.480986 0.306332  1.18663
 0.47834 0.310334  1.19024 0.480986 0.306332  1.18663
 0.47834 0.310334  1.19024 0.480986 0.306331  1.18663
 0.47834 0.310334  1.19024 0.480986 0.306331  1.18663
 0.47834 0.310334  1.19024 0.480986 0.306331  1.18663
 0.47834 0.310334  1.19024 0.480986 0.306331  1.18663
 0.47834 0.310334  1.19024 0.480986 0.306331  1.18663
 0.47834 0.310334  1.19024 0.480986 0.306331  1.18663
 0.47834 0.310334  1.19024 0.480986 0.306331  1.18663
 0.47834 0.310334  1.19024 0.480986 0.306331  1.18663
 0.47834 0.310334  1.19024 0.480986 0.306331  1.18663
 0.47834 0.310334  1.19024 0.480986 0.306331  1.18663
 0.47834 0.310334  1.19024 0.480987  0.30633  1.18663
 0.47834 0.310334  1.19024 0.480987  0.30633  1.18663
 0.47834 0.310334  1.19024 0.480987  0.30633  1.18663
 0.47834 0.310334  1.19024 0.480987  0.30633  1.18663
 0.47834 0.310334  1.19024 0.480987  0.30633  1.18663
 0.47834 0.310334  1.19024 0.480987  0.30633  1.18663
 0.47834 0.310334  1.19024 0.480987  0.30633  1.18663
 0.47834 0.310334  1.19024 0.480987  0.30633  1.18663
 0.47834 0.310334  1.19024 0.480987  0.30633  1.18663
 0.47834 0.310334  1.19024 0.480987 0.306329  1.18663
 0.47834 0.310334  1.19024 0.480987 0.306329  1.18663
 0.47834 0.310334  1.19024 0.480987 0.306329  1.18663
 0.47834 0.310334  1.19024 0.480987 0.306329  1.18663
 0.47834 0.310334  1.19024 0.480988 0.306329  1.18663
 0.47834 0.310334  1.19024 0.480988 0.306329  1.18663
 0.47834 0.310334  1.19024 0.480988 0.306329  1.18663
 0.47834 0.310334  1.19024 0.480988 0.306329  1.18663
 0.47834 0.310334  1.19024 0.480988 0.306329  1.18663
 0.47834 0.310334  1.19024 0.480988 0.306328  1.18663
 0.47834 0.310334  1.19024 0.480988 0.306328  1.18663
 0.47834 0.310334  1.19024 0.480988 0.306328  1.18663
 0.47834 0.310334  1.19024 0.480988 0.306328  1.18663
 0.47834 0.310334  1.19024 0.480988 0.306328  1.18663
 0.47834 0.310334  1.19024 0.480988 0.306328  1.18663
 0.47834 0.310334  1.19024 0.480988 0.306328  1.18663
 0.47834 0.310334  1.19024 0.480988 0.306328  1.18663
 0.47834 0.310334  1.19024 0.480989 0.306328  1.18663
 0.47834 0.310334  1.19024 0.480989 0.306328  1.18663
 0.47834 0.310334  1.19024 0.480989 0.306327  1.18663
 0.47834 0.310334  1.19024 0.480989 0.306327  1.18663
 0.47834 0.310334  1.19024 0.480989 0.306327  1.18663
 0.47834 0.310334  1.19024 0.480989 0.306327  1.18663
 0.47834 0.310334  1.19024 0.480989 0.306327  1.18663
 0.47834 0.310334  1.19024 0.480989 0.306327  1.18663
 0.47834 0.310334  1.19024 0.480989 0.306327  1.18663
 0.47834 0.310334  1.19024 0.480989 0.306327  1.18663
 0.47834 0.310334  1.19024 0.480989 0.306327  1.18663
 0.47834 0.310334  1.19024 0.480989 0.306327  1.18663
 0.47834 0.310334  1.19024 0.480989 0.306326  1.18663
 0.47834 0.310334  1.19024  0.48099 0.306326  1.18663
 0.47834 0.310334  1.19024  0.48099 0.306326  1.18663
 0.47834 0.310334  1.19024  0.48099 0.306326  1.18663
 0.47834 0.310334  1.19024  0.48099 0.306326  1.18663
 0.47834 0.310334  1.19024  0.48099 0.306326  1.18663
 0.47834 0.310334  1.19024  0.48099 0.306326  1.18663
 0.47834 0.310334  1.19024  0.48099 0.306326  1.18663
 0.47834 0.310334  1.19024  0.48099 0.306326  1.18663
 0.47834 0.310334  1.19024  0.48099 0.306326  1.18663
 0.47834 0.310334  1.19024  0.48099 0.306325  1.18663
 0.47834 0.310334  1.19024  0.48099 0.306325  1.18663
 0.47834 0.310334  1.19024  0.48099 0.306325  1.18663
 0.47834 0.310334  1.19024 0.480991 0.306325  1.18663
 0.47834 0.310334  1.19024 0.480991 0.306325  1.18663
 0.47834 0.310334  1.19024 0.480991 0.306325  1.18663
 0.47834 0.310334  1.19024 0.480991 0.306325  1.18663
 0.47834 0.310334  1.19024 0.480991 0.306325  1.18663
 0.47834 0.310334  1.19024 0.480991 0.306325  1.18663
 0.47834 0.310334  1.19024 0.480991 0.306324  1.18663
 0.47834 0.310334  1.19024 0.480991 0.306324  1.18663
 0.47834 0.310334  1.19024 0.480991 0.306324  1.18663
 0.47834 0.310334  1.19024 0.480991 0.306324  1.18663
 0.47834 0.310334  1.19024 0.480991 0.306324  1.18663
 0.47834 0.310334  1.19024 0.480991 0.306324  1.18663
 0.47834 0.310334  1.19024 0.480991 0.306324  1.18663
 0.47834 0.310334  1.19024 0.480992 0.306324  1.18663
 0.47834 0.310334  1.19024 0.480992 0.306324  1.18663
 0.47834 0.310334  1.19024 0.480992 0.306324  1.18663
 0.47834 0.310334  1.19024 0.480992 0.306323  1.18663
 0.47834 0.310334  1.19024 0.480992 0.306323  1.18663
 0.47834 0.310334  1.19024 0.480992 0.306323  1.18663
 0.47834 0.310334  1.19024 0.480992 0.306323  1.18663
 0.47834 0.310334  1.19024 0.480992 0.306323  1.18663
 0.47834 0.310334  1.19024 0.480992 0.306323  1.18663
 0.47834 0.310334  1.19024 0.480992 0.306323  1.18663
 0.47834 0.310334  1.19024 0.480992 0.306323  1.18663
 0.47834 0.310334  1.19024 0.480992 0.306323  1.18663
 0.47834 0.310334  1.19024 0.480992 0.306323  1.18663
 0.47834 0.310334  1.19024 0.480993 0.306322  1.18663
 0.47834 0.310334  1.19024 0.480993 0.306322  1.18663
 0.47834 0.310334  1.19024 0.480993 0.306322  1.18663
 0.47834 0.310334  1.19024 0.480993 0.306322  1.18663
 0.47834 0.310334  1.19024 0.480993 0.306322  1.18663
 0.47834 0.310334  1.19024 0.480993 0.306322  1.18663
 0.47834 0.310334  1.19024 0.480993 0.306322  1.18663
 0.47834 0.310334  1.19024 0.480993 0.306322  1.18663
 0.47834 0.310334  1.19024 0.480993 0.306322  1.18663
 0.47834 0.310334  1.19024 0.480993 0.306322  1.18663
 0.47834 0.310334  1.19024 0.480993 0.306322  1.18663
 0.47834 0.310334  1.19024 0.480993 0.306321  1.18663
 0.47834 0.310334  1.19024 0.480994 0.306321  1.18663
 0.47834 0.310334  1.19024 0.480994 0.306321  1.18663
 0.47834 0.310334  1.19024 0.480994 0.306321  1.18663
 0.47834 0.310334  1.19024 0.480994 0.306321  1.18663
 0.47834 0.310334  1.19024 0.480994 0.306321  1.18663
 0.47834 0.310334  1.19024 0.480994 0.306321  1.18663
 0.47834 0.310334  1.19024 0.480994 0.306321  1.18663
 0.47834 0.310334  1.19024 0.480994 0.306321  1.18663
 0.47834 0.310334  1.19024 0.480994 0.306321  1.18663
 0.47834 0.310334  1.19024 0.480994  0.30632  1.18663
 0.47834 0.310334  1.19024 0.480994  0.30632  1.18663
 0.47834 0.310334  1.19024 0.480994  0.30632  1.18663
 0.47834 0.310334  1.19024 0.480995  0.30632  1.18663
 0.47834 0.310334  1.19024 0.480995  0.30632  1.18663
 0.47834 0.310334  1.19024 0.480995  0.30632  1.18663
 0.47834 0.310334  1.19024 0.480995  0.30632  1.18663
 0.47834 0.310334  1.19024 0.480995  0.30632  1.18663
 0.47834 0.310334  1.19024 0.480995  0.30632  1.18663
 0.47834 0.310334  1.19024 0.480995 0.306319  1.18663
 0.47834 0.310334  1.19024 0.480995 0.306319  1.18663
 0.47834 0.310334  1.19024 0.480995 0.306319  1.18663
 0.47834 0.310334  1.19024 0.480995 0.306319  1.18663
 0.47834 0.310334  1.19024 0.480995 0.306319  1.18663
 0.47834 0.310334  1.19024 0.480995 0.306319  1.18663
 0.47834 0.310334  1.19024 0.480995 0.306319  1.18663
 0.47834 0.310334  1.19024 0.480996 0.306319  1.18663
 0.47834 0.310334  1.19024 0.480996 0.306319  1.18663
 0.47834 0.310334  1.19024 0.480996 0.306319  1.18663
 0.47834 0.310334  1.19024 0.480996 0.306319  1.18663
 0.47834 0.310334  1.19024 0.480996 0.306318  1.18663
 0.47834 0.310334  1.19024 0.480996 0.306318  1.18663
 0.47834 0.310334  1.19024 0.480996 0.306318  1.18663
 0.47834 0.310334  1.19024 0.480996 0.306318  1.18663
 0.47834 0.310334  1.19024 0.480996 0.306318  1.18663
 0.47834 0.310334  1.19024 0.480996 0.306318  1.18663
 0.47834 0.310334  1.19024 0.480996 0.306318  1.18663
 0.47834 0.310334  1.19024 0.480996 0.306318  1.18663
 0.47834 0.310334  1.19024 0.480996 0.306318  1.18663
 0.47834 0.310334  1.19024 0.480997 0.306318  1.18663
 0.47834 0.310334  1.19024 0.480997 0.306317  1.18663
 0.47834 0.310334  1.19024 0.480997 0.306317  1.18663
 0.47834 0.310334  1.19024 0.480997 0.306317  1.18663
 0.47834 0.310334  1.19024 0.480997 0.306317  1.18663
 0.47834 0.310334  1.19024 0.480997 0.306317  1.18663
 0.47834 0.310334  1.19024 0.480997 0.306317  1.18663
 0.47834 0.310334  1.19024 0.480997 0.306317  1.18663
 0.47834 0.310334  1.19024 0.480997 0.306317  1.18663
 0.47834 0.310334  1.19024 0.480997 0.306317  1.18663
 0.47834 0.310334  1.19024 0.480997 0.306317  1.18663
 0.47834 0.310334  1.19024 0.480997 0.306316  1.18663
 0.47834 0.310334  1.19024 0.480997 0.306316  1.18663
 0.47834 0.310334  1.19024 0.480998 0.306316  1.18663
 0.47834 0.310334  1.19024 0.480998 0.306316  1.18663
 0.47834 0.310334  1.19024 0.480998 0.306316  1.18663
 0.47834 0.310334  1.19024 0.480998 0.306316  1.18663
 0.47834 0.310334  1.19024 0.480998 0.306316  1.18663
 0.47834 0.310334  1.19024 0.480998 0.306316  1.18663
 0.47834 0.310334  1.19024 0.480998 0.306316  1.18663
 0.47834 0.310334  1.19024 0.480998 0.306316  1.18663
 0.47834 0.310334  1.19024 0.480998 0.306315  1.18663
 0.47834 0.310334  1.19024 0.480998 0.306315  1.18663
 0.47834 0.310334  1.19024 0.480998 0.306315  1.18663
 0.47834 0.310334  1.19024 0.480998 0.306315  1.18663
 0.47834 0.310334  1.19024 0.480999 0.306315  1.18663
 0.47834 0.310334  1.19024 0.480999 0.306315  1.18663
 0.47834 0.310334  1.19024 0.480999 0.306315  1.18663
 0.47834 0.310334  1.19024 0.480999 0.306315  1.18663
 0.47834 0.310334  1.19024 0.480999 0.306315  1.18663
 0.47834 0.310334  1.19024 0.480999 0.306315  1.18663
 0.47834 0.310334  1.19024 0.480999 0.306314  1.18663
 0.47834 0.310334  1.19024 0.480999 0.306314  1.18663
 0.47834 0.310334  1.19024 0.480999 0.306314  1.18663
 0.47834 0.310334  1.19024 0.480999 0.306314  1.18663
 0.47834 0.310334  1.19024 0.480999 0.306314  1.18663
 0.47834 0.310334  1.19024 0.480999 0.306314  1.18663
 0.47834 0.310334  1.19024 0.480999 0.306314  1.18663
 0.47834 0.310334  1.19024    0.481 0.306314  1.18663
 0.47834 0.310334  1.19024    0.481 0.306314  1.18663
 0.47834 0.310334  1.19024    0.481 0.306314  1.18663
 0.47834 0.310334  1.19024    0.481 0.306314  1.18663
 0.47834 0.310334  1.19024    0.481 0.306313  1.18663
 0.47834 0.310334  1.19024    0.481 0.306313  1.18663
 0.47834 0.310334  1.19024    0.481 0.306313  1.18663
 0.47834 0.310334  1.19024    0.481 0.306313  1.18663
 0.47834 0.310334  1.19024    0.481 0.306313  1.18663
 0.47834 0.310334  1.19024    0.481 0.306313  1.18663
 0.47834 0.310334  1.19024    0.481 0.306313  1.18663
 0.47834 0.310334  1.19024    0.481 0.306313  1.18663
 0.47834 0.310334  1.19024 0.481001 0.306313  1.18663
 0.47834 0.310334  1.19024 0.481001 0.306313  1.18663
 0.47834 0.310334  1.19024 0.481001 0.306312  1.18663
 0.47834 0.310334  1.19024 0.481001 0.306312  1.18663
 0.47834 0.310334  1.19024 0.481001 0.306312  1.18663
 0.47834 0.310334  1.19024 0.481001 0.306312  1.18663
 0.47834 0.310334  1.19024 0.481001 0.306312  1.18663
 0.47834 0.310334  1.19024 0.481001 0.306312  1.18663
 0.47834 0.310334  1.19024 0.481001 0.306312  1.18663
 0.47834 0.310334  1.19024 0.481001 0.306312  1.18663
 0.47834 0.310334  1.19024 0.481001 0.306312  1.18663
 0.47834 0.310334  1.19024 0.481001 0.306312  1.18663
 0.47834 0.310334  1.19024 0.481001 0.306311  1.18663
 0.47834 0.310334  1.19024 0.481001 0.306311  1.18663
 0.47834 0.310334  1.19024 0.481002 0.306311  1.18663
 0.47834 0.310334  1.19024 0.481002 0.306311  1.18663
 0.47834 0.310334  1.19024 0.481002 0.306311  1.18663
 0.47834 0.310334  1.19024 0.481002 0.306311  1.18663
 0.47834 0.310334  1.19024 0.481002 0.306311  1.18663
 0.47834 0.310334  1.19024 0.481002 0.306311  1.18663
 0.47834 0.310334  1.19024 0.481002 0.306311  1.18663
 0.47834 0.310334  1.19024 0.481002 0.306311  1.18663
 0.47834 0.310334  1.19024 0.481002 0.306311  1.18663
 0.47834 0.310334  1.19024 0.481002  0.30631  1.18663
 0.47834 0.310334  1.19024 0.481002  0.30631  1.18663
 0.47834 0.310334  1.19024 0.481002  0.30631  1.18663
 0.47834 0.310334  1.19024 0.481002  0.30631  1.18663
 0.47834 0.310334  1.19024 0.481003  0.30631  1.18663
 0.47834 0.310334  1.19024 0.481003  0.30631  1.18663
 0.47834 0.310334  1.19024 0.481003  0.30631  1.18663
 0.47834 0.310334  1.19024 0.481003  0.30631  1.18663
 0.47834 0.310334  1.19024 0.481003  0.30631  1.18663
 0.47834 0.310334  1.19024 0.481003  0.30631  1.18663
 0.47834 0.310334  1.19024 0.481003 0.306309  1.18663
 0.47834 0.310334  1.19024 0.481003 0.306309  1.18663
 0.47834 0.310334  1.19024 0.481003 0.306309  1.18663
 0.47834 0.310334  1.19024 0.481003 0.306309  1.18663
 0.47834 0.310334  1.19024 0.481003 0.306309  1.18663
 0.47834 0.310334  1.19024 0.481003 0.306309  1.18663
 0.47834 0.310334  1.19024 0.481004 0.306309  1.18663
 0.47834 0.310334  1.19024 0.481004 0.306309  1.18663
 0.47834 0.310334  1.19024 0.481004 0.306309  1.18663
 0.47834 0.310334  1.19024 0.481004 0.306309  1.18663
 0.47834 0.310334  1.19024 0.481004 0.306309  1.18663
 0.47834 0.310334  1.19024 0.481004 0.306308  1.18663
 0.47834 0.310334  1.19024 0.481004 0.306308  1.18663
 0.47834 0.310334  1.19024 0.481004 0.306308  1.18663
 0.47834 0.310334  1.19024 0.481004 0.306308  1.18663
 0.47834 0.310334  1.19024 0.481004 0.306308  1.18663
 0.47834 0.310334  1.19024 0.481004 0.306308  1.18663
 0.47834 0.310334  1.19024 0.481004 0.306308  1.18663
 0.47834 0.310334  1.19024 0.481004 0.306308  1.18663
 0.47834 0.310334  1.19024 0.481004 0.306308  1.18663
 0.47834 0.310334  1.19024 0.481005 0.306308  1.18663
 0.47834 0.310334  1.19024 0.481005 0.306307  1.18663
 0.47834 0.310334  1.19024 0.481005 0.306307  1.18663
 0.47834 0.310334  1.19024 0.481005 0.306307  1.18663
 0.47834 0.310334  1.19024 0.481005 0.306307  1.18663
 0.47834 0.310334  1.19024 0.481005 0.306307  1.18663
 0.47834 0.310334  1.19024 0.481005 0.306307  1.18663
 0.47834 0.310334  1.19024 0.481005 0.306307  1.18663
 0.47834 0.310334  1.19024 0.481005 0.306307  1.18663
 0.47834 0.310334  1.19024 0.481005 0.306307  1.18663
 0.47834 0.310334  1.19024 0.481005 0.306307  1.18663
 0.47834 0.310334  1.19024 0.481005 0.306306  1.18663
 0.47834 0.310334  1.19024 0.481005 0.306306  1.18663
 0.47834 0.310334  1.19024 0.481005 0.306306  1.18663
 0.47834 0.310334  1.19024 0.481006 0.306306  1.18663
 0.47834 0.310334  1.19024 0.481006 0.306306  1.18663
 0.47834 0.310334  1.19024 0.481006 0.306306  1.18663
 0.47834 0.310334  1.19024 0.481006 0.306306  1.18663
 0.47834 0.310334  1.19024 0.481006 0.306306  1.18663
 0.47834 0.310334  1.19024 0.481006 0.306306  1.18663
 0.47834 0.310334  1.19024 0.481006 0.306306  1.18663
 0.47834 0.310334  1.19024 0.481006 0.306306  1.18663
 0.47834 0.310334  1.19024 0.481006 0.306305  1.18663
 0.47834 0.310334  1.19024 0.481006 0.306305  1.18663
 0.47834 0.310334  1.19024 0.481006 0.306305  1.18663
 0.47834 0.310334  1.19024 0.481006 0.306305  1.18663
 0.47834 0.310334  1.19024 0.481007 0.306305  1.18663
 0.47834 0.310334  1.19024 0.481007 0.306305  1.18663
 0.47834 0.310334  1.19024 0.481007 0.306305  1.18663
 0.47834 0.310334  1.19024 0.481007 0.306305  1.18663
 0.47834 0.310334  1.19024 0.481007 0.306305  1.18663
 0.47834 0.310334  1.19024 0.481007 0.306305  1.18663
 0.47834 0.310334  1.19024 0.481007 0.306305  1.18663
 0.47834 0.310334  1.19024 0.481007 0.306305  1.18663
 0.47834 0.310334  1.19024 0.481007 0.306304  1.18663
 0.47834 0.310334  1.19024 0.481007 0.306304  1.18663
 0.47834 0.310334  1.19024 0.481008 0.306304  1.18663
 0.47834 0.310334  1.19024 0.481008 0.306304  1.18663
 0.47834 0.310334  1.19024 0.481008 0.306304  1.18663
 0.47834 0.310334  1.19024 0.481008 0.306304  1.18663
 0.47834 0.310334  1.19024 0.481008 0.306304  1.18663
 0.47834 0.310334  1.19024 0.481008 0.306304  1.18663
 0.47834 0.310334  1.19024 0.481008 0.306304  1.18663
 0.47834 0.310334  1.19024 0.481008 0.306304  1.18663
 0.47834 0.310334  1.19024 0.481008 0.306304  1.18663
 0.47834 0.310334  1.19024 0.481008 0.306303  1.18663
 0.47834 0.310334  1.19024 0.481008 0.306303  1.18663
 0.47834 0.310334  1.19024 0.481008 0.306303  1.18663
 0.47834 0.310334  1.19024 0.481008 0.306303  1.18663
 0.47834 0.310334  1.19024 0.481008 0.306303  1.18663
 0.47834 0.310334  1.19024 0.481008 0.306303  1.18663
 0.47834 0.310334  1.19024 0.481009 0.306303  1.18663
 0.47834 0.310334  1.19024 0.481009 0.306303  1.18663
 0.47834 0.310334  1.19024 0.481009 0.306303  1.18663
 0.47834 0.310334  1.19024 0.481009 0.306302  1.18663
 0.47834 0.310334  1.19024 0.481009 0.306302  1.18663
 0.47834 0.310334  1.19024 0.481009 0.306302  1.18663
 0.47834 0.310334  1.19024 0.481009 0.306302  1.18663
 0.47834 0.310334  1.19024 0.481009 0.306302  1.18663
 0.47834 0.310334  1.19024 0.481009 0.306302  1.18663
 0.47834 0.310334  1.19024 0.481009 0.306302  1.18663
 0.47834 0.310334  1.19024 0.481009 0.306302  1.18663
 0.47834 0.310334  1.19024 0.481009 0.306302  1.18663
 0.47834 0.310334  1.19024 0.481009 0.306302  1.18663
 0.47834 0.310334  1.19024  0.48101 0.306302  1.18663
 0.47834 0.310334  1.19024  0.48101 0.306302  1.18663
 0.47834 0.310334  1.19024  0.48101 0.306301  1.18663
 0.47834 0.310334  1.19024  0.48101 0.306301  1.18663
 0.47834 0.310334  1.19024  0.48101 0.306301  1.18663
 0.47834 0.310334  1.19024  0.48101 0.306301  1.18663
 0.47834 0.310334  1.19024  0.48101 0.306301  1.18663
 0.47834 0.310334  1.19024  0.48101 0.306301  1.18663
 0.47834 0.310334  1.19024  0.48101 0.306301  1.18663
 0.47834 0.310334  1.19024  0.48101 0.306301  1.18663
 0.47834 0.310334  1.19024  0.48101 0.306301  1.18663
 0.47834 0.310334  1.19024 0.48101  0.3063 1.18663
 0.47834 0.310334  1.19024 0.48101  0.3063 1.18663
 0.47834 0.310334  1.19024 0.48101  0.3063 1.18663
 0.47834 0.310334  1.19024 0.48101  0.3063 1.18663
 0.47834 0.310334  1.19024 0.481011   0.3063  1.18663
 0.47834 0.310334  1.19024 0.481011   0.3063  1.18663
 0.47834 0.310334  1.19024 0.481011   0.3063  1.18663
 0.47834 0.310334  1.19024 0.481011   0.3063  1.18663
 0.47834 0.310334  1.19024 0.481011   0.3063  1.18663
 0.47834 0.310334  1.19024 0.481011   0.3063  1.18663
 0.47834 0.310334  1.19024 0.481011   0.3063  1.18663
 0.47834 0.310334  1.19024 0.481011   0.3063  1.18663
 0.47834 0.310334  1.19024 0.481011 0.306299  1.18663
 0.47834 0.310334  1.19024 0.481011 0.306299  1.18663
 0.47834 0.310334  1.19024 0.481011 0.306299  1.18663
 0.47834 0.310334  1.19024 0.481011 0.306299  1.18663
 0.47834 0.310334  1.19024 0.481012 0.306299  1.18663
 0.47834 0.310334  1.19024 0.481012 0.306299  1.18664
 0.47834 0.310334  1.19024 0.481012 0.306299  1.18664
 0.47834 0.310334  1.19024 0.481012 0.306299  1.18664
 0.47834 0.310334  1.19024 0.481012 0.306299  1.18664
 0.47834 0.310334  1.19024 0.481012 0.306298  1.18664
 0.47834 0.310334  1.19024 0.481012 0.306298  1.18664
 0.47834 0.310334  1.19024 0.481012 0.306298  1.18664
 0.47834 0.310334  1.19024 0.481012 0.306298  1.18664
 0.47834 0.310334  1.19024 0.481012 0.306298  1.18664
 0.47834 0.310334  1.19024 0.481012 0.306298  1.18664
 0.47834 0.310334  1.19024 0.481012 0.306298  1.18664
 0.47834 0.310334  1.19024 0.481012 0.306298  1.18664
 0.47834 0.310334  1.19024 0.481012 0.306298  1.18664
 0.47834 0.310334  1.19024 0.481012 0.306298  1.18664
 0.47834 0.310334  1.19024 0.481013 0.306298  1.18664
 0.47834 0.310334  1.19024 0.481013 0.306297  1.18664
 0.47834 0.310334  1.19024 0.481013 0.306297  1.18664
 0.47834 0.310334  1.19024 0.481013 0.306297  1.18664
 0.47834 0.310334  1.19024 0.481013 0.306297  1.18664
 0.47834 0.310334  1.19024 0.481013 0.306297  1.18664
 0.47834 0.310334  1.19024 0.481013 0.306297  1.18664
 0.47834 0.310334  1.19024 0.481013 0.306297  1.18664
 0.47834 0.310334  1.19024 0.481013 0.306297  1.18664
 0.47834 0.310334  1.19024 0.481013 0.306297  1.18664
 0.47834 0.310334  1.19024 0.481013 0.306297  1.18664
 0.47834 0.310334  1.19024 0.481013 0.306296  1.18664
 0.47834 0.310334  1.19024 0.481013 0.306296  1.18664
 0.47834 0.310334  1.19024 0.481013 0.306296  1.18664
 0.47834 0.310334  1.19024 0.481013 0.306296  1.18664
 0.47834 0.310334  1.19024 0.481014 0.306296  1.18664
 0.47834 0.310334  1.19024 0.481014 0.306296  1.18664
 0.47834 0.310334  1.19024 0.481014 0.306296  1.18664
 0.47834 0.310334  1.19024 0.481014 0.306296  1.18664
 0.47834 0.310334  1.19024 0.481014 0.306296  1.18664
 0.47834 0.310334  1.19024 0.481014 0.306296  1.18664
 0.47834 0.310334  1.19024 0.481014 0.306295  1.18664
 0.47834 0.310334  1.19024 0.481014 0.306295  1.18664
 0.47834 0.310334  1.19024 0.481014 0.306295  1.18664
 0.47834 0.310334  1.19024 0.481014 0.306295  1.18664
 0.47834 0.310334  1.19024 0.481014 0.306295  1.18664
 0.47834 0.310334  1.19024 0.481015 0.306295  1.18664
 0.47834 0.310334  1.19024 0.481015 0.306295  1.18664
 0.47834 0.310334  1.19024 0.481015 0.306295  1.18664
 0.47834 0.310334  1.19024 0.481015 0.306295  1.18664
 0.47834 0.310334  1.19024 0.481015 0.306295  1.18664
 0.47834 0.310334  1.19024 0.481015 0.306295  1.18664
 0.47834 0.310334  1.19024 0.481015 0.306294  1.18664
 0.47834 0.310334  1.19024 0.481015 0.306294  1.18664
 0.47834 0.310334  1.19024 0.481015 0.306294  1.18664
 0.47834 0.310334  1.19024 0.481015 0.306294  1.18664
 0.47834 0.310334  1.19024 0.481015 0.306294  1.18664
 0.47834 0.310334  1.19024 0.481015 0.306294  1.18664
 0.47834 0.310334  1.19024 0.481015 0.306294  1.18664
 0.47834 0.310334  1.19024 0.481015 0.306294  1.18664
 0.47834 0.310334  1.19024 0.481015 0.306294  1.18664
 0.47834 0.310334  1.19024 0.481016 0.306293  1.18664
 0.47834 0.310334  1.19024 0.481016 0.306293  1.18664
 0.47834 0.310334  1.19024 0.481016 0.306293  1.18664
 0.47834 0.310334  1.19024 0.481016 0.306293  1.18664
 0.47834 0.310334  1.19024 0.481016 0.306293  1.18664
 0.47834 0.310334  1.19024 0.481016 0.306293  1.18664
 0.47834 0.310334  1.19024 0.481016 0.306293  1.18664
 0.47834 0.310334  1.19024 0.481016 0.306293  1.18664
 0.47834 0.310334  1.19024 0.481016 0.306293  1.18664
 0.47834 0.310334  1.19024 0.481016 0.306293  1.18664
 0.47834 0.310334  1.19024 0.481016 0.306293  1.18664
 0.47834 0.310334  1.19024 0.481016 0.306292  1.18664
 0.47834 0.310334  1.19024 0.481016 0.306292  1.18664
