  0.0101705 3.79082e-06        0.73   0.0101705 3.79082e-06    0.725564
  0.0101705 3.79086e-06        0.73   0.0101702 3.78828e-06    0.725564
  0.0101705 3.79123e-06        0.73   0.0101701 3.78871e-06    0.725564
  0.0101705 3.79243e-06        0.73     0.01017 3.78754e-06    0.725564
  0.0101705 3.79498e-06        0.73     0.01017 3.78625e-06    0.725565
  0.0101705 3.79941e-06        0.73   0.0101702 3.78685e-06    0.725565
  0.0101705 3.80624e-06        0.73   0.0101703 3.78746e-06    0.725566
  0.0101705 3.81599e-06        0.73   0.0101706 3.78786e-06    0.725566
  0.0101705 3.82917e-06        0.73   0.0101709 3.78637e-06    0.725567
  0.0101705 3.84628e-06        0.73   0.0101717 3.78747e-06    0.725569
  0.0101705 3.86782e-06        0.73   0.0101721 3.78589e-06     0.72557
  0.0101706 3.89428e-06        0.73   0.0101727 3.78836e-06    0.725571
  0.0101706 3.92618e-06        0.73   0.0101732 3.78633e-06    0.725572
  0.0101706 3.96398e-06        0.73   0.0101739 3.78474e-06    0.725574
 0.0101706 4.0082e-06       0.73  0.0101753 3.7857e-06   0.725577
  0.0101707 4.05932e-06        0.73    0.010176 3.78614e-06    0.725578
  0.0101707 4.11782e-06        0.73  0.0101768 3.7866e-06    0.72558
 0.0101707 4.1842e-06       0.73 0.0101777 3.785e-06  0.725582
  0.0101708 4.25893e-06        0.73   0.0101785 3.78537e-06    0.725584
  0.0101708 4.34249e-06        0.73   0.0101804 3.78639e-06    0.725588
  0.0101709 4.43536e-06        0.73   0.0101814 3.78496e-06     0.72559
  0.0101709 4.53802e-06        0.73   0.0101824 3.78743e-06    0.725592
   0.010171 4.65094e-06        0.73   0.0101835 3.78596e-06    0.725594
   0.010171 4.77459e-06        0.73   0.0101845 3.78423e-06    0.725596
  0.0101711 4.90943e-06        0.73   0.0101868 3.78555e-06    0.725601
  0.0101712 5.05595e-06        0.73    0.010188 3.78593e-06    0.725604
  0.0101713 5.21459e-06        0.73   0.0101892 3.78673e-06    0.725606
  0.0101714 5.38582e-06        0.73   0.0101904 3.78553e-06    0.725609
 0.0101715 5.5701e-06       0.73   0.0101916 3.78866e-06    0.725611
  0.0101716 5.76788e-06        0.73   0.0101954 3.78108e-06    0.725614
  0.0101717 5.97962e-06        0.73   0.0101955 3.79026e-06    0.725619
  0.0101718 6.20578e-06        0.73   0.0101969 3.78961e-06    0.725622
 0.0101719 6.4468e-06       0.73   0.0101982 3.79094e-06    0.725625
  0.0101721 6.70312e-06        0.73   0.0101996 3.78989e-06    0.725628
 0.0101722 6.9752e-06       0.73   0.0102024 3.79067e-06    0.725631
  0.0101724 7.26348e-06        0.73   0.0102039 3.79514e-06    0.725636
 0.0101726 7.5684e-06       0.73  0.0102053 3.7949e-06   0.725639
  0.0101727 7.89039e-06        0.73   0.0102068 3.79913e-06    0.725642
  0.0101729 8.22989e-06        0.73  0.0102082 3.8014e-06   0.725645
  0.0101731 8.58734e-06        0.73   0.0102108 3.80428e-06    0.725652
  0.0101733 8.96317e-06        0.73    0.010212 3.80571e-06    0.725655
 0.0101735 9.3578e-06       0.73   0.0102131 3.81095e-06    0.725658
  0.0101737 9.77167e-06        0.73  0.0102141 3.8124e-06   0.725662
   0.010174 1.02052e-05        0.73    0.010215 3.81584e-06    0.725665
  0.0101742 1.06588e-05        0.73   0.0102165 3.82221e-06    0.725672
  0.0101745 1.11329e-05        0.73  0.0102172 3.8268e-06   0.725676
  0.0101748 1.16279e-05        0.73  0.0102177 3.8323e-06    0.72568
   0.010175 1.21443e-05        0.73   0.0102182 3.83704e-06    0.725684
  0.0101753 1.26824e-05        0.73   0.0102186 3.84261e-06    0.725688
  0.0101756 1.32427e-05        0.73   0.0102189 3.84624e-06    0.725692
  0.0101759 1.38255e-05        0.73   0.0102194 3.85894e-06      0.7257
  0.0101763 1.44313e-05        0.73   0.0102196 3.86364e-06    0.725704
  0.0101766 1.50605e-05        0.73   0.0102197 3.87071e-06    0.725708
   0.010177 1.57135e-05        0.73   0.0102198 3.87832e-06    0.725712
  0.0101773 1.63907e-05        0.73   0.0102198 3.88607e-06    0.725716
  0.0101777 1.70924e-05        0.73   0.0102203 3.89209e-06     0.72572
  0.0101781 1.78191e-05        0.73   0.0102195 3.91165e-06    0.725729
  0.0101785 1.85712e-05        0.73   0.0102193 3.91886e-06    0.725733
  0.0101789 1.93491e-05        0.73   0.0102191 3.92857e-06    0.725737
  0.0101794 2.01531e-05        0.73   0.0102188 3.93866e-06    0.725741
  0.0101798 2.09837e-05        0.73   0.0102186 3.94713e-06    0.725746
  0.0101803 2.18411e-05        0.73   0.0102183 3.95792e-06     0.72575
  0.0101808 2.27259e-05        0.73   0.0102179 3.96937e-06    0.725754
  0.0101813 2.36384e-05        0.73   0.0102176 3.98113e-06    0.725759
  0.0101818 2.45789e-05        0.73  0.0102172 3.9914e-06   0.725763
  0.0101823 2.55479e-05        0.73   0.0102168 4.00405e-06    0.725768
  0.0101828 2.65457e-05        0.73  0.0102163 4.0174e-06   0.725772
  0.0101834 2.75727e-05        0.73   0.0102159 4.03116e-06    0.725776
   0.010184 2.86293e-05        0.73   0.0102154 4.04351e-06    0.725781
  0.0101846 2.97158e-05        0.73   0.0102149 4.05838e-06    0.725785
  0.0101852 3.08325e-05        0.73   0.0102144 4.07379e-06     0.72579
0.0101858 3.198e-05      0.73   0.0102139 4.08772e-06    0.725794
  0.0101864 3.31584e-05        0.73   0.0102134 4.10441e-06    0.725799
  0.0101871 3.43682e-05        0.73   0.0102128 4.12155e-06    0.725803
  0.0101877 3.56098e-05        0.73   0.0102123 4.13947e-06    0.725808
  0.0101884 3.68835e-05        0.73   0.0102117 4.15579e-06    0.725812
  0.0101891 3.81896e-05        0.73   0.0102111 4.17698e-06    0.725817
  0.0101899 3.95285e-05        0.73   0.0102105 4.19687e-06    0.725821
  0.0101906 4.09005e-05        0.73     0.01021 4.21524e-06    0.725826
  0.0101914 4.23061e-05        0.73   0.0102094 4.23647e-06     0.72583
  0.0101921 4.37455e-05        0.73   0.0102088 4.25843e-06    0.725835
 0.0101929 4.5219e-05       0.73   0.0102082 4.28103e-06     0.72584
  0.0101938 4.67271e-05        0.73   0.0102076 4.30253e-06    0.725844
0.0101946 4.827e-05      0.73   0.010207 4.3272e-06   0.725849
  0.0101955 4.98482e-05        0.73   0.0102064 4.35188e-06    0.725853
  0.0101963 5.14618e-05        0.73   0.0102058 4.37552e-06    0.725858
  0.0101972 5.31113e-05        0.73   0.0102052 4.40223e-06    0.725863
  0.0101981 5.47971e-05        0.73   0.0102046 4.43031e-06    0.725867
  0.0101991 5.65193e-05        0.73    0.010204 4.45628e-06    0.725872
     0.0102 5.82784e-05        0.73   0.0102034 4.48764e-06    0.725877
   0.010201 6.00746e-05        0.73   0.0102029 4.51798e-06    0.725881
   0.010202 6.19084e-05        0.73   0.0102023 4.54719e-06    0.725886
   0.010203 6.37799e-05        0.73   0.0102017 4.57979e-06    0.725891
   0.010204 6.56896e-05        0.73   0.0102011 4.61262e-06    0.725895
  0.0102051 6.76378e-05        0.73   0.0102006 4.64481e-06      0.7259
  0.0102062 6.96247e-05        0.73   0.0102 4.68e-06 0.725905
  0.0102073 7.16506e-05        0.73   0.0101995 4.71629e-06    0.725909
 0.0102084 7.3716e-05       0.73   0.0101989 4.75409e-06    0.725914
 0.0102095 7.5821e-05       0.73   0.0101984 4.79216e-06    0.725919
  0.0102107 7.79661e-05        0.73   0.0101979 4.82969e-06    0.725924
  0.0102119 8.01514e-05        0.73   0.0101974 4.87041e-06    0.725928
  0.0102131 8.23774e-05        0.73  0.0101969 4.9103e-06   0.725933
  0.0102143 8.46442e-05        0.73   0.0101964 4.95589e-06    0.725938
  0.0102156 8.69522e-05        0.73   0.0101959 5.00015e-06    0.725943
  0.0102168 8.93018e-05        0.73   0.0101954 5.04317e-06    0.725947
  0.0102181 9.16931e-05        0.73    0.010195 5.09006e-06    0.725952
  0.0102194 9.41265e-05        0.73   0.0101945 5.13599e-06    0.725957
  0.0102208 9.66022e-05        0.73   0.0101941 5.18735e-06    0.725962
  0.0102221 9.91207e-05        0.73   0.0101937 5.23665e-06    0.725967
  0.0102235 0.000101682        0.73   0.0101933 5.28866e-06    0.725971
  0.0102249 0.000104287        0.73   0.0101929 5.33964e-06    0.725976
  0.0102264 0.000106935        0.73   0.0101925 5.39654e-06    0.725981
  0.0102278 0.000109627        0.73   0.0101921 5.45303e-06    0.725986
  0.0102293 0.000112362        0.73   0.0101918 5.50869e-06    0.725991
  0.0102308 0.000115143        0.73   0.0101914 5.56793e-06    0.725996
  0.0102324 0.000117968        0.73   0.0101911 5.62918e-06    0.726001
  0.0102339 0.000120837        0.73 0.0101908 5.691e-06  0.726005
  0.0102355 0.000123752        0.73  0.0101905 5.7529e-06    0.72601
  0.0102371 0.000126712        0.73   0.0101902 5.81843e-06    0.726015
  0.0102387 0.000129718        0.73     0.01019 5.88552e-06     0.72602
 0.0102404 0.00013277       0.73  0.0101897 5.9542e-06   0.726025
   0.010242 0.000135868        0.73   0.0101895 6.02263e-06     0.72603
  0.0102438 0.000139013        0.73   0.0101893 6.09477e-06    0.726035
  0.0102455 0.000142204        0.73   0.0101891 6.16912e-06     0.72604
  0.0102472 0.000145442        0.73   0.0101889 6.24216e-06    0.726045
   0.010249 0.000148728        0.73   0.0101888 6.31971e-06     0.72605
  0.0102508 0.000152061        0.73   0.0101886 6.39875e-06    0.726055
  0.0102527 0.000155441        0.73   0.0101885 6.47991e-06     0.72606
 0.0102545 0.00015887       0.73   0.0101884 6.56076e-06    0.726065
  0.0102564 0.000162346        0.73   0.0101883 6.64757e-06     0.72607
  0.0102583 0.000165872        0.73   0.0101882 6.73239e-06    0.726075
  0.0102602 0.000169445        0.73   0.0101882 6.82099e-06     0.72608
  0.0102622 0.000173068        0.73   0.0101881 6.91165e-06    0.726085
 0.0102642 0.00017674       0.73   0.0101881 7.00241e-06     0.72609
  0.0102662 0.000180461        0.73   0.0101881 7.09719e-06    0.726095
  0.0102682 0.000184232        0.73   0.0101881 7.19415e-06      0.7261
  0.0102703 0.000188053        0.73   0.0101881 7.29296e-06    0.726105
  0.0102724 0.000191923        0.73   0.0101882 7.39195e-06     0.72611
  0.0102745 0.000195844        0.73   0.0101883 7.49513e-06    0.726115
  0.0102767 0.000199816        0.73  0.0101884 7.6006e-06    0.72612
  0.0102789 0.000203838        0.73   0.0101885 7.70624e-06    0.726125
  0.0102811 0.000207911        0.73   0.0101886 7.81816e-06     0.72613
  0.0102833 0.000212035        0.73   0.0101888 7.92832e-06    0.726135
 0.0102856 0.00021621       0.73   0.0101889 8.04289e-06     0.72614
  0.0102879 0.000220437        0.73   0.0101891 8.15976e-06    0.726146
  0.0102902 0.000224716        0.73   0.0101893 8.27738e-06    0.726151
  0.0102925 0.000229046        0.73   0.0101895 8.40059e-06    0.726156
  0.0102949 0.000233429        0.73   0.0101898 8.52257e-06    0.726161
  0.0102973 0.000237864        0.73   0.0101901 8.64913e-06    0.726166
  0.0102997 0.000242352        0.73   0.0101903 8.77825e-06    0.726171
  0.0103022 0.000246892        0.73   0.0101907 8.90781e-06    0.726176
  0.0103047 0.000251485        0.73    0.010191 9.04186e-06    0.726182
  0.0103072 0.000256131        0.73   0.0101913 9.17865e-06    0.726187
  0.0103097 0.000260831        0.73   0.0101917 9.31612e-06    0.726192
  0.0103123 0.000265584        0.73   0.0101921 9.45806e-06    0.726197
 0.0103149 0.00027039       0.73   0.0101925 9.60286e-06    0.726202
 0.0103175 0.00027525       0.73   0.0101929 9.75035e-06    0.726208
  0.0103202 0.000280165        0.73   0.0101934 9.89861e-06    0.726213
  0.0103229 0.000285133        0.73   0.0101938 1.00537e-05    0.726218
  0.0103256 0.000290155        0.73   0.0101943 1.02075e-05    0.726223
  0.0103284 0.000295232        0.73   0.0101948 1.03642e-05    0.726228
  0.0103312 0.000300364        0.73   0.0101954 1.05278e-05    0.726234
  0.010334 0.00030555       0.73   0.0101959 1.06905e-05    0.726239
  0.0103368 0.000310791        0.73   0.0101965 1.08584e-05    0.726244
  0.0103397 0.000316087        0.73   0.0101971 1.10269e-05    0.726249
  0.0103426 0.000321438        0.73   0.0101977 1.12004e-05    0.726255
  0.0103455 0.000326844        0.73   0.0101983 1.13771e-05     0.72626
  0.0103485 0.000332306        0.73    0.010199 1.15543e-05    0.726265
  0.0103514 0.000337824        0.73   0.0101996 1.17391e-05    0.726271
  0.0103545 0.000343397        0.73   0.0102003 1.19231e-05    0.726276
  0.0103575 0.000349026        0.73   0.0102011 1.21123e-05    0.726281
 0.0103606 0.00035471       0.73   0.0102018 1.23028e-05    0.726287
  0.0103637 0.000360451        0.73   0.0102026 1.24985e-05    0.726292
  0.0103668 0.000366248        0.73   0.0102033 1.26975e-05    0.726297
    0.01037 0.000372101        0.73   0.0102041 1.28978e-05    0.726302
 0.0103732 0.00037801       0.73    0.010205 1.31055e-05    0.726308
  0.0103764 0.000383976        0.73   0.0102058 1.33127e-05    0.726313
  0.0103797 0.000389998        0.73   0.0102067 1.35252e-05    0.726319
   0.010383 0.000396077        0.73   0.0102076 1.37393e-05    0.726324
  0.0103863 0.000402213        0.73   0.0102085 1.39588e-05    0.726329
  0.0103897 0.000408405        0.73   0.0102094 1.41818e-05    0.726335
  0.0103931 0.000414654        0.73   0.0102104 1.44065e-05     0.72634
  0.0103965 0.000420961        0.73   0.0102113 1.46369e-05    0.726345
  0.0103999 0.000427324        0.73   0.0102123 1.48707e-05    0.726351
  0.0104034 0.000433744        0.73   0.0102133 1.51084e-05    0.726356
  0.0104069 0.000440221        0.73   0.0102144 1.53477e-05    0.726362
  0.0104104 0.000446755        0.73   0.0102154 1.55928e-05    0.726367
   0.010414 0.000453347        0.73   0.0102165 1.58418e-05    0.726372
  0.0104176 0.000459996        0.73   0.0102176 1.60946e-05    0.726378
  0.0104213 0.000466702        0.73   0.0102187 1.63491e-05    0.726383
  0.0104249 0.000473465        0.73   0.0102199 1.66076e-05    0.726389
  0.0104286 0.000480286        0.73   0.0102211 1.68719e-05    0.726394
  0.0104323 0.000487164        0.73   0.0102223 1.71404e-05    0.726399
0.0104361 0.0004941      0.73   0.0102235 1.74128e-05    0.726405
  0.0104399 0.000501093        0.73   0.0102247 1.76872e-05     0.72641
  0.0104437 0.000508143        0.73    0.010226 1.79678e-05    0.726416
  0.0104475 0.000515251        0.73   0.0102272 1.82508e-05    0.726421
  0.0104514 0.000522416        0.73   0.0102285 1.85421e-05    0.726427
  0.0104553 0.000529639        0.73   0.0102299 1.88331e-05    0.726432
  0.0104593 0.000536919        0.73   0.0102312 1.91304e-05    0.726438
  0.0104633 0.000544257        0.73   0.0102326 1.94299e-05    0.726443
  0.0104673 0.000551652        0.73    0.010234 1.97335e-05    0.726449
  0.0104713 0.000559105        0.73   0.0102354 2.00457e-05    0.726454
  0.0104754 0.000566615        0.73  0.0102368 2.0358e-05    0.72646
  0.0104795 0.000574182        0.73   0.0102383 2.06766e-05    0.726465
  0.0104836 0.000581806        0.73   0.0102398 2.09976e-05    0.726471
  0.0104878 0.000589488        0.73   0.0102413 2.13251e-05    0.726476
   0.010492 0.000597228        0.73   0.0102428 2.16548e-05    0.726482
  0.0104962 0.000605024        0.73   0.0102443 2.19911e-05    0.726487
  0.0105004 0.000612878        0.73   0.0102459 2.23341e-05    0.726493
  0.0105047 0.000620789        0.73   0.0102475 2.26773e-05    0.726498
   0.010509 0.000628757        0.73   0.0102491 2.30273e-05    0.726504
  0.0105134 0.000636782        0.73   0.0102508 2.33798e-05    0.726509
  0.0105178 0.000644864        0.73   0.0102524 2.37391e-05    0.726515
  0.0105222 0.000653003        0.73   0.0102541 2.41029e-05     0.72652
  0.0105266 0.000661199        0.73   0.0102558 2.44695e-05    0.726526
  0.0105311 0.000669452        0.73   0.0102575 2.48434e-05    0.726531
  0.0105356 0.000677761        0.73   0.0102593 2.52217e-05    0.726537
  0.0105401 0.000686128        0.73   0.0102611 2.56027e-05    0.726542
  0.0105447 0.000694551        0.73   0.0102629 2.59907e-05    0.726548
 0.0105493 0.00070303       0.73   0.0102647 2.63836e-05    0.726553
  0.0105539 0.000711567        0.73   0.0102665 2.67816e-05    0.726559
  0.0105585 0.000720159        0.73   0.0102684 2.71844e-05    0.726564
  0.0105632 0.000728808        0.73   0.0102703 2.75925e-05     0.72657
  0.0105679 0.000737514        0.73   0.0102722 2.80034e-05    0.726576
  0.0105727 0.000746276        0.73   0.0102742 2.84216e-05    0.726581
  0.0105775 0.000755093        0.73   0.0102761 2.88449e-05    0.726587
  0.0105823 0.000763968        0.73   0.0102781 2.92714e-05    0.726592
  0.0105871 0.000772898        0.73   0.0102801 2.97052e-05    0.726598
   0.010592 0.000781884        0.73   0.0102822 3.01442e-05    0.726603
  0.0105969 0.000790926        0.73   0.0102842 3.05885e-05    0.726609
  0.0106018 0.000800024        0.73   0.0102863 3.10361e-05    0.726615
  0.0106068 0.000809178        0.73   0.0102884 3.14911e-05     0.72662
  0.0106117 0.000818387        0.73   0.0102905 3.19516e-05    0.726626
  0.0106168 0.000827653        0.73   0.0102927 3.24176e-05    0.726631
  0.0106218 0.000836974        0.73   0.0102949 3.28871e-05    0.726637
 0.0106269 0.00084635       0.73   0.0102971 3.33644e-05    0.726642
   0.010632 0.000855782        0.73  0.0102993 3.3847e-05   0.726648
 0.0106371 0.00086527       0.73   0.0103015 3.43331e-05    0.726654
  0.0106423 0.000874813        0.73   0.0103038 3.48248e-05    0.726659
  0.0106475 0.000884411        0.73   0.0103061 3.53243e-05    0.726665
  0.0106527 0.000894065        0.73   0.0103084 3.58294e-05     0.72667
   0.010658 0.000903774        0.73   0.0103108 3.63404e-05    0.726676
  0.0106633 0.000913538        0.73   0.0103131 3.68571e-05    0.726682
  0.0106686 0.000923357        0.73  0.0103155 3.7378e-05   0.726687
   0.010674 0.000933232        0.73   0.0103179 3.79064e-05    0.726693
  0.0106793 0.000943162        0.73   0.0103204 3.84407e-05    0.726698
  0.0106847 0.000953147        0.73   0.0103228 3.89808e-05    0.726704
  0.0106902 0.000963187        0.73   0.0103253 3.95267e-05     0.72671
  0.0106956 0.000973282        0.73   0.0103279 4.00765e-05    0.726715
  0.0107011 0.000983432        0.73   0.0103304 4.06343e-05    0.726721
  0.0107067 0.000993637        0.73    0.010333 4.11985e-05    0.726726
0.0107122 0.0010039      0.73   0.0103355 4.17683e-05    0.726732
 0.0107178 0.00101421       0.73   0.0103382 4.23442e-05    0.726738
 0.0107234 0.00102458       0.73   0.0103408 4.29241e-05    0.726743
 0.0107291 0.00103501       0.73   0.0103435 4.35102e-05    0.726749
 0.0107348 0.00104549       0.73   0.0103461 4.41044e-05    0.726754
 0.0107405 0.00105603       0.73  0.0103489 4.4705e-05    0.72676
 0.0107462 0.00106662       0.73   0.0103516 4.53121e-05    0.726766
  0.010752 0.00107726       0.73  0.0103544 4.5925e-05   0.726771
 0.0107578 0.00108796       0.73   0.0103572 4.65444e-05    0.726777
 0.0107636 0.00109872       0.73   0.01036 4.717e-05  0.726783
 0.0107694 0.00110953       0.73   0.0103628 4.78021e-05    0.726788
0.0107753 0.0011204      0.73   0.0103657 4.84386e-05    0.726794
 0.0107813 0.00113132       0.73   0.0103686 4.90815e-05    0.726799
 0.0107872 0.00114229       0.73   0.0103715 4.97333e-05    0.726805
 0.0107932 0.00115333       0.73   0.0103744 5.03913e-05    0.726811
 0.0107992 0.00116441       0.73   0.0103774 5.10555e-05    0.726816
 0.0108052 0.00117556       0.73   0.0103804 5.17266e-05    0.726822
 0.0108113 0.00118676       0.73   0.0103834 5.24044e-05    0.726827
 0.0108174 0.00119801       0.73   0.0103864 5.30889e-05    0.726833
 0.0108235 0.00120932       0.73  0.0103895 5.3778e-05   0.726839
 0.0108297 0.00122068       0.73   0.0103926 5.44763e-05    0.726844
0.0108358 0.0012321      0.73   0.0103957 5.51812e-05     0.72685
 0.0108421 0.00124358       0.73   0.0103989 5.58926e-05    0.726856
 0.0108483 0.00125511       0.73   0.010402 5.6611e-05   0.726861
0.0108546 0.0012667      0.73   0.0104052 5.73362e-05    0.726867
 0.0108609 0.00127834       0.73   0.0104085 5.80664e-05    0.726872
 0.0108672 0.00129004       0.73   0.0104117 5.88058e-05    0.726878
0.0108736 0.0013018      0.73    0.010415 5.95519e-05    0.726884
   0.01088 0.00131361       0.73   0.0104183 6.03051e-05    0.726889
 0.0108864 0.00132548       0.73   0.0104216 6.10653e-05    0.726895
0.0108929 0.0013374      0.73    0.010425 6.18323e-05    0.726901
 0.0108994 0.00134938       0.73   0.0104284 6.26047e-05    0.726906
 0.0109059 0.00136142       0.73   0.0104318 6.33862e-05    0.726912
 0.0109124 0.00137351       0.73   0.0104352 6.41752e-05    0.726917
  0.010919 0.00138566       0.73   0.0104387 6.49689e-05    0.726923
 0.0109256 0.00139786       0.73   0.0104422 6.57719e-05    0.726929
 0.0109323 0.00141012       0.73   0.0104457 6.65801e-05    0.726934
 0.0109389 0.00142244       0.73   0.0104492 6.73975e-05     0.72694
 0.0109456 0.00143482       0.73   0.0104528 6.82221e-05    0.726945
 0.0109524 0.00144725       0.73   0.0104564 6.90545e-05    0.726951
 0.0109591 0.00145973       0.73     0.01046 6.98937e-05    0.726957
 0.0109659 0.00147228       0.73  0.0104637 7.0738e-05   0.726962
 0.0109728 0.00148488       0.73  0.0104673 7.1592e-05   0.726968
 0.0109796 0.00149754       0.73   0.0104711 7.24533e-05    0.726973
 0.0109865 0.00151025       0.73   0.0104748 7.33242e-05    0.726979
 0.0109934 0.00152302       0.73   0.0104785 7.42005e-05    0.726985
 0.0110004 0.00153585       0.73   0.0104823 7.50847e-05     0.72699
 0.0110074 0.00154874       0.73  0.0104862 7.5974e-05   0.726996
 0.0110144 0.00156168       0.73     0.01049 7.68729e-05    0.727001
 0.0110214 0.00157468       0.73   0.0104939 7.77794e-05    0.727007
 0.0110285 0.00158773       0.73   0.0104978 7.86937e-05    0.727013
 0.0110356 0.00160085       0.73   0.0105017 7.96154e-05    0.727018
 0.0110427 0.00161402       0.73   0.0105056 8.05426e-05    0.727024
 0.0110499 0.00162724       0.73   0.0105096 8.14802e-05    0.727029
 0.0110571 0.00164053       0.73   0.0105136 8.24254e-05    0.727035
 0.0110643 0.00165387       0.73   0.0105177 8.33782e-05    0.727041
 0.0110716 0.00166727       0.73   0.0105217 8.43368e-05    0.727046
 0.0110788 0.00168072       0.73   0.0105258 8.53055e-05    0.727052
 0.0110862 0.00169423       0.73   0.0105299 8.62819e-05    0.727057
0.0110935 0.0017078      0.73   0.0105341 8.72663e-05    0.727063
 0.0111009 0.00172143       0.73  0.0105383 8.8259e-05   0.727069
 0.0111083 0.00173512       0.73   0.0105425 8.92573e-05    0.727074
 0.0111158 0.00174886       0.73   0.0105467 9.02657e-05     0.72708
 0.0111232 0.00176265       0.73   0.010551 9.1282e-05   0.727085
 0.0111307 0.00177651       0.73   0.0105553 9.23065e-05    0.727091
 0.0111383 0.00179042       0.73   0.0105596 9.33389e-05    0.727096
 0.0111458 0.00180439       0.73   0.0105639 9.43775e-05    0.727102
 0.0111534 0.00181842       0.73   0.0105683 9.54268e-05    0.727108
0.0111611 0.0018325      0.73   0.0105727 9.64838e-05    0.727113
 0.0111687 0.00184664       0.73  0.0105771 9.7549e-05   0.727119
 0.0111764 0.00186084       0.73   0.0105816 9.86224e-05    0.727124
 0.0111841 0.00187509       0.73   0.0105861 9.97042e-05     0.72713
0.0111919 0.0018894      0.73   0.0105906 0.000100794    0.727135
 0.0111997 0.00190377       0.73   0.0105952 0.000101892    0.727141
 0.0112075 0.00191819       0.73   0.0105997 0.000102997    0.727147
 0.0112153 0.00193268       0.73   0.0106043 0.000104112    0.727152
 0.0112232 0.00194721       0.73    0.010609 0.000105236    0.727158
 0.0112311 0.00196181       0.73   0.0106136 0.000106368    0.727163
  0.011239 0.00197646       0.73   0.0106183 0.000107506    0.727169
  0.011247 0.00199117       0.73   0.0106231 0.000108654    0.727174
  0.011255 0.00200593       0.73   0.0106278 0.000109811     0.72718
  0.011263 0.00202075       0.73   0.0106326 0.000110977    0.727185
 0.0112711 0.00203563       0.73   0.0106374 0.000112149    0.727191
 0.0112792 0.00205056       0.73   0.0106422 0.000113331    0.727196
 0.0112873 0.00206555       0.73   0.0106471 0.000114522    0.727202
 0.0112954 0.00208059       0.73    0.010652 0.000115721    0.727208
0.0113036 0.0020957      0.73    0.010657 0.000116932    0.727213
 0.0113118 0.00211085       0.73   0.0106619 0.000118146    0.727219
 0.0113201 0.00212607       0.73   0.0106669 0.000119371    0.727224
 0.0113283 0.00214133       0.73   0.0106719 0.000120605     0.72723
 0.0113366 0.00215666       0.73    0.010677 0.000121848    0.727235
  0.011345 0.00217204       0.73   0.0106821 0.000123098    0.727241
 0.0113533 0.00218747       0.73   0.0106872 0.000124358    0.727246
 0.0113617 0.00220296       0.73   0.0106923 0.000125627    0.727252
 0.0113701 0.00221851       0.73   0.0106975 0.000126904    0.727257
 0.0113786 0.00223411       0.73   0.0107027 0.000128189    0.727263
 0.0113871 0.00224977       0.73   0.0107079 0.000129484    0.727268
 0.0113956 0.00226548       0.73   0.0107132 0.000130788    0.727274
 0.0114041 0.00228125       0.73   0.0107185 0.000132101    0.727279
 0.0114127 0.00229707       0.73   0.0107239 0.000133421    0.727285
 0.0114213 0.00231295       0.73   0.0107292 0.000134752     0.72729
 0.0114299 0.00232888       0.73   0.0107347 0.000136093    0.727296
 0.0114386 0.00234486       0.73   0.0107401 0.000137441    0.727301
0.0114473 0.0023609      0.73   0.0107456 0.000138798    0.727307
  0.011456 0.00237699       0.73   0.0107511 0.000140162    0.727312
 0.0114647 0.00239314       0.73   0.0107566 0.000141537    0.727317
 0.0114735 0.00240934       0.73  0.0107622 0.00014292   0.727323
0.0114823 0.0024256      0.73   0.0107678 0.000144313    0.727328
 0.0114912 0.00244191       0.73   0.0107735 0.000145712    0.727334
    0.0115 0.00245827       0.73   0.0107792 0.000147123    0.727339
 0.0115089 0.00247469       0.73   0.0107849 0.000148542    0.727345
 0.0115178 0.00249116       0.73  0.0107906 0.00014997    0.72735
 0.0115268 0.00250768       0.73   0.0107964 0.000151404    0.727356
 0.0115358 0.00252426       0.73   0.0108022 0.000152849    0.727361
 0.0115448 0.00254089       0.73   0.0108081 0.000154303    0.727366
 0.0115538 0.00255757       0.73    0.010814 0.000155767    0.727372
 0.0115629 0.00257431       0.73   0.0108199 0.000157236    0.727377
  0.011572 0.00259109       0.73   0.0108258 0.000158717    0.727383
 0.0115811 0.00260793       0.73   0.0108318 0.000160206    0.727388
 0.0115902 0.00262483       0.73   0.0108378 0.000161702    0.727394
 0.0115994 0.00264177       0.73  0.0108439 0.00016321   0.727399
 0.0116086 0.00265877       0.73   0.0108499 0.000164728    0.727404
 0.0116179 0.00267582       0.73    0.010856 0.000166255     0.72741
 0.0116271 0.00269292       0.73  0.0108621 0.00016779   0.727415
 0.0116364 0.00271007       0.73   0.0108683 0.000169338    0.727421
 0.0116457 0.00272727       0.73   0.0108745 0.000170895    0.727426
 0.0116551 0.00274453       0.73   0.0108807 0.000172465    0.727432
 0.0116644 0.00276183       0.73    0.010887 0.000174041    0.727437
 0.0116738 0.00277919       0.73  0.0108932 0.00017563   0.727442
0.0116833 0.0027966      0.73  0.0108996 0.00017723   0.727448
 0.0116927 0.00281405       0.73  0.0109059 0.00017884   0.727453
 0.0117022 0.00283156       0.73   0.0109123 0.000180459    0.727459
 0.0117117 0.00284912       0.73   0.0109187 0.000182092    0.727464
 0.0117213 0.00286673       0.73   0.0109252 0.000183736    0.727469
 0.0117308 0.00288439       0.73   0.0109316 0.000185392    0.727475
0.0117404 0.0029021      0.73   0.0109382 0.000187059     0.72748
   0.01175 0.00291986       0.73   0.0109447 0.000188737    0.727486
 0.0117597 0.00293767       0.73   0.0109513 0.000190428    0.727491
 0.0117694 0.00295552       0.73    0.010958 0.000192129    0.727496
 0.0117791 0.00297343       0.73   0.0109646 0.000193844    0.727502
 0.0117888 0.00299139       0.73   0.0109713 0.000195571    0.727507
 0.0117985 0.00300939       0.73  0.0109781 0.00019731   0.727512
 0.0118083 0.00302744       0.73   0.0109848 0.000199063    0.727518
 0.0118181 0.00304555       0.73   0.0109916 0.000200828    0.727523
 0.011828 0.0030637      0.73   0.0109985 0.000202606    0.727529
 0.0118378 0.00308189       0.73   0.0110054 0.000204394    0.727534
 0.0118477 0.00310014       0.73   0.0110123 0.000206198    0.727539
 0.0118576 0.00311843       0.73   0.0110192 0.000208015    0.727545
 0.0118675 0.00313678       0.73   0.0110262 0.000209845     0.72755
 0.0118775 0.00315516       0.73   0.0110333 0.000211689    0.727555
0.0118875 0.0031736      0.73   0.0110403 0.000213547    0.727561
 0.0118975 0.00319208       0.73   0.0110474 0.000215416    0.727566
 0.0119075 0.00321062       0.73   0.0110545 0.000217301    0.727571
 0.0119176 0.00322919       0.73   0.0110617 0.000219202    0.727577
 0.0119277 0.00324782       0.73   0.0110689 0.000221115    0.727582
 0.0119378 0.00326649       0.73  0.0110761 0.00022304   0.727587
0.0119479 0.0032852      0.73   0.0110834 0.000224981    0.727593
 0.0119581 0.00330397       0.73   0.0110907 0.000226937    0.727598
 0.0119683 0.00332277       0.73    0.011098 0.000228908    0.727603
 0.0119785 0.00334163       0.73   0.0111054 0.000230893    0.727609
 0.0119887 0.00336053       0.73   0.0111128 0.000232893    0.727614
  0.011999 0.00337947       0.73   0.0111202 0.000234906    0.727619
 0.0120093 0.00339846       0.73   0.0111276 0.000236936    0.727625
0.0120196 0.0034175      0.73   0.0111351 0.000238983     0.72763
 0.0120299 0.00343658       0.73   0.0111427 0.000241041    0.727635
0.0120403 0.0034557      0.73   0.0111502 0.000243117     0.72764
 0.0120507 0.00347487       0.73   0.0111578 0.000245208    0.727646
 0.0120611 0.00349408       0.73   0.0111654 0.000247315    0.727651
 0.0120715 0.00351334       0.73   0.0111731 0.000249437    0.727656
  0.012082 0.00353264       0.73   0.0111808 0.000251575    0.727662
 0.0120924 0.00355198       0.73   0.0111885 0.000253727    0.727667
 0.0121029 0.00357137       0.73   0.0111963 0.000255898    0.727672
0.0121135 0.0035908      0.73    0.011204 0.000258086    0.727678
  0.012124 0.00361027       0.73   0.0112119 0.000260286    0.727683
 0.0121346 0.00362979       0.73   0.0112197 0.000262505    0.727688
 0.0121452 0.00364935       0.73   0.0112276 0.000264743    0.727694
 0.0121558 0.00366895       0.73   0.0112355 0.000266993    0.727699
 0.0121664 0.00368859       0.73   0.0112435 0.000269261    0.727704
 0.0121771 0.00370828       0.73   0.0112514 0.000271546    0.727709
0.0121878  0.003728      0.73   0.0112594 0.000273849    0.727715
 0.0121985 0.00374777       0.73   0.0112675 0.000276168     0.72772
 0.0122092 0.00376758       0.73   0.0112756 0.000278504    0.727725
   0.01222 0.00378743       0.73   0.0112837 0.000280855    0.727731
 0.0122308 0.00380732       0.73   0.0112918 0.000283229    0.727736
 0.0122415 0.00382726       0.73      0.0113 0.000285617    0.727741
 0.0122524 0.00384723       0.73  0.0113082 0.00028802   0.727747
 0.0122632 0.00386724       0.73   0.0113164 0.000290446    0.727752
0.0122741 0.0038873      0.73   0.0113247 0.000292885    0.727757
  0.012285 0.00390739       0.73    0.011333 0.000295345    0.727762
 0.0122959 0.00392752       0.73   0.0113413 0.000297824    0.727768
0.0123068 0.0039477      0.73   0.0113497 0.000300317    0.727773
 0.0123177 0.00396791       0.73   0.0113581 0.000302831    0.727778
 0.0123287 0.00398816       0.73   0.0113665 0.000305365    0.727784
 0.0123397 0.00400845       0.73    0.011375 0.000307913    0.727789
 0.0123507 0.00402878       0.73   0.0113835 0.000310481    0.727794
 0.0123617 0.00404914       0.73    0.011392 0.000313071    0.727799
 0.0123728 0.00406955       0.73   0.0114006 0.000315677    0.727805
 0.0123839 0.00408999       0.73 0.0114092 0.0003183   0.72781
  0.012395 0.00411048       0.73   0.0114178 0.000320946    0.727815
 0.0124061 0.00413099       0.73   0.0114264 0.000323608     0.72782
 0.0124172 0.00415155       0.73   0.0114351 0.000326287    0.727826
 0.0124284 0.00417214       0.73   0.0114438 0.000328991    0.727831
 0.0124395 0.00419277       0.73  0.0114526 0.00033171   0.727836
 0.0124507 0.00421344       0.73   0.0114614 0.000334448    0.727842
 0.0124619 0.00423415       0.73   0.0114702 0.000337209    0.727847
 0.0124732 0.00425489       0.73   0.0114791 0.000339987    0.727852
 0.0124844 0.00427566       0.73    0.011488 0.000342787    0.727857
 0.0124957 0.00429647       0.73   0.0114969 0.000345602    0.727863
  0.012507 0.00431732       0.73  0.0115058 0.00034844   0.727868
0.0125183 0.0043382      0.73   0.0115148 0.000351299    0.727873
 0.0125296 0.00435912       0.73   0.0115238 0.000354174    0.727878
  0.012541 0.00438008       0.73   0.0115329 0.000357073    0.727884
 0.0125524 0.00440106       0.73   0.011542 0.00035999   0.727889
 0.0125637 0.00442209       0.73   0.0115511 0.000362926    0.727894
 0.0125752 0.00444314       0.73   0.0115602 0.000365886    0.727899
 0.0125866 0.00446423       0.73   0.0115694 0.000368865    0.727905
  0.012598 0.00448536       0.73   0.0115786 0.000371865     0.72791
 0.0126095 0.00450652       0.73   0.0115879 0.000374883    0.727915
  0.012621 0.00452771       0.73   0.0115971 0.000377925     0.72792
 0.0126325 0.00454894       0.73   0.0116065 0.000380986    0.727925
  0.012644 0.00457019       0.73  0.0116158 0.00038407   0.727931
 0.0126555 0.00459148       0.73   0.0116252 0.000387171    0.727936
 0.0126671 0.00461281       0.73   0.0116346 0.000390295    0.727941
 0.0126786 0.00463416       0.73   0.0116441 0.000393442    0.727946
 0.0126902 0.00465555       0.73   0.0116535 0.000396606    0.727952
 0.0127018 0.00467697       0.73   0.0116631 0.000399795    0.727957
 0.0127134 0.00469842       0.73   0.0116726 0.000403003    0.727962
 0.0127251 0.00471991       0.73   0.0116822 0.000406235    0.727967
 0.0127367 0.00474142       0.73   0.0116918 0.000409484    0.727972
 0.0127484 0.00476296       0.73   0.0117015 0.000412757    0.727978
 0.0127601 0.00478454       0.73   0.0117112 0.000416051    0.727983
 0.0127718 0.00480615       0.73   0.0117209 0.000419368    0.727988
 0.0127835 0.00482778       0.73   0.0117306 0.000422703    0.727993
 0.0127952 0.00484945       0.73   0.0117404 0.000426063    0.727999
  0.012807 0.00487115       0.73   0.0117503 0.000429442    0.728004
 0.0128188 0.00489287       0.73   0.0117601 0.000432846    0.728009
 0.0128305 0.00491463       0.73   0.0117701 0.000436266    0.728014
 0.0128423 0.00493641       0.73     0.01178 0.000439713     0.72802
 0.0128542 0.00495822       0.73    0.01179 0.00044318   0.728025
  0.012866 0.00498006       0.73     0.0118 0.00044667    0.72803
 0.0128778 0.00500193       0.73   0.0118101 0.000450178    0.728035
 0.0128897 0.00502383       0.73   0.0118202 0.000453711    0.728041
 0.0129016 0.00504576       0.73   0.0118303 0.000457268    0.728046
 0.0129135 0.00506771       0.73   0.0118405 0.000460845    0.728051
 0.0129254 0.00508969       0.73   0.0118507 0.000464443    0.728057
0.0129373 0.0051117      0.73    0.011861 0.000468064    0.728062
 0.0129492 0.00513374       0.73   0.0118712 0.000471709    0.728067
0.0129612 0.0051558      0.73   0.0118816 0.000475372    0.728072
 0.0129731 0.00517789       0.73   0.0118919 0.000479062    0.728078
0.0129851    0.0052      0.73   0.0119024 0.000482772    0.728083
 0.0129971 0.00522214       0.73   0.0119128 0.000486505    0.728088
 0.0130091 0.00524431       0.73   0.0119233 0.000490257    0.728094
0.0130211 0.0052665      0.73   0.0119338 0.000494035    0.728099
 0.0130332 0.00528872       0.73   0.0119444 0.000497833    0.728104
 0.0130452 0.00531096       0.73    0.011955 0.000501656    0.728109
 0.0130573 0.00533323       0.73   0.0119657 0.000505496    0.728115
 0.0130694 0.00535552       0.73   0.0119763 0.000509362     0.72812
 0.0130814 0.00537784       0.73   0.0119871 0.000513248    0.728125
 0.0130935 0.00540018       0.73   0.0119978 0.000517159    0.728131
 0.0131057 0.00542254       0.73   0.0120087 0.000521086    0.728136
 0.0131178 0.00544493       0.73   0.0120195 0.000525041    0.728141
 0.0131299 0.00546734       0.73   0.0120304 0.000529014    0.728146
 0.0131421 0.00548978       0.73  0.0120413 0.00053301   0.728152
 0.0131542 0.00551223       0.73   0.0120523 0.000537027    0.728157
 0.0131664 0.00553471       0.73   0.0120633 0.000541067    0.728162
 0.0131786 0.00555722       0.73   0.0120743 0.000545126    0.728168
 0.0131908 0.00557974       0.73  0.0120854 0.00054921   0.728173
  0.013203 0.00560229       0.73   0.0120966 0.000553313    0.728178
 0.0132152 0.00562485       0.73  0.0121077 0.00055744   0.728183
 0.0132275 0.00564744       0.73   0.0121189 0.000561583    0.728189
 0.0132397 0.00567005       0.73   0.0121301 0.000565752    0.728194
  0.013252 0.00569269       0.73   0.0121414 0.000569943    0.728199
 0.0132643 0.00571534       0.73  0.0121527 0.00057415   0.728204
 0.0132765 0.00573801       0.73   0.0121641 0.000578383    0.728209
 0.0132888 0.00576071       0.73   0.0121755 0.000582634    0.728215
 0.0133011 0.00578342       0.73   0.0121869 0.000586907     0.72822
 0.0133134 0.00580615       0.73 0.0121983 0.0005912  0.728225
0.0133258 0.0058289      0.73   0.0122098 0.000595516     0.72823
 0.0133381 0.00585167       0.73   0.0122214 0.000599849    0.728236
 0.0133505 0.00587447       0.73   0.0122329 0.000604206    0.728241
 0.0133628 0.00589727       0.73   0.0122446 0.000608581    0.728246
0.0133752 0.0059201      0.73   0.0122562 0.000612978    0.728251
 0.0133875 0.00594295       0.73   0.0122679 0.000617402    0.728256
 0.0133999 0.00596581       0.73   0.0122796 0.000621863    0.728262
 0.0134123 0.00598869       0.73  0.0122913 0.00062637   0.728267
 0.0134247 0.00601159       0.73   0.0123031 0.000630944    0.728272
 0.0134371 0.00603451       0.73  0.0123149 0.00063559   0.728277
 0.0134496 0.00605744       0.73   0.0123268 0.000640325    0.728282
  0.013462 0.00608039       0.73   0.0123387 0.000645153    0.728287
 0.0134744 0.00610336       0.73   0.0123506 0.000650081    0.728293
 0.0134869 0.00612634       0.73   0.0123626 0.000655118    0.728298
 0.0134993 0.00614934       0.73   0.0123746 0.000660262    0.728303
 0.0135118 0.00617236       0.73   0.0123866 0.000665523    0.728308
 0.0135243 0.00619539       0.73   0.0123987 0.000670896    0.728313
 0.0135368 0.00621843       0.73   0.0124108 0.000676385    0.728318
 0.0135493 0.00624149       0.73   0.012423 0.00068199   0.728323
 0.0135618 0.00626457       0.73  0.0124351 0.00068771   0.728329
 0.0135743 0.00628766       0.73   0.0124474 0.000693543    0.728334
 0.0135868 0.00631076       0.73   0.0124596 0.000699491    0.728339
 0.0135993 0.00633388       0.73   0.0124719 0.000705546    0.728344
 0.0136118 0.00635701       0.73  0.0124842 0.00071171   0.728349
 0.0136244 0.00638016       0.73   0.0124966 0.000717978    0.728354
 0.0136369 0.00640332       0.73    0.012509 0.000724348    0.728359
 0.0136495 0.00642649       0.73   0.0125214 0.000730818    0.728364
  0.013662 0.00644967       0.73   0.0125338 0.000737383    0.728369
 0.0136746 0.00647287       0.73   0.0125463 0.000744043    0.728374
 0.0136872 0.00649608       0.73   0.0125589 0.000750788     0.72838
0.0136997 0.0065193      0.73   0.0125714 0.000757624    0.728385
 0.0137123 0.00654253       0.73    0.012584 0.000764539     0.72839
 0.0137249 0.00656578       0.73   0.0125967 0.000771538    0.728395
 0.0137375 0.00658903       0.73   0.0126093 0.000778612      0.7284
0.0137501 0.0066123      0.73    0.012622 0.000785759    0.728405
 0.0137627 0.00663558       0.73   0.0126347 0.000792979     0.72841
 0.0137753 0.00665887       0.73   0.0126475 0.000800267    0.728415
  0.013788 0.00668216       0.73  0.0126603 0.00080762    0.72842
 0.0138006 0.00670547       0.73   0.0126731 0.000815037    0.728425
 0.0138132 0.00672879       0.73   0.012686 0.00082251    0.72843
 0.0138258 0.00675212       0.73   0.0126989 0.000830045    0.728435
 0.0138385 0.00677546       0.73  0.0127118 0.00083763    0.72844
0.0138511 0.0067988      0.73   0.0127248 0.000845273    0.728445
 0.0138638 0.00682216       0.73   0.0127378 0.000852964     0.72845
 0.0138764 0.00684552       0.73   0.0127509 0.000860704    0.728455
 0.0138891 0.00686889       0.73   0.0127639 0.000868491     0.72846
 0.0139018 0.00689227       0.73   0.0127771 0.000876323    0.728465
 0.0139144 0.00691566       0.73   0.0127902 0.000884197     0.72847
 0.0139271 0.00693905       0.73   0.0128034 0.000892115    0.728475
 0.0139398 0.00696245       0.73   0.0128167 0.000900067     0.72848
 0.0139525 0.00698586       0.73   0.0128299 0.000908061    0.728485
 0.0139651 0.00700928       0.73   0.0128433 0.000916087     0.72849
0.0139778 0.0070327      0.73   0.0128567 0.000924152    0.728495
 0.0139905 0.00705612       0.73   0.0128701 0.000932246      0.7285
 0.0140032 0.00707956       0.73   0.0128835 0.000940376    0.728505
0.0140159  0.007103      0.73   0.0128971 0.000948535     0.72851
 0.0140286 0.00712644       0.73   0.0129106 0.000956725    0.728515
 0.0140413 0.00714989       0.73   0.0129242 0.000964943    0.728521
  0.014054 0.00717335       0.73   0.0129379 0.000973189    0.728526
 0.0140667 0.00719681       0.73   0.0129516 0.000981463    0.728531
 0.0140794 0.00722027       0.73   0.0129653 0.000989763    0.728536
 0.0140921 0.00724374       0.73  0.0129791 0.00099809   0.728541
 0.0141049 0.00726721       0.73   0.012993 0.00100644   0.728546
 0.0141176 0.00729069       0.73  0.0130069 0.00101482   0.728551
 0.0141303 0.00731417       0.73  0.0130208 0.00102323   0.728556
  0.014143 0.00733765       0.73  0.0130348 0.00103165   0.728561
 0.0141557 0.00736114       0.73  0.0130488 0.00104011   0.728567
 0.0141685 0.00738463       0.73  0.0130629 0.00104858   0.728572
 0.0141812 0.00740812       0.73   0.013077 0.00105708   0.728577
 0.0141939 0.00743161       0.73  0.0130912 0.00106561   0.728582
0.0142066 0.0074551      0.73  0.0131054 0.00107416   0.728587
0.0142194 0.0074786      0.73  0.0131196 0.00108273   0.728592
0.0142321 0.0075021      0.73  0.0131339 0.00109133   0.728597
0.0142448 0.0075256      0.73  0.0131483 0.00109996   0.728603
0.0142575 0.0075491      0.73  0.0131627 0.00110861   0.728608
0.0142703 0.0075726      0.73  0.0131771 0.00111728   0.728613
 0.014283 0.0075961      0.73  0.0131916 0.00112597   0.728618
0.0142957 0.0076196      0.73 0.0132061 0.0011347  0.728623
0.0143085 0.0076431      0.73  0.0132207 0.00114344   0.728628
0.0143212 0.0076666      0.73  0.0132353 0.00115221   0.728633
0.0143339 0.0076901      0.73    0.01325 0.00116101   0.728639
0.0143467 0.0077136      0.73  0.0132647 0.00116983   0.728644
0.0143594 0.0077371      0.73  0.0132794 0.00117867   0.728649
0.0143721 0.0077606      0.73  0.0132942 0.00118754   0.728654
 0.0143848 0.00778409       0.73   0.013309 0.00119644   0.728659
 0.0143976 0.00780758       0.73  0.0133239 0.00120536   0.728664
 0.0144103 0.00783108       0.73 0.0133388 0.0012143  0.728669
  0.014423 0.00785456       0.73  0.0133538 0.00122327   0.728675
 0.0144357 0.00787805       0.73  0.0133688 0.00123227    0.72868
 0.0144484 0.00790153       0.73  0.0133838 0.00124129   0.728685
 0.0144612 0.00792501       0.73  0.0133989 0.00125034    0.72869
 0.0144739 0.00794849       0.73  0.0134141 0.00125941   0.728695
 0.0144866 0.00797196       0.73  0.0134292 0.00126851     0.7287
 0.0144993 0.00799543       0.73  0.0134445 0.00127763   0.728706
 0.014512 0.0080189      0.73  0.0134597 0.00128678   0.728711
 0.0145247 0.00804236       0.73   0.013475 0.00129596   0.728716
 0.0145374 0.00806581       0.73  0.0134904 0.00130516   0.728721
 0.0145501 0.00808927       0.73  0.0135058 0.00131439   0.728726
 0.0145628 0.00811271       0.73  0.0135212 0.00132364   0.728731
 0.0145755 0.00813615       0.73  0.0135367 0.00133292   0.728736
 0.0145882 0.00815959       0.73  0.0135522 0.00134222   0.728741
 0.0146009 0.00818302       0.73  0.0135678 0.00135156   0.728747
 0.0146136 0.00820644       0.73  0.0135834 0.00136091   0.728752
 0.0146263 0.00822986       0.73  0.013599 0.0013703  0.728757
  0.014639 0.00825327       0.73  0.0136147 0.00137971   0.728762
 0.0146516 0.00827667       0.73  0.0136304 0.00138915   0.728767
 0.0146643 0.00830006       0.73  0.0136462 0.00139861   0.728772
  0.014677 0.00832345       0.73  0.013662 0.0014081  0.728777
 0.0146897 0.00834683       0.73  0.0136779 0.00141762   0.728782
 0.0147023 0.00837021       0.73  0.0136938 0.00142716   0.728787
  0.014715 0.00839357       0.73  0.0137097 0.00143673   0.728792
 0.0147276 0.00841693       0.73  0.0137257 0.00144633   0.728797
 0.0147403 0.00844028       0.73  0.0137418 0.00145595   0.728803
 0.0147529 0.00846361       0.73 0.0137578 0.0014656  0.728808
 0.0147655 0.00848694       0.73  0.0137739 0.00147528   0.728813
 0.0147782 0.00851027       0.73  0.0137901 0.00148498   0.728818
 0.0147908 0.00853358       0.73  0.0138063 0.00149471   0.728823
 0.0148034 0.00855688       0.73  0.0138225 0.00150447   0.728828
  0.014816 0.00858017       0.73  0.0138388 0.00151425   0.728833
 0.0148287 0.00860345       0.73  0.0138551 0.00152406   0.728838
 0.0148413 0.00862672       0.73  0.0138715 0.00153391   0.728843
 0.0148539 0.00864998       0.73  0.0138879 0.00154377   0.728848
 0.0148664 0.00867322       0.73  0.0139043 0.00155366   0.728853
  0.014879 0.00869646       0.73  0.0139208 0.00156358   0.728858
 0.0148916 0.00871969       0.73  0.0139374 0.00157353   0.728863
0.0149042 0.0087429      0.73  0.0139539 0.00158351   0.728868
0.0149168 0.0087661      0.73  0.0139705 0.00159351   0.728873
 0.0149293 0.00878929       0.73  0.0139872 0.00160354   0.728878
 0.0149419 0.00881246       0.73 0.0140039 0.0016136  0.728883
 0.0149544 0.00883563       0.73  0.0140206 0.00162369   0.728888
  0.014967 0.00885878       0.73 0.0140373 0.0016338  0.728893
 0.0149795 0.00888191       0.73  0.0140541 0.00164394   0.728898
  0.014992 0.00890504       0.73   0.014071 0.00165411   0.728903
 0.0150045 0.00892815       0.73  0.0140879 0.00166431   0.728908
  0.015017 0.00895124       0.73  0.0141048 0.00167453   0.728912
 0.0150295 0.00897432       0.73  0.0141217 0.00168479   0.728917
  0.015042 0.00899739       0.73  0.0141387 0.00169507   0.728922
 0.0150545 0.00902044       0.73  0.0141557 0.00170538   0.728927
  0.015067 0.00904348       0.73  0.0141728 0.00171571   0.728932
0.0150795 0.0090665      0.73  0.0141899 0.00172608   0.728937
0.0150919 0.0090895      0.73   0.014207 0.00173647   0.728942
 0.0151044 0.00911249       0.73  0.0142242 0.00174689   0.728947
 0.0151168 0.00913546       0.73  0.0142414 0.00175734   0.728952
 0.0151293 0.00915842       0.73  0.0142586 0.00176782   0.728956
 0.0151417 0.00918136       0.73  0.0142758 0.00177833   0.728961
 0.0151541 0.00920429       0.73  0.0142931 0.00178886   0.728966
 0.0151665 0.00922719       0.73  0.0143105 0.00179943   0.728971
 0.0151789 0.00925008       0.73  0.0143279 0.00181002   0.728976
 0.0151913 0.00927295       0.73  0.0143453 0.00182064   0.728981
 0.0152037 0.00929581       0.73  0.0143627 0.00183129   0.728985
  0.015216 0.00931864       0.73  0.0143802 0.00184197    0.72899
 0.0152284 0.00934146       0.73  0.0143976 0.00185268   0.728995
 0.0152408 0.00936426       0.73  0.0144152 0.00186341      0.729
 0.0152531 0.00938704       0.73  0.0144327 0.00187417   0.729004
0.0152654 0.0094098      0.73  0.0144503 0.00188497   0.729009
 0.0152777 0.00943254       0.73   0.014468 0.00189579   0.729014
 0.0152901 0.00945527       0.73  0.0144856 0.00190664   0.729019
 0.0153023 0.00947797       0.73  0.0145033 0.00191752   0.729023
 0.0153146 0.00950065       0.73   0.014521 0.00192843   0.729028
 0.0153269 0.00952332       0.73  0.0145388 0.00193937   0.729033
 0.0153392 0.00954596       0.73  0.0145565 0.00195034   0.729038
 0.0153514 0.00956858       0.73  0.0145743 0.00196134   0.729042
 0.0153637 0.00959118       0.73  0.0145922 0.00197237   0.729047
 0.0153759 0.00961376       0.73    0.01461 0.00198342   0.729052
 0.0153881 0.00963631       0.73  0.0146279 0.00199451   0.729056
 0.0154003 0.00965885       0.73  0.0146459 0.00200563   0.729061
 0.0154125 0.00968136       0.73  0.0146638 0.00201677   0.729065
 0.0154247 0.00970386       0.73  0.0146818 0.00202795    0.72907
 0.0154369 0.00972632       0.73  0.0146998 0.00203916   0.729075
  0.015449 0.00974877       0.73  0.0147178 0.00205039   0.729079
 0.0154612 0.00977119       0.73  0.0147359 0.00206166   0.729084
 0.0154733 0.00979359       0.73  0.0147539 0.00207296   0.729088
 0.0154854 0.00981597       0.73   0.014772 0.00208428   0.729093
 0.0154975 0.00983832       0.73  0.0147902 0.00209564   0.729098
 0.0155096 0.00986065       0.73  0.0148083 0.00210703   0.729102
 0.0155217 0.00988296       0.73  0.0148265 0.00211844   0.729107
 0.0155338 0.00990524       0.73  0.0148447 0.00212989   0.729111
 0.0155458 0.00992749       0.73  0.0148629 0.00214137   0.729116
 0.0155579 0.00994972       0.73  0.0148812 0.00215288    0.72912
 0.0155699 0.00997193       0.73  0.0148995 0.00216442   0.729125
 0.0155819 0.00999411       0.73  0.0149178 0.00217599   0.729129
0.0155939 0.0100163      0.73  0.0149361 0.00218759   0.729134
0.0156059 0.0100384      0.73  0.0149544 0.00219923   0.729138
0.0156179 0.0100605      0.73  0.0149728 0.00221089   0.729143
0.0156298 0.0100826      0.73  0.0149912 0.00222259   0.729147
0.0156418 0.0101046      0.73  0.0150096 0.00223431   0.729151
0.0156537 0.0101266      0.73   0.015028 0.00224606   0.729156
0.0156656 0.0101486      0.73  0.0150465 0.00225785    0.72916
0.0156775 0.0101706      0.73   0.015065 0.00226967   0.729165
0.0156894 0.0101925      0.73  0.0150835 0.00228152   0.729169
0.0157013 0.0102144      0.73  0.015102 0.0022934  0.729173
0.0157131 0.0102363      0.73  0.0151205 0.00230531   0.729178
 0.015725 0.0102582      0.73  0.0151391 0.00231726   0.729182
0.0157368   0.01028      0.73  0.0151577 0.00232923   0.729186
0.0157486 0.0103018      0.73  0.0151763 0.00234124   0.729191
0.0157604 0.0103236      0.73  0.0151949 0.00235328   0.729195
0.0157722 0.0103453      0.73  0.0152135 0.00236535   0.729199
0.0157839  0.010367      0.73  0.0152322 0.00237745   0.729204
0.0157957 0.0103887      0.73  0.0152508 0.00238958   0.729208
0.0158074 0.0104103      0.73  0.0152695 0.00240175   0.729212
0.0158191 0.0104319      0.73  0.0152882 0.00241394   0.729216
0.0158308 0.0104535      0.73  0.0153069 0.00242617   0.729221
0.0158425 0.0104751      0.73  0.0153256 0.00243843   0.729225
0.0158541 0.0104966      0.73  0.0153444 0.00245072   0.729229
0.0158658 0.0105181      0.73  0.0153631 0.00246305   0.729233
0.0158774 0.0105396      0.73  0.0153819 0.00247541   0.729238
0.015889 0.010561     0.73  0.0154007 0.00248779   0.729242
0.0159006 0.0105824      0.73  0.0154195 0.00250021   0.729246
0.0159121 0.0106037      0.73  0.0154383 0.00251267    0.72925
0.0159237 0.0106251      0.73  0.0154571 0.00252515   0.729254
0.0159352 0.0106464      0.73  0.0154759 0.00253767   0.729258
0.0159467 0.0106676      0.73  0.0154947 0.00255022   0.729263
0.0159582 0.0106889      0.73 0.0155136 0.0025628  0.729267
0.0159697   0.01071      0.73  0.0155324 0.00257542   0.729271
0.0159812 0.0107312      0.73  0.0155513 0.00258807   0.729275
0.0159926 0.0107523      0.73  0.0155702 0.00260074   0.729279
0.0160041 0.0107734      0.73  0.0155891 0.00261346   0.729283
0.0160155 0.0107945      0.73 0.0156079 0.0026262  0.729287
0.0160268 0.0108155      0.73  0.0156268 0.00263898   0.729291
0.0160382 0.0108365      0.73  0.0156457 0.00265179   0.729295
0.0160496 0.0108574      0.73  0.0156647 0.00266463   0.729299
0.0160609 0.0108783      0.73 0.0156836 0.0026775  0.729303
0.0160722 0.0108992      0.73  0.0157025 0.00269041   0.729307
0.0160835 0.0109201      0.73  0.0157214 0.00270335   0.729311
0.0160947 0.0109409      0.73  0.0157404 0.00271632   0.729315
 0.016106 0.0109616      0.73  0.0157593 0.00272932   0.729319
0.0161172 0.0109823      0.73  0.0157783 0.00274236   0.729323
0.0161284  0.011003      0.73  0.0157972 0.00275543   0.729327
0.0161396 0.0110237      0.73  0.0158162 0.00276853   0.729331
0.0161508 0.0110443      0.73  0.0158352 0.00278166   0.729335
0.0161619 0.0110649      0.73  0.0158541 0.00279483   0.729339
 0.016173 0.0110854      0.73  0.0158731 0.00280803   0.729343
0.0161841 0.0111059      0.73  0.0158921 0.00282126   0.729347
0.0161952 0.0111263      0.73  0.0159111 0.00283453   0.729351
0.0162063 0.0111468      0.73  0.0159301 0.00284782   0.729355
0.0162173 0.0111671      0.73  0.0159491 0.00286115   0.729359
0.0162283 0.0111875      0.73  0.0159681 0.00287451   0.729363
0.0162393 0.0112078      0.73  0.0159871 0.00288791   0.729367
0.0162503  0.011228      0.73  0.0160061 0.00290134   0.729371
0.0162612 0.0112482      0.73  0.0160251 0.00291479   0.729375
0.0162722 0.0112684      0.73  0.0160441 0.00292829   0.729378
0.0162831 0.0112885      0.73  0.0160631 0.00294181   0.729382
0.0162939 0.0113086      0.73  0.0160821 0.00295537   0.729386
0.0163048 0.0113287      0.73  0.0161011 0.00296895    0.72939
0.0163156 0.0113487      0.73  0.0161201 0.00298257   0.729394
0.0163264 0.0113686      0.73  0.0161392 0.00299623   0.729398
0.0163372 0.0113885      0.73  0.0161582 0.00300991   0.729401
 0.016348 0.0114084      0.73  0.0161772 0.00302363   0.729405
0.0163587 0.0114282      0.73  0.0161962 0.00303738   0.729409
0.0163695  0.011448      0.73  0.0162152 0.00305117   0.729413
0.0163801 0.0114677      0.73  0.0162343 0.00306498   0.729416
0.0163908 0.0114874      0.73  0.0162533 0.00307883    0.72942
0.0164015 0.0115071      0.73  0.0162723 0.00309271   0.729424
0.0164121 0.0115267      0.73  0.0162913 0.00310662   0.729428
0.0164227 0.0115462      0.73  0.0163103 0.00312057   0.729431
0.0164332 0.0115658      0.73  0.0163294 0.00313454   0.729435
0.0164438 0.0115852      0.73  0.0163484 0.00314855   0.729439
0.0164543 0.0116046      0.73  0.0163674 0.00316259   0.729443
0.0164648  0.011624      0.73  0.0163864 0.00317667   0.729446
0.0164753 0.0116433      0.73  0.0164054 0.00319078    0.72945
0.0164857 0.0116626      0.73  0.0164245 0.00320491   0.729454
0.0164961 0.0116818      0.73  0.0164435 0.00321908   0.729457
0.0165065  0.011701      0.73  0.0164625 0.00323328   0.729461
0.0165169 0.0117202      0.73  0.0164815 0.00324752   0.729465
0.0165272 0.0117392      0.73  0.0165005 0.00326179   0.729468
0.0165375 0.0117583      0.73  0.0165195 0.00327609   0.729472
0.0165478 0.0117773      0.73  0.0165385 0.00329042   0.729476
0.0165581 0.0117962      0.73  0.0165575 0.00330478   0.729479
0.0165683 0.0118151      0.73  0.0165765 0.00331917   0.729483
0.0165785 0.0118339      0.73 0.0165955 0.0033336  0.729486
0.0165887 0.0118527      0.73  0.0166145 0.00334806    0.72949
0.0165988 0.0118714      0.73  0.0166335 0.00336255   0.729494
0.0166089 0.0118901      0.73  0.0166525 0.00337707   0.729497
 0.016619 0.0119087      0.73  0.0166715 0.00339163   0.729501
0.0166291 0.0119273      0.73  0.0166904 0.00340621   0.729504
0.0166391 0.0119459      0.73  0.0167094 0.00342083   0.729508
0.0166491 0.0119643      0.73  0.0167284 0.00343548   0.729511
0.0166591 0.0119828      0.73  0.0167474 0.00345017   0.729515
0.0166691 0.0120011      0.73  0.0167663 0.00346488   0.729519
 0.016679 0.0120194      0.73  0.0167853 0.00347963   0.729522
0.0166889 0.0120377      0.73 0.0168042 0.0034944  0.729526
0.0166987 0.0120559      0.73  0.0168232 0.00350921   0.729529
0.0167086 0.0120741      0.73  0.0168421 0.00352406   0.729533
0.0167184 0.0120922      0.73  0.0168611 0.00353893   0.729536
0.0167282 0.0121102      0.73    0.01688 0.00355383    0.72954
0.0167379 0.0121282      0.73   0.016899 0.00356877   0.729543
0.0167476 0.0121462      0.73  0.0169179 0.00358374   0.729547
0.0167573 0.0121641      0.73  0.0169368 0.00359874    0.72955
 0.016767 0.0121819      0.73  0.0169557 0.00361377   0.729553
0.0167766 0.0121997      0.73  0.0169746 0.00362883   0.729557
0.0167862 0.0122174      0.73  0.0169936 0.00364392    0.72956
0.0167958  0.012235      0.73  0.0170125 0.00365905   0.729564
0.0168053 0.0122526      0.73  0.0170314 0.00367421   0.729567
0.0168148 0.0122702      0.73 0.0170502 0.0036894  0.729571
0.0168243 0.0122877      0.73  0.0170691 0.00370461   0.729574
0.0168337 0.0123051      0.73   0.017088 0.00371987   0.729578
0.0168431 0.0123225      0.73  0.0171069 0.00373515   0.729581
0.0168525 0.0123398      0.73  0.0171257 0.00375046   0.729584
0.0168619 0.0123571      0.73  0.0171446 0.00376581   0.729588
0.0168712 0.0123743      0.73  0.0171635 0.00378118   0.729591
0.0168805 0.0123914      0.73  0.0171823 0.00379659   0.729595
0.0168897 0.0124085      0.73  0.0172012 0.00381203   0.729598
0.0168989 0.0124255      0.73   0.01722 0.0038275  0.729601
0.0169081 0.0124425      0.73 0.0172388  0.003843  0.729605
0.0169173 0.0124594      0.73  0.0172576 0.00385853   0.729608
0.0169264 0.0124762      0.73 0.0172764 0.0038741  0.729611
0.0169355  0.012493      0.73  0.0172953 0.00388969   0.729615
0.0169446 0.0125097      0.73   0.017314 0.00390532   0.729618
0.0169536 0.0125264      0.73  0.0173328 0.00392097   0.729621
0.0169626  0.012543      0.73  0.0173516 0.00393666   0.729625
0.0169715 0.0125596      0.73  0.0173704 0.00395237   0.729628
0.0169805  0.012576      0.73  0.0173892 0.00396812   0.729631
0.0169894 0.0125925      0.73 0.0174079 0.0039839  0.729635
0.0169982 0.0126088      0.73  0.0174267 0.00399971   0.729638
0.0170071 0.0126251      0.73  0.0174454 0.00401555   0.729641
0.0170159 0.0126414      0.73  0.0174642 0.00403142   0.729645
0.0170246 0.0126576      0.73  0.0174829 0.00404732   0.729648
0.0170334 0.0126737      0.73  0.0175016 0.00406325   0.729651
 0.017042 0.0126897      0.73  0.0175203 0.00407921   0.729655
0.0170507 0.0127057      0.73  0.017539 0.0040952  0.729658
0.0170593 0.0127216      0.73  0.0175577 0.00411123   0.729661
0.0170679 0.0127375      0.73  0.0175764 0.00412728   0.729664
0.0170765 0.0127533      0.73  0.0175951 0.00414336   0.729668
 0.017085 0.0127691      0.73  0.0176138 0.00415947   0.729671
0.0170935 0.0127847      0.73  0.0176324 0.00417562   0.729674
 0.017102 0.0128003      0.73  0.0176511 0.00419179   0.729678
0.0171104 0.0128159      0.73 0.0176697  0.004208  0.729681
0.0171188 0.0128314      0.73  0.0176883 0.00422423   0.729684
0.0171271 0.0128468      0.73   0.017707 0.00424049   0.729687
0.0171355 0.0128622      0.73  0.0177256 0.00425679   0.729691
0.0171437 0.0128775      0.73  0.0177442 0.00427311   0.729694
 0.017152 0.0128927      0.73  0.0177628 0.00428946   0.729697
0.0171602 0.0129079      0.73  0.0177814 0.00430585     0.7297
0.0171684  0.012923      0.73     0.0178 0.00432226   0.729704
0.0171765  0.012938      0.73 0.0178185 0.0043387  0.729707
0.0171847  0.012953      0.73  0.0178371 0.00435518    0.72971
0.0171927 0.0129679      0.73  0.0178556 0.00437168   0.729713
0.0172008 0.0129828      0.73  0.0178742 0.00438822   0.729717
0.0172088 0.0129976      0.73  0.0178927 0.00440478    0.72972
0.0172168 0.0130123      0.73  0.0179112 0.00442137   0.729723
0.0172247 0.0130269      0.73  0.0179297 0.00443799   0.729726
0.0172326 0.0130415      0.73  0.0179482 0.00445464   0.729729
0.0172405 0.0130561      0.73  0.0179667 0.00447132   0.729733
0.0172483 0.0130705      0.73  0.0179852 0.00448803   0.729736
0.0172561 0.0130849      0.73  0.0180037 0.00450477   0.729739
0.0172639 0.0130993      0.73  0.0180221 0.00452154   0.729742
0.0172716 0.0131135      0.73  0.0180406 0.00453833   0.729745
0.0172793 0.0131277      0.73   0.018059 0.00455516   0.729749
 0.017287 0.0131419      0.73  0.0180774 0.00457202   0.729752
0.0172946  0.013156      0.73 0.0180959 0.0045889  0.729755
0.0173022   0.01317      0.73  0.0181143 0.00460581   0.729758
0.0173097 0.0131839      0.73  0.0181327 0.00462276   0.729761
0.0173173 0.0131978      0.73   0.018151 0.00463973   0.729765
0.0173247 0.0132116      0.73  0.0181694 0.00465673   0.729768
0.0173322 0.0132254      0.73  0.0181878 0.00467376   0.729771
0.0173396 0.0132391      0.73  0.0182061 0.00469082   0.729774
 0.017347 0.0132527      0.73 0.0182245 0.0047079  0.729777
0.0173543 0.0132663      0.73  0.0182428 0.00472502    0.72978
0.0173617 0.0132798      0.73  0.0182611 0.00474216   0.729784
0.0173689 0.0132932      0.73  0.0182794 0.00475933   0.729787
0.0173762 0.0133066      0.73  0.0182977 0.00477653    0.72979
0.0173834 0.0133199      0.73   0.018316 0.00479376   0.729793
0.0173906 0.0133331      0.73  0.0183343 0.00481101   0.729796
0.0173977 0.0133463      0.73 0.0183525 0.0048283  0.729799
0.0174048 0.0133594      0.73 0.0183708 0.0048456  0.729802
0.0174119 0.0133725      0.73   0.018389 0.00486294   0.729806
0.0174189 0.0133855      0.73 0.0184072 0.0048803  0.729809
0.0174259 0.0133984      0.73  0.0184255 0.00489769   0.729812
0.0174329 0.0134112      0.73 0.0184436 0.0049151  0.729815
0.0174398  0.013424      0.73  0.0184618 0.00493254   0.729818
0.0174467 0.0134368      0.73    0.01848 0.00495001   0.729821
0.0174536 0.0134494      0.73 0.0184982 0.0049675  0.729824
0.0174604  0.013462      0.73  0.0185163 0.00498502   0.729828
0.0174672 0.0134746      0.73  0.0185345 0.00500256   0.729831
0.0174739 0.0134871      0.73  0.0185526 0.00502013   0.729834
0.0174807 0.0134995      0.73  0.0185707 0.00503772   0.729837
0.0174873 0.0135118      0.73  0.0185888 0.00505534    0.72984
 0.017494 0.0135241      0.73  0.0186069 0.00507299   0.729843
0.0175006 0.0135363      0.73   0.018625 0.00509066   0.729846
0.0175072 0.0135485      0.73  0.0186431 0.00510835   0.729849
0.0175138 0.0135606      0.73  0.0186611 0.00512608   0.729853
0.0175203 0.0135726      0.73  0.0186972 0.00516159   0.729859
0.0175268 0.0135846      0.73 0.0187152 0.0051794  0.729862
0.0175332 0.0135965      0.73  0.0187332 0.00519722   0.729865
0.0175397 0.0136084      0.73  0.0187512 0.00521508   0.729868
 0.017546 0.0136202      0.73  0.0187692 0.00523295   0.729871
0.0175524 0.0136319      0.73  0.0187872 0.00525085   0.729874
0.0175587 0.0136436      0.73  0.0188051 0.00526877   0.729877
 0.017565 0.0136552      0.73   0.018823 0.00528671    0.72988
0.0175713 0.0136667      0.73   0.018841 0.00530467   0.729883
0.0175775 0.0136782      0.73  0.0188589 0.00532266   0.729887
0.0175837 0.0136896      0.73  0.0188768 0.00534067    0.72989
0.0175898  0.013701      0.73 0.0188947 0.0053587  0.729893
0.0175959 0.0137123      0.73  0.0189125 0.00537676   0.729896
 0.017602 0.0137235      0.73  0.0189304 0.00539484   0.729899
0.0176081 0.0137347      0.73  0.0189482 0.00541294   0.729902
0.0176141 0.0137458      0.73  0.0189661 0.00543107   0.729905
0.0176201 0.0137569      0.73  0.0189839 0.00544923   0.729908
 0.017626 0.0137679      0.73  0.0190017 0.00546741   0.729911
 0.017632 0.0137788      0.73  0.0190194 0.00548562   0.729914
0.0176378 0.0137897      0.73  0.0190372 0.00550385   0.729917
0.0176437 0.0138005      0.73   0.019055 0.00552211    0.72992
0.0176495 0.0138112      0.73 0.0190727 0.0055404  0.729923
0.0176553 0.0138219      0.73 0.0190904 0.0055587  0.729926
0.0176611 0.0138326      0.73  0.0191082 0.00557704   0.729929
0.0176668 0.0138431      0.73 0.0191259 0.0055954  0.729932
0.0176725 0.0138536      0.73  0.0191435 0.00561379   0.729935
0.0176782 0.0138641      0.73  0.0191612 0.00563221   0.729939
0.0176838 0.0138745      0.73  0.0191789 0.00565065   0.729942
0.0176894 0.0138848      0.73  0.0191965 0.00566911   0.729945
 0.017695 0.0138951      0.73  0.0192141 0.00568761   0.729948
0.0177005 0.0139053      0.73  0.0192317 0.00570613   0.729951
 0.017706 0.0139155      0.73  0.0192493 0.00572467   0.729954
0.0177115 0.0139256      0.73  0.0192669 0.00574324   0.729957
0.0177169 0.0139356      0.73  0.0192845 0.00576184    0.72996
0.0177223 0.0139456      0.73   0.019302 0.00578046   0.729963
0.0177277 0.0139555      0.73  0.0193196 0.00579911   0.729966
 0.017733 0.0139654      0.73  0.0193371 0.00581779   0.729969
0.0177384 0.0139752      0.73  0.0193546 0.00583649   0.729972
0.0177436  0.013985      0.73  0.0193721 0.00585522   0.729975
0.0177489 0.0139947      0.73  0.0193895 0.00587397   0.729978
0.0177541 0.0140043      0.73   0.019407 0.00589275   0.729981
0.0177593 0.0140139      0.73  0.0194244 0.00591156   0.729984
0.0177645 0.0140234      0.73  0.0194419 0.00593039   0.729987
0.0177696 0.0140329      0.73  0.0194593 0.00594924    0.72999
0.0177747 0.0140423      0.73  0.0194767 0.00596813   0.729993
0.0177797 0.0140516      0.73   0.019494 0.00598704   0.729996
0.0177848 0.0140609      0.73  0.0195114 0.00600597   0.729999
0.0177898 0.0140701      0.73  0.0195287 0.00602493   0.730002
0.0177947 0.0140793      0.73  0.0195461 0.00604392   0.730005
0.0177997 0.0140884      0.73  0.0195634 0.00606293   0.730008
0.0178046 0.0140975      0.73  0.0195807 0.00608196   0.730011
0.0178095 0.0141065      0.73   0.019598 0.00610103   0.730013
0.0178143 0.0141155      0.73  0.0196152 0.00612011   0.730016
0.0178191 0.0141244      0.73  0.0196325 0.00613923   0.730019
0.0178239 0.0141332      0.73  0.0196497 0.00615836   0.730022
0.0178287  0.014142      0.73  0.0196669 0.00617753   0.730025
0.0178334 0.0141507      0.73  0.0196841 0.00619671   0.730028
0.0178381 0.0141594      0.73  0.0197013 0.00621593   0.730031
0.0178428  0.014168      0.73  0.0197184 0.00623517   0.730034
0.0178474 0.0141766      0.73  0.0197356 0.00625443   0.730037
 0.017852 0.0141851      0.73  0.0197527 0.00627372    0.73004
0.0178566 0.0141935      0.73  0.0197698 0.00629303   0.730043
0.0178611 0.0142019      0.73  0.0197869 0.00631237   0.730046
0.0178657 0.0142102      0.73   0.019804 0.00633173   0.730049
0.0178701 0.0142185      0.73   0.019821 0.00635112   0.730052
0.0178746 0.0142267      0.73   0.019838 0.00637053   0.730055
 0.017879 0.0142349      0.73  0.0198551 0.00638997   0.730057
0.0178834  0.014243      0.73  0.0198721 0.00640943    0.73006
0.0178878 0.0142511      0.73  0.0198891 0.00642892   0.730063
0.0178921 0.0142591      0.73   0.019906 0.00644842   0.730066
0.0178964  0.014267      0.73   0.019923 0.00646796   0.730069
0.0179007 0.0142749      0.73  0.0199399 0.00648752   0.730072
 0.017905 0.0142828      0.73 0.0199568 0.0065071  0.730075
0.0179092 0.0142906      0.73 0.0199737 0.0065267  0.730078
0.0179134 0.0142983      0.73  0.0199906 0.00654633   0.730081
0.0179175  0.014306      0.73  0.0200074 0.00656599   0.730083
0.0179216 0.0143136      0.73  0.0200242 0.00658567   0.730086
0.0179257 0.0143212      0.73   0.020041 0.00660537   0.730089
0.0179298 0.0143287      0.73  0.0200578 0.00662509   0.730092
0.0179339 0.0143361      0.73  0.0200746 0.00664484   0.730095
0.0179379 0.0143436      0.73  0.0200914 0.00666462   0.730098
0.0179419 0.0143509      0.73  0.0201081 0.00668441   0.730101
0.0179458 0.0143582      0.73  0.0201248 0.00670423   0.730103
0.0179497 0.0143655      0.73  0.0201415 0.00672407   0.730106
0.0179536 0.0143726      0.73  0.0201582 0.00674394   0.730109
0.0179575 0.0143798      0.73  0.0201749 0.00676383   0.730112
0.0179613 0.0143869      0.73  0.0201915 0.00678374   0.730115
0.0179651 0.0143939      0.73  0.0202081 0.00680368   0.730118
0.0179689 0.0144009      0.73  0.0202247 0.00682364    0.73012
0.0179727 0.0144078      0.73  0.0202413 0.00684362   0.730123
0.0179764 0.0144147      0.73  0.0202578 0.00686363   0.730126
0.0179801 0.0144215      0.73  0.0202744 0.00688365   0.730129
0.0179838 0.0144283      0.73 0.0202909 0.0069037  0.730132
0.0179874  0.014435      0.73  0.0203074 0.00692378   0.730134
 0.017991 0.0144416      0.73  0.0203239 0.00694387   0.730137
0.0179946 0.0144483      0.73  0.0203403 0.00696399    0.73014
0.0179981 0.0144548      0.73  0.0203567 0.00698413   0.730143
0.0180017 0.0144613      0.73  0.0203732 0.00700429   0.730145
0.0180052 0.0144678      0.73  0.0203895 0.00702447   0.730148
0.0180086 0.0144742      0.73  0.0204059 0.00704468   0.730151
0.0180121 0.0144805      0.73  0.0204223 0.00706491   0.730154
0.0180155 0.0144868      0.73  0.0204386 0.00708516   0.730156
0.0180189 0.0144931      0.73  0.0204549 0.00710543   0.730159
0.0180222 0.0144992      0.73  0.0204712 0.00712572   0.730162
0.0180255 0.0145054      0.73  0.0204874 0.00714604   0.730165
0.0180288 0.0145115      0.73  0.0205037 0.00716637   0.730167
0.0180321 0.0145175      0.73  0.0205199 0.00718673    0.73017
0.0180353 0.0145235      0.73  0.0205361 0.00720711   0.730173
0.0180386 0.0145294      0.73  0.0205522 0.00722751   0.730175
0.0180417 0.0145353      0.73  0.0205684 0.00724793   0.730178
0.0180449 0.0145411      0.73  0.0205845 0.00726837   0.730181
 0.018048 0.0145469      0.73  0.0206006 0.00728883   0.730183
0.0180511 0.0145527      0.73  0.0206167 0.00730931   0.730186
0.0180542 0.0145583      0.73  0.0206328 0.00732981   0.730189
0.0180573  0.014564      0.73  0.0206488 0.00735034   0.730192
0.0180603 0.0145695      0.73  0.0206648 0.00737088   0.730194
0.0180633 0.0145751      0.73  0.0206808 0.00739144   0.730197
0.0180662 0.0145805      0.73  0.0206968 0.00741203   0.730199
0.0180692  0.014586      0.73  0.0207127 0.00743264   0.730202
0.0180721 0.0145913      0.73  0.0207286 0.00745326   0.730205
 0.018075 0.0145967      0.73 0.0207445 0.0074739  0.730207
0.0180778 0.0146019      0.73  0.0207604 0.00749456    0.73021
0.0180807 0.0146072      0.73  0.0207762 0.00751524   0.730213
0.0180835 0.0146123      0.73  0.0207921 0.00753594   0.730215
0.0180862 0.0146175      0.73  0.0208078 0.00755665   0.730218
 0.018089 0.0146225      0.73  0.0208236 0.00757739    0.73022
0.0180917 0.0146276      0.73  0.0208394 0.00759814   0.730223
0.0180944 0.0146325      0.73  0.0208551 0.00761891   0.730226
0.0180971 0.0146375      0.73  0.0208708 0.00763969   0.730228
0.0180997 0.0146424      0.73  0.0208865 0.00766049   0.730231
0.0181023 0.0146472      0.73  0.0209021 0.00768131   0.730233
0.0181049  0.014652      0.73  0.0209178 0.00770215   0.730236
0.0181075 0.0146567      0.73 0.0209334  0.007723  0.730238
  0.01811 0.0146614      0.73  0.0209489 0.00774387   0.730241
0.0181125  0.014666      0.73  0.0209645 0.00776476   0.730243
 0.018115 0.0146706      0.73    0.02098 0.00778566   0.730246
0.0181175 0.0146752      0.73  0.0209955 0.00780658   0.730249
0.0181199 0.0146796      0.73   0.021011 0.00782752   0.730251
0.0181223 0.0146841      0.73  0.0210264 0.00784847   0.730254
0.0181247 0.0146885      0.73  0.0210419 0.00786943   0.730256
0.0181271 0.0146928      0.73  0.0210573 0.00789042   0.730259
0.0181294 0.0146971      0.73  0.0210726 0.00791141   0.730261
0.0181317 0.0147014      0.73   0.021088 0.00793242   0.730263
 0.018134 0.0147056      0.73  0.0211033 0.00795344   0.730266
0.0181362 0.0147098      0.73  0.0211186 0.00797448   0.730268
0.0181385 0.0147139      0.73  0.0211339 0.00799553   0.730271
0.0181407 0.0147179      0.73 0.0211491 0.0080166  0.730273
0.0181428  0.014722      0.73  0.0211643 0.00803767   0.730276
 0.018145 0.0147259      0.73  0.0211795 0.00805877   0.730278
0.0181471 0.0147299      0.73  0.0211946 0.00807988   0.730281
0.0181492 0.0147337      0.73 0.0212098  0.008101  0.730283
0.0181513 0.0147376      0.73  0.0212249 0.00812214   0.730285
0.0181534 0.0147414      0.73    0.02124 0.00814329   0.730288
0.0181554 0.0147451      0.73   0.021255 0.00816445    0.73029
0.0181574 0.0147488      0.73    0.02127 0.00818563   0.730293
0.0181594 0.0147525      0.73   0.021285 0.00820682   0.730295
0.0181613 0.0147561      0.73     0.0213 0.00822802   0.730297
0.0181633 0.0147596      0.73  0.0213149 0.00824924     0.7303
0.0181652 0.0147632      0.73  0.0213298 0.00827047   0.730302
 0.018167 0.0147666      0.73  0.0213447 0.00829171   0.730305
0.0181689 0.0147701      0.73  0.0213596 0.00831297   0.730307
0.0181707 0.0147735      0.73  0.0213744 0.00833424   0.730309
0.0181725 0.0147768      0.73  0.0213892 0.00835552   0.730312
0.0181743 0.0147801      0.73   0.021404 0.00837681   0.730314
0.0181761 0.0147834      0.73  0.0214187 0.00839812   0.730316
0.0181778 0.0147866      0.73  0.0214334 0.00841945   0.730318
0.0181796 0.0147897      0.73  0.0214481 0.00844078   0.730321
0.0181812 0.0147929      0.73  0.0214628 0.00846213   0.730323
0.0181829 0.0147959      0.73  0.0214774 0.00848349   0.730325
0.0181846  0.014799      0.73   0.021492 0.00850486   0.730328
0.0181862  0.014802      0.73  0.0215065 0.00852625    0.73033
0.0181878 0.0148049      0.73  0.0215211 0.00854764   0.730332
0.0181894 0.0148079      0.73  0.0215356 0.00856906   0.730334
0.0181909 0.0148107      0.73  0.0215501 0.00859048   0.730337
0.0181925 0.0148136      0.73  0.0215645 0.00861191   0.730339
 0.018194 0.0148163      0.73  0.0215789 0.00863336   0.730341
0.0181955 0.0148191      0.73  0.0215933 0.00865482   0.730343
0.0181969 0.0148218      0.73 0.0216077 0.0086763  0.730346
0.0181984 0.0148245      0.73   0.021622 0.00869778   0.730348
0.0181998 0.0148271      0.73  0.0216363 0.00871928    0.73035
0.0182012 0.0148297      0.73  0.0216506 0.00874079   0.730352
0.0182026 0.0148322      0.73  0.0216648 0.00876231   0.730354
0.0182039 0.0148347      0.73   0.021679 0.00878384   0.730356
0.0182053 0.0148372      0.73  0.0216932 0.00880539   0.730359
0.0182066 0.0148396      0.73  0.0217073 0.00882694   0.730361
0.0182079  0.014842      0.73  0.0217214 0.00884851   0.730363
0.0182091 0.0148444      0.73  0.0217355 0.00887009   0.730365
0.0182104 0.0148467      0.73  0.0217495 0.00889168   0.730367
0.0182116 0.0148489      0.73  0.0217636 0.00891328   0.730369
0.0182128 0.0148512      0.73  0.0217775 0.00893489   0.730371
 0.018214 0.0148534      0.73  0.0217915 0.00895651   0.730373
0.0182152 0.0148555      0.73  0.0218054 0.00897815   0.730376
0.0182163 0.0148577      0.73  0.0218193 0.00899979   0.730378
0.0182175 0.0148597      0.73  0.0218332 0.00902145    0.73038
0.0182186 0.0148618      0.73   0.021847 0.00904311   0.730382
0.0182197 0.0148638      0.73  0.0218608 0.00906479   0.730384
0.0182207 0.0148658      0.73  0.0218746 0.00908648   0.730386
0.0182218 0.0148677      0.73  0.0218883 0.00910818   0.730388
0.0182228 0.0148696      0.73   0.021902 0.00912989    0.73039
0.0182238 0.0148715      0.73  0.0219156 0.00915161   0.730392
0.0182248 0.0148733      0.73  0.0219293 0.00917334   0.730394
0.0182258 0.0148751      0.73  0.0219428 0.00919508   0.730396
0.0182268 0.0148769      0.73  0.0219564 0.00921683   0.730398
0.0182277 0.0148786      0.73  0.0219699 0.00923859     0.7304
0.0182286 0.0148803      0.73  0.0219834 0.00926036   0.730402
0.0182295  0.014882      0.73  0.0219969 0.00928214   0.730404
0.0182304 0.0148836      0.73  0.0220103 0.00930393   0.730406
0.0182313 0.0148852      0.73  0.0220237 0.00932573   0.730408
0.0182321 0.0148867      0.73   0.022037 0.00934754    0.73041
0.0182329 0.0148883      0.73  0.0220503 0.00936936   0.730412
0.0182337 0.0148898      0.73  0.0220636 0.00939119   0.730413
0.0182345 0.0148912      0.73  0.0220769 0.00941302   0.730415
0.0182353 0.0148927      0.73  0.0220901 0.00943487   0.730417
0.0182361 0.0148941      0.73  0.0221033 0.00945672   0.730419
0.0182368 0.0148954      0.73  0.0221164 0.00947858   0.730421
0.0182375 0.0148968      0.73  0.0221295 0.00950045   0.730423
0.0182382 0.0148981      0.73  0.0221426 0.00952233   0.730425
0.0182389 0.0148993      0.73  0.0221556 0.00954422   0.730426
0.0182396 0.0149006      0.73  0.0221686 0.00956611   0.730428
0.0182403 0.0149018      0.73  0.0221816 0.00958801    0.73043
0.0182409  0.014903      0.73  0.0221945 0.00960992   0.730432
0.0182415 0.0149042      0.73  0.0222074 0.00963183   0.730433
0.0182421 0.0149053      0.73  0.0222203 0.00965376   0.730435
0.0182427 0.0149064      0.73  0.0222331 0.00967569   0.730437
0.0182433 0.0149075      0.73  0.0222459 0.00969763   0.730439
0.0182439 0.0149085      0.73  0.0222586 0.00971957    0.73044
0.0182444 0.0149095      0.73  0.0222714 0.00974152   0.730442
 0.018245 0.0149105      0.73   0.022284 0.00976348   0.730444
0.0182455 0.0149115      0.73  0.0222967 0.00978545   0.730445
 0.018246 0.0149124      0.73  0.0223093 0.00980742   0.730447
0.0182465 0.0149133      0.73 0.0223219 0.0098294  0.730449
 0.018247 0.0149142      0.73  0.0223344 0.00985139    0.73045
0.0182474 0.0149151      0.73  0.0223469 0.00987338   0.730452
0.0182479 0.0149159      0.73  0.0223594 0.00989537   0.730454
0.0182483 0.0149167      0.73  0.0223718 0.00991738   0.730455
0.0182488 0.0149175      0.73  0.0223842 0.00993939   0.730457
0.0182492 0.0149183      0.73 0.0223966 0.0099614  0.730459
0.0182496  0.014919      0.73  0.0224089 0.00998342    0.73046
  0.01825 0.0149197      0.73 0.0224212 0.0100054  0.730462
0.0182503 0.0149204      0.73 0.0224334 0.0100275  0.730463
0.0182507 0.0149211      0.73 0.0224457 0.0100495  0.730465
0.0182511 0.0149217      0.73 0.0224578 0.0100716  0.730466
0.0182514 0.0149224      0.73   0.02247 0.0100936  0.730468
0.0182517  0.014923      0.73 0.0224821 0.0101157  0.730469
 0.018252 0.0149236      0.73 0.0224942 0.0101377  0.730471
0.0182524 0.0149241      0.73 0.0225062 0.0101598  0.730472
0.0182526 0.0149247      0.73 0.0225182 0.0101819  0.730474
0.0182529 0.0149252      0.73 0.0225302 0.0102039  0.730475
0.0182532 0.0149257      0.73 0.0225421  0.010226  0.730477
0.0182535 0.0149262      0.73  0.022554 0.0102481  0.730478
0.0182537 0.0149267      0.73 0.0225659 0.0102702   0.73048
 0.018254 0.0149271      0.73 0.0225777 0.0102923  0.730481
0.0182542 0.0149275      0.73 0.0225896 0.0103144  0.730483
0.0182544  0.014928      0.73 0.0226014 0.0103365  0.730484
0.0182546 0.0149284      0.73 0.0226131 0.0103586  0.730485
0.0182548 0.0149287      0.73 0.0226249 0.0103807  0.730487
 0.018255 0.0149291      0.73 0.0226367 0.0104028  0.730488
0.0182552 0.0149295      0.73 0.0226484 0.0104249  0.730489
0.0182554 0.0149298      0.73 0.0226601  0.010447  0.730491
0.0182556 0.0149301      0.73 0.0226718 0.0104692  0.730492
0.0182558 0.0149304      0.73 0.0226834 0.0104913  0.730493
0.0182559 0.0149307      0.73 0.0226951 0.0105134  0.730495
0.0182561  0.014931      0.73 0.0227067 0.0105355  0.730496
0.0182562 0.0149313      0.73 0.0227183 0.0105577  0.730497
0.0182563 0.0149315      0.73 0.0227299 0.0105798  0.730498
0.0182565 0.0149317      0.73 0.0227415 0.0106019  0.730499
0.0182566  0.014932      0.73 0.0227531 0.0106241  0.730501
0.0182567 0.0149322      0.73 0.0227646 0.0106462  0.730502
0.0182568 0.0149324      0.73 0.0227761 0.0106683  0.730503
0.0182569 0.0149326      0.73 0.0227876 0.0106905  0.730504
 0.018257 0.0149328      0.73  0.022799 0.0107126  0.730505
0.0182571 0.0149329      0.73 0.0228105 0.0107348  0.730506
0.0182572 0.0149331      0.73 0.0228219 0.0107569  0.730508
0.0182573 0.0149333      0.73 0.0228333 0.0107791  0.730509
0.0182574 0.0149334      0.73 0.0228446 0.0108012   0.73051
0.0182575 0.0149336      0.73  0.022856 0.0108234  0.730511
0.0182575 0.0149337      0.73 0.0228673 0.0108455  0.730512
0.0182576 0.0149338      0.73 0.0228786 0.0108677  0.730513
0.0182577 0.0149339      0.73 0.0228898 0.0108899  0.730514
0.0182577 0.0149341      0.73  0.022901 0.0109121  0.730515
0.0182578 0.0149342      0.73 0.0229122 0.0109342  0.730516
0.0182578 0.0149343      0.73 0.0229234 0.0109564  0.730517
0.0182579 0.0149344      0.73 0.0229345 0.0109786  0.730518
 0.018258 0.0149345      0.73 0.0229456 0.0110008  0.730519
 0.018258 0.0149346      0.73 0.0229567  0.011023   0.73052
0.0182581 0.0149347      0.73 0.0229677 0.0110452  0.730521
0.0182581 0.0149347      0.73 0.0229787 0.0110674  0.730522
0.0182581 0.0149348      0.73 0.0229897 0.0110895  0.730523
0.0182582 0.0149349      0.73 0.0230006 0.0111118  0.730524
0.0182582  0.014935      0.73 0.0230115  0.011134  0.730525
 0.0229311 -0.0913448       0.73  0.0229311 -0.0913448   0.730654
 0.0229311 -0.0913448       0.73  0.0229415 -0.0913228   0.730655
 0.0229311 -0.0913448       0.73 0.0229522   -0.0913  0.730656
 0.0229311 -0.0913448       0.73  0.0229627 -0.0912776   0.730656
 0.0229311 -0.0913448       0.73  0.0229732 -0.0912552   0.730657
 0.0229311 -0.0913448       0.73  0.0229836 -0.0912328   0.730657
 0.0229311 -0.0913448       0.73   0.022994 -0.0912103   0.730658
 0.0229312 -0.0913448       0.73  0.0230044 -0.0911879   0.730659
 0.0229312 -0.0913449       0.73  0.0230147 -0.0911654   0.730659
 0.0229313 -0.0913449       0.73   0.023025 -0.0911429    0.73066
 0.0229313 -0.0913449       0.73  0.0230353 -0.0911204    0.73066
 0.0229314 -0.0913449       0.73  0.0230455 -0.0910978   0.730661
 0.0229315 -0.0913449       0.73  0.0230557 -0.0910752   0.730661
 0.0229317 -0.0913449       0.73  0.0230658 -0.0910526   0.730662
 0.0229318 -0.0913449       0.73 0.0230759  -0.09103  0.730663
  0.022932 -0.0913449       0.73   0.023086 -0.0910073   0.730663
 0.0229322 -0.0913449       0.73   0.023096 -0.0909846   0.730664
 0.0229324 -0.0913449       0.73   0.023106 -0.0909618   0.730664
0.0229327 -0.091345      0.73 0.0231159 -0.090939  0.730665
 0.022933 -0.091345      0.73  0.0231258 -0.0909161   0.730665
0.0229333 -0.091345      0.73  0.0231357 -0.0908932   0.730666
0.0229337 -0.091345      0.73  0.0231455 -0.0908703   0.730666
 0.0229341 -0.0913451       0.73  0.0231553 -0.0908473   0.730667
 0.0229345 -0.0913451       0.73   0.023165 -0.0908242   0.730667
 0.0229349 -0.0913451       0.73  0.0231748 -0.0908011   0.730668
 0.0229355 -0.0913452       0.73  0.0231845 -0.0907779   0.730668
  0.022936 -0.0913452       0.73  0.0231941 -0.0907547   0.730668
 0.0229366 -0.0913453       0.73  0.0232038 -0.0907314   0.730669
 0.0229372 -0.0913453       0.73 0.0232134 -0.090708  0.730669
 0.0229379 -0.0913454       0.73   0.023223 -0.0906845   0.730669
 0.0229387 -0.0913454       0.73 0.0232325 -0.090661  0.730669
 0.0229394 -0.0913455       0.73  0.0232421 -0.0906374    0.73067
 0.0229403 -0.0913455       0.73  0.0232516 -0.0906138    0.73067
 0.0229412 -0.0913456       0.73 0.0232611  -0.09059   0.73067
 0.0229421 -0.0913457       0.73  0.0232706 -0.0905662    0.73067
 0.0229431 -0.0913458       0.73    0.02328 -0.0905423    0.73067
 0.0229442 -0.0913458       0.73  0.0232894 -0.0905183   0.730669
 0.0229453 -0.0913459       0.73  0.0232988 -0.0904942   0.730669
0.0229465 -0.091346      0.73  0.0233082 -0.0904701   0.730669
 0.0229477 -0.0913461       0.73  0.0233175 -0.0904459   0.730669
  0.022949 -0.0913462       0.73  0.0233268 -0.0904216   0.730669
 0.0229504 -0.0913463       0.73   0.023336 -0.0903972   0.730668
 0.0229518 -0.0913464       0.73  0.0233453 -0.0903727   0.730668
 0.0229533 -0.0913465       0.73  0.0233544 -0.0903481   0.730668
 0.0229549 -0.0913467       0.73  0.0233636 -0.0903235   0.730667
 0.0229565 -0.0913468       0.73  0.0233727 -0.0902988   0.730667
 0.0229583 -0.0913469       0.73  0.0233818 -0.0902741   0.730666
 0.0229601 -0.0913471       0.73  0.0233908 -0.0902492   0.730666
 0.0229619 -0.0913472       0.73  0.0233998 -0.0902244   0.730666
 0.0229639 -0.0913473       0.73  0.0234088 -0.0901994   0.730665
 0.0229659 -0.0913475       0.73  0.0234177 -0.0901744   0.730665
  0.022968 -0.0913477       0.73  0.0234266 -0.0901493   0.730664
 0.0229702 -0.0913478       0.73  0.0234355 -0.0901242   0.730664
0.0229724 -0.091348      0.73 0.0234444 -0.090099  0.730663
 0.0229748 -0.0913482       0.73  0.0234532 -0.0900738   0.730663
 0.0229772 -0.0913484       0.73   0.023462 -0.0900485   0.730662
 0.0229797 -0.0913486       0.73  0.0234708 -0.0900232   0.730661
 0.0229824 -0.0913488       0.73  0.0234796 -0.0899979   0.730661
0.0229851 -0.091349      0.73  0.0234884 -0.0899725    0.73066
 0.0229878 -0.0913492       0.73  0.0234971 -0.0899471    0.73066
 0.0229907 -0.0913494       0.73  0.0235059 -0.0899217   0.730659
 0.0229937 -0.0913496       0.73  0.0235146 -0.0898963   0.730658
 0.0229968 -0.0913499       0.73  0.0235233 -0.0898709   0.730658
 0.0229999 -0.0913501       0.73   0.023532 -0.0898454   0.730657
 0.0230032 -0.0913504       0.73  0.0235407 -0.0898199   0.730656
 0.0230066 -0.0913506       0.73  0.0235494 -0.0897945   0.730656
   0.02301 -0.0913509       0.73 0.0235581 -0.089769  0.730655
 0.0230136 -0.0913511       0.73  0.0235668 -0.0897435   0.730654
 0.0230173 -0.0913514       0.73  0.0235755 -0.0897181   0.730653
  0.023021 -0.0913517       0.73  0.0235842 -0.0896926   0.730653
0.0230249 -0.091352      0.73  0.0235929 -0.0896672   0.730652
 0.0230289 -0.0913523       0.73  0.0236016 -0.0896418   0.730651
  0.023033 -0.0913526       0.73  0.0236103 -0.0896164    0.73065
 0.0230372 -0.0913529       0.73  0.0236191 -0.0895911   0.730649
 0.0230415 -0.0913533       0.73  0.0236278 -0.0895657   0.730649
 0.0230459 -0.0913536       0.73  0.0236365 -0.0895404   0.730648
0.0230504 -0.091354      0.73  0.0236453 -0.0895152   0.730647
 0.0230551 -0.0913543       0.73 0.0236541  -0.08949  0.730646
 0.0230598 -0.0913547       0.73  0.0236628 -0.0894648   0.730645
 0.0230647 -0.0913551       0.73  0.0236716 -0.0894396   0.730644
 0.0230697 -0.0913554       0.73  0.0236804 -0.0894145   0.730643
 0.0230748 -0.0913558       0.73  0.0236893 -0.0893895   0.730642
 0.0230801 -0.0913562       0.73  0.0236981 -0.0893645   0.730641
 0.0230854 -0.0913566       0.73   0.023707 -0.0893396    0.73064
 0.0230909 -0.0913571       0.73   0.023716 -0.0893147   0.730639
 0.0230965 -0.0913575       0.73  0.0237249 -0.0892899   0.730638
 0.0231022 -0.0913579       0.73  0.0237339 -0.0892651   0.730637
 0.0231081 -0.0913584       0.73   0.023743 -0.0892404   0.730636
  0.023114 -0.0913588       0.73   0.023752 -0.0892158   0.730635
 0.0231201 -0.0913593       0.73  0.0237612 -0.0891912   0.730634
 0.0231264 -0.0913598       0.73  0.0237703 -0.0891666   0.730632
 0.0231327 -0.0913603       0.73  0.0237795 -0.0891421   0.730631
 0.0231392 -0.0913607       0.73  0.0237887 -0.0891176    0.73063
 0.0231459 -0.0913613       0.73  0.0237979 -0.0890932   0.730629
 0.0231526 -0.0913618       0.73  0.0238072 -0.0890688   0.730627
 0.0231595 -0.0913623       0.73  0.0238165 -0.0890444   0.730626
 0.0231666 -0.0913628       0.73 0.0238258  -0.08902  0.730624
 0.0231737 -0.0913634       0.73   0.023835 -0.0889957   0.730623
  0.023181 -0.0913639       0.73  0.0238443 -0.0889714   0.730621
 0.0231885 -0.0913645       0.73  0.0238535 -0.0889472   0.730619
 0.0231961 -0.0913651       0.73 0.0238627 -0.088923  0.730617
 0.0232038 -0.0913657       0.73  0.0238718 -0.0888989   0.730615
 0.0232116 -0.0913663       0.73   0.023881 -0.0888749   0.730613
 0.0232197 -0.0913669       0.73    0.02389 -0.0888508   0.730611
 0.0232278 -0.0913675       0.73  0.0238991 -0.0888269   0.730608
 0.0232361 -0.0913681       0.73  0.0239081 -0.0888029   0.730606
 0.0232445 -0.0913688       0.73  0.0239172 -0.0887791   0.730604
 0.0232531 -0.0913695       0.73  0.0239262 -0.0887553   0.730602
 0.0232619 -0.0913701       0.73  0.0239352 -0.0887315     0.7306
 0.0232708 -0.0913708       0.73  0.0239443 -0.0887078   0.730597
 0.0232798 -0.0913715       0.73  0.0239533 -0.0886841   0.730595
  0.023289 -0.0913722       0.73  0.0239624 -0.0886606   0.730593
 0.0232983 -0.0913729       0.73 0.0239714 -0.088637  0.730591
 0.0233078 -0.0913736       0.73  0.0239805 -0.0886136   0.730589
 0.0233175 -0.0913744       0.73  0.0239896 -0.0885902   0.730587
 0.0233273 -0.0913751       0.73  0.0239988 -0.0885669   0.730585
 0.0233372 -0.0913759       0.73   0.024008 -0.0885438   0.730583
 0.0233474 -0.0913767       0.73  0.0240173 -0.0885206   0.730581
 0.0233576 -0.0913774       0.73  0.0240266 -0.0884977   0.730579
 0.0233681 -0.0913782       0.73   0.024036 -0.0884748   0.730578
0.0233786 -0.091379      0.73  0.0240455 -0.0884521   0.730576
 0.0233894 -0.0913799       0.73  0.0240551 -0.0884296   0.730575
 0.0234003 -0.0913807       0.73  0.0240648 -0.0884073   0.730573
 0.0234114 -0.0913815       0.73  0.0240746 -0.0883851   0.730572
 0.0234226 -0.0913824       0.73  0.0240845 -0.0883632    0.73057
  0.023434 -0.0913833       0.73  0.0240946 -0.0883415   0.730569
 0.0234456 -0.0913842       0.73 0.0241047  -0.08832  0.730568
 0.0234573 -0.0913851       0.73   0.024115 -0.0882989   0.730567
0.0234692 -0.091386      0.73  0.0241254 -0.0882779   0.730566
 0.0234813 -0.0913869       0.73  0.0241359 -0.0882573   0.730565
 0.0234935 -0.0913878       0.73  0.0241465 -0.0882369   0.730564
 0.0235059 -0.0913888       0.73  0.0241573 -0.0882169   0.730563
 0.0235185 -0.0913897       0.73  0.0241682 -0.0881971   0.730562
 0.0235312 -0.0913907       0.73  0.0241792 -0.0881776   0.730562
 0.0235441 -0.0913917       0.73  0.0241903 -0.0881585   0.730561
 0.0235572 -0.0913927       0.73  0.0242016 -0.0881396   0.730561
 0.0235705 -0.0913937       0.73  0.0242129 -0.0881211   0.730561
 0.0235839 -0.0913947       0.73  0.0242244 -0.0881029   0.730561
 0.0235975 -0.0913958       0.73  0.024236 -0.088085  0.730561
 0.0236113 -0.0913968       0.73  0.0242476 -0.0880674   0.730561
 0.0236253 -0.0913979       0.73  0.0242594 -0.0880501   0.730561
0.0236394 -0.091399      0.73  0.0242712 -0.0880331   0.730562
 0.0236537 -0.0914001       0.73  0.0242831 -0.0880164   0.730562
 0.0236682 -0.0914012       0.73 0.0242951    -0.088  0.730563
 0.0236829 -0.0914023       0.73  0.0243072 -0.0879839   0.730564
 0.0236977 -0.0914034       0.73  0.0243193 -0.0879681   0.730565
 0.0237127 -0.0914046       0.73  0.0243315 -0.0879525   0.730566
  0.023728 -0.0914057       0.73  0.0243438 -0.0879372   0.730567
 0.0237433 -0.0914069       0.73  0.0243561 -0.0879221   0.730568
 0.0237589 -0.0914081       0.73  0.0243685 -0.0879073   0.730569
 0.0237747 -0.0914093       0.73   0.024381 -0.0878927   0.730571
 0.0237906 -0.0914105       0.73  0.0243934 -0.0878784   0.730572
 0.0238067 -0.0914118       0.73   0.024406 -0.0878642   0.730574
 0.023823 -0.091413      0.73  0.0244186 -0.0878503   0.730576
 0.0238395 -0.0914143       0.73  0.0244312 -0.0878366   0.730578
 0.0238562 -0.0914155       0.73  0.0244438 -0.0878231    0.73058
 0.0238731 -0.0914168       0.73  0.0244565 -0.0878097   0.730582
 0.0238901 -0.0914181       0.73  0.0244692 -0.0877966   0.730584
 0.0239074 -0.0914194       0.73  0.0244819 -0.0877836   0.730586
 0.0239248 -0.0914208       0.73  0.0244947 -0.0877709   0.730589
 0.0239424 -0.0914221       0.73  0.0245075 -0.0877582   0.730591
 0.0239602 -0.0914235       0.73  0.0245203 -0.0877458   0.730594
 0.0239782 -0.0914249       0.73  0.0245331 -0.0877335   0.730596
 0.0239964 -0.0914262       0.73   0.024546 -0.0877214   0.730599
 0.0240148 -0.0914277       0.73  0.0245588 -0.0877094   0.730602
 0.0240334 -0.0914291       0.73  0.0245717 -0.0876976   0.730605
 0.0240521 -0.0914305       0.73 0.0245845 -0.087686  0.730607
0.0240711 -0.091432      0.73  0.0245974 -0.0876745    0.73061
 0.0240902 -0.0914334       0.73  0.0246103 -0.0876631   0.730614
 0.0241096 -0.0914349       0.73  0.0246232 -0.0876519   0.730617
 0.0241291 -0.0914364       0.73  0.0246361 -0.0876408    0.73062
 0.0241488 -0.0914379       0.73   0.024649 -0.0876299   0.730623
 0.0241687 -0.0914394       0.73 0.0246619 -0.087619  0.730626
0.0241889 -0.091441      0.73  0.0246748 -0.0876084    0.73063
 0.0242092 -0.0914425       0.73  0.0246877 -0.0875978   0.730633
 0.0242297 -0.0914441       0.73  0.0247006 -0.0875874   0.730637
 0.0242504 -0.0914457       0.73  0.0247135 -0.0875771    0.73064
 0.0242713 -0.0914472       0.73  0.0247264 -0.0875669   0.730644
 0.0242924 -0.0914489       0.73  0.0247393 -0.0875569   0.730648
 0.0243137 -0.0914505       0.73  0.0247522 -0.0875469   0.730652
 0.0243352 -0.0914521       0.73   0.024765 -0.0875371   0.730655
 0.0243568 -0.0914538       0.73  0.0247779 -0.0875274   0.730659
 0.0243787 -0.0914555       0.73  0.0247907 -0.0875179   0.730663
 0.0244008 -0.0914571       0.73  0.0248035 -0.0875084   0.730667
 0.0244231 -0.0914588       0.73  0.0248164 -0.0874991   0.730671
 0.0244456 -0.0914606       0.73  0.0248292 -0.0874899   0.730675
 0.0244682 -0.0914623       0.73  0.0248419 -0.0874808   0.730679
0.0244911 -0.091464      0.73  0.0248547 -0.0874718   0.730683
 0.0245142 -0.0914658       0.73  0.0248675 -0.0874629   0.730687
 0.0245375 -0.0914676       0.73  0.0248802 -0.0874541   0.730692
 0.0245609 -0.0914694       0.73  0.0248929 -0.0874454   0.730696
 0.0245846 -0.0914712       0.73  0.0249057 -0.0874369     0.7307
0.0246085 -0.091473      0.73  0.0249184 -0.0874284   0.730704
 0.0246325 -0.0914749       0.73   0.024931 -0.0874201   0.730709
 0.0246568 -0.0914767       0.73  0.0249437 -0.0874119   0.730713
 0.0246813 -0.0914786       0.73  0.0249564 -0.0874037   0.730717
 0.0247059 -0.0914805       0.73   0.024969 -0.0873957   0.730722
 0.0247308 -0.0914824       0.73  0.0249816 -0.0873878   0.730726
 0.0247559 -0.0914843       0.73 0.0249942  -0.08738  0.730731
 0.0247811 -0.0914862       0.73  0.0250068 -0.0873723   0.730735
 0.0248066 -0.0914882       0.73  0.0250194 -0.0873648    0.73074
 0.0248322 -0.0914901       0.73   0.025032 -0.0873573   0.730745
 0.0248581 -0.0914921       0.73  0.0250446 -0.0873499   0.730749
 0.0248842 -0.0914941       0.73  0.0250572 -0.0873426   0.730754
 0.0249104 -0.0914961       0.73  0.0250698 -0.0873355   0.730759
 0.0249369 -0.0914981       0.73  0.0250823 -0.0873284   0.730764
 0.0249635 -0.0915001       0.73  0.0250949 -0.0873215   0.730769
 0.0249904 -0.0915022       0.73  0.0251075 -0.0873146   0.730774
 0.0250175 -0.0915043       0.73  0.0251201 -0.0873079   0.730779
 0.0250447 -0.0915063       0.73  0.0251327 -0.0873012   0.730784
 0.0250722 -0.0915084       0.73  0.0251453 -0.0872947   0.730789
 0.0250998 -0.0915106       0.73  0.0251579 -0.0872883   0.730794
 0.0251277 -0.0915127       0.73 0.0251705 -0.087282  0.730799
 0.0251557 -0.0915148       0.73  0.0251832 -0.0872758   0.730805
 0.025184 -0.091517      0.73  0.0251958 -0.0872697    0.73081
 0.0252124 -0.0915192       0.73  0.0252084 -0.0872638   0.730815
  0.025241 -0.0915214       0.73 0.0252211 -0.087258  0.730821
 0.0252699 -0.0915236       0.73  0.0252337 -0.0872523   0.730826
 0.0252989 -0.0915258       0.73  0.0252464 -0.0872467   0.730831
0.0253281 -0.091528      0.73  0.0252591 -0.0872412   0.730837
 0.0253576 -0.0915303       0.73  0.0252718 -0.0872358   0.730842
 0.0253872 -0.0915325       0.73  0.0252845 -0.0872306   0.730848
  0.025417 -0.0915348       0.73  0.0252972 -0.0872255   0.730853
  0.025447 -0.0915371       0.73  0.0253099 -0.0872205   0.730859
 0.0254772 -0.0915394       0.73  0.0253227 -0.0872156   0.730864
 0.0255076 -0.0915417       0.73  0.0253354 -0.0872109    0.73087
 0.0255382 -0.0915441       0.73  0.0253482 -0.0872062   0.730875
  0.025569 -0.0915464       0.73   0.025361 -0.0872017   0.730881
    0.0256 -0.0915488       0.73  0.0253738 -0.0871973   0.730886
 0.0256312 -0.0915512       0.73 0.0253866 -0.087193  0.730892
 0.0256626 -0.0915536       0.73  0.0253994 -0.0871888   0.730897
0.0256941 -0.091556      0.73  0.0254123 -0.0871848   0.730903
 0.0257259 -0.0915584       0.73  0.0254251 -0.0871809   0.730908
 0.0257579 -0.0915608       0.73  0.025438 -0.087177  0.730914
   0.02579 -0.0915633       0.73  0.0254509 -0.0871733   0.730919
 0.0258224 -0.0915658       0.73  0.0254638 -0.0871698   0.730925
 0.0258549 -0.0915683       0.73  0.0254767 -0.0871663    0.73093
 0.0258876 -0.0915708       0.73 0.0254896 -0.087163  0.730936
 0.0259206 -0.0915733       0.73  0.0255026 -0.0871597   0.730941
 0.0259537 -0.0915758       0.73  0.0255155 -0.0871566   0.730947
  0.025987 -0.0915784       0.73  0.0255285 -0.0871536   0.730952
 0.0260205 -0.0915809       0.73  0.0255415 -0.0871508   0.730958
 0.0260542 -0.0915835       0.73 0.0255545 -0.087148  0.730963
 0.0260881 -0.0915861       0.73  0.0255676 -0.0871454   0.730968
 0.0261221 -0.0915887       0.73  0.0255806 -0.0871428   0.730974
 0.0261564 -0.0915913       0.73  0.0255937 -0.0871404   0.730979
 0.0261909 -0.0915939       0.73  0.0256068 -0.0871381   0.730984
 0.0262255 -0.0915966       0.73  0.0256199 -0.0871359    0.73099
 0.0262603 -0.0915992       0.73  0.0256331 -0.0871338   0.730995
 0.0262954 -0.0916019       0.73  0.0256462 -0.0871318      0.731
 0.0263306 -0.0916046       0.73  0.0256594 -0.0871299   0.731005
  0.026366 -0.0916073       0.73  0.0256726 -0.0871281    0.73101
0.0264016  -0.09161      0.73  0.0256858 -0.0871264   0.731015
 0.0264374 -0.0916128       0.73  0.0256991 -0.0871248    0.73102
 0.0264734 -0.0916155       0.73  0.0257123 -0.0871233   0.731025
 0.0265096 -0.0916183       0.73  0.0257256 -0.0871218    0.73103
 0.0265459 -0.0916211       0.73  0.0257389 -0.0871204   0.731035
 0.0265825 -0.0916239       0.73  0.0257522 -0.0871191    0.73104
 0.0266193 -0.0916267       0.73  0.0257656 -0.0871179   0.731045
 0.0266562 -0.0916295       0.73   0.025779 -0.0871168    0.73105
 0.0266933 -0.0916323       0.73  0.0257924 -0.0871157   0.731055
 0.0267307 -0.0916352       0.73  0.0258058 -0.0871147   0.731059
0.0267682 -0.091638      0.73  0.0258192 -0.0871138   0.731064
 0.0268059 -0.0916409       0.73  0.0258327 -0.0871129   0.731069
 0.0268438 -0.0916438       0.73  0.0258462 -0.0871121   0.731073
 0.0268819 -0.0916467       0.73  0.0258597 -0.0871114   0.731078
 0.0269202 -0.0916497       0.73  0.0258733 -0.0871107   0.731082
 0.0269586 -0.0916526       0.73  0.0258868 -0.0871101   0.731087
 0.0269973 -0.0916556       0.73  0.0259004 -0.0871096   0.731091
 0.0270362 -0.0916585       0.73  0.0259141 -0.0871092   0.731096
 0.0270752 -0.0916615       0.73  0.0259277 -0.0871088     0.7311
 0.0271145 -0.0916645       0.73  0.0259414 -0.0871084   0.731104
 0.0271539 -0.0916675       0.73  0.0259551 -0.0871082   0.731108
 0.0271935 -0.0916705       0.73 0.0259688 -0.087108  0.731113
 0.0272334 -0.0916736       0.73  0.0259826 -0.0871079   0.731117
 0.0272734 -0.0916766       0.73  0.0259963 -0.0871079   0.731121
 0.0273136 -0.0916797       0.73 0.0260102 -0.087108  0.731125
  0.027354 -0.0916828       0.73   0.026024 -0.0871081   0.731129
 0.0273946 -0.0916859       0.73  0.0260379 -0.0871084   0.731133
0.0274354 -0.091689      0.73  0.0260518 -0.0871088   0.731137
 0.0274764 -0.0916922       0.73  0.0260657 -0.0871092   0.731141
 0.0275176 -0.0916953       0.73  0.0260796 -0.0871098   0.731145
 0.0275589 -0.0916985       0.73  0.0260936 -0.0871104   0.731148
 0.0276005 -0.0917016       0.73  0.0261076 -0.0871112   0.731152
 0.0276423 -0.0917048       0.73  0.0261217 -0.0871121   0.731156
0.0276842 -0.091708      0.73  0.0261357 -0.0871131   0.731159
 0.0277264 -0.0917113       0.73  0.0261499 -0.0871142   0.731163
 0.0277687 -0.0917145       0.73   0.026164 -0.0871154   0.731167
 0.0278113 -0.0917178       0.73  0.0261782 -0.0871168    0.73117
 0.027854 -0.091721      0.73  0.0261924 -0.0871182   0.731174
  0.027897 -0.0917243       0.73  0.0262066 -0.0871197   0.731177
 0.0279401 -0.0917276       0.73  0.0262208 -0.0871213    0.73118
 0.0279835 -0.0917309       0.73  0.0262351 -0.0871231   0.731184
  0.028027 -0.0917342       0.73  0.0262495 -0.0871249   0.731187
 0.0280707 -0.0917376       0.73  0.0262638 -0.0871268    0.73119
 0.0281146 -0.0917409       0.73  0.0262782 -0.0871288   0.731194
 0.0281588 -0.0917443       0.73  0.0262926 -0.0871309   0.731197
 0.0282031 -0.0917477       0.73  0.0263071 -0.0871331     0.7312
 0.0282476 -0.0917511       0.73  0.0263216 -0.0871355   0.731203
 0.0282923 -0.0917545       0.73  0.0263361 -0.0871379   0.731206
 0.0283372 -0.0917579       0.73  0.0263507 -0.0871404   0.731209
 0.0283823 -0.0917614       0.73  0.0263653 -0.0871429   0.731212
 0.0284276 -0.0917648       0.73  0.0263799 -0.0871456   0.731215
 0.0284731 -0.0917683       0.73  0.0263946 -0.0871484   0.731218
 0.0285188 -0.0917718       0.73  0.0264093 -0.0871513    0.73122
 0.0285647 -0.0917753       0.73   0.026424 -0.0871542   0.731223
 0.0286108 -0.0917788       0.73  0.0264388 -0.0871573   0.731226
 0.0286571 -0.0917824       0.73  0.0264536 -0.0871604   0.731229
 0.0287036 -0.0917859       0.73  0.0264684 -0.0871636   0.731231
 0.0287503 -0.0917895       0.73 0.0264833 -0.087167  0.731234
 0.0287972 -0.0917931       0.73  0.0264982 -0.0871704   0.731236
 0.0288443 -0.0917967       0.73  0.0265132 -0.0871739   0.731239
 0.0288916 -0.0918003       0.73  0.0265282 -0.0871774   0.731241
 0.0289391 -0.0918039       0.73  0.0265432 -0.0871811   0.731244
 0.0289868 -0.0918076       0.73  0.0265583 -0.0871849   0.731246
 0.0290346 -0.0918112       0.73  0.0265734 -0.0871887   0.731249
 0.0290827 -0.0918149       0.73  0.0265886 -0.0871927   0.731251
  0.029131 -0.0918186       0.73  0.0266038 -0.0871967   0.731253
 0.0291795 -0.0918223       0.73   0.026619 -0.0872008   0.731255
0.0292281 -0.091826      0.73 0.0266343 -0.087205  0.731257
  0.029277 -0.0918298       0.73  0.0266496 -0.0872092    0.73126
 0.0293261 -0.0918335       0.73   0.026665 -0.0872136   0.731262
 0.0293754 -0.0918373       0.73 0.0266804 -0.087218  0.731264
0.0294248 -0.091841      0.73  0.0266958 -0.0872226   0.731266
 0.0294745 -0.0918448       0.73  0.0267113 -0.0872272   0.731268
 0.0295243 -0.0918486       0.73  0.0267269 -0.0872319    0.73127
 0.0295744 -0.0918525       0.73  0.0267424 -0.0872366   0.731271
 0.0296246 -0.0918563       0.73  0.0267581 -0.0872415   0.731273
 0.0296751 -0.0918602       0.73  0.0267737 -0.0872465   0.731275
0.0297257 -0.091864      0.73  0.0267895 -0.0872515   0.731277
 0.0297766 -0.0918679       0.73  0.0268052 -0.0872566   0.731279
 0.0298276 -0.0918718       0.73   0.026821 -0.0872618    0.73128
 0.0298789 -0.0918757       0.73  0.0268369 -0.0872671   0.731282
 0.0299303 -0.0918797       0.73  0.0268527 -0.0872724   0.731284
 0.0299819 -0.0918836       0.73  0.0268687 -0.0872778   0.731285
 0.0300337 -0.0918876       0.73  0.0268847 -0.0872834   0.731287
 0.0300857 -0.0918915       0.73 0.0269007 -0.087289  0.731288
  0.030138 -0.0918955       0.73  0.0269168 -0.0872946    0.73129
 0.0301904 -0.0918995       0.73  0.0269329 -0.0873004   0.731291
  0.030243 -0.0919036       0.73  0.0269491 -0.0873062   0.731292
 0.0302957 -0.0919076       0.73  0.0269653 -0.0873121   0.731294
 0.0303487 -0.0919116       0.73  0.0269816 -0.0873181   0.731295
 0.0304019 -0.0919157       0.73  0.0269979 -0.0873242   0.731296
 0.0304553 -0.0919198       0.73  0.0270143 -0.0873304   0.731297
 0.0305088 -0.0919239       0.73  0.0270307 -0.0873366   0.731298
0.0305626 -0.091928      0.73  0.0270472 -0.0873429   0.731299
 0.0306165 -0.0919321       0.73  0.0270637 -0.0873493     0.7313
 0.0306707 -0.0919362       0.73  0.0270803 -0.0873558   0.731301
  0.030725 -0.0919404       0.73  0.0270969 -0.0873624   0.731302
 0.0307795 -0.0919446       0.73 0.0271136 -0.087369  0.731303
 0.0308343 -0.0919487       0.73  0.0271303 -0.0873757   0.731304
 0.0308892 -0.0919529       0.73  0.0271471 -0.0873825   0.731305
 0.0309443 -0.0919571       0.73  0.0271639 -0.0873893   0.731306
 0.0309995 -0.0919614       0.73  0.0271808 -0.0873963   0.731307
  0.031055 -0.0919656       0.73  0.0271978 -0.0874033   0.731307
 0.0311107 -0.0919699       0.73  0.0272147 -0.0874104   0.731308
 0.0311665 -0.0919741       0.73  0.0272318 -0.0874176   0.731309
 0.0312226 -0.0919784       0.73  0.0272489 -0.0874248   0.731309
 0.0312788 -0.0919827       0.73   0.027266 -0.0874321    0.73131
0.0313352 -0.091987      0.73  0.0272832 -0.0874395    0.73131
 0.0313918 -0.0919913       0.73 0.0273005 -0.087447  0.731311
 0.0314486 -0.0919957       0.73  0.0273178 -0.0874546   0.731311
0.0315055    -0.092      0.73  0.0273352 -0.0874622   0.731311
 0.0315627 -0.0920044       0.73  0.0273526 -0.0874699   0.731312
   0.03162 -0.0920088       0.73  0.0273701 -0.0874777   0.731312
 0.0316776 -0.0920132       0.73  0.0273877 -0.0874855   0.731312
 0.0317353 -0.0920176       0.73  0.0274053 -0.0874935   0.731312
0.0317932 -0.092022      0.73  0.0274229 -0.0875015   0.731312
 0.0318512 -0.0920265       0.73  0.0274406 -0.0875096   0.731312
 0.0319095 -0.0920309       0.73  0.0274584 -0.0875177   0.731313
 0.0319679 -0.0920354       0.73  0.0274762 -0.0875259   0.731313
 0.0320265 -0.0920398       0.73  0.0274941 -0.0875342   0.731312
 0.0320853 -0.0920443       0.73  0.0275121 -0.0875426   0.731312
 0.0321443 -0.0920488       0.73  0.0275301 -0.0875511   0.731312
 0.0322035 -0.0920534       0.73  0.0275481 -0.0875596   0.731312
 0.0322628 -0.0920579       0.73  0.0275663 -0.0875682   0.731312
 0.0323223 -0.0920625       0.73  0.0275844 -0.0875769   0.731312
 0.032382 -0.092067      0.73  0.0276027 -0.0875856   0.731311
 0.0324419 -0.0920716       0.73   0.027621 -0.0875944   0.731311
  0.032502 -0.0920762       0.73  0.0276393 -0.0876033   0.731311
 0.0325622 -0.0920808       0.73  0.0276578 -0.0876123    0.73131
 0.0326226 -0.0920854       0.73  0.0276763 -0.0876213    0.73131
0.0326832  -0.09209      0.73  0.0276948 -0.0876304   0.731309
  0.032744 -0.0920947       0.73  0.0277134 -0.0876396   0.731309
 0.0328049 -0.0920993       0.73  0.0277321 -0.0876489   0.731308
 0.032866 -0.092104      0.73  0.0277509 -0.0876582   0.731307
 0.0329273 -0.0921087       0.73  0.0277697 -0.0876676   0.731307
 0.0329887 -0.0921134       0.73  0.0277885 -0.0876771   0.731306
 0.0330503 -0.0921181       0.73  0.0278075 -0.0876866   0.731305
 0.0331121 -0.0921228       0.73  0.0278265 -0.0876962   0.731304
 0.0331741 -0.0921275       0.73  0.0278455 -0.0877059   0.731304
 0.0332363 -0.0921323       0.73  0.0278647 -0.0877157   0.731303
0.0332986 -0.092137      0.73  0.0278838 -0.0877255   0.731302
  0.033361 -0.0921418       0.73  0.0279031 -0.0877354   0.731301
 0.0334237 -0.0921466       0.73  0.0279224 -0.0877454     0.7313
 0.0334865 -0.0921514       0.73  0.0279418 -0.0877554   0.731299
 0.0335495 -0.0921562       0.73  0.0279613 -0.0877655   0.731298
0.0336126 -0.092161      0.73  0.0279808 -0.0877757   0.731296
  0.033676 -0.0921659       0.73  0.0280004 -0.0877859   0.731295
 0.0337394 -0.0921707       0.73  0.0280201 -0.0877963   0.731294
 0.0338031 -0.0921756       0.73  0.0280398 -0.0878067   0.731293
 0.0338669 -0.0921805       0.73  0.0280596 -0.0878171   0.731291
 0.0339309 -0.0921854       0.73  0.0280795 -0.0878276    0.73129
  0.033995 -0.0921903       0.73  0.0280994 -0.0878382   0.731289
 0.0340593 -0.0921952       0.73  0.0281194 -0.0878489   0.731287
 0.0341238 -0.0922001       0.73  0.0281395 -0.0878596   0.731286
0.0341884 -0.092205      0.73  0.0281596 -0.0878705   0.731284
0.0342532  -0.09221      0.73  0.0281798 -0.0878813   0.731283
0.0343182 -0.092215      0.73  0.0282001 -0.0878923   0.731281
 0.0343833 -0.0922199       0.73  0.0282205 -0.0879033   0.731279
 0.0344485 -0.0922249       0.73  0.0282409 -0.0879143   0.731278
  0.034514 -0.0922299       0.73  0.0282614 -0.0879255   0.731276
 0.0345796 -0.0922349       0.73   0.028282 -0.0879367   0.731274
0.0346453  -0.09224      0.73 0.0283026 -0.087948  0.731272
0.0347112 -0.092245      0.73  0.0283233 -0.0879593    0.73127
0.0347772  -0.09225      0.73  0.0283442 -0.0879707   0.731268
 0.0348435 -0.0922551       0.73   0.028365 -0.0879822   0.731266
 0.0349098 -0.0922602       0.73  0.0283859 -0.0879938   0.731264
 0.0349763 -0.0922653       0.73   0.028407 -0.0880054   0.731262
  0.035043 -0.0922703       0.73  0.028428 -0.088017   0.73126
 0.0351098 -0.0922755       0.73  0.0284492 -0.0880288   0.731258
 0.0351768 -0.0922806       0.73  0.0284704 -0.0880406   0.731256
 0.0352439 -0.0922857       0.73  0.0284918 -0.0880525   0.731254
 0.0353112 -0.0922908       0.73  0.0285131 -0.0880644   0.731252
0.0353786 -0.092296      0.73  0.0285346 -0.0880764   0.731249
 0.0354462 -0.0923012       0.73  0.0285561 -0.0880885   0.731247
 0.0355139 -0.0923063       0.73  0.0285777 -0.0881006   0.731245
 0.0355818 -0.0923115       0.73  0.0285994 -0.0881128   0.731242
 0.0356498 -0.0923167       0.73  0.0286212 -0.0881251    0.73124
  0.035718 -0.0923219       0.73   0.028643 -0.0881374   0.731237
 0.0357863 -0.0923271       0.73  0.0286649 -0.0881498   0.731235
 0.0358548 -0.0923324       0.73  0.0286869 -0.0881622   0.731232
 0.0359234 -0.0923376       0.73   0.028709 -0.0881747    0.73123
 0.0359921 -0.0923429       0.73  0.0287311 -0.0881873   0.731227
  0.036061 -0.0923481       0.73  0.0287534 -0.0881999   0.731224
   0.03613 -0.0923534       0.73  0.0287756 -0.0882126   0.731222
 0.0361992 -0.0923587       0.73   0.028798 -0.0882254   0.731219
0.0362685 -0.092364      0.73  0.0288205 -0.0882382   0.731216
 0.0363379 -0.0923693       0.73   0.028843 -0.0882511   0.731213
 0.0364075 -0.0923746       0.73 0.0288656 -0.088264   0.73121
 0.0364773 -0.0923799       0.73 0.0288883 -0.088277  0.731207
 0.0365471 -0.0923853       0.73  0.0289111 -0.0882901   0.731204
 0.0366171 -0.0923906       0.73  0.0289339 -0.0883032   0.731201
0.0366873 -0.092396      0.73  0.0289568 -0.0883164   0.731198
 0.0367575 -0.0924014       0.73  0.0289798 -0.0883297   0.731195
  0.036828 -0.0924067       0.73 0.0290029 -0.088343  0.731192
 0.0368985 -0.0924121       0.73   0.029026 -0.0883563   0.731189
 0.0369692 -0.0924175       0.73  0.0290493 -0.0883698   0.731185
   0.03704 -0.0924229       0.73  0.0290726 -0.0883832   0.731182
 0.0371109 -0.0924284       0.73   0.029096 -0.0883968   0.731179
  0.037182 -0.0924338       0.73  0.0291195 -0.0884104   0.731176
 0.0372532 -0.0924392       0.73  0.029143 -0.088424  0.731172
 0.0373245 -0.0924447       0.73  0.0291666 -0.0884377   0.731169
  0.037396 -0.0924501       0.73  0.0291904 -0.0884515   0.731165
 0.0374676 -0.0924556       0.73  0.0292142 -0.0884653   0.731162
 0.0375393 -0.0924611       0.73   0.029238 -0.0884792   0.731158
 0.0376112 -0.0924666       0.73   0.029262 -0.0884931   0.731155
 0.0376831 -0.0924721       0.73   0.029286 -0.0885071   0.731151
 0.0377552 -0.0924776       0.73  0.0293102 -0.0885212   0.731147
 0.0378275 -0.0924831       0.73  0.0293344 -0.0885353   0.731143
 0.0378998 -0.0924886       0.73  0.0293587 -0.0885494    0.73114
 0.0379723 -0.0924942       0.73   0.029383 -0.0885637   0.731136
 0.0380449 -0.0924997       0.73  0.0294075 -0.0885779   0.731132
 0.0381176 -0.0925053       0.73   0.029432 -0.0885922   0.731128
 0.0381904 -0.0925108       0.73  0.0294566 -0.0886066   0.731124
 0.0382634 -0.0925164       0.73 0.0294813 -0.088621   0.73112
0.0383364 -0.092522      0.73  0.0295061 -0.0886355   0.731116
 0.0384096 -0.0925276       0.73   0.029531 -0.0886501   0.731112
 0.0384829 -0.0925332       0.73   0.029556 -0.0886646   0.731108
 0.0385563 -0.0925388       0.73   0.029581 -0.0886793   0.731104
 0.0386299 -0.0925444       0.73 0.0296061 -0.088694    0.7311
 0.0387035 -0.0925501       0.73  0.0296313 -0.0887087   0.731096
 0.0387773 -0.0925557       0.73  0.0296566 -0.0887235   0.731092
 0.0388512 -0.0925613       0.73   0.029682 -0.0887383   0.731088
0.0389252 -0.092567      0.73  0.0297075 -0.0887532   0.731083
 0.0389993 -0.0925727       0.73   0.029733 -0.0887682   0.731079
 0.0390735 -0.0925783       0.73  0.0297587 -0.0887832   0.731075
0.0391479 -0.092584      0.73  0.0297844 -0.0887982   0.731071
 0.0392223 -0.0925897       0.73  0.0298102 -0.0888133   0.731066
 0.0392968 -0.0925954       0.73  0.0298361 -0.0888285   0.731062
 0.0393715 -0.0926011       0.73  0.0298621 -0.0888436   0.731057
 0.0394463 -0.0926068       0.73  0.0298882 -0.0888589   0.731053
 0.0395211 -0.0926125       0.73  0.0299143 -0.0888742   0.731048
 0.0395961 -0.0926183       0.73  0.0299406 -0.0888895   0.731044
0.0396712 -0.092624      0.73  0.0299669 -0.0889049   0.731039
 0.0397464 -0.0926297       0.73  0.0299933 -0.0889203   0.731035
 0.0398217 -0.0926355       0.73  0.0300198 -0.0889358    0.73103
 0.0398971 -0.0926413       0.73  0.0300464 -0.0889513   0.731025
0.0399726 -0.092647      0.73  0.0300731 -0.0889669   0.731021
 0.0400482 -0.0926528       0.73  0.0300999 -0.0889825   0.731016
 0.0401238 -0.0926586       0.73  0.0301268 -0.0889981   0.731011
 0.0401996 -0.0926644       0.73  0.0301537 -0.0890138   0.731007
 0.0402755 -0.0926702       0.73  0.0301808 -0.0890296   0.731002
0.0403515 -0.092676      0.73  0.0302079 -0.0890454   0.730997
 0.0404276 -0.0926818       0.73  0.0302352 -0.0890612   0.730992
 0.0405038 -0.0926876       0.73  0.0302625 -0.0890771   0.730987
 0.0405801 -0.0926934       0.73 0.0302899 -0.089093  0.730983
 0.0406564 -0.0926993       0.73  0.0303174 -0.0891089   0.730978
 0.0407329 -0.0927051       0.73   0.030345 -0.0891249   0.730973
0.0408095 -0.092711      0.73 0.0303727 -0.089141  0.730968
 0.0408861 -0.0927168       0.73  0.0304005 -0.0891571   0.730963
 0.0409629 -0.0927227       0.73  0.0304283 -0.0891732   0.730958
 0.0410397 -0.0927286       0.73  0.0304563 -0.0891894   0.730953
 0.0411166 -0.0927344       0.73  0.0304844 -0.0892056   0.730948
 0.0411936 -0.0927403       0.73  0.0305125 -0.0892218   0.730943
 0.0412707 -0.0927462       0.73  0.0305408 -0.0892381   0.730938
 0.0413479 -0.0927521       0.73  0.0305691 -0.0892545   0.730933
0.0414252 -0.092758      0.73  0.0305975 -0.0892708   0.730928
 0.0415025 -0.0927639       0.73   0.030626 -0.0892872   0.730923
   0.04158 -0.0927699       0.73  0.0306547 -0.0893037   0.730918
 0.0416575 -0.0927758       0.73  0.0306834 -0.0893202   0.730913
 0.0417351 -0.0927817       0.73  0.0307122 -0.0893367   0.730908
 0.0418128 -0.0927876       0.73  0.0307411 -0.0893533   0.730903
 0.0418906 -0.0927936       0.73  0.0307701 -0.0893699   0.730897
 0.0419684 -0.0927995       0.73  0.0307992 -0.0893865   0.730892
 0.0420464 -0.0928055       0.73  0.0308284 -0.0894032   0.730887
 0.0421244 -0.0928115       0.73 0.0308576  -0.08942  0.730882
 0.0422025 -0.0928174       0.73   0.030887 -0.0894367   0.730877
 0.0422806 -0.0928234       0.73  0.0309165 -0.0894535   0.730872
 0.0423589 -0.0928294       0.73   0.030946 -0.0894704   0.730866
 0.0424372 -0.0928354       0.73  0.0309757 -0.0894872   0.730861
 0.0425156 -0.0928413       0.73  0.0310055 -0.0895041   0.730856
  0.042594 -0.0928473       0.73  0.0310353 -0.0895211   0.730851
 0.0426726 -0.0928533       0.73  0.0310653 -0.0895381   0.730845
 0.0427512 -0.0928593       0.73  0.0310953 -0.0895551    0.73084
 0.0428299 -0.0928654       0.73  0.0311255 -0.0895722   0.730835
 0.0429086 -0.0928714       0.73  0.0311557 -0.0895892    0.73083
 0.0429874 -0.0928774       0.73  0.0311861 -0.0896064   0.730824
 0.0430663 -0.0928834       0.73  0.0312165 -0.0896235   0.730819
 0.0431453 -0.0928895       0.73   0.031247 -0.0896407   0.730814
 0.0432243 -0.0928955       0.73 0.0312777 -0.089658  0.730808
 0.0433034 -0.0929015       0.73  0.0313084 -0.0896753   0.730803
 0.0433825 -0.0929076       0.73  0.0313392 -0.0896926   0.730798
 0.0434617 -0.0929136       0.73  0.0313702 -0.0897099   0.730792
  0.043541 -0.0929197       0.73  0.0314012 -0.0897273   0.730787
 0.0436204 -0.0929258       0.73  0.0314323 -0.0897447   0.730781
 0.0436998 -0.0929318       0.73  0.0314635 -0.0897621   0.730776
 0.0437792 -0.0929379       0.73  0.0314949 -0.0897796    0.73077
0.0438588 -0.092944      0.73  0.0315263 -0.0897971   0.730765
 0.0439383 -0.0929501       0.73  0.0315578 -0.0898147   0.730759
  0.044018 -0.0929561       0.73  0.0315894 -0.0898322   0.730754
 0.0440977 -0.0929622       0.73  0.0316212 -0.0898499   0.730748
 0.0441774 -0.0929683       0.73   0.031653 -0.0898675   0.730743
 0.0442572 -0.0929744       0.73  0.0316849 -0.0898852   0.730737
 0.0443371 -0.0929805       0.73   0.031717 -0.0899029   0.730732
  0.044417 -0.0929866       0.73  0.0317491 -0.0899206   0.730726
  0.044497 -0.0929928       0.73  0.0317814 -0.0899384   0.730721
  0.044577 -0.0929989       0.73  0.0318137 -0.0899562   0.730715
0.0446571 -0.093005      0.73 0.0318462 -0.089974   0.73071
 0.0447372 -0.0930111       0.73  0.0318787 -0.0899919   0.730704
 0.0448174 -0.0930172       0.73  0.0319114 -0.0900098   0.730699
 0.0448976 -0.0930234       0.73  0.0319441 -0.0900277   0.730693
 0.0449779 -0.0930295       0.73   0.031977 -0.0900457   0.730687
 0.0450582 -0.0930356       0.73    0.03201 -0.0900636   0.730682
 0.0451386 -0.0930418       0.73   0.032043 -0.0900817   0.730676
  0.045219 -0.0930479       0.73  0.0320762 -0.0900997    0.73067
 0.0452995 -0.0930541       0.73  0.0321095 -0.0901178   0.730665
 0.0453799 -0.0930602       0.73  0.0321429 -0.0901359   0.730659
 0.0454605 -0.0930664       0.73 0.0321764 -0.090154  0.730653
 0.0455411 -0.0930725       0.73    0.03221 -0.0901722   0.730648
 0.0456217 -0.0930787       0.73  0.0322437 -0.0901904   0.730642
 0.0457024 -0.0930849       0.73  0.0322775 -0.0902086   0.730636
0.0457831 -0.093091      0.73  0.0323115 -0.0902268   0.730631
 0.0458638 -0.0930972       0.73  0.0323455 -0.0902451   0.730625
 0.0459446 -0.0931034       0.73  0.0323796 -0.0902634   0.730619
 0.0460254 -0.0931095       0.73  0.0324139 -0.0902818   0.730614
 0.0461062 -0.0931157       0.73  0.0324482 -0.0903002   0.730608
 0.0461871 -0.0931219       0.73  0.0324827 -0.0903186   0.730602
  0.046268 -0.0931281       0.73 0.0325173 -0.090337  0.730597
  0.046349 -0.0931343       0.73   0.032552 -0.0903555   0.730591
   0.04643 -0.0931405       0.73 0.0325868 -0.090374  0.730585
  0.046511 -0.0931466       0.73  0.0326217 -0.0903925   0.730579
  0.046592 -0.0931528       0.73  0.0326567 -0.0904111   0.730574
0.0466731 -0.093159      0.73  0.0326918 -0.0904297   0.730568
 0.0467542 -0.0931652       0.73   0.032727 -0.0904483   0.730562
 0.0468353 -0.0931714       0.73  0.0327624 -0.0904669   0.730556
 0.0469165 -0.0931776       0.73  0.0327978 -0.0904856   0.730551
 0.0469977 -0.0931838       0.73  0.0328334 -0.0905043   0.730545
0.0470789  -0.09319      0.73   0.032869 -0.0905231   0.730539
 0.0471601 -0.0931962       0.73  0.0329048 -0.0905419   0.730533
 0.0472414 -0.0932025       0.73  0.0329407 -0.0905607   0.730528
 0.0473226 -0.0932087       0.73  0.0329766 -0.0905795   0.730522
 0.0474039 -0.0932149       0.73  0.0330127 -0.0905984   0.730516
 0.0474853 -0.0932211       0.73   0.033049 -0.0906173    0.73051
 0.0475666 -0.0932273       0.73  0.0330853 -0.0906363   0.730504
  0.047648 -0.0932335       0.73  0.0331217 -0.0906553   0.730499
 0.0477293 -0.0932397       0.73  0.0331582 -0.0906743   0.730493
0.0478107 -0.093246      0.73  0.0331949 -0.0906933   0.730487
 0.0478921 -0.0932522       0.73  0.0332316 -0.0907124   0.730481
 0.0479736 -0.0932584       0.73  0.0332685 -0.0907315   0.730475
  0.048055 -0.0932646       0.73  0.0333054 -0.0907506    0.73047
 0.0481365 -0.0932709       0.73  0.0333425 -0.0907698   0.730464
 0.0482179 -0.0932771       0.73 0.0333797 -0.090789  0.730458
 0.0482994 -0.0932833       0.73   0.033417 -0.0908083   0.730452
 0.0483809 -0.0932895       0.73  0.0334544 -0.0908275   0.730447
 0.0484624 -0.0932958       0.73  0.0334919 -0.0908468   0.730441
0.0485439 -0.093302      0.73  0.0335295 -0.0908662   0.730435
 0.0486254 -0.0933082       0.73  0.0335673 -0.0908855   0.730429
 0.0487069 -0.0933144       0.73  0.0336051 -0.0909049   0.730423
 0.0487885 -0.0933207       0.73   0.033643 -0.0909244   0.730418
   0.04887 -0.0933269       0.73  0.0336811 -0.0909438   0.730412
 0.0489516 -0.0933331       0.73  0.0337192 -0.0909633   0.730406
 0.0490331 -0.0933394       0.73  0.0337575 -0.0909829     0.7304
 0.0491147 -0.0933456       0.73  0.0337959 -0.0910025   0.730395
 0.0491962 -0.0933518       0.73  0.0338344 -0.0910221   0.730389
 0.0492778 -0.0933581       0.73  0.0338729 -0.0910417   0.730383
 0.0493593 -0.0933643       0.73  0.0339116 -0.0910614   0.730377
 0.0494409 -0.0933705       0.73  0.0339505 -0.0910811   0.730371
 0.0495224 -0.0933768       0.73  0.0339894 -0.0911008   0.730366
 0.049604 -0.093383      0.73  0.0340284 -0.0911206    0.73036
 0.0496855 -0.0933892       0.73  0.0340675 -0.0911404   0.730354
 0.0497671 -0.0933954       0.73  0.0341067 -0.0911603   0.730348
 0.0498486 -0.0934017       0.73  0.0341461 -0.0911802   0.730343
 0.0499301 -0.0934079       0.73  0.0341855 -0.0912001   0.730337
 0.0500116 -0.0934141       0.73 0.0342251  -0.09122  0.730331
 0.0500932 -0.0934204       0.73 0.0342647  -0.09124  0.730325
 0.0501747 -0.0934266       0.73  0.0343045 -0.0912601    0.73032
 0.0502562 -0.0934328       0.73  0.0343444 -0.0912801   0.730314
 0.0503377 -0.0934391       0.73  0.0343843 -0.0913002   0.730308
 0.0504191 -0.0934453       0.73  0.0344244 -0.0913204   0.730303
 0.0505006 -0.0934515       0.73  0.0344646 -0.0913405   0.730297
 0.0505821 -0.0934577       0.73  0.0345049 -0.0913607   0.730291
0.0506635 -0.093464      0.73 0.0345453 -0.091381  0.730285
 0.0507449 -0.0934702       0.73  0.0345858 -0.0914012    0.73028
 0.0508264 -0.0934764       0.73  0.0346264 -0.0914216   0.730274
 0.0509078 -0.0934826       0.73   0.034667 -0.0914419   0.730268
 0.0509891 -0.0934888       0.73  0.0347079 -0.0914623   0.730263
0.0510705 -0.093495      0.73  0.0347488 -0.0914827   0.730257
 0.0511518 -0.0935013       0.73  0.0347897 -0.0915032   0.730251
 0.0512332 -0.0935075       0.73  0.0348309 -0.0915237   0.730246
 0.0513145 -0.0935137       0.73  0.0348721 -0.0915442    0.73024
 0.0513957 -0.0935199       0.73  0.0349134 -0.0915647   0.730234
  0.051477 -0.0935261       0.73  0.0349548 -0.0915853   0.730229
 0.0515582 -0.0935323       0.73 0.0349963 -0.091606  0.730223
 0.0516395 -0.0935385       0.73  0.0350379 -0.0916266   0.730217
 0.0517206 -0.0935447       0.73  0.0350796 -0.0916473   0.730212
 0.0518018 -0.0935509       0.73  0.0351214 -0.0916681   0.730206
 0.0518829 -0.0935571       0.73  0.0351633 -0.0916889   0.730201
 0.0519641 -0.0935633       0.73  0.0352053 -0.0917097   0.730195
 0.0520451 -0.0935695       0.73  0.0352474 -0.0917305   0.730189
 0.0521262 -0.0935757       0.73  0.0352896 -0.0917514   0.730184
 0.0522072 -0.0935819       0.73  0.0353319 -0.0917723   0.730178
 0.0522882 -0.0935881       0.73  0.0353742 -0.0917933   0.730173
 0.0523692 -0.0935943       0.73  0.0354167 -0.0918143   0.730167
 0.0524501 -0.0936005       0.73  0.0354593 -0.0918353   0.730162
  0.052531 -0.0936066       0.73   0.035502 -0.0918563   0.730156
 0.0526118 -0.0936128       0.73  0.0355447 -0.0918774   0.730151
0.0526927 -0.093619      0.73  0.0355876 -0.0918986   0.730145
 0.0527734 -0.0936252       0.73  0.0356306 -0.0919197    0.73014
 0.0528542 -0.0936313       0.73 0.0356736 -0.091941  0.730135
 0.0529349 -0.0936375       0.73  0.0357167 -0.0919622   0.730129
 0.0530156 -0.0936437       0.73    0.03576 -0.0919835   0.730124
 0.0530962 -0.0936498       0.73  0.0358033 -0.0920048   0.730118
0.0531768 -0.093656      0.73  0.0358468 -0.0920261   0.730113
 0.0532574 -0.0936622       0.73  0.0358903 -0.0920475   0.730108
 0.0533379 -0.0936683       0.73 0.0359339 -0.092069  0.730102
 0.0534183 -0.0936745       0.73  0.0359776 -0.0920904   0.730097
 0.0534988 -0.0936806       0.73  0.0360214 -0.0921119   0.730092
 0.0535791 -0.0936867       0.73  0.0360653 -0.0921334   0.730086
 0.0536595 -0.0936929       0.73 0.0361093 -0.092155  0.730081
0.0537398 -0.093699      0.73  0.0361534 -0.0921766   0.730076
   0.05382 -0.0937051       0.73  0.0361976 -0.0921983   0.730071
 0.0539002 -0.0937113       0.73  0.0362418 -0.0922199   0.730065
 0.0539803 -0.0937174       0.73  0.0362862 -0.0922417    0.73006
 0.0540604 -0.0937235       0.73  0.0363307 -0.0922634   0.730055
 0.0541405 -0.0937296       0.73  0.0363752 -0.0922852    0.73005
 0.0542205 -0.0937357       0.73 0.0364199 -0.092307  0.730045
 0.0543004 -0.0937419       0.73  0.0364646 -0.0923289    0.73004
0.0543803 -0.093748      0.73  0.0365094 -0.0923508   0.730034
 0.0544601 -0.0937541       0.73  0.0365543 -0.0923727   0.730029
 0.0545399 -0.0937602       0.73  0.0365993 -0.0923947   0.730024
 0.0546196 -0.0937662       0.73  0.0366444 -0.0924167   0.730019
 0.0546993 -0.0937723       0.73  0.0366897 -0.0924388   0.730014
 0.0547789 -0.0937784       0.73  0.0367349 -0.0924609   0.730009
 0.0548585 -0.0937845       0.73 0.0367803 -0.092483  0.730004
 0.0549379 -0.0937906       0.73  0.0368258 -0.0925052   0.729999
 0.0550174 -0.0937966       0.73  0.0368714 -0.0925273   0.729994
 0.0550967 -0.0938027       0.73   0.036917 -0.0925496   0.729989
 0.0551761 -0.0938088       0.73  0.0369628 -0.0925719   0.729984
 0.0552553 -0.0938148       0.73  0.0370086 -0.0925942   0.729979
 0.0553345 -0.0938209       0.73  0.0370545 -0.0926165   0.729974
 0.0554136 -0.0938269       0.73  0.0371005 -0.0926389   0.729969
0.0554927 -0.093833      0.73  0.0371466 -0.0926613   0.729965
0.0555716 -0.093839      0.73  0.0371928 -0.0926838    0.72996
0.0556506 -0.093845      0.73  0.0372391 -0.0927063   0.729955
0.0557294 -0.093851      0.73  0.0372855 -0.0927288    0.72995
 0.0558082 -0.0938571       0.73   0.037332 -0.0927514   0.729945
 0.0558869 -0.0938631       0.73 0.0373786 -0.092774   0.72994
 0.0559655 -0.0938691       0.73  0.0374252 -0.0927967   0.729936
 0.0560441 -0.0938751       0.73   0.037472 -0.0928193   0.729931
 0.0561226 -0.0938811       0.73  0.0375188 -0.0928421   0.729926
  0.056201 -0.0938871       0.73  0.0375658 -0.0928648   0.729921
 0.0562794 -0.0938931       0.73  0.0376128 -0.0928876   0.729917
 0.0563577 -0.0938991       0.73  0.0376599 -0.0929105   0.729912
0.0564359 -0.093905      0.73  0.0377071 -0.0929333   0.729907
 0.056514 -0.093911      0.73  0.0377544 -0.0929563   0.729902
0.0565921 -0.093917      0.73  0.0378018 -0.0929792   0.729898
   0.05667 -0.0939229       0.73  0.0378492 -0.0930022   0.729893
 0.0567479 -0.0939289       0.73  0.0378968 -0.0930252   0.729888
 0.0568257 -0.0939348       0.73  0.0379444 -0.0930483   0.729884
 0.0569035 -0.0939408       0.73  0.0379922 -0.0930714   0.729879
 0.0569811 -0.0939467       0.73    0.03804 -0.0930946   0.729875
 0.0570587 -0.0939526       0.73  0.0380879 -0.0931177    0.72987
 0.0571362 -0.0939585       0.73 0.0381359 -0.093141  0.729865
 0.0572136 -0.0939645       0.73  0.0381841 -0.0931642   0.729861
 0.0572909 -0.0939704       0.73  0.0382323 -0.0931875   0.729856
 0.0573681 -0.0939763       0.73  0.0382805 -0.0932108   0.729852
 0.0574453 -0.0939822       0.73  0.0383289 -0.0932342   0.729847
0.0575223 -0.093988      0.73  0.0383774 -0.0932576   0.729843
 0.0575993 -0.0939939       0.73  0.0384259 -0.0932811   0.729838
 0.0576762 -0.0939998       0.73  0.0384746 -0.0933046   0.729833
 0.0577529 -0.0940057       0.73  0.0385233 -0.0933282   0.729829
 0.0578296 -0.0940115       0.73 0.0385722 -0.093352  0.729825
 0.0579062 -0.0940174       0.73  0.0386211 -0.0933758    0.72982
 0.0579827 -0.0940232       0.73  0.0386701 -0.0933998   0.729816
 0.0580592 -0.0940291       0.73 0.0387192 -0.093424  0.729811
 0.0581355 -0.0940349       0.73  0.0387684 -0.0934484   0.729807
 0.0582117 -0.0940407       0.73  0.0388177 -0.0934729   0.729802
 0.0582878 -0.0940465       0.73   0.038867 -0.0934977   0.729798
 0.0583639 -0.0940524       0.73  0.0389165 -0.0935226   0.729794
 0.0584398 -0.0940582       0.73   0.038966 -0.0935477   0.729789
0.0585157 -0.094064      0.73 0.0390157 -0.093573  0.729785
 0.0585914 -0.0940697       0.73  0.0390654 -0.0935985   0.729781
  0.058667 -0.0940755       0.73  0.0391152 -0.0936241   0.729777
 0.0587426 -0.0940813       0.73 0.0391651  -0.09365  0.729772
  0.058818 -0.0940871       0.73  0.039215 -0.093676  0.729768
 0.0588933 -0.0940928       0.73  0.0392651 -0.0937023   0.729764
 0.0589685 -0.0940986       0.73  0.0393153 -0.0937287    0.72976
 0.0590437 -0.0941043       0.73  0.0393655 -0.0937552   0.729756
0.0591187  -0.09411      0.73 0.0394158 -0.093782  0.729752
 0.0591936 -0.0941158       0.73  0.0394662 -0.0938089   0.729748
 0.0592684 -0.0941215       0.73 0.0395167 -0.093836  0.729744
 0.0593431 -0.0941272       0.73  0.0395673 -0.0938633    0.72974
 0.0594176 -0.0941329       0.73   0.039618 -0.0938907   0.729736
 0.0594921 -0.0941386       0.73  0.0396687 -0.0939182   0.729732
 0.0595664 -0.0941442       0.73 0.0397195 -0.093946  0.729728
 0.0596407 -0.0941499       0.73  0.0397704 -0.0939738   0.729724
 0.0597148 -0.0941556       0.73  0.0398215 -0.0940019    0.72972
 0.0597888 -0.0941612       0.73 0.0398725  -0.09403  0.729716
 0.0598627 -0.0941669       0.73  0.0399237 -0.0940583   0.729712
 0.0599365 -0.0941725       0.73  0.0399749 -0.0940868   0.729708
 0.0600102 -0.0941782       0.73  0.0400263 -0.0941154   0.729705
 0.0600837 -0.0941838       0.73  0.0400777 -0.0941441   0.729701
 0.0601572 -0.0941894       0.73  0.0401292 -0.0941729   0.729697
0.0602305 -0.094195      0.73  0.0401808 -0.0942019   0.729693
 0.0603036 -0.0942006       0.73 0.0402324 -0.094231   0.72969
 0.0603767 -0.0942062       0.73  0.0402842 -0.0942603   0.729686
 0.0604497 -0.0942117       0.73   0.040336 -0.0942896   0.729682
 0.0605225 -0.0942173       0.73  0.0403879 -0.0943191   0.729679
 0.0605952 -0.0942229       0.73  0.0404399 -0.0943487   0.729675
 0.0606677 -0.0942284       0.73   0.040492 -0.0943784   0.729671
 0.0607402 -0.0942339       0.73  0.0405441 -0.0944082   0.729668
 0.0608125 -0.0942395       0.73  0.0405963 -0.0944381   0.729664
0.0608847 -0.094245      0.73  0.0406487 -0.0944682   0.729661
 0.0609567 -0.0942505       0.73  0.0407011 -0.0944983   0.729657
0.0610286 -0.094256      0.73  0.0407535 -0.0945286   0.729654
 0.0611004 -0.0942615       0.73  0.0408061 -0.0945589    0.72965
 0.0611721 -0.0942669       0.73  0.0408587 -0.0945894   0.729647
 0.0612436 -0.0942724       0.73 0.0409115  -0.09462  0.729643
  0.061315 -0.0942779       0.73  0.0409643 -0.0946506    0.72964
 0.0613863 -0.0942833       0.73  0.0410171 -0.0946814   0.729637
 0.0614574 -0.0942887       0.73  0.0410701 -0.0947123   0.729633
 0.0615284 -0.0942942       0.73  0.0411232 -0.0947433    0.72963
 0.0615992 -0.0942996       0.73  0.0411763 -0.0947744   0.729627
0.0616699 -0.094305      0.73  0.0412295 -0.0948056   0.729623
 0.0617405 -0.0943104       0.73  0.0412828 -0.0948369    0.72962
 0.0618109 -0.0943158       0.73  0.0413362 -0.0948683   0.729617
 0.0618812 -0.0943211       0.73  0.0413897 -0.0948998   0.729613
 0.0619513 -0.0943265       0.73  0.0414432 -0.0949314    0.72961
 0.0620213 -0.0943318       0.73  0.0414969 -0.0949631   0.729607
 0.0620912 -0.0943372       0.73  0.0415506 -0.0949948   0.729603
 0.0621609 -0.0943425       0.73  0.0416044 -0.0950267     0.7296
 0.0622304 -0.0943478       0.73  0.0416583 -0.0950587   0.729597
 0.0622998 -0.0943531       0.73  0.0417122 -0.0950907   0.729594
 0.0623691 -0.0943584       0.73  0.0417663 -0.0951228    0.72959
 0.0624382 -0.0943637       0.73 0.0418204 -0.095155  0.729587
0.0625071 -0.094369      0.73  0.0418746 -0.0951873   0.729584
 0.0625759 -0.0943742       0.73  0.0419289 -0.0952197   0.729581
 0.0626446 -0.0943795       0.73  0.0419832 -0.0952521   0.729577
 0.0627131 -0.0943847       0.73  0.0420377 -0.0952847   0.729574
 0.0627814 -0.0943899       0.73  0.0420922 -0.0953173   0.729571
 0.0628496 -0.0943951       0.73 0.0421468  -0.09535  0.729568
 0.0629176 -0.0944003       0.73  0.0422015 -0.0953827   0.729565
 0.0629855 -0.0944055       0.73  0.0422563 -0.0954155   0.729562
 0.0630532 -0.0944107       0.73  0.0423111 -0.0954485   0.729559
 0.0631207 -0.0944158       0.73  0.0423661 -0.0954814   0.729556
0.0631881 -0.094421      0.73  0.0424211 -0.0955145   0.729553
 0.0632553 -0.0944261       0.73  0.0424762 -0.0955476    0.72955
 0.0633224 -0.0944312       0.73  0.0425313 -0.0955808   0.729547
 0.0633893 -0.0944364       0.73 0.0425866 -0.095614  0.729544
  0.063456 -0.0944415       0.73  0.0426419 -0.0956473   0.729541
 0.0635226 -0.0944465       0.73  0.0426973 -0.0956807   0.729538
  0.063589 -0.0944516       0.73  0.0427528 -0.0957142   0.729535
 0.0636552 -0.0944567       0.73  0.0428084 -0.0957477   0.729532
 0.0637213 -0.0944617       0.73   0.042864 -0.0957813   0.729529
 0.0637871 -0.0944668       0.73  0.0429198 -0.0958149   0.729526
 0.0638528 -0.0944718       0.73  0.0429756 -0.0958486   0.729523
 0.0639184 -0.0944768       0.73  0.0430315 -0.0958824   0.729521
 0.0639837 -0.0944818       0.73  0.0430874 -0.0959162   0.729518
 0.0640489 -0.0944868       0.73 0.0431435  -0.09595  0.729515
 0.0641139 -0.0944917       0.73 0.0431996 -0.095984  0.729512
 0.0641788 -0.0944967       0.73 0.0432558 -0.096018  0.729509
 0.0642434 -0.0945016       0.73 0.0433121 -0.096052  0.729507
 0.0643079 -0.0945066       0.73  0.0433685 -0.0960861   0.729504
 0.0643722 -0.0945115       0.73  0.0434249 -0.0961203   0.729501
 0.0644363 -0.0945164       0.73  0.0434815 -0.0961545   0.729498
 0.0645003 -0.0945213       0.73  0.0435381 -0.0961888   0.729495
  0.064564 -0.0945261       0.73  0.0435948 -0.0962231   0.729493
0.0646276 -0.094531      0.73  0.0436516 -0.0962575    0.72949
  0.064691 -0.0945358       0.73  0.0437084 -0.0962919   0.729487
 0.0647542 -0.0945407       0.73  0.0437653 -0.0963264   0.729484
 0.0648172 -0.0945455       0.73 0.0438223 -0.096361  0.729482
   0.06488 -0.0945503       0.73  0.0438794 -0.0963956   0.729479
 0.0649426 -0.0945551       0.73  0.0439366 -0.0964302   0.729476
 0.0650051 -0.0945598       0.73  0.0439938 -0.0964649   0.729473
 0.0650673 -0.0945646       0.73  0.0440511 -0.0964997   0.729471
 0.0651294 -0.0945693       0.73  0.0441085 -0.0965345   0.729468
 0.0651913 -0.0945741       0.73   0.044166 -0.0965693   0.729465
 0.0652529 -0.0945788       0.73  0.0442235 -0.0966042   0.729462
 0.0653144 -0.0945835       0.73  0.0442811 -0.0966392    0.72946
 0.0653757 -0.0945881       0.73  0.0443388 -0.0966742   0.729457
 0.0654368 -0.0945928       0.73  0.0443966 -0.0967092   0.729454
 0.0654977 -0.0945975       0.73  0.0444544 -0.0967443   0.729451
 0.0655584 -0.0946021       0.73  0.0445124 -0.0967794   0.729449
 0.0656189 -0.0946067       0.73  0.0445704 -0.0968146   0.729446
 0.0656792 -0.0946113       0.73  0.0446284 -0.0968499   0.729443
 0.0657393 -0.0946159       0.73  0.0446866 -0.0968852    0.72944
 0.0657992 -0.0946205       0.73  0.0447448 -0.0969205   0.729437
 0.0658589 -0.0946251       0.73  0.0448031 -0.0969559   0.729435
 0.0659183 -0.0946296       0.73  0.0448614 -0.0969913   0.729432
 0.0659776 -0.0946341       0.73  0.0449198 -0.0970268   0.729429
 0.0660367 -0.0946387       0.73  0.0449783 -0.0970623   0.729426
 0.0660956 -0.0946432       0.73  0.0450369 -0.0970978   0.729423
 0.0661542 -0.0946476       0.73  0.0450955 -0.0971334   0.729421
 0.0662127 -0.0946521       0.73  0.0451542 -0.0971691   0.729418
  0.066271 -0.0946566       0.73   0.045213 -0.0972048   0.729415
 0.066329 -0.094661      0.73  0.0452719 -0.0972405   0.729412
 0.0663868 -0.0946654       0.73  0.0453308 -0.0972763   0.729409
 0.0664445 -0.0946698       0.73  0.0453897 -0.0973121   0.729406
 0.0665019 -0.0946742       0.73 0.0454488 -0.097348  0.729403
 0.0665591 -0.0946786       0.73  0.0455079 -0.0973839     0.7294
 0.0666161 -0.0946829       0.73   0.045567 -0.0974198   0.729398
 0.0666729 -0.0946873       0.73  0.0456263 -0.0974558   0.729395
 0.0667294 -0.0946916       0.73  0.0456856 -0.0974919   0.729392
 0.0667858 -0.0946959       0.73   0.045745 -0.0975279   0.729389
 0.0668419 -0.0947002       0.73  0.0458044 -0.0975641   0.729386
 0.0668979 -0.0947045       0.73  0.0458639 -0.0976002   0.729383
 0.0669536 -0.0947087       0.73  0.0459234 -0.0976364    0.72938
0.0670091 -0.094713      0.73   0.045983 -0.0976727   0.729377
 0.0670643 -0.0947172       0.73 0.0460427 -0.097709  0.729374
 0.0671194 -0.0947214       0.73  0.0461024 -0.0977453   0.729371
 0.0671742 -0.0947256       0.73  0.0461622 -0.0977817   0.729368
 0.0672289 -0.0947298       0.73   0.046222 -0.0978181   0.729365
 0.0672833 -0.0947339       0.73  0.0462819 -0.0978545   0.729362
0.0673375 -0.094738      0.73 0.0463419 -0.097891  0.729359
 0.0673914 -0.0947422       0.73  0.0464019 -0.0979275   0.729356
 0.0674452 -0.0947463       0.73   0.046462 -0.0979641   0.729352
 0.0674987 -0.0947504       0.73  0.0465221 -0.0980007   0.729349
  0.067552 -0.0947544       0.73  0.0465823 -0.0980374   0.729346
 0.0676051 -0.0947585       0.73  0.0466425 -0.0980741   0.729343
  0.067658 -0.0947625       0.73  0.0467028 -0.0981108    0.72934
 0.0677106 -0.0947666       0.73  0.0467631 -0.0981476   0.729337
  0.067763 -0.0947706       0.73  0.0468235 -0.0981844   0.729334
 0.0678152 -0.0947746       0.73  0.0468839 -0.0982213    0.72933
 0.0678672 -0.0947785       0.73  0.0469444 -0.0982581   0.729327
  0.067919 -0.0947825       0.73   0.047005 -0.0982951   0.729324
 0.0679705 -0.0947864       0.73 0.0470655 -0.098332  0.729321
 0.0680218 -0.0947903       0.73  0.0471262 -0.0983691   0.729317
 0.0680729 -0.0947942       0.73  0.0471868 -0.0984061   0.729314
 0.0681238 -0.0947981       0.73  0.0472476 -0.0984432   0.729311
0.0681744 -0.094802      0.73  0.0473083 -0.0984803   0.729307
 0.0682248 -0.0948059       0.73  0.0473692 -0.0985175   0.729304
  0.068275 -0.0948097       0.73    0.04743 -0.0985547   0.729301
  0.068325 -0.0948135       0.73  0.0474909 -0.0985919   0.729297
 0.0683748 -0.0948173       0.73  0.0475519 -0.0986292   0.729294
 0.0684243 -0.0948211       0.73  0.0476129 -0.0986665    0.72929
 0.0684736 -0.0948249       0.73  0.0476739 -0.0987039   0.729287
 0.0685227 -0.0948286       0.73   0.047735 -0.0987413   0.729283
 0.0685715 -0.0948323       0.73  0.0477961 -0.0987787   0.729279
 0.0686201 -0.0948361       0.73  0.0478572 -0.0988161   0.729276
 0.0686685 -0.0948398       0.73  0.0479184 -0.0988535   0.729272
 0.0687167 -0.0948434       0.73 0.0479797 -0.098891  0.729268
 0.0687647 -0.0948471       0.73   0.048041 -0.0989285   0.729264
 0.0688124 -0.0948508       0.73  0.0481023 -0.0989661    0.72926
 0.0688599 -0.0948544       0.73  0.0481636 -0.0990036   0.729257
0.0689072 -0.094858      0.73   0.048225 -0.0990412   0.729253
 0.0689543 -0.0948616       0.73  0.0482864 -0.0990788   0.729249
 0.0690011 -0.0948652       0.73  0.0483478 -0.0991165   0.729245
 0.0690478 -0.0948687       0.73  0.0484093 -0.0991541    0.72924
 0.0690941 -0.0948723       0.73  0.0484709 -0.0991918   0.729236
 0.0691403 -0.0948758       0.73  0.0485324 -0.0992296   0.729232
 0.0691863 -0.0948793       0.73   0.048594 -0.0992673   0.729228
  0.069232 -0.0948828       0.73  0.0486556 -0.0993051   0.729224
 0.0692775 -0.0948863       0.73 0.0487173 -0.099343  0.729219
 0.0693228 -0.0948898       0.73  0.0487789 -0.0993808   0.729215
 0.0693679 -0.0948932       0.73  0.0488406 -0.0994187    0.72921
 0.0694127 -0.0948966       0.73  0.0489024 -0.0994567   0.729206
0.0694573   -0.0949      0.73  0.0489641 -0.0994946   0.729201
 0.0695017 -0.0949034       0.73  0.0490259 -0.0995326   0.729197
 0.0695459 -0.0949068       0.73  0.0490878 -0.0995707   0.729192
 0.0695899 -0.0949102       0.73  0.0491496 -0.0996087   0.729187
 0.0696336 -0.0949135       0.73  0.0492115 -0.0996469   0.729183
 0.0696771 -0.0949168       0.73 0.0492734 -0.099685  0.729178
 0.0697204 -0.0949201       0.73  0.0493353 -0.0997232   0.729173
 0.0697635 -0.0949234       0.73  0.0493972 -0.0997614   0.729168
 0.0698064 -0.0949267       0.73  0.0494592 -0.0997997   0.729163
0.069849 -0.09493     0.73 0.0495212 -0.099838  0.729158
 0.0698915 -0.0949332       0.73  0.0495832 -0.0998764   0.729153
 0.0699337 -0.0949364       0.73  0.0496453 -0.0999148   0.729148
 0.0699757 -0.0949396       0.73  0.0497073 -0.0999532   0.729143
 0.0700174 -0.0949428       0.73  0.0497694 -0.0999917   0.729138
 0.070059 -0.094946      0.73 0.0498315  -0.10003  0.729133
 0.0701003 -0.0949492       0.73 0.0498936 -0.100069  0.729127
 0.0701415 -0.0949523       0.73 0.0499558 -0.100107  0.729122
 0.0701824 -0.0949554       0.73 0.0500179 -0.100146  0.729117
 0.0702231 -0.0949585       0.73 0.0500801 -0.100185  0.729111
 0.0702636 -0.0949616       0.73 0.0501424 -0.100223  0.729106
 0.0703038 -0.0949647       0.73 0.0502046 -0.100262    0.7291
 0.0703439 -0.0949678       0.73 0.0502668 -0.100301  0.729094
 0.0703837 -0.0949708       0.73 0.0503291  -0.10034  0.729089
 0.0704234 -0.0949739       0.73 0.0503914 -0.100379  0.729083
 0.0704628 -0.0949769       0.73 0.0504537 -0.100418  0.729077
  0.070502 -0.0949799       0.73  0.050516 -0.100457  0.729071
  0.070541 -0.0949828       0.73 0.0505783 -0.100496  0.729066
 0.0705798 -0.0949858       0.73 0.0506406 -0.100535   0.72906
 0.0706183 -0.0949888       0.73  0.050703 -0.100574  0.729054
 0.0706567 -0.0949917       0.73 0.0507654 -0.100613  0.729048
 0.0706949 -0.0949946       0.73 0.0508277 -0.100652  0.729042
 0.0707328 -0.0949975       0.73 0.0508901 -0.100692  0.729036
 0.0707705 -0.0950004       0.73 0.0509525 -0.100731  0.729029
 0.0708081 -0.0950032       0.73 0.051015 -0.10077 0.729023
 0.0708454 -0.0950061       0.73 0.0510774  -0.10081  0.729017
 0.0708825 -0.0950089       0.73 0.0511399 -0.100849  0.729011
 0.0709194 -0.0950118       0.73 0.0512023 -0.100889  0.729004
 0.0709561 -0.0950146       0.73 0.0512648 -0.100928  0.728998
 0.0709926 -0.0950173       0.73 0.0513272 -0.100968  0.728992
 0.0710289 -0.0950201       0.73 0.0513897 -0.101007  0.728985
 0.0710649 -0.0950229       0.73 0.0514522 -0.101047  0.728978
 0.0711008 -0.0950256       0.73 0.0515147 -0.101087  0.728972
 0.0711365 -0.0950283       0.73 0.0515772 -0.101126  0.728965
 0.0711719 -0.0950311       0.73 0.0516397 -0.101166  0.728959
 0.0712072 -0.0950337       0.73 0.0517022 -0.101206  0.728952
 0.0712422 -0.0950364       0.73 0.0517648 -0.101246  0.728945
 0.0712771 -0.0950391       0.73 0.0518273 -0.101286  0.728938
 0.0713117 -0.0950417       0.73 0.0518898 -0.101326  0.728931
 0.0713462 -0.0950444       0.73 0.0519524 -0.101366  0.728925
0.0713804 -0.095047      0.73 0.0520149 -0.101406  0.728918
 0.0714145 -0.0950496       0.73 0.0520775 -0.101446  0.728911
 0.0714483 -0.0950522       0.73   0.05214 -0.101486  0.728904
  0.071482 -0.0950547       0.73 0.0522026 -0.101527  0.728897
 0.0715154 -0.0950573       0.73 0.0522651 -0.101567  0.728889
 0.0715486 -0.0950598       0.73 0.0523277 -0.101607  0.728882
 0.0715817 -0.0950624       0.73 0.0523902 -0.101648  0.728875
 0.0716145 -0.0950649       0.73 0.0524528 -0.101688  0.728868
 0.0716472 -0.0950674       0.73 0.0525154 -0.101729   0.72886
 0.0716796 -0.0950698       0.73 0.0525779 -0.101769  0.728853
 0.0717118 -0.0950723       0.73 0.0526405  -0.10181  0.728846
 0.0717439 -0.0950748       0.73 0.052703 -0.10185 0.728838
 0.0717757 -0.0950772       0.73 0.0527656 -0.101891  0.728831
 0.0718074 -0.0950796       0.73 0.0528282 -0.101932  0.728823
0.0718388 -0.095082      0.73 0.0528907 -0.101972  0.728816
 0.0718701 -0.0950844       0.73 0.0529533 -0.102013  0.728808
 0.0719012 -0.0950868       0.73 0.0530158 -0.102054  0.728801
  0.071932 -0.0950891       0.73 0.0530784 -0.102095  0.728793
 0.0719627 -0.0950915       0.73 0.0531409 -0.102136  0.728785
 0.0719932 -0.0950938       0.73 0.0532034 -0.102177  0.728778
 0.0720235 -0.0950961       0.73  0.053266 -0.102218   0.72877
 0.0720535 -0.0950984       0.73 0.0533285 -0.102259  0.728762
 0.0720834 -0.0951007       0.73 0.053391  -0.1023 0.728754
0.0721131 -0.095103      0.73 0.0534535 -0.102341  0.728746
 0.0721426 -0.0951052       0.73  0.053516 -0.102382  0.728738
  0.072172 -0.0951075       0.73 0.0535785 -0.102424   0.72873
 0.0722011 -0.0951097       0.73  0.053641 -0.102465  0.728722
   0.07223 -0.0951119       0.73 0.0537035 -0.102506  0.728714
 0.0722587 -0.0951141       0.73  0.053766 -0.102548  0.728706
 0.0722873 -0.0951163       0.73 0.0538284 -0.102589  0.728698
 0.0723156 -0.0951184       0.73 0.0538909  -0.10263   0.72869
 0.0723438 -0.0951206       0.73 0.0539534 -0.102672  0.728682
 0.0723718 -0.0951227       0.73 0.0540158 -0.102714  0.728674
 0.0723996 -0.0951249       0.73 0.0540782 -0.102755  0.728665
0.0724271 -0.095127      0.73 0.0541407 -0.102797  0.728657
 0.0724545 -0.0951291       0.73 0.0542031 -0.102839  0.728649
 0.0724818 -0.0951311       0.73 0.0542655  -0.10288   0.72864
 0.0725088 -0.0951332       0.73 0.0543279 -0.102922  0.728632
 0.0725356 -0.0951353       0.73 0.0543903 -0.102964  0.728624
 0.0725623 -0.0951373       0.73 0.0544526 -0.103006  0.728615
 0.0725887 -0.0951393       0.73  0.054515 -0.103048  0.728607
  0.072615 -0.0951413       0.73 0.0545773  -0.10309  0.728598
 0.0726411 -0.0951433       0.73 0.0546396 -0.103132  0.728589
 0.0726669 -0.0951453       0.73 0.0547019 -0.103174  0.728581
 0.0726927 -0.0951473       0.73 0.0547642 -0.103216  0.728572
 0.0727182 -0.0951492       0.73 0.0548265 -0.103258  0.728563
 0.0727435 -0.0951511       0.73 0.0548888   -0.1033  0.728555
 0.0727687 -0.0951531       0.73 0.0549511 -0.103342  0.728546
0.0727936 -0.095155      0.73 0.0550133 -0.103385  0.728537
 0.0728184 -0.0951569       0.73 0.0550755 -0.103427  0.728528
  0.072843 -0.0951587       0.73 0.0551377 -0.103469   0.72852
 0.0728674 -0.0951606       0.73 0.0551999 -0.103512  0.728511
 0.0728916 -0.0951625       0.73 0.0552621 -0.103554  0.728502
 0.0729156 -0.0951643       0.73 0.0553243 -0.103597  0.728493
 0.0729395 -0.0951661       0.73 0.0553864 -0.103639  0.728484
 0.0729631 -0.0951679       0.73 0.0554485 -0.103682  0.728475
 0.0729866 -0.0951697       0.73 0.0555106 -0.103724  0.728466
 0.0730099 -0.0951715       0.73 0.0555727 -0.103767  0.728457
  0.073033 -0.0951733       0.73 0.0556348  -0.10381  0.728447
 0.073056 -0.095175      0.73 0.0556969 -0.103853  0.728438
 0.0730787 -0.0951768       0.73 0.0557589 -0.103895  0.728429
 0.0731013 -0.0951785       0.73 0.0558209 -0.103938   0.72842
 0.0731237 -0.0951802       0.73 0.0558829 -0.103981  0.728411
 0.0731459 -0.0951819       0.73 0.0559449 -0.104024  0.728401
 0.0731679 -0.0951836       0.73 0.0560068 -0.104067  0.728392
 0.0731898 -0.0951852       0.73 0.0560688  -0.10411  0.728383
 0.0732114 -0.0951869       0.73 0.0561307 -0.104153  0.728373
 0.0732329 -0.0951885       0.73 0.0561926 -0.104196  0.728364
 0.0732542 -0.0951902       0.73 0.0562544 -0.104239  0.728354
 0.0732754 -0.0951918       0.73 0.0563163 -0.104283  0.728345
 0.0732963 -0.0951934       0.73 0.0563781 -0.104326  0.728335
0.0733171 -0.095195      0.73 0.0564399 -0.104369  0.728326
 0.0733377 -0.0951965       0.73 0.0565017 -0.104412  0.728316
 0.0733581 -0.0951981       0.73 0.0565634 -0.104456  0.728306
 0.0733783 -0.0951996       0.73 0.0566252 -0.104499  0.728297
 0.0733984 -0.0952012       0.73 0.0566869 -0.104542  0.728287
 0.0734183 -0.0952027       0.73 0.0567486 -0.104586  0.728277
  0.073438 -0.0952042       0.73 0.0568102 -0.104629  0.728268
 0.0734575 -0.0952057       0.73 0.0568719 -0.104673  0.728258
 0.0734768 -0.0952072       0.73 0.0569335 -0.104717  0.728248
  0.073496 -0.0952086       0.73 0.0569951  -0.10476  0.728238
  0.073515 -0.0952101       0.73 0.0570567 -0.104804  0.728228
 0.0735339 -0.0952115       0.73 0.0571182 -0.104848  0.728218
0.0735525 -0.095213      0.73 0.0571797 -0.104891  0.728208
  0.073571 -0.0952144       0.73 0.0572412 -0.104935  0.728198
 0.0735893 -0.0952158       0.73 0.0573027 -0.104979  0.728188
 0.0736074 -0.0952172       0.73 0.0573641 -0.105023  0.728178
 0.0736254 -0.0952185       0.73 0.0574255 -0.105067  0.728168
 0.0736432 -0.0952199       0.73 0.0574869 -0.105111  0.728158
 0.0736608 -0.0952212       0.73 0.0575483 -0.105155  0.728148
 0.0736782 -0.0952226       0.73 0.0576097 -0.105199  0.728138
 0.0736955 -0.0952239       0.73  0.057671 -0.105243  0.728128
 0.0737126 -0.0952252       0.73 0.0577323 -0.105287  0.728117
 0.0737295 -0.0952265       0.73 0.0577935 -0.105332  0.728107
 0.0737463 -0.0952278       0.73 0.0578548 -0.105376  0.728097
0.0737629 -0.095229      0.73 0.057916 -0.10542 0.728087
 0.0737793 -0.0952303       0.73 0.0579772 -0.105465  0.728076
 0.0737956 -0.0952315       0.73 0.0580383 -0.105509  0.728066
 0.0738117 -0.0952328       0.73 0.0580995 -0.105553  0.728055
0.0738276 -0.095234      0.73 0.0581606 -0.105598  0.728045
 0.0738434 -0.0952352       0.73 0.0582217 -0.105643  0.728035
 0.0738589 -0.0952364       0.73 0.0582827 -0.105687  0.728024
 0.0738744 -0.0952376       0.73 0.0583438 -0.105732  0.728014
 0.0738896 -0.0952387       0.73 0.0584048 -0.105777  0.728003
 0.0739047 -0.0952399       0.73 0.0584658 -0.105821  0.727993
0.0739196 -0.095241      0.73 0.0585267 -0.105866  0.727982
 0.0739344 -0.0952421       0.73 0.0585876 -0.105911  0.727972
  0.073949 -0.0952433       0.73 0.0586485 -0.105956  0.727961
 0.0739634 -0.0952444       0.73 0.0587094 -0.106001   0.72795
 0.0739777 -0.0952455       0.73 0.0587703 -0.106046   0.72794
 0.0739918 -0.0952465       0.73 0.0588311 -0.106091  0.727929
 0.0740058 -0.0952476       0.73 0.0588918 -0.106136  0.727919
 0.0740196 -0.0952486       0.73 0.0589526 -0.106181  0.727908
 0.0740332 -0.0952497       0.73 0.0590134 -0.106227  0.727897
 0.0740467 -0.0952507       0.73 0.0590741 -0.106272  0.727887
   0.07406 -0.0952517       0.73 0.0591347 -0.106317  0.727876
 0.0740731 -0.0952527       0.73 0.0591954 -0.106362  0.727866
 0.0740861 -0.0952537       0.73  0.059256 -0.106408  0.727855
  0.074099 -0.0952547       0.73 0.0593166 -0.106453  0.727844
 0.0741117 -0.0952557       0.73 0.0593772 -0.106498  0.727834
 0.0741242 -0.0952566       0.73 0.0594377 -0.106544  0.727823
 0.0741366 -0.0952576       0.73 0.0594982 -0.106589  0.727813
 0.0741488 -0.0952585       0.73 0.0595587 -0.106635  0.727802
 0.0741608 -0.0952594       0.73 0.0596192  -0.10668  0.727791
 0.0741727 -0.0952604       0.73 0.0596796 -0.106726  0.727781
 0.0741845 -0.0952612       0.73   0.05974 -0.106772   0.72777
 0.0741961 -0.0952621       0.73 0.0598004 -0.106817   0.72776
0.0742075 -0.095263      0.73 0.0598607 -0.106863  0.727749
 0.0742188 -0.0952639       0.73  0.059921 -0.106909  0.727739
   0.07423 -0.0952647       0.73 0.0599814 -0.106954  0.727728
  0.074241 -0.0952656       0.73 0.0600416    -0.107  0.727718
 0.0742518 -0.0952664       0.73 0.0601019 -0.107046  0.727707
 0.0742625 -0.0952672       0.73 0.0601621 -0.107092  0.727697
0.0742731 -0.095268      0.73 0.0602222 -0.107138  0.727686
 0.0742835 -0.0952688       0.73 0.0602824 -0.107184  0.727676
 0.0742937 -0.0952696       0.73 0.0603425 -0.107229  0.727665
 0.0743038 -0.0952704       0.73 0.0604025 -0.107275  0.727655
 0.0743138 -0.0952711       0.73 0.0604625 -0.107321  0.727645
 0.0743236 -0.0952719       0.73 0.0605225 -0.107367  0.727635
 0.0743333 -0.0952726       0.73 0.0605824 -0.107413  0.727625
 0.0743429 -0.0952734       0.73 0.0606423  -0.10746  0.727615
 0.0743523 -0.0952741       0.73 0.0607021 -0.107506  0.727605
 0.0743615 -0.0952748       0.73 0.0607619 -0.107552  0.727596
 0.0743706 -0.0952755       0.73 0.0608217 -0.107598  0.727586
 0.0743796 -0.0952762       0.73 0.0608813 -0.107644  0.727577
 0.0743884 -0.0952768       0.73 0.060941 -0.10769 0.727567
 0.0743971 -0.0952775       0.73 0.0610006 -0.107736  0.727558
 0.0744057 -0.0952782       0.73 0.0610601 -0.107783  0.727549
 0.0744141 -0.0952788       0.73 0.0611196 -0.107829   0.72754
 0.0744224 -0.0952794       0.73 0.0611791 -0.107875  0.727531
 0.0744306 -0.0952801       0.73 0.0612385 -0.107922  0.727522
 0.0744386 -0.0952807       0.73 0.0612979 -0.107968  0.727513
 0.0744465 -0.0952813       0.73 0.0613573 -0.108015  0.727505
 0.0744542 -0.0952819       0.73 0.0614166 -0.108061  0.727496
 0.0744618 -0.0952824       0.73 0.0614759 -0.108108  0.727488
0.0744693 -0.095283      0.73 0.0615351 -0.108155  0.727479
 0.0744767 -0.0952836       0.73 0.0615944 -0.108202  0.727471
 0.0744839 -0.0952841       0.73 0.0616535 -0.108248  0.727463
  0.074491 -0.0952847       0.73 0.0617126 -0.108295  0.727455
  0.074498 -0.0952852       0.73 0.0617717 -0.108342  0.727447
 0.0745049 -0.0952857       0.73 0.0618306 -0.108389  0.727439
 0.0745116 -0.0952862       0.73 0.0618895 -0.108436  0.727431
 0.0745182 -0.0952867       0.73 0.0619483 -0.108483  0.727424
 0.0745247 -0.0952872       0.73 0.0620069  -0.10853  0.727416
  0.074531 -0.0952877       0.73 0.0620655 -0.108577  0.727409
 0.0745373 -0.0952882       0.73 0.0621239 -0.108624  0.727402
 0.0745434 -0.0952887       0.73 0.0621822 -0.108672  0.727395
 0.0745494 -0.0952891       0.73 0.0622404 -0.108719  0.727388
 0.0745553 -0.0952896       0.73 0.0622985 -0.108766  0.727381
0.074561 -0.09529     0.73 0.0623565 -0.108813  0.727374
 0.0745667 -0.0952905       0.73 0.0624144  -0.10886  0.727367
 0.0745722 -0.0952909       0.73 0.0624723 -0.108908  0.727361
 0.0745776 -0.0952913       0.73   0.06253 -0.108955  0.727355
 0.0745829 -0.0952917       0.73 0.0625877 -0.109002  0.727348
 0.0745881 -0.0952921       0.73 0.0626454  -0.10905  0.727342
 0.0745932 -0.0952925       0.73  0.062703 -0.109097  0.727336
 0.0745981 -0.0952929       0.73 0.0627605 -0.109144   0.72733
  0.074603 -0.0952932       0.73  0.062818 -0.109192  0.727324
 0.0746077 -0.0952936       0.73 0.0628754 -0.109239  0.727318
 0.0746124 -0.0952939       0.73 0.0629328 -0.109287  0.727312
 0.0746169 -0.0952943       0.73 0.0629902 -0.109334  0.727306
 0.0746213 -0.0952946       0.73 0.0630475 -0.109381    0.7273
0.0746257 -0.095295      0.73 0.0631049 -0.109429  0.727295
 0.0746299 -0.0952953       0.73 0.0631622 -0.109476  0.727289
  0.074634 -0.0952956       0.73 0.0632195 -0.109523  0.727283
  0.074638 -0.0952959       0.73 0.0632769 -0.109571  0.727278
 0.0746419 -0.0952962       0.73 0.0633342 -0.109618  0.727272
 0.0746458 -0.0952965       0.73 0.0633915 -0.109666  0.727267
 0.0746495 -0.0952968       0.73 0.0634489 -0.109713  0.727262
 0.0746531 -0.0952971       0.73 0.0635063  -0.10976  0.727257
 0.0746567 -0.0952973       0.73 0.0635637 -0.109808  0.727252
 0.0746601 -0.0952976       0.73 0.0636212 -0.109855  0.727246
 0.0746634 -0.0952978       0.73 0.0636786 -0.109902  0.727241
 0.0746667 -0.0952981       0.73 0.0637362 -0.109949  0.727236
 0.0746699 -0.0952983       0.73 0.0637937 -0.109997  0.727232
 0.0746729 -0.0952986       0.73 0.0638513 -0.110044  0.727227
 0.0746759 -0.0952988       0.73 0.0639089 -0.110091  0.727222
0.0746788 -0.095299      0.73 0.0639666 -0.110139  0.727217
 0.0746816 -0.0952992       0.73 0.0640243 -0.110186  0.727213
 0.0746844 -0.0952994       0.73 0.0640821 -0.110233  0.727208
  0.074687 -0.0952997       0.73 0.0641399  -0.11028  0.727204
 0.0746896 -0.0952998       0.73 0.0641978 -0.110328  0.727199
0.0746921   -0.0953      0.73 0.0642557 -0.110375  0.727195
 0.0746945 -0.0953002       0.73 0.0643137 -0.110422  0.727191
 0.0746968 -0.0953004       0.73 0.0643717  -0.11047  0.727186
 0.0746991 -0.0953006       0.73 0.0644298 -0.110517  0.727182
 0.0747013 -0.0953007       0.73  0.064488 -0.110564  0.727178
 0.0747034 -0.0953009       0.73 0.0645461 -0.110611  0.727174
 0.0747054 -0.0953011       0.73 0.0646044 -0.110659   0.72717
 0.0747074 -0.0953012       0.73 0.0646627 -0.110706  0.727166
 0.0747093 -0.0953013       0.73  0.064721 -0.110753  0.727162
 0.0747111 -0.0953015       0.73 0.0647794 -0.110801  0.727158
 0.0747128 -0.0953016       0.73 0.0648379 -0.110848  0.727154
 0.0747145 -0.0953018       0.73 0.0648964 -0.110896   0.72715
 0.0747161 -0.0953019       0.73  0.064955 -0.110943  0.727146
0.0747177 -0.095302      0.73 0.0650137  -0.11099  0.727142
 0.0747192 -0.0953021       0.73 0.0650724 -0.111038  0.727138
 0.0747207 -0.0953022       0.73 0.0651311 -0.111085  0.727134
  0.074722 -0.0953023       0.73 0.0651899 -0.111133  0.727131
 0.0747234 -0.0953024       0.73 0.0652488  -0.11118  0.727127
 0.0747246 -0.0953025       0.73 0.0653078 -0.111227  0.727123
 0.0747258 -0.0953026       0.73 0.0653668 -0.111275   0.72712
  0.074727 -0.0953027       0.73 0.0654259 -0.111322  0.727116
 0.0747281 -0.0953028       0.73 0.065485 -0.11137 0.727112
 0.0747292 -0.0953029       0.73 0.0655442 -0.111417  0.727109
 0.0747302 -0.0953029       0.73 0.0656034 -0.111465  0.727105
0.0747312 -0.095303      0.73 0.0656628 -0.111513  0.727102
 0.0747321 -0.0953031       0.73 0.0657221  -0.11156  0.727098
  0.074733 -0.0953032       0.73 0.0657816 -0.111608  0.727095
 0.0747338 -0.0953032       0.73 0.0658411 -0.111655  0.727091
 0.0747346 -0.0953033       0.73 0.0659007 -0.111703  0.727088
 0.0747353 -0.0953033       0.73 0.0659603  -0.11175  0.727084
  0.074736 -0.0953034       0.73   0.06602 -0.111798  0.727081
 0.0747367 -0.0953034       0.73 0.0660798 -0.111846  0.727077
 0.0747374 -0.0953035       0.73 0.0661396 -0.111893  0.727074
  0.074738 -0.0953035       0.73 0.0661996 -0.111941  0.727071
 0.0747385 -0.0953036       0.73 0.0662595 -0.111988  0.727067
 0.0747391 -0.0953036       0.73 0.0663196 -0.112036  0.727064
 0.0747396 -0.0953037       0.73 0.0663797 -0.112084  0.727061
 0.0747401 -0.0953037       0.73 0.0664398 -0.112131  0.727058
 0.0747406 -0.0953037       0.73 0.0665001 -0.112179  0.727054
  0.074741 -0.0953038       0.73 0.0665604 -0.112227  0.727051
 0.0747414 -0.0953038       0.73 0.0666208 -0.112275  0.727048
 0.0747418 -0.0953038       0.73 0.0666813 -0.112322  0.727045
 0.0747422 -0.0953039       0.73 0.0667418  -0.11237  0.727041
 0.0747426 -0.0953039       0.73 0.0668024 -0.112418  0.727038
 0.0747429 -0.0953039       0.73  0.066863 -0.112465  0.727035
 0.0747432 -0.0953039       0.73 0.0669238 -0.112513  0.727032
0.0747436 -0.095304      0.73 0.0669846 -0.112561  0.727029
0.0747439 -0.095304      0.73 0.0670455 -0.112609  0.727025
0.0747442 -0.095304      0.73 0.0671065 -0.112657  0.727022
0.0747445 -0.095304      0.73 0.0671675 -0.112704  0.727019
 0.0747448 -0.0953041       0.73 0.0672287 -0.112752  0.727016
-0.0685815   0.113273       0.73 -0.0685815   0.113273   0.706961
-0.0685815   0.113273       0.73 -0.0687259    0.11321   0.707067
-0.0685815   0.113273       0.73 -0.0688703   0.113147   0.707172
-0.0685815   0.113273       0.73 -0.0690146   0.113083   0.707278
-0.0685815   0.113273       0.73 -0.069159  0.113019  0.707384
-0.0685814   0.113273       0.73 -0.0693033   0.112954   0.707491
-0.0685814   0.113273       0.73 -0.0694476   0.112888   0.707597
-0.0685813   0.113273       0.73 -0.0695919   0.112822   0.707704
-0.0685812   0.113273       0.73 -0.0697361   0.112755   0.707812
-0.0685811   0.113273       0.73 -0.0698803   0.112687    0.70792
-0.068581  0.113273      0.73 -0.0700244   0.112619   0.708028
-0.0685808   0.113273       0.73 -0.0701685   0.112551   0.708136
-0.0685806   0.113273       0.73 -0.0703125   0.112482   0.708245
-0.0685804   0.113273       0.73 -0.0704565   0.112412   0.708354
-0.0685801   0.113273       0.73 -0.0706004   0.112341   0.708463
-0.0685798   0.113273       0.73 -0.0707443    0.11227   0.708572
-0.0685794   0.113273       0.73 -0.070888  0.112199  0.708682
-0.068579  0.113273      0.73 -0.0710317   0.112127   0.708793
-0.0685785   0.113273       0.73 -0.0711752   0.112054   0.708903
-0.068578  0.113273      0.73 -0.0713186   0.111981   0.709014
-0.0685774   0.113273       0.73 -0.071462  0.111907  0.709125
-0.0685767   0.113273       0.73 -0.0716051   0.111833   0.709237
-0.068576  0.113273      0.73 -0.0717482   0.111758   0.709349
-0.0685752   0.113273       0.73 -0.0718911   0.111683   0.709461
-0.0685743   0.113273       0.73 -0.0720338   0.111607   0.709574
-0.0685734   0.113273       0.73 -0.0721764    0.11153   0.709687
-0.0685724   0.113273       0.73 -0.0723188   0.111453   0.709801
-0.0685713   0.113273       0.73 -0.072461  0.111376  0.709914
-0.0685701   0.113273       0.73 -0.0726029   0.111298   0.710028
-0.0685688   0.113272       0.73 -0.0727447   0.111219   0.710143
-0.0685675   0.113272       0.73 -0.0728862    0.11114   0.710258
-0.068566  0.113272      0.73 -0.0730275   0.111061   0.710373
-0.0685645   0.113272       0.73 -0.0731685   0.110981   0.710489
-0.0685629   0.113272       0.73 -0.0733092     0.1109   0.710605
-0.0685611   0.113272       0.73 -0.0734496    0.11082   0.710721
-0.0685593   0.113272       0.73 -0.0735898   0.110738   0.710838
-0.0685573   0.113272       0.73 -0.0737296   0.110656   0.710955
-0.0685553   0.113272       0.73 -0.0738691   0.110574   0.711072
-0.0685531   0.113272       0.73 -0.0740082   0.110492    0.71119
-0.0685508   0.113272       0.73 -0.074147  0.110409  0.711308
-0.0685484   0.113271       0.73 -0.0742853   0.110326   0.711427
-0.0685459   0.113271       0.73 -0.0744233   0.110242   0.711546
-0.0685432   0.113271       0.73 -0.0745609   0.110158   0.711665
-0.0685405   0.113271       0.73 -0.0746981   0.110074   0.711785
-0.0685376   0.113271       0.73 -0.0748348   0.109989   0.711905
-0.0685345   0.113271       0.73 -0.074971  0.109904  0.712025
-0.0685314   0.113271       0.73 -0.0751068   0.109819   0.712146
-0.0685281    0.11327       0.73 -0.0752421   0.109733   0.712267
-0.0685246    0.11327       0.73 -0.0753769   0.109647   0.712388
-0.068521   0.11327      0.73 -0.0755112   0.109562    0.71251
-0.0685173    0.11327       0.73 -0.075645  0.109475  0.712632
-0.0685134    0.11327       0.73 -0.0757782   0.109389   0.712754
-0.0685094    0.11327       0.73 -0.0759108   0.109303   0.712877
-0.0685052   0.113269       0.73 -0.0760429   0.109216      0.713
-0.0685009   0.113269       0.73 -0.0761744    0.10913   0.713124
-0.0684964   0.113269       0.73 -0.0763052   0.109043   0.713247
-0.0684918   0.113269       0.73 -0.0764355   0.108956   0.713372
-0.068487  0.113268      0.73 -0.0765651    0.10887   0.713496
-0.068482  0.113268      0.73 -0.0766941   0.108783   0.713621
-0.0684768   0.113268       0.73 -0.0768224   0.108696   0.713746
-0.0684715   0.113268       0.73 -0.0769501    0.10861   0.713872
-0.068466  0.113267      0.73 -0.0770771   0.108523   0.713998
-0.0684604   0.113267       0.73 -0.0772034   0.108437   0.714125
-0.0684545   0.113267       0.73 -0.0773291   0.108351   0.714251
-0.0684485   0.113266       0.73 -0.0774541   0.108265   0.714379
-0.0684423   0.113266       0.73 -0.0775786   0.108179   0.714506
-0.068436  0.113266      0.73 -0.0777025   0.108094   0.714635
-0.0684294   0.113266       0.73 -0.077826  0.108009  0.714763
-0.0684226   0.113265       0.73 -0.0779489   0.107924   0.714893
-0.0684157   0.113265       0.73 -0.0780714    0.10784   0.715022
-0.0684085   0.113265       0.73 -0.0781935   0.107756   0.715153
-0.0684012   0.113264       0.73 -0.0783153   0.107673   0.715283
-0.0683937   0.113264       0.73 -0.0784368   0.107591   0.715415
-0.0683859   0.113263       0.73 -0.078558  0.107509  0.715547
-0.068378  0.113263      0.73 -0.0786791   0.107428    0.71568
-0.0683698   0.113263       0.73  -0.0788 0.107348 0.715813
-0.0683615   0.113262       0.73 -0.0789209   0.107268   0.715947
-0.0683529   0.113262       0.73 -0.0790418   0.107189   0.716082
-0.0683441   0.113261       0.73 -0.0791628    0.10711   0.716218
-0.0683351   0.113261       0.73 -0.0792839   0.107032   0.716354
-0.0683259    0.11326       0.73 -0.0794052   0.106955   0.716491
-0.0683165    0.11326       0.73 -0.0795267   0.106878   0.716629
-0.0683069   0.113259       0.73 -0.0796486   0.106802   0.716768
-0.068297  0.113259      0.73 -0.0797708   0.106726   0.716907
-0.0682869   0.113258       0.73 -0.0798936   0.106651   0.717047
-0.0682766   0.113258       0.73 -0.0800168   0.106576   0.717188
-0.068266  0.113257      0.73 -0.0801407   0.106501    0.71733
-0.0682553   0.113257       0.73 -0.0802651   0.106427   0.717472
-0.0682442   0.113256       0.73 -0.0803903   0.106354   0.717616
-0.068233  0.113256      0.73 -0.0805163   0.106281    0.71776
-0.0682215   0.113255       0.73 -0.0806431   0.106209   0.717905
-0.0682098   0.113255       0.73 -0.0807707   0.106137   0.718051
-0.0681978   0.113254       0.73 -0.0808993   0.106065   0.718198
-0.0681856   0.113253       0.73 -0.0810289   0.105994   0.718345
-0.0681731   0.113253       0.73 -0.0811595   0.105924   0.718494
-0.0681604   0.113252       0.73 -0.0812912   0.105854   0.718644
-0.0681475   0.113252       0.73 -0.081424  0.105785  0.718794
-0.0681343   0.113251       0.73 -0.081558  0.105716  0.718946
-0.0681208    0.11325       0.73 -0.0816931   0.105648   0.719098
-0.0681071   0.113249       0.73 -0.0818295   0.105581   0.719251
-0.0680931   0.113249       0.73 -0.0819671   0.105514   0.719405
-0.0680789   0.113248       0.73 -0.082106  0.105448   0.71956
-0.0680644   0.113247       0.73 -0.0822462   0.105382   0.719715
-0.0680496   0.113247       0.73 -0.0823878   0.105318    0.71987
-0.0680346   0.113246       0.73 -0.0825308   0.105254   0.720027
-0.0680193   0.113245       0.73 -0.0826752    0.10519   0.720183
-0.0680037   0.113244       0.73 -0.082821  0.105128  0.720341
-0.0679879   0.113244       0.73 -0.0829622   0.105066   0.720493
-0.0679718   0.113243       0.73 -0.0830992   0.105004   0.720642
-0.0679554   0.113242       0.73 -0.0832327   0.104943   0.720786
-0.0679387   0.113241       0.73 -0.0833628   0.104882   0.720926
-0.0679218    0.11324       0.73 -0.0834898   0.104822   0.721062
-0.0679046   0.113239       0.73 -0.0836139   0.104762   0.721194
-0.0678871   0.113239       0.73 -0.083735  0.104703  0.721323
-0.0678693   0.113238       0.73 -0.0838534   0.104644   0.721447
-0.0678512   0.113237       0.73 -0.0839691   0.104586   0.721569
-0.0678329   0.113236       0.73 -0.0840823   0.104529   0.721687
-0.0678142   0.113235       0.73 -0.084193  0.104472  0.721801
-0.0677953   0.113234       0.73 -0.0843012   0.104415   0.721912
-0.0677761   0.113233       0.73 -0.084407  0.104359   0.72202
-0.0677565   0.113232       0.73 -0.0845106   0.104304   0.722125
-0.0677367   0.113231       0.73 -0.0846119   0.104249   0.722226
-0.0677166    0.11323       0.73 -0.0847109   0.104194   0.722325
-0.0676962   0.113229       0.73 -0.0848078   0.104139    0.72242
-0.0676755   0.113228       0.73 -0.0849024   0.104085   0.722512
-0.0676545   0.113227       0.73 -0.0849949   0.104031   0.722601
-0.0676332   0.113226       0.73 -0.0850852   0.103978   0.722688
-0.0676115   0.113225       0.73 -0.0851734   0.103924   0.722771
-0.0675896   0.113224       0.73 -0.0852596   0.103871   0.722852
-0.0675674   0.113223       0.73 -0.0853437   0.103819    0.72293
-0.0675448   0.113222       0.73 -0.0854258   0.103766   0.723006
-0.067522   0.11322      0.73 -0.0855059   0.103714   0.723078
-0.0674988   0.113219       0.73 -0.0855841   0.103662   0.723149
-0.0674753   0.113218       0.73 -0.0856604    0.10361   0.723216
-0.0674515   0.113217       0.73 -0.0857348   0.103559   0.723282
-0.0674274   0.113216       0.73 -0.0858074   0.103507   0.723345
-0.067403  0.113214      0.73 -0.0858781   0.103456   0.723405
-0.0673782   0.113213       0.73 -0.0859472   0.103405   0.723464
-0.0673531   0.113212       0.73 -0.0860144   0.103354    0.72352
-0.0673277   0.113211       0.73 -0.08608 0.103304 0.723574
-0.067302  0.113209      0.73 -0.0861439   0.103253   0.723626
-0.0672759   0.113208       0.73 -0.0862062   0.103203   0.723676
-0.0672496   0.113207       0.73 -0.0862669   0.103153   0.723724
-0.0672229   0.113205       0.73 -0.086326  0.103102   0.72377
-0.0671958   0.113204       0.73 -0.0863835   0.103053   0.723815
-0.0671685   0.113203       0.73 -0.0864396   0.103003   0.723857
-0.0671408   0.113201       0.73 -0.0864941   0.102953   0.723898
-0.0671127     0.1132       0.73 -0.0865473   0.102904   0.723937
-0.0670844   0.113199       0.73 -0.086599  0.102855  0.723974
-0.0670557   0.113197       0.73 -0.0866495   0.102805    0.72401
-0.0670266   0.113196       0.73 -0.0866986   0.102756   0.724044
-0.0669972   0.113194       0.73 -0.0867466   0.102708   0.724077
-0.0669675   0.113193       0.73 -0.0867933   0.102659   0.724109
-0.0669375   0.113191       0.73 -0.0868388    0.10261   0.724139
-0.0669071    0.11319       0.73 -0.0868831   0.102562   0.724168
-0.0668763   0.113188       0.73 -0.0869263   0.102513   0.724196
-0.0668452   0.113187       0.73 -0.0869684   0.102465   0.724223
-0.0668138   0.113185       0.73 -0.0870093   0.102417   0.724249
-0.066782  0.113184      0.73 -0.0870491   0.102369   0.724274
-0.0667499   0.113182       0.73 -0.0870878   0.102322   0.724298
-0.0667174    0.11318       0.73 -0.0871253   0.102274   0.724321
-0.0666846   0.113179       0.73 -0.0871617   0.102227   0.724343
-0.0666514   0.113177       0.73 -0.087197  0.102179  0.724365
-0.0666179   0.113175       0.73 -0.0872311   0.102132   0.724386
-0.066584  0.113174      0.73 -0.0872641   0.102085   0.724407
-0.0665498   0.113172       0.73 -0.0872958   0.102038   0.724426
-0.0665152    0.11317       0.73 -0.0873264   0.101991   0.724446
-0.0664803   0.113168       0.73 -0.0873558   0.101945   0.724465
-0.066445  0.113167      0.73 -0.087384  0.101898  0.724483
-0.0664094   0.113165       0.73 -0.087411  0.101852  0.724501
-0.0663734   0.113163       0.73 -0.0874367   0.101806   0.724518
-0.066337  0.113161      0.73 -0.0874612    0.10176   0.724536
-0.0663003    0.11316       0.73 -0.0874844   0.101715   0.724552
-0.0662632   0.113158       0.73 -0.0875062   0.101669   0.724568
-0.0662258   0.113156       0.73 -0.0875267   0.101624   0.724584
-0.066188  0.113154      0.73 -0.0875457   0.101579   0.724599
-0.0661498   0.113152       0.73 -0.0875632   0.101534   0.724614
-0.0661113    0.11315       0.73 -0.0875792    0.10149   0.724628
-0.0660724   0.113148       0.73 -0.0875937   0.101446   0.724642
-0.0660332   0.113146       0.73 -0.0876067   0.101401   0.724655
-0.0659936   0.113144       0.73 -0.0876181   0.101358   0.724668
-0.0659536   0.113142       0.73 -0.087628  0.101314   0.72468
-0.0659133    0.11314       0.73 -0.0876365    0.10127   0.724692
-0.0658726   0.113138       0.73 -0.0876434   0.101227   0.724703
-0.0658315   0.113136       0.73 -0.0876489   0.101184   0.724714
-0.0657901   0.113134       0.73 -0.0876529   0.101141   0.724725
-0.0657483   0.113132       0.73 -0.0876555   0.101099   0.724735
-0.0657061    0.11313       0.73 -0.0876567   0.101057   0.724745
-0.0656636   0.113128       0.73 -0.0876565   0.101014   0.724754
-0.0656207   0.113126       0.73 -0.0876548   0.100972   0.724763
-0.0655775   0.113124       0.73 -0.0876518   0.100931   0.724772
-0.0655338   0.113121       0.73 -0.0876475   0.100889   0.724781
-0.0654898   0.113119       0.73 -0.0876418   0.100848   0.724789
-0.0654455   0.113117       0.73 -0.0876348   0.100807   0.724797
-0.0654007   0.113115       0.73 -0.0876264   0.100766   0.724805
-0.0653557   0.113113       0.73 -0.0876168   0.100725   0.724812
-0.0653102    0.11311       0.73 -0.0876058   0.100684    0.72482
-0.0652644   0.113108       0.73 -0.0875936   0.100644   0.724827
-0.0652182   0.113106       0.73 -0.0875792   0.100604   0.724833
-0.0651716   0.113103       0.73 -0.0875625   0.100563   0.724839
-0.0651247   0.113101       0.73 -0.0875438   0.100523   0.724844
-0.0650774   0.113099       0.73 -0.087523  0.100483  0.724849
-0.0650297   0.113096       0.73 -0.0875002   0.100444   0.724853
-0.0649817   0.113094       0.73 -0.0874756   0.100404   0.724857
-0.0649333   0.113091       0.73 -0.0874492   0.100365    0.72486
-0.0648845   0.113089       0.73 -0.087421  0.100326  0.724863
-0.0648354   0.113087       0.73 -0.0873912   0.100286   0.724866
-0.0647859   0.113084       0.73 -0.0873597   0.100248   0.724869
-0.064736  0.113082      0.73 -0.0873266   0.100209   0.724871
-0.0646858   0.113079       0.73 -0.0872921    0.10017   0.724874
-0.0646352   0.113077       0.73 -0.087256  0.100132  0.724876
-0.0645842   0.113074       0.73 -0.0872186   0.100093   0.724878
-0.0645329   0.113072       0.73 -0.0871797   0.100055   0.724881
-0.0644812   0.113069       0.73 -0.0871396   0.100017   0.724883
-0.0644291   0.113066       0.73 -0.0870981  0.0999792   0.724886
-0.0643767   0.113064       0.73 -0.0870555  0.0999414   0.724888
-0.0643239   0.113061       0.73 -0.0870117  0.0999038   0.724891
-0.0642708   0.113058       0.73 -0.0869667  0.0998663   0.724893
-0.0642173   0.113056       0.73 -0.0869208   0.099829   0.724896
-0.0641634   0.113053       0.73 -0.0868737  0.0997918   0.724899
-0.0641092    0.11305       0.73 -0.0868258  0.0997548   0.724902
-0.0640546   0.113048       0.73 -0.0867768  0.0997179   0.724905
-0.0639996   0.113045       0.73 -0.086727 0.0996811  0.724908
-0.0639443   0.113042       0.73 -0.0866764  0.0996445   0.724911
-0.0638886   0.113039       0.73 -0.0866249   0.099608   0.724915
-0.0638326   0.113037       0.73 -0.0865727  0.0995717   0.724919
-0.0637762   0.113034       0.73 -0.0865197  0.0995354   0.724922
-0.0637194   0.113031       0.73 -0.086466 0.0994993  0.724926
-0.0636623   0.113028       0.73 -0.0864117  0.0994634   0.724931
-0.0636048   0.113025       0.73 -0.0863567  0.0994275   0.724935
-0.063547  0.113022      0.73 -0.0863011  0.0993918    0.72494
-0.0634888    0.11302       0.73 -0.0862449  0.0993562   0.724945
-0.0634302   0.113017       0.73 -0.0861881  0.0993207    0.72495
-0.0633713   0.113014       0.73 -0.0861308  0.0992853   0.724955
-0.0633121   0.113011       0.73 -0.086073   0.09925  0.724961
-0.0632524   0.113008       0.73 -0.0860147  0.0992149   0.724966
-0.0631925   0.113005       0.73 -0.0859559  0.0991798   0.724973
-0.0631321   0.113002       0.73 -0.0858967  0.0991449   0.724979
-0.0630715   0.112999       0.73 -0.085837   0.09911  0.724986
-0.0630104   0.112996       0.73 -0.0857769  0.0990753   0.724993
-0.062949  0.112993      0.73 -0.0857164  0.0990407   0.725001
-0.0628873    0.11299       0.73 -0.0856555  0.0990062   0.725008
-0.0628252   0.112987       0.73 -0.0855943  0.0989719   0.725016
-0.0627627   0.112983       0.73 -0.0855327  0.0989376   0.725025
-0.0626999    0.11298       0.73 -0.0854708  0.0989034   0.725034
-0.0626368   0.112977       0.73 -0.0854086  0.0988694   0.725043
-0.0625733   0.112974       0.73 -0.0853461  0.0988354   0.725053
-0.0625094   0.112971       0.73 -0.0852833  0.0988016   0.725063
-0.0624452   0.112968       0.73 -0.0852202  0.0987678   0.725074
-0.0623806   0.112964       0.73 -0.0851569  0.0987342   0.725084
-0.0623157   0.112961       0.73 -0.0850933  0.0987006   0.725096
-0.0622504   0.112958       0.73 -0.0850294  0.0986672   0.725107
-0.0621848   0.112955       0.73 -0.0849653  0.0986339   0.725119
-0.0621188   0.112951       0.73 -0.0849009  0.0986006   0.725131
-0.0620525   0.112948       0.73 -0.0848363  0.0985675   0.725143
-0.0619858   0.112945       0.73 -0.0847714  0.0985344   0.725156
-0.0619188   0.112941       0.73 -0.0847063  0.0985015   0.725169
-0.0618514   0.112938       0.73 -0.084641 0.0984687  0.725182
-0.0617837   0.112935       0.73 -0.0845754  0.0984359   0.725195
-0.0617156   0.112931       0.73 -0.0845097  0.0984033   0.725208
-0.0616471   0.112928       0.73 -0.0844437  0.0983708   0.725222
-0.0615783   0.112924       0.73 -0.0843776  0.0983384   0.725236
-0.0615092   0.112921       0.73 -0.0843112  0.0983061    0.72525
-0.0614397   0.112918       0.73 -0.0842446  0.0982739   0.725264
-0.0613698   0.112914       0.73 -0.0841778  0.0982419   0.725279
-0.0612996   0.112911       0.73 -0.0841109  0.0982099   0.725293
-0.061229  0.112907      0.73 -0.0840437  0.0981781   0.725308
-0.0611581   0.112904       0.73 -0.0839764  0.0981464   0.725323
-0.0610869     0.1129       0.73 -0.0839088  0.0981148   0.725338
-0.0610152   0.112896       0.73 -0.0838411  0.0980833   0.725353
-0.0609433   0.112893       0.73 -0.0837732   0.098052   0.725369
-0.0608709   0.112889       0.73 -0.0837052  0.0980207   0.725384
-0.0607982   0.112886       0.73 -0.0836369  0.0979896     0.7254
-0.0607252   0.112882       0.73 -0.0835685  0.0979586   0.725415
-0.0606518   0.112878       0.73 -0.0834999  0.0979277   0.725431
-0.060578  0.112875      0.73 -0.0834312   0.097897   0.725447
-0.0605039   0.112871       0.73 -0.0833623  0.0978663   0.725463
-0.0604294   0.112867       0.73 -0.0832932  0.0978358   0.725479
-0.0603546   0.112864       0.73 -0.083224 0.0978054  0.725495
-0.0602794    0.11286       0.73 -0.0831546  0.0977752   0.725511
-0.0602039   0.112856       0.73 -0.0830851  0.0977451   0.725527
-0.060128  0.112852      0.73 -0.0830154   0.097715   0.725544
-0.0600517   0.112848       0.73 -0.0829456  0.0976852    0.72556
-0.0599751   0.112845       0.73 -0.0828756  0.0976554   0.725576
-0.0598981   0.112841       0.73 -0.0828054  0.0976258   0.725593
-0.0598208   0.112837       0.73 -0.0827352  0.0975962    0.72561
-0.0597431   0.112833       0.73 -0.0826648  0.0975669   0.725626
-0.059665  0.112829      0.73 -0.0825942  0.0975376   0.725643
-0.0595866   0.112825       0.73 -0.0825235  0.0975085   0.725659
-0.0595078   0.112821       0.73 -0.0824527  0.0974795   0.725676
-0.0594286   0.112817       0.73 -0.0823818  0.0974506   0.725693
-0.0593491   0.112813       0.73 -0.0823107  0.0974218    0.72571
-0.0592693   0.112809       0.73 -0.0822394  0.0973932   0.725727
-0.059189  0.112805      0.73 -0.0821681  0.0973647   0.725744
-0.0591084   0.112801       0.73 -0.0820966  0.0973363    0.72576
-0.0590275   0.112797       0.73 -0.082025 0.0973081  0.725777
-0.0589462   0.112793       0.73 -0.0819533  0.0972799   0.725794
-0.0588645   0.112789       0.73 -0.0818815  0.0972519   0.725811
-0.0587824   0.112785       0.73 -0.0818095  0.0972238   0.725828
 -0.0587 0.112781     0.73 -0.0817374  0.0971958   0.725845
-0.0586172   0.112777       0.73 -0.0816652  0.0971678   0.725862
-0.0585341   0.112773       0.73 -0.0815928  0.0971398   0.725879
-0.0584506   0.112769       0.73 -0.0815204  0.0971118   0.725896
-0.0583667   0.112765       0.73 -0.0814478  0.0970838   0.725913
-0.0582825    0.11276       0.73 -0.0813751  0.0970558    0.72593
-0.0581979   0.112756       0.73 -0.0813024  0.0970277   0.725947
-0.0581129   0.112752       0.73 -0.0812294  0.0969996   0.725964
-0.0580276   0.112748       0.73 -0.0811564  0.0969715   0.725981
-0.0579419   0.112743       0.73 -0.0810833  0.0969433   0.725998
-0.0578558   0.112739       0.73  -0.08101 0.0969151  0.726015
-0.0577694   0.112735       0.73 -0.0809367  0.0968868   0.726031
-0.0576826    0.11273       0.73 -0.0808632  0.0968585   0.726048
-0.0575954   0.112726       0.73 -0.0807896  0.0968302   0.726065
-0.0575079   0.112722       0.73 -0.0807159  0.0968019   0.726082
-0.05742 0.112717     0.73 -0.0806421  0.0967735   0.726099
-0.0573318   0.112713       0.73 -0.0805682  0.0967452   0.726116
-0.0572432   0.112709       0.73 -0.0804942  0.0967168   0.726132
-0.0571542   0.112704       0.73 -0.0804201  0.0966884   0.726149
-0.0570648     0.1127       0.73 -0.0803459  0.0966601   0.726166
-0.0569751   0.112695       0.73 -0.0802716  0.0966317   0.726183
-0.056885  0.112691      0.73 -0.0801971  0.0966034   0.726199
-0.0567946   0.112686       0.73 -0.0801226  0.0965751   0.726216
-0.0567038   0.112682       0.73 -0.0800479  0.0965468   0.726232
-0.0566126   0.112677       0.73 -0.0799732  0.0965185   0.726249
-0.0565211   0.112673       0.73 -0.0798983  0.0964903   0.726265
-0.0564292   0.112668       0.73 -0.0798233  0.0964622   0.726282
-0.0563369   0.112663       0.73 -0.0797482  0.0964341   0.726298
-0.0562443   0.112659       0.73 -0.079673 0.0964061  0.726315
-0.0561513   0.112654       0.73 -0.0795977  0.0963782   0.726331
-0.056058   0.11265      0.73 -0.0795223  0.0963503   0.726348
-0.0559643   0.112645       0.73 -0.0794468  0.0963225   0.726364
-0.0558702    0.11264       0.73 -0.0793711  0.0962948    0.72638
-0.0557758   0.112636       0.73 -0.0792954  0.0962672   0.726396
-0.055681  0.112631      0.73 -0.0792195  0.0962397   0.726413
-0.0555858   0.112626       0.73 -0.0791436  0.0962123   0.726429
-0.0554903   0.112621       0.73 -0.0790675   0.096185   0.726445
-0.0553945   0.112617       0.73 -0.0789913  0.0961578   0.726461
-0.0552982   0.112612       0.73 -0.078915 0.0961307  0.726477
-0.0552017   0.112607       0.73 -0.0788386  0.0961038   0.726493
-0.0551047   0.112602       0.73 -0.078762  0.096077  0.726509
-0.0550074   0.112597       0.73 -0.0786854  0.0960503   0.726525
-0.0549097   0.112592       0.73 -0.0786086  0.0960238    0.72654
-0.0548117   0.112588       0.73 -0.0785317  0.0959973   0.726556
-0.0547134   0.112583       0.73 -0.0784547  0.0959711   0.726572
-0.0546146   0.112578       0.73 -0.0783776  0.0959449   0.726587
-0.0545156   0.112573       0.73 -0.0783003  0.0959189   0.726603
-0.0544161   0.112568       0.73 -0.078223 0.0958931  0.726619
-0.0543163   0.112563       0.73 -0.0781455  0.0958674   0.726634
-0.0542162   0.112558       0.73 -0.0780679  0.0958418    0.72665
-0.0541157   0.112553       0.73 -0.0779901  0.0958164   0.726665
-0.0540149   0.112548       0.73 -0.0779123  0.0957912    0.72668
-0.0539137   0.112543       0.73 -0.0778343  0.0957661   0.726695
-0.0538121   0.112538       0.73 -0.0777562  0.0957411   0.726711
-0.0537102   0.112533       0.73 -0.0776779  0.0957164   0.726726
-0.053608  0.112528      0.73 -0.0775996  0.0956917   0.726741
-0.0535054   0.112522       0.73 -0.0775211  0.0956672   0.726756
-0.0534025   0.112517       0.73 -0.0774425  0.0956429   0.726771
-0.0532992   0.112512       0.73 -0.0773637  0.0956188   0.726786
-0.0531955   0.112507       0.73 -0.0772848  0.0955948   0.726801
-0.0530916   0.112502       0.73 -0.0772058   0.095571   0.726815
-0.0529873   0.112497       0.73 -0.0771267  0.0955473    0.72683
-0.0528826   0.112491       0.73 -0.0770474  0.0955238   0.726845
-0.0527776   0.112486       0.73 -0.076968 0.0955005  0.726859
-0.0526723   0.112481       0.73 -0.0768885  0.0954773   0.726874
-0.0525666   0.112476       0.73 -0.0768088  0.0954543   0.726888
-0.0524605    0.11247       0.73 -0.076729 0.0954315  0.726903
-0.0523542   0.112465       0.73 -0.076649 0.0954088  0.726917
-0.0522475    0.11246       0.73 -0.0765689  0.0953863   0.726931
-0.0521404   0.112455       0.73 -0.0764887   0.095364   0.726945
-0.0520331   0.112449       0.73 -0.0764083  0.0953418    0.72696
-0.0519254   0.112444       0.73 -0.0762472   0.095298   0.726988
-0.0518173   0.112438       0.73 -0.0761664  0.0952764   0.727002
-0.0517089   0.112433       0.73 -0.0760855  0.0952549   0.727015
-0.0516002   0.112428       0.73 -0.0760045  0.0952336   0.727029
-0.0514912   0.112422       0.73 -0.0759233  0.0952124   0.727043
-0.0513818   0.112417       0.73 -0.0758419  0.0951915   0.727057
-0.0512721   0.112411       0.73 -0.0757605  0.0951707    0.72707
-0.0511621   0.112406       0.73 -0.0756789  0.0951501   0.727084
-0.0510517     0.1124       0.73 -0.0755971  0.0951297   0.727097
-0.050941  0.112395      0.73 -0.0755152  0.0951095   0.727111
-0.05083 0.112389     0.73 -0.0754332  0.0950895   0.727124
-0.0507187   0.112384       0.73 -0.075351 0.0950696  0.727137
-0.050607  0.112378      0.73 -0.0752687  0.0950499    0.72715
-0.050495  0.112373      0.73 -0.0751036  0.0950111   0.727176
-0.0503827   0.112367       0.73 -0.0751036  0.0950111   0.727176
-0.0502701   0.112361       0.73 -0.0750209  0.0949919   0.727189
-0.0501572   0.112356       0.73 -0.074938 0.0949729  0.727202
-0.0500439    0.11235       0.73 -0.074855 0.0949541  0.727215
-0.0499303   0.112344       0.73 -0.0747718  0.0949355   0.727228
-0.0498164   0.112339       0.73 -0.0746885   0.094917   0.727241
-0.0497022   0.112333       0.73 -0.074605 0.0948987  0.727253
-0.0495877   0.112327       0.73 -0.0745214  0.0948806   0.727266
-0.0494728   0.112322       0.73 -0.0744377  0.0948627   0.727278
-0.0493577   0.112316       0.73 -0.0743538  0.0948449   0.727291
-0.0492422    0.11231       0.73 -0.0742697  0.0948273   0.727303
-0.0491264   0.112304       0.73 -0.0741855  0.0948099   0.727316
-0.0490103   0.112299       0.73 -0.0741012  0.0947926   0.727328
-0.0488939   0.112293       0.73 -0.0740167  0.0947756    0.72734
-0.0487772   0.112287       0.73 -0.073932 0.0947586  0.727352
-0.0486602   0.112281       0.73 -0.0738472  0.0947419   0.727364
-0.0485429   0.112275       0.73 -0.0737623  0.0947253   0.727376
-0.0484253    0.11227       0.73 -0.0736772  0.0947089   0.727388
-0.0483074   0.112264       0.73 -0.073592 0.0946927    0.7274
-0.0481891   0.112258       0.73 -0.0735066  0.0946766   0.727412
-0.0480706   0.112252       0.73 -0.073421 0.0946607  0.727424
-0.0479518   0.112246       0.73 -0.0733353   0.094645   0.727435
-0.0478327    0.11224       0.73 -0.0732495  0.0946295   0.727447
-0.0477133   0.112234       0.73 -0.0731635  0.0946141   0.727459
-0.0475935   0.112228       0.73 -0.0730773  0.0945989    0.72747
-0.0474735   0.112222       0.73 -0.072991 0.0945839  0.727482
-0.0473532   0.112216       0.73 -0.0729045  0.0945691   0.727493
-0.0472327    0.11221       0.73 -0.0728179  0.0945544   0.727504
-0.0471118   0.112204       0.73 -0.0727312  0.0945399   0.727515
-0.0469906   0.112198       0.73 -0.0726443  0.0945256   0.727527
-0.0468691   0.112192       0.73 -0.0725572  0.0945115   0.727538
-0.0467474   0.112186       0.73  -0.07247 0.0944976  0.727549
-0.0466254    0.11218       0.73 -0.0723826  0.0944838    0.72756
-0.046503  0.112174      0.73 -0.072295 0.0944702  0.727571
-0.0463804   0.112168       0.73 -0.0722074  0.0944568   0.727582
-0.0462576   0.112162       0.73 -0.0721195  0.0944435   0.727592
-0.0461344   0.112155       0.73 -0.0720315  0.0944304   0.727603
-0.046011  0.112149      0.73 -0.0719433  0.0944175   0.727614
-0.0458872   0.112143       0.73 -0.071855 0.0944048  0.727624
-0.0457632   0.112137       0.73 -0.0717666  0.0943923   0.727635
-0.045639  0.112131      0.73 -0.0716779  0.0943799   0.727646
-0.0455144   0.112125       0.73 -0.0715892  0.0943677   0.727656
-0.0453896   0.112118       0.73 -0.0715002  0.0943557   0.727666
-0.0452645   0.112112       0.73 -0.0714111  0.0943439   0.727677
-0.0451391   0.112106       0.73 -0.0713219  0.0943322   0.727687
-0.0450135     0.1121       0.73 -0.0712325  0.0943207   0.727697
-0.0448876   0.112093       0.73 -0.0711429  0.0943094   0.727707
-0.0447614   0.112087       0.73 -0.0710532  0.0942982   0.727718
-0.044635  0.112081      0.73 -0.0709633  0.0942872   0.727728
-0.0445083   0.112075       0.73 -0.0708732  0.0942764   0.727737
-0.0443813   0.112068       0.73 -0.070783 0.0942658  0.727747
-0.0442541   0.112062       0.73 -0.0706925  0.0942553   0.727757
-0.0441266   0.112056       0.73 -0.0706019   0.094245   0.727767
-0.0439988   0.112049       0.73 -0.0705111  0.0942349   0.727776
-0.0438708   0.112043       0.73 -0.0704201  0.0942249   0.727785
-0.0437426   0.112036       0.73 -0.070329 0.0942151  0.727795
-0.043614   0.11203      0.73 -0.0702376  0.0942055   0.727804
-0.0434853   0.112024       0.73 -0.0701461  0.0941961   0.727813
-0.0433562   0.112017       0.73 -0.0700544  0.0941868   0.727822
-0.043227  0.112011      0.73 -0.0699624  0.0941777    0.72783
-0.0430974   0.112004       0.73 -0.0698704  0.0941687   0.727839
-0.0429677   0.111998       0.73 -0.0697781    0.09416   0.727847
-0.0428376   0.111991       0.73 -0.0696856  0.0941513   0.727856
-0.0427074   0.111985       0.73 -0.0695929  0.0941429   0.727864
-0.0425769   0.111978       0.73 -0.0695001  0.0941346   0.727872
-0.0424461   0.111972       0.73 -0.0694071  0.0941265    0.72788
-0.0423151   0.111965       0.73 -0.0693139  0.0941185   0.727888
-0.0421839   0.111959       0.73 -0.0692206  0.0941107   0.727896
-0.0420524   0.111952       0.73 -0.0691271  0.0941031   0.727903
-0.0419207   0.111946       0.73 -0.0690333  0.0940956   0.727911
-0.0417887   0.111939       0.73 -0.0689395  0.0940883   0.727918
-0.0416565   0.111933       0.73 -0.0688454  0.0940811   0.727926
-0.0415241   0.111926       0.73 -0.0687511  0.0940741   0.727933
-0.0413915   0.111919       0.73 -0.0686567  0.0940672    0.72794
-0.0412586   0.111913       0.73 -0.0685622  0.0940605   0.727947
-0.0411255   0.111906       0.73 -0.0684674  0.0940539   0.727954
-0.0409921   0.111899       0.73 -0.0683725  0.0940475   0.727961
-0.0408585   0.111893       0.73 -0.0682774  0.0940413   0.727967
-0.0407247   0.111886       0.73 -0.0681821  0.0940352   0.727974
-0.0405907   0.111879       0.73 -0.0680867  0.0940292   0.727981
-0.0404565   0.111873       0.73 -0.067991 0.0940234  0.727987
-0.040322  0.111866      0.73 -0.0678952  0.0940178   0.727993
-0.0401874   0.111859       0.73 -0.0677993  0.0940123      0.728
-0.0400525   0.111853       0.73 -0.0677032  0.0940069   0.728006
-0.0399173   0.111846       0.73 -0.0676069  0.0940017   0.728012
-0.039782  0.111839      0.73 -0.0675104  0.0939966   0.728018
-0.0396465   0.111832       0.73 -0.0674138  0.0939917   0.728023
-0.0395107   0.111826       0.73 -0.067317  0.093987  0.728029
-0.0393747   0.111819       0.73 -0.0672201  0.0939823   0.728035
-0.0392386   0.111812       0.73 -0.067123 0.0939776  0.728041
-0.0391022   0.111805       0.73 -0.0670259  0.0939727   0.728046
-0.0389656   0.111799       0.73 -0.0669288  0.0939676   0.728052
-0.0388288   0.111792       0.73 -0.0668316  0.0939625   0.728057
-0.0386918   0.111785       0.73 -0.0667343  0.0939573   0.728063
-0.0385546   0.111778       0.73 -0.0666369   0.093952   0.728068
-0.0384172   0.111771       0.73 -0.0665394  0.0939468   0.728074
-0.0382796   0.111764       0.73 -0.0664418  0.0939417   0.728079
-0.0381418   0.111758       0.73 -0.0663441  0.0939366   0.728084
-0.0380038   0.111751       0.73 -0.0662463  0.0939316   0.728089
-0.0378656   0.111744       0.73 -0.0661484  0.0939268   0.728095
-0.0377272   0.111737       0.73 -0.0660504  0.0939221     0.7281
-0.0375886    0.11173       0.73 -0.0659522  0.0939175   0.728105
-0.0374498   0.111723       0.73 -0.0658539  0.0939132    0.72811
-0.0373109   0.111716       0.73 -0.0657555   0.093909   0.728114
-0.0371717   0.111709       0.73 -0.065657  0.093905  0.728119
-0.0370324   0.111702       0.73 -0.0655583  0.0939012   0.728124
-0.0368929   0.111695       0.73 -0.0654595  0.0938976   0.728128
-0.0367532   0.111688       0.73 -0.0653606  0.0938942   0.728133
-0.0366133   0.111681       0.73 -0.0652615  0.0938911   0.728137
-0.0364733   0.111674       0.73 -0.0651623  0.0938882   0.728141
-0.036333  0.111667      0.73 -0.0650629  0.0938855   0.728145
-0.0361926    0.11166       0.73 -0.0649634   0.093883   0.728149
-0.036052  0.111653      0.73 -0.0648636  0.0938807   0.728153
-0.0359112   0.111646       0.73 -0.0647636  0.0938788   0.728157
-0.0357703   0.111639       0.73 -0.0646633   0.093877    0.72816
-0.0356292   0.111632       0.73 -0.0645628  0.0938755   0.728164
-0.0354879   0.111625       0.73 -0.064462 0.0938742  0.728167
-0.0353465   0.111618       0.73 -0.064361 0.0938732   0.72817
-0.0352049   0.111611       0.73 -0.0642598  0.0938723   0.728173
-0.0350631   0.111604       0.73 -0.0641583  0.0938717   0.728175
-0.0349211   0.111597       0.73 -0.0640567  0.0938713   0.728178
-0.034779   0.11159      0.73 -0.0639548  0.0938711    0.72818
-0.0346368   0.111583       0.73 -0.0638527  0.0938711   0.728182
-0.0344944   0.111576       0.73 -0.0637505  0.0938712   0.728185
-0.0343518   0.111569       0.73 -0.0636482  0.0938715   0.728187
-0.034209  0.111562      0.73 -0.0635459   0.093872   0.728189
-0.0340661   0.111555       0.73 -0.0634434  0.0938726   0.728191
-0.0339231   0.111547       0.73 -0.0633409  0.0938734   0.728193
-0.0337799    0.11154       0.73 -0.0632382  0.0938743   0.728195
-0.0336366   0.111533       0.73 -0.0631355  0.0938754   0.728196
-0.0334931   0.111526       0.73 -0.0630326  0.0938767   0.728198
-0.0333494   0.111519       0.73 -0.0629297  0.0938781     0.7282
-0.0332057   0.111512       0.73 -0.0628266  0.0938798   0.728201
-0.0330617   0.111505       0.73 -0.0627233  0.0938816   0.728203
-0.0329177   0.111497       0.73 -0.0626197  0.0938836   0.728204
-0.0327735    0.11149       0.73 -0.0625159  0.0938857   0.728205
-0.0326291   0.111483       0.73 -0.0624119  0.0938881   0.728206
-0.0324846   0.111476       0.73 -0.0623076  0.0938905   0.728207
-0.03234 0.111469     0.73 -0.0622031  0.0938932   0.728207
-0.0321953   0.111461       0.73 -0.0620984   0.093896   0.728208
-0.0320504   0.111454       0.73 -0.0619935   0.093899   0.728208
-0.0319054   0.111447       0.73 -0.0618885  0.0939021   0.728208
-0.0317602    0.11144       0.73 -0.0617835  0.0939054   0.728209
-0.0316149   0.111433       0.73 -0.0616783  0.0939088   0.728209
-0.0314695   0.111425       0.73 -0.0615731  0.0939124   0.728209
-0.031324  0.111418      0.73 -0.0614678  0.0939161   0.728209
-0.0311784   0.111411       0.73 -0.0613624    0.09392   0.728209
-0.0310326   0.111404       0.73 -0.0612569   0.093924   0.728209
-0.0308867   0.111396       0.73 -0.0611512  0.0939282   0.728209
-0.0307407   0.111389       0.73 -0.0610453  0.0939325   0.728208
-0.0305946   0.111382       0.73 -0.0609391   0.093937   0.728208
-0.0304483   0.111374       0.73 -0.0608327  0.0939416   0.728207
-0.030302  0.111367      0.73 -0.0607261  0.0939464   0.728206
-0.0301555    0.11136       0.73 -0.0606192  0.0939513   0.728205
-0.030009  0.111353      0.73 -0.0605122  0.0939563   0.728204
-0.0298623   0.111345       0.73 -0.0604049  0.0939615   0.728203
-0.0297155   0.111338       0.73 -0.0602975  0.0939668   0.728201
-0.0295686   0.111331       0.73  -0.06019 0.0939722    0.7282
-0.0294216   0.111323       0.73 -0.0600825  0.0939778   0.728199
-0.0292745   0.111316       0.73 -0.0599749  0.0939835   0.728197
-0.0291273   0.111309       0.73 -0.0598672  0.0939894   0.728195
-0.02898 0.111301     0.73 -0.0597594  0.0939954   0.728194
-0.0288326   0.111294       0.73 -0.0596515  0.0940015   0.728192
-0.0286851   0.111287       0.73 -0.0595433  0.0940078    0.72819
-0.0285375   0.111279       0.73 -0.0594349  0.0940141   0.728188
-0.0283898   0.111272       0.73 -0.0593263  0.0940207   0.728186
-0.028242  0.111265      0.73 -0.0592175  0.0940273   0.728184
-0.0280942   0.111257       0.73 -0.0591085  0.0940341   0.728182
-0.0279462    0.11125       0.73 -0.0589993   0.094041   0.728179
-0.0277982   0.111243       0.73  -0.05889 0.0940481  0.728176
-0.0276501   0.111235       0.73 -0.0587804  0.0940552   0.728174
-0.0275019   0.111228       0.73 -0.0586708  0.0940625   0.728171
-0.0273536    0.11122       0.73 -0.0585612    0.09407   0.728168
-0.0272052   0.111213       0.73 -0.0584515  0.0940775   0.728165
-0.0270567   0.111206       0.73 -0.0583418  0.0940852   0.728162
-0.0269082   0.111198       0.73 -0.0582319   0.094093    0.72816
-0.0267596   0.111191       0.73 -0.0581217   0.094101   0.728156
-0.026611  0.111183      0.73 -0.0580114   0.094109   0.728153
-0.0264622   0.111176       0.73 -0.0579009  0.0941172    0.72815
-0.0263134   0.111169       0.73 -0.0577902  0.0941255   0.728146
-0.0261645   0.111161       0.73 -0.0576793   0.094134   0.728143
-0.0260156   0.111154       0.73 -0.0575682  0.0941426   0.728139
-0.0258665   0.111146       0.73 -0.057457 0.0941513  0.728135
-0.0257175   0.111139       0.73 -0.0573455  0.0941601   0.728131
-0.0255683   0.111131       0.73 -0.0572339   0.094169   0.728128
-0.0254191   0.111124       0.73 -0.0571222  0.0941781   0.728123
-0.0252699   0.111117       0.73 -0.0570102  0.0941873   0.728119
-0.0251205   0.111109       0.73 -0.0568981  0.0941966   0.728115
-0.0249712   0.111102       0.73 -0.056786  0.094206  0.728111
-0.0248217   0.111094       0.73 -0.0566739  0.0942156   0.728106
-0.0246723   0.111087       0.73 -0.0565618  0.0942253   0.728102
-0.0245227   0.111079       0.73 -0.0564495  0.0942351   0.728098
-0.0243731   0.111072       0.73 -0.056337  0.094245  0.728093
-0.0242235   0.111065       0.73 -0.0562243   0.094255   0.728089
-0.0240738   0.111057       0.73 -0.0561115  0.0942652   0.728084
-0.0239241    0.11105       0.73 -0.0559985  0.0942755   0.728079
-0.0237743   0.111042       0.73 -0.0558853  0.0942859   0.728074
-0.0236245   0.111035       0.73 -0.055772 0.0942964  0.728069
-0.0234747   0.111027       0.73 -0.0556585   0.094307   0.728064
-0.0233248    0.11102       0.73 -0.0555448  0.0943178   0.728059
-0.0231749   0.111012       0.73 -0.055431 0.0943287  0.728054
-0.0230249   0.111005       0.73 -0.055317 0.0943397  0.728049
-0.0228749   0.110997       0.73 -0.0552029  0.0943508   0.728043
-0.0227249    0.11099       0.73 -0.0550886  0.0943621   0.728038
-0.0225749   0.110982       0.73 -0.0549742  0.0943734   0.728032
-0.0224248   0.110975       0.73 -0.0548597  0.0943849   0.728027
-0.0222747   0.110968       0.73 -0.054745 0.0943965  0.728021
-0.0221246    0.11096       0.73 -0.0546301  0.0944082   0.728015
-0.0219744   0.110953       0.73 -0.0545152    0.09442   0.728009
-0.0218242   0.110945       0.73 -0.0544002   0.094432   0.728004
-0.021674  0.110938      0.73 -0.0542851   0.094444   0.727998
-0.0215238    0.11093       0.73 -0.0541699  0.0944562   0.727992
-0.0213736   0.110923       0.73 -0.0540545  0.0944685   0.727986
-0.0212234   0.110915       0.73 -0.053939 0.0944809   0.72798
-0.0210731   0.110908       0.73 -0.0538233  0.0944935   0.727974
-0.0209228     0.1109       0.73 -0.0537075  0.0945061   0.727968
-0.0207725   0.110893       0.73 -0.0535915  0.0945189   0.727961
-0.0206222   0.110885       0.73 -0.0534755  0.0945317   0.727955
-0.0204719   0.110878       0.73 -0.0533593  0.0945447   0.727949
-0.0203216    0.11087       0.73 -0.0532429  0.0945578   0.727942
-0.0201713   0.110863       0.73 -0.0531265  0.0945711   0.727936
-0.020021  0.110855      0.73 -0.0530098  0.0945844   0.727929
-0.0198707   0.110848       0.73 -0.0528931  0.0945978   0.727923
-0.0197204    0.11084       0.73 -0.0527763  0.0946114   0.727916
-0.0195701   0.110833       0.73 -0.0526593  0.0946251   0.727909
-0.0194198   0.110825       0.73 -0.0525422  0.0946389   0.727903
-0.0192695   0.110818       0.73 -0.052425 0.0946527  0.727896
-0.0191192    0.11081       0.73 -0.0523076  0.0946668   0.727889
-0.0189689   0.110803       0.73 -0.0521901  0.0946809   0.727882
-0.0188186   0.110795       0.73 -0.0520725  0.0946951   0.727875
-0.0186684   0.110788       0.73 -0.0519548  0.0947095   0.727868
-0.0185181    0.11078       0.73 -0.051837 0.0947239  0.727861
-0.0183679   0.110773       0.73 -0.051719 0.0947385  0.727854
-0.0182177   0.110766       0.73 -0.051601 0.0947532  0.727847
-0.0180675   0.110758       0.73 -0.0514828   0.094768    0.72784
-0.0179173   0.110751       0.73 -0.0513645  0.0947829   0.727833
-0.0177671   0.110743       0.73 -0.051246 0.0947979  0.727826
-0.017617  0.110736      0.73 -0.0511275   0.094813   0.727818
-0.0174669   0.110728       0.73 -0.0510088  0.0948283   0.727811
-0.0173168   0.110721       0.73 -0.0508901  0.0948436   0.727804
-0.0171667   0.110713       0.73 -0.0507712  0.0948591   0.727796
-0.0170167   0.110706       0.73 -0.0506522  0.0948746   0.727789
-0.0168667   0.110698       0.73 -0.050533 0.0948903  0.727781
-0.0167168   0.110691       0.73 -0.0504138  0.0949061   0.727774
-0.0165668   0.110683       0.73 -0.0502945   0.094922   0.727766
-0.0164169   0.110676       0.73 -0.0501751   0.094938   0.727759
-0.0162671   0.110668       0.73 -0.0500555  0.0949541   0.727751
-0.0161173   0.110661       0.73 -0.0499358  0.0949704   0.727743
-0.0159675   0.110653       0.73 -0.049816 0.0949867  0.727736
-0.0158178   0.110646       0.73 -0.0496961  0.0950032   0.727728
-0.0156681   0.110639       0.73 -0.0495761  0.0950198    0.72772
-0.0155184   0.110631       0.73 -0.049456 0.0950365  0.727712
-0.0153689   0.110624       0.73 -0.0493358  0.0950533   0.727704
-0.0152193   0.110616       0.73 -0.0492155  0.0950702   0.727696
-0.0150698   0.110609       0.73 -0.049095 0.0950872  0.727689
-0.0149204   0.110601       0.73 -0.0489745  0.0951043    0.72768
-0.014771  0.110594      0.73 -0.0488538  0.0951216   0.727672
-0.0146217   0.110586       0.73 -0.0487331   0.095139   0.727664
-0.0144724   0.110579       0.73 -0.0486122  0.0951564   0.727656
-0.0143232   0.110572       0.73 -0.0484912   0.095174   0.727648
-0.014174  0.110564      0.73 -0.0483701  0.0951918    0.72764
-0.0140249   0.110557       0.73 -0.0482489  0.0952096   0.727631
-0.0138759   0.110549       0.73 -0.0481276  0.0952275   0.727623
-0.0137269   0.110542       0.73 -0.0480062  0.0952455   0.727615
-0.013578  0.110535      0.73 -0.0478847  0.0952637   0.727606
-0.0134292   0.110527       0.73 -0.047763  0.095282  0.727598
-0.0132804    0.11052       0.73 -0.0476413  0.0953003   0.727589
-0.0131317   0.110512       0.73 -0.0475195  0.0953188   0.727581
-0.0129831   0.110505       0.73 -0.0473975  0.0953374   0.727572
-0.0128345   0.110497       0.73 -0.0472755  0.0953561   0.727563
-0.0126861    0.11049       0.73 -0.0471533   0.095375   0.727555
-0.0125377   0.110483       0.73 -0.047031 0.0953939  0.727546
-0.0123894   0.110475       0.73 -0.0469087  0.0954129   0.727537
-0.0122411   0.110468       0.73 -0.0467862  0.0954321   0.727528
-0.012093  0.110461      0.73 -0.0466636  0.0954513   0.727519
-0.0119449   0.110453       0.73 -0.0465409  0.0954707    0.72751
-0.0117969   0.110446       0.73 -0.0464181  0.0954902   0.727501
-0.011649  0.110438      0.73 -0.0462951  0.0955098   0.727492
-0.0115012   0.110431       0.73 -0.0461721  0.0955295   0.727483
-0.0113535   0.110424       0.73 -0.046049 0.0955493  0.727474
-0.0112059   0.110416       0.73 -0.0459258  0.0955692   0.727465
-0.0110584   0.110409       0.73 -0.0458024  0.0955892   0.727456
-0.0109109   0.110402       0.73 -0.045679 0.0956093  0.727447
-0.0107636   0.110394       0.73 -0.0455554  0.0956296   0.727437
-0.0106163   0.110387       0.73 -0.0454317  0.0956499   0.727428
-0.0104692    0.11038       0.73 -0.045308 0.0956704  0.727418
-0.0103222   0.110372       0.73 -0.0451841   0.095691   0.727409
-0.0101752   0.110365       0.73 -0.0450601  0.0957117     0.7274
-0.0100284   0.110358       0.73 -0.044936 0.0957324   0.72739
-0.00988165     0.11035        0.73 -0.0448118  0.0957533   0.727381
-0.00973503    0.110343        0.73 -0.0446875  0.0957743   0.727371
-0.00958852    0.110336        0.73 -0.0445631  0.0957954   0.727361
-0.00944212    0.110329        0.73 -0.0444386  0.0958167   0.727352
-0.00929583    0.110321        0.73 -0.044314  0.095838  0.727342
-0.00914966    0.110314        0.73 -0.0441892  0.0958594   0.727332
-0.0090036   0.110307       0.73 -0.0440644  0.0958809   0.727322
-0.00885766    0.110299        0.73 -0.0439395  0.0959026   0.727313
-0.00871183    0.110292        0.73 -0.0438144  0.0959243   0.727303
-0.00856613    0.110285        0.73 -0.0436893  0.0959462   0.727293
-0.00842055    0.110278        0.73 -0.043564 0.0959681  0.727283
-0.00827509     0.11027        0.73 -0.0434387  0.0959902   0.727273
-0.00812976    0.110263        0.73 -0.0433132  0.0960123   0.727263
-0.00798455    0.110256        0.73 -0.0431876  0.0960346   0.727253
-0.00783947    0.110249        0.73 -0.043062  0.096057  0.727243
-0.00769452    0.110242        0.73 -0.0429362  0.0960795   0.727233
-0.0075497   0.110234       0.73 -0.0428103   0.096102   0.727223
-0.00740502    0.110227        0.73 -0.0426843  0.0961247   0.727212
-0.00726047     0.11022        0.73 -0.0425583  0.0961475   0.727202
-0.00711605    0.110213        0.73 -0.0424321  0.0961704   0.727192
-0.00697177    0.110206        0.73 -0.0423058  0.0961934   0.727182
-0.00682764    0.110198        0.73 -0.0421794  0.0962165   0.727171
-0.00668364    0.110191        0.73 -0.0420529  0.0962397   0.727161
-0.00653978    0.110184        0.73 -0.0419263   0.096263   0.727151
-0.00639607    0.110177        0.73 -0.0417996  0.0962864    0.72714
-0.00625251     0.11017        0.73 -0.0416728  0.0963099    0.72713
-0.00610909    0.110163        0.73 -0.0415459  0.0963335    0.72712
-0.00596582    0.110155        0.73 -0.0414189  0.0963572   0.727109
-0.0058227   0.110148       0.73 -0.0412918   0.096381   0.727099
-0.00567973    0.110141        0.73 -0.0411646  0.0964049   0.727088
-0.00553692    0.110134        0.73 -0.0410373  0.0964289   0.727078
-0.00539426    0.110127        0.73 -0.0409099   0.096453   0.727067
-0.00525175     0.11012        0.73 -0.0407824  0.0964772   0.727056
-0.00510941    0.110113        0.73 -0.0406549  0.0965015   0.727046
-0.00496723    0.110106        0.73 -0.0405272  0.0965259   0.727035
-0.0048252   0.110099       0.73 -0.0403994  0.0965504   0.727025
-0.00468334    0.110092        0.73 -0.0402715   0.096575   0.727014
-0.00454165    0.110085        0.73 -0.0401435  0.0965997   0.727003
-0.00440012    0.110078        0.73 -0.0400154  0.0966245   0.726992
-0.00425876    0.110071        0.73 -0.0398872  0.0966494   0.726982
-0.00411757    0.110063        0.73 -0.0397589  0.0966744   0.726971
-0.00397655    0.110056        0.73 -0.0396305  0.0966995    0.72696
-0.0038357   0.110049       0.73 -0.0395021  0.0967247   0.726949
-0.00369503    0.110042        0.73 -0.0393735    0.09675   0.726939
-0.00355453    0.110035        0.73 -0.0392448  0.0967754   0.726928
-0.00341421    0.110028        0.73 -0.039116 0.0968009  0.726917
-0.00327407    0.110021        0.73 -0.0389872  0.0968264   0.726906
-0.00313412    0.110015        0.73 -0.0388582  0.0968521   0.726895
-0.00299434    0.110008        0.73 -0.0387292  0.0968779   0.726884
-0.00285475    0.110001        0.73   -0.0386 0.0969037  0.726873
-0.00271534    0.109994        0.73 -0.0384708  0.0969297   0.726862
-0.00257612    0.109987        0.73 -0.0383414  0.0969558   0.726851
-0.0024371    0.10998       0.73 -0.038212 0.0969819   0.72684
-0.00229826    0.109973        0.73 -0.0380825  0.0970082   0.726829
-0.00215961    0.109966        0.73 -0.0379529  0.0970345   0.726819
-0.00202116    0.109959        0.73 -0.0378231  0.0970609   0.726808
-0.00188291    0.109952        0.73 -0.0376933  0.0970875   0.726797
-0.00174485    0.109945        0.73 -0.0375634  0.0971141   0.726786
-0.00160699    0.109938        0.73 -0.0374334  0.0971408   0.726774
-0.00146933    0.109932        0.73 -0.0373033  0.0971676   0.726763
-0.00133188    0.109925        0.73 -0.0371731  0.0971945   0.726752
-0.00119462    0.109918        0.73 -0.0370429  0.0972215   0.726741
-0.00105758    0.109911        0.73 -0.0369125  0.0972486    0.72673
-0.000920741     0.109904         0.73 -0.036782 0.0972758  0.726719
-0.000784113     0.109897         0.73 -0.0366515  0.0973031   0.726708
-0.000647696     0.109891         0.73 -0.0365209  0.0973304   0.726697
-0.000511492     0.109884         0.73 -0.0363901  0.0973579   0.726686
-0.000375502     0.109877         0.73 -0.0362593  0.0973855   0.726675
-0.000239728      0.10987         0.73 -0.0361284  0.0974131   0.726664
-0.000104172     0.109864         0.73 -0.0359974  0.0974408   0.726653
3.11648e-05    0.109857        0.73 -0.0358663  0.0974687   0.726642
0.00016628    0.10985       0.73 -0.0357351  0.0974966    0.72663
0.000301172    0.109843        0.73 -0.0356039  0.0975246   0.726619
0.000435839    0.109837        0.73 -0.0354725  0.0975527   0.726608
0.00057028    0.10983       0.73 -0.0353411  0.0975809   0.726597
0.000704492    0.109823        0.73 -0.0352095  0.0976091   0.726586
0.000838475    0.109817        0.73 -0.0350779  0.0976375   0.726575
0.000972225     0.10981        0.73 -0.0349462  0.0976659   0.726564
0.00110574   0.109803       0.73 -0.0348144  0.0976945   0.726553
0.00123902   0.109797       0.73 -0.0346826  0.0977231   0.726541
0.00137207    0.10979       0.73 -0.0345506  0.0977518    0.72653
0.00150487   0.109784       0.73 -0.0344186  0.0977806   0.726519
0.00163744   0.109777       0.73 -0.0342864  0.0978095   0.726508
0.00176976    0.10977       0.73 -0.0341542  0.0978385   0.726497
0.00190184   0.109764       0.73 -0.034022 0.0978675  0.726486
0.00203367   0.109757       0.73 -0.0338896  0.0978967   0.726475
0.00216526   0.109751       0.73 -0.0337572  0.0979259   0.726463
0.00229659   0.109744       0.73 -0.0336246  0.0979552   0.726452
0.00242768   0.109738       0.73 -0.033492 0.0979846  0.726441
0.00255851   0.109731       0.73 -0.0333593  0.0980141    0.72643
0.00268908   0.109725       0.73 -0.0332265  0.0980437   0.726419
0.0028194  0.109718      0.73 -0.0330937  0.0980733   0.726408
0.00294946   0.109712       0.73 -0.0329608  0.0981031   0.726397
0.00307926   0.109705       0.73 -0.0328278  0.0981329   0.726386
0.00320879   0.109699       0.73 -0.0326947  0.0981628   0.726374
0.00333807   0.109692       0.73 -0.0325616  0.0981928   0.726363
0.00346707   0.109686       0.73 -0.0324283  0.0982229   0.726352
0.00359581   0.109679       0.73 -0.032295 0.0982531  0.726341
0.00372428   0.109673       0.73 -0.0321616  0.0982833    0.72633
0.00385248   0.109667       0.73 -0.0320282  0.0983137   0.726319
0.0039804   0.10966      0.73 -0.0318946  0.0983441   0.726308
0.00410805   0.109654       0.73 -0.0317611  0.0983746   0.726297
0.00423542   0.109648       0.73 -0.0316274  0.0984052   0.726286
0.00436251   0.109641       0.73 -0.0314936  0.0984359   0.726275
0.00448932   0.109635       0.73 -0.0313598  0.0984666   0.726264
0.00461585   0.109629       0.73 -0.0312259  0.0984975   0.726253
0.00474209   0.109622       0.73 -0.031092 0.0985284  0.726242
0.00486805   0.109616       0.73 -0.0309579  0.0985594   0.726231
0.00499371    0.10961       0.73 -0.0308238  0.0985905    0.72622
0.00511909   0.109604       0.73 -0.0306896  0.0986217   0.726209
0.00524418   0.109597       0.73 -0.0305554   0.098653   0.726198
0.00536897   0.109591       0.73 -0.0304211  0.0986843   0.726187
0.00549346   0.109585       0.73 -0.0302867  0.0987158   0.726176
0.00561766   0.109579       0.73 -0.0301522  0.0987473   0.726165
0.00574156   0.109573       0.73 -0.0300177  0.0987789   0.726154
0.00586515   0.109566       0.73 -0.0298831  0.0988106   0.726144
0.00598844    0.10956       0.73 -0.0297485  0.0988425   0.726133
0.00611143   0.109554       0.73 -0.0296137  0.0988746   0.726122
0.00623411   0.109548       0.73 -0.0294789  0.0989069   0.726111
0.00635647   0.109542       0.73 -0.0293441  0.0989394     0.7261
0.00647853   0.109536       0.73 -0.0292092  0.0989722    0.72609
0.00660028    0.10953       0.73 -0.0290742  0.0990053   0.726079
0.00672171   0.109524       0.73 -0.0289391  0.0990387   0.726068
0.00684282   0.109518       0.73 -0.028804 0.0990724  0.726057
0.00696361   0.109512       0.73 -0.0286688  0.0991065   0.726047
0.00708409   0.109506       0.73 -0.0285336  0.0991409   0.726036
0.00720424     0.1095       0.73 -0.0283983  0.0991756   0.726025
0.00732406   0.109494       0.73 -0.0282629  0.0992107   0.726015
0.00744356   0.109488       0.73 -0.0281275  0.0992461   0.726004
0.00756274   0.109482       0.73 -0.027992 0.0992818  0.725994
0.00768158   0.109476       0.73 -0.0278564  0.0993179   0.725983
0.00780009    0.10947       0.73 -0.0277208  0.0993544   0.725972
0.00791827   0.109464       0.73 -0.0275851  0.0993912   0.725962
0.00803611   0.109458       0.73 -0.0274494  0.0994283   0.725951
0.00815361   0.109452       0.73 -0.0273136  0.0994657   0.725941
0.00827078   0.109447       0.73 -0.0271778  0.0995035   0.725931
0.0083876  0.109441      0.73 -0.0270419  0.0995415    0.72592
0.00850408   0.109435       0.73 -0.0269059  0.0995798    0.72591
0.00862022   0.109429       0.73 -0.0267699  0.0996184   0.725899
0.00873601   0.109423       0.73 -0.0266339  0.0996573   0.725889
0.00885145   0.109418       0.73 -0.0264978  0.0996965   0.725879
0.00896654   0.109412       0.73 -0.0263617  0.0997359   0.725869
0.00908128   0.109406       0.73 -0.0262256  0.0997755   0.725859
0.00919567   0.109401       0.73 -0.0260894  0.0998154   0.725849
0.0093097  0.109395      0.73 -0.0259532  0.0998555   0.725839
0.00942338   0.109389       0.73 -0.025817 0.0998958  0.725829
0.0095367  0.109384      0.73 -0.0256807  0.0999364   0.725819
0.00964966   0.109378       0.73 -0.0255444  0.0999772   0.725809
0.00976225   0.109372       0.73 -0.0254081   0.100018   0.725799
0.00987449   0.109367       0.73 -0.0252718   0.100059   0.725789
0.00998635   0.109361       0.73 -0.0251354   0.100101   0.725779
0.0100979  0.109356      0.73 -0.024999  0.100142   0.72577
0.010209  0.10935     0.73 -0.0248626   0.100184    0.72576
0.0103198  0.109345      0.73 -0.0247261   0.100226    0.72575
0.0104301  0.109339      0.73 -0.0245896   0.100268   0.725741
0.0105402  0.109334      0.73 -0.0244532    0.10031   0.725731
0.0106498  0.109328      0.73 -0.0243167   0.100353   0.725722
0.0107591  0.109323      0.73 -0.0241801   0.100395   0.725712
0.010868 0.109317     0.73 -0.0240436   0.100438   0.725703
0.0109765  0.109312      0.73 -0.023907  0.100481  0.725693
0.0110846  0.109307      0.73 -0.0237704   0.100524   0.725684
0.0111924  0.109301      0.73 -0.0236339   0.100567   0.725675
0.0112997  0.109296      0.73 -0.0234973    0.10061   0.725665
0.0114067  0.109291      0.73 -0.0233607   0.100654   0.725656
0.0115133  0.109285      0.73 -0.023224  0.100697  0.725647
0.0116195   0.10928      0.73 -0.0230874   0.100741   0.725638
0.0117254  0.109275      0.73 -0.0229507   0.100785   0.725629
0.0118308  0.109269      0.73 -0.0228141   0.100829    0.72562
0.0119358  0.109264      0.73 -0.0226774   0.100873   0.725611
0.0120405  0.109259      0.73 -0.0225407   0.100917   0.725602
0.0121448  0.109254      0.73 -0.022404  0.100962  0.725593
0.0122486  0.109249      0.73 -0.0222674   0.101006   0.725584
0.0123521  0.109243      0.73 -0.0221306   0.101051   0.725575
0.0124552  0.109238      0.73 -0.0219939   0.101095   0.725566
0.0125579  0.109233      0.73 -0.0218572    0.10114   0.725557
0.0126601  0.109228      0.73 -0.0217205   0.101185   0.725548
0.012762 0.109223     0.73 -0.0215837    0.10123   0.725539
0.0128635  0.109218      0.73 -0.021447  0.101275   0.72553
0.0129646  0.109213      0.73 -0.0213103   0.101321   0.725521
0.0130653  0.109208      0.73 -0.0211735   0.101366   0.725512
0.0131655  0.109203      0.73 -0.0210367   0.101412   0.725503
0.0132654  0.109198      0.73  -0.0209 0.101457 0.725495
0.0133649  0.109193      0.73 -0.0207632   0.101503   0.725486
0.013464 0.109188     0.73 -0.0206264   0.101549   0.725477
0.0135626  0.109183      0.73 -0.0204897   0.101595   0.725468
0.0136609  0.109178      0.73 -0.0203529   0.101641   0.725459
0.0137587  0.109173      0.73 -0.0202161   0.101687    0.72545
0.0138562  0.109169      0.73 -0.0200794   0.101733   0.725441
0.0139532  0.109164      0.73 -0.0199426    0.10178   0.725432
0.0140498  0.109159      0.73 -0.0198058   0.101826   0.725423
0.014146 0.109154     0.73 -0.019669  0.101873  0.725414
0.0142418  0.109149      0.73 -0.0195323    0.10192   0.725405
0.0143372  0.109145      0.73 -0.0193955   0.101967   0.725396
0.0144322   0.10914      0.73 -0.0192587   0.102014   0.725387
0.0145268  0.109135      0.73 -0.019122  0.102061  0.725378
0.014621  0.10913     0.73 -0.0189852   0.102108   0.725368
0.0147147  0.109126      0.73 -0.0188485   0.102155   0.725359
0.0148081  0.109121      0.73 -0.0187118   0.102203    0.72535
0.014901 0.109117     0.73 -0.0185751    0.10225    0.72534
0.0149935  0.109112      0.73 -0.0184383   0.102298   0.725331
0.0150856  0.109107      0.73 -0.0183016   0.102345   0.725322
0.0151773  0.109103      0.73 -0.018165  0.102393  0.725312
0.0152686  0.109098      0.73 -0.0180283   0.102441   0.725303
0.0153595  0.109094      0.73 -0.0178916   0.102489   0.725293
0.0154499  0.109089      0.73 -0.0177549   0.102537   0.725283
 0.01554 0.109085     0.73 -0.0176183   0.102586   0.725274
0.0156296   0.10908      0.73 -0.0174817   0.102634   0.725264
0.0157188  0.109076      0.73 -0.0173451   0.102683   0.725254
0.0158076  0.109071      0.73 -0.0172085   0.102731   0.725244
0.015896 0.109067     0.73 -0.017072   0.10278  0.725234
0.015984 0.109063     0.73 -0.0169355   0.102829   0.725224
0.0160716  0.109058      0.73 -0.016799  0.102878  0.725214
0.0161587  0.109054      0.73 -0.0166625   0.102927   0.725204
0.0162455   0.10905      0.73 -0.0165261   0.102976   0.725194
0.0163318  0.109045      0.73 -0.0163896   0.103025   0.725184
0.0164177  0.109041      0.73 -0.0162532   0.103074   0.725174
0.0165032  0.109037      0.73 -0.0161169   0.103124   0.725163
0.0165884  0.109033      0.73 -0.0159805   0.103173   0.725153
0.016673 0.109028     0.73 -0.0158443   0.103223   0.725143
0.0167573  0.109024      0.73 -0.015708  0.103273  0.725132
0.0168412   0.10902      0.73 -0.0155718   0.103323   0.725122
0.0169247  0.109016      0.73 -0.0154356   0.103373   0.725111
0.0170077  0.109012      0.73 -0.0152995   0.103423     0.7251
0.0170904  0.109008      0.73 -0.0151633   0.103474    0.72509
0.0171726  0.109003      0.73 -0.0150273   0.103524   0.725079
0.0172545  0.108999      0.73 -0.0148913   0.103575   0.725068
0.0173359  0.108995      0.73 -0.0147553   0.103625   0.725057
0.0174169  0.108991      0.73 -0.0146194   0.103676   0.725046
0.0174975  0.108987      0.73 -0.0144835   0.103727   0.725035
0.0175778  0.108983      0.73 -0.0143477   0.103778   0.725024
0.0176576  0.108979      0.73 -0.0142119   0.103829   0.725013
0.017737 0.108975     0.73 -0.0140762    0.10388   0.725002
0.017816 0.108971     0.73 -0.0139405   0.103932   0.724991
0.0178946  0.108967      0.73 -0.0138049   0.103983   0.724979
0.0179728  0.108964      0.73 -0.0136693   0.104035   0.724968
0.0180506   0.10896      0.73 -0.0135338   0.104086   0.724957
0.018128 0.108956     0.73 -0.0133984   0.104138   0.724945
0.018205 0.108952     0.73 -0.013263   0.10419  0.724934
0.0182816  0.108948      0.73 -0.0131277   0.104241   0.724922
0.0183578  0.108944      0.73 -0.0129924   0.104293    0.72491
0.0184336  0.108941      0.73 -0.0128572   0.104345   0.724899
0.018509 0.108937     0.73 -0.0127221   0.104397   0.724887
0.018584 0.108933     0.73 -0.012587  0.104449  0.724875
0.0186586  0.108929      0.73 -0.012452  0.104501  0.724863
0.0187329  0.108926      0.73 -0.0123171   0.104554   0.724851
0.0188067  0.108922      0.73 -0.0121822   0.104606   0.724839
0.0188801  0.108918      0.73 -0.0120474   0.104658   0.724827
0.0189532  0.108915      0.73 -0.0119127   0.104711   0.724815
0.0190258  0.108911      0.73 -0.0117781   0.104763   0.724802
0.0190981  0.108908      0.73 -0.0116435   0.104816    0.72479
 0.01917 0.108904     0.73 -0.011509  0.104868  0.724777
0.0192415    0.1089      0.73 -0.0113746   0.104921   0.724765
0.0193125  0.108897      0.73 -0.0112403   0.104974   0.724752
0.0193833  0.108893      0.73 -0.011106  0.105027   0.72474
0.0194536   0.10889      0.73 -0.0109718    0.10508   0.724727
0.0195235  0.108886      0.73 -0.0108377   0.105132   0.724714
0.0195931  0.108883      0.73 -0.0107037   0.105185   0.724702
0.0196622  0.108879      0.73 -0.0105698   0.105239   0.724689
0.019731 0.108876     0.73 -0.010436  0.105292  0.724676
0.0197994  0.108873      0.73 -0.0103022   0.105345   0.724663
0.0198674  0.108869      0.73 -0.0101685   0.105398    0.72465
0.019935 0.108866     0.73 -0.010035  0.105452  0.724636
0.0200023  0.108863      0.73 -0.00990148    0.105505    0.724623
0.0200692  0.108859      0.73 -0.00976808    0.105558     0.72461
0.0201357  0.108856      0.73 -0.00963478    0.105612    0.724596
0.0202018  0.108853      0.73 -0.00950158    0.105666    0.724583
0.0202675  0.108849      0.73 -0.00936844    0.105719    0.724569
0.0203329  0.108846      0.73 -0.00923544    0.105773    0.724556
0.0203979  0.108843      0.73 -0.00910251    0.105827    0.724542
0.0204625   0.10884      0.73 -0.00896968    0.105881    0.724529
0.0205267  0.108836      0.73 -0.00883696    0.105935    0.724515
0.0205906  0.108833      0.73 -0.00870433    0.105989    0.724501
0.0206541   0.10883      0.73 -0.00857181    0.106043    0.724487
0.0207172  0.108827      0.73 -0.00843939    0.106097    0.724473
0.0207799  0.108824      0.73 -0.00830706    0.106151    0.724459
0.0208423  0.108821      0.73 -0.00817485    0.106205    0.724445
0.0209043  0.108818      0.73 -0.00804276     0.10626     0.72443
0.0209659  0.108815      0.73 -0.00791075    0.106314    0.724416
0.0210272  0.108812      0.73 -0.00777885    0.106369    0.724402
0.0210881  0.108808      0.73 -0.00764706    0.106423    0.724387
0.0211486  0.108805      0.73 -0.0075154   0.106478   0.724373
0.0212088  0.108802      0.73 -0.00738382    0.106532    0.724358
0.0212686    0.1088      0.73 -0.00725237    0.106587    0.724344
0.021328 0.108797     0.73 -0.00712102    0.106642    0.724329
0.0213871  0.108794      0.73 -0.00698978    0.106697    0.724314
0.0214458  0.108791      0.73 -0.00685865    0.106752    0.724299
0.0215041  0.108788      0.73 -0.00672765    0.106807    0.724285
0.0215621  0.108785      0.73 -0.00659677    0.106862     0.72427
0.0216197  0.108782      0.73 -0.006466  0.106917  0.724255
0.021677 0.108779     0.73 -0.00633535    0.106972    0.724239
0.0217338  0.108776      0.73 -0.0062048   0.107027   0.724224
0.0217904  0.108774      0.73 -0.0060744   0.107083   0.724209
0.0218466  0.108771      0.73 -0.00594408    0.107138    0.724194
0.0219024  0.108768      0.73 -0.00581392    0.107194    0.724178
0.0219578  0.108765      0.73 -0.00568386    0.107249    0.724163
0.0220129  0.108762      0.73 -0.00555392    0.107305    0.724147
0.0220677   0.10876      0.73 -0.00542412     0.10736    0.724132
0.022122 0.108757     0.73 -0.00529441    0.107416    0.724116
0.0221761  0.108754      0.73 -0.00516485    0.107472      0.7241
0.0222297  0.108752      0.73 -0.00503538    0.107528    0.724085
0.0222831  0.108749      0.73 -0.00490606    0.107584    0.724069
0.022336 0.108746     0.73 -0.00477687     0.10764    0.724053
0.0223886  0.108744      0.73 -0.00464777    0.107696    0.724037
0.0224409  0.108741      0.73 -0.00451883    0.107752    0.724021
0.0224928  0.108739      0.73 -0.00439001    0.107808    0.724005
0.0225444  0.108736      0.73 -0.00426129    0.107864    0.723989
0.0225956  0.108733      0.73 -0.00413274    0.107921    0.723972
0.0226464  0.108731      0.73 -0.0040043   0.107977   0.723956
0.0226969  0.108728      0.73 -0.00387596    0.108034     0.72394
0.0227471  0.108726      0.73 -0.00374777     0.10809    0.723923
0.0227969  0.108723      0.73 -0.00361972    0.108147    0.723907
0.0228463  0.108721      0.73 -0.00349177    0.108204     0.72389
0.0228954  0.108718      0.73 -0.00336398     0.10826    0.723873
0.0229442  0.108716      0.73 -0.0032363   0.108317   0.723856
0.0229926  0.108714      0.73 -0.00310877    0.108374     0.72384
0.0230407  0.108711      0.73 -0.00298134    0.108431    0.723823
0.0230884  0.108709      0.73 -0.00285407    0.108488    0.723806
0.0231358  0.108707      0.73 -0.00272693    0.108545    0.723789
0.0231828  0.108704      0.73 -0.00259994    0.108603    0.723772
0.0232295  0.108702      0.73 -0.00247307     0.10866    0.723755
0.0232758    0.1087      0.73 -0.00234636    0.108717    0.723738
0.0233219  0.108697      0.73 -0.00221981    0.108775    0.723721
0.0233675  0.108695      0.73 -0.00209341    0.108832    0.723704
0.0234128  0.108693      0.73 -0.00196714     0.10889    0.723686
0.0234578   0.10869      0.73 -0.00184102    0.108947    0.723669
0.0235025  0.108688      0.73 -0.00158924    0.109063    0.723635
0.0235468  0.108686      0.73 -0.00146357    0.109121    0.723618
0.0235907  0.108684      0.73 -0.00133807    0.109179    0.723601
0.0236343  0.108682      0.73 -0.00121268    0.109237    0.723584
0.0236776   0.10868      0.73 -0.00108747    0.109295    0.723568
0.0237206  0.108677      0.73 -0.000962404     0.109353     0.723551
0.0237632  0.108675      0.73 -0.000837505     0.109411     0.723534
0.0238054  0.108673      0.73 -0.000712722      0.10947     0.723517
0.0238474  0.108671      0.73 -0.000588096     0.109528     0.723501
0.023889 0.108669     0.73 -0.00046363    0.109587    0.723484
0.0239302  0.108667      0.73 -0.000339288     0.109645     0.723467
0.0239712  0.108665      0.73 -0.000215096     0.109704     0.723451
0.0240118  0.108663      0.73 -9.10464e-05     0.109763     0.723434
0.024052 0.108661     0.73 3.28418e-05    0.109822    0.723418
0.024092 0.108659     0.73 0.000156631    0.109881    0.723401
0.0241316  0.108657      0.73 0.000280273     0.10994    0.723385
0.0241708  0.108655      0.73 0.000403777    0.109999    0.723369
0.0242098  0.108653      0.73 0.000527129    0.110058    0.723353
0.0242484  0.108651      0.73 0.000650379    0.110117    0.723336
0.0242867  0.108649      0.73 0.000773491    0.110177     0.72332
0.0243246  0.108647      0.73 0.000896495    0.110236    0.723304
0.0243623  0.108645      0.73 0.00101934   0.110296   0.723288
0.0243995  0.108644      0.73 0.00114209   0.110355   0.723272
0.0244365  0.108642      0.73 0.00126471   0.110415   0.723256
0.0244732   0.10864      0.73 0.0013872  0.110475   0.72324
0.0245095  0.108638      0.73 0.00150959   0.110535   0.723224
0.0245455  0.108636      0.73 0.00163186   0.110595   0.723208
0.0245811  0.108635      0.73 0.00175399   0.110655   0.723193
0.0246165  0.108633      0.73 0.00187602   0.110715   0.723177
0.0246515  0.108631      0.73 0.00199794   0.110775   0.723161
0.0246862  0.108629      0.73 0.00211975   0.110836   0.723146
0.0247206  0.108628      0.73 0.00224145   0.110896    0.72313
0.0247547  0.108626      0.73 0.00236303   0.110957   0.723115
0.0247884  0.108624      0.73 0.00248451   0.111017   0.723099
0.0248218  0.108623      0.73 0.00260587   0.111078   0.723084
0.0248549  0.108621      0.73 0.00272714   0.111139   0.723069
0.0248877  0.108619      0.73 0.00284829     0.1112   0.723053
0.0249202  0.108618      0.73 0.00296937   0.111261   0.723038
0.0249523  0.108616      0.73 0.00309029   0.111322   0.723023
0.0249842  0.108615      0.73 0.00321116   0.111383   0.723008
0.0250157  0.108613      0.73 0.00333192   0.111444   0.722993
0.0250469  0.108611      0.73 0.00345255   0.111506   0.722978
0.0250778   0.10861      0.73 0.0035731  0.111567  0.722963
0.0251084  0.108608      0.73 0.00369354   0.111629   0.722948
0.0251387  0.108607      0.73 0.00381391    0.11169   0.722934
0.0251686  0.108605      0.73 0.00393417   0.111752   0.722919
0.0251983  0.108604      0.73 0.00405432   0.111814   0.722904
0.0252276  0.108602      0.73 0.00417437   0.111876    0.72289
0.0252567  0.108601      0.73 0.00429433   0.111938   0.722875
0.0252854    0.1086      0.73 0.00441418      0.112   0.722861
0.0253138  0.108598      0.73 0.00453394   0.112062   0.722847
0.025342 0.108597     0.73 0.00465359   0.112124   0.722833
0.0253698  0.108595      0.73 0.00477315   0.112186   0.722818
0.0253973  0.108594      0.73 0.00489259   0.112249   0.722804
0.0254245  0.108593      0.73 0.00501196   0.112311    0.72279
0.0254514  0.108591      0.73 0.00513119   0.112374   0.722776
0.025478  0.10859     0.73 0.00525035   0.112436   0.722763
0.0255043  0.108589      0.73 0.0053694  0.112499  0.722749
0.0255303  0.108587      0.73 0.00548835   0.112562   0.722735
0.0255561  0.108586      0.73 0.00560719   0.112625   0.722722
0.0255815  0.108585      0.73 0.00572594   0.112688   0.722708
0.0256066  0.108584      0.73 0.00584458   0.112751   0.722695
0.0256314  0.108582      0.73 0.00596311   0.112814   0.722681
0.025656 0.108581     0.73 0.00608156   0.112877   0.722668
0.0256802   0.10858      0.73 0.00619989    0.11294   0.722655
0.0257042  0.108579      0.73 0.00631812   0.113004   0.722642
0.0257278  0.108577      0.73 0.00643624   0.113067   0.722629
0.0257512  0.108576      0.73 0.00655426    0.11313   0.722616
0.0257743  0.108575      0.73 0.00667218   0.113194   0.722603
0.0257971  0.108574      0.73 0.00678999   0.113258    0.72259
0.0258196  0.108573      0.73 0.00690769   0.113321   0.722577
0.0258418  0.108572      0.73 0.00702529   0.113385   0.722565
0.0258638  0.108571      0.73 0.00714279   0.113449   0.722552
0.0258854   0.10857      0.73 0.00726019   0.113513    0.72254
0.0259068  0.108569      0.73 0.00737746   0.113577   0.722527
0.0259279  0.108568      0.73 0.00749463   0.113641   0.722515
0.0259487  0.108566      0.73 0.0076117  0.113705  0.722503
0.0259693  0.108565      0.73 0.00772866   0.113769    0.72249
0.0259895  0.108564      0.73 0.00784551   0.113833   0.722478
0.0260095  0.108563      0.73 0.00796225   0.113898   0.722466
0.0260293  0.108562      0.73 0.00807888   0.113962   0.722454
0.0260487  0.108561      0.73 0.0081954  0.114027  0.722443
0.0260679  0.108561      0.73 0.00831181   0.114091   0.722431
0.0260868   0.10856      0.73 0.0084281  0.114156  0.722419
0.0261054  0.108559      0.73 0.00854429   0.114221   0.722408
0.0261238  0.108558      0.73 0.00866037   0.114286   0.722396
0.0261419  0.108557      0.73 0.00877633   0.114351   0.722385
0.0261597  0.108556      0.73 0.00889218   0.114416   0.722373
0.0261773  0.108555      0.73 0.00900792   0.114481   0.722362
0.0261946  0.108554      0.73 0.00912354   0.114547   0.722351
0.0262117  0.108553      0.73 0.00923904   0.114612    0.72234
0.0262285  0.108553      0.73 0.00935442   0.114677   0.722329
0.026245 0.108552     0.73 0.0094697  0.114743  0.722318
0.0262613  0.108551      0.73 0.00958486   0.114809   0.722307
0.0262774   0.10855      0.73 0.00969991   0.114874   0.722296
0.0262931  0.108549      0.73 0.00981482    0.11494   0.722286
0.0263087  0.108549      0.73 0.00992963   0.115006   0.722275
0.0263239  0.108548      0.73 0.0100443  0.115072  0.722265
0.026339 0.108547     0.73 0.0101589  0.115138  0.722254
0.0263537  0.108546      0.73 0.0102733  0.115204  0.722244
0.0263683  0.108546      0.73 0.0103877   0.11527  0.722234
0.0263826  0.108545      0.73 0.0105019  0.115337  0.722223
0.0263966  0.108544      0.73 0.0106159  0.115403  0.722213
0.0264104  0.108543      0.73 0.0107299   0.11547  0.722203
0.026424 0.108543     0.73 0.0108437  0.115536  0.722193
0.0264373  0.108542      0.73 0.0109574  0.115603  0.722184
0.0264504  0.108541      0.73 0.011071  0.11567 0.722174
0.0264633  0.108541      0.73 0.0111844  0.115737  0.722164
0.0264759   0.10854      0.73 0.0112978  0.115803  0.722155
0.0264883   0.10854      0.73 0.011411 0.115871 0.722145
0.0265005  0.108539      0.73 0.011524 0.115938 0.722136
0.0265124  0.108538      0.73 0.011637 0.116005 0.722127
0.0265241  0.108538      0.73 0.0117498  0.116072  0.722118
0.0265356  0.108537      0.73 0.0118624  0.116139  0.722109
0.0265469  0.108537      0.73 0.011975 0.116207   0.7221
0.026558 0.108536     0.73 0.0120874  0.116274  0.722091
0.0265688  0.108536      0.73 0.0121997  0.116342  0.722082
0.0265794  0.108535      0.73 0.0123118   0.11641  0.722073
0.0265898  0.108535      0.73 0.0124238  0.116478  0.722065
  0.0266 0.108534     0.73 0.0125357  0.116545  0.722056
 0.02661 0.108534     0.73 0.0126474  0.116613  0.722048
0.0266198  0.108533      0.73 0.012759 0.116681  0.72204
0.0266293  0.108533      0.73 0.0128705   0.11675  0.722032
0.0266387  0.108532      0.73 0.0129818  0.116818  0.722024
0.0266478  0.108532      0.73 0.013093 0.116886 0.722016
0.0266568  0.108531      0.73 0.0132041  0.116954  0.722008
0.0266655  0.108531      0.73 0.013315 0.117023    0.722
0.0266741   0.10853      0.73 0.0134258  0.117091  0.721993
0.0266824   0.10853      0.73 0.0135365   0.11716  0.721985
0.0266906   0.10853      0.73 0.013647 0.117228 0.721978
0.0266986  0.108529      0.73 0.0137573  0.117297   0.72197
0.0267064  0.108529      0.73 0.0138676  0.117366  0.721963
0.0267139  0.108528      0.73 0.0139777  0.117435  0.721956
0.0267214  0.108528      0.73 0.0140877  0.117504  0.721949
0.0267286  0.108528      0.73 0.0141975  0.117573  0.721942
0.0267356  0.108527      0.73 0.0143072  0.117642  0.721935
0.0267425  0.108527      0.73 0.0144167  0.117711  0.721928
0.0267492  0.108527      0.73 0.0145261   0.11778  0.721922
0.0267557  0.108526      0.73 0.0146354  0.117849  0.721915
0.026762 0.108526     0.73 0.0147444  0.117918  0.721909
0.0267682  0.108526      0.73 0.0148533  0.117987  0.721902
0.0267742  0.108525      0.73 0.014962 0.118056 0.721896
 0.02678 0.108525     0.73 0.0150705  0.118126   0.72189
0.0267857  0.108525      0.73 0.0151788  0.118195  0.721884
0.0267912  0.108525      0.73 0.0152869  0.118264  0.721878
0.0267966  0.108524      0.73 0.0153947  0.118333  0.721872
0.0268018  0.108524      0.73 0.0155024  0.118403  0.721866
0.0268068  0.108524      0.73 0.0156099  0.118472  0.721861
0.0268117  0.108524      0.73 0.0157171  0.118541  0.721855
0.0268164  0.108523      0.73 0.0158242  0.118611   0.72185
0.026821 0.108523     0.73 0.015931  0.11868 0.721845
0.0268254  0.108523      0.73 0.0160377  0.118749   0.72184
0.0268297  0.108523      0.73 0.0161441  0.118819  0.721835
0.0268339  0.108522      0.73 0.0162504  0.118888   0.72183
0.0268379  0.108522      0.73 0.0163565  0.118958  0.721825
0.0268418  0.108522      0.73 0.0164624  0.119027   0.72182
0.0268455  0.108522      0.73 0.0165682  0.119097  0.721815
0.0268491  0.108522      0.73 0.0166738  0.119166  0.721811
0.0268526  0.108521      0.73 0.0167792  0.119236  0.721806
0.026856 0.108521     0.73 0.0168845  0.119305  0.721802
0.0268592  0.108521      0.73 0.0169896  0.119375  0.721797
0.0268624  0.108521      0.73 0.0170946  0.119444  0.721793
0.0268653  0.108521      0.73 0.0171994  0.119514  0.721789
0.0268682  0.108521      0.73 0.0173041  0.119584  0.721785
0.026871 0.108521     0.73 0.0174087  0.119653   0.72178
0.0268737   0.10852      0.73 0.0175131  0.119723  0.721776
0.0268762   0.10852      0.73 0.0176174  0.119793  0.721772
0.0268786   0.10852      0.73 0.0177215  0.119863  0.721768
0.026881  0.10852     0.73 0.0178256  0.119933  0.721765
0.0268832   0.10852      0.73 0.0179295  0.120003  0.721761
0.0268854   0.10852      0.73 0.0180333  0.120073  0.721757
0.0268874   0.10852      0.73 0.018137 0.120143 0.721753
0.0268894   0.10852      0.73 0.0182405  0.120213   0.72175
0.0268912   0.10852      0.73 0.018344 0.120283 0.721746
0.026893 0.108519     0.73 0.0184473  0.120353  0.721743
0.0268947  0.108519      0.73 0.0185506  0.120423  0.721739
0.0268963  0.108519      0.73 0.0186537  0.120494  0.721736
0.0268978  0.108519      0.73 0.0187567  0.120564  0.721732
0.0268993  0.108519      0.73 0.0188596  0.120634  0.721729
0.0269007  0.108519      0.73 0.0189624  0.120705  0.721726
0.026902 0.108519     0.73 0.019065 0.120775 0.721723
0.0269033  0.108519      0.73 0.0191675  0.120845   0.72172
0.0269044  0.108519      0.73 0.0192697  0.120915  0.721719
0.0269056  0.108519      0.73 0.0193718  0.120984  0.721717
0.0269066  0.108519      0.73 0.0194738  0.121053  0.721716
0.0269076  0.108519      0.73 0.0195757  0.121122  0.721716
0.0269086  0.108519      0.73 0.0196775   0.12119  0.721716
0.0269095  0.108519      0.73 0.0197794  0.121259  0.721717
0.0269103  0.108519      0.73 0.0198812  0.121327  0.721718
0.0269112  0.108519      0.73 0.019983 0.121394  0.72172
0.0269119  0.108519      0.73 0.0200849  0.121462  0.721722
0.0269127  0.108518      0.73 0.0201869  0.121529  0.721725
0.0269134  0.108518      0.73 0.020289 0.121596 0.721729
0.026914 0.108518     0.73 0.0203912  0.121662  0.721733
0.0269147  0.108518      0.73 0.0204935  0.121729  0.721738
0.0269153  0.108518      0.73 0.020596 0.121795 0.721744
0.0269159  0.108518      0.73 0.0206986  0.121861   0.72175
0.0269164  0.108518      0.73 0.0208014  0.121926  0.721756
0.026917 0.108518     0.73 0.0209043  0.121991  0.721764
0.0269175  0.108518      0.73 0.0210073  0.122056  0.721772
0.0269181  0.108518      0.73 0.0211106  0.122121   0.72178
-0.0535114  -0.100022       0.73 -0.0535114  -0.100022   0.721684
-0.0535114  -0.100022       0.73 -0.0535117 -0.0999347   0.721781
-0.0535114  -0.100022       0.73 -0.0535107 -0.0998477   0.721877
-0.0535114  -0.100022       0.73 -0.0535085 -0.0997609   0.721972
-0.0535114  -0.100022       0.73 -0.0535051 -0.0996742   0.722066
-0.0535114  -0.100022       0.73 -0.0535005 -0.0995877   0.722159
-0.0535113  -0.100022       0.73 -0.0534948 -0.0995013   0.722252
-0.0535113  -0.100022       0.73 -0.0534848 -0.0994149   0.722341
-0.0535112  -0.100022       0.73 -0.0534706 -0.0993284   0.722427
-0.0535111  -0.100022       0.73 -0.0534524 -0.0992419    0.72251
-0.053511 -0.100022      0.73 -0.0534303 -0.0991554   0.722591
-0.0535108  -0.100022       0.73 -0.0534045  -0.099069   0.722669
-0.0535106  -0.100022       0.73  -0.053375 -0.0989825   0.722745
-0.0535104  -0.100022       0.73  -0.053342 -0.0988961   0.722818
-0.0535101  -0.100022       0.73 -0.0533056 -0.0988097    0.72289
-0.0535098  -0.100022       0.73  -0.053266 -0.0987234   0.722959
-0.0535095  -0.100022       0.73 -0.0532231 -0.0986371   0.723026
-0.0535091  -0.100022       0.73 -0.0531771 -0.0985509   0.723091
-0.0535087  -0.100022       0.73 -0.0531283 -0.0984647   0.723154
-0.0535082  -0.100022       0.73 -0.0530768 -0.0983786   0.723215
-0.0535077  -0.100022       0.73 -0.0530226 -0.0982925   0.723275
-0.0535071  -0.100022       0.73  -0.052966 -0.0982065   0.723333
-0.0535064  -0.100022       0.73 -0.0529069 -0.0981205    0.72339
-0.0535057  -0.100022       0.73 -0.0528457 -0.0980346   0.723446
-0.0535049  -0.100022       0.73 -0.0527823 -0.0979487     0.7235
-0.0535041  -0.100022       0.73 -0.0527168 -0.0978628   0.723553
-0.0535031  -0.100022       0.73 -0.0526494 -0.0977771   0.723605
-0.0535021  -0.100022       0.73 -0.0525801 -0.0976913   0.723656
-0.0535011  -0.100022       0.73 -0.0525091 -0.0976056   0.723706
-0.0534999  -0.100022       0.73 -0.0524364 -0.0975199   0.723755
-0.0534987  -0.100022       0.73  -0.052362 -0.0974343   0.723803
-0.0534974  -0.100022       0.73 -0.0522861 -0.0973487    0.72385
-0.053496 -0.100022      0.73 -0.0522088 -0.0972631   0.723897
-0.0534945  -0.100022       0.73   -0.05213 -0.0971776   0.723943
-0.0534929  -0.100022       0.73 -0.0520499 -0.0970921   0.723988
-0.0534912  -0.100022       0.73 -0.0519685 -0.0970066   0.724033
-0.0534895  -0.100022       0.73 -0.0518859 -0.0969212   0.724076
-0.0534876  -0.100022       0.73 -0.0518022 -0.0968358    0.72412
-0.0534856  -0.100022       0.73 -0.0517173 -0.0967504   0.724163
-0.0534836  -0.100023       0.73 -0.0516313 -0.0966651   0.724205
-0.0534814  -0.100023       0.73 -0.0515443 -0.0965798   0.724247
-0.0534791  -0.100023       0.73 -0.0514564 -0.0964945   0.724288
-0.0534767  -0.100023       0.73 -0.0513675 -0.0964093   0.724329
-0.0534742  -0.100023       0.73 -0.0512777  -0.096324   0.724369
-0.0534715  -0.100023       0.73  -0.051187 -0.0962388   0.724409
-0.0534688  -0.100023       0.73 -0.0510956 -0.0961537   0.724449
-0.0534659  -0.100023       0.73 -0.0510034 -0.0960685   0.724488
-0.0534629  -0.100023       0.73 -0.0509104 -0.0959834   0.724527
-0.0534598  -0.100023       0.73 -0.0508167 -0.0958983   0.724565
-0.0534565  -0.100023       0.73 -0.0507223 -0.0958132   0.724604
-0.0534531  -0.100023       0.73 -0.0506273 -0.0957282   0.724641
-0.0534496  -0.100023       0.73 -0.0505316 -0.0956431   0.724679
-0.053446 -0.100024      0.73 -0.0504353 -0.0955581   0.724716
-0.0534422  -0.100024       0.73 -0.0503385 -0.0954731   0.724753
-0.0534383  -0.100024       0.73 -0.0502412 -0.0953881   0.724789
-0.0534342  -0.100024       0.73 -0.0501433 -0.0953032   0.724825
 -0.05343 -0.100024      0.73  -0.050045 -0.0952182   0.724861
-0.0534256  -0.100024       0.73 -0.0499462 -0.0951333   0.724896
-0.0534211  -0.100024       0.73 -0.0498469 -0.0950484   0.724931
-0.0534164  -0.100024       0.73 -0.0497473 -0.0949635   0.724966
-0.0534116  -0.100024       0.73 -0.0496472 -0.0948786   0.725001
-0.0534066  -0.100025       0.73 -0.0495468 -0.0947937   0.725035
-0.0534015  -0.100025       0.73  -0.049446 -0.0947089   0.725068
-0.0533962  -0.100025       0.73 -0.049345 -0.094624  0.725101
-0.0533907  -0.100025       0.73 -0.0492436 -0.0945392   0.725134
-0.0533851  -0.100025       0.73 -0.0491419 -0.0944544   0.725167
-0.0533793  -0.100025       0.73 -0.0490399 -0.0943696   0.725199
-0.0533733  -0.100025       0.73 -0.0489378 -0.0942849   0.725231
-0.0533672  -0.100026       0.73 -0.0488353 -0.0942001   0.725262
-0.0533609  -0.100026       0.73 -0.0487327 -0.0941154   0.725293
-0.0533544  -0.100026       0.73   -0.04863 -0.0940306   0.725324
-0.0533478  -0.100026       0.73  -0.048527 -0.0939459   0.725354
-0.0533409  -0.100026       0.73 -0.0484239 -0.0938612   0.725384
-0.0533339  -0.100027       0.73 -0.0483207 -0.0937766   0.725413
-0.0533267  -0.100027       0.73 -0.0482174 -0.0936919   0.725442
-0.0533193  -0.100027       0.73 -0.0481139 -0.0936073    0.72547
-0.0533117  -0.100027       0.73 -0.0480104 -0.0935227   0.725498
-0.0533039  -0.100027       0.73 -0.0479069 -0.0934381   0.725526
-0.053296 -0.100028      0.73 -0.0478033 -0.0933536   0.725553
-0.0532878  -0.100028       0.73 -0.0476996 -0.0932691   0.725579
-0.0532794  -0.100028       0.73  -0.047596 -0.0931846   0.725606
-0.0532709  -0.100028       0.73 -0.0474923 -0.0931002   0.725631
-0.0532621  -0.100028       0.73 -0.0473887 -0.0930158   0.725657
-0.0532532  -0.100029       0.73 -0.0472851 -0.0929315   0.725682
-0.053244 -0.100029      0.73 -0.0471815 -0.0928472   0.725706
-0.0532346  -0.100029       0.73  -0.047078 -0.0927629    0.72573
-0.0532251  -0.100029       0.73 -0.0469743 -0.0926787   0.725754
-0.0532153   -0.10003       0.73 -0.0468706 -0.0925945   0.725777
-0.0532053   -0.10003       0.73 -0.0467669 -0.0925104   0.725799
-0.0531951   -0.10003       0.73 -0.0466631 -0.0924264   0.725821
-0.0531846   -0.10003       0.73 -0.0465593 -0.0923424   0.725842
-0.053174 -0.100031      0.73 -0.0464555 -0.0922585   0.725863
-0.0531631  -0.100031       0.73 -0.0463517 -0.0921746   0.725883
-0.053152 -0.100031      0.73 -0.0462478 -0.0920909   0.725903
-0.0531407  -0.100032       0.73  -0.046144 -0.0920072   0.725922
-0.0531292  -0.100032       0.73 -0.0460401 -0.0919235   0.725941
-0.0531174  -0.100032       0.73 -0.0459361   -0.09184    0.72596
-0.0531054  -0.100033       0.73 -0.0458322 -0.0917566   0.725977
-0.0530932  -0.100033       0.73 -0.0457281 -0.0916733   0.725995
-0.0530808  -0.100033       0.73 -0.0456241 -0.0915901   0.726012
-0.0530681  -0.100034       0.73   -0.04552 -0.0915071   0.726029
-0.0530552  -0.100034       0.73 -0.0454159 -0.0914242   0.726045
-0.053042 -0.100034      0.73 -0.0453117 -0.0913414   0.726061
-0.0530286  -0.100035       0.73 -0.0452076 -0.0912588   0.726076
-0.053015 -0.100035      0.73 -0.0451034 -0.0911764   0.726091
-0.0530011  -0.100035       0.73 -0.0449992 -0.0910941   0.726106
-0.052987 -0.100036      0.73 -0.044895 -0.091012   0.72612
-0.0529726  -0.100036       0.73 -0.0447907 -0.0909301   0.726134
-0.052958 -0.100037      0.73 -0.0446863 -0.0908484   0.726148
-0.0529431  -0.100037       0.73  -0.044582 -0.0907669   0.726162
-0.052928 -0.100037      0.73 -0.0444774 -0.0906856   0.726175
-0.0529126  -0.100038       0.73 -0.0443728 -0.0906045   0.726188
-0.052897 -0.100038      0.73 -0.0442681 -0.0905237   0.726201
-0.0528811  -0.100039       0.73 -0.0441632  -0.090443   0.726214
-0.0528649  -0.100039       0.73 -0.0440583 -0.0903626   0.726227
-0.0528485  -0.100039       0.73 -0.0439532 -0.0902824   0.726239
-0.0528319   -0.10004       0.73  -0.043848 -0.0902025   0.726251
-0.052815  -0.10004      0.73 -0.0437427 -0.0901228   0.726263
-0.0527978  -0.100041       0.73 -0.0436373 -0.0900433   0.726275
-0.0527803  -0.100041       0.73 -0.0435318 -0.0899641   0.726287
-0.0527626  -0.100042       0.73 -0.0434262 -0.0898851   0.726298
-0.0527446  -0.100042       0.73 -0.0433205 -0.0898064    0.72631
-0.0527264  -0.100043       0.73 -0.0432148 -0.0897279   0.726321
-0.0527078  -0.100043       0.73 -0.0431089 -0.0896497   0.726332
-0.052689 -0.100044      0.73  -0.043003 -0.0895718   0.726343
 -0.05267 -0.100044      0.73  -0.042897 -0.0894941   0.726354
-0.0526506  -0.100045       0.73 -0.0426849 -0.0893396   0.726377
-0.052631 -0.100045      0.73 -0.0425787 -0.0892628   0.726388
-0.0526111  -0.100046       0.73 -0.0424725 -0.0891862   0.726399
-0.0525909  -0.100046       0.73 -0.0423662 -0.0891099    0.72641
-0.0525704  -0.100047       0.73 -0.0422598 -0.0890339   0.726421
-0.0525497  -0.100047       0.73 -0.0421535 -0.0889583   0.726432
-0.0525286  -0.100048       0.73  -0.042047 -0.0888829   0.726443
-0.0525073  -0.100049       0.73 -0.0419406 -0.0888078   0.726454
-0.0524857  -0.100049       0.73 -0.0418341  -0.088733   0.726466
-0.0524638   -0.10005       0.73 -0.0417276 -0.0886585   0.726477
-0.0524417   -0.10005       0.73 -0.0416211 -0.0885843   0.726489
-0.0524192  -0.100051       0.73 -0.0415145 -0.0885104   0.726501
-0.0523964  -0.100051       0.73 -0.0414079 -0.0884368   0.726513
-0.0523734  -0.100052       0.73 -0.0413013 -0.0883636   0.726525
 -0.05235 -0.100053      0.73 -0.0411947 -0.0882906   0.726537
-0.0523264  -0.100053       0.73 -0.0410881  -0.088218    0.72655
-0.0523024  -0.100054       0.73 -0.0409814 -0.0881457   0.726563
-0.0522782  -0.100055       0.73 -0.0408748 -0.0880737   0.726576
-0.0522536  -0.100055       0.73 -0.0407682 -0.0880021   0.726589
-0.0522288  -0.100056       0.73 -0.0406615 -0.0879308   0.726603
-0.0522037  -0.100057       0.73 -0.0405549 -0.0878598   0.726617
-0.0521782  -0.100057       0.73 -0.0404483 -0.0877891   0.726631
-0.0521525  -0.100058       0.73 -0.0403416 -0.0877188   0.726646
-0.0521264  -0.100059       0.73  -0.040235 -0.0876488    0.72666
-0.0521001  -0.100059       0.73 -0.0401284 -0.0875791   0.726676
-0.0520734   -0.10006       0.73 -0.0400218 -0.0875098   0.726691
-0.0520464  -0.100061       0.73 -0.0399153 -0.0874408   0.726707
-0.0520191  -0.100062       0.73 -0.0398087 -0.0873721   0.726723
-0.0519915  -0.100062       0.73 -0.0397021 -0.0873038    0.72674
-0.0519636  -0.100063       0.73 -0.0395956 -0.0872358   0.726757
-0.0519354  -0.100064       0.73 -0.0394891 -0.0871681   0.726774
-0.0519069  -0.100065       0.73 -0.0393826 -0.0871008   0.726792
-0.051878 -0.100065      0.73 -0.0392762 -0.0870338    0.72681
-0.0518489  -0.100066       0.73 -0.0391697 -0.0869671   0.726828
-0.0518194  -0.100067       0.73 -0.0390633 -0.0869008   0.726847
-0.0517896  -0.100068       0.73  -0.038957 -0.0868349   0.726867
-0.0517595  -0.100068       0.73 -0.0388506 -0.0867692   0.726886
-0.0517291  -0.100069       0.73 -0.0387443 -0.0867039   0.726906
-0.0516983   -0.10007       0.73  -0.038638 -0.0866389   0.726927
-0.0516673  -0.100071       0.73 -0.0385317 -0.0865743   0.726948
-0.0516359  -0.100072       0.73 -0.0384255   -0.08651   0.726969
-0.0516042  -0.100073       0.73 -0.0383192 -0.0864461   0.726991
-0.0515721  -0.100073       0.73  -0.038213 -0.0863824   0.727013
-0.0515398  -0.100074       0.73 -0.0381069 -0.0863191   0.727035
-0.0515071  -0.100075       0.73 -0.0380007 -0.0862562   0.727058
-0.0514741  -0.100076       0.73 -0.0378946 -0.0861935   0.727082
-0.0514408  -0.100077       0.73 -0.0377885 -0.0861312   0.727106
-0.0514071  -0.100078       0.73 -0.0376824 -0.0860692    0.72713
-0.0513731  -0.100079       0.73 -0.0375764 -0.0860076   0.727155
-0.0513388   -0.10008       0.73 -0.0374704 -0.0859463    0.72718
-0.0513042  -0.100081       0.73 -0.0373645 -0.0858853   0.727205
-0.0512692  -0.100082       0.73 -0.0372585 -0.0858246   0.727231
-0.0512339  -0.100082       0.73 -0.0371527 -0.0857643   0.727257
-0.0511983  -0.100083       0.73 -0.0370468 -0.0857043   0.727283
-0.0511624  -0.100084       0.73  -0.036941 -0.0856446    0.72731
-0.0511261  -0.100085       0.73 -0.0368353 -0.0855852   0.727337
-0.0510895  -0.100086       0.73 -0.0367296 -0.0855262   0.727364
-0.0510525  -0.100087       0.73  -0.036624 -0.0854675   0.727392
-0.0510153  -0.100088       0.73 -0.0365184 -0.0854091    0.72742
-0.0509777  -0.100089       0.73 -0.0364128  -0.085351   0.727448
-0.0509397   -0.10009       0.73 -0.0363073 -0.0852933   0.727477
-0.0509015  -0.100091       0.73 -0.0362019 -0.0852359   0.727505
-0.0508629  -0.100092       0.73 -0.0360965 -0.0851787   0.727534
-0.0508239  -0.100093       0.73 -0.0359911  -0.085122   0.727563
-0.0507847  -0.100094       0.73 -0.0358858 -0.0850656   0.727593
-0.0507451  -0.100095       0.73 -0.0357806 -0.0850096   0.727622
-0.0507051  -0.100097       0.73 -0.0356754  -0.084954   0.727652
-0.0506649  -0.100098       0.73 -0.0355703 -0.0848988   0.727682
-0.0506243  -0.100099       0.73 -0.0354652  -0.084844   0.727713
-0.0505833    -0.1001       0.73 -0.0353602 -0.0847895   0.727743
-0.0505421  -0.100101       0.73 -0.0352553 -0.0847353   0.727774
-0.0505005  -0.100102       0.73 -0.0351504 -0.0846814   0.727804
-0.0504585  -0.100103       0.73 -0.0350456 -0.0846277   0.727835
-0.0504163  -0.100104       0.73 -0.0349408 -0.0845743   0.727866
-0.0503737  -0.100105       0.73 -0.0348361 -0.0845212   0.727897
-0.0503307  -0.100107       0.73 -0.0347315 -0.0844683   0.727928
-0.0502875  -0.100108       0.73 -0.0346269 -0.0844156    0.72796
-0.0502439  -0.100109       0.73 -0.0345223 -0.0843632   0.727991
-0.0501999   -0.10011       0.73 -0.0344178  -0.084311   0.728023
-0.0501557  -0.100111       0.73 -0.0343134  -0.084259   0.728055
-0.0501111  -0.100112       0.73  -0.034209 -0.0842073   0.728087
-0.0500661  -0.100114       0.73 -0.0341046 -0.0841558   0.728119
-0.0500209  -0.100115       0.73 -0.0340003 -0.0841046   0.728151
-0.0499753  -0.100116       0.73  -0.033896 -0.0840536   0.728184
-0.0499294  -0.100117       0.73 -0.0337917  -0.084003   0.728216
-0.0498831  -0.100118       0.73 -0.0336875 -0.0839526   0.728249
-0.0498365   -0.10012       0.73 -0.0335833 -0.0839025   0.728282
-0.0497896  -0.100121       0.73 -0.0334791 -0.0838527   0.728315
-0.0497423  -0.100122       0.73  -0.033375 -0.0838031   0.728347
-0.0496948  -0.100123       0.73 -0.0332709 -0.0837538   0.728381
-0.0496468  -0.100125       0.73 -0.0331668 -0.0837048   0.728414
-0.0495986  -0.100126       0.73 -0.0330628  -0.083656   0.728447
 -0.04955 -0.100127      0.73 -0.0329587 -0.0836075    0.72848
-0.0495011  -0.100129       0.73 -0.0328547 -0.0835593   0.728514
-0.0494519   -0.10013       0.73 -0.0327507 -0.0835113   0.728547
-0.0494023  -0.100131       0.73 -0.0326467 -0.0834636   0.728581
-0.0493525  -0.100133       0.73 -0.0325427 -0.0834162   0.728614
-0.0493022  -0.100134       0.73 -0.0324387 -0.0833691   0.728648
-0.0492517  -0.100135       0.73 -0.0323348 -0.0833222   0.728682
-0.0492008  -0.100137       0.73 -0.0322309 -0.0832756   0.728715
-0.0491496  -0.100138       0.73 -0.0321269 -0.0832293   0.728749
-0.0490981  -0.100139       0.73  -0.032023 -0.0831832   0.728783
-0.0490463  -0.100141       0.73 -0.0319191 -0.0831374   0.728817
-0.0489941  -0.100142       0.73 -0.0318152 -0.0830919   0.728851
-0.0489416  -0.100144       0.73 -0.0317113 -0.0830466   0.728885
-0.0488888  -0.100145       0.73 -0.0316074 -0.0830015   0.728919
-0.0488356  -0.100146       0.73 -0.0315035 -0.0829567   0.728954
-0.0487822  -0.100148       0.73 -0.0313996 -0.0829122   0.728988
-0.0487284  -0.100149       0.73 -0.0312957 -0.0828678   0.729022
-0.0486743  -0.100151       0.73 -0.0311919 -0.0828237   0.729056
-0.0486198  -0.100152       0.73  -0.031088 -0.0827798   0.729091
-0.0485651  -0.100154       0.73 -0.0309841 -0.0827361   0.729125
 -0.04851 -0.100155      0.73 -0.0308802 -0.0826926    0.72916
-0.0484546  -0.100157       0.73 -0.0307763 -0.0826494   0.729194
-0.0483989  -0.100158       0.73 -0.0306724 -0.0826063   0.729229
-0.0483428  -0.100159       0.73 -0.0305685 -0.0825634   0.729263
-0.0482865  -0.100161       0.73 -0.0304646 -0.0825206   0.729297
-0.0482298  -0.100162       0.73 -0.0303607 -0.0824781   0.729332
-0.0481728  -0.100164       0.73 -0.0302568 -0.0824358   0.729366
-0.0481154  -0.100166       0.73 -0.0301528 -0.0823936   0.729401
-0.0480578  -0.100167       0.73 -0.0300489 -0.0823516   0.729435
-0.0479998  -0.100169       0.73  -0.029945 -0.0823097    0.72947
-0.0479415   -0.10017       0.73 -0.029841 -0.082268  0.729504
-0.0478829  -0.100172       0.73 -0.0297371 -0.0822264   0.729539
-0.047824 -0.100173      0.73 -0.0296331  -0.082185   0.729573
-0.0477647  -0.100175       0.73 -0.0295291 -0.0821438   0.729608
-0.0477052  -0.100176       0.73 -0.0294252 -0.0821027   0.729642
-0.0476453  -0.100178       0.73 -0.0293211 -0.0820617   0.729677
-0.0475851   -0.10018       0.73 -0.0292172 -0.0820209   0.729711
-0.0475246  -0.100181       0.73 -0.0291131 -0.0819802   0.729746
-0.0474637  -0.100183       0.73 -0.0290091 -0.0819397    0.72978
-0.0474025  -0.100185       0.73 -0.0289051 -0.0818992   0.729814
-0.0473411  -0.100186       0.73  -0.028801 -0.0818589   0.729849
-0.0472793  -0.100188       0.73  -0.028697 -0.0818188   0.729883
-0.0472171  -0.100189       0.73 -0.0285929 -0.0817787   0.729917
-0.0471547  -0.100191       0.73 -0.0284888 -0.0817388   0.729951
-0.0470919  -0.100193       0.73 -0.0283847  -0.081699   0.729985
-0.0470288  -0.100194       0.73 -0.0282805 -0.0816594    0.73002
-0.0469654  -0.100196       0.73 -0.0281764 -0.0816198   0.730054
-0.0469017  -0.100198       0.73 -0.0280722 -0.0815804   0.730088
-0.0468376    -0.1002       0.73 -0.0279681 -0.0815411   0.730122
-0.0467733  -0.100201       0.73 -0.0278639 -0.0815019   0.730156
-0.0467086  -0.100203       0.73 -0.0277597 -0.0814628    0.73019
-0.0466436  -0.100205       0.73 -0.0276554 -0.0814238   0.730224
-0.0465782  -0.100206       0.73 -0.0275512  -0.081385   0.730257
-0.0465126  -0.100208       0.73 -0.0274469 -0.0813463   0.730291
-0.0464466   -0.10021       0.73 -0.0273426 -0.0813076   0.730325
-0.0463803  -0.100212       0.73 -0.0272383 -0.0812691   0.730359
-0.0463137  -0.100214       0.73  -0.027134 -0.0812308   0.730392
-0.0462467  -0.100215       0.73 -0.0270297 -0.0811925   0.730426
-0.0461794  -0.100217       0.73 -0.0269253 -0.0811543    0.73046
-0.0461118  -0.100219       0.73 -0.0268209 -0.0811163   0.730493
-0.0460439  -0.100221       0.73 -0.0267166 -0.0810784   0.730526
-0.0459757  -0.100223       0.73 -0.0266121 -0.0810406    0.73056
-0.0459071  -0.100224       0.73 -0.0265077 -0.0810029   0.730593
-0.0458382  -0.100226       0.73 -0.0264033 -0.0809653   0.730626
-0.045769 -0.100228      0.73 -0.0262988 -0.0809279   0.730659
-0.0456994   -0.10023       0.73 -0.0261944 -0.0808906   0.730692
-0.0456296  -0.100232       0.73 -0.0260899 -0.0808534   0.730725
-0.0455594  -0.100234       0.73 -0.0259854 -0.0808163   0.730758
-0.0454888  -0.100236       0.73 -0.0258808 -0.0807793   0.730791
-0.045418 -0.100237      0.73 -0.0257763 -0.0807425   0.730824
-0.0453468  -0.100239       0.73 -0.0256717 -0.0807058   0.730857
-0.0452753  -0.100241       0.73 -0.0255672 -0.0806692   0.730889
-0.0452034  -0.100243       0.73 -0.0254626 -0.0806328   0.730922
-0.0451313  -0.100245       0.73 -0.0253579 -0.0805965   0.730954
-0.0450588  -0.100247       0.73 -0.0252533 -0.0805603   0.730986
-0.0449859  -0.100249       0.73 -0.0251487 -0.0805242   0.731019
-0.0449128  -0.100251       0.73  -0.025044 -0.0804883   0.731051
-0.0448393  -0.100253       0.73 -0.0249393 -0.0804525   0.731083
-0.0447655  -0.100255       0.73 -0.0248347 -0.0804168   0.731115
-0.0446913  -0.100257       0.73 -0.0247299 -0.0803812   0.731147
-0.0446169  -0.100259       0.73 -0.0246252 -0.0803458   0.731179
-0.0445421  -0.100261       0.73 -0.0245205 -0.0803105    0.73121
-0.0444669  -0.100263       0.73 -0.0244157 -0.0802754   0.731242
-0.0443915  -0.100265       0.73 -0.0243109 -0.0802404   0.731273
-0.0443157  -0.100267       0.73 -0.0242061 -0.0802055   0.731305
-0.0442395  -0.100269       0.73 -0.0241013 -0.0801707   0.731336
-0.0441631  -0.100271       0.73 -0.0239964 -0.0801361   0.731367
-0.0440863  -0.100273       0.73 -0.0238915 -0.0801016   0.731398
-0.0440092  -0.100275       0.73 -0.0237866 -0.0800673   0.731429
-0.0439317  -0.100277       0.73 -0.0236817  -0.080033    0.73146
-0.0438539  -0.100279       0.73 -0.0235768 -0.0799989   0.731491
-0.0437758  -0.100281       0.73 -0.0234718  -0.079965   0.731521
-0.0436973  -0.100283       0.73 -0.0233668 -0.0799312   0.731552
-0.0436186  -0.100285       0.73 -0.0232618 -0.0798975   0.731582
-0.0435395  -0.100287       0.73 -0.0231568 -0.0798639   0.731612
-0.04346 -0.10029     0.73 -0.0230518 -0.0798305   0.731643
-0.0433802  -0.100292       0.73 -0.0229467 -0.0797972   0.731673
-0.0433001  -0.100294       0.73 -0.0228416  -0.079764   0.731703
-0.0432197  -0.100296       0.73 -0.0227365  -0.079731   0.731732
-0.0431389  -0.100298       0.73 -0.0226313 -0.0796981   0.731762
-0.0430578    -0.1003       0.73 -0.0225261 -0.0796654   0.731792
-0.0429764  -0.100302       0.73 -0.0224209 -0.0796328   0.731821
-0.0428946  -0.100305       0.73 -0.0223157 -0.0796003    0.73185
-0.0428125  -0.100307       0.73 -0.0222105  -0.079568    0.73188
-0.0427301  -0.100309       0.73 -0.0221052 -0.0795358   0.731909
-0.0426474  -0.100311       0.73 -0.0219999 -0.0795037   0.731938
-0.0425643  -0.100313       0.73 -0.0218946 -0.0794718   0.731967
-0.0424809  -0.100316       0.73 -0.0217892   -0.07944   0.731995
-0.0423971  -0.100318       0.73 -0.0216838 -0.0794083   0.732024
-0.0423131   -0.10032       0.73 -0.0215784 -0.0793768   0.732053
-0.0422287  -0.100322       0.73  -0.021473 -0.0793455   0.732081
-0.0421439  -0.100325       0.73 -0.0213675 -0.0793142   0.732109
-0.0420589  -0.100327       0.73 -0.0212621 -0.0792832   0.732137
-0.0419735  -0.100329       0.73 -0.0211566 -0.0792522   0.732165
-0.0418878  -0.100331       0.73  -0.021051 -0.0792214   0.732193
-0.0418017  -0.100334       0.73 -0.0209455 -0.0791907   0.732221
-0.0417154  -0.100336       0.73 -0.0208399 -0.0791601   0.732249
-0.0416287  -0.100338       0.73 -0.0207342 -0.0791297   0.732276
-0.0415416  -0.100341       0.73 -0.0206286 -0.0790995   0.732304
-0.0414543  -0.100343       0.73 -0.0205229 -0.0790693   0.732331
-0.0413666  -0.100345       0.73 -0.0204172 -0.0790393   0.732358
-0.0412786  -0.100348       0.73 -0.0203115 -0.0790094   0.732385
-0.0411903   -0.10035       0.73 -0.0202058 -0.0789797   0.732412
-0.0411017  -0.100352       0.73    -0.0201 -0.0789501   0.732439
-0.0410127  -0.100355       0.73 -0.0199942 -0.0789206   0.732466
-0.0409234  -0.100357       0.73 -0.0198883 -0.0788913   0.732492
-0.0408338   -0.10036       0.73 -0.0197824  -0.078862   0.732519
-0.0407439  -0.100362       0.73 -0.0196765 -0.0788329   0.732545
-0.0406536  -0.100364       0.73 -0.0195706  -0.078804   0.732571
-0.040563 -0.100367      0.73 -0.0194646 -0.0787752   0.732597
-0.0404721  -0.100369       0.73 -0.0193586 -0.0787464   0.732623
-0.0403809  -0.100372       0.73 -0.0192526 -0.0787179   0.732649
-0.0402894  -0.100374       0.73 -0.0191466 -0.0786894   0.732675
-0.0401975  -0.100376       0.73 -0.0190405 -0.0786611     0.7327
-0.0401054  -0.100379       0.73 -0.0189344 -0.0786329   0.732726
-0.0400129  -0.100381       0.73 -0.0188282 -0.0786048   0.732751
-0.0399201  -0.100384       0.73 -0.0187221 -0.0785769   0.732776
-0.0398269  -0.100386       0.73 -0.0186159 -0.0785492   0.732801
-0.0397335  -0.100389       0.73 -0.0185096 -0.0785215   0.732826
-0.0396398  -0.100391       0.73 -0.0184034  -0.078494   0.732851
-0.0395457  -0.100394       0.73 -0.0182971 -0.0784667   0.732876
-0.0394513  -0.100396       0.73 -0.0181907 -0.0784395   0.732901
-0.0393566  -0.100399       0.73 -0.0180844 -0.0784124   0.732925
-0.0392616  -0.100401       0.73  -0.017978 -0.0783855   0.732949
-0.0391663  -0.100404       0.73 -0.0178716 -0.0783587   0.732974
-0.0390707  -0.100406       0.73 -0.0177651 -0.0783321   0.732998
-0.0389748  -0.100409       0.73 -0.0176586 -0.0783056   0.733022
-0.0388785  -0.100412       0.73 -0.0175521 -0.0782792   0.733045
-0.038782 -0.100414      0.73 -0.0174455  -0.078253   0.733069
-0.0386851  -0.100417       0.73 -0.0173389 -0.0782269   0.733093
-0.038588 -0.100419      0.73 -0.0172323  -0.078201   0.733116
-0.0384905  -0.100422       0.73 -0.0171257 -0.0781751    0.73314
-0.0383928  -0.100425       0.73  -0.017019 -0.0781495   0.733163
-0.0382947  -0.100427       0.73 -0.0169123 -0.0781239   0.733186
-0.0381963   -0.10043       0.73 -0.0168055 -0.0780985   0.733209
-0.0380976  -0.100432       0.73 -0.0166987 -0.0780732   0.733232
-0.0379987  -0.100435       0.73 -0.0165919  -0.078048   0.733255
-0.0378994  -0.100438       0.73 -0.016485 -0.078023  0.733277
-0.0377998   -0.10044       0.73 -0.0163782 -0.0779981     0.7333
-0.0376999  -0.100443       0.73 -0.0162712 -0.0779733   0.733322
-0.0375998  -0.100446       0.73 -0.0161642 -0.0779487   0.733344
-0.0374993  -0.100448       0.73 -0.0160573 -0.0779242   0.733367
-0.0373985  -0.100451       0.73 -0.0159502 -0.0778998   0.733389
-0.0372975  -0.100454       0.73 -0.0158432 -0.0778755   0.733411
-0.0371961  -0.100456       0.73 -0.0157361 -0.0778513   0.733432
-0.0370945  -0.100459       0.73  -0.015629 -0.0778273   0.733454
-0.0369925  -0.100462       0.73 -0.0155218 -0.0778033   0.733476
-0.0368903  -0.100465       0.73 -0.0154146 -0.0777795   0.733497
-0.0367878  -0.100467       0.73 -0.0153074 -0.0777558   0.733519
-0.036685  -0.10047      0.73 -0.0152001 -0.0777322    0.73354
-0.0365819  -0.100473       0.73 -0.0150928 -0.0777088   0.733561
-0.0364785  -0.100476       0.73 -0.0149854 -0.0776854   0.733582
-0.0363748  -0.100478       0.73 -0.0148781 -0.0776622   0.733603
-0.0362708  -0.100481       0.73 -0.0147706  -0.077639   0.733624
-0.0361666  -0.100484       0.73 -0.0146632  -0.077616   0.733645
-0.0360621  -0.100487       0.73 -0.0145557 -0.0775931   0.733665
-0.0359573  -0.100489       0.73 -0.0144482 -0.0775703   0.733686
-0.0358522  -0.100492       0.73 -0.0143406 -0.0775476   0.733706
-0.0357468  -0.100495       0.73 -0.014233 -0.077525  0.733727
-0.0356411  -0.100498       0.73 -0.0141254 -0.0775026   0.733747
-0.0355352  -0.100501       0.73 -0.0140177 -0.0774802   0.733767
-0.035429 -0.100504      0.73  -0.01391 -0.077458  0.733787
-0.0353225  -0.100506       0.73 -0.0138023 -0.0774358   0.733807
-0.0352158  -0.100509       0.73 -0.0136945 -0.0774138   0.733827
-0.0351087  -0.100512       0.73 -0.0135867 -0.0773918   0.733846
-0.0350014  -0.100515       0.73 -0.0134789   -0.07737   0.733866
-0.0348938  -0.100518       0.73 -0.0133709 -0.0773483   0.733886
-0.034786 -0.100521      0.73  -0.013263 -0.0773267   0.733905
-0.0346779  -0.100524       0.73  -0.013155 -0.0773052   0.733924
-0.0345695  -0.100526       0.73 -0.0130471 -0.0772838   0.733944
-0.0344608  -0.100529       0.73  -0.012939 -0.0772625   0.733963
-0.0343519  -0.100532       0.73 -0.0128309 -0.0772413   0.733982
-0.0342427  -0.100535       0.73 -0.0127228 -0.0772203   0.734001
-0.0341332  -0.100538       0.73 -0.0126147 -0.0771993    0.73402
-0.0340235  -0.100541       0.73 -0.0125064 -0.0771784   0.734038
-0.0339135  -0.100544       0.73 -0.0123982 -0.0771577   0.734057
-0.0338033  -0.100547       0.73  -0.01229 -0.077137  0.734075
-0.0336928   -0.10055       0.73 -0.0121816 -0.0771165   0.734094
-0.033582 -0.100553      0.73 -0.0120733  -0.077096   0.734112
-0.033471 -0.100556      0.73 -0.0119649 -0.0770757   0.734131
-0.0333597  -0.100559       0.73 -0.0118564 -0.0770555   0.734149
-0.0332481  -0.100562       0.73  -0.011748 -0.0770354   0.734167
-0.0331363  -0.100565       0.73 -0.0116395 -0.0770154   0.734185
-0.0330243  -0.100568       0.73 -0.0115309 -0.0769955   0.734203
-0.032912 -0.100571      0.73 -0.0114223 -0.0769756   0.734221
-0.0327994  -0.100574       0.73 -0.0113137  -0.076956   0.734238
-0.0326866  -0.100577       0.73  -0.011205 -0.0769364   0.734256
-0.0325736   -0.10058       0.73 -0.0110963 -0.0769169   0.734273
-0.0324603  -0.100583       0.73 -0.0109875 -0.0768975   0.734291
-0.0323467  -0.100586       0.73 -0.0108787 -0.0768782   0.734308
-0.0322329  -0.100589       0.73 -0.0107699  -0.076859   0.734325
-0.0321189  -0.100592       0.73 -0.010661  -0.07684  0.734343
-0.0320046  -0.100595       0.73 -0.0105521  -0.076821    0.73436
-0.0318901  -0.100598       0.73 -0.0104431 -0.0768022   0.734377
-0.0317753  -0.100601       0.73 -0.0103341 -0.0767834   0.734394
-0.0316603  -0.100604       0.73 -0.0102251 -0.0767648   0.734411
-0.0315451  -0.100607       0.73  -0.010116 -0.0767462   0.734427
-0.0314296   -0.10061       0.73 -0.0100068 -0.0767278   0.734444
-0.0313139  -0.100613       0.73 -0.00989767  -0.0767094     0.73446
-0.0311979  -0.100616       0.73 -0.00978846  -0.0766912    0.734477
-0.0310817  -0.100619       0.73 -0.0096792 -0.0766731   0.734493
-0.0309653  -0.100622       0.73 -0.0095699  -0.076655    0.73451
-0.0308486  -0.100626       0.73 -0.00946055  -0.0766371    0.734526
-0.0307317  -0.100629       0.73 -0.00935116  -0.0766193    0.734542
-0.0306146  -0.100632       0.73 -0.00924172  -0.0766016    0.734558
-0.0304973  -0.100635       0.73 -0.00913224  -0.0765839    0.734574
-0.0303797  -0.100638       0.73 -0.0090227 -0.0765664    0.73459
-0.0302619  -0.100641       0.73 -0.00891314   -0.076549    0.734606
-0.0301439  -0.100644       0.73 -0.00880355  -0.0765317    0.734622
-0.0300257  -0.100647       0.73 -0.00869386  -0.0765145    0.734637
-0.0299072  -0.100651       0.73 -0.00858417  -0.0764974    0.734653
-0.0297885  -0.100654       0.73 -0.00847442  -0.0764804    0.734669
-0.0296696  -0.100657       0.73 -0.00836462  -0.0764635    0.734684
-0.0295505   -0.10066       0.73 -0.00825479  -0.0764467    0.734699
-0.0294311  -0.100663       0.73 -0.00814491  -0.0764299    0.734715
-0.0293116  -0.100666       0.73 -0.00803498  -0.0764133     0.73473
-0.0291918   -0.10067       0.73  -0.007925 -0.0763968   0.734745
-0.0290718  -0.100673       0.73 -0.00781498  -0.0763804     0.73476
-0.0289516  -0.100676       0.73 -0.00770493  -0.0763641    0.734775
-0.0288312  -0.100679       0.73 -0.0075948 -0.0763479    0.73479
-0.0287106  -0.100682       0.73 -0.00748465  -0.0763318    0.734805
-0.0285898  -0.100686       0.73 -0.00737444  -0.0763158     0.73482
-0.0284687  -0.100689       0.73 -0.0072642 -0.0762999   0.734834
-0.0283475  -0.100692       0.73 -0.00715391   -0.076284    0.734849
-0.028226 -0.100695      0.73 -0.00704356  -0.0762683    0.734863
-0.0281044  -0.100699       0.73 -0.00693318  -0.0762527    0.734878
-0.0279825  -0.100702       0.73 -0.00682273  -0.0762372    0.734892
-0.0278605  -0.100705       0.73 -0.00671224  -0.0762217    0.734906
-0.0277382  -0.100708       0.73 -0.00660173  -0.0762064    0.734921
-0.0276158  -0.100712       0.73 -0.00649113  -0.0761912    0.734935
-0.0274932  -0.100715       0.73 -0.00638052   -0.076176    0.734949
-0.0273703  -0.100718       0.73 -0.00626985   -0.076161    0.734963
-0.0272473  -0.100721       0.73 -0.00615913   -0.076146    0.734977
-0.0271241  -0.100725       0.73 -0.00604836  -0.0761312    0.734991
-0.0270006  -0.100728       0.73 -0.00593753  -0.0761164    0.735005
-0.026877 -0.100731      0.73 -0.00582666  -0.0761017    0.735018
-0.0267532  -0.100735       0.73 -0.00571578  -0.0760872    0.735032
-0.0266293  -0.100738       0.73 -0.0056048 -0.0760727   0.735046
-0.0265051  -0.100741       0.73 -0.00549381  -0.0760583    0.735059
-0.0263807  -0.100745       0.73 -0.00538274   -0.076044    0.735073
-0.0262562  -0.100748       0.73 -0.00527166  -0.0760298    0.735086
-0.0261315  -0.100751       0.73 -0.0051605 -0.0760157   0.735099
-0.0260066  -0.100755       0.73 -0.00504929  -0.0760017    0.735113
-0.0258815  -0.100758       0.73 -0.00493804  -0.0759878    0.735126
-0.0257562  -0.100761       0.73 -0.00482675  -0.0759739    0.735139
-0.0256308  -0.100765       0.73 -0.00471541  -0.0759602    0.735152
-0.0255052  -0.100768       0.73 -0.00460401  -0.0759466    0.735165
-0.0253794  -0.100771       0.73 -0.00449256   -0.075933    0.735178
-0.0252534  -0.100775       0.73 -0.00438106  -0.0759196    0.735191
-0.0251273  -0.100778       0.73 -0.00426953  -0.0759062    0.735203
-0.025001 -0.100781      0.73 -0.00415794  -0.0758929    0.735216
-0.0248745  -0.100785       0.73 -0.00404629  -0.0758798    0.735229
-0.0247479  -0.100788       0.73 -0.00393462  -0.0758667    0.735241
-0.0246211  -0.100791       0.73 -0.00382286  -0.0758537    0.735254
-0.0244941  -0.100795       0.73 -0.00371108  -0.0758408    0.735266
-0.024367 -0.100798      0.73 -0.00359925   -0.075828    0.735278
-0.0242397  -0.100802       0.73 -0.00348735  -0.0758152    0.735291
-0.0241122  -0.100805       0.73 -0.00337541  -0.0758026    0.735303
-0.0239846  -0.100808       0.73 -0.00326342  -0.0757901    0.735315
-0.0238569  -0.100812       0.73 -0.00315141  -0.0757776    0.735327
-0.0237289  -0.100815       0.73 -0.00303932  -0.0757653    0.735339
-0.0236008  -0.100819       0.73 -0.00292717   -0.075753    0.735351
-0.0234726  -0.100822       0.73 -0.00281499  -0.0757408    0.735363
-0.0233442  -0.100825       0.73 -0.00270274  -0.0757287    0.735375
-0.0232157  -0.100829       0.73 -0.00259046  -0.0757167    0.735386
-0.023087 -0.100832      0.73 -0.00247811  -0.0757048    0.735398
-0.0229581  -0.100836       0.73 -0.000560229   -0.0755157     0.735586
-0.0228292  -0.100839       0.73 -0.000446884   -0.0755053     0.735596
  -0.0227 -0.100843      0.73 -0.00033347   -0.075495    0.735607
-0.0225708  -0.100846       0.73 -0.000220026   -0.0754848     0.735617
-0.0224413  -0.100849       0.73 -0.000106567   -0.0754747     0.735627
-0.0223118  -0.100853       0.73 6.8904e-06 -0.0754646   0.735637
-0.0221821  -0.100856       0.73 0.000120382  -0.0754547    0.735647
-0.0220522   -0.10086       0.73 0.00023386  -0.075445   0.735657
-0.0219223  -0.100863       0.73 0.000347368  -0.0754353    0.735667
-0.0217922  -0.100867       0.73 0.000460895  -0.0754257    0.735677
-0.0216619   -0.10087       0.73 0.00057442 -0.0754162   0.735686
-0.0215315  -0.100874       0.73 0.000687952  -0.0754068    0.735696
-0.021401 -0.100877      0.73 0.000801525  -0.0753975    0.735706
-0.0212704  -0.100881       0.73 0.000915087  -0.0753883    0.735715
-0.0211396  -0.100884       0.73 0.00102871 -0.0753792   0.735724
-0.0210087  -0.100888       0.73 0.00114232 -0.0753702   0.735733
-0.0208777  -0.100891       0.73 0.00125595 -0.0753612   0.735743
-0.0207465  -0.100895       0.73 0.00136962 -0.0753524   0.735752
-0.0206153  -0.100898       0.73 0.00148331 -0.0753436    0.73576
-0.0204839  -0.100902       0.73 0.00159702  -0.075335   0.735769
-0.0203524  -0.100905       0.73 0.00171074 -0.0753264   0.735778
-0.0202207  -0.100909       0.73  0.0018245 -0.0753179   0.735787
-0.020089 -0.100912      0.73 0.00193828 -0.0753096   0.735795
-0.0199571  -0.100916       0.73 0.00205208 -0.0753013   0.735804
-0.0198252  -0.100919       0.73 0.00216593 -0.0752932   0.735812
-0.0196931  -0.100923       0.73  0.0022798 -0.0752852   0.735821
-0.0195609  -0.100926       0.73 0.00239369 -0.0752773   0.735829
-0.0194285   -0.10093       0.73  0.0025076 -0.0752695   0.735837
-0.0192961  -0.100933       0.73 0.00262156 -0.0752619   0.735845
-0.0191636  -0.100937       0.73 0.00273555 -0.0752544   0.735853
-0.019031  -0.10094      0.73 0.00284957  -0.075247   0.735861
-0.0188982  -0.100944       0.73 0.00296362 -0.0752397   0.735869
-0.0187654  -0.100947       0.73 0.00307768 -0.0752326   0.735877
-0.0186324  -0.100951       0.73 0.00319179 -0.0752256   0.735885
-0.0184994  -0.100955       0.73 0.00330594 -0.0752187   0.735892
-0.0183663  -0.100958       0.73 0.00342011 -0.0752119     0.7359
-0.018233 -0.100962      0.73 0.00353434 -0.0752053   0.735907
-0.0180997  -0.100965       0.73 0.00364858 -0.0751988   0.735915
-0.0179662  -0.100969       0.73 0.00376284 -0.0751924   0.735922
-0.0178327  -0.100972       0.73 0.00387716 -0.0751861    0.73593
-0.0176991  -0.100976       0.73 0.00399152   -0.07518   0.735937
-0.0175654  -0.100979       0.73 0.00410589 -0.0751739   0.735944
-0.0174316  -0.100983       0.73 0.00422032  -0.075168   0.735951
-0.0172977  -0.100987       0.73 0.00433478 -0.0751622   0.735958
-0.0171638   -0.10099       0.73 0.00444927 -0.0751565   0.735965
-0.0170297  -0.100994       0.73  0.0045638 -0.0751509   0.735972
-0.0168956  -0.100997       0.73 0.00467836 -0.0751454   0.735979
-0.0167614  -0.101001       0.73 0.00479298 -0.0751401   0.735986
-0.0166271  -0.101004       0.73 0.00490762 -0.0751349   0.735992
-0.0164927  -0.101008       0.73  0.0050223 -0.0751297   0.735999
-0.0163582  -0.101012       0.73 0.00513701 -0.0751247   0.736006
-0.0162237  -0.101015       0.73 0.00525179 -0.0751198   0.736012
-0.0160891  -0.101019       0.73 0.00536657  -0.075115   0.736018
-0.0159544  -0.101022       0.73 0.00548142 -0.0751103   0.736025
-0.0158197  -0.101026       0.73  0.0055963 -0.0751058   0.736031
-0.0156849  -0.101029       0.73  0.0057112 -0.0751013   0.736037
 -0.01555 -0.101033      0.73 0.00582616  -0.075097   0.736044
-0.0154151  -0.101037       0.73 0.00594115 -0.0750927    0.73605
-0.01528 -0.10104     0.73 0.00605618 -0.0750886   0.736056
-0.015145 -0.101044      0.73 0.00617124 -0.0750846   0.736062
-0.0150098  -0.101047       0.73 0.00628636 -0.0750807   0.736068
-0.0148746  -0.101051       0.73 0.00640151 -0.0750769   0.736074
-0.0147394  -0.101055       0.73 0.00651672 -0.0750732    0.73608
-0.014604 -0.101058      0.73 0.00663195 -0.0750696   0.736085
-0.0144687  -0.101062       0.73 0.00674723 -0.0750661   0.736091
-0.0143332  -0.101065       0.73 0.00686252 -0.0750628   0.736097
-0.0141978  -0.101069       0.73 0.00697787 -0.0750595   0.736102
-0.0140622  -0.101073       0.73 0.00709327 -0.0750564   0.736108
-0.0139266  -0.101076       0.73  0.0072087 -0.0750533   0.736113
-0.013791  -0.10108      0.73 0.00732418 -0.0750504   0.736119
-0.0136553  -0.101084       0.73 0.00743969 -0.0750476   0.736124
-0.0135196  -0.101087       0.73 0.00755524 -0.0750449   0.736129
-0.0133838  -0.101091       0.73 0.00767084 -0.0750422   0.736134
-0.013248 -0.101094      0.73 0.00778646 -0.0750398    0.73614
-0.0131121  -0.101098       0.73 0.00790215 -0.0750374   0.736145
-0.0129762  -0.101102       0.73 0.00801786 -0.0750351    0.73615
-0.0128403  -0.101105       0.73 0.00813361 -0.0750329   0.736155
-0.0127043  -0.101109       0.73 0.00824941 -0.0750308    0.73616
-0.0125683  -0.101113       0.73 0.00836525 -0.0750289   0.736164
-0.0124322  -0.101116       0.73 0.00848112 -0.0750271   0.736169
-0.0122962   -0.10112       0.73 0.00859704 -0.0750253   0.736174
 -0.01216 -0.101123      0.73 0.00871298 -0.0750237   0.736179
-0.0120239  -0.101127       0.73 0.00882899 -0.0750222   0.736183
-0.0118877  -0.101131       0.73 0.00894501 -0.0750208   0.736188
-0.0117515  -0.101134       0.73  0.0090611 -0.0750195   0.736192
-0.0116153  -0.101138       0.73 0.00917722 -0.0750183   0.736197
-0.0114791  -0.101142       0.73 0.00929336 -0.0750172   0.736201
-0.0113428  -0.101145       0.73 0.00940956 -0.0750162   0.736205
-0.0112065  -0.101149       0.73 0.00952578 -0.0750153    0.73621
-0.0110702  -0.101152       0.73 0.00964206 -0.0750146   0.736214
-0.0109339  -0.101156       0.73 0.00975836 -0.0750139   0.736218
-0.0107975   -0.10116       0.73 0.00987471 -0.0750134   0.736222
-0.0106611  -0.101163       0.73  0.0099911 -0.0750129   0.736226
-0.0105248  -0.101167       0.73  0.0101075 -0.0750126    0.73623
-0.0103884  -0.101171       0.73   0.010224 -0.0750124   0.736234
-0.010252 -0.101174      0.73  0.0103405 -0.0750123   0.736237
-0.0101156  -0.101178       0.73   0.010457 -0.0750123   0.736241
-0.00997914   -0.101181        0.73  0.0105736 -0.0750124   0.736245
-0.00984271   -0.101185        0.73  0.0106903 -0.0750126   0.736248
-0.00970628   -0.101189        0.73 0.0108069 -0.075013  0.736252
-0.00956985   -0.101192        0.73  0.0109236 -0.0750134   0.736256
-0.00943341   -0.101196        0.73  0.0110403 -0.0750139   0.736259
-0.00929697     -0.1012        0.73  0.0111571 -0.0750146   0.736262
-0.00916053   -0.101203        0.73  0.0112739 -0.0750154   0.736266
-0.0090241  -0.101207       0.73  0.0113908 -0.0750162   0.736269
-0.00888767   -0.101211        0.73  0.0115076 -0.0750172   0.736272
-0.00875124   -0.101214        0.73  0.0116246 -0.0750183   0.736275
-0.00861482   -0.101218        0.73  0.0117415 -0.0750195   0.736278
-0.00847841   -0.101221        0.73  0.0118585 -0.0750208   0.736281
-0.008342 -0.101225      0.73  0.0119755 -0.0750222   0.736284
-0.00820561   -0.101229        0.73  0.0120926 -0.0750238   0.736287
-0.00806923   -0.101232        0.73  0.0122097 -0.0750254    0.73629
-0.00793286   -0.101236        0.73  0.0123269 -0.0750272   0.736292
-0.00779651    -0.10124        0.73  0.012444 -0.075029  0.736295
-0.00766018   -0.101243        0.73 0.0125612 -0.075031  0.736298
-0.00752386   -0.101247        0.73 0.0126785 -0.075033    0.7363
-0.00738757   -0.101251        0.73  0.0127957 -0.0750352   0.736303
-0.00725129   -0.101254        0.73  0.0129131 -0.0750375   0.736305
-0.00711504   -0.101258        0.73  0.0130304 -0.0750399   0.736307
-0.00697881   -0.101261        0.73  0.0131478 -0.0750424    0.73631
-0.00684261   -0.101265        0.73  0.0132652 -0.0750451   0.736312
-0.00670643   -0.101269        0.73  0.0133827 -0.0750478   0.736314
-0.00657028   -0.101272        0.73  0.0135002 -0.0750506   0.736316
-0.00643416   -0.101276        0.73  0.0136177 -0.0750536   0.736318
-0.00629808    -0.10128        0.73  0.0137352 -0.0750566    0.73632
-0.00616202   -0.101283        0.73  0.0138528 -0.0750598   0.736322
-0.006026 -0.101287      0.73  0.0139704 -0.0750631   0.736324
-0.00589002    -0.10129        0.73  0.0140881 -0.0750664   0.736325
-0.00575407   -0.101294        0.73  0.0142058 -0.0750699   0.736327
-0.00561816   -0.101298        0.73  0.0143235 -0.0750735   0.736329
-0.00548229   -0.101301        0.73  0.0144412 -0.0750773    0.73633
-0.00534646   -0.101305        0.73   0.014559 -0.0750811   0.736332
-0.00521068   -0.101309        0.73 0.0146768 -0.075085  0.736333
-0.00507494   -0.101312        0.73 0.0147947 -0.075089  0.736334
-0.00493924   -0.101316        0.73  0.0149126 -0.0750932   0.736336
-0.0048036  -0.101319       0.73  0.0150305 -0.0750974   0.736337
-0.004668 -0.101323      0.73  0.0151484 -0.0751018   0.736338
-0.00453245   -0.101327        0.73  0.0152664 -0.0751063   0.736339
-0.00439695    -0.10133        0.73  0.0153844 -0.0751109    0.73634
-0.00426151   -0.101334        0.73  0.0155024 -0.0751155   0.736341
-0.00412612   -0.101337        0.73  0.0156204 -0.0751203   0.736342
-0.00399078   -0.101341        0.73  0.0157385 -0.0751253   0.736343
-0.00385551   -0.101345        0.73  0.0158566 -0.0751303   0.736344
-0.00372029   -0.101348        0.73  0.0159747 -0.0751354   0.736344
-0.00358513   -0.101352        0.73  0.0160929 -0.0751406   0.736345
-0.00345004   -0.101355        0.73 0.0162111 -0.075146  0.736345
-0.00331501   -0.101359        0.73  0.0163293 -0.0751514   0.736346
-0.00318004   -0.101363        0.73 0.0164476 -0.075157  0.736346
-0.00304514   -0.101366        0.73  0.0165658 -0.0751627   0.736347
-0.0029103   -0.10137       0.73  0.0166841 -0.0751684   0.736347
-0.00277554   -0.101373        0.73  0.0168025 -0.0751743   0.736347
-0.00264084   -0.101377        0.73  0.0169208 -0.0751803   0.736348
-0.00250622   -0.101381        0.73  0.0170392 -0.0751864   0.736348
-0.00237167   -0.101384        0.73  0.0171576 -0.0751926   0.736348
-0.00223719   -0.101388        0.73   0.017276 -0.0751989   0.736348
-0.00210279   -0.101391        0.73  0.0173944 -0.0752053   0.736348
-0.00196847   -0.101395        0.73  0.0175129 -0.0752119   0.736347
-0.00183423   -0.101398        0.73  0.0176314 -0.0752185   0.736347
-0.00170006   -0.101402        0.73  0.0177499 -0.0752252   0.736347
-0.00156598   -0.101406        0.73  0.0178684 -0.0752321   0.736347
-0.00143198   -0.101409        0.73  0.017987 -0.075239  0.736346
-0.00129807   -0.101413        0.73  0.0181056 -0.0752461   0.736346
-0.00116424   -0.101416        0.73  0.0182242 -0.0752533   0.736345
-0.00103051    -0.10142        0.73  0.0183429 -0.0752605   0.736344
-0.000896855    -0.101423         0.73  0.0184615 -0.0752679   0.736344
-0.000763295    -0.101427         0.73  0.0185802 -0.0752754   0.736343
-0.000629827    -0.101431         0.73 0.0186989 -0.075283  0.736342
-0.000496452    -0.101434         0.73  0.0188176 -0.0752907   0.736341
-0.000363172    -0.101438         0.73  0.0189364 -0.0752985    0.73634
-0.000229988    -0.101441         0.73  0.0190551 -0.0753064   0.736339
-9.69018e-05    -0.101445         0.73  0.0191739 -0.0753144   0.736338
3.60856e-05   -0.101448        0.73  0.0192927 -0.0753225   0.736337
0.000168972   -0.101452        0.73  0.0194115 -0.0753307   0.736336
0.000301757   -0.101455        0.73 0.0195304 -0.075339  0.736335
0.000434439   -0.101459        0.73  0.0196493 -0.0753474   0.736333
0.000567016   -0.101462        0.73  0.0197681 -0.0753559   0.736332
0.000699487   -0.101466        0.73   0.019887 -0.0753645    0.73633
0.00083185  -0.101469       0.73   0.020006 -0.0753732   0.736329
0.000964104   -0.101473        0.73  0.0201249 -0.0753821   0.736327
0.00109625  -0.101477       0.73 0.0202439 -0.075391  0.736325
0.00122828   -0.10148       0.73 0.0203628   -0.0754  0.736324
0.0013602 -0.101484      0.73  0.0204818 -0.0754091   0.736322
 0.001492 -0.101487      0.73  0.0206008 -0.0754183    0.73632
0.00162369  -0.101491       0.73  0.0207198 -0.0754276   0.736318
0.00175526  -0.101494       0.73  0.0208389 -0.0754371   0.736316
0.00188671  -0.101498       0.73  0.0209579 -0.0754466   0.736314
0.00201804  -0.101501       0.73   0.021077 -0.0754562   0.736312
0.00214925  -0.101505       0.73  0.0211961 -0.0754659    0.73631
0.00228033  -0.101508       0.73  0.0213152 -0.0754757   0.736307
0.00241129  -0.101512       0.73  0.0214343 -0.0754856   0.736305
0.00254212  -0.101515       0.73  0.0215534 -0.0754956   0.736303
0.00267283  -0.101519       0.73  0.0216725 -0.0755057     0.7363
0.0028034 -0.101522      0.73  0.0217917 -0.0755159   0.736298
0.00293385  -0.101525       0.73  0.0219109 -0.0755262   0.736295
0.00306416  -0.101529       0.73    0.02203 -0.0755366   0.736292
0.00319434  -0.101532       0.73  0.0221492 -0.0755471    0.73629
0.00332439  -0.101536       0.73  0.0222684 -0.0755577   0.736287
0.0034543 -0.101539      0.73  0.0223876 -0.0755684   0.736284
0.00358407  -0.101543       0.73  0.0225069 -0.0755792   0.736281
0.0037137 -0.101546      0.73  0.0226261 -0.0755901   0.736278
0.00384319   -0.10155       0.73 0.0227454 -0.075601  0.736275
0.00397254  -0.101553       0.73  0.0228646 -0.0756121   0.736272
0.00410174  -0.101557       0.73  0.0229839 -0.0756233   0.736269
0.0042308  -0.10156      0.73  0.0231032 -0.0756345   0.736266
0.00435972  -0.101563       0.73  0.0232225 -0.0756459   0.736263
0.00448848  -0.101567       0.73  0.0233418 -0.0756573   0.736259
0.0046171  -0.10157      0.73  0.0234612 -0.0756689   0.736256
0.00474556  -0.101574       0.73  0.0235805 -0.0756805   0.736252
0.00487387  -0.101577       0.73  0.0236999 -0.0756922   0.736249
0.00500203  -0.101581       0.73 0.0238192 -0.075704  0.736245
0.00513003  -0.101584       0.73  0.0239386 -0.0757159   0.736241
0.00525788  -0.101587       0.73   0.024058 -0.0757279   0.736238
0.00538557  -0.101591       0.73 0.0241774  -0.07574  0.736234
0.0055131 -0.101594      0.73  0.0242968 -0.0757522    0.73623
0.00564046  -0.101598       0.73  0.0244162 -0.0757645   0.736226
0.00576767  -0.101601       0.73  0.0245356 -0.0757769   0.736222
0.0058947 -0.101604      0.73   0.024655 -0.0757893   0.736218
0.00602158  -0.101608       0.73  0.0247745 -0.0758019   0.736213
0.00614828  -0.101611       0.73  0.0248939 -0.0758145   0.736209
0.00627482  -0.101614       0.73  0.0250133 -0.0758273   0.736205
0.00640119  -0.101618       0.73  0.0251328 -0.0758401     0.7362
0.00652738  -0.101621       0.73 0.0252522 -0.075853  0.736196
0.00665341  -0.101625       0.73 0.0253716 -0.075866  0.736191
0.00677925  -0.101628       0.73  0.0254911 -0.0758791   0.736187
0.00690493  -0.101631       0.73  0.0256105 -0.0758924   0.736182
0.00703042  -0.101635       0.73    0.02573 -0.0759056   0.736177
0.00715573  -0.101638       0.73 0.0258494 -0.075919  0.736172
0.00728087  -0.101641       0.73  0.0259688 -0.0759325   0.736167
0.00740582  -0.101645       0.73  0.0260883 -0.0759461   0.736163
0.00753059  -0.101648       0.73  0.0262077 -0.0759597   0.736157
0.00765517  -0.101651       0.73  0.0263272 -0.0759735   0.736152
0.00777956  -0.101655       0.73  0.0264466 -0.0759873   0.736147
0.00790377  -0.101658       0.73   0.026566 -0.0760013   0.736142
0.00802778  -0.101661       0.73  0.0266855 -0.0760153   0.736137
0.00815161  -0.101664       0.73  0.0268049 -0.0760294   0.736131
0.00827524  -0.101668       0.73  0.0269243 -0.0760436   0.736126
0.00839868  -0.101671       0.73  0.0270437 -0.0760579   0.736121
0.00852192  -0.101674       0.73  0.0271631 -0.0760723   0.736115
0.00864496  -0.101678       0.73  0.0272825 -0.0760868   0.736109
0.00876781  -0.101681       0.73  0.0274019 -0.0761014   0.736104
0.00889045  -0.101684       0.73 0.0275213 -0.076116  0.736098
0.00901289  -0.101687       0.73  0.0276407 -0.0761308   0.736092
0.00913513  -0.101691       0.73  0.0277601 -0.0761456   0.736087
0.00925716  -0.101694       0.73  0.0278795 -0.0761605   0.736081
0.00937898  -0.101697       0.73  0.0279988 -0.0761756   0.736075
0.0095006   -0.1017      0.73  0.0281182 -0.0761907   0.736069
 0.009622 -0.101704      0.73  0.0282376 -0.0762059   0.736063
0.00974319  -0.101707       0.73  0.0283569 -0.0762212   0.736057
0.00986417   -0.10171       0.73  0.0284762 -0.0762366   0.736051
0.00998494  -0.101713       0.73 0.0285956 -0.076252  0.736045
0.0101055 -0.101717      0.73  0.0287149 -0.0762676   0.736038
0.0102258  -0.10172      0.73  0.0288342 -0.0762832   0.736032
0.0103459 -0.101723      0.73 0.0289535 -0.076299  0.736026
0.0104658 -0.101726      0.73  0.0290728 -0.0763148    0.73602
0.0105855 -0.101729      0.73   0.029192 -0.0763307   0.736013
0.0107049 -0.101733      0.73  0.0293113 -0.0763467   0.736007
0.0108241 -0.101736      0.73  0.0294305 -0.0763628      0.736
0.0109431 -0.101739      0.73 0.0295497 -0.076379  0.735994
0.0110619 -0.101742      0.73  0.0296689 -0.0763953   0.735987
0.0111804 -0.101745      0.73  0.0297881 -0.0764116   0.735981
0.0112987 -0.101748      0.73  0.0299073 -0.0764281   0.735974
0.0114167 -0.101751      0.73  0.0300265 -0.0764446   0.735968
0.0115345 -0.101755      0.73  0.0301456 -0.0764612   0.735961
0.0116521 -0.101758      0.73  0.0302647 -0.0764779   0.735954
0.0117695 -0.101761      0.73  0.0303838 -0.0764947   0.735948
0.0118866 -0.101764      0.73  0.0305029 -0.0765116   0.735941
0.0120034 -0.101767      0.73   0.030622 -0.0765286   0.735934
 0.01212 -0.10177     0.73  0.0307411 -0.0765456   0.735927
0.0122364 -0.101773      0.73  0.0308601 -0.0765628   0.735921
0.0123525 -0.101776      0.73 0.0309791  -0.07658  0.735914
0.0124684 -0.101779      0.73   0.031098 -0.0765973   0.735907
 0.012584 -0.101783      0.73   0.031217 -0.0766147     0.7359
0.0126993 -0.101786      0.73  0.0313359 -0.0766322   0.735893
0.0128144 -0.101789      0.73  0.0314548 -0.0766497   0.735886
0.0129293 -0.101792      0.73  0.0315737 -0.0766674   0.735879
0.0130439 -0.101795      0.73  0.0316926 -0.0766851   0.735872
0.0131582 -0.101798      0.73 0.0318114 -0.076703  0.735865
0.0132723 -0.101801      0.73  0.0319302 -0.0767209   0.735858
0.0133861 -0.101804      0.73   0.032049 -0.0767389   0.735851
0.0134996 -0.101807      0.73  0.0321677 -0.0767569   0.735844
0.0136129  -0.10181      0.73  0.0322864 -0.0767751   0.735836
0.0137259 -0.101813      0.73  0.0324051 -0.0767933   0.735829
0.0138386 -0.101816      0.73  0.0325238 -0.0768117   0.735822
0.0139511 -0.101819      0.73  0.0326424 -0.0768301   0.735815
0.0140633 -0.101822      0.73   0.032761 -0.0768486   0.735808
0.0141752 -0.101825      0.73  0.0328796 -0.0768671     0.7358
0.0142868 -0.101828      0.73  0.0329981 -0.0768858   0.735793
0.0143982 -0.101831      0.73  0.0331166 -0.0769045   0.735786
0.0145092 -0.101834      0.73   0.033235 -0.0769234   0.735778
  0.01462 -0.101837      0.73  0.0333534 -0.0769423   0.735771
0.0147305  -0.10184      0.73  0.0334718 -0.0769613   0.735764
0.0148408 -0.101843      0.73  0.0335902 -0.0769803   0.735756
0.0149507 -0.101846      0.73  0.0337085 -0.0769995   0.735749
0.0150603 -0.101849      0.73  0.0338268 -0.0770187   0.735741
0.0151697 -0.101851      0.73   0.033945 -0.0770381   0.735734
0.0152788 -0.101854      0.73  0.0340632 -0.0770575   0.735726
0.0153875 -0.101857      0.73  0.0341813 -0.0770769   0.735719
0.015496 -0.10186     0.73  0.0342994 -0.0770965   0.735712
0.0156042 -0.101863      0.73  0.0344175 -0.0771162   0.735704
 0.015712 -0.101866      0.73  0.0345355 -0.0771359   0.735696
0.0158196 -0.101869      0.73  0.0346535 -0.0771557   0.735689
0.0159269 -0.101872      0.73  0.0347715 -0.0771756   0.735681
0.0160338 -0.101874      0.73  0.0348894 -0.0771956   0.735674
0.0161405 -0.101877      0.73  0.0350072 -0.0772156   0.735666
0.0162468  -0.10188      0.73 0.0352428 -0.077256  0.735651
0.0163529 -0.101883      0.73  0.0353605 -0.0772763   0.735643
0.0164586 -0.101886      0.73  0.0354782 -0.0772966   0.735635
 0.016564 -0.101889      0.73  0.0355958 -0.0773171   0.735628
0.0166691 -0.101891      0.73  0.0357134 -0.0773376    0.73562
0.0167739 -0.101894      0.73  0.0358309 -0.0773582   0.735612
0.0168784 -0.101897      0.73  0.0359484 -0.0773789   0.735604
0.0169825   -0.1019      0.73  0.0360658 -0.0773997   0.735597
0.0170864 -0.101903      0.73  0.0361831 -0.0774206   0.735589
0.0171899 -0.101905      0.73  0.0363004 -0.0774415   0.735581
0.0172931 -0.101908      0.73  0.0364177 -0.0774626   0.735573
0.0173959 -0.101911      0.73  0.0365348 -0.0774837   0.735565
0.0174984 -0.101913      0.73   0.036652 -0.0775048   0.735558
0.0176006 -0.101916      0.73   0.036769 -0.0775261    0.73555
0.0177025 -0.101919      0.73   0.036886 -0.0775475   0.735542
0.0178041 -0.101922      0.73   0.037003 -0.0775689   0.735534
0.0179053 -0.101924      0.73  0.0371199 -0.0775904   0.735526
0.0180061 -0.101927      0.73  0.0372367 -0.0776119   0.735518
0.0181067  -0.10193      0.73  0.0373535 -0.0776336    0.73551
0.0182069 -0.101932      0.73  0.0374702 -0.0776553   0.735502
0.0183067 -0.101935      0.73  0.0375868 -0.0776772   0.735494
0.0184063 -0.101938      0.73  0.0377034 -0.0776991   0.735486
0.0185055  -0.10194      0.73 0.0378199 -0.077721  0.735478
0.0186043 -0.101943      0.73  0.0379363 -0.0777431    0.73547
0.0187028 -0.101946      0.73  0.0380527 -0.0777652   0.735462
0.0188009 -0.101948      0.73   0.038169 -0.0777874   0.735454
0.0188988 -0.101951      0.73  0.0382852 -0.0778097   0.735446
0.0189962 -0.101953      0.73  0.0384014 -0.0778321   0.735437
0.0190933 -0.101956      0.73  0.0385175 -0.0778545   0.735429
0.0191901 -0.101959      0.73  0.0386335 -0.0778771   0.735421
0.0192865 -0.101961      0.73  0.0387494 -0.0778997   0.735413
0.0193825 -0.101964      0.73  0.0388653 -0.0779224   0.735405
0.0194782 -0.101966      0.73  0.0389811 -0.0779451   0.735397
0.0195736 -0.101969      0.73 0.0390968 -0.077968  0.735388
0.0196686 -0.101971      0.73  0.0392124 -0.0779909    0.73538
0.0197632 -0.101974      0.73  0.0393279 -0.0780139   0.735372
0.0198575 -0.101976      0.73 0.0394434 -0.078037  0.735363
0.0199514 -0.101979      0.73  0.0395587 -0.0780602   0.735355
 0.020045 -0.101981      0.73   0.039674 -0.0780834   0.735347
0.0201382 -0.101984      0.73  0.0397892 -0.0781067   0.735338
 0.020231 -0.101986      0.73  0.0399043 -0.0781302    0.73533
0.0203235 -0.101989      0.73  0.0400193 -0.0781536   0.735321
0.0204156 -0.101991      0.73  0.0401342 -0.0781772   0.735313
0.0205074 -0.101994      0.73  0.0402491 -0.0782009   0.735304
0.0205988 -0.101996      0.73  0.0403638 -0.0782246   0.735296
0.0206898 -0.101999      0.73  0.0404785 -0.0782484   0.735287
0.0207804 -0.102001      0.73   0.040593 -0.0782723   0.735278
0.0208707 -0.102003      0.73  0.0407075 -0.0782963    0.73527
0.0209607 -0.102006      0.73  0.0408218 -0.0783203   0.735261
0.0210502 -0.102008      0.73  0.0409361 -0.0783445   0.735252
0.0211394  -0.10201      0.73  0.0410502 -0.0783687   0.735243
0.0212282 -0.102013      0.73 0.0411643 -0.078393  0.735235
0.0213167 -0.102015      0.73  0.0412782 -0.0784174   0.735226
0.0214047 -0.102018      0.73  0.0413921 -0.0784418   0.735217
0.0214924  -0.10202      0.73  0.0415059 -0.0784664   0.735208
0.0215798 -0.102022      0.73 0.0416195 -0.078491  0.735199
0.0216667 -0.102025      0.73   0.041733 -0.0785157    0.73519
0.0217533 -0.102027      0.73  0.0418465 -0.0785405   0.735181
0.0218395 -0.102029      0.73  0.0419598 -0.0785654   0.735172
0.0219254 -0.102031      0.73  0.0420731 -0.0785905   0.735163
0.0220109 -0.102034      0.73  0.0421862 -0.0786157   0.735153
 0.022096 -0.102036      0.73  0.0422992 -0.0786412   0.735144
0.0221807 -0.102038      0.73  0.0424121 -0.0786668   0.735135
0.022265 -0.10204     0.73  0.0425249 -0.0786927   0.735125
 0.022349 -0.102043      0.73  0.0426376 -0.0787188   0.735116
0.0224326 -0.102045      0.73  0.0427502 -0.0787452   0.735107
0.0225158 -0.102047      0.73  0.0428626 -0.0787718   0.735097
0.0225987 -0.102049      0.73   0.042975 -0.0787987   0.735088
0.0226812 -0.102052      0.73  0.0430872 -0.0788258   0.735078
0.0227633 -0.102054      0.73  0.0431993 -0.0788532   0.735069
 0.022845 -0.102056      0.73  0.0433113 -0.0788808   0.735059
0.0229264 -0.102058      0.73  0.0434232 -0.0789086   0.735049
0.0230074  -0.10206      0.73   0.043535 -0.0789366    0.73504
 0.023088 -0.102062      0.73  0.0436467 -0.0789649    0.73503
0.0231682 -0.102065      0.73  0.0437582 -0.0789934    0.73502
0.0232481 -0.102067      0.73  0.0438697 -0.0790221    0.73501
0.0233276 -0.102069      0.73  0.043981 -0.079051     0.735
0.0234067 -0.102071      0.73  0.0440922 -0.0790802    0.73499
0.0234854 -0.102073      0.73  0.0442032 -0.0791095    0.73498
0.0235638 -0.102075      0.73  0.0443142 -0.0791391    0.73497
0.0236418 -0.102077      0.73   0.044425 -0.0791688    0.73496
0.0237194 -0.102079      0.73  0.0445357 -0.0791987    0.73495
0.0237966 -0.102081      0.73  0.0446463 -0.0792289    0.73494
0.0238735 -0.102083      0.73  0.0447568 -0.0792592    0.73493
  0.02395 -0.102085      0.73  0.0448672 -0.0792897   0.734919
0.0240262 -0.102087      0.73  0.0449774 -0.0793204   0.734909
0.0241019 -0.102089      0.73  0.0450875 -0.0793513   0.734898
0.0241773 -0.102091      0.73  0.0451975 -0.0793824   0.734888
0.0242523 -0.102093      0.73  0.0453073 -0.0794136   0.734877
 0.024327 -0.102095      0.73  0.045417 -0.079445  0.734867
0.0244013 -0.102097      0.73  0.0455266 -0.0794766   0.734856
0.0244752 -0.102099      0.73  0.0456361 -0.0795083   0.734845
0.0245487 -0.102101      0.73  0.0457455 -0.0795403   0.734835
0.0246219 -0.102103      0.73  0.0458547 -0.0795724   0.734824
0.0246947 -0.102105      0.73  0.0459638 -0.0796046   0.734813
0.0247672 -0.102107      0.73 0.0460727 -0.079637  0.734802
0.0248392 -0.102109      0.73  0.0461816 -0.0796696   0.734791
 0.024911 -0.102111      0.73  0.0462903 -0.0797023    0.73478
0.0249823 -0.102113      0.73  0.0463988 -0.0797351   0.734769
0.0250533 -0.102115      0.73  0.0465073 -0.0797681   0.734758
0.0251239 -0.102117      0.73  0.0466156 -0.0798012   0.734746
0.0251942 -0.102119      0.73  0.0467238 -0.0798344   0.734735
0.0252641  -0.10212      0.73  0.0468318 -0.0798678   0.734724
0.0253336 -0.102122      0.73  0.0469397 -0.0799013   0.734712
0.0254028 -0.102124      0.73 0.0470475 -0.079935  0.734701
0.0254716 -0.102126      0.73  0.0471552 -0.0799688   0.734689
  0.02554 -0.102128      0.73  0.0472627 -0.0800027   0.734678
0.0256081  -0.10213      0.73  0.0473701 -0.0800367   0.734666
0.0256758 -0.102131      0.73  0.0474773 -0.0800709   0.734654
0.0257432 -0.102133      0.73  0.0475844 -0.0801051   0.734643
0.0258102 -0.102135      0.73  0.0476914 -0.0801396   0.734631
0.0258769 -0.102137      0.73  0.0477982 -0.0801741   0.734619
0.0259432 -0.102138      0.73  0.0479049 -0.0802087   0.734607
0.0260091  -0.10214      0.73  0.0480115 -0.0802435   0.734595
0.0260747 -0.102142      0.73  0.0481179 -0.0802784   0.734583
  0.02614 -0.102144      0.73  0.0482242 -0.0803134   0.734571
0.0262048 -0.102145      0.73  0.0483303 -0.0803485   0.734559
0.0262694 -0.102147      0.73  0.0484363 -0.0803837   0.734547
0.0263336 -0.102149      0.73  0.0485422 -0.0804191   0.734534
0.0263974 -0.102151      0.73  0.0486479 -0.0804545   0.734522
0.0264609 -0.102152      0.73  0.0487535 -0.0804901    0.73451
 0.026524 -0.102154      0.73  0.0488589 -0.0805257   0.734497
0.0265868 -0.102156      0.73  0.0489642 -0.0805615   0.734485
0.0266492 -0.102157      0.73  0.0490694 -0.0805974   0.734472
0.0267113 -0.102159      0.73  0.0491744 -0.0806333   0.734459
 0.026773 -0.102161      0.73  0.0492792 -0.0806694   0.734447
0.0268344 -0.102162      0.73   0.049384 -0.0807056   0.734434
0.0268955 -0.102164      0.73  0.0494885 -0.0807418   0.734421
0.0269562 -0.102165      0.73   0.049593 -0.0807782   0.734408
0.0270165 -0.102167      0.73  0.0496973 -0.0808146   0.734395
0.0270765 -0.102169      0.73  0.0498014 -0.0808512   0.734382
0.0271362  -0.10217      0.73  0.0499054 -0.0808878   0.734369
0.0271955 -0.102172      0.73  0.0500092 -0.0809245   0.734356
0.0272545 -0.102173      0.73  0.0501129 -0.0809612   0.734343
0.0273132 -0.102175      0.73  0.0502165 -0.0809981    0.73433
0.0273715 -0.102177      0.73 0.0503199 -0.081035  0.734317
0.0274294 -0.102178      0.73 0.0504231 -0.081072  0.734303
0.0274871  -0.10218      0.73  0.0505262 -0.0811091    0.73429
0.0275443 -0.102181      0.73  0.0506292 -0.0811463   0.734277
0.0276013 -0.102183      0.73   0.050732 -0.0811836   0.734263
0.0276579 -0.102184      0.73  0.0508346 -0.0812209    0.73425
0.0277142 -0.102186      0.73  0.0509371 -0.0812583   0.734236
0.0277701 -0.102187      0.73  0.0510394 -0.0812958   0.734222
0.0278257 -0.102189      0.73  0.0511416 -0.0813333   0.734208
0.027881 -0.10219     0.73 0.0512436 -0.081371  0.734195
 0.027936 -0.102192      0.73  0.0513455 -0.0814087   0.734181
0.0279906 -0.102193      0.73  0.0514472 -0.0814465   0.734167
0.0280449 -0.102194      0.73  0.0515488 -0.0814844   0.734153
0.0280988 -0.102196      0.73  0.0516502 -0.0815224   0.734139
0.0281524 -0.102197      0.73  0.0517514 -0.0815604   0.734125
0.0282057 -0.102199      0.73  0.0518525 -0.0815985   0.734111
0.0282586   -0.1022      0.73  0.0519534 -0.0816368   0.734096
0.0283113 -0.102202      0.73  0.0520542 -0.0816751   0.734082
0.0283636 -0.102203      0.73  0.0521548 -0.0817135   0.734068
0.0284155 -0.102204      0.73  0.0522552 -0.0817519   0.734054
0.0284672 -0.102206      0.73  0.0523555 -0.0817905   0.734039
0.0285185 -0.102207      0.73  0.0525556 -0.0818679    0.73401
0.0285695 -0.102208      0.73  0.0526554 -0.0819068   0.733996
0.0286201  -0.10221      0.73   0.052755 -0.0819458   0.733981
0.0286705 -0.102211      0.73  0.0528545 -0.0819848   0.733966
0.0287205 -0.102212      0.73 0.0529538 -0.082024  0.733951
0.0287702 -0.102214      0.73  0.0530529 -0.0820632   0.733937
0.0288195 -0.102215      0.73  0.0531519 -0.0821026   0.733922
0.0288686 -0.102216      0.73 0.0532507 -0.082142  0.733907
0.0289173 -0.102218      0.73  0.0533493 -0.0821815   0.733892
0.0289657 -0.102219      0.73  0.0534477 -0.0822212   0.733877
0.0290138  -0.10222      0.73   0.053546 -0.0822609   0.733862
0.0290615 -0.102222      0.73  0.0536442 -0.0823008   0.733847
 0.029109 -0.102223      0.73  0.0537421 -0.0823407   0.733832
0.0291561 -0.102224      0.73  0.0538399 -0.0823807   0.733817
0.0292029 -0.102225      0.73  0.0539336 -0.0824234   0.733801
0.0292493 -0.102227      0.73  0.0541322 -0.0825014   0.733771
0.0292955 -0.102228      0.73  0.0542293 -0.0825419   0.733755
0.0293413 -0.102229      0.73  0.0543262 -0.0825824    0.73374
0.0293869  -0.10223      0.73 0.0544229 -0.082623  0.733725
0.0294321 -0.102231      0.73  0.0545195 -0.0826637   0.733709
 0.029477 -0.102233      0.73  0.0546159 -0.0827045   0.733694
0.0295215 -0.102234      0.73  0.0547121 -0.0827454   0.733678
0.0295658 -0.102235      0.73  0.0548081 -0.0827864   0.733662
0.0296097 -0.102236      0.73   0.054904 -0.0828274   0.733647
0.0296534 -0.102237      0.73  0.0549997 -0.0828686   0.733631
0.0296967 -0.102238      0.73  0.0550951 -0.0829098   0.733615
0.0297397  -0.10224      0.73  0.0551905 -0.0829512   0.733599
0.0297824 -0.102241      0.73  0.0552856 -0.0829926   0.733583
0.0298248 -0.102242      0.73  0.0554753 -0.0830757   0.733551
0.0298668 -0.102243      0.73  0.0555699 -0.0831174   0.733535
0.0299086 -0.102244      0.73  0.0556643 -0.0831591   0.733519
  0.02995 -0.102245      0.73 0.0557586 -0.083201  0.733503
0.0299912 -0.102246      0.73  0.0558526 -0.0832429   0.733487
 0.030032 -0.102247      0.73 0.0559465 -0.083285  0.733471
0.0300725 -0.102248      0.73  0.0560402 -0.0833271   0.733455
0.0301127  -0.10225      0.73  0.0561337 -0.0833693   0.733438
0.0301526 -0.102251      0.73   0.056227 -0.0834116   0.733422
0.0301922 -0.102252      0.73 0.0563201 -0.083454  0.733406
0.0302315 -0.102253      0.73  0.0564131 -0.0834964   0.733389
0.0302705 -0.102254      0.73 0.0565058 -0.083539  0.733373
0.0303092 -0.102255      0.73  0.0565984 -0.0835816   0.733356
0.0303475 -0.102256      0.73  0.0566908 -0.0836243    0.73334
0.0303856 -0.102257      0.73   0.056783 -0.0836671   0.733323
0.0304234 -0.102258      0.73 0.0568751  -0.08371  0.733307
0.0304608 -0.102259      0.73 0.0569669 -0.083753   0.73329
0.030498 -0.10226     0.73  0.0570586 -0.0837961   0.733274
0.0305348 -0.102261      0.73  0.0572414 -0.0838824    0.73324
0.0305714 -0.102262      0.73  0.0573325 -0.0839257   0.733224
0.0306076 -0.102263      0.73  0.0574234 -0.0839691   0.733207
0.0306436 -0.102264      0.73  0.0575141 -0.0840126    0.73319
0.0306792 -0.102265      0.73  0.0576047 -0.0840562   0.733173
0.0307146 -0.102266      0.73  0.0576951 -0.0840998   0.733157
0.0307496 -0.102267      0.73  0.0577853 -0.0841436    0.73314
0.0307844 -0.102267      0.73  0.0578753 -0.0841874   0.733123
0.0308188 -0.102268      0.73  0.0579651 -0.0842313   0.733106
 0.030853 -0.102269      0.73  0.0580548 -0.0842752   0.733089
0.0308868  -0.10227      0.73  0.0581442 -0.0843193   0.733073
0.0309204 -0.102271      0.73  0.0582335 -0.0843634   0.733056
0.0309536 -0.102272      0.73  0.0583226 -0.0844076   0.733039
0.0309866 -0.102273      0.73  0.0584115 -0.0844519   0.733022
0.0310193 -0.102274      0.73  0.0585002 -0.0844963   0.733005
0.0310516 -0.102275      0.73  0.0586771 -0.0845852   0.732971
0.0310837 -0.102275      0.73  0.0587653 -0.0846298   0.732954
0.0311155 -0.102276      0.73  0.0588533 -0.0846745   0.732937
 0.031147 -0.102277      0.73  0.0589411 -0.0847193   0.732921
0.0311782 -0.102278      0.73  0.0590287 -0.0847641   0.732904
0.0312091 -0.102279      0.73 0.0591162 -0.084809  0.732887
0.0312398  -0.10228      0.73 0.0592034 -0.084854   0.73287
0.0312701  -0.10228      0.73 0.0592905 -0.084899  0.732853
0.0313002 -0.102281      0.73  0.0593774 -0.0849441   0.732836
0.0313299 -0.102282      0.73  0.0594641 -0.0849893   0.732819
0.0313594 -0.102283      0.73  0.0595507 -0.0850346   0.732802
0.0313886 -0.102284      0.73   0.059637 -0.0850799   0.732785
0.0314175 -0.102284      0.73  0.0597232 -0.0851253   0.732768
0.0314461 -0.102285      0.73  0.0598092 -0.0851708   0.732751
0.0314744 -0.102286      0.73   0.059895 -0.0852164   0.732735
0.0315025 -0.102287      0.73 0.0599806 -0.085262  0.732718
0.0315302 -0.102287      0.73  0.0600661 -0.0853077   0.732701
0.0315577 -0.102288      0.73  0.0601514 -0.0853534   0.732684
0.0315849 -0.102289      0.73  0.0602364 -0.0853993   0.732667
0.0316118 -0.102289      0.73  0.0603214 -0.0854452    0.73265
0.0316385  -0.10229      0.73  0.0604061 -0.0854911   0.732633
0.0316648 -0.102291      0.73  0.0604906 -0.0855372   0.732617
0.0316909 -0.102292      0.73   0.060575 -0.0855833     0.7326
0.0317167 -0.102292      0.73  0.0606592 -0.0856294   0.732583
0.0317422 -0.102293      0.73  0.0607432 -0.0856757   0.732566
0.0317675 -0.102294      0.73  0.060827 -0.085722   0.73255
0.0317925 -0.102294      0.73  0.0609106 -0.0857683   0.732533
0.0318172 -0.102295      0.73  0.0609941 -0.0858148   0.732516
0.0318416 -0.102296      0.73  0.0610774 -0.0858613     0.7325
0.0318657 -0.102296      0.73  0.0611605 -0.0859078   0.732483
0.0318896 -0.102297      0.73  0.0612434 -0.0859545   0.732466
0.0319132 -0.102297      0.73  0.0613262 -0.0860011    0.73245
0.0319366 -0.102298      0.73  0.0614088 -0.0860479   0.732433
0.0319596 -0.102299      0.73  0.0614912 -0.0860947   0.732417
0.0319824 -0.102299      0.73  0.0615734 -0.0861416     0.7324
0.032005  -0.1023     0.73  0.0616554 -0.0861886   0.732384
0.0320272 -0.102301      0.73  0.0617373 -0.0862356   0.732367
0.0320493 -0.102301      0.73   0.061819 -0.0862826   0.732351
 0.032071 -0.102302      0.73  0.0619005 -0.0863298   0.732335
0.0320925 -0.102302      0.73 0.0619819 -0.086377  0.732318
0.0321137 -0.102303      0.73  0.0620631 -0.0864242   0.732302
0.0321346 -0.102303      0.73  0.0621441 -0.0864715   0.732286
0.0321553 -0.102304      0.73  0.0622249 -0.0865189    0.73227
0.0321758 -0.102304      0.73  0.0623055 -0.0865663   0.732253
0.0321959 -0.102305      0.73   0.062386 -0.0866138   0.732237
0.0322159 -0.102306      0.73  0.0624663 -0.0866613   0.732221
0.0322355 -0.102306      0.73  0.0625464 -0.0867089   0.732205
0.0322549 -0.102307      0.73  0.0626263 -0.0867565   0.732189
0.0322741 -0.102307      0.73   0.062706 -0.0868041   0.732173
 0.032293 -0.102308      0.73  0.0627856 -0.0868518   0.732157
0.0323116 -0.102308      0.73   0.062865 -0.0868996   0.732141
  0.03233 -0.102309      0.73  0.0629442 -0.0869474   0.732125
0.0323482 -0.102309      0.73  0.0630232 -0.0869952   0.732109
0.0323661  -0.10231      0.73   0.063102 -0.0870431   0.732093
0.0323837  -0.10231      0.73 0.0631807 -0.087091  0.732077
0.0324011  -0.10231      0.73 0.0632592 -0.087139  0.732061
0.0324183 -0.102311      0.73 0.0633375 -0.087187  0.732045
0.0324352 -0.102311      0.73 0.0634156 -0.087235  0.732029
0.0324519 -0.102312      0.73  0.0634935 -0.0872831   0.732014
0.0324683 -0.102312      0.73  0.0635712 -0.0873312   0.731998
0.0324845 -0.102313      0.73  0.0636488 -0.0873793   0.731982
0.0325005 -0.102313      0.73  0.0637261 -0.0874275   0.731966
0.0325162 -0.102314      0.73  0.0638033 -0.0874757   0.731951
0.0325317 -0.102314      0.73 0.0638803 -0.087524  0.731935
0.0325469 -0.102314      0.73  0.0639571 -0.0875723   0.731919
0.0325619 -0.102315      0.73  0.0640338 -0.0876207   0.731904
0.0325767 -0.102315      0.73 0.0641102 -0.087669  0.731888
0.0325913 -0.102316      0.73  0.0641864 -0.0877175   0.731872
0.0326056 -0.102316      0.73  0.0642625 -0.0877659   0.731857
0.0326197 -0.102316      0.73  0.0643383 -0.0878145   0.731841
0.0326336 -0.102317      0.73  0.064414 -0.087863  0.731825
0.0326472 -0.102317      0.73  0.0644895 -0.0879116    0.73181
0.0326606 -0.102317      0.73  0.0645648 -0.0879602   0.731794
0.0326738 -0.102318      0.73  0.0646399 -0.0880089   0.731779
0.0326868 -0.102318      0.73  0.0647148 -0.0880576   0.731763
0.0326995 -0.102318      0.73  0.0647895 -0.0881064   0.731748
0.0327121 -0.102319      0.73   0.064864 -0.0881552   0.731732
0.0327244 -0.102319      0.73 0.0649384 -0.088204  0.731716
0.0327365 -0.102319      0.73  0.0650125 -0.0882529   0.731701
0.0327484  -0.10232      0.73  0.0650864 -0.0883019   0.731685
0.0327601  -0.10232      0.73  0.0651602 -0.0883508    0.73167
0.0327715  -0.10232      0.73  0.0652337 -0.0883999   0.731654
0.0327828 -0.102321      0.73  0.0653071 -0.0884489   0.731639
0.0327938 -0.102321      0.73  0.0653802 -0.0884981   0.731623
0.0328047 -0.102321      0.73  0.0654532 -0.0885472   0.731608
0.0328153 -0.102322      0.73   0.065526 -0.0885964   0.731592
0.0328257 -0.102322      0.73  0.0655986 -0.0886457   0.731577
 0.032836 -0.102322      0.73  0.0656709 -0.0886949   0.731562
 0.032846 -0.102322      0.73  0.0657431 -0.0887443   0.731546
0.0328558 -0.102323      0.73  0.0658151 -0.0887936   0.731531
0.0328655 -0.102323      0.73 0.0658869 -0.088843  0.731515
0.0328749 -0.102323      0.73  0.0659585 -0.0888924     0.7315
0.0328842 -0.102323      0.73  0.0660299 -0.0889419   0.731484
0.0328932 -0.102324      0.73  0.0661011 -0.0889914   0.731469
0.0329021 -0.102324      0.73 0.0661721 -0.089041  0.731453
0.0329108 -0.102324      0.73  0.0662429 -0.0890906   0.731438
0.0329192 -0.102324      0.73  0.0663135 -0.0891402   0.731422
0.0329276 -0.102325      0.73  0.0663839 -0.0891898   0.731407
0.0329357 -0.102325      0.73  0.0664541 -0.0892395   0.731391
0.0329436 -0.102325      0.73   0.066524 -0.0892892   0.731376
0.0329514 -0.102325      0.73 0.0665938 -0.089339   0.73136
 0.032959 -0.102325      0.73  0.0666634 -0.0893888   0.731345
0.0329664 -0.102326      0.73  0.0667328 -0.0894387    0.73133
0.0329736 -0.102326      0.73   0.066802 -0.0894885   0.731314
0.0329807 -0.102326      0.73   0.066871 -0.0895384   0.731299
0.0329876 -0.102326      0.73  0.0669398 -0.0895884   0.731283
0.0329943 -0.102326      0.73  0.0670084 -0.0896384   0.731268
0.0330009 -0.102326      0.73  0.0670768 -0.0896884   0.731252
0.0330073 -0.102327      0.73  0.0671449 -0.0897385   0.731237
0.0330135 -0.102327      0.73  0.0672129 -0.0897886   0.731221
0.0330196 -0.102327      0.73  0.0672806 -0.0898388   0.731205
0.0330255 -0.102327      0.73 0.0673482 -0.089889   0.73119
0.0330312 -0.102327      0.73  0.0674155 -0.0899392   0.731174
0.0330368 -0.102327      0.73  0.0674826 -0.0899895   0.731159
0.0330423 -0.102328      0.73  0.0675495 -0.0900399   0.731143
0.0330476 -0.102328      0.73  0.0676161 -0.0900903   0.731128
0.0330527 -0.102328      0.73  0.0676825 -0.0901407   0.731112
0.0330577 -0.102328      0.73  0.0677486 -0.0901912   0.731097
0.0330626 -0.102328      0.73  0.0678144 -0.0902417   0.731081
0.0330673 -0.102328      0.73    0.06788 -0.0902923   0.731066
0.0330718 -0.102328      0.73 0.0679454 -0.090343   0.73105
0.0330763 -0.102328      0.73  0.0680104 -0.0903937   0.731035
0.0330806 -0.102329      0.73  0.0680752 -0.0904444   0.731019
0.0330847 -0.102329      0.73  0.0681397 -0.0904952   0.731004
0.0330888 -0.102329      0.73 0.0682039 -0.090546  0.730989
0.0330927 -0.102329      0.73  0.0682679 -0.0905969   0.730973
0.0330964 -0.102329      0.73  0.0683316 -0.0906478   0.730958
0.0331001 -0.102329      0.73  0.0683951 -0.0906988   0.730942
0.0331036 -0.102329      0.73  0.0684582 -0.0907499   0.730927
 0.033107 -0.102329      0.73 0.0685211 -0.090801  0.730911
0.0331103 -0.102329      0.73  0.0685838 -0.0908521   0.730896
0.0331135 -0.102329      0.73  0.0686462 -0.0909034   0.730881
0.0331165  -0.10233      0.73  0.0687083 -0.0909547   0.730865
0.0331195  -0.10233      0.73 0.0687701 -0.091006   0.73085
0.0331223  -0.10233      0.73  0.0688317 -0.0910575   0.730834
0.033125 -0.10233     0.73 0.0688931 -0.091109  0.730819
0.0331276  -0.10233      0.73  0.0689542 -0.0911606   0.730804
0.0331301  -0.10233      0.73   0.069015 -0.0912122   0.730788
0.0331325  -0.10233      0.73 0.0690756 -0.091264  0.730773
0.0331349  -0.10233      0.73   0.069136 -0.0913157   0.730757
0.0331371  -0.10233      0.73  0.0691961 -0.0913676   0.730742
0.0331392  -0.10233      0.73   0.069256 -0.0914195   0.730727
0.0331412  -0.10233      0.73  0.0693156 -0.0914715   0.730711
0.0331432  -0.10233      0.73  0.0693751 -0.0915236   0.730696
0.033145 -0.10233     0.73  0.0694342 -0.0915757    0.73068
0.0331468  -0.10233      0.73  0.0694932 -0.0916279   0.730665
0.0331485  -0.10233      0.73  0.0695519 -0.0916802   0.730649
0.0331501  -0.10233      0.73  0.0696104 -0.0917325   0.730633
0.0331516  -0.10233      0.73  0.0696686 -0.0917849   0.730618
0.0331531 -0.102331      0.73  0.0697266 -0.0918374   0.730602
0.0331545 -0.102331      0.73  0.0697844 -0.0918899   0.730587
0.0331558 -0.102331      0.73  0.0698419 -0.0919425   0.730571
0.0331571 -0.102331      0.73  0.0698992 -0.0919952   0.730555
0.0331583 -0.102331      0.73  0.0699563 -0.0920479    0.73054
0.0331594 -0.102331      0.73  0.0700132 -0.0921007   0.730524
0.0331605 -0.102331      0.73  0.0700698 -0.0921536   0.730508
0.0331615 -0.102331      0.73  0.0701262 -0.0922065   0.730493
0.0331625 -0.102331      0.73  0.0701824 -0.0922595   0.730477
0.0331634 -0.102331      0.73  0.0702383 -0.0923125   0.730461
0.0331642 -0.102331      0.73   0.070294 -0.0923657   0.730445
0.0331651 -0.102331      0.73  0.0703495 -0.0924189    0.73043
0.0331658 -0.102331      0.73  0.0704047 -0.0924721   0.730414
0.0331666 -0.102331      0.73  0.0704597 -0.0925255   0.730398
0.0331673 -0.102331      0.73  0.0705145 -0.0925789   0.730382
0.0331679 -0.102331      0.73  0.0705691 -0.0926323   0.730366
0.0331686 -0.102331      0.73  0.0706234 -0.0926859    0.73035
0.0331692 -0.102331      0.73  0.0706775 -0.0927395   0.730335
0.0331698 -0.102331      0.73  0.0707313 -0.0927932   0.730319
0.0331703 -0.102331      0.73   0.070785 -0.0928469   0.730303
0.0331709 -0.102331      0.73  0.0708384 -0.0929007   0.730287
0.0331714 -0.102331      0.73  0.0708915 -0.0929546   0.730271
0.0331719 -0.102331      0.73  0.0709445 -0.0930086   0.730255
0.0331724 -0.102331      0.73  0.0709972 -0.0930626   0.730239
0.0331729 -0.102331      0.73  0.0710496 -0.0931167   0.730223
-0.0296883   0.119186       0.73 -0.0296883   0.119186   0.710752
-0.0296883   0.119186       0.73 -0.0297642   0.119096    0.71087
-0.0296883   0.119186       0.73 -0.0298393   0.119005   0.710988
-0.0296883   0.119186       0.73 -0.0299137   0.118914   0.711106
-0.0296883   0.119186       0.73 -0.0299874   0.118823   0.711225
-0.0296883   0.119186       0.73 -0.0300604   0.118732   0.711343
-0.0296882   0.119186       0.73 -0.0301325    0.11864   0.711462
-0.0296882   0.119186       0.73 -0.030204  0.118549  0.711581
-0.0296881   0.119186       0.73 -0.0302747   0.118456   0.711701
-0.029688  0.119186      0.73 -0.0303447   0.118364    0.71182
-0.0296879   0.119186       0.73 -0.0304139   0.118271    0.71194
-0.0296878   0.119186       0.73 -0.0304825   0.118179   0.712059
-0.0296876   0.119186       0.73 -0.0305502   0.118085   0.712179
-0.0296874   0.119186       0.73 -0.0306173   0.117992     0.7123
-0.0296872   0.119186       0.73 -0.0306836   0.117898    0.71242
-0.0296869   0.119186       0.73 -0.0307491   0.117805   0.712541
-0.0296866   0.119186       0.73 -0.030814   0.11771  0.712662
-0.0296863   0.119186       0.73 -0.030878  0.117616  0.712783
-0.0296859   0.119186       0.73 -0.0309414   0.117521   0.712904
-0.0296855   0.119186       0.73 -0.031004  0.117426  0.713026
-0.029685  0.119186      0.73 -0.0310659   0.117331   0.713148
-0.0296845   0.119186       0.73 -0.031127  0.117236   0.71327
-0.0296839   0.119186       0.73 -0.0311874    0.11714   0.713392
-0.0296833   0.119186       0.73 -0.031247  0.117045  0.713515
-0.0296826   0.119186       0.73 -0.0313059   0.116948   0.713638
-0.0296818   0.119185       0.73 -0.0313641   0.116852   0.713762
-0.029681  0.119185      0.73 -0.0314215   0.116756   0.713885
-0.0296801   0.119185       0.73 -0.0314782   0.116659   0.714009
-0.0296792   0.119185       0.73 -0.031534  0.116562  0.714133
-0.0296782   0.119185       0.73 -0.0315892   0.116464   0.714258
-0.0296771   0.119185       0.73 -0.0316436   0.116367   0.714383
-0.0296759   0.119185       0.73 -0.0316973   0.116269   0.714508
-0.0296747   0.119185       0.73 -0.0317502   0.116171   0.714634
-0.0296734   0.119185       0.73 -0.0318023   0.116073    0.71476
-0.029672  0.119185      0.73 -0.0318537   0.115975   0.714886
-0.0296705   0.119184       0.73 -0.0319043   0.115876   0.715013
-0.0296689   0.119184       0.73 -0.0319542   0.115778    0.71514
-0.0296673   0.119184       0.73 -0.0320033   0.115679   0.715268
-0.0296656   0.119184       0.73 -0.0320516   0.115579   0.715395
-0.0296637   0.119184       0.73 -0.0320992    0.11548   0.715524
-0.0296618   0.119184       0.73 -0.032146   0.11538  0.715652
-0.0296598   0.119183       0.73 -0.032192  0.115281  0.715781
-0.0296576   0.119183       0.73 -0.0322373   0.115181    0.71591
-0.0296554   0.119183       0.73 -0.0322818   0.115081    0.71604
-0.0296531   0.119183       0.73 -0.0323255   0.114981    0.71617
-0.0296507   0.119183       0.73 -0.0323685    0.11488     0.7163
-0.0296481   0.119182       0.73 -0.0324106    0.11478   0.716431
-0.0296455   0.119182       0.73 -0.032452  0.114679  0.716562
-0.0296427   0.119182       0.73 -0.0324927   0.114578   0.716693
-0.0296399   0.119182       0.73 -0.0325326   0.114477   0.716825
-0.0296369   0.119181       0.73 -0.0325717   0.114377   0.716957
-0.0296338   0.119181       0.73 -0.0326101   0.114275   0.717089
-0.0296305   0.119181       0.73 -0.0326477   0.114174   0.717222
-0.0296272   0.119181       0.73 -0.0326845   0.114073   0.717355
-0.0296237    0.11918       0.73 -0.0327206   0.113972   0.717489
-0.0296201    0.11918       0.73 -0.032756  0.113871  0.717622
-0.0296164    0.11918       0.73 -0.0327906   0.113769   0.717756
-0.0296125   0.119179       0.73 -0.0328246   0.113668    0.71789
-0.0296086   0.119179       0.73 -0.0328578   0.113567   0.718025
-0.0296044   0.119178       0.73 -0.0328903   0.113466    0.71816
-0.0296002   0.119178       0.73 -0.0329221   0.113364   0.718295
-0.0295958   0.119178       0.73 -0.0329533   0.113263    0.71843
-0.0295913   0.119177       0.73 -0.0329838   0.113162   0.718566
-0.0295866   0.119177       0.73 -0.0330136   0.113061   0.718701
-0.0295818   0.119176       0.73 -0.0330429    0.11296   0.718838
-0.0295768   0.119176       0.73 -0.0330715    0.11286   0.718974
-0.0295717   0.119175       0.73 -0.0330996   0.112759   0.719111
-0.0295664   0.119175       0.73 -0.0331271   0.112659   0.719247
-0.029561  0.119174      0.73 -0.0331541   0.112558   0.719385
-0.0295554   0.119174       0.73 -0.0331806   0.112458   0.719522
-0.0295497   0.119173       0.73 -0.0332066   0.112359    0.71966
-0.0295438   0.119173       0.73 -0.0332322   0.112259   0.719797
-0.0295378   0.119172       0.73 -0.0332573    0.11216   0.719936
-0.0295316   0.119172       0.73 -0.0332821   0.112061   0.720074
-0.0295252   0.119171       0.73 -0.0333066   0.111962   0.720213
-0.0295187   0.119171       0.73 -0.0333308   0.111863   0.720351
-0.029512   0.11917      0.73 -0.0333547   0.111765   0.720491
-0.0295051   0.119169       0.73 -0.0333784   0.111666    0.72063
-0.0294981   0.119169       0.73 -0.0334019   0.111567    0.72077
-0.0294909   0.119168       0.73 -0.0334253   0.111469   0.720909
-0.0294835   0.119167       0.73 -0.0334485    0.11137   0.721049
-0.029476  0.119167      0.73 -0.0334718   0.111272    0.72119
-0.0294682   0.119166       0.73 -0.033495  0.111173   0.72133
-0.0294603   0.119165       0.73 -0.0335183   0.111074   0.721471
-0.0294522   0.119165       0.73 -0.0335416   0.110976   0.721612
-0.029444  0.119164      0.73 -0.033565  0.110877  0.721753
-0.0294355   0.119163       0.73 -0.0335886   0.110779   0.721894
-0.0294269   0.119162       0.73 -0.0336124   0.110681   0.722036
-0.0294181   0.119161       0.73 -0.0336364   0.110584   0.722177
-0.029409  0.119161      0.73 -0.0336607   0.110487   0.722319
-0.0293998    0.11916       0.73 -0.0336853    0.11039   0.722461
-0.0293904   0.119159       0.73 -0.0337102   0.110294   0.722603
-0.0293808   0.119158       0.73 -0.0337355   0.110199   0.722746
-0.0293711   0.119157       0.73 -0.0337613   0.110105   0.722888
-0.0293611   0.119156       0.73 -0.0337874   0.110011   0.723031
-0.0293509   0.119155       0.73 -0.0338141   0.109919   0.723173
-0.0293405   0.119154       0.73 -0.0338413   0.109827   0.723316
-0.0293299   0.119153       0.73 -0.033869  0.109736  0.723459
-0.0293191   0.119152       0.73 -0.0338973   0.109647   0.723602
-0.0293081   0.119151       0.73 -0.0339263   0.109558   0.723745
-0.0292969    0.11915       0.73 -0.0339558   0.109471   0.723884
-0.0292855   0.119149       0.73 -0.0339859   0.109385   0.724019
-0.0292739   0.119148       0.73 -0.0340169   0.109301   0.724149
-0.0292621   0.119147       0.73 -0.0340489   0.109218   0.724275
-0.02925 0.119146     0.73 -0.034082  0.109136  0.724397
-0.0292378   0.119145       0.73 -0.0341161   0.109056   0.724516
-0.0292253   0.119144       0.73 -0.0341512   0.108977    0.72463
-0.0292126   0.119143       0.73 -0.0341873   0.108898   0.724741
-0.0291997   0.119142       0.73 -0.0342244   0.108821   0.724849
-0.0291866    0.11914       0.73 -0.0342625   0.108744   0.724953
-0.0291732   0.119139       0.73 -0.0343015   0.108669   0.725053
-0.0291597   0.119138       0.73 -0.0343416   0.108594   0.725151
-0.0291459   0.119137       0.73 -0.0343826    0.10852   0.725245
-0.0291319   0.119135       0.73 -0.0344244   0.108447   0.725337
-0.0291176   0.119134       0.73 -0.034467  0.108375  0.725426
-0.0291031   0.119133       0.73 -0.0345104   0.108303   0.725512
-0.0290884   0.119131       0.73 -0.0345544   0.108232   0.725595
-0.0290735    0.11913       0.73 -0.034599  0.108161  0.725677
-0.0290583   0.119129       0.73 -0.0346441   0.108091   0.725755
-0.0290429   0.119127       0.73 -0.0346898   0.108021   0.725832
-0.0290273   0.119126       0.73 -0.0347358   0.107952   0.725906
-0.0290114   0.119124       0.73 -0.0347822   0.107883   0.725978
-0.0289953   0.119123       0.73 -0.0348288   0.107815   0.726048
-0.0289789   0.119122       0.73 -0.0348756   0.107747   0.726115
-0.0289623    0.11912       0.73 -0.0349224    0.10768   0.726181
-0.0289455   0.119118       0.73 -0.0349692   0.107613   0.726244
-0.0289284   0.119117       0.73 -0.035016  0.107546  0.726305
-0.0289111   0.119115       0.73 -0.0350625   0.107479   0.726364
-0.0288935   0.119114       0.73 -0.0351089   0.107413   0.726422
-0.0288757   0.119112       0.73 -0.035155  0.107347  0.726477
-0.0288576    0.11911       0.73 -0.0352007   0.107282   0.726531
-0.0288393   0.119109       0.73 -0.0352461   0.107216   0.726582
-0.0288207   0.119107       0.73 -0.035291  0.107151  0.726632
-0.0288019   0.119105       0.73 -0.0353353   0.107086    0.72668
-0.0287828   0.119104       0.73 -0.0353792   0.107021   0.726727
-0.0287635   0.119102       0.73 -0.0354224   0.106957   0.726772
-0.0287439     0.1191       0.73 -0.035465  0.106892  0.726815
-0.0287241   0.119098       0.73 -0.035507  0.106828  0.726857
-0.028704  0.119096      0.73 -0.0355483   0.106764   0.726898
-0.0286836   0.119095       0.73 -0.0355888     0.1067   0.726936
-0.028663  0.119093      0.73 -0.0356287   0.106637   0.726974
-0.0286421   0.119091       0.73 -0.0356678   0.106573    0.72701
-0.028621  0.119089      0.73 -0.0357062    0.10651   0.727045
-0.0285996   0.119087       0.73 -0.0357439   0.106446   0.727079
-0.0285779   0.119085       0.73 -0.0357808   0.106383   0.727111
-0.028556  0.119083      0.73 -0.0358169    0.10632   0.727142
-0.0285338   0.119081       0.73 -0.0358522   0.106257   0.727173
-0.0285114   0.119079       0.73 -0.0358867   0.106195   0.727202
-0.0284886   0.119077       0.73 -0.0359204   0.106132   0.727231
-0.0284656   0.119075       0.73 -0.0359532   0.106069   0.727258
-0.0284424   0.119073       0.73 -0.0359853   0.106007   0.727285
-0.0284188   0.119071       0.73 -0.0360166   0.105944   0.727311
-0.028395  0.119068      0.73 -0.0360471   0.105882   0.727337
-0.0283709   0.119066       0.73 -0.0360768    0.10582   0.727362
-0.0283466   0.119064       0.73 -0.0361058   0.105758   0.727386
-0.0283219   0.119062       0.73 -0.0361341   0.105696   0.727409
-0.028297  0.119059      0.73 -0.0361616   0.105634   0.727432
-0.0282718   0.119057       0.73 -0.0361883   0.105572   0.727455
-0.0282464   0.119055       0.73 -0.0362143   0.105511   0.727477
-0.0282206   0.119052       0.73 -0.0362376   0.105449   0.727497
-0.0281946    0.11905       0.73 -0.0362583   0.105388   0.727517
-0.0281683   0.119048       0.73 -0.0362764   0.105326   0.727535
-0.0281417   0.119045       0.73 -0.0362921   0.105265   0.727552
-0.0281149   0.119043       0.73 -0.0363053   0.105204   0.727567
-0.0280877    0.11904       0.73 -0.0363162   0.105143   0.727582
-0.0280603   0.119038       0.73 -0.0363249   0.105082   0.727596
-0.0280326   0.119035       0.73 -0.0363313   0.105021   0.727608
-0.0280046   0.119033       0.73 -0.0363357   0.104961    0.72762
-0.0279763    0.11903       0.73 -0.036338    0.1049  0.727631
-0.0279478   0.119028       0.73 -0.0363384    0.10484   0.727641
-0.0279189   0.119025       0.73 -0.0363369    0.10478    0.72765
-0.0278898   0.119022       0.73 -0.0363337   0.104719   0.727658
-0.0278604    0.11902       0.73 -0.0363288   0.104659   0.727666
-0.0278306   0.119017       0.73 -0.0363222     0.1046   0.727674
-0.0278006   0.119014       0.73 -0.0363141    0.10454    0.72768
-0.0277704   0.119011       0.73 -0.0363045    0.10448   0.727686
-0.0277398   0.119009       0.73 -0.0362935   0.104421   0.727692
-0.0277089   0.119006       0.73 -0.0362811   0.104361   0.727698
-0.0276778   0.119003       0.73 -0.0362674   0.104302   0.727703
-0.0276463      0.119       0.73 -0.0362524   0.104243   0.727708
-0.0276146   0.118997       0.73 -0.0362362   0.104184   0.727712
-0.0275825   0.118994       0.73 -0.0362187   0.104126   0.727717
-0.0275502   0.118991       0.73 -0.0362001   0.104067   0.727721
-0.0275176   0.118988       0.73 -0.0361804   0.104009   0.727725
-0.0274847   0.118985       0.73 -0.0361596    0.10395   0.727729
-0.0274515   0.118982       0.73 -0.0361377   0.103892   0.727733
-0.027418  0.118979      0.73 -0.0361148   0.103834   0.727736
-0.0273842   0.118976       0.73 -0.0360909   0.103776    0.72774
-0.0273502   0.118973       0.73 -0.036066  0.103719  0.727743
-0.0273158    0.11897       0.73 -0.0360403   0.103661   0.727747
-0.0272811   0.118967       0.73 -0.0360138   0.103604    0.72775
-0.0272462   0.118964       0.73 -0.0359864   0.103547   0.727754
-0.0272109   0.118961       0.73 -0.0359583    0.10349   0.727757
-0.0271754   0.118957       0.73 -0.0359293   0.103433   0.727761
-0.0271395   0.118954       0.73 -0.0358997   0.103377   0.727765
-0.0271034   0.118951       0.73 -0.0358694    0.10332   0.727769
-0.027067  0.118947      0.73 -0.0358385   0.103264   0.727773
-0.0270302   0.118944       0.73 -0.0358068   0.103208   0.727777
-0.0269932   0.118941       0.73 -0.0357746   0.103152   0.727782
-0.0269559   0.118937       0.73 -0.0357418   0.103097   0.727786
-0.0269183   0.118934       0.73 -0.0357084   0.103041   0.727791
-0.0268804    0.11893       0.73 -0.0356745   0.102986   0.727796
-0.0268422   0.118927       0.73 -0.03564 0.102931 0.727802
-0.0268037   0.118923       0.73 -0.0356051   0.102876   0.727807
-0.0267649    0.11892       0.73 -0.0355696   0.102821   0.727813
-0.0267259   0.118916       0.73 -0.0355337   0.102766   0.727819
-0.0266865   0.118913       0.73 -0.0354974   0.102712   0.727826
-0.0266468   0.118909       0.73 -0.0354606   0.102658   0.727833
-0.0266069   0.118906       0.73 -0.0354235   0.102603    0.72784
-0.0265666   0.118902       0.73 -0.035386  0.102549  0.727848
-0.0265261   0.118898       0.73 -0.0353481   0.102496   0.727856
-0.0264852   0.118895       0.73 -0.0353099   0.102442   0.727864
-0.0264441   0.118891       0.73 -0.0352713   0.102388   0.727873
-0.0264027   0.118887       0.73 -0.0352324   0.102335   0.727882
-0.026361  0.118883      0.73 -0.0351931   0.102282   0.727891
-0.026319  0.118879      0.73 -0.0351535   0.102229     0.7279
-0.0262767   0.118876       0.73 -0.0351137   0.102176    0.72791
-0.0262341   0.118872       0.73 -0.0350735   0.102123    0.72792
-0.0261912   0.118868       0.73 -0.035033   0.10207   0.72793
-0.026148  0.118864      0.73 -0.0349923   0.102018   0.727941
-0.0261046    0.11886       0.73 -0.0349512   0.101966   0.727951
-0.0260608   0.118856       0.73 -0.03491 0.101914 0.727962
-0.0260168   0.118852       0.73 -0.0348684   0.101861   0.727973
-0.0259725   0.118848       0.73 -0.0348266    0.10181   0.727985
-0.0259278   0.118844       0.73 -0.0347846   0.101758   0.727996
-0.0258829    0.11884       0.73 -0.0347423   0.101706   0.728008
-0.0258377   0.118836       0.73 -0.0346998   0.101655    0.72802
-0.0257923   0.118831       0.73 -0.0346571   0.101604   0.728032
-0.0257465   0.118827       0.73 -0.0346142   0.101552   0.728044
-0.0257004   0.118823       0.73 -0.0345711   0.101501   0.728057
-0.0256541   0.118819       0.73 -0.0345278   0.101451    0.72807
-0.0256075   0.118815       0.73 -0.0344843     0.1014   0.728082
-0.0255605    0.11881       0.73 -0.0344405   0.101349   0.728095
-0.0255133   0.118806       0.73 -0.0343967   0.101299   0.728108
-0.0254659   0.118802       0.73 -0.0343526   0.101249   0.728121
-0.0254181   0.118797       0.73 -0.0343084   0.101199   0.728135
-0.02537 0.118793     0.73 -0.0342639   0.101149   0.728148
-0.0253217   0.118789       0.73 -0.0342194   0.101099   0.728162
-0.0252731   0.118784       0.73 -0.0341746   0.101049   0.728175
-0.0252242    0.11878       0.73 -0.0341298      0.101   0.728189
-0.025175  0.118775      0.73 -0.0340847    0.10095   0.728203
-0.0251255   0.118771       0.73 -0.0340396   0.100901   0.728217
-0.0250757   0.118766       0.73 -0.0339942   0.100852   0.728231
-0.0250257   0.118762       0.73 -0.0339488   0.100803   0.728245
-0.0249754   0.118757       0.73 -0.0339032   0.100754    0.72826
-0.0249247   0.118752       0.73 -0.0338575   0.100705   0.728274
-0.0248738   0.118748       0.73 -0.0338116   0.100657   0.728288
-0.0248227   0.118743       0.73 -0.0337657   0.100608   0.728303
-0.0247712   0.118738       0.73 -0.0337196   0.100559   0.728318
-0.0247195   0.118734       0.73 -0.0336734    0.10051   0.728332
-0.0246675   0.118729       0.73 -0.0336271   0.100461   0.728347
-0.0246152   0.118724       0.73 -0.0335807   0.100412   0.728362
-0.0245626   0.118719       0.73 -0.0335342   0.100363   0.728376
-0.0245097   0.118715       0.73 -0.0334875   0.100314   0.728391
-0.0244565    0.11871       0.73 -0.0334408   0.100264   0.728406
-0.0244031   0.118705       0.73 -0.0333939   0.100215   0.728421
-0.0243494     0.1187       0.73 -0.033347  0.100165  0.728436
-0.0242954   0.118695       0.73 -0.0332999   0.100116   0.728451
-0.0242411    0.11869       0.73 -0.0332528   0.100066   0.728466
-0.0241866   0.118685       0.73 -0.0332056   0.100016   0.728482
-0.0241317    0.11868       0.73 -0.0331583   0.099966   0.728497
-0.0240766   0.118675       0.73 -0.0331108  0.0999159   0.728512
-0.0240212    0.11867       0.73 -0.0330633  0.0998658   0.728527
-0.0239655   0.118665       0.73 -0.0330157  0.0998155   0.728542
-0.0239095    0.11866       0.73 -0.032968 0.0997652  0.728558
-0.0238533   0.118655       0.73 -0.0329202  0.0997149   0.728573
-0.0237967    0.11865       0.73 -0.0328723  0.0996645   0.728588
-0.0237399   0.118645       0.73 -0.0328243   0.099614   0.728604
-0.0236828   0.118639       0.73 -0.0327762  0.0995635   0.728619
-0.0236254   0.118634       0.73 -0.0327281   0.099513   0.728635
-0.0235677   0.118629       0.73 -0.0326798  0.0994625    0.72865
-0.0235097   0.118624       0.73 -0.0326315   0.099412   0.728666
-0.0234515   0.118618       0.73 -0.032583 0.0993615  0.728681
-0.023393  0.118613      0.73 -0.0325345   0.099311   0.728697
-0.0233341   0.118608       0.73 -0.0324858  0.0992605   0.728712
-0.023275  0.118602      0.73 -0.0324371  0.0992101   0.728728
-0.0232157   0.118597       0.73 -0.0323883  0.0991597   0.728743
-0.023156  0.118591      0.73 -0.0323394  0.0991093   0.728759
-0.023096  0.118586      0.73 -0.0322905   0.099059   0.728774
-0.0230358    0.11858       0.73 -0.0322414  0.0990088    0.72879
-0.0229752   0.118575       0.73 -0.0321922  0.0989587   0.728805
-0.0229144   0.118569       0.73 -0.032143 0.0989086  0.728821
-0.0228533   0.118564       0.73 -0.0320937  0.0988586   0.728836
-0.0227919   0.118558       0.73 -0.0320443  0.0988087   0.728852
-0.0227302   0.118553       0.73 -0.0319947  0.0987589   0.728868
-0.0226682   0.118547       0.73 -0.0319451  0.0987093   0.728883
-0.022606  0.118541      0.73 -0.0318955  0.0986597   0.728899
-0.0225434   0.118536       0.73 -0.0318457  0.0986102   0.728914
-0.0224806    0.11853       0.73 -0.0317958  0.0985609    0.72893
-0.0224175   0.118524       0.73 -0.0317459  0.0985117   0.728945
-0.022354  0.118518      0.73 -0.0316958  0.0984627   0.728961
-0.0222903   0.118513       0.73 -0.0316457  0.0984138   0.728976
-0.0222263   0.118507       0.73 -0.0315955   0.098365   0.728992
-0.022162  0.118501      0.73 -0.0315452  0.0983164   0.729007
-0.0220974   0.118495       0.73 -0.0314948   0.098268   0.729023
-0.0220326   0.118489       0.73 -0.0314443  0.0982197   0.729038
-0.0219674   0.118483       0.73 -0.0313937  0.0981715   0.729054
-0.021902  0.118477      0.73 -0.0313431  0.0981235   0.729069
-0.0218362   0.118471       0.73 -0.0312923  0.0980757   0.729085
-0.0217702   0.118465       0.73 -0.0312415  0.0980281     0.7291
-0.0217038   0.118459       0.73 -0.0311906  0.0979806   0.729116
-0.0216372   0.118453       0.73 -0.0311396  0.0979333   0.729131
-0.0215703   0.118447       0.73 -0.0310885  0.0978862   0.729146
-0.0215031   0.118441       0.73 -0.0310373  0.0978392   0.729162
-0.0214356   0.118435       0.73 -0.030986 0.0977925  0.729177
-0.0213678   0.118429       0.73 -0.0309346  0.0977459   0.729192
-0.0212997   0.118422       0.73 -0.0308831  0.0976995   0.729207
-0.0212313   0.118416       0.73 -0.0308316  0.0976532   0.729223
-0.0211627    0.11841       0.73 -0.0307799  0.0976072   0.729238
-0.0210937   0.118404       0.73 -0.0307282  0.0975613   0.729253
-0.0210245   0.118397       0.73 -0.0306764  0.0975156   0.729268
-0.0209549   0.118391       0.73 -0.0306244    0.09747   0.729283
-0.0208851   0.118385       0.73 -0.0305724  0.0974247   0.729298
-0.0208149   0.118378       0.73 -0.0305203  0.0973795   0.729313
-0.0207445   0.118372       0.73 -0.0304681  0.0973345   0.729328
-0.0206738   0.118365       0.73 -0.0304158  0.0972897   0.729343
-0.0206028   0.118359       0.73 -0.0303634   0.097245   0.729358
-0.0205315   0.118353       0.73 -0.0303109  0.0972005   0.729373
-0.0204599   0.118346       0.73 -0.0302583  0.0971562   0.729388
-0.020388  0.118339      0.73 -0.0302057  0.0971121   0.729403
-0.0203158   0.118333       0.73 -0.0301529  0.0970681   0.729418
-0.0202434   0.118326       0.73   -0.0301 0.0970243  0.729433
-0.0201706    0.11832       0.73 -0.030047 0.0969807  0.729447
-0.0200975   0.118313       0.73 -0.029994 0.0969372  0.729462
-0.0200242   0.118306       0.73 -0.0299408  0.0968939   0.729477
-0.0199506     0.1183       0.73 -0.0298876  0.0968507   0.729491
-0.0198766   0.118293       0.73 -0.0298342  0.0968078   0.729506
-0.0198024   0.118286       0.73 -0.0297807   0.096765    0.72952
-0.0197279   0.118279       0.73 -0.0297272  0.0967224   0.729535
-0.0196531   0.118273       0.73 -0.0296735  0.0966799   0.729549
-0.019578  0.118266      0.73 -0.0296198  0.0966376   0.729564
-0.0195026   0.118259       0.73 -0.0295659  0.0965955   0.729578
-0.019427  0.118252      0.73 -0.0295119  0.0965535   0.729593
-0.019351  0.118245      0.73 -0.0294579  0.0965117   0.729607
-0.0192748   0.118238       0.73 -0.0294037  0.0964701   0.729621
-0.0191982   0.118231       0.73 -0.0293495  0.0964287   0.729635
-0.0191214   0.118224       0.73 -0.0292951  0.0963874   0.729649
-0.0190443   0.118217       0.73 -0.0292407  0.0963463   0.729664
-0.0189669    0.11821       0.73 -0.0291861  0.0963054   0.729678
-0.0188892   0.118203       0.73 -0.0291314  0.0962646   0.729692
-0.0188112   0.118196       0.73 -0.0290767   0.096224   0.729706
-0.018733  0.118189      0.73 -0.0290218  0.0961836    0.72972
-0.0186545   0.118182       0.73 -0.0289668  0.0961433   0.729733
-0.0185756   0.118174       0.73 -0.0289118  0.0961032   0.729747
-0.0184965   0.118167       0.73 -0.0288566  0.0960633   0.729761
-0.0184171    0.11816       0.73 -0.0288014  0.0960235   0.729775
-0.0183374   0.118153       0.73 -0.028746 0.0959839  0.729789
-0.0182575   0.118146       0.73 -0.0286906  0.0959445   0.729802
-0.0181772   0.118138       0.73 -0.0286351  0.0959053   0.729816
-0.0180967   0.118131       0.73 -0.0285795  0.0958662   0.729829
-0.0180159   0.118124       0.73 -0.0285239  0.0958273   0.729843
-0.0179348   0.118116       0.73 -0.0284681  0.0957885   0.729856
-0.0178535   0.118109       0.73 -0.0284123  0.0957499    0.72987
-0.0177718   0.118101       0.73 -0.0283564  0.0957115   0.729883
-0.0176899   0.118094       0.73 -0.0283004  0.0956732   0.729896
-0.0176077   0.118086       0.73 -0.0282443  0.0956352    0.72991
-0.0175252   0.118079       0.73 -0.0281882  0.0955973   0.729923
-0.0174424   0.118071       0.73 -0.028132 0.0955595  0.729936
-0.0173594   0.118064       0.73 -0.0280757  0.0955219   0.729949
-0.0172761   0.118056       0.73 -0.0280193  0.0954845   0.729962
-0.0171925   0.118049       0.73 -0.0279629  0.0954473   0.729975
-0.0171086   0.118041       0.73 -0.0279064  0.0954102   0.729988
-0.0170245   0.118033       0.73 -0.0278498  0.0953733   0.730001
-0.0169401   0.118026       0.73 -0.0277931  0.0953366   0.730014
-0.0168554   0.118018       0.73 -0.0277364     0.0953   0.730027
-0.0167704    0.11801       0.73 -0.0276796  0.0952636   0.730039
-0.0166852   0.118002       0.73 -0.0276227  0.0952273   0.730052
-0.0165997   0.117995       0.73 -0.0275658  0.0951913   0.730065
-0.0165139   0.117987       0.73 -0.0275088  0.0951554   0.730077
-0.0164279   0.117979       0.73 -0.0274517  0.0951196    0.73009
-0.0163416   0.117971       0.73 -0.0273946  0.0950841   0.730102
-0.016255  0.117963      0.73 -0.0273374  0.0950487   0.730115
-0.0161682   0.117955       0.73 -0.0272801  0.0950135   0.730127
-0.016081  0.117947      0.73 -0.0272227  0.0949784   0.730139
-0.0159937   0.117939       0.73 -0.0271653  0.0949435   0.730152
-0.015906  0.117931      0.73 -0.0271078  0.0949088   0.730164
-0.0158181   0.117923       0.73 -0.0270503  0.0948742   0.730176
-0.0157299   0.117915       0.73 -0.0269926  0.0948398   0.730188
-0.0156415   0.117907       0.73 -0.0269349  0.0948056     0.7302
-0.0155528   0.117899       0.73 -0.0268772  0.0947715   0.730212
-0.0154639   0.117891       0.73 -0.0268193  0.0947376   0.730224
-0.0153746   0.117883       0.73 -0.0267614  0.0947039   0.730236
-0.0152852   0.117875       0.73 -0.0267035  0.0946703   0.730248
-0.0151954   0.117867       0.73 -0.0266454  0.0946369   0.730259
-0.0151054   0.117859       0.73 -0.0265873  0.0946037   0.730271
-0.0150152    0.11785       0.73 -0.0265292  0.0945706   0.730283
-0.0149247   0.117842       0.73 -0.0264709  0.0945377   0.730295
-0.0148339   0.117834       0.73 -0.0264126   0.094505   0.730306
-0.0147429   0.117826       0.73 -0.0263543  0.0944724   0.730318
-0.0146516   0.117817       0.73 -0.0262958    0.09444   0.730329
-0.0145601   0.117809       0.73 -0.0262373  0.0944077   0.730341
-0.0144683   0.117801       0.73 -0.0261787  0.0943757   0.730352
-0.0143763   0.117792       0.73 -0.0261201  0.0943437   0.730363
-0.014284  0.117784      0.73 -0.0260614   0.094312   0.730374
-0.0141915   0.117775       0.73 -0.0260026  0.0942804   0.730386
-0.0140987   0.117767       0.73 -0.0259438  0.0942489   0.730397
-0.0140057   0.117758       0.73 -0.0258849  0.0942177   0.730408
-0.0139124    0.11775       0.73 -0.0258259  0.0941866   0.730419
-0.0138189   0.117741       0.73 -0.0257669  0.0941556    0.73043
-0.0137252   0.117733       0.73 -0.0257078  0.0941248   0.730441
-0.0136312   0.117724       0.73 -0.0256486  0.0940942   0.730452
-0.0135369   0.117716       0.73 -0.0255894  0.0940637   0.730463
-0.0134424   0.117707       0.73  -0.02553 0.0940334  0.730474
-0.0133477   0.117699       0.73 -0.0254707  0.0940033   0.730484
-0.0132527    0.11769       0.73 -0.0254112  0.0939733   0.730495
-0.0131575   0.117681       0.73 -0.0253517  0.0939435   0.730506
-0.0130621   0.117673       0.73 -0.0252922  0.0939138   0.730517
-0.0129664   0.117664       0.73 -0.0252325  0.0938843   0.730527
-0.0128704   0.117655       0.73 -0.0251728   0.093855   0.730538
-0.0127743   0.117646       0.73 -0.025113 0.0938258  0.730548
-0.0126779   0.117638       0.73 -0.0250532  0.0937968   0.730559
-0.0125813   0.117629       0.73 -0.0249932  0.0937679   0.730569
-0.0124844    0.11762       0.73 -0.0249333  0.0937392   0.730579
-0.0123873   0.117611       0.73 -0.0248732  0.0937106    0.73059
-0.01229 0.117602     0.73 -0.0248131  0.0936822     0.7306
-0.0121924   0.117593       0.73 -0.0247529   0.093654    0.73061
-0.0120946   0.117585       0.73 -0.0246926  0.0936259    0.73062
-0.0119966   0.117576       0.73 -0.0246323   0.093598    0.73063
-0.0118984   0.117567       0.73 -0.0245719  0.0935702    0.73064
-0.0117999   0.117558       0.73 -0.0245114  0.0935426    0.73065
-0.0117012   0.117549       0.73 -0.0244509  0.0935152    0.73066
-0.0116023    0.11754       0.73 -0.0243902  0.0934879    0.73067
-0.0115032   0.117531       0.73 -0.0243296  0.0934607    0.73068
-0.0114038   0.117522       0.73 -0.0242688  0.0934338    0.73069
-0.0113042   0.117513       0.73 -0.0242079  0.0934069     0.7307
-0.0112044   0.117503       0.73 -0.024147 0.0933803  0.730709
-0.0111044   0.117494       0.73 -0.0240861  0.0933538   0.730719
-0.0110041   0.117485       0.73 -0.024025 0.0933274  0.730729
-0.0109037   0.117476       0.73 -0.0239639  0.0933012   0.730738
-0.010803  0.117467      0.73 -0.0239027  0.0932751   0.730748
-0.0107021   0.117458       0.73 -0.0238414  0.0932493   0.730757
-0.010601  0.117449      0.73 -0.0237801  0.0932235   0.730767
-0.0104997   0.117439       0.73 -0.0237186  0.0931979   0.730776
-0.0103982    0.11743       0.73 -0.0236572  0.0931725   0.730785
-0.0102964   0.117421       0.73 -0.0235956  0.0931472   0.730795
-0.0101945   0.117412       0.73 -0.0235339  0.0931221   0.730804
-0.0100923   0.117402       0.73 -0.0234722  0.0930971   0.730813
-0.00998996    0.117393        0.73 -0.0234104  0.0930723   0.730822
-0.00988739    0.117384        0.73 -0.0233485  0.0930476   0.730831
-0.00978461    0.117374        0.73 -0.0232865  0.0930231    0.73084
-0.00968162    0.117365        0.73 -0.0232245  0.0929988   0.730849
-0.00957844    0.117355        0.73 -0.0231624  0.0929746   0.730858
-0.00947505    0.117346        0.73 -0.0231002  0.0929505   0.730867
-0.00937146    0.117337        0.73 -0.0230379  0.0929266   0.730876
-0.00926767    0.117327        0.73 -0.0229756  0.0929028   0.730885
-0.00916368    0.117318        0.73 -0.0229132  0.0928792   0.730894
-0.00905949    0.117308        0.73 -0.0228506  0.0928558   0.730902
-0.0089551   0.117299       0.73 -0.0227881  0.0928325   0.730911
-0.00885052    0.117289        0.73 -0.0227254  0.0928094    0.73092
-0.00874574     0.11728        0.73 -0.0226626  0.0927864   0.730928
-0.00864077     0.11727        0.73 -0.0225998  0.0927635   0.730937
-0.00853561    0.117261        0.73 -0.0225369  0.0927408   0.730945
-0.00843025    0.117251        0.73 -0.0224739  0.0927183   0.730953
-0.00832471    0.117241        0.73 -0.0224108  0.0926959   0.730962
-0.00821897    0.117232        0.73 -0.0223477  0.0926737    0.73097
-0.00811305    0.117222        0.73 -0.0222844  0.0926516   0.730978
-0.00800694    0.117212        0.73 -0.0222211  0.0926297   0.730987
-0.00790064    0.117203        0.73 -0.0221577  0.0926079   0.730995
-0.00779416    0.117193        0.73 -0.0220942  0.0925862   0.731003
-0.0076875   0.117183       0.73 -0.0220307  0.0925647   0.731011
-0.00758065    0.117174        0.73 -0.021967 0.0925434  0.731019
-0.00747362    0.117164        0.73 -0.0219032  0.0925222   0.731027
-0.00736641    0.117154        0.73 -0.0218394  0.0925012   0.731035
-0.00725902    0.117144        0.73 -0.0217755  0.0924803   0.731042
-0.00715145    0.117135        0.73 -0.0217115  0.0924595    0.73105
-0.00704371    0.117125        0.73 -0.0216474  0.0924389   0.731058
-0.00693579    0.117115        0.73 -0.0215832  0.0924185   0.731066
-0.00682769    0.117105        0.73 -0.021519 0.0923982  0.731073
-0.00671942    0.117095        0.73 -0.0214546   0.092378   0.731081
-0.00661098    0.117085        0.73 -0.0213902   0.092358   0.731088
-0.00650237    0.117075        0.73 -0.0213256  0.0923382   0.731096
-0.00639358    0.117066        0.73 -0.021261 0.0923185  0.731103
-0.00628463    0.117056        0.73 -0.0211963  0.0922989   0.731111
-0.00617551    0.117046        0.73 -0.0211315  0.0922795   0.731118
-0.00606622    0.117036        0.73 -0.0210666  0.0922603   0.731125
-0.00595677    0.117026        0.73 -0.0210016  0.0922412   0.731132
-0.00584715    0.117016        0.73 -0.0209364  0.0922222    0.73114
-0.00573737    0.117006        0.73 -0.0208713  0.0922034   0.731147
-0.00562743    0.116996        0.73 -0.0208059  0.0921848   0.731154
-0.00551733    0.116986        0.73 -0.0207405  0.0921663   0.731161
-0.00540706    0.116976        0.73 -0.020675  0.092148  0.731168
-0.00529664    0.116966        0.73 -0.0206094  0.0921298   0.731175
-0.00518606    0.116956        0.73 -0.0205437  0.0921117   0.731182
-0.00507533    0.116946        0.73 -0.0204778  0.0920938   0.731188
-0.00496444    0.116935        0.73 -0.0204119  0.0920761   0.731195
-0.00485339    0.116925        0.73 -0.0203459  0.0920585   0.731202
-0.0047422   0.116915       0.73 -0.0202797   0.092041   0.731208
-0.00463085    0.116905        0.73 -0.0202134  0.0920237   0.731215
-0.00451935    0.116895        0.73 -0.0201471  0.0920065   0.731222
-0.0044077   0.116885       0.73 -0.0200806  0.0919895   0.731228
-0.00429591    0.116875        0.73 -0.020014 0.0919727  0.731234
-0.00418396    0.116864        0.73 -0.0199473   0.091956   0.731241
-0.00407188    0.116854        0.73 -0.0198805  0.0919394   0.731247
-0.00395964    0.116844        0.73 -0.0198136   0.091923   0.731253
-0.00384727    0.116834        0.73 -0.0197465  0.0919067    0.73126
-0.00373475    0.116824        0.73 -0.0196794  0.0918906   0.731266
-0.0036221   0.116813       0.73 -0.0196121  0.0918746   0.731272
-0.0035093   0.116803       0.73 -0.0195448  0.0918588   0.731278
-0.00339636    0.116793        0.73 -0.0194773  0.0918431   0.731284
-0.00328329    0.116782        0.73 -0.0194097  0.0918276    0.73129
-0.00317008    0.116772        0.73 -0.0193419  0.0918122   0.731296
-0.00305674    0.116762        0.73 -0.0192741   0.091797   0.731301
-0.00294327    0.116751        0.73 -0.0192061  0.0917819   0.731307
-0.00282966    0.116741        0.73 -0.0191381  0.0917669   0.731313
-0.00271592    0.116731        0.73 -0.0190699  0.0917521   0.731318
-0.00260205     0.11672        0.73 -0.0190015  0.0917375   0.731324
-0.00248805     0.11671        0.73 -0.0189331  0.0917229    0.73133
-0.00237393      0.1167        0.73 -0.0188646  0.0917086   0.731335
-0.00225968    0.116689        0.73 -0.0187959  0.0916944    0.73134
-0.0021453   0.116679       0.73 -0.0187271  0.0916803   0.731346
-0.0020308   0.116668       0.73 -0.0186582  0.0916663   0.731351
-0.00191618    0.116658        0.73 -0.0185892  0.0916525   0.731356
-0.00180144    0.116648        0.73  -0.01852 0.0916389  0.731361
-0.00168658    0.116637        0.73 -0.0184508  0.0916254   0.731367
-0.0015716   0.116627       0.73 -0.0183814   0.091612   0.731372
-0.0014565   0.116616       0.73 -0.0183119  0.0915988   0.731377
-0.00134129    0.116606        0.73 -0.0182422  0.0915857   0.731382
-0.00122596    0.116595        0.73 -0.0181725  0.0915728   0.731387
-0.00111051    0.116585        0.73 -0.0181026    0.09156   0.731391
-0.00099496    0.116574        0.73 -0.0180326  0.0915474   0.731396
-0.000879294     0.116564         0.73 -0.0179625  0.0915349   0.731401
-0.000763518     0.116553         0.73 -0.0178922  0.0915225   0.731405
-0.000647633     0.116542         0.73 -0.0178219  0.0915103    0.73141
-0.000531641     0.116532         0.73 -0.0177514  0.0914982   0.731415
-0.000415543     0.116521         0.73 -0.0176808  0.0914863   0.731419
-0.000299341     0.116511         0.73  -0.01761 0.0914745  0.731423
-0.000183034       0.1165         0.73 -0.0175392  0.0914628   0.731428
-6.66252e-05      0.11649         0.73 -0.0174682  0.0914513   0.731432
4.98848e-05    0.116479        0.73 -0.0173971  0.0914399   0.731436
0.000166495    0.116468        0.73 -0.0173259  0.0914287   0.731441
0.000283203    0.116458        0.73 -0.0172545  0.0914176   0.731445
0.000400009    0.116447        0.73 -0.017183 0.0914066  0.731449
0.00051691   0.116436       0.73 -0.0171114  0.0913958   0.731453
0.000633907    0.116426        0.73 -0.0170397  0.0913851   0.731457
0.000750997    0.116415        0.73 -0.0169679  0.0913746   0.731461
0.000868179    0.116405        0.73 -0.0168959  0.0913642   0.731464
0.000985452    0.116394        0.73 -0.0168238  0.0913539   0.731468
0.00110282   0.116383       0.73 -0.0167516  0.0913438   0.731472
0.00122027   0.116372       0.73 -0.0166792  0.0913338   0.731475
0.0013378  0.116362      0.73 -0.0166068   0.091324   0.731479
0.00145543   0.116351       0.73 -0.0165342  0.0913143   0.731482
0.00157314    0.11634       0.73 -0.0164614  0.0913047   0.731486
0.00169093    0.11633       0.73 -0.0163886  0.0912953   0.731489
0.00180881   0.116319       0.73 -0.0163156   0.091286   0.731493
0.00192676   0.116308       0.73 -0.0162425  0.0912768   0.731496
0.00204479   0.116297       0.73 -0.0161693  0.0912678   0.731499
0.00216291   0.116287       0.73 -0.016096 0.0912589  0.731502
0.0022811  0.116276      0.73 -0.0160225  0.0912502   0.731505
0.00239936   0.116265       0.73 -0.0159489  0.0912416   0.731508
0.0025177  0.116254      0.73 -0.0158752  0.0912331   0.731511
0.00263612   0.116244       0.73 -0.0158013  0.0912248   0.731514
0.0027546  0.116233      0.73 -0.0157274  0.0912166   0.731517
0.00287316   0.116222       0.73 -0.0156533  0.0912086    0.73152
0.00299178   0.116211       0.73 -0.0155791  0.0912007   0.731522
0.00311047     0.1162       0.73 -0.0155047  0.0911929   0.731525
0.00322923    0.11619       0.73 -0.0154303  0.0911853   0.731528
0.00334806   0.116179       0.73 -0.0153557  0.0911778    0.73153
0.00346695   0.116168       0.73 -0.0152809  0.0911704   0.731533
0.0035859  0.116157      0.73 -0.0152061  0.0911631   0.731535
0.00370491   0.116146       0.73 -0.0151312   0.091156   0.731537
0.00382399   0.116135       0.73 -0.0150561  0.0911491    0.73154
0.00394312   0.116125       0.73 -0.0149809  0.0911423   0.731542
0.00406231   0.116114       0.73 -0.0149055  0.0911356   0.731544
0.00418156   0.116103       0.73 -0.01483 0.091129 0.731546
0.00430086   0.116092       0.73 -0.0147545  0.0911226   0.731548
0.00442021   0.116081       0.73 -0.0146787  0.0911163    0.73155
0.00453962    0.11607       0.73 -0.0146029  0.0911101   0.731552
0.00465908   0.116059       0.73 -0.0145269  0.0911041   0.731554
0.00477859   0.116049       0.73 -0.0144509  0.0910982   0.731555
0.00489815   0.116038       0.73 -0.0143747  0.0910924   0.731557
0.00501775   0.116027       0.73 -0.0142983  0.0910868   0.731559
0.0051374  0.116016      0.73 -0.0142219  0.0910812    0.73156
0.0052571  0.116005      0.73 -0.0141453  0.0910759   0.731562
0.00537684   0.115994       0.73 -0.0140686  0.0910706   0.731563
0.00549662   0.115983       0.73 -0.0139918  0.0910655   0.731565
0.00561644   0.115972       0.73 -0.0139148  0.0910605   0.731566
0.0057363  0.115961      0.73 -0.0138378  0.0910557   0.731567
0.00585621    0.11595       0.73 -0.0137606   0.091051   0.731568
0.00597614    0.11594       0.73 -0.0136832  0.0910464    0.73157
0.00609612   0.115929       0.73 -0.0136058  0.0910419   0.731571
0.00621612   0.115918       0.73 -0.0135282  0.0910376   0.731572
0.00633616   0.115907       0.73 -0.0134506  0.0910334   0.731573
0.00645624   0.115896       0.73 -0.0133727  0.0910293   0.731573
0.00657634   0.115885       0.73 -0.0132948  0.0910254   0.731574
0.00669647   0.115874       0.73 -0.0132168  0.0910216   0.731575
0.00681663   0.115863       0.73 -0.0131386  0.0910179   0.731576
0.00693682   0.115852       0.73 -0.0130603  0.0910143   0.731577
0.00705703   0.115841       0.73 -0.0129819  0.0910109   0.731577
0.00717727    0.11583       0.73 -0.0129034  0.0910076   0.731578
0.00729753   0.115819       0.73 -0.0128247  0.0910044   0.731578
0.00741781   0.115808       0.73 -0.0127459  0.0910014   0.731579
0.00753811   0.115797       0.73 -0.012667 0.0909984  0.731579
0.00765843   0.115786       0.73 -0.012588 0.0909957  0.731579
0.00777876   0.115775       0.73 -0.0125089   0.090993    0.73158
0.00789912   0.115764       0.73 -0.0124296  0.0909904    0.73158
0.00801948   0.115754       0.73 -0.0123503   0.090988    0.73158
0.00813987   0.115743       0.73 -0.0122708  0.0909857    0.73158
0.00826026   0.115732       0.73 -0.0121911  0.0909836    0.73158
0.00838067   0.115721       0.73 -0.0121114  0.0909815    0.73158
0.00850108    0.11571       0.73 -0.0120315  0.0909796    0.73158
0.00862151   0.115699       0.73 -0.0119516  0.0909778    0.73158
0.00874194   0.115688       0.73 -0.0118715  0.0909762    0.73158
0.00886237   0.115677       0.73 -0.0117913  0.0909746    0.73158
0.00898281   0.115666       0.73 -0.011711 0.0909732   0.73158
0.00910326   0.115655       0.73 -0.0116305  0.0909719   0.731579
0.00922371   0.115644       0.73  -0.01155 0.0909707  0.731579
0.00934415   0.115633       0.73 -0.0114693  0.0909697   0.731579
0.0094646  0.115622      0.73 -0.0113885  0.0909688   0.731578
0.00958505   0.115611       0.73 -0.0113076   0.090968   0.731578
0.00970549     0.1156       0.73 -0.0112265  0.0909673   0.731577
0.00982593   0.115589       0.73 -0.0111454  0.0909667   0.731576
0.00994636   0.115578       0.73 -0.0110641  0.0909663   0.731576
0.0100668  0.115567      0.73 -0.0109828   0.090966   0.731575
0.0101872  0.115556      0.73 -0.0109013  0.0909658   0.731574
0.0103076  0.115545      0.73 -0.0108196  0.0909657   0.731573
0.010428 0.115534     0.73 -0.0107379  0.0909658   0.731572
0.0105484  0.115523      0.73 -0.0106561  0.0909659   0.731571
0.0106688  0.115512      0.73 -0.0105741  0.0909662    0.73157
0.0107891  0.115501      0.73 -0.0104921  0.0909666   0.731569
0.0109095   0.11549      0.73 -0.0104099  0.0909672   0.731568
0.0110298  0.115479      0.73 -0.0103276  0.0909678   0.731567
0.0111501  0.115469      0.73 -0.0102452  0.0909686   0.731566
0.0112704  0.115458      0.73 -0.0101626  0.0909695   0.731564
0.0113906  0.115447      0.73  -0.01008 0.0909705  0.731563
0.0115109  0.115436      0.73 -0.00999725   0.0909717    0.731562
0.0116311  0.115425      0.73 -0.00991438   0.0909729     0.73156
0.0117513  0.115414      0.73 -0.00983142   0.0909743    0.731559
0.0118714  0.115403      0.73 -0.00974832   0.0909758    0.731557
0.0119916  0.115392      0.73 -0.00966512   0.0909774    0.731555
0.0121117  0.115381      0.73 -0.00958181   0.0909792    0.731554
0.0122318   0.11537      0.73 -0.00949838    0.090981    0.731552
0.0123518  0.115359      0.73 -0.00941485    0.090983     0.73155
0.0124718  0.115348      0.73 -0.0093312  0.0909851   0.731548
0.0125918  0.115337      0.73 -0.00924744   0.0909873    0.731546
0.0127118  0.115326      0.73 -0.00916357   0.0909897    0.731544
0.0128317  0.115315      0.73 -0.00907958   0.0909921    0.731542
0.0129515  0.115305      0.73 -0.00899549   0.0909947     0.73154
0.0130714  0.115294      0.73 -0.00891129   0.0909974    0.731538
0.0131912  0.115283      0.73 -0.00882699   0.0910002    0.731536
0.0133109  0.115272      0.73 -0.00874256   0.0910031    0.731533
0.0134306  0.115261      0.73 -0.00865802   0.0910062    0.731531
0.0135503   0.11525      0.73 -0.00857339   0.0910093    0.731528
0.0136699  0.115239      0.73 -0.00848862   0.0910126    0.731526
0.0137895  0.115228      0.73 -0.00840376   0.0910159    0.731523
0.013909 0.115217     0.73 -0.00831879   0.0910194    0.731521
0.0140285  0.115207      0.73 -0.00823371    0.091023    0.731518
0.0141479  0.115196      0.73 -0.00814851   0.0910267    0.731515
0.0142672  0.115185      0.73 -0.00806323   0.0910305    0.731512
0.0143866  0.115174      0.73 -0.0079778  0.0910344   0.731509
0.0145058  0.115163      0.73 -0.00789229   0.0910384    0.731506
0.014625 0.115152     0.73 -0.00780667   0.0910425    0.731503
0.0147442  0.115141      0.73 -0.00772093   0.0910467      0.7315
0.0148633  0.115131      0.73 -0.0076351   0.091051   0.731497
0.0149823   0.11512      0.73 -0.00754915   0.0910555    0.731494
0.0151013  0.115109      0.73 -0.00746307     0.09106    0.731491
0.0152202  0.115098      0.73 -0.00737692   0.0910646    0.731487
0.015339 0.115087     0.73 -0.00729066   0.0910694    0.731484
0.0154578  0.115076      0.73 -0.00720427   0.0910742    0.731481
0.0155765  0.115066      0.73 -0.00711781   0.0910791    0.731477
0.0156952  0.115055      0.73 -0.00703122   0.0910842    0.731473
0.0158137  0.115044      0.73 -0.00694451   0.0910893     0.73147
0.0159323  0.115033      0.73 -0.00685773   0.0910946    0.731466
0.0160507  0.115022      0.73 -0.00677084   0.0910999    0.731462
0.0161691  0.115012      0.73 -0.0066838  0.0911054   0.731459
0.0162874  0.115001      0.73 -0.0065967  0.0911109   0.731455
0.0164056   0.11499      0.73 -0.0065095  0.0911165   0.731451
0.0165237  0.114979      0.73 -0.00642218   0.0911223    0.731447
0.0166418  0.114969      0.73 -0.00633475   0.0911281    0.731443
0.0167598  0.114958      0.73 -0.00624723   0.0911341    0.731439
0.0168777  0.114947      0.73 -0.00615959   0.0911401    0.731435
0.0169955  0.114936      0.73 -0.00607185   0.0911462    0.731431
0.0171132  0.114926      0.73 -0.00598402   0.0911525    0.731426
0.0172309  0.114915      0.73 -0.0058961  0.0911588   0.731422
0.0173485  0.114904      0.73 -0.00580806   0.0911652    0.731418
0.017466 0.114894     0.73 -0.00571992   0.0911717    0.731413
0.0175834  0.114883      0.73 -0.00563167   0.0911784    0.731409
0.0177007  0.114872      0.73 -0.00554335   0.0911851    0.731405
0.0178179  0.114862      0.73 -0.0054549  0.0911919     0.7314
0.017935 0.114851     0.73 -0.00536635   0.0911988    0.731395
0.0180521   0.11484      0.73 -0.00527773   0.0912058    0.731391
0.018169  0.11483     0.73 -0.005189 0.0912129  0.731386
0.0182859  0.114819      0.73 -0.00510013   0.0912201    0.731381
0.0184026  0.114808      0.73 -0.00501121   0.0912274    0.731376
0.0185193  0.114798      0.73 -0.00492218   0.0912348    0.731372
0.0186358  0.114787      0.73 -0.00483305   0.0912423    0.731367
0.0187523  0.114777      0.73 -0.00474381   0.0912499    0.731362
0.0188686  0.114766      0.73 -0.00465449   0.0912576    0.731357
0.0189849  0.114755      0.73 -0.00456507   0.0912654    0.731352
0.019101 0.114745     0.73 -0.00447554   0.0912732    0.731346
0.0192171  0.114734      0.73 -0.00438594   0.0912812    0.731341
0.019333 0.114724     0.73 -0.00429623   0.0912893    0.731336
0.0194489  0.114713      0.73 -0.00420643   0.0912974    0.731331
0.0195646  0.114703      0.73 -0.00411651   0.0913057    0.731325
0.0196802  0.114692      0.73 -0.00402652    0.091314     0.73132
0.0197957  0.114682      0.73 -0.00393644   0.0913225    0.731315
0.0199111  0.114671      0.73 -0.00384628    0.091331    0.731309
0.0200264  0.114661      0.73 -0.00375598   0.0913396    0.731304
0.0201415   0.11465      0.73 -0.00366562   0.0913484    0.731298
0.0202566   0.11464      0.73 -0.00357516   0.0913572    0.731292
0.0203715  0.114629      0.73 -0.00348462   0.0913661    0.731287
0.0204863  0.114619      0.73 -0.00339397   0.0913751    0.731281
0.020601 0.114608     0.73 -0.00330324   0.0913842    0.731275
0.0207155  0.114598      0.73 -0.00321242   0.0913934    0.731269
 0.02083 0.114587     0.73 -0.00312151   0.0914027    0.731263
0.0209443  0.114577      0.73 -0.00303049   0.0914121    0.731258
0.0210585  0.114567      0.73 -0.0029394  0.0914215   0.731252
0.0211725  0.114556      0.73 -0.00284822   0.0914311    0.731246
0.0212865  0.114546      0.73 -0.00275695   0.0914407    0.731239
0.0214003  0.114535      0.73 -0.0026656  0.0914505   0.731233
0.0215139  0.114525      0.73 -0.00257416   0.0914603    0.731227
0.0216275  0.114515      0.73 -0.00248263   0.0914703    0.731221
0.0217409  0.114504      0.73 -0.002391 0.0914803  0.731215
0.0218542  0.114494      0.73 -0.00229929   0.0914904    0.731208
0.0219673  0.114484      0.73 -0.00220751   0.0915006    0.731202
0.0220803  0.114474      0.73 -0.00211563   0.0915109    0.731195
0.0221932  0.114463      0.73 -0.00202368   0.0915213    0.731189
0.0223059  0.114453      0.73 -0.00193162   0.0915318    0.731182
0.0224185  0.114443      0.73 -0.00183948   0.0915424    0.731176
0.0225309  0.114433      0.73 -0.00174728   0.0915531    0.731169
0.0226432  0.114422      0.73 -0.00165498   0.0915638    0.731162
0.0227553  0.114412      0.73 -0.0015626  0.0915747   0.731156
0.0228674  0.114402      0.73 -0.00147013   0.0915856    0.731149
0.0229792  0.114392      0.73 -0.00137759   0.0915967    0.731142
0.0230909  0.114382      0.73 -0.00128496   0.0916078    0.731135
0.0232025  0.114371      0.73 -0.00119224    0.091619    0.731128
0.0233139  0.114361      0.73 -0.00109947   0.0916303    0.731121
0.0234251  0.114351      0.73 -0.00100659   0.0916417    0.731114
0.0235362  0.114341      0.73 -0.000913651    0.0916532     0.731107
0.0236472  0.114331      0.73 -0.0008206  0.0916648     0.7311
0.023758 0.114321     0.73 -0.000727498    0.0916764     0.731092
0.0238686  0.114311      0.73 -0.000634319    0.0916882     0.731085
0.0239791  0.114301      0.73 -0.000541057       0.0917     0.731078
0.0240894  0.114291      0.73 -0.000447698     0.091712      0.73107
0.0241995  0.114281      0.73 -0.000354278     0.091724     0.731063
0.0243095  0.114271      0.73 -0.000260778    0.0917361     0.731056
0.0244193  0.114261      0.73 -0.000167213    0.0917483     0.731048
0.0245289  0.114251      0.73 -7.35483e-05    0.0917606      0.73104
0.0246384  0.114241      0.73 2.01782e-05    0.091773    0.731033
0.0247477  0.114231      0.73 0.000113972   0.0917855    0.731025
0.0248569  0.114221      0.73 0.000207868    0.091798    0.731017
0.0249659  0.114211      0.73 0.000301814   0.0918107     0.73101
0.0250747  0.114201      0.73 0.000395835   0.0918234    0.731002
0.0251833  0.114191      0.73 0.000489949   0.0918363    0.730994
0.0252917  0.114181      0.73 0.000584112   0.0918492    0.730986
  0.0254 0.114171     0.73 0.000678349   0.0918622    0.730978
0.0255081  0.114162      0.73 0.000772674   0.0918753     0.73097
0.025616 0.114152     0.73 0.000867054   0.0918885    0.730962
0.0257237  0.114142      0.73 0.000961522   0.0919017    0.730954
0.0258313  0.114132      0.73 0.00105605  0.0919151   0.730946
0.0259386  0.114122      0.73 0.00115065  0.0919286   0.730937
0.0260458  0.114113      0.73 0.00124531  0.0919421   0.730929
0.0261528  0.114103      0.73 0.00134006  0.0919557   0.730921
0.0262596  0.114093      0.73 0.00143487  0.0919695   0.730912
0.0263662  0.114083      0.73 0.00152973  0.0919833   0.730904
0.0264726  0.114074      0.73 0.00162468  0.0919972   0.730895
0.0265788  0.114064      0.73 0.00171969  0.0920111   0.730887
0.0266849  0.114054      0.73 0.00181476  0.0920252   0.730878
0.0267907  0.114045      0.73 0.00190989  0.0920394    0.73087
0.0268964  0.114035      0.73 0.00200511  0.0920537   0.730861
0.0270018  0.114026      0.73 0.00210038   0.092068   0.730852
0.027107 0.114016     0.73 0.00219572  0.0920824   0.730844
0.0272121  0.114006      0.73 0.00229112   0.092097   0.730835
0.0273169  0.113997      0.73 0.00238658  0.0921116   0.730826
0.0274215  0.113987      0.73 0.0024821 0.0921263  0.730817
0.027526 0.113978     0.73 0.0025777 0.0921411  0.730808
0.0276302  0.113968      0.73 0.00267334   0.092156   0.730799
0.0277342  0.113959      0.73 0.00276905  0.0921709    0.73079
0.027838 0.113949     0.73 0.00286482   0.092186   0.730781
0.0279416   0.11394      0.73 0.00296065  0.0922012   0.730772
0.0280449  0.113931      0.73 0.00305654  0.0922164   0.730763
0.0281481  0.113921      0.73 0.0031525 0.0922318  0.730754
0.0282511  0.113912      0.73 0.00324852  0.0922472   0.730745
0.0283538  0.113902      0.73 0.00334458  0.0922627   0.730736
0.0284563  0.113893      0.73 0.00344071  0.0922783   0.730726
0.0285586  0.113884      0.73 0.00353692   0.092294   0.730717
0.0286606  0.113875      0.73 0.00363315  0.0923098   0.730708
0.0287625  0.113865      0.73 0.00372946  0.0923257   0.730698
0.0288641  0.113856      0.73 0.00382582  0.0923416   0.730689
0.0289655  0.113847      0.73 0.00392223  0.0923577    0.73068
0.0290666  0.113838      0.73 0.00401872  0.0923738    0.73067
0.0291676  0.113828      0.73 0.00411525  0.0923901   0.730661
0.0292683  0.113819      0.73 0.00421184  0.0924064   0.730651
0.0293687   0.11381      0.73 0.00430847  0.0924228   0.730642
0.029469 0.113801     0.73 0.00440517  0.0924393   0.730633
0.029569 0.113792     0.73 0.00450191  0.0924559   0.730623
0.0296687  0.113783      0.73 0.00459869  0.0924726   0.730614
0.0297682  0.113774      0.73 0.00469554  0.0924894   0.730604
0.0298675  0.113765      0.73 0.00479242  0.0925063   0.730595
0.0299666  0.113756      0.73 0.00488936  0.0925232   0.730585
0.0300653  0.113747      0.73 0.00498632  0.0925403   0.730575
0.0301639  0.113738      0.73 0.00508333  0.0925574   0.730566
0.0302622  0.113729      0.73 0.00518039  0.0925747   0.730556
0.0303603   0.11372      0.73 0.0052775  0.092592  0.730547
0.0304581  0.113711      0.73 0.00537465  0.0926094   0.730537
0.0305556  0.113702      0.73 0.00547183  0.0926269   0.730528
0.0306529  0.113693      0.73 0.00556906  0.0926445   0.730519
 0.03075 0.113684     0.73 0.00566632  0.0926622   0.730509
0.0308468  0.113676      0.73 0.00576361  0.0926799     0.7305
0.0309433  0.113667      0.73 0.00586097  0.0926978    0.73049
0.0310396  0.113658      0.73 0.00595835  0.0927158   0.730481
0.0311356  0.113649      0.73 0.00605576  0.0927338   0.730471
0.0312314  0.113641      0.73 0.00615321   0.092752   0.730462
0.0313268  0.113632      0.73 0.00625071  0.0927702   0.730452
0.0314221  0.113623      0.73 0.00634823  0.0927886   0.730443
0.031517 0.113615     0.73 0.00644577   0.092807   0.730433
0.0316117  0.113606      0.73 0.00654336  0.0928255   0.730424
0.0317062  0.113597      0.73 0.00664098  0.0928441   0.730414
0.0318003  0.113589      0.73 0.00673861  0.0928629   0.730405
0.0318942   0.11358      0.73 0.0068363 0.0928817  0.730395
0.0319878  0.113572      0.73 0.00693401  0.0929006   0.730386
0.0320812  0.113563      0.73 0.00703174  0.0929196   0.730376
0.0321742  0.113555      0.73 0.00712951  0.0929387   0.730367
0.032267 0.113546     0.73 0.0072273 0.0929579  0.730357
0.0323595  0.113538      0.73 0.00732512  0.0929772   0.730348
0.0324517  0.113529      0.73 0.00742298  0.0929966   0.730338
0.0325437  0.113521      0.73 0.00752085   0.093016   0.730329
0.0326353  0.113513      0.73 0.00761876  0.0930356   0.730319
0.0327267  0.113504      0.73 0.0077167 0.0930553   0.73031
0.0328178  0.113496      0.73 0.00781466   0.093075     0.7303
0.0329086  0.113488      0.73 0.00791265  0.0930949   0.730291
0.0329991   0.11348      0.73 0.00801068  0.0931149   0.730281
0.0330893  0.113471      0.73 0.00810872  0.0931349   0.730272
0.0331793  0.113463      0.73 0.0082068 0.0931551  0.730262
0.0332689  0.113455      0.73 0.0083049 0.0931753  0.730253
0.0333583  0.113447      0.73 0.00840304  0.0931957   0.730243
0.0334473  0.113439      0.73 0.0085012 0.0932161  0.730234
0.0335361  0.113431      0.73 0.00859937  0.0932366   0.730224
0.0336245  0.113423      0.73 0.00869759  0.0932572   0.730214
0.0337127  0.113415      0.73 0.00879581   0.093278   0.730205
0.0338005  0.113407      0.73 0.00889408  0.0932988   0.730195
0.0338881  0.113399      0.73 0.00899236  0.0933197   0.730185
0.0339754  0.113391      0.73 0.00909067  0.0933407   0.730176
0.0340623  0.113383      0.73  0.009189 0.0933618  0.730166
0.034149 0.113375     0.73 0.00928735   0.093383   0.730156
0.0342353  0.113367      0.73 0.00938574  0.0934043   0.730146
0.0343213  0.113359      0.73 0.00948413  0.0934256   0.730137
0.0344071  0.113351      0.73 0.00958254  0.0934471   0.730127
0.0344925  0.113344      0.73 0.00968095  0.0934687   0.730117
0.0345776  0.113336      0.73 0.0097794 0.0934903  0.730107
0.0346624  0.113328      0.73 0.00987786  0.0935121   0.730097
0.0347469  0.113321      0.73 0.00997634  0.0935339   0.730087
0.0348311  0.113313      0.73 0.0100748 0.0935559  0.730077
0.0349149  0.113305      0.73 0.0101733 0.0935779  0.730067
0.0349985  0.113298      0.73 0.0102718    0.0936  0.730057
0.0350817   0.11329      0.73 0.0103703 0.0936222  0.730047
0.0351646  0.113282      0.73 0.0104688 0.0936445  0.730037
0.0352472  0.113275      0.73 0.0105673 0.0936669  0.730027
0.0353295  0.113267      0.73 0.0106659 0.0936894  0.730017
0.0354114   0.11326      0.73 0.0107644  0.093712  0.730007
0.0354931  0.113253      0.73 0.0108629 0.0937346  0.729996
0.0355744  0.113245      0.73 0.0109615 0.0937574  0.729986
0.0356554  0.113238      0.73   0.01106 0.0937803  0.729976
0.0357361   0.11323      0.73 0.0111585 0.0938032  0.729965
0.0358164  0.113223      0.73  0.011257 0.0938262  0.729955
0.0358965  0.113216      0.73 0.0113556 0.0938494  0.729944
0.0359762  0.113209      0.73 0.0114541 0.0938726  0.729934
0.0360556  0.113201      0.73 0.0115526 0.0938959  0.729923
0.0361346  0.113194      0.73 0.0116511 0.0939193  0.729913
0.0362133  0.113187      0.73 0.0117496 0.0939428  0.729902
0.0362918   0.11318      0.73 0.0118481 0.0939663  0.729891
0.0363698  0.113173      0.73 0.0119466   0.09399  0.729881
0.0364476  0.113166      0.73 0.0120451 0.0940138   0.72987
0.036525 0.113159     0.73 0.0121436 0.0940376  0.729859
0.0366021  0.113152      0.73  0.012242 0.0940616  0.729848
0.0366789  0.113145      0.73 0.0123405 0.0940856  0.729837
0.0367553  0.113138      0.73 0.0124389 0.0941097  0.729826
0.0368314  0.113131      0.73 0.0125373  0.094134  0.729815
0.0369072  0.113124      0.73 0.0126357 0.0941583  0.729804
0.0369827  0.113117      0.73 0.0127341 0.0941827  0.729793
0.0370578   0.11311      0.73 0.0128325 0.0942072  0.729782
0.0371326  0.113103      0.73 0.0129308 0.0942317  0.729771
0.0372071  0.113097      0.73 0.0130292 0.0942564   0.72976
0.0372812   0.11309      0.73 0.0131275 0.0942812  0.729749
0.037355 0.113083     0.73 0.0132258  0.094306  0.729737
0.0374285  0.113076      0.73 0.013324 0.094331 0.729726
0.0375016   0.11307      0.73 0.0134223  0.094356  0.729715
0.0375744  0.113063      0.73 0.0135205 0.0943811  0.729703
0.0376469  0.113057      0.73 0.0136187 0.0944064  0.729692
0.0377191   0.11305      0.73 0.0137169 0.0944317   0.72968
0.0377909  0.113043      0.73  0.013815 0.0944571  0.729669
0.0378624  0.113037      0.73 0.0139131 0.0944826  0.729657
0.0379335   0.11303      0.73 0.0141092 0.0945338  0.729634
0.0380044  0.113024      0.73 0.0142072 0.0945596  0.729622
0.0380749  0.113018      0.73 0.0143052 0.0945855   0.72961
0.0381451  0.113011      0.73 0.0144031 0.0946114  0.729598
0.0382149  0.113005      0.73  0.014501 0.0946375  0.729586
0.0382844  0.112998      0.73 0.0145989 0.0946636  0.729574
0.0383536  0.112992      0.73 0.0146967 0.0946899  0.729563
0.0384224  0.112986      0.73 0.0147945 0.0947162  0.729551
0.038491  0.11298     0.73 0.0148922 0.0947426  0.729538
0.0385592  0.112973      0.73 0.0149899 0.0947692  0.729526
0.038627 0.112967     0.73 0.0150876 0.0947958  0.729514
0.0386946  0.112961      0.73 0.0151852 0.0948225  0.729502
0.0387618  0.112955      0.73 0.0152821 0.0948447   0.72949
0.0388287  0.112949      0.73 0.0154777 0.0949033  0.729465
0.0388952  0.112943      0.73 0.0155751 0.0949304  0.729453
0.0389614  0.112937      0.73 0.0156725 0.0949576  0.729441
0.0390274  0.112931      0.73 0.0157698 0.0949849  0.729428
0.0390929  0.112925      0.73 0.0158671 0.0950123  0.729416
0.0391582  0.112919      0.73 0.0159643 0.0950398  0.729403
0.0392231  0.112913      0.73 0.0160615 0.0950674  0.729391
0.0392877  0.112907      0.73 0.0161586 0.0950951  0.729378
0.039352 0.112901     0.73 0.0162556 0.0951229  0.729365
0.0394159  0.112895      0.73 0.0163526 0.0951508  0.729353
0.0394796   0.11289      0.73 0.0164496 0.0951788   0.72934
0.0395429  0.112884      0.73 0.0165465 0.0952069  0.729327
0.0396059  0.112878      0.73 0.0167401 0.0952634  0.729301
0.0396685  0.112872      0.73 0.0168368 0.0952918  0.729288
0.0397309  0.112867      0.73 0.0169334 0.0953203  0.729275
0.0397929  0.112861      0.73 0.0170301 0.0953489  0.729263
0.0398546  0.112856      0.73 0.0171266 0.0953776  0.729249
0.039916  0.11285     0.73 0.0172231 0.0954064  0.729236
0.039977 0.112844     0.73 0.0173196 0.0954353  0.729223
0.0400378  0.112839      0.73 0.0174159 0.0954643   0.72921
0.0400982  0.112833      0.73 0.0175123 0.0954934  0.729197
0.0401583  0.112828      0.73 0.0176085 0.0955226  0.729184
0.0402181  0.112822      0.73 0.0177048 0.0955518  0.729171
0.0402776  0.112817      0.73 0.0178009 0.0955812  0.729157
0.0403367  0.112812      0.73  0.017897 0.0956107  0.729144
0.0403956  0.112806      0.73 0.018089  0.09567 0.729117
0.0404541  0.112801      0.73 0.0181849 0.0956998  0.729104
0.0405123  0.112796      0.73 0.0182808 0.0957297   0.72909
0.0405702   0.11279      0.73 0.0183766 0.0957596  0.729077
0.0406278  0.112785      0.73 0.0184723 0.0957897  0.729063
0.0406851   0.11278      0.73 0.0185679 0.0958199   0.72905
0.0407421  0.112775      0.73 0.0186635 0.0958502  0.729036
0.0407987   0.11277      0.73 0.0187591 0.0958806  0.729022
0.0408551  0.112764      0.73 0.0188545  0.095911  0.729009
0.0409111  0.112759      0.73 0.0189499 0.0959416  0.728995
0.0409669  0.112754      0.73 0.0190453 0.0959723  0.728981
0.0410223  0.112749      0.73 0.0191406 0.0960031  0.728968
0.0410774  0.112744      0.73 0.0192358 0.0960339  0.728954
0.0411322  0.112739      0.73 0.0193305 0.0960593   0.72894
0.0411867  0.112734      0.73  0.019521 0.0961272  0.728912
0.0412409  0.112729      0.73 0.0196159 0.0961584  0.728898
0.0412948  0.112724      0.73 0.0197107 0.0961898  0.728884
0.0413484   0.11272      0.73 0.0198055 0.0962213  0.728871
0.0414017  0.112715      0.73 0.0199003 0.0962529  0.728857
0.0414546   0.11271      0.73 0.0199949 0.0962845  0.728843
0.0415073  0.112705      0.73 0.0200895 0.0963163  0.728829
0.0415597    0.1127      0.73  0.020184 0.0963482  0.728815
0.0416118  0.112696      0.73 0.0202784 0.0963802    0.7288
0.0416635  0.112691      0.73 0.0203728 0.0964122  0.728786
0.041715 0.112686     0.73 0.0204671 0.0964444  0.728772
0.0417662  0.112682      0.73 0.0205613 0.0964767  0.728758
0.0418171  0.112677      0.73 0.0206554 0.0965091  0.728744
0.0418676  0.112672      0.73 0.0207491 0.0965355   0.72873
0.0419179  0.112668      0.73 0.0209374 0.0966068  0.728701
0.0419679  0.112663      0.73 0.0210312 0.0966396  0.728687
0.0420176  0.112659      0.73 0.0211249 0.0966725  0.728673
0.042067 0.112654     0.73 0.0212186 0.0967057  0.728659
0.0421161   0.11265      0.73 0.0213122  0.096739  0.728644
0.0421648  0.112645      0.73 0.0214057 0.0967726   0.72863
0.0422134  0.112641      0.73 0.0214992 0.0968064  0.728616
0.0422616  0.112636      0.73 0.0215926 0.0968406  0.728601
0.0423095  0.112632      0.73 0.0216859  0.096875  0.728587
0.0423571  0.112628      0.73 0.0217791 0.0969098  0.728573
0.0424044  0.112623      0.73 0.0218722 0.0969449  0.728558
0.0424515  0.112619      0.73 0.0219653 0.0969803  0.728544
0.0424982  0.112615      0.73 0.0220582 0.0970161  0.728529
0.0425447  0.112611      0.73 0.0221508 0.0970485  0.728515
0.0425908  0.112606      0.73 0.0223366 0.0971257  0.728486
0.0426367  0.112602      0.73 0.0224293 0.0971629  0.728471
0.0426823  0.112598      0.73 0.0225218 0.0972005  0.728457
0.0427276  0.112594      0.73 0.0226143 0.0972384  0.728442
0.0427726   0.11259      0.73 0.0227067 0.0972767  0.728428
0.0428173  0.112586      0.73  0.022799 0.0973153  0.728413
0.0428618  0.112582      0.73 0.0228912 0.0973542  0.728399
0.0429059  0.112578      0.73 0.0229833 0.0973934  0.728384
0.0429498  0.112574      0.73 0.0230753  0.097433   0.72837
0.0429934   0.11257      0.73 0.0231673 0.0974729  0.728355
0.0430367  0.112566      0.73 0.0232591 0.0975131   0.72834
0.0430797  0.112562      0.73 0.0233509 0.0975535  0.728326
0.0431224  0.112558      0.73 0.0234426 0.0975943  0.728311
0.0431648  0.112554      0.73 0.0235338 0.0976346  0.728297
0.043207  0.11255     0.73 0.0237171 0.0977182  0.728268
0.0432489  0.112547      0.73 0.0238084   0.09776  0.728253
0.0432905  0.112543      0.73 0.0238996  0.097802  0.728239
0.0433318  0.112539      0.73 0.0239907 0.0978443  0.728224
0.0433728  0.112535      0.73 0.0240817 0.0978868  0.728209
0.0434135  0.112532      0.73 0.0241727 0.0979296  0.728195
0.043454 0.112528     0.73 0.0242635 0.0979725   0.72818
0.0434942  0.112524      0.73 0.0243543 0.0980157  0.728166
0.0435341  0.112521      0.73 0.0244449  0.098059  0.728151
0.0435737  0.112517      0.73 0.0245355 0.0981025  0.728137
0.0436131  0.112513      0.73 0.0246259 0.0981462  0.728122
0.0436522   0.11251      0.73 0.0247163 0.0981901  0.728108
0.043691 0.112506     0.73 0.0248065 0.0982342  0.728093
0.0437295  0.112503      0.73 0.0248967 0.0982785  0.728079
0.0437677  0.112499      0.73 0.0249868 0.0983229  0.728064
0.0438057  0.112496      0.73 0.0250767 0.0983675   0.72805
0.0438434  0.112492      0.73 0.0251666 0.0984122  0.728035
0.0438808  0.112489      0.73  0.025256 0.0984579  0.728021
0.0439179  0.112486      0.73 0.0254356 0.0985473  0.727992
0.0439548  0.112482      0.73 0.0255251 0.0985926  0.727977
0.0439914  0.112479      0.73 0.0256145 0.0986381  0.727963
0.0440277  0.112476      0.73 0.0257038 0.0986837  0.727948
0.0440637  0.112472      0.73  0.025793 0.0987294  0.727934
0.0440995  0.112469      0.73  0.025882 0.0987753   0.72792
0.044135 0.112466     0.73  0.025971 0.0988213  0.727905
0.0441702  0.112463      0.73 0.0260599 0.0988675  0.727891
0.0442052   0.11246      0.73 0.0261487 0.0989137  0.727877
0.0442399  0.112456      0.73 0.0262374 0.0989601  0.727863
0.0442743  0.112453      0.73 0.0263261 0.0990066  0.727848
0.0443084   0.11245      0.73 0.0264141 0.0990543  0.727834
0.0443423  0.112447      0.73 0.0265913  0.099147  0.727806
0.0443759  0.112444      0.73 0.0266796  0.099194  0.727792
0.0444092  0.112441      0.73 0.0267677 0.0992411  0.727778
0.0444423  0.112438      0.73 0.0268558 0.0992884  0.727764
0.0444751  0.112435      0.73 0.0269437 0.0993358   0.72775
0.0445076  0.112432      0.73 0.0270316 0.0993833  0.727736
0.0445399  0.112429      0.73 0.0271194 0.0994309  0.727722
0.0445719  0.112426      0.73 0.0272071 0.0994787  0.727709
0.0446036  0.112423      0.73 0.0272947 0.0995265  0.727695
0.0446351   0.11242      0.73 0.0273822 0.0995745  0.727681
0.0446663  0.112418      0.73 0.0274696 0.0996226  0.727668
0.0446972  0.112415      0.73  0.027557 0.0996708  0.727654
0.0447279  0.112412      0.73 0.0276442 0.0997191  0.727641
0.0447583  0.112409      0.73 0.0277314 0.0997676  0.727627
0.0447885  0.112406      0.73 0.0278185 0.0998162  0.727614
0.0448184  0.112404      0.73 0.0279055 0.0998649  0.727601
0.044848 0.112401     0.73 0.0279924 0.0999137  0.727587
0.0448773  0.112398      0.73 0.0280793 0.0999626  0.727574
0.0449064  0.112396      0.73 0.0281661  0.100012  0.727561
0.0449353  0.112393      0.73 0.0282527  0.100061  0.727548
0.0449639   0.11239      0.73 0.0283394   0.10011  0.727535
0.0449922  0.112388      0.73 0.0284259   0.10016  0.727522
0.0450203  0.112385      0.73 0.0285124  0.100209   0.72751
0.0450481  0.112383      0.73 0.0285988  0.100259  0.727497
0.0450756   0.11238      0.73 0.0286851  0.100309  0.727484
0.0451029  0.112378      0.73 0.0287713  0.100358  0.727472
0.0451299  0.112375      0.73 0.0288575  0.100408  0.727459
0.0451567  0.112373      0.73 0.0289436  0.100459  0.727447
0.0451833   0.11237      0.73 0.0290297  0.100509  0.727434
0.0452095  0.112368      0.73 0.0291157  0.100559  0.727422
0.0452355  0.112366      0.73 0.0292016   0.10061   0.72741
0.0452613  0.112363      0.73 0.0292874   0.10066  0.727398
0.0452868  0.112361      0.73 0.0293732  0.100711  0.727386
0.0453121  0.112359      0.73 0.029459 0.100762 0.727374
0.0453371  0.112356      0.73 0.0295446  0.100813  0.727363
0.0453619  0.112354      0.73 0.0296302  0.100864  0.727351
0.0453864  0.112352      0.73 0.0297158  0.100915  0.727339
0.0454106   0.11235      0.73 0.0298012  0.100967  0.727328
0.0454346  0.112348      0.73 0.0298867  0.101018  0.727317
0.0454584  0.112345      0.73 0.029972  0.10107 0.727305
0.0454819  0.112343      0.73 0.0300573  0.101121  0.727294
0.0455052  0.112341      0.73 0.0301426  0.101173  0.727283
0.0455282  0.112339      0.73 0.0302278  0.101225  0.727272
0.045551 0.112337     0.73 0.0303129  0.101277  0.727261
0.0455735  0.112335      0.73 0.0303979  0.101329  0.727251
0.0455958  0.112333      0.73 0.0304829  0.101381   0.72724
0.0456179  0.112331      0.73 0.0305679  0.101434  0.727229
0.0456397  0.112329      0.73 0.0306528  0.101486  0.727219
0.0456612  0.112327      0.73 0.0307376  0.101539  0.727208
0.0456825  0.112325      0.73 0.0308223  0.101591  0.727198
0.0457036  0.112323      0.73 0.030907 0.101644 0.727188
0.0457245  0.112321      0.73 0.0309915  0.101697  0.727178
0.0457451  0.112319      0.73 0.0310759   0.10175  0.727168
0.0457654  0.112317      0.73 0.0311601  0.101803  0.727158
0.0457856  0.112316      0.73 0.0312442  0.101856  0.727149
0.0458055  0.112314      0.73 0.0313282   0.10191  0.727139
0.0458251  0.112312      0.73 0.031412 0.101963  0.72713
0.0458446   0.11231      0.73 0.0314957  0.102017  0.727121
0.0458637  0.112309      0.73 0.0315793   0.10207  0.727112
0.0458827  0.112307      0.73 0.0316627  0.102124  0.727103
0.0459014  0.112305      0.73 0.0317461  0.102178  0.727094
0.0459199  0.112303      0.73 0.0318293  0.102232  0.727085
0.0459382  0.112302      0.73 0.0319125  0.102286  0.727077
0.0459562    0.1123      0.73 0.0319955   0.10234  0.727068
0.0459741  0.112298      0.73 0.0320785  0.102394   0.72706
0.0459916  0.112297      0.73 0.0321614  0.102449  0.727052
0.046009 0.112295     0.73 0.0322442  0.102504  0.727043
0.0460261  0.112294      0.73 0.0323269  0.102558  0.727035
0.046043 0.112292     0.73 0.0324096  0.102613  0.727027
0.0460597  0.112291      0.73 0.0324922  0.102668  0.727019
0.0460762  0.112289      0.73 0.0325748  0.102723  0.727011
0.0460924  0.112288      0.73 0.0326573  0.102778  0.727004
0.0461084  0.112286      0.73 0.0327397  0.102834  0.726996
0.0461243  0.112285      0.73 0.0328221  0.102889  0.726988
0.0461398  0.112283      0.73 0.0329045  0.102945  0.726981
0.0461552  0.112282      0.73 0.0329869     0.103  0.726973
0.0461704  0.112281      0.73 0.0330692  0.103056  0.726966
0.0461853  0.112279      0.73 0.0331514  0.103112  0.726958
  0.0462 0.112278     0.73 0.0332337  0.103168  0.726951
0.0462145  0.112277      0.73 0.0333159  0.103224  0.726944
0.0462288  0.112275      0.73 0.0333981   0.10328  0.726936
0.0462429  0.112274      0.73 0.0334803  0.103337  0.726929
0.0462568  0.112273      0.73 0.0335625  0.103393  0.726922
0.0462704  0.112272      0.73 0.0336446  0.103449  0.726915
0.0462839   0.11227      0.73 0.0337268  0.103506  0.726908
0.0462972  0.112269      0.73 0.0338089  0.103563  0.726901
0.0463102  0.112268      0.73 0.0338911  0.103619  0.726894
0.0463231  0.112267      0.73 0.0339732  0.103676  0.726887
0.0463357  0.112266      0.73 0.0340553  0.103733   0.72688
0.0463481  0.112264      0.73 0.0341375   0.10379  0.726873
0.0463604  0.112263      0.73 0.0342196  0.103847  0.726866
0.0463724  0.112262      0.73 0.0343017  0.103904  0.726859
0.0463843  0.112261      0.73 0.0343839  0.103962  0.726852
0.0463959   0.11226      0.73 0.034466 0.104019 0.726845
0.0464074  0.112259      0.73 0.0345482  0.104076  0.726838
0.0464186  0.112258      0.73 0.0346303  0.104134  0.726831
0.0464297  0.112257      0.73 0.0347125  0.104191  0.726824
0.0464406  0.112256      0.73 0.0347947  0.104249  0.726817
0.0464512  0.112255      0.73 0.0348768  0.104307   0.72681
0.0464617  0.112254      0.73 0.034959 0.104365 0.726803
0.0464721  0.112253      0.73 0.0350412  0.104423  0.726797
0.0464822  0.112252      0.73 0.0351235  0.104481   0.72679
0.0464921  0.112251      0.73 0.0352057  0.104539  0.726783
0.0465019   0.11225      0.73 0.0352879  0.104597  0.726776
0.0465114   0.11225      0.73 0.0353702  0.104655  0.726769
0.0465208  0.112249      0.73 0.0354525  0.104713  0.726762
 0.04653 0.112248     0.73 0.0355348  0.104772  0.726756
0.0465391  0.112247      0.73 0.0356171   0.10483  0.726749
0.0465479  0.112246      0.73 0.0356994  0.104889  0.726742
0.0465566  0.112245      0.73 0.0357818  0.104947  0.726735
0.0465651  0.112245      0.73 0.0358641  0.105006  0.726728
0.0465734  0.112244      0.73 0.0359465  0.105065  0.726722
0.0465816  0.112243      0.73 0.0360289  0.105123  0.726715
0.0465896  0.112242      0.73 0.0361114  0.105182  0.726708
0.0465974  0.112242      0.73 0.0361938  0.105241  0.726701
0.0466051  0.112241      0.73 0.0362763    0.1053  0.726694
0.0466126   0.11224      0.73 0.0363588  0.105359  0.726687
0.0466199   0.11224      0.73 0.0364413  0.105418  0.726681
0.0466271  0.112239      0.73 0.0365239  0.105477  0.726674
0.0466341  0.112238      0.73 0.0366064  0.105536  0.726667
0.046641 0.112238     0.73 0.036689 0.105596  0.72666
0.0466477  0.112237      0.73 0.0367717  0.105655  0.726653
0.0466542  0.112237      0.73 0.0368543  0.105714  0.726646
0.0466606  0.112236      0.73 0.036937 0.105774 0.726639
0.0466668  0.112235      0.73 0.0370197  0.105833  0.726632
0.0466729  0.112235      0.73 0.0371024  0.105893  0.726625
0.0466788  0.112234      0.73 0.0371852  0.105952  0.726618
0.0466846  0.112234      0.73 0.037268 0.106012 0.726612
0.0466903  0.112233      0.73 0.0373508  0.106072  0.726605
0.0466958  0.112233      0.73 0.0374337  0.106131  0.726598
0.0467011  0.112232      0.73 0.0375166  0.106191  0.726591
0.0467064  0.112232      0.73 0.0375995  0.106251  0.726584
0.0467114  0.112231      0.73 0.0376825  0.106311  0.726577
0.0467164  0.112231      0.73 0.0377655  0.106371   0.72657
0.0467212   0.11223      0.73 0.0378485  0.106431  0.726563
0.0467259   0.11223      0.73 0.0379315  0.106491  0.726556
0.0467304   0.11223      0.73 0.0380146  0.106551  0.726549
0.0467348  0.112229      0.73 0.0380977  0.106611  0.726541
0.0467391  0.112229      0.73 0.0381809  0.106671  0.726534
0.0467433  0.112228      0.73 0.0382641  0.106731  0.726527
0.0467473  0.112228      0.73 0.0383473  0.106791   0.72652
0.0467512  0.112228      0.73 0.0384306  0.106852  0.726513
0.046755 0.112227     0.73 0.0385139  0.106912  0.726506
0.0467587  0.112227      0.73 0.0385972  0.106972  0.726499
0.0467622  0.112227      0.73 0.0386805  0.107033  0.726492
0.0467657  0.112226      0.73 0.0387639  0.107093  0.726484
0.046769 0.112226     0.73 0.0388473  0.107153  0.726477
0.0467722  0.112226      0.73 0.0389307  0.107214   0.72647
0.0467753  0.112226      0.73 0.0390142  0.107274  0.726463
0.0467783  0.112225      0.73 0.0390976  0.107335  0.726456
0.0467812  0.112225      0.73 0.0391811  0.107396  0.726448
0.046784 0.112225     0.73 0.0392646  0.107457  0.726441
0.0467867  0.112225      0.73 0.0393481  0.107517  0.726434
0.0467893  0.112224      0.73 0.0394316  0.107578  0.726427
0.0467918  0.112224      0.73 0.0395152  0.107639  0.726419
0.0467942  0.112224      0.73 0.0395987    0.1077  0.726412
0.0467965  0.112224      0.73 0.0396822  0.107762  0.726405
0.0467988  0.112223      0.73 0.0397657  0.107823  0.726398
0.0468009  0.112223      0.73 0.0398493  0.107884  0.726391
0.0468029  0.112223      0.73 0.0399328  0.107945  0.726383
0.0468049  0.112223      0.73 0.0400163  0.108007  0.726376
0.0468068  0.112223      0.73 0.0400999  0.108068  0.726369
0.0468086  0.112223      0.73 0.0401834   0.10813  0.726362
0.0468103  0.112222      0.73 0.0402669  0.108192  0.726354
0.0468119  0.112222      0.73 0.0403504  0.108253  0.726347
0.0468135  0.112222      0.73 0.0404339  0.108315   0.72634
0.046815 0.112222     0.73 0.0405174  0.108377  0.726333
0.0468164  0.112222      0.73 0.0406008  0.108439  0.726325
0.0468177  0.112222      0.73 0.0406843  0.108501  0.726318
0.046819 0.112222     0.73 0.0407677  0.108564  0.726311
0.0468203  0.112221      0.73 0.0408512  0.108626  0.726304
0.0468214  0.112221      0.73 0.0409346  0.108688  0.726297
0.0468225  0.112221      0.73 0.041018 0.108751 0.726289
0.0468236  0.112221      0.73 0.0411014  0.108813  0.726282
0.0468246  0.112221      0.73 0.0411847  0.108876  0.726275
0.0468255  0.112221      0.73 0.0412681  0.108939  0.726268
0.0468264  0.112221      0.73 0.0413514  0.109001   0.72626
0.0468273  0.112221      0.73 0.0414347  0.109064  0.726253
0.0468281  0.112221      0.73 0.041518 0.109127 0.726246
0.0468289  0.112221      0.73 0.0416012   0.10919  0.726239
0.0468296  0.112221      0.73 0.0416845  0.109254  0.726231
0.0468303  0.112221      0.73 0.0417677  0.109317  0.726224
0.0468309   0.11222      0.73 0.0418509   0.10938  0.726217
0.0468315   0.11222      0.73 0.0419341  0.109444   0.72621
0.0468321   0.11222      0.73 0.0420172  0.109507  0.726202
0.0468327   0.11222      0.73 0.0421003  0.109571  0.726195
0.0468332   0.11222      0.73 0.0421834  0.109635  0.726188
0.0468337   0.11222      0.73 0.0422665  0.109698  0.726181
0.0468342   0.11222      0.73 0.0423495  0.109762  0.726173
0.0468347   0.11222      0.73 0.0424325  0.109826  0.726166
0.0468352   0.11222      0.73 0.0425155   0.10989  0.726159
0.0468356   0.11222      0.73 0.0425984  0.109955  0.726151
0.0468361   0.11222      0.73 0.0426813  0.110019  0.726144
0.0468365   0.11222      0.73 0.0427642  0.110083  0.726137
-0.0649776  -0.110716       0.73 -0.0649776  -0.110716   0.721875
-0.0649776  -0.110716       0.73 -0.0650393  -0.110654   0.722019
-0.0649776  -0.110716       0.73 -0.0651004  -0.110593   0.722163
-0.0649776  -0.110716       0.73 -0.0651608  -0.110531   0.722307
-0.0649776  -0.110716       0.73 -0.0652205  -0.110469   0.722452
-0.0649776  -0.110716       0.73 -0.0652796  -0.110407   0.722597
-0.0649776  -0.110716       0.73 -0.0653381  -0.110345   0.722742
-0.0649775  -0.110716       0.73 -0.0653959  -0.110283   0.722887
-0.0649774  -0.110716       0.73 -0.065453 -0.110221  0.723032
-0.0649773  -0.110716       0.73 -0.0655095  -0.110159   0.723178
-0.0649772  -0.110716       0.73 -0.0655653  -0.110096   0.723324
-0.064977 -0.110716      0.73 -0.0656205  -0.110034    0.72347
-0.0649768  -0.110716       0.73 -0.065675 -0.109971  0.723617
-0.0649766  -0.110715       0.73 -0.0657275  -0.109906   0.723761
-0.0649763  -0.110715       0.73 -0.0657782  -0.109839   0.723903
-0.064976 -0.110715      0.73 -0.0658273  -0.109769   0.724043
-0.0649756  -0.110715       0.73 -0.0658748  -0.109697   0.724181
-0.0649752  -0.110715       0.73 -0.065921 -0.109623  0.724317
-0.0649747  -0.110715       0.73 -0.0659658  -0.109547   0.724451
-0.0649742  -0.110715       0.73 -0.0660094  -0.109469   0.724583
-0.0649736  -0.110715       0.73 -0.0660519  -0.109388   0.724713
-0.064973 -0.110715      0.73 -0.0660933  -0.109306   0.724842
-0.0649723  -0.110715       0.73 -0.0661336  -0.109221   0.724969
-0.0649715  -0.110715       0.73 -0.0661731  -0.109135   0.725094
-0.0649707  -0.110715       0.73 -0.066212 -0.109049  0.725217
-0.0649697  -0.110715       0.73 -0.0662505  -0.108963   0.725339
-0.0649687  -0.110715       0.73 -0.0662887  -0.108877   0.725458
-0.0649677  -0.110715       0.73 -0.0663264  -0.108791   0.725575
-0.0649665  -0.110715       0.73 -0.0663638  -0.108705   0.725691
-0.0649653  -0.110715       0.73 -0.0664009  -0.108619   0.725804
-0.064964 -0.110715      0.73 -0.0664376  -0.108533   0.725916
-0.0649625  -0.110715       0.73 -0.066474 -0.108447  0.726027
-0.064961 -0.110715      0.73 -0.0665101  -0.108362   0.726135
-0.0649594  -0.110715       0.73 -0.0665415  -0.108276   0.726239
-0.0649577  -0.110715       0.73 -0.0665683   -0.10819   0.726339
-0.0649559  -0.110715       0.73 -0.0665907  -0.108104   0.726434
-0.064954 -0.110715      0.73 -0.0666088  -0.108018   0.726525
-0.064952 -0.110715      0.73 -0.0666228  -0.107932   0.726612
-0.0649499  -0.110715       0.73 -0.0666327  -0.107845   0.726695
-0.0649476  -0.110715       0.73 -0.0666385   -0.10776   0.726775
-0.0649453  -0.110715       0.73 -0.0666404  -0.107674   0.726851
-0.0649428  -0.110715       0.73 -0.0666385  -0.107588   0.726924
-0.0649402  -0.110715       0.73 -0.0666331  -0.107503   0.726993
-0.0649375  -0.110715       0.73 -0.0666244  -0.107418   0.727059
-0.0649347  -0.110714       0.73 -0.0666125  -0.107334   0.727123
-0.0649317  -0.110714       0.73 -0.0665976  -0.107249   0.727184
-0.0649286  -0.110714       0.73 -0.0665799  -0.107165   0.727242
-0.0649254  -0.110714       0.73 -0.0665595  -0.107082   0.727297
-0.064922 -0.110714      0.73 -0.0665366  -0.106998   0.727351
-0.0649185  -0.110714       0.73 -0.0665112  -0.106915   0.727402
-0.0649149  -0.110714       0.73 -0.0664833  -0.106832   0.727451
-0.0649111  -0.110714       0.73 -0.0664531  -0.106749   0.727498
-0.0649072  -0.110714       0.73 -0.0664207  -0.106667   0.727543
-0.0649031  -0.110714       0.73 -0.0663862  -0.106585   0.727586
-0.0648988  -0.110714       0.73 -0.0663496  -0.106503   0.727627
-0.0648945  -0.110713       0.73 -0.0663111  -0.106421   0.727667
-0.0648899  -0.110713       0.73 -0.0662707  -0.106339   0.727705
-0.0648852  -0.110713       0.73 -0.0662284  -0.106258   0.727741
-0.0648803  -0.110713       0.73 -0.0661845  -0.106177   0.727776
-0.0648753  -0.110713       0.73 -0.0661389  -0.106096    0.72781
-0.0648701  -0.110713       0.73 -0.0660918  -0.106015   0.727842
-0.0648648  -0.110713       0.73 -0.0660431  -0.105935   0.727872
-0.0648592  -0.110713       0.73 -0.065993 -0.105854  0.727902
-0.0648535  -0.110712       0.73 -0.0659415  -0.105774    0.72793
-0.0648476  -0.110712       0.73 -0.0658887  -0.105694   0.727957
-0.0648416  -0.110712       0.73 -0.0658346  -0.105614   0.727983
-0.0648353  -0.110712       0.73 -0.0657793  -0.105534   0.728008
-0.0648289  -0.110712       0.73 -0.0657229  -0.105455   0.728032
-0.0648223  -0.110712       0.73 -0.0656654  -0.105376   0.728055
-0.0648155  -0.110711       0.73 -0.0656068  -0.105296   0.728077
-0.0648085  -0.110711       0.73 -0.0655473  -0.105217   0.728097
-0.0648014  -0.110711       0.73 -0.0654868  -0.105138   0.728117
-0.064794 -0.110711      0.73 -0.0654254  -0.105059   0.728136
-0.0647864  -0.110711       0.73 -0.0653632   -0.10498   0.728154
-0.0647787   -0.11071       0.73 -0.0653001  -0.104902   0.728172
-0.0647707   -0.11071       0.73 -0.0652363  -0.104823   0.728188
-0.0647625   -0.11071       0.73 -0.0651717  -0.104745   0.728204
-0.0647541   -0.11071       0.73 -0.0651064  -0.104666   0.728219
-0.0647456   -0.11071       0.73 -0.0650404  -0.104588   0.728233
-0.0647368  -0.110709       0.73 -0.0649738   -0.10451   0.728246
-0.0647278  -0.110709       0.73 -0.0649065  -0.104432   0.728258
-0.0647186  -0.110709       0.73 -0.0648386  -0.104354    0.72827
-0.0647091  -0.110709       0.73 -0.0647702  -0.104276   0.728282
-0.0646995  -0.110708       0.73 -0.0647013  -0.104198   0.728292
-0.0646896  -0.110708       0.73 -0.0646318  -0.104121   0.728302
-0.0646795  -0.110708       0.73 -0.0645619  -0.104043   0.728312
-0.0646692  -0.110708       0.73 -0.0644915  -0.103966   0.728321
-0.0646587  -0.110707       0.73 -0.0644208  -0.103888   0.728329
-0.0646479  -0.110707       0.73 -0.0643496  -0.103811   0.728337
-0.0646369  -0.110707       0.73 -0.0642781  -0.103734   0.728345
-0.0646256  -0.110707       0.73 -0.0642062  -0.103656   0.728352
-0.0646142  -0.110706       0.73 -0.0641341  -0.103579   0.728358
-0.0646025  -0.110706       0.73 -0.0640616  -0.103503   0.728365
-0.0645905  -0.110706       0.73 -0.0639888  -0.103426    0.72837
-0.0645783  -0.110705       0.73 -0.0639158  -0.103349   0.728376
-0.0645659  -0.110705       0.73 -0.0638426  -0.103272   0.728381
-0.0645533  -0.110705       0.73 -0.0637692  -0.103196   0.728386
-0.0645403  -0.110704       0.73 -0.0636957  -0.103119   0.728391
-0.0645272  -0.110704       0.73 -0.0636219  -0.103043   0.728395
-0.0645138  -0.110704       0.73 -0.063548 -0.102967  0.728399
-0.0645001  -0.110703       0.73 -0.063474  -0.10289  0.728403
-0.0644862  -0.110703       0.73 -0.0633999  -0.102814   0.728406
-0.064472 -0.110703      0.73 -0.0633256  -0.102739    0.72841
-0.0644576  -0.110702       0.73 -0.0632513  -0.102663   0.728413
-0.0644429  -0.110702       0.73 -0.0631768  -0.102587   0.728416
-0.0644279  -0.110702       0.73 -0.0631023  -0.102512   0.728418
-0.0644127  -0.110701       0.73 -0.0630277  -0.102437   0.728421
-0.0643972  -0.110701       0.73 -0.062953 -0.102361  0.728423
-0.0643815    -0.1107       0.73 -0.0628782  -0.102287   0.728425
-0.0643654    -0.1107       0.73 -0.0628034  -0.102212   0.728427
-0.0643491    -0.1107       0.73 -0.0627285  -0.102137   0.728429
-0.0643326  -0.110699       0.73 -0.0626535  -0.102063   0.728431
-0.0643158  -0.110699       0.73 -0.0625785  -0.101989   0.728433
-0.0642986  -0.110698       0.73 -0.0625034  -0.101915   0.728435
-0.0642813  -0.110698       0.73 -0.0624283  -0.101841   0.728436
-0.0642636  -0.110697       0.73 -0.0623531  -0.101767   0.728438
-0.0642456  -0.110697       0.73 -0.0622778  -0.101694   0.728439
-0.0642274  -0.110696       0.73 -0.0622024   -0.10162   0.728441
-0.0642089  -0.110696       0.73 -0.062127 -0.101547  0.728442
-0.0641901  -0.110696       0.73 -0.0620515  -0.101475   0.728444
-0.064171 -0.110695      0.73 -0.0619759  -0.101402   0.728446
-0.0641516  -0.110695       0.73 -0.0619003   -0.10133   0.728447
-0.064132 -0.110694      0.73 -0.0618245  -0.101257   0.728449
-0.064112 -0.110694      0.73 -0.0617487  -0.101185   0.728451
-0.0640918  -0.110693       0.73 -0.0616728  -0.101114   0.728452
-0.0640712  -0.110692       0.73 -0.0615967  -0.101042   0.728454
-0.0640504  -0.110692       0.73 -0.0615206  -0.100971   0.728456
-0.0640292  -0.110691       0.73 -0.0614444    -0.1009   0.728458
-0.0640078  -0.110691       0.73 -0.061368  -0.10083   0.72846
-0.063986  -0.11069      0.73 -0.0612916  -0.100759   0.728463
-0.063964  -0.11069      0.73 -0.0612151  -0.100689   0.728465
-0.0639416  -0.110689       0.73 -0.0611384  -0.100619   0.728468
-0.063919 -0.110689      0.73 -0.0610617  -0.100549   0.728471
-0.063896 -0.110688      0.73 -0.0609849   -0.10048   0.728474
-0.0638728  -0.110687       0.73 -0.0609079  -0.100411   0.728477
-0.0638492  -0.110687       0.73 -0.0608309  -0.100342   0.728481
-0.0638253  -0.110686       0.73 -0.0607537  -0.100274   0.728484
-0.0638011  -0.110686       0.73 -0.0606765  -0.100206   0.728488
-0.0637766  -0.110685       0.73 -0.0605991  -0.100138   0.728493
-0.0637517  -0.110684       0.73 -0.0605217   -0.10007   0.728497
-0.0637266  -0.110684       0.73 -0.0604441  -0.100003   0.728502
-0.0637011  -0.110683       0.73 -0.0603664 -0.0999355   0.728507
-0.0636753  -0.110682       0.73 -0.0602887 -0.0998687   0.728513
-0.0636492  -0.110682       0.73 -0.0602108 -0.0998021   0.728519
-0.0636227  -0.110681       0.73 -0.0601328 -0.0997359   0.728525
-0.063596  -0.11068      0.73 -0.0600547 -0.0996699   0.728532
-0.0635689   -0.11068       0.73 -0.0599765 -0.0996043   0.728538
-0.0635415  -0.110679       0.73 -0.0598982 -0.0995389   0.728546
-0.0635138  -0.110678       0.73 -0.0598198 -0.0994738   0.728553
-0.0634857  -0.110678       0.73 -0.0597413  -0.099409   0.728561
-0.0634573  -0.110677       0.73 -0.0596626 -0.0993445    0.72857
-0.0634286  -0.110676       0.73 -0.0595839 -0.0992802   0.728578
-0.0633995  -0.110675       0.73  -0.059505 -0.0992163   0.728587
-0.0633701  -0.110675       0.73  -0.059426 -0.0991526   0.728597
-0.0633404  -0.110674       0.73 -0.0593469 -0.0990893   0.728606
-0.0633103  -0.110673       0.73 -0.0592677 -0.0990262   0.728617
-0.0632799  -0.110672       0.73 -0.0591883 -0.0989634   0.728627
-0.0632492  -0.110672       0.73 -0.0591089 -0.0989009   0.728638
-0.0632181  -0.110671       0.73 -0.0590293 -0.0988387   0.728649
-0.0631867   -0.11067       0.73 -0.0589496 -0.0987768   0.728661
-0.063155 -0.110669      0.73 -0.0588697 -0.0987152   0.728673
-0.0631229  -0.110668       0.73 -0.0587898 -0.0986538   0.728685
-0.0630905  -0.110668       0.73 -0.0587097 -0.0985928   0.728698
-0.0630577  -0.110667       0.73 -0.0586295  -0.098532   0.728711
-0.0630246  -0.110666       0.73 -0.0585492 -0.0984715   0.728724
-0.0629911  -0.110665       0.73 -0.0584688 -0.0984113   0.728738
-0.0629573  -0.110664       0.73 -0.0583882 -0.0983513   0.728752
-0.0629231  -0.110663       0.73 -0.0583075 -0.0982917   0.728766
-0.0628886  -0.110662       0.73 -0.0582267 -0.0982323   0.728781
-0.0628538  -0.110662       0.73 -0.0581457 -0.0981732   0.728795
-0.0628186  -0.110661       0.73 -0.0580647 -0.0981144   0.728811
-0.062783  -0.11066      0.73 -0.0579835 -0.0980558   0.728826
-0.0627471  -0.110659       0.73 -0.0579022 -0.0979975   0.728842
-0.0627109  -0.110658       0.73 -0.0578209 -0.0979395   0.728859
-0.0626742  -0.110657       0.73 -0.0577394 -0.0978818   0.728875
-0.0626373  -0.110656       0.73 -0.0576579 -0.0978243   0.728893
  -0.0626 -0.110655      0.73 -0.0575763 -0.0977671    0.72891
-0.0625623  -0.110654       0.73 -0.0574946 -0.0977101   0.728928
-0.0625243  -0.110653       0.73 -0.0574129 -0.0976534   0.728947
-0.0624859  -0.110652       0.73 -0.057331 -0.097597  0.728966
-0.0624472  -0.110651       0.73 -0.0572491 -0.0975408   0.728985
-0.0624081   -0.11065       0.73 -0.0571671 -0.0974849   0.729004
-0.0623687  -0.110649       0.73 -0.0570851 -0.0974293   0.729024
-0.0623289  -0.110648       0.73 -0.0570029 -0.0973739   0.729044
-0.0622887  -0.110647       0.73 -0.0569208 -0.0973188   0.729065
-0.0622482  -0.110646       0.73 -0.0568385 -0.0972639   0.729086
-0.0622074  -0.110645       0.73 -0.0567562 -0.0972093   0.729107
-0.0621661  -0.110644       0.73 -0.0566738 -0.0971549   0.729128
-0.0621246  -0.110643       0.73 -0.0565914 -0.0971008   0.729149
-0.0620826  -0.110642       0.73 -0.0565089  -0.097047   0.729171
-0.0620403  -0.110641       0.73 -0.0564263 -0.0969934   0.729193
-0.0619977   -0.11064       0.73 -0.0563437   -0.09694   0.729215
-0.0619546  -0.110639       0.73 -0.0562611  -0.096887   0.729237
-0.0619113  -0.110638       0.73 -0.0561784 -0.0968341    0.72926
-0.0618675  -0.110636       0.73 -0.0560957 -0.0967816   0.729283
-0.0618234  -0.110635       0.73 -0.0560129 -0.0967293   0.729305
-0.061779 -0.110634      0.73 -0.0559301 -0.0966772   0.729328
-0.0617342  -0.110633       0.73 -0.0558472 -0.0966254   0.729351
-0.061689 -0.110632      0.73 -0.0557643 -0.0965738   0.729374
-0.0616435  -0.110631       0.73 -0.0556814 -0.0965225   0.729397
-0.0615976   -0.11063       0.73 -0.0555984 -0.0964715    0.72942
-0.0615513  -0.110628       0.73 -0.0555154 -0.0964207   0.729444
-0.0615047  -0.110627       0.73 -0.0554324 -0.0963703   0.729467
-0.0614578  -0.110626       0.73 -0.0553493 -0.0963201    0.72949
-0.0614104  -0.110625       0.73 -0.0552661 -0.0962703   0.729514
-0.0613628  -0.110624       0.73  -0.055183 -0.0962207   0.729537
-0.0613147  -0.110622       0.73 -0.0550998 -0.0961715    0.72956
-0.0612663  -0.110621       0.73 -0.0550166 -0.0961226   0.729584
-0.0612175   -0.11062       0.73 -0.0549334 -0.0960741   0.729607
-0.0611684  -0.110619       0.73 -0.0548501 -0.0960259   0.729631
-0.061119 -0.110617      0.73 -0.0547668  -0.095978   0.729654
-0.0610691  -0.110616       0.73 -0.0546834 -0.0959305   0.729678
-0.0610189  -0.110615       0.73    -0.0546 -0.0958833   0.729701
-0.0609684  -0.110614       0.73 -0.0545165 -0.0958365   0.729725
-0.0609175  -0.110612       0.73 -0.054433  -0.09579  0.729749
-0.0608662  -0.110611       0.73 -0.0543495 -0.0957438   0.729773
-0.0608146   -0.11061       0.73 -0.0542659  -0.095698   0.729796
-0.0607627  -0.110608       0.73 -0.0541822 -0.0956525    0.72982
-0.0607103  -0.110607       0.73 -0.0540985 -0.0956073   0.729844
-0.0606577  -0.110606       0.73 -0.0540148 -0.0955624   0.729868
-0.0606046  -0.110604       0.73  -0.053931 -0.0955179   0.729892
-0.0605512  -0.110603       0.73 -0.0538471 -0.0954737   0.729916
-0.0604975  -0.110602       0.73 -0.0537632 -0.0954298    0.72994
-0.0604434    -0.1106       0.73 -0.0536793 -0.0953862   0.729964
-0.060389 -0.110599      0.73 -0.0535952 -0.0953429   0.729988
-0.0603342  -0.110597       0.73 -0.0535112 -0.0952999   0.730011
-0.060279 -0.110596      0.73  -0.053427 -0.0952572   0.730035
-0.0602235  -0.110595       0.73 -0.0533428 -0.0952148   0.730059
-0.0601677  -0.110593       0.73 -0.0532586 -0.0951726   0.730083
-0.0601115  -0.110592       0.73 -0.0531742 -0.0951307   0.730107
-0.0600549   -0.11059       0.73 -0.0530899 -0.0950891   0.730131
-0.059998 -0.110589      0.73 -0.0530054 -0.0950478   0.730155
-0.0599408  -0.110587       0.73 -0.0529209 -0.0950067   0.730179
-0.0598832  -0.110586       0.73 -0.0528364 -0.0949658   0.730203
-0.0598252  -0.110585       0.73 -0.0527517 -0.0949252   0.730226
-0.0597669  -0.110583       0.73  -0.052667 -0.0948847    0.73025
-0.0597083  -0.110582       0.73 -0.0525822 -0.0948445   0.730274
-0.0596493   -0.11058       0.73 -0.0524974 -0.0948044   0.730298
 -0.05959 -0.110579      0.73 -0.0524125 -0.0947646   0.730321
-0.0595303  -0.110577       0.73 -0.0523275 -0.0947249   0.730345
-0.0594703  -0.110576       0.73 -0.0522425 -0.0946854   0.730369
-0.0594099  -0.110574       0.73 -0.0521573 -0.0946461   0.730392
-0.0593492  -0.110572       0.73 -0.0520721 -0.0946069   0.730416
-0.0592881  -0.110571       0.73 -0.0519869 -0.0945679   0.730439
-0.0592267  -0.110569       0.73 -0.0519016 -0.0945291   0.730463
-0.0591649  -0.110568       0.73 -0.0518162 -0.0944904   0.730486
-0.0591028  -0.110566       0.73 -0.0517307 -0.0944519   0.730509
-0.0590404  -0.110565       0.73 -0.0516451 -0.0944135   0.730533
-0.0589776  -0.110563       0.73 -0.0515595 -0.0943753   0.730556
-0.0589145  -0.110561       0.73 -0.0514737 -0.0943372   0.730579
-0.058851  -0.11056      0.73 -0.0513879 -0.0942993   0.730602
-0.0587872  -0.110558       0.73 -0.0513021 -0.0942615   0.730625
-0.058723 -0.110557      0.73 -0.0512161 -0.0942238   0.730648
-0.0586585  -0.110555       0.73 -0.0511301 -0.0941862   0.730671
-0.0585936  -0.110553       0.73  -0.051044 -0.0941488   0.730694
-0.0585284  -0.110552       0.73 -0.0509578 -0.0941115   0.730717
-0.0584629   -0.11055       0.73 -0.0508715 -0.0940743    0.73074
-0.058397 -0.110548      0.73 -0.0507851 -0.0940372   0.730762
-0.0583308  -0.110547       0.73 -0.0506987 -0.0940002   0.730785
-0.0582642  -0.110545       0.73 -0.0506121 -0.0939633   0.730808
-0.0581973  -0.110543       0.73 -0.0505255 -0.0939265    0.73083
 -0.05813 -0.110541      0.73 -0.0504388 -0.0938899   0.730852
-0.0580624   -0.11054       0.73  -0.050352 -0.0938533   0.730875
-0.0579944  -0.110538       0.73 -0.0502651 -0.0938168   0.730897
-0.0579261  -0.110536       0.73 -0.0501781 -0.0937805   0.730919
-0.0578575  -0.110534       0.73 -0.0500911 -0.0937442   0.730941
-0.0577885  -0.110533       0.73 -0.0500039 -0.0937081   0.730963
-0.0577191  -0.110531       0.73 -0.0499167  -0.093672   0.730985
-0.0576494  -0.110529       0.73 -0.0498294 -0.0936361   0.731007
-0.0575794  -0.110527       0.73  -0.049742 -0.0936002   0.731029
-0.057509 -0.110526      0.73 -0.0496545 -0.0935645   0.731051
-0.0574383  -0.110524       0.73 -0.0495668 -0.0935288   0.731073
-0.0573672  -0.110522       0.73 -0.0494792 -0.0934933   0.731094
-0.0572958   -0.11052       0.73 -0.0493914 -0.0934579   0.731116
-0.057224 -0.110518      0.73 -0.0493035 -0.0934226   0.731137
-0.0571519  -0.110517       0.73 -0.0492155 -0.0933874   0.731159
-0.0570794  -0.110515       0.73 -0.0491274 -0.0933523    0.73118
-0.0570066  -0.110513       0.73 -0.0490393 -0.0933173   0.731201
-0.0569335  -0.110511       0.73  -0.048951 -0.0932824   0.731222
-0.0568599  -0.110509       0.73 -0.0488627 -0.0932477   0.731243
-0.0567861  -0.110507       0.73 -0.0487742  -0.093213   0.731264
-0.0567119  -0.110505       0.73 -0.0486857 -0.0931785   0.731285
-0.0566373  -0.110503       0.73  -0.048597 -0.0931441   0.731306
-0.0565624  -0.110502       0.73 -0.0485083 -0.0931098   0.731326
-0.0564871    -0.1105       0.73 -0.0484194 -0.0930757   0.731347
-0.0564115  -0.110498       0.73 -0.0483305 -0.0930417   0.731367
-0.0563355  -0.110496       0.73 -0.0482414 -0.0930078   0.731387
-0.0562592  -0.110494       0.73 -0.0481522  -0.092974   0.731408
-0.0561825  -0.110492       0.73  -0.048063 -0.0929403   0.731428
-0.0561054   -0.11049       0.73 -0.0479736 -0.0929068   0.731448
-0.0560281  -0.110488       0.73 -0.0478841 -0.0928735   0.731468
-0.0559503  -0.110486       0.73 -0.0477945 -0.0928402   0.731487
-0.0558722  -0.110484       0.73 -0.0477047 -0.0928071   0.731507
-0.0557938  -0.110482       0.73 -0.0476149 -0.0927741   0.731527
-0.055715  -0.11048      0.73 -0.0475249 -0.0927413   0.731546
-0.0556358  -0.110478       0.73 -0.0474349 -0.0927086   0.731565
-0.0555563  -0.110476       0.73 -0.0473447 -0.0926761   0.731584
-0.0554764  -0.110474       0.73 -0.0472544 -0.0926436   0.731603
-0.0553962  -0.110472       0.73  -0.047164 -0.0926114   0.731622
-0.0553156   -0.11047       0.73 -0.0470735 -0.0925793   0.731641
-0.0552347  -0.110468       0.73 -0.0469829 -0.0925473    0.73166
-0.0551534  -0.110466       0.73 -0.0468921 -0.0925154   0.731679
-0.0550717  -0.110464       0.73 -0.0468013 -0.0924837   0.731697
-0.0549897  -0.110462       0.73 -0.0467103 -0.0924522   0.731716
-0.0549073  -0.110459       0.73 -0.0466193 -0.0924208   0.731734
-0.0548246  -0.110457       0.73 -0.0465281 -0.0923895   0.731752
-0.0547415  -0.110455       0.73 -0.0464368 -0.0923584    0.73177
-0.0546581  -0.110453       0.73 -0.0463454 -0.0923275   0.731788
-0.0545743  -0.110451       0.73 -0.0462539 -0.0922966   0.731806
-0.0544902  -0.110449       0.73 -0.0461623  -0.092266   0.731824
-0.0544057  -0.110447       0.73 -0.0460705 -0.0922354   0.731841
-0.0543208  -0.110445       0.73 -0.0459787  -0.092205   0.731859
-0.0542356  -0.110442       0.73 -0.0458867 -0.0921747   0.731877
-0.05415 -0.11044     0.73 -0.0457947 -0.0921446   0.731894
-0.0540641  -0.110438       0.73 -0.0457025 -0.0921146   0.731911
-0.0539778  -0.110436       0.73 -0.0456102 -0.0920847   0.731928
-0.0538911  -0.110434       0.73 -0.0455178  -0.092055   0.731945
-0.0538041  -0.110431       0.73 -0.0454253 -0.0920254   0.731962
-0.0537167  -0.110429       0.73 -0.0453326 -0.0919959   0.731979
-0.053629 -0.110427      0.73 -0.0452399 -0.0919665   0.731996
-0.0535409  -0.110425       0.73  -0.045147 -0.0919373   0.732013
-0.0534525  -0.110422       0.73 -0.0450541 -0.0919082   0.732029
-0.0533637   -0.11042       0.73  -0.044961 -0.0918792   0.732046
-0.0532746  -0.110418       0.73 -0.0448678 -0.0918503   0.732062
-0.0531851  -0.110416       0.73 -0.0447746 -0.0918216   0.732079
-0.0530952  -0.110413       0.73 -0.0446812  -0.091793   0.732095
-0.053005 -0.110411      0.73 -0.0445877 -0.0917644   0.732111
-0.0529145  -0.110409       0.73  -0.044494 -0.0917361   0.732127
-0.0528235  -0.110407       0.73 -0.0444003 -0.0917078   0.732143
-0.0527323  -0.110404       0.73 -0.0443065 -0.0916796   0.732159
-0.0526406  -0.110402       0.73 -0.0442126 -0.0916516   0.732175
-0.0525487    -0.1104       0.73 -0.0441185 -0.0916237   0.732191
-0.0524563  -0.110397       0.73 -0.0440244 -0.0915959   0.732207
-0.0523636  -0.110395       0.73 -0.0439301 -0.0915682   0.732222
-0.0522706  -0.110392       0.73 -0.0438358 -0.0915406   0.732238
-0.0521772   -0.11039       0.73 -0.0437413 -0.0915131   0.732253
-0.0520835  -0.110388       0.73 -0.0436468 -0.0914857   0.732269
-0.0519894  -0.110385       0.73 -0.0435521 -0.0914585   0.732284
-0.0518949  -0.110383       0.73 -0.0434573 -0.0914313     0.7323
-0.0518001   -0.11038       0.73 -0.0433625 -0.0914043   0.732315
-0.051705 -0.110378      0.73 -0.0432675 -0.0913773    0.73233
-0.0516095  -0.110376       0.73 -0.0431724 -0.0913505   0.732345
-0.0515137  -0.110373       0.73 -0.0430772 -0.0913238   0.732361
-0.0514175  -0.110371       0.73  -0.042982 -0.0912972   0.732376
-0.051321 -0.110368      0.73 -0.0428866 -0.0912707   0.732391
-0.0512241  -0.110366       0.73 -0.0427911 -0.0912442   0.732406
-0.0511268  -0.110363       0.73 -0.0426955 -0.0912179   0.732421
-0.0510293  -0.110361       0.73 -0.0425998 -0.0911918   0.732436
-0.0509314  -0.110358       0.73  -0.042504 -0.0911657    0.73245
-0.0508331  -0.110356       0.73 -0.0424081 -0.0911397   0.732465
-0.0507345  -0.110353       0.73 -0.0423121 -0.0911138    0.73248
-0.0506355  -0.110351       0.73 -0.042216 -0.091088  0.732495
-0.0505363  -0.110348       0.73 -0.0421198 -0.0910624   0.732509
-0.0504366  -0.110346       0.73 -0.0420234 -0.0910368   0.732524
-0.0503367  -0.110343       0.73 -0.0419271 -0.0910114   0.732538
-0.0502363  -0.110341       0.73 -0.0418305  -0.090986   0.732553
-0.0501357  -0.110338       0.73 -0.0417339 -0.0909608   0.732567
-0.0500347  -0.110336       0.73 -0.0416372 -0.0909357   0.732582
-0.0499334  -0.110333       0.73 -0.0415404 -0.0909106   0.732596
-0.0498317   -0.11033       0.73 -0.0414434 -0.0908857   0.732611
-0.0497297  -0.110328       0.73 -0.0413464 -0.0908609   0.732625
-0.0496274  -0.110325       0.73 -0.0412493 -0.0908362   0.732639
-0.0495247  -0.110323       0.73 -0.0411521 -0.0908116   0.732653
-0.0494217   -0.11032       0.73 -0.0410547 -0.0907871   0.732668
-0.0493184  -0.110317       0.73 -0.0409573 -0.0907628   0.732682
-0.0492147  -0.110315       0.73 -0.0408597 -0.0907385   0.732696
-0.0491107  -0.110312       0.73 -0.0407621 -0.0907143    0.73271
-0.0490064  -0.110309       0.73 -0.0406644 -0.0906903   0.732724
-0.0489017  -0.110307       0.73 -0.0405665 -0.0906664   0.732738
-0.0487967  -0.110304       0.73 -0.0404686 -0.0906426   0.732752
-0.0486914  -0.110301       0.73 -0.0403705 -0.0906188   0.732766
-0.0485858  -0.110299       0.73 -0.0402724 -0.0905952    0.73278
-0.0484798  -0.110296       0.73 -0.0401741 -0.0905718   0.732793
-0.0483735  -0.110293       0.73 -0.0400758 -0.0905484   0.732807
-0.0482669  -0.110291       0.73 -0.0399773 -0.0905251   0.732821
-0.0481599  -0.110288       0.73 -0.0398787  -0.090502   0.732834
-0.0480527  -0.110285       0.73  -0.03978 -0.090479  0.732848
-0.0479451  -0.110282       0.73 -0.0396813  -0.090456   0.732862
-0.0478372   -0.11028       0.73 -0.0395824 -0.0904332   0.732875
-0.0477289  -0.110277       0.73 -0.0394834 -0.0904106   0.732889
-0.0476204  -0.110274       0.73 -0.0393843  -0.090388   0.732902
-0.0475115  -0.110271       0.73 -0.0392851 -0.0903655   0.732916
-0.0474023  -0.110269       0.73 -0.0391858 -0.0903432   0.732929
-0.0472928  -0.110266       0.73 -0.0390865  -0.090321   0.732942
-0.047183 -0.110263      0.73  -0.038987 -0.0902989   0.732956
-0.0470729   -0.11026       0.73 -0.0388873 -0.0902769   0.732969
-0.0469625  -0.110257       0.73 -0.0387876  -0.090255   0.732982
-0.0468517  -0.110255       0.73 -0.0386878 -0.0902332   0.732995
-0.0467406  -0.110252       0.73 -0.0385879 -0.0902116   0.733009
-0.0466293  -0.110249       0.73 -0.0384878 -0.0901901   0.733022
-0.0465176  -0.110246       0.73 -0.0383877 -0.0901687   0.733035
-0.0464056  -0.110243       0.73 -0.0382874 -0.0901474   0.733048
-0.0462933   -0.11024       0.73 -0.0381871 -0.0901263   0.733061
-0.0461807  -0.110238       0.73 -0.0380866 -0.0901052   0.733074
-0.0460678  -0.110235       0.73 -0.0379861 -0.0900843   0.733086
-0.0459546  -0.110232       0.73 -0.0378854 -0.0900635   0.733099
-0.0458411  -0.110229       0.73 -0.0377846 -0.0900428   0.733112
-0.0457273  -0.110226       0.73 -0.0376837 -0.0900223   0.733125
-0.0456132  -0.110223       0.73 -0.0375827 -0.0900018   0.733138
-0.0454988   -0.11022       0.73 -0.0374816 -0.0899815    0.73315
-0.045384 -0.110217      0.73 -0.0373804 -0.0899613   0.733163
-0.045269 -0.110214      0.73 -0.0372791 -0.0899413   0.733175
-0.0451537  -0.110211       0.73 -0.0371777 -0.0899213   0.733188
-0.0450381  -0.110209       0.73 -0.0370761 -0.0899015     0.7332
-0.0449223  -0.110206       0.73 -0.0369745 -0.0898819   0.733213
-0.0448061  -0.110203       0.73 -0.0368727 -0.0898623   0.733225
-0.0446896    -0.1102       0.73 -0.0367709 -0.0898429   0.733237
-0.0445728  -0.110197       0.73 -0.0366689 -0.0898236    0.73325
-0.0444558  -0.110194       0.73 -0.0365668 -0.0898045   0.733262
-0.0443384  -0.110191       0.73 -0.0364646 -0.0897855   0.733274
-0.0442208  -0.110188       0.73 -0.0363623 -0.0897666   0.733286
-0.0441029  -0.110185       0.73 -0.0362599 -0.0897479   0.733298
-0.0439847  -0.110182       0.73 -0.0361574 -0.0897293    0.73331
-0.0438662  -0.110179       0.73 -0.0360547 -0.0897108   0.733322
-0.0437475  -0.110176       0.73  -0.035952 -0.0896924   0.733334
-0.0436284  -0.110173       0.73 -0.0358491 -0.0896742   0.733346
-0.0435091   -0.11017       0.73 -0.0357462 -0.0896562   0.733358
-0.0433895  -0.110167       0.73 -0.0356431 -0.0896382    0.73337
-0.0432696  -0.110164       0.73 -0.0355399 -0.0896204   0.733381
-0.0431495  -0.110161       0.73 -0.0354366 -0.0896028   0.733393
-0.043029 -0.110157      0.73 -0.0353331 -0.0895852   0.733405
-0.0429083  -0.110154       0.73 -0.0352296 -0.0895678   0.733416
-0.0427874  -0.110151       0.73  -0.035126 -0.0895506   0.733428
-0.0426661  -0.110148       0.73 -0.0350222 -0.0895335   0.733439
-0.0425446  -0.110145       0.73 -0.0349183 -0.0895165   0.733451
-0.0424228  -0.110142       0.73 -0.0348143 -0.0894996   0.733462
-0.0423008  -0.110139       0.73 -0.0347102 -0.0894829   0.733473
-0.0421784  -0.110136       0.73  -0.034606 -0.0894663   0.733484
-0.0420559  -0.110133       0.73 -0.0345016 -0.0894498   0.733496
-0.041933  -0.11013      0.73 -0.0343972 -0.0894335   0.733507
-0.0418099  -0.110126       0.73 -0.0342926 -0.0894173   0.733518
-0.0416865  -0.110123       0.73 -0.0341879 -0.0894013   0.733529
-0.0415629   -0.11012       0.73 -0.0340831 -0.0893854    0.73354
-0.041439 -0.110117      0.73 -0.0339782 -0.0893696    0.73355
-0.0413149  -0.110114       0.73 -0.0338731 -0.0893539   0.733561
-0.0411905  -0.110111       0.73  -0.033768 -0.0893384   0.733572
-0.0410658  -0.110108       0.73 -0.0336627  -0.089323   0.733583
-0.0409409  -0.110104       0.73 -0.0335573 -0.0893077   0.733593
-0.0408157  -0.110101       0.73 -0.0334518 -0.0892926   0.733604
-0.0406903  -0.110098       0.73 -0.0333461 -0.0892776   0.733615
-0.0405646  -0.110095       0.73 -0.0332404 -0.0892628   0.733625
-0.0404387  -0.110092       0.73 -0.0331345  -0.089248   0.733635
-0.0403126  -0.110088       0.73 -0.0330285 -0.0892334   0.733646
-0.0401862  -0.110085       0.73 -0.0329224  -0.089219   0.733656
-0.0400595  -0.110082       0.73 -0.0328161 -0.0892047   0.733666
-0.0399326  -0.110079       0.73 -0.0327098 -0.0891905   0.733677
-0.0398055  -0.110076       0.73 -0.0326033 -0.0891764   0.733687
-0.0396781  -0.110072       0.73 -0.0324967 -0.0891625   0.733697
-0.0395505  -0.110069       0.73   -0.03239 -0.0891487   0.733707
-0.0394226  -0.110066       0.73 -0.0322832  -0.089135   0.733717
-0.0392946  -0.110063       0.73 -0.0321762 -0.0891215   0.733727
-0.0391662  -0.110059       0.73 -0.0320691  -0.089108   0.733736
-0.0390377  -0.110056       0.73 -0.0319619 -0.0890948   0.733746
-0.0389089  -0.110053       0.73 -0.0318546 -0.0890816   0.733756
-0.0387799  -0.110049       0.73 -0.0317471 -0.0890686   0.733765
-0.0386506  -0.110046       0.73 -0.0316395 -0.0890558   0.733775
-0.0385211  -0.110043       0.73 -0.0315318  -0.089043   0.733784
-0.0383914   -0.11004       0.73  -0.031424 -0.0890304   0.733794
-0.0382615  -0.110036       0.73 -0.0313161 -0.0890179   0.733803
-0.0381313  -0.110033       0.73  -0.031208 -0.0890055   0.733813
-0.0380009   -0.11003       0.73 -0.0310998 -0.0889933   0.733822
-0.0378703  -0.110026       0.73 -0.0309915 -0.0889812   0.733831
-0.0377395  -0.110023       0.73  -0.030883 -0.0889692    0.73384
-0.0376085   -0.11002       0.73 -0.0307745 -0.0889573   0.733849
-0.0374772  -0.110016       0.73 -0.0306658 -0.0889456   0.733858
-0.0373457  -0.110013       0.73 -0.0305569  -0.088934   0.733867
-0.0372141   -0.11001       0.73  -0.030448 -0.0889225   0.733876
-0.0370822  -0.110006       0.73  -0.030339 -0.0889111   0.733885
 -0.03695 -0.110003      0.73 -0.0302298 -0.0888999   0.733894
-0.0368177      -0.11       0.73 -0.0301205 -0.0888888   0.733902
-0.0366852  -0.109996       0.73  -0.030011 -0.0888777   0.733911
-0.0365524  -0.109993       0.73 -0.0299014 -0.0888669    0.73392
-0.0364195  -0.109989       0.73 -0.0297917 -0.0888561   0.733928
-0.0362863  -0.109986       0.73 -0.0296819 -0.0888455   0.733937
-0.036153 -0.109983      0.73  -0.029572 -0.0888349   0.733945
-0.0360194  -0.109979       0.73 -0.0294619 -0.0888246   0.733953
-0.0358857  -0.109976       0.73 -0.0293517 -0.0888143   0.733962
-0.0357517  -0.109972       0.73 -0.0292414 -0.0888041    0.73397
-0.0356175  -0.109969       0.73  -0.029131 -0.0887941   0.733978
-0.0354832  -0.109966       0.73 -0.0290204 -0.0887842   0.733986
-0.0353486  -0.109962       0.73 -0.0289097 -0.0887745   0.733994
-0.0352139  -0.109959       0.73 -0.0287989 -0.0887648   0.734002
-0.035079 -0.109955      0.73 -0.0286879 -0.0887553    0.73401
-0.0349438  -0.109952       0.73 -0.0285768 -0.0887459   0.734018
-0.0348085  -0.109948       0.73 -0.0284657 -0.0887366   0.734026
-0.034673 -0.109945      0.73 -0.0283543 -0.0887275   0.734033
-0.0345373  -0.109942       0.73 -0.0282428 -0.0887185   0.734041
-0.0344015  -0.109938       0.73 -0.0281313 -0.0887096   0.734048
-0.0342654  -0.109935       0.73 -0.0280196 -0.0887009   0.734056
-0.0341292  -0.109931       0.73 -0.0279077 -0.0886922   0.734063
-0.0339928  -0.109928       0.73 -0.0277958 -0.0886838   0.734071
-0.0338562  -0.109924       0.73 -0.0276837 -0.0886754   0.734078
-0.0337194  -0.109921       0.73 -0.0275714 -0.0886671   0.734085
-0.0335824  -0.109917       0.73 -0.0274591  -0.088659   0.734092
-0.0334453  -0.109914       0.73 -0.0273466  -0.088651     0.7341
-0.033308  -0.10991      0.73  -0.027234 -0.0886432   0.734107
-0.0331705  -0.109907       0.73 -0.0271213 -0.0886354   0.734114
-0.0330329  -0.109903       0.73 -0.0270084 -0.0886278    0.73412
-0.0328951    -0.1099       0.73 -0.0268954 -0.0886202   0.734127
-0.0327571  -0.109896       0.73 -0.0267823 -0.0886128   0.734134
-0.032619 -0.109893      0.73 -0.0266691 -0.0886055   0.734141
-0.0324807  -0.109889       0.73 -0.0265557 -0.0885984   0.734147
-0.0323422  -0.109886       0.73 -0.0264422 -0.0885913   0.734154
-0.0322036  -0.109882       0.73 -0.0263286 -0.0885844    0.73416
-0.0320648  -0.109879       0.73 -0.0262149 -0.0885776   0.734166
-0.0319258  -0.109875       0.73  -0.026101 -0.0885709   0.734173
-0.0317867  -0.109872       0.73  -0.025987 -0.0885643   0.734179
-0.0316475  -0.109868       0.73 -0.0258728 -0.0885579   0.734185
-0.0315081  -0.109865       0.73 -0.0257585 -0.0885515   0.734191
-0.0313685  -0.109861       0.73 -0.0256442 -0.0885453   0.734197
-0.0312288  -0.109857       0.73 -0.0255296 -0.0885393   0.734203
-0.0310889  -0.109854       0.73  -0.025415 -0.0885333   0.734208
-0.0309489   -0.10985       0.73 -0.0253002 -0.0885275   0.734214
-0.0308087  -0.109847       0.73 -0.0251853 -0.0885218    0.73422
-0.0306684  -0.109843       0.73 -0.0250703 -0.0885162   0.734225
-0.030528  -0.10984      0.73 -0.0249551 -0.0885107   0.734231
-0.0303874  -0.109836       0.73 -0.0248398 -0.0885054   0.734236
-0.0302467  -0.109832       0.73 -0.0247244 -0.0885002   0.734241
-0.0301058  -0.109829       0.73 -0.0246088 -0.0884952   0.734247
-0.0299648  -0.109825       0.73 -0.0244932 -0.0884902   0.734252
-0.0298237  -0.109822       0.73 -0.0243774 -0.0884854   0.734257
-0.0296824  -0.109818       0.73 -0.0242614 -0.0884808   0.734262
-0.029541 -0.109815      0.73 -0.0241453 -0.0884762   0.734267
-0.0293994  -0.109811       0.73 -0.0240292 -0.0884718   0.734271
-0.0292578  -0.109807       0.73 -0.0239128 -0.0884676   0.734276
-0.029116 -0.109804      0.73 -0.0237964 -0.0884634   0.734281
-0.0289741    -0.1098       0.73 -0.0236798 -0.0884594   0.734285
-0.028832 -0.109797      0.73 -0.0235631 -0.0884556    0.73429
-0.0286898  -0.109793       0.73 -0.0234463 -0.0884519   0.734294
-0.0285475  -0.109789       0.73 -0.0233293 -0.0884483   0.734298
-0.0284051  -0.109786       0.73 -0.0232122 -0.0884448   0.734303
-0.0282626  -0.109782       0.73  -0.023095 -0.0884415   0.734307
 -0.02812 -0.109778      0.73 -0.0229777 -0.0884383   0.734311
-0.0279772  -0.109775       0.73 -0.0228602 -0.0884353   0.734315
-0.0278343  -0.109771       0.73 -0.0227426 -0.0884324   0.734319
-0.0276913  -0.109768       0.73 -0.0226249 -0.0884296   0.734323
-0.0275482  -0.109764       0.73  -0.022507 -0.0884269   0.734326
-0.027405  -0.10976      0.73  -0.022389 -0.0884244    0.73433
-0.0272617  -0.109757       0.73 -0.022271 -0.088422  0.734334
-0.0271183  -0.109753       0.73 -0.0221527 -0.0884197   0.734337
-0.0269747  -0.109749       0.73 -0.0220343 -0.0884176   0.734341
-0.0268311  -0.109746       0.73 -0.0219159 -0.0884156   0.734344
-0.0266874  -0.109742       0.73 -0.0217972 -0.0884137   0.734347
-0.0265435  -0.109738       0.73 -0.0216785 -0.0884119    0.73435
-0.0263996  -0.109735       0.73 -0.0215596 -0.0884103   0.734354
-0.0262556  -0.109731       0.73 -0.0214406 -0.0884088   0.734357
-0.0261114  -0.109727       0.73 -0.0213215 -0.0884074    0.73436
-0.0259672  -0.109724       0.73 -0.0212022 -0.0884061   0.734362
-0.0258229   -0.10972       0.73 -0.0210828 -0.0884049   0.734365
-0.0256785  -0.109716       0.73 -0.0209633 -0.0884039   0.734368
-0.025534 -0.109713      0.73 -0.0208437  -0.088403   0.734371
-0.0253894  -0.109709       0.73 -0.0207239 -0.0884022   0.734373
-0.0252448  -0.109705       0.73  -0.020604 -0.0884016   0.734376
  -0.0251 -0.109702      0.73 -0.020484 -0.088401  0.734378
-0.0249552  -0.109698       0.73 -0.0203638 -0.0884006   0.734381
-0.0248103  -0.109694       0.73 -0.0202436 -0.0884003   0.734383
-0.0246653  -0.109691       0.73 -0.0201231 -0.0884001   0.734385
-0.0245202  -0.109687       0.73 -0.0200026    -0.0884   0.734387
-0.024375 -0.109683      0.73  -0.019882 -0.0884001   0.734389
-0.0242298   -0.10968       0.73 -0.0197612 -0.0884002   0.734391
-0.0240845  -0.109676       0.73 -0.0196403 -0.0884005   0.734393
-0.0239392  -0.109672       0.73 -0.0195193 -0.0884009   0.734395
-0.0237937  -0.109668       0.73 -0.0193981 -0.0884014   0.734397
-0.0236482  -0.109665       0.73 -0.0192768  -0.088402   0.734398
-0.0235026  -0.109661       0.73 -0.0191554 -0.0884027     0.7344
-0.023357 -0.109657      0.73 -0.0190339 -0.0884036   0.734402
-0.0232113  -0.109654       0.73 -0.0189122 -0.0884046   0.734403
-0.0230655   -0.10965       0.73 -0.0187904 -0.0884056   0.734404
-0.0229197  -0.109646       0.73 -0.0186685 -0.0884068   0.734406
-0.0227738  -0.109642       0.73 -0.0185465 -0.0884081   0.734407
-0.0226278  -0.109639       0.73 -0.0184243 -0.0884095   0.734408
-0.0224818  -0.109635       0.73  -0.018302 -0.0884111    0.73441
-0.0223358  -0.109631       0.73 -0.0181796 -0.0884127   0.734411
-0.0221897  -0.109628       0.73 -0.0180571 -0.0884145   0.734412
-0.0220435  -0.109624       0.73 -0.0179344 -0.0884163   0.734413
-0.0218973   -0.10962       0.73 -0.0178116 -0.0884183   0.734414
-0.021751 -0.109616      0.73 -0.0176887 -0.0884204   0.734414
-0.0216047  -0.109613       0.73 -0.0175657 -0.0884226   0.734415
-0.0214584  -0.109609       0.73 -0.0174425 -0.0884249   0.734416
-0.021312 -0.109605      0.73 -0.0173193 -0.0884273   0.734416
-0.0211655  -0.109602       0.73 -0.0171959 -0.0884298   0.734417
-0.0210191  -0.109598       0.73 -0.0170723 -0.0884325   0.734418
-0.0208725  -0.109594       0.73 -0.0169487 -0.0884352   0.734418
-0.020726  -0.10959      0.73 -0.0168249 -0.0884381   0.734418
-0.0205794  -0.109587       0.73  -0.016701 -0.0884411   0.734419
-0.0204328  -0.109583       0.73  -0.016577 -0.0884441   0.734419
-0.0202861  -0.109579       0.73 -0.0164529 -0.0884473   0.734419
-0.0201394  -0.109576       0.73 -0.0163286 -0.0884506   0.734419
-0.0199927  -0.109572       0.73 -0.0162042  -0.088454   0.734419
-0.019846 -0.109568      0.73 -0.0160797 -0.0884576   0.734419
-0.0196992  -0.109564       0.73 -0.0159551 -0.0884612   0.734419
-0.0195524  -0.109561       0.73 -0.0158304 -0.0884649   0.734419
-0.0194056  -0.109557       0.73 -0.0157055 -0.0884688   0.734419
-0.0192587  -0.109553       0.73 -0.0155805 -0.0884727   0.734419
-0.0191119  -0.109549       0.73 -0.0154554 -0.0884768   0.734419
-0.018965 -0.109546      0.73 -0.0153302 -0.0884809   0.734418
-0.0188181  -0.109542       0.73 -0.0152049 -0.0884852   0.734418
-0.0186712  -0.109538       0.73 -0.0150794 -0.0884896   0.734417
-0.0185243  -0.109534       0.73 -0.0149539 -0.0884941   0.734417
-0.0183773  -0.109531       0.73 -0.0148282 -0.0884987   0.734416
-0.0182304  -0.109527       0.73 -0.0147024 -0.0885034   0.734416
-0.0180834  -0.109523       0.73 -0.0145764 -0.0885082   0.734415
-0.0179365  -0.109519       0.73 -0.0144504 -0.0885131   0.734414
-0.0177895  -0.109516       0.73 -0.0143243 -0.0885181   0.734413
-0.0176425  -0.109512       0.73  -0.014198 -0.0885233   0.734413
-0.0174956  -0.109508       0.73 -0.0140716 -0.0885285   0.734412
-0.0173486  -0.109505       0.73 -0.0139452 -0.0885339   0.734411
-0.0172016  -0.109501       0.73 -0.0138186 -0.0885393    0.73441
-0.0170546  -0.109497       0.73 -0.0136918 -0.0885449   0.734409
-0.0169077  -0.109493       0.73  -0.013565 -0.0885505   0.734407
-0.0167607   -0.10949       0.73 -0.0134381 -0.0885563   0.734406
-0.0166137  -0.109486       0.73 -0.0133111 -0.0885622   0.734405
-0.0164668  -0.109482       0.73 -0.0131839 -0.0885682   0.734404
-0.0163199  -0.109478       0.73 -0.0130566 -0.0885743   0.734402
-0.0161729  -0.109475       0.73 -0.0129293 -0.0885805   0.734401
-0.016026 -0.109471      0.73 -0.0128018 -0.0885868   0.734399
-0.0158791  -0.109467       0.73 -0.0126742 -0.0885932   0.734398
-0.0157322  -0.109463       0.73 -0.0125465 -0.0885997   0.734396
-0.0155854   -0.10946       0.73 -0.0124187 -0.0886063   0.734395
-0.0154385  -0.109456       0.73 -0.0122908 -0.0886131   0.734393
-0.0152917  -0.109452       0.73 -0.0121628 -0.0886199   0.734391
-0.0151449  -0.109449       0.73 -0.0120347 -0.0886268    0.73439
-0.0149981  -0.109445       0.73 -0.0119064 -0.0886339   0.734388
-0.0148514  -0.109441       0.73 -0.0117781  -0.088641   0.734386
-0.0147047  -0.109437       0.73 -0.0116497 -0.0886483   0.734384
-0.014558 -0.109434      0.73 -0.0115212 -0.0886556   0.734382
-0.0144113   -0.10943       0.73 -0.0113925 -0.0886631    0.73438
-0.0142647  -0.109426       0.73 -0.0112638 -0.0886706   0.734378
-0.0141181  -0.109422       0.73 -0.0111349 -0.0886783   0.734376
-0.0139715  -0.109419       0.73  -0.011006 -0.0886861   0.734373
-0.013825 -0.109415      0.73 -0.0108769  -0.088694   0.734371
-0.0136785  -0.109411       0.73 -0.0107478 -0.0887019   0.734369
-0.0135321  -0.109408       0.73 -0.0106185   -0.08871   0.734366
-0.0133857  -0.109404       0.73 -0.0104891 -0.0887182   0.734364
-0.0132393    -0.1094       0.73 -0.0103597 -0.0887265   0.734362
-0.013093 -0.109396      0.73 -0.0102301 -0.0887349   0.734359
-0.0129467  -0.109393       0.73 -0.0101004 -0.0887434   0.734356
-0.0128005  -0.109389       0.73 -0.00997069   -0.088752    0.734354
-0.0126543  -0.109385       0.73 -0.00984083  -0.0887607    0.734351
-0.0125082  -0.109381       0.73 -0.00971086  -0.0887695    0.734348
-0.0123621  -0.109378       0.73 -0.0095808 -0.0887785   0.734346
-0.0122161  -0.109374       0.73 -0.00945066  -0.0887875    0.734343
-0.0120701   -0.10937       0.73 -0.00932042  -0.0887966     0.73434
-0.0119242  -0.109367       0.73 -0.00919007  -0.0888058    0.734337
-0.0117784  -0.109363       0.73 -0.0090596 -0.0888151   0.734334
-0.0116326  -0.109359       0.73 -0.00892906  -0.0888246    0.734331
-0.0114869  -0.109356       0.73 -0.00879843  -0.0888341    0.734328
-0.0113412  -0.109352       0.73 -0.00866771  -0.0888437    0.734325
-0.0111956  -0.109348       0.73 -0.00853688  -0.0888535    0.734321
-0.0110501  -0.109344       0.73 -0.00840594  -0.0888633    0.734318
-0.0109046  -0.109341       0.73 -0.00827492  -0.0888732    0.734315
-0.0107592  -0.109337       0.73 -0.00814379  -0.0888833    0.734311
-0.0106139  -0.109333       0.73 -0.00801258  -0.0888934    0.734308
-0.0104687   -0.10933       0.73 -0.00788128  -0.0889037    0.734304
-0.0103235  -0.109326       0.73 -0.0077499  -0.088914   0.734301
-0.0101784  -0.109322       0.73 -0.0076184 -0.0889245   0.734297
-0.0100334  -0.109319       0.73 -0.00748682   -0.088935    0.734294
-0.00988844   -0.109315        0.73 -0.00735515  -0.0889456     0.73429
-0.00974358   -0.109311        0.73 -0.00722338  -0.0889564    0.734286
-0.0095988  -0.109308       0.73 -0.00709151  -0.0889672    0.734282
-0.0094541  -0.109304       0.73 -0.00695957  -0.0889782    0.734278
-0.00930949     -0.1093        0.73 -0.00682753  -0.0889892    0.734274
-0.00916497   -0.109296        0.73 -0.0066954 -0.0890004    0.73427
-0.00902053   -0.109293        0.73 -0.00656318  -0.0890116    0.734266
-0.00887619   -0.109289        0.73 -0.00643086   -0.089023    0.734262
-0.00873193   -0.109285        0.73 -0.00629847  -0.0890344    0.734258
-0.00858777   -0.109282        0.73 -0.00616597  -0.0890459    0.734254
-0.0084437  -0.109278       0.73 -0.00603342  -0.0890576    0.734249
-0.00829973   -0.109274        0.73 -0.00590074  -0.0890693    0.734245
-0.00815585   -0.109271        0.73 -0.00576799  -0.0890812    0.734241
-0.00801208   -0.109267        0.73 -0.00563514  -0.0890931    0.734236
-0.0078684  -0.109264       0.73 -0.00550221  -0.0891051    0.734232
-0.00772483    -0.10926        0.73 -0.0053692 -0.0891173   0.734227
-0.00758136   -0.109256        0.73 -0.0052361 -0.0891295   0.734223
-0.007438 -0.109253      0.73 -0.0051029 -0.0891418   0.734218
-0.00729474   -0.109249        0.73 -0.00496963  -0.0891543    0.734213
-0.00715159   -0.109245        0.73 -0.00483626  -0.0891668    0.734208
-0.00700855   -0.109242        0.73 -0.0047028 -0.0891794   0.734203
-0.00686562   -0.109238        0.73 -0.00456928  -0.0891921    0.734198
-0.0067228  -0.109234       0.73 -0.00443566  -0.0892049    0.734194
-0.0065801  -0.109231       0.73 -0.00430194  -0.0892178    0.734188
-0.00643752   -0.109227        0.73 -0.00416815  -0.0892308    0.734183
-0.00629505   -0.109224        0.73 -0.00403428  -0.0892439    0.734178
-0.0061527   -0.10922       0.73 -0.00390034  -0.0892571    0.734173
-0.00601047   -0.109216        0.73 -0.0037663 -0.0892704   0.734168
-0.00586837   -0.109213        0.73 -0.00363218  -0.0892838    0.734162
-0.00572638   -0.109209        0.73 -0.00349798  -0.0892973    0.734157
-0.00558453   -0.109205        0.73 -0.0033637 -0.0893109   0.734151
-0.0054428  -0.109202       0.73 -0.00322931  -0.0893246    0.734146
-0.00530119   -0.109198        0.73 -0.00309486  -0.0893383     0.73414
-0.00515972   -0.109195        0.73 -0.00296034  -0.0893522    0.734135
-0.00501838   -0.109191        0.73 -0.00282573  -0.0893661    0.734129
-0.00487717   -0.109187        0.73 -0.00269103  -0.0893802    0.734123
-0.0047361  -0.109184       0.73 -0.00255626  -0.0893943    0.734117
-0.00459516    -0.10918        0.73 -0.00242138  -0.0894086    0.734111
-0.00445436   -0.109177        0.73 -0.00228645  -0.0894229    0.734105
-0.0043137  -0.109173       0.73 -0.00215142  -0.0894373    0.734099
-0.00417318    -0.10917        0.73 -0.00201633  -0.0894518    0.734093
-0.0040328  -0.109166       0.73 -0.00188116  -0.0894664    0.734087
-0.00389257   -0.109162        0.73 -0.00174591  -0.0894811     0.73408
-0.00375248   -0.109159        0.73 -0.00161056  -0.0894959    0.734074
-0.00361254   -0.109155        0.73 -0.00147515  -0.0895108    0.734067
-0.00347275   -0.109152        0.73 -0.00133965  -0.0895258    0.734061
-0.00333311   -0.109148        0.73 -0.00120408  -0.0895408    0.734054
-0.00319361   -0.109145        0.73 -0.00106844   -0.089556    0.734048
-0.00305428   -0.109141        0.73 -0.000932717   -0.0895712     0.734041
-0.00291509   -0.109138        0.73 -0.000796925   -0.0895866     0.734034
-0.00277607   -0.109134        0.73 -0.000661034    -0.089602     0.734028
-0.0026372  -0.109131       0.73 -0.000525096   -0.0896176     0.734021
-0.00249849   -0.109127        0.73 -0.000389041   -0.0896332     0.734014
-0.00235994   -0.109123        0.73 -0.000252942   -0.0896489     0.734007
-0.00222155    -0.10912        0.73 -0.000116766   -0.0896647        0.734
-0.00208333   -0.109116        0.73 1.94872e-05  -0.0896806    0.733993
-0.00194528   -0.109113        0.73 0.000155819  -0.0896965    0.733986
-0.00180739   -0.109109        0.73 0.000292224  -0.0897126    0.733979
-0.00166967   -0.109106        0.73 0.000428702  -0.0897288    0.733971
-0.00153212   -0.109102        0.73 0.000565274   -0.089745    0.733964
-0.00139474   -0.109099        0.73 0.000701882  -0.0897614    0.733957
-0.00125754   -0.109095        0.73 0.000838579  -0.0897778    0.733949
-0.00112051   -0.109092        0.73 0.000975347  -0.0897943    0.733942
-0.000983664    -0.109088         0.73  0.0011122 -0.0898109   0.733934
-0.000846992    -0.109085         0.73 0.00124911 -0.0898276   0.733927
-0.000710501    -0.109082         0.73 0.00138611 -0.0898444   0.733919
-0.000574191    -0.109078         0.73 0.00152315 -0.0898613   0.733911
-0.000438064    -0.109075         0.73 0.00166028 -0.0898782   0.733903
-0.000302123    -0.109071         0.73 0.00179748 -0.0898953   0.733896
-0.000166368    -0.109068         0.73 0.00193474 -0.0899124   0.733888
-3.08014e-05    -0.109064         0.73 0.00207209 -0.0899297    0.73388
0.000104575   -0.109061        0.73 0.00220949  -0.089947   0.733872
0.000239761   -0.109057        0.73 0.00234697 -0.0899644   0.733864
0.000374753   -0.109054        0.73  0.0024845 -0.0899818   0.733856
0.00050955  -0.109051       0.73 0.00262211 -0.0899994   0.733848
0.000644151   -0.109047        0.73 0.00275978 -0.0900171   0.733839
0.000778554   -0.109044        0.73 0.00289754 -0.0900348   0.733831
0.000912757    -0.10904        0.73 0.00303535 -0.0900527   0.733823
0.00104676  -0.109037       0.73 0.00317322 -0.0900706   0.733815
0.00118056  -0.109033       0.73 0.00331115 -0.0900886   0.733806
0.00131415   -0.10903       0.73 0.00344916 -0.0901067   0.733798
0.00144754  -0.109027       0.73 0.00358722 -0.0901248   0.733789
0.00158072  -0.109023       0.73 0.00372538 -0.0901431   0.733781
0.00171369   -0.10902       0.73 0.00386356 -0.0901614   0.733772
0.00184645  -0.109017       0.73 0.00400182 -0.0901799   0.733763
0.00197899  -0.109013       0.73 0.00414015 -0.0901984   0.733755
0.00211132   -0.10901       0.73 0.00427853  -0.090217   0.733746
0.00224344  -0.109006       0.73 0.00441699 -0.0902357   0.733737
0.00237534  -0.109003       0.73  0.0045555 -0.0902544   0.733728
0.00250701     -0.109       0.73 0.00469406 -0.0902733   0.733719
0.00263847  -0.108996       0.73 0.00483268 -0.0902922    0.73371
0.0027697 -0.108993      0.73 0.00497136 -0.0903112   0.733701
0.00290071   -0.10899       0.73 0.00511011 -0.0903303   0.733692
0.00303149  -0.108986       0.73 0.00524892 -0.0903495   0.733683
0.00316204  -0.108983       0.73 0.00538779 -0.0903688   0.733674
0.00329236   -0.10898       0.73 0.00552671 -0.0903881   0.733664
0.00342245  -0.108976       0.73 0.00566569 -0.0904075   0.733655
0.00355231  -0.108973       0.73 0.00580471 -0.0904271   0.733646
0.00368193   -0.10897       0.73 0.00594383 -0.0904466   0.733637
0.00381131  -0.108967       0.73 0.00608297 -0.0904663   0.733627
0.00394046  -0.108963       0.73 0.00622217 -0.0904861   0.733618
0.00406936   -0.10896       0.73 0.00636142 -0.0905059   0.733608
0.00419803  -0.108957       0.73 0.00650074 -0.0905258   0.733599
0.00432644  -0.108953       0.73 0.00664009 -0.0905458   0.733589
0.00445462   -0.10895       0.73 0.00677952 -0.0905659    0.73358
0.00458254  -0.108947       0.73 0.00691899 -0.0905861    0.73357
0.00471022  -0.108944       0.73 0.00705849 -0.0906063    0.73356
0.00483764   -0.10894       0.73 0.00719806 -0.0906267   0.733551
0.00496481  -0.108937       0.73 0.00733767 -0.0906471   0.733541
0.00509173  -0.108934       0.73 0.00747732 -0.0906676   0.733531
0.00521839  -0.108931       0.73 0.00761701 -0.0906881   0.733522
0.00534479  -0.108928       0.73 0.00775673 -0.0907088   0.733512
0.00547093  -0.108924       0.73  0.0078965 -0.0907295   0.733502
0.00559681  -0.108921       0.73  0.0080363 -0.0907503   0.733493
0.00572243  -0.108918       0.73 0.00817612 -0.0907712   0.733483
0.00584778  -0.108915       0.73   0.008316 -0.0907922   0.733473
0.00597286  -0.108912       0.73 0.00845591 -0.0908132   0.733464
0.00609767  -0.108908       0.73 0.00859584 -0.0908343   0.733454
0.00622221  -0.108905       0.73 0.00873581 -0.0908555   0.733444
0.00634648  -0.108902       0.73 0.00887581 -0.0908768   0.733435
0.00647048  -0.108899       0.73 0.00901583 -0.0908982   0.733425
0.00659419  -0.108896       0.73 0.00915591 -0.0909196   0.733415
0.00671763  -0.108893       0.73 0.00929599 -0.0909411   0.733406
0.00684079   -0.10889       0.73 0.00943612 -0.0909627   0.733396
0.00696367  -0.108886       0.73 0.00957627 -0.0909844   0.733387
0.00708626  -0.108883       0.73 0.00971645 -0.0910061   0.733377
0.00720857   -0.10888       0.73 0.00985665 -0.0910279   0.733368
0.00733059  -0.108877       0.73  0.0099969 -0.0910498   0.733358
0.00745232  -0.108874       0.73  0.0101372 -0.0910718   0.733349
0.00757376  -0.108871       0.73  0.0102775 -0.0910938   0.733339
0.0076949 -0.108868      0.73 0.0104178 -0.091116   0.73333
0.00781575  -0.108865       0.73  0.0105581 -0.0911382    0.73332
0.00793631  -0.108862       0.73  0.0106985 -0.0911604   0.733311
0.00805656  -0.108859       0.73  0.0108389 -0.0911828   0.733301
0.00817652  -0.108856       0.73  0.0109794 -0.0912052   0.733292
0.00829617  -0.108853       0.73  0.0111198 -0.0912277   0.733283
0.00841552  -0.108849       0.73  0.0112603 -0.0912503   0.733273
0.00853456  -0.108846       0.73  0.0114008 -0.0912729   0.733264
0.00865329  -0.108843       0.73  0.0115413 -0.0912956   0.733254
0.00877171   -0.10884       0.73  0.0116819 -0.0913184   0.733245
0.00888982  -0.108837       0.73  0.0118225 -0.0913413   0.733236
0.00900762  -0.108834       0.73  0.0119631 -0.0913642   0.733226
0.0091251 -0.108831      0.73  0.0121037 -0.0913872   0.733217
0.00924227  -0.108828       0.73  0.0122444 -0.0914103   0.733208
0.00935912  -0.108826       0.73   0.012385 -0.0914335   0.733198
0.00947564  -0.108823       0.73  0.0125257 -0.0914567   0.733189
0.00959185   -0.10882       0.73 0.0126665  -0.09148   0.73318
0.00970772  -0.108817       0.73  0.0128072 -0.0915034    0.73317
0.00982328  -0.108814       0.73   0.012948 -0.0915268   0.733161
0.0099385 -0.108811      0.73  0.0130887 -0.0915503   0.733152
0.0100534 -0.108808      0.73  0.0132296 -0.0915739   0.733142
 0.010168 -0.108805      0.73  0.0133704 -0.0915976   0.733133
0.0102822 -0.108802      0.73  0.0135112 -0.0916213   0.733124
0.0103961 -0.108799      0.73  0.0136521 -0.0916451   0.733114
0.0105096 -0.108796      0.73  0.013793 -0.091669  0.733105
0.0106229 -0.108793      0.73  0.0139339 -0.0916929   0.733095
0.0107357  -0.10879      0.73  0.0140748 -0.0917169   0.733086
0.0108483 -0.108788      0.73 0.0142158 -0.091741  0.733077
0.0109605 -0.108785      0.73  0.0143567 -0.0917651   0.733067
0.0110723 -0.108782      0.73  0.0144977 -0.0917893   0.733058
0.0111838 -0.108779      0.73  0.0146387 -0.0918136   0.733049
 0.011295 -0.108776      0.73 0.0147797 -0.091838  0.733039
0.0114058 -0.108773      0.73  0.0149208 -0.0918624    0.73303
0.0115162 -0.108771      0.73  0.0150618 -0.0918869    0.73302
0.0116263 -0.108768      0.73  0.0152029 -0.0919114   0.733011
0.0117361 -0.108765      0.73  0.0153439 -0.0919361   0.733001
0.0118454 -0.108762      0.73   0.015485 -0.0919608   0.732992
0.0119545  -0.10876      0.73  0.0156262 -0.0919855   0.732982
0.0120631 -0.108757      0.73  0.0157673 -0.0920104   0.732973
0.0121714 -0.108754      0.73  0.0159084 -0.0920353   0.732963
0.0122794 -0.108751      0.73  0.0160495 -0.0920603   0.732954
0.0123869 -0.108749      0.73  0.0161907 -0.0920853   0.732944
0.0124942 -0.108746      0.73  0.0163318 -0.0921104   0.732934
 0.012601 -0.108743      0.73   0.016473 -0.0921356   0.732925
0.0127075  -0.10874      0.73  0.0166141 -0.0921609   0.732915
0.0128136 -0.108738      0.73  0.0167553 -0.0921862   0.732905
0.0129193 -0.108735      0.73  0.0168964 -0.0922116   0.732896
0.0130247 -0.108732      0.73  0.0170376 -0.0922371   0.732886
0.0131297  -0.10873      0.73  0.0171788 -0.0922627   0.732876
0.0132343 -0.108727      0.73    0.01732 -0.0922883   0.732866
0.0133385 -0.108724      0.73  0.0174611 -0.0923139   0.732857
0.0134424 -0.108722      0.73  0.0176023 -0.0923397   0.732847
0.0135458 -0.108719      0.73  0.0177435 -0.0923655   0.732837
0.0136489 -0.108716      0.73  0.0178846 -0.0923914   0.732827
0.0137516 -0.108714      0.73  0.0180258 -0.0924174   0.732817
 0.013854 -0.108711      0.73   0.018167 -0.0924434   0.732807
0.0139559 -0.108709      0.73  0.0183081 -0.0924695   0.732797
0.0140575 -0.108706      0.73  0.0184493 -0.0924956   0.732787
0.0141586 -0.108703      0.73  0.0185904 -0.0925218   0.732777
0.0142594 -0.108701      0.73  0.0187315 -0.0925481   0.732767
0.0143598 -0.108698      0.73  0.0188726 -0.0925745   0.732757
0.0144598 -0.108696      0.73  0.0190137 -0.0926009   0.732747
0.0145595 -0.108693      0.73  0.0191548 -0.0926274   0.732737
0.0146587 -0.108691      0.73  0.0192959 -0.0926539   0.732727
0.0147575 -0.108688      0.73  0.0194369 -0.0926805   0.732717
 0.014856 -0.108686      0.73   0.019578 -0.0927072   0.732706
 0.014954 -0.108683      0.73   0.019719 -0.0927339   0.732696
0.0150517 -0.108681      0.73    0.01986 -0.0927607   0.732686
0.0151489 -0.108678      0.73  0.0200009 -0.0927876   0.732676
0.0152458 -0.108676      0.73  0.0201419 -0.0928145   0.732665
0.0153423 -0.108673      0.73  0.0202828 -0.0928415   0.732655
0.0154384 -0.108671      0.73  0.0204237 -0.0928685   0.732645
 0.015534 -0.108669      0.73  0.0205645 -0.0928956   0.732634
0.0156293 -0.108666      0.73  0.0207054 -0.0929228   0.732624
0.0157242 -0.108664      0.73 0.0208462  -0.09295  0.732613
0.0158187 -0.108661      0.73   0.020987 -0.0929773   0.732603
0.0159127 -0.108659      0.73  0.0211277 -0.0930046   0.732592
0.0160064 -0.108656      0.73 0.0212684 -0.093032  0.732582
0.0160997 -0.108654      0.73  0.0214091 -0.0930595   0.732571
0.0161926 -0.108652      0.73 0.0215498 -0.093087  0.732561
 0.016285 -0.108649      0.73  0.0216904 -0.0931146    0.73255
0.0163771 -0.108647      0.73  0.0218309 -0.0931422   0.732539
0.0164688 -0.108645      0.73  0.0219715 -0.0931699   0.732529
0.0165601 -0.108642      0.73   0.022112 -0.0931977   0.732518
0.0166509  -0.10864      0.73  0.0222524 -0.0932255   0.732507
0.0167414 -0.108638      0.73  0.0223928 -0.0932534   0.732496
0.0168315 -0.108636      0.73  0.0225332 -0.0932813   0.732485
0.0169211 -0.108633      0.73  0.0226735 -0.0933093   0.732475
0.0170104 -0.108631      0.73  0.0228138 -0.0933373   0.732464
0.0170992 -0.108629      0.73   0.022954 -0.0933654   0.732453
0.0171877 -0.108626      0.73  0.0230942 -0.0933935   0.732442
0.0172757 -0.108624      0.73  0.0232343 -0.0934218   0.732431
0.0173633 -0.108622      0.73 0.0233744  -0.09345   0.73242
0.0174506  -0.10862      0.73  0.0235144 -0.0934783   0.732409
0.0175374 -0.108618      0.73  0.0236544 -0.0935067   0.732398
0.0176239 -0.108615      0.73  0.0237943 -0.0935352   0.732386
0.0177099 -0.108613      0.73  0.0239342 -0.0935638   0.732375
0.0177955 -0.108611      0.73  0.0240739 -0.0935925   0.732364
0.0178807 -0.108609      0.73  0.0242137 -0.0936215   0.732353
0.0179656 -0.108607      0.73  0.0243534 -0.0936506   0.732342
  0.01805 -0.108605      0.73 0.024493 -0.09368  0.73233
 0.018134 -0.108602      0.73  0.0246325 -0.0937095   0.732319
0.0182176   -0.1086      0.73   0.024772 -0.0937394   0.732308
0.0183008 -0.108598      0.73  0.0249114 -0.0937695   0.732296
0.0183836 -0.108596      0.73  0.0250508 -0.0937998   0.732285
0.0184661 -0.108594      0.73    0.02519 -0.0938305   0.732274
0.0185481 -0.108592      0.73  0.0253292 -0.0938614   0.732262
0.0186297  -0.10859      0.73  0.0254684 -0.0938926   0.732251
0.0187109 -0.108588      0.73 0.0256074 -0.093924  0.732239
0.0187917 -0.108586      0.73  0.0257464 -0.0939558   0.732228
0.0188721 -0.108584      0.73  0.0258853 -0.0939878   0.732216
0.0189521 -0.108582      0.73  0.0260242 -0.0940201   0.732204
0.0190318  -0.10858      0.73  0.0261629 -0.0940527   0.732193
 0.019111 -0.108578      0.73  0.0263016 -0.0940855   0.732181
0.0191898 -0.108576      0.73  0.0264402 -0.0941186   0.732169
0.0192683 -0.108574      0.73  0.0265787 -0.0941519   0.732158
0.0193463 -0.108572      0.73  0.0267171 -0.0941855   0.732146
0.0194239  -0.10857      0.73  0.0268554 -0.0942194   0.732134
0.0195012 -0.108568      0.73  0.0269937 -0.0942535   0.732122
0.0195781 -0.108566      0.73  0.0271318 -0.0942878    0.73211
0.0196545 -0.108564      0.73  0.0272699 -0.0943223   0.732099
0.0197306 -0.108562      0.73  0.0274079 -0.0943571   0.732087
0.0198063  -0.10856      0.73 0.0275458 -0.094392  0.732075
0.0198816 -0.108558      0.73  0.0276835 -0.0944272   0.732063
0.0199565 -0.108556      0.73  0.0278212 -0.0944626   0.732051
 0.020031 -0.108554      0.73  0.0279588 -0.0944981   0.732039
0.0201051 -0.108552      0.73  0.0280963 -0.0945339   0.732027
0.0201788  -0.10855      0.73  0.0282337 -0.0945698   0.732015
0.0202522 -0.108549      0.73   0.028371 -0.0946059   0.732002
0.0203251 -0.108547      0.73  0.0285082 -0.0946421    0.73199
0.0203977 -0.108545      0.73  0.0286453 -0.0946786   0.731978
0.0204699 -0.108543      0.73  0.0287823 -0.0947151   0.731966
0.0205417 -0.108541      0.73  0.0289192 -0.0947518   0.731953
0.0206131 -0.108539      0.73   0.029056 -0.0947887   0.731941
0.0206842 -0.108538      0.73  0.0291926 -0.0948257   0.731929
0.0207548 -0.108536      0.73  0.0293292 -0.0948628   0.731916
0.0208251 -0.108534      0.73  0.0294656 -0.0949001   0.731904
 0.020895 -0.108532      0.73   0.029602 -0.0949375   0.731892
0.0209645  -0.10853      0.73 0.0297382 -0.094975  0.731879
0.0210337 -0.108529      0.73  0.0298743 -0.0950125   0.731867
0.0211024 -0.108527      0.73  0.0300103 -0.0950502   0.731854
0.0211708 -0.108525      0.73 0.0301462 -0.095088  0.731841
0.0212388 -0.108523      0.73  0.0302819 -0.0951259   0.731829
0.0213064 -0.108522      0.73  0.0304176 -0.0951639   0.731816
0.0213737  -0.10852      0.73  0.0305531 -0.0952019   0.731804
0.0214406 -0.108518      0.73  0.0306885 -0.0952401   0.731791
0.0215071 -0.108517      0.73  0.0308237 -0.0952783   0.731778
0.0215732 -0.108515      0.73  0.0309589 -0.0953165   0.731765
 0.021639 -0.108513      0.73  0.0310939 -0.0953549   0.731752
0.0217043 -0.108512      0.73  0.0312288 -0.0953933    0.73174
0.0217694  -0.10851      0.73  0.0313636 -0.0954318   0.731727
 0.021834 -0.108508      0.73  0.0314983 -0.0954704   0.731714
0.0218983 -0.108507      0.73 0.0316328 -0.095509  0.731701
0.0219622 -0.108505      0.73  0.0317672 -0.0955477   0.731688
0.0220257 -0.108503      0.73  0.0319014 -0.0955864   0.731675
0.0220889 -0.108502      0.73  0.0320356 -0.0956252   0.731662
0.0221517   -0.1085      0.73  0.0321696 -0.0956641   0.731648
0.0222142 -0.108499      0.73  0.0323034 -0.0957031   0.731635
0.0222762 -0.108497      0.73  0.0324372 -0.0957421   0.731622
 0.022338 -0.108496      0.73  0.0325708 -0.0957812   0.731609
0.0223993 -0.108494      0.73  0.0327042 -0.0958203   0.731596
0.0224603 -0.108492      0.73  0.0328376 -0.0958595   0.731582
0.0225209 -0.108491      0.73  0.0329707 -0.0958988   0.731569
0.0225812 -0.108489      0.73  0.0331038 -0.0959381   0.731556
0.0226411 -0.108488      0.73  0.0332367 -0.0959775   0.731542
0.0227006 -0.108486      0.73 0.0333695 -0.096017  0.731529
0.0227598 -0.108485      0.73  0.0335021 -0.0960565   0.731515
0.0228186 -0.108483      0.73  0.0336346 -0.0960961   0.731502
0.0228771 -0.108482      0.73   0.033767 -0.0961358   0.731488
0.0229352  -0.10848      0.73  0.0338992 -0.0961756   0.731475
 0.022993 -0.108479      0.73  0.0340312 -0.0962154   0.731461
0.0230504 -0.108477      0.73  0.0341631 -0.0962553   0.731447
0.0231074 -0.108476      0.73  0.0342949 -0.0962952   0.731434
0.0231641 -0.108475      0.73  0.0344265 -0.0963353    0.73142
0.0232204 -0.108473      0.73   0.034558 -0.0963754   0.731406
0.0232764 -0.108472      0.73  0.0346893 -0.0964156   0.731392
0.0233321  -0.10847      0.73  0.0348205 -0.0964558   0.731379
0.0233873 -0.108469      0.73  0.0349515 -0.0964961   0.731365
0.0234423 -0.108467      0.73  0.0350824 -0.0965366   0.731351
0.0234968 -0.108466      0.73 0.0352131 -0.096577  0.731337
0.0235511 -0.108465      0.73  0.0353436 -0.0966176   0.731323
0.0236049 -0.108463      0.73  0.0354741 -0.0966582   0.731309
0.0236585 -0.108462      0.73 0.0356043 -0.096699  0.731295
0.0237116 -0.108461      0.73  0.0357344 -0.0967398   0.731281
0.0237645 -0.108459      0.73  0.0358643 -0.0967807   0.731267
0.0238169 -0.108458      0.73  0.0359941 -0.0968216   0.731253
0.0238691 -0.108457      0.73  0.0361237 -0.0968627   0.731239
0.0239209 -0.108455      0.73  0.0362532 -0.0969038   0.731225
0.0239723 -0.108454      0.73 0.0363825 -0.096945   0.73121
0.0240234 -0.108453      0.73  0.0365117 -0.0969863   0.731196
0.0240742 -0.108451      0.73  0.0366406 -0.0970277   0.731182
0.0241246  -0.10845      0.73  0.0367695 -0.0970692   0.731168
0.0241746 -0.108449      0.73  0.0368981 -0.0971108   0.731154
0.0242243 -0.108448      0.73  0.0370266 -0.0971524   0.731139
0.0242737 -0.108446      0.73  0.0371549 -0.0971941   0.731125
0.0243228 -0.108445      0.73  0.0372831 -0.0972359   0.731111
0.0243715 -0.108444      0.73  0.0374111 -0.0972779   0.731096
0.0244198 -0.108443      0.73  0.0375389 -0.0973199   0.731082
0.0244678 -0.108441      0.73  0.0376666 -0.0973619   0.731067
0.0245155  -0.10844      0.73  0.0377941 -0.0974041   0.731053
0.0245629 -0.108439      0.73  0.0379214 -0.0974464   0.731039
0.0246099 -0.108438      0.73  0.0380486 -0.0974887   0.731024
0.0246565 -0.108437      0.73  0.0381756 -0.0975312    0.73101
0.0247029 -0.108435      0.73  0.0383024 -0.0975737   0.730995
0.0247488 -0.108434      0.73  0.0384291 -0.0976163   0.730981
0.0247945 -0.108433      0.73 0.0385555 -0.097659  0.730966
0.0248398 -0.108432      0.73  0.0386819 -0.0977018   0.730951
0.0248848 -0.108431      0.73   0.038808 -0.0977447   0.730937
0.0249294  -0.10843      0.73  0.0389339 -0.0977877   0.730922
0.0249738 -0.108428      0.73  0.0390598 -0.0978308   0.730907
0.0250177 -0.108427      0.73  0.0391854 -0.0978739   0.730893
0.0250614 -0.108426      0.73  0.0393108 -0.0979172   0.730878
0.0251047 -0.108425      0.73  0.0394361 -0.0979606   0.730863
0.0251477 -0.108424      0.73 0.0395612 -0.098004  0.730849
0.0251903 -0.108423      0.73  0.0396861 -0.0980476   0.730834
0.0252327 -0.108422      0.73  0.0398109 -0.0980912   0.730819
0.0252746 -0.108421      0.73  0.0399355 -0.0981349   0.730805
0.0253163  -0.10842      0.73  0.0400599 -0.0981788    0.73079
0.0253576 -0.108419      0.73  0.0401841 -0.0982227   0.730775
0.0253986 -0.108418      0.73  0.0403082 -0.0982667    0.73076
0.0254393 -0.108417      0.73  0.0404321 -0.0983108   0.730746
0.0254797 -0.108416      0.73 0.0405558 -0.098355  0.730731
0.0255197 -0.108415      0.73  0.0406793 -0.0983993   0.730716
0.0255594 -0.108414      0.73  0.0408027 -0.0984437   0.730702
0.0255988 -0.108413      0.73  0.0409259 -0.0984882   0.730687
0.0256378 -0.108412      0.73  0.0410489 -0.0985328   0.730672
0.0256765 -0.108411      0.73  0.0411717 -0.0985775   0.730657
0.0257149  -0.10841      0.73  0.0412944 -0.0986222   0.730643
 0.025753 -0.108409      0.73  0.0414169 -0.0986671   0.730628
0.0257908 -0.108408      0.73 0.0415393 -0.098712  0.730613
0.0258282 -0.108407      0.73 0.0416614 -0.098757  0.730599
0.0258653 -0.108406      0.73  0.0417834 -0.0988021   0.730584
0.0259021 -0.108405      0.73  0.0419052 -0.0988473    0.73057
0.0259386 -0.108404      0.73  0.0420268 -0.0988926   0.730555
0.0259747 -0.108403      0.73  0.0421483 -0.0989379    0.73054
0.0260105 -0.108402      0.73  0.0422696 -0.0989833   0.730526
 0.026046 -0.108401      0.73  0.0423907 -0.0990288   0.730511
0.0260812   -0.1084      0.73  0.0425117 -0.0990744   0.730497
0.0261161 -0.108399      0.73  0.0426325 -0.0991201   0.730482
0.0261507 -0.108399      0.73  0.0427531 -0.0991658   0.730468
0.0261849 -0.108398      0.73  0.0428735 -0.0992116   0.730453
0.0262189 -0.108397      0.73  0.0429938 -0.0992575   0.730439
0.0262525 -0.108396      0.73  0.0431139 -0.0993035   0.730425
0.0262858 -0.108395      0.73  0.0432338 -0.0993496    0.73041
0.0263188 -0.108394      0.73  0.0433536 -0.0993958   0.730396
0.0263515 -0.108393      0.73  0.0434732 -0.0994422   0.730382
0.0263838 -0.108393      0.73  0.0435926 -0.0994886   0.730368
0.0264159 -0.108392      0.73  0.0437118 -0.0995351   0.730353
0.0264476 -0.108391      0.73  0.0438309 -0.0995818   0.730339
0.0264791  -0.10839      0.73  0.0439498 -0.0996286   0.730325
0.0265102 -0.108389      0.73  0.0440686 -0.0996754   0.730311
 0.026541 -0.108389      0.73  0.0441872 -0.0997224   0.730297
0.0265715 -0.108388      0.73  0.0443056 -0.0997695   0.730283
0.0266018 -0.108387      0.73  0.0444238 -0.0998167   0.730269
0.0266317 -0.108386      0.73 0.0445419 -0.099864  0.730255
0.0266613 -0.108386      0.73  0.0446598 -0.0999113   0.730241
0.0266906 -0.108385      0.73  0.0447776 -0.0999588   0.730227
0.0267196 -0.108384      0.73 0.0448951 -0.100006  0.730213
0.0267483 -0.108383      0.73 0.0450126 -0.100054    0.7302
0.0267767 -0.108383      0.73 0.0451298 -0.100102  0.730186
0.0268047 -0.108382      0.73 0.0452469  -0.10015  0.730172
0.0268325 -0.108381      0.73 0.0453638 -0.100197  0.730159
  0.02686 -0.108381      0.73 0.0454806 -0.100245  0.730145
0.0268872  -0.10838      0.73 0.0455972 -0.100293  0.730132
0.0269141 -0.108379      0.73 0.0457136 -0.100342  0.730118
0.0269407 -0.108378      0.73 0.0458299  -0.10039  0.730105
0.0269671 -0.108378      0.73  0.045946 -0.100438  0.730091
0.0269931 -0.108377      0.73 0.0460619 -0.100486  0.730078
0.0270188 -0.108376      0.73 0.0461777 -0.100535  0.730065
0.0270442 -0.108376      0.73 0.0462933 -0.100583  0.730052
0.0270694 -0.108375      0.73 0.0464087 -0.100632  0.730039
0.0270942 -0.108375      0.73 0.046524 -0.10068 0.730026
0.0271188 -0.108374      0.73 0.0466391 -0.100729  0.730013
0.0271431 -0.108373      0.73 0.0467541 -0.100778      0.73
0.0271671 -0.108373      0.73 0.0468688 -0.100826  0.729987
0.0271908 -0.108372      0.73 0.0469834 -0.100875  0.729974
0.0272142 -0.108372      0.73 0.0470979 -0.100924  0.729961
0.0272373 -0.108371      0.73 0.0472122 -0.100973  0.729948
0.0272602  -0.10837      0.73 0.0473263 -0.101022  0.729936
0.0272828  -0.10837      0.73 0.0474402 -0.101071  0.729923
 0.027305 -0.108369      0.73 0.047554 -0.10112  0.72991
0.0273271 -0.108369      0.73 0.0476677 -0.101169  0.729898
0.0273488 -0.108368      0.73 0.0477811 -0.101219  0.729885
0.0273702 -0.108368      0.73 0.0478944 -0.101268  0.729873
0.0273914 -0.108367      0.73 0.0480075 -0.101317   0.72986
0.0274123 -0.108366      0.73 0.0481204 -0.101367  0.729848
 0.027433 -0.108366      0.73 0.0482332 -0.101416  0.729836
0.0274533 -0.108365      0.73 0.0483458 -0.101465  0.729823
0.0274734 -0.108365      0.73 0.0484583 -0.101515  0.729811
0.0274932 -0.108364      0.73 0.0485705 -0.101565  0.729799
0.0275128 -0.108364      0.73 0.0486826 -0.101614  0.729787
0.0275321 -0.108363      0.73 0.0487946 -0.101664  0.729775
0.0275511 -0.108363      0.73 0.0489063 -0.101714  0.729763
0.0275698 -0.108362      0.73 0.0490179 -0.101763  0.729751
0.0275883 -0.108362      0.73 0.0491293 -0.101813  0.729739
0.0276065 -0.108362      0.73 0.0492406 -0.101863  0.729727
0.0276245 -0.108361      0.73 0.0493517 -0.101913  0.729715
0.0276422 -0.108361      0.73 0.0494626 -0.101963  0.729703
0.0276597  -0.10836      0.73 0.0495733 -0.102013  0.729691
0.0276769  -0.10836      0.73 0.0496839 -0.102063   0.72968
0.0276938 -0.108359      0.73 0.0497943 -0.102113  0.729668
0.0277105 -0.108359      0.73 0.0499045 -0.102163  0.729656
0.0277269 -0.108358      0.73 0.0500146 -0.102214  0.729645
0.0277431 -0.108358      0.73 0.0501245 -0.102264  0.729633
 0.027759 -0.108358      0.73 0.0502342 -0.102314  0.729621
0.0277747 -0.108357      0.73 0.0503437 -0.102365   0.72961
0.0277901 -0.108357      0.73 0.0504531 -0.102415  0.729598
0.0278053 -0.108357      0.73 0.0505623 -0.102466  0.729587
0.0278202 -0.108356      0.73 0.0506713 -0.102516  0.729576
0.0278349 -0.108356      0.73 0.0507801 -0.102567  0.729564
0.0278494 -0.108355      0.73 0.0508888 -0.102617  0.729553
0.0278636 -0.108355      0.73 0.0509973 -0.102668  0.729541
0.0278775 -0.108355      0.73 0.0511056 -0.102719   0.72953
0.0278913 -0.108354      0.73 0.0512138  -0.10277  0.729519
0.0279048 -0.108354      0.73 0.0513218 -0.102821  0.729507
 0.027918 -0.108354      0.73 0.0514296 -0.102871  0.729496
0.0279311 -0.108353      0.73 0.0515372 -0.102922  0.729485
0.0279439 -0.108353      0.73 0.0516447 -0.102973  0.729474
0.0279565 -0.108353      0.73  0.051752 -0.103025  0.729463
0.0279688 -0.108352      0.73 0.0518591 -0.103076  0.729452
0.0279809 -0.108352      0.73 0.0519661 -0.103127   0.72944
0.0279928 -0.108352      0.73 0.0520728 -0.103178  0.729429
0.0280045 -0.108351      0.73 0.0521794 -0.103229  0.729418
 0.028016 -0.108351      0.73 0.0522858 -0.103281  0.729407
0.0280272 -0.108351      0.73 0.0523921 -0.103332  0.729396
0.0280382 -0.108351      0.73 0.0524982 -0.103384  0.729385
0.028049 -0.10835     0.73 0.0526041 -0.103435  0.729374
0.0280596  -0.10835      0.73 0.0527098 -0.103487  0.729363
 0.02807 -0.10835     0.73 0.0528154 -0.103539  0.729352
0.0280802  -0.10835      0.73 0.0529207  -0.10359  0.729341
0.0280902 -0.108349      0.73 0.0530259 -0.103642  0.729331
0.0280999 -0.108349      0.73  0.053131 -0.103694   0.72932
0.0281095 -0.108349      0.73 0.0532359 -0.103746  0.729309
0.0281188 -0.108349      0.73 0.0533405 -0.103798  0.729298
 0.028128 -0.108348      0.73 0.053445 -0.10385 0.729287
0.0281369 -0.108348      0.73 0.0535494 -0.103902  0.729276
0.0281457 -0.108348      0.73 0.0536535 -0.103954  0.729266
0.0281542 -0.108348      0.73 0.0537575 -0.104007  0.729255
0.0281626 -0.108347      0.73 0.0538613 -0.104059  0.729244
0.0281707 -0.108347      0.73  0.053965 -0.104111  0.729233
0.0281787 -0.108347      0.73 0.0540684 -0.104164  0.729222
0.0281865 -0.108347      0.73 0.0541717 -0.104216  0.729212
0.0281941 -0.108347      0.73 0.0542748 -0.104269  0.729201
0.0282016 -0.108346      0.73 0.0543778 -0.104322   0.72919
0.0282088 -0.108346      0.73 0.0544805 -0.104374   0.72918
0.0282159 -0.108346      0.73 0.0545831 -0.104427  0.729169
0.0282228 -0.108346      0.73 0.0546855  -0.10448  0.729158
0.0282295 -0.108346      0.73 0.0547877 -0.104533  0.729148
 0.028236 -0.108346      0.73 0.0548897 -0.104586  0.729137
0.0282424 -0.108345      0.73 0.0549914 -0.104639  0.729126
0.0282486 -0.108345      0.73 0.0550929 -0.104692  0.729116
0.0282546 -0.108345      0.73 0.0551942 -0.104745  0.729105
0.0282605 -0.108345      0.73 0.0552952 -0.104799  0.729095
0.0282662 -0.108345      0.73  0.055396 -0.104852  0.729085
0.0282717 -0.108345      0.73 0.0554965 -0.104906  0.729074
0.0282771 -0.108345      0.73 0.0555968 -0.104959  0.729064
0.0282823 -0.108344      0.73 0.0556968 -0.105013  0.729054
0.0282874 -0.108344      0.73 0.0557966 -0.105066  0.729044
0.0282923 -0.108344      0.73 0.0558961  -0.10512  0.729033
0.0282971 -0.108344      0.73 0.0559954 -0.105174  0.729023
0.0283017 -0.108344      0.73 0.0560945 -0.105227  0.729013
0.0283062 -0.108344      0.73 0.0561934 -0.105281  0.729003
0.0283106 -0.108344      0.73  0.056292 -0.105335  0.728993
0.0283148 -0.108344      0.73 0.0563905 -0.105389  0.728983
0.0283188 -0.108343      0.73 0.0564887 -0.105443  0.728973
0.0283228 -0.108343      0.73 0.0565867 -0.105497  0.728963
0.0283266 -0.108343      0.73 0.0566845 -0.105551  0.728952
0.0283302 -0.108343      0.73 0.0567822 -0.105606  0.728942
0.0283338 -0.108343      0.73 0.0568796  -0.10566  0.728932
0.0283372 -0.108343      0.73 0.0569768 -0.105714  0.728922
0.0283405 -0.108343      0.73 0.0570739 -0.105769  0.728912
0.0283436 -0.108343      0.73 0.0571708 -0.105823  0.728902
0.0283467 -0.108343      0.73 0.0572675 -0.105878  0.728892
0.0283496 -0.108343      0.73  0.057364 -0.105932  0.728881
0.0283524 -0.108343      0.73 0.0574603 -0.105987  0.728871
0.0283551 -0.108343      0.73 0.0575565 -0.106042  0.728861
0.0283577 -0.108342      0.73 0.0576525 -0.106096  0.728851
0.0283602 -0.108342      0.73 0.0577483 -0.106151   0.72884
0.0283626 -0.108342      0.73 0.0578439 -0.106206   0.72883
0.0283649 -0.108342      0.73 0.0579394 -0.106261   0.72882
0.0283671 -0.108342      0.73 0.0580348 -0.106316  0.728809
0.0283692 -0.108342      0.73 0.0581299 -0.106371  0.728799
0.0283712 -0.108342      0.73 0.0582249 -0.106426  0.728789
0.0283731 -0.108342      0.73 0.0583198 -0.106481  0.728778
0.0283749 -0.108342      0.73 0.0584144 -0.106537  0.728768
0.0283766 -0.108342      0.73 0.0585089 -0.106592  0.728757
0.0283783 -0.108342      0.73 0.0586033 -0.106647  0.728747
0.0283799 -0.108342      0.73 0.0586975 -0.106703  0.728736
0.0283814 -0.108342      0.73 0.0587916 -0.106758  0.728725
0.0283828 -0.108342      0.73 0.0588854 -0.106814  0.728715
0.0283842 -0.108342      0.73 0.0589792 -0.106869  0.728704
0.0283854 -0.108342      0.73 0.0590727 -0.106925  0.728693
0.0283867 -0.108342      0.73 0.0591662 -0.106981  0.728682
0.0283878 -0.108342      0.73 0.0592594 -0.107037  0.728672
0.0283889 -0.108342      0.73 0.0593525 -0.107093  0.728661
  0.02839 -0.108342      0.73 0.0594455 -0.107149   0.72865
0.0283909 -0.108342      0.73 0.0595383 -0.107205  0.728639
0.0283919 -0.108342      0.73  0.059631 -0.107261  0.728628
0.0283928 -0.108342      0.73 0.0597236 -0.107317  0.728617
0.0283936 -0.108342      0.73  0.059816 -0.107374  0.728606
0.0283944 -0.108342      0.73 0.0599083  -0.10743  0.728595
0.0283951 -0.108342      0.73 0.0600005 -0.107487  0.728584
0.0283959 -0.108341      0.73 0.0600925 -0.107544  0.728573
0.0283965 -0.108341      0.73 0.0601844   -0.1076  0.728561
0.0283972 -0.108341      0.73 0.0602762 -0.107657   0.72855
0.0283978 -0.108341      0.73 0.0603679 -0.107714  0.728539
0.0283984 -0.108341      0.73 0.0604594 -0.107771  0.728528
 0.028399 -0.108341      0.73 0.0605508 -0.107828  0.728516
0.0283996 -0.108341      0.73 0.0606421 -0.107885  0.728505
0.0284001 -0.108341      0.73 0.0607332 -0.107942  0.728493
0.0284006 -0.108341      0.73 0.0608242    -0.108  0.728482
0.0284012 -0.108341      0.73 0.0609151 -0.108057   0.72847
-0.0286484   0.116138       0.73 -0.0286484   0.116138   0.714234
-0.0286484   0.116138       0.73 -0.0286674   0.116084   0.714359
-0.0286484   0.116138       0.73 -0.0286856   0.116029   0.714484
-0.0286484   0.116138       0.73 -0.0287028   0.115975    0.71461
-0.0286484   0.116138       0.73 -0.0287192    0.11592   0.714735
-0.0286484   0.116138       0.73 -0.0287347   0.115865    0.71486
-0.0286484   0.116138       0.73 -0.0287493    0.11581   0.714986
-0.0286483   0.116138       0.73 -0.0287631   0.115755   0.715112
-0.0286482   0.116138       0.73 -0.028776    0.1157  0.715238
-0.0286482   0.116138       0.73 -0.028788  0.115644  0.715364
-0.028648  0.116138      0.73 -0.0287991   0.115588   0.715491
-0.0286479   0.116138       0.73 -0.0288093   0.115532   0.715618
-0.0286478   0.116138       0.73 -0.0288187   0.115476   0.715744
-0.0286476   0.116138       0.73 -0.0288272   0.115419   0.715871
-0.0286473   0.116138       0.73 -0.0288347   0.115362   0.715999
-0.0286471   0.116138       0.73 -0.0288414   0.115305   0.716126
-0.0286468   0.116138       0.73 -0.0288472   0.115248   0.716254
-0.0286464   0.116138       0.73 -0.028852  0.115191  0.716382
-0.0286461   0.116138       0.73 -0.028856  0.115134   0.71651
-0.0286456   0.116138       0.73 -0.028859  0.115076  0.716638
-0.0286452   0.116138       0.73 -0.0288611   0.115018   0.716766
-0.0286447   0.116138       0.73 -0.0288623    0.11496   0.716895
-0.0286441   0.116137       0.73 -0.0288625   0.114902   0.717024
-0.0286435   0.116137       0.73 -0.0288618   0.114843   0.717153
-0.0286428   0.116137       0.73 -0.0288602   0.114785   0.717282
-0.028642  0.116137      0.73 -0.0288576   0.114726   0.717412
-0.0286412   0.116137       0.73 -0.0288541   0.114667   0.717542
-0.0286404   0.116137       0.73 -0.0288496   0.114608   0.717672
-0.0286394   0.116137       0.73 -0.0288442   0.114549   0.717802
-0.0286384   0.116137       0.73 -0.0288377   0.114489   0.717932
-0.0286374   0.116137       0.73 -0.0288303    0.11443   0.718063
-0.0286362   0.116137       0.73 -0.0288219    0.11437   0.718194
-0.028635  0.116137      0.73 -0.0288124    0.11431   0.718325
-0.0286337   0.116137       0.73 -0.028802   0.11425  0.718457
-0.0286323   0.116137       0.73 -0.0287905    0.11419   0.718588
-0.0286309   0.116136       0.73 -0.0287781    0.11413    0.71872
-0.0286293   0.116136       0.73 -0.0287646   0.114069   0.718852
-0.0286277   0.116136       0.73 -0.0287501   0.114009   0.718984
-0.028626  0.116136      0.73 -0.0287345   0.113948   0.719117
-0.0286242   0.116136       0.73 -0.0287179   0.113887   0.719249
-0.0286223   0.116136       0.73 -0.0287002   0.113827   0.719382
-0.0286203   0.116136       0.73 -0.0286815   0.113766   0.719515
-0.0286182   0.116136       0.73 -0.0286617   0.113705   0.719648
-0.028616  0.116135      0.73 -0.0286408   0.113644   0.719781
-0.0286137   0.116135       0.73 -0.0286189   0.113582   0.719915
-0.0286113   0.116135       0.73 -0.0285959   0.113521   0.720048
-0.0286088   0.116135       0.73 -0.0285718    0.11346   0.720182
-0.0286062   0.116135       0.73 -0.0285466   0.113398   0.720316
-0.0286035   0.116134       0.73 -0.0285203   0.113336    0.72045
-0.0286007   0.116134       0.73 -0.0284929   0.113274   0.720584
-0.0285977   0.116134       0.73 -0.0284645   0.113212   0.720718
-0.0285947   0.116134       0.73 -0.028435   0.11315  0.720852
-0.0285915   0.116134       0.73 -0.0284044   0.113088   0.720986
-0.0285882   0.116133       0.73 -0.0283727   0.113026    0.72112
-0.0285848   0.116133       0.73 -0.0283399   0.112963   0.721255
-0.0285812   0.116133       0.73 -0.0283062     0.1129   0.721389
-0.0285776   0.116132       0.73 -0.0282713   0.112837   0.721524
-0.0285738   0.116132       0.73 -0.0282355   0.112774   0.721658
-0.0285698   0.116132       0.73 -0.0281986    0.11271   0.721792
-0.0285658   0.116132       0.73 -0.0281607   0.112647   0.721927
-0.0285616   0.116131       0.73 -0.0281219   0.112583   0.722061
-0.0285572   0.116131       0.73 -0.0280821   0.112519   0.722196
-0.0285528   0.116131       0.73 -0.0280413   0.112455    0.72233
-0.0285482    0.11613       0.73 -0.0279996    0.11239   0.722464
-0.0285434    0.11613       0.73 -0.027957  0.112326  0.722599
-0.0285385    0.11613       0.73 -0.0279136   0.112261   0.722733
-0.0285335   0.116129       0.73 -0.0278693   0.112196   0.722867
-0.0285283   0.116129       0.73 -0.0278242    0.11213   0.723002
-0.0285229   0.116128       0.73 -0.0277783   0.112065   0.723136
-0.0285174   0.116128       0.73 -0.0277317   0.111999    0.72327
-0.0285118   0.116128       0.73 -0.0276844   0.111933   0.723404
-0.028506  0.116127      0.73 -0.0276364   0.111866   0.723538
 -0.0285 0.116127     0.73 -0.0275878     0.1118   0.723672
-0.0284939   0.116126       0.73 -0.0275386   0.111733   0.723806
-0.0284877   0.116126       0.73 -0.0274888   0.111666    0.72394
-0.0284812   0.116125       0.73 -0.0274385   0.111598   0.724075
-0.0284746   0.116125       0.73 -0.0273877    0.11153   0.724209
-0.0284679   0.116124       0.73 -0.0273366   0.111462   0.724343
-0.0284609   0.116124       0.73 -0.027285  0.111394  0.724477
-0.0284538   0.116123       0.73 -0.0272331   0.111326   0.724611
-0.0284466   0.116123       0.73 -0.0271822   0.111258   0.724741
-0.0284391   0.116122       0.73 -0.027133   0.11119  0.724866
-0.0284315   0.116122       0.73 -0.0270854   0.111123   0.724987
-0.0284237   0.116121       0.73 -0.0270395   0.111055   0.725104
-0.0284157    0.11612       0.73 -0.0269955   0.110989   0.725216
-0.0284076    0.11612       0.73 -0.0269533   0.110922   0.725325
-0.0283992   0.116119       0.73 -0.026913  0.110855   0.72543
-0.0283907   0.116118       0.73 -0.0268746   0.110789   0.725532
-0.028382  0.116118      0.73 -0.0268378   0.110723    0.72563
-0.0283731   0.116117       0.73 -0.0268029   0.110657   0.725725
-0.028364  0.116116      0.73 -0.0267697   0.110592   0.725817
-0.0283548   0.116116       0.73 -0.0267381   0.110526   0.725906
-0.0283453   0.116115       0.73 -0.0267081   0.110461   0.725993
-0.0283357   0.116114       0.73 -0.0266796   0.110396   0.726076
-0.0283258   0.116114       0.73 -0.0266526   0.110331   0.726157
-0.0283158   0.116113       0.73 -0.0266269   0.110266   0.726235
-0.0283056   0.116112       0.73 -0.0266025   0.110202   0.726311
-0.0282951   0.116111       0.73 -0.0265793   0.110138   0.726384
-0.0282845    0.11611       0.73 -0.0265572   0.110073   0.726455
-0.0282736    0.11611       0.73 -0.0265362   0.110009   0.726524
-0.0282626   0.116109       0.73 -0.0265161   0.109946   0.726591
-0.0282514   0.116108       0.73 -0.0264968   0.109882   0.726655
-0.0282399   0.116107       0.73 -0.0264784   0.109819   0.726718
-0.0282282   0.116106       0.73 -0.0264606   0.109756   0.726778
-0.0282164   0.116105       0.73 -0.0264434   0.109693   0.726837
-0.0282043   0.116104       0.73 -0.0264267    0.10963   0.726894
-0.028192  0.116104      0.73 -0.0264105   0.109568   0.726948
-0.0281795   0.116103       0.73 -0.0263946   0.109506   0.727002
-0.0281668   0.116102       0.73 -0.026379  0.109444  0.727053
-0.0281538   0.116101       0.73 -0.0263636   0.109382   0.727103
-0.0281407     0.1161       0.73 -0.0263484   0.109321   0.727151
-0.0281273   0.116099       0.73 -0.0263332   0.109259   0.727197
-0.0281137   0.116098       0.73 -0.026318  0.109198  0.727242
-0.0280998   0.116097       0.73 -0.0263028   0.109137   0.727285
-0.0280858   0.116096       0.73 -0.0262874   0.109075   0.727327
-0.0280715   0.116094       0.73 -0.0262718   0.109014   0.727368
-0.028057  0.116093      0.73 -0.0262561   0.108953   0.727407
-0.0280423   0.116092       0.73 -0.02624 0.108892 0.727444
-0.0280273   0.116091       0.73 -0.0262236   0.108831    0.72748
-0.0280122    0.11609       0.73 -0.026207   0.10877  0.727515
-0.0279967   0.116089       0.73 -0.0261899   0.108709   0.727549
-0.0279811   0.116088       0.73 -0.0261705   0.108649   0.727581
-0.0279652   0.116087       0.73 -0.0261487   0.108589    0.72761
-0.0279491   0.116085       0.73 -0.0261246   0.108529   0.727638
-0.0279327   0.116084       0.73 -0.0260982    0.10847   0.727665
-0.0279161   0.116083       0.73 -0.0260697   0.108412   0.727689
-0.0278993   0.116082       0.73 -0.026039  0.108353  0.727712
-0.0278822    0.11608       0.73 -0.0260062   0.108296   0.727733
-0.0278649   0.116079       0.73 -0.0259714   0.108238   0.727753
-0.0278473   0.116078       0.73 -0.0259345    0.10818   0.727771
-0.0278295   0.116076       0.73 -0.0258957   0.108122   0.727788
-0.0278114   0.116075       0.73 -0.0258549   0.108064   0.727803
-0.0277931   0.116074       0.73 -0.0258124   0.108006   0.727817
-0.0277746   0.116072       0.73 -0.0257681   0.107948    0.72783
-0.0277558   0.116071       0.73 -0.0257221   0.107889   0.727842
-0.0277367   0.116069       0.73 -0.0256745   0.107831   0.727852
-0.0277174   0.116068       0.73 -0.0256253   0.107773   0.727862
-0.0276978   0.116066       0.73 -0.0255746   0.107714   0.727871
-0.027678  0.116065      0.73 -0.0255224   0.107656   0.727879
-0.027658  0.116063      0.73 -0.0254689   0.107597   0.727886
-0.0276376   0.116062       0.73 -0.0254139   0.107539   0.727893
-0.0276171    0.11606       0.73 -0.0253576    0.10748   0.727899
-0.0275962   0.116059       0.73 -0.0253001   0.107421   0.727904
-0.0275751   0.116057       0.73 -0.0252413   0.107363   0.727909
-0.0275538   0.116056       0.73 -0.0251814   0.107304   0.727913
-0.0275322   0.116054       0.73 -0.0251203   0.107245   0.727917
-0.0275103   0.116052       0.73 -0.025058  0.107186   0.72792
-0.0274881   0.116051       0.73 -0.0249948   0.107127   0.727923
-0.0274657   0.116049       0.73 -0.0249304   0.107069   0.727926
-0.027443  0.116047      0.73 -0.0248651    0.10701   0.727929
-0.0274201   0.116046       0.73 -0.0247988   0.106951   0.727931
-0.0273969   0.116044       0.73 -0.0247316   0.106892   0.727934
-0.0273734   0.116042       0.73 -0.0246634   0.106833   0.727936
-0.0273497    0.11604       0.73 -0.0245944   0.106775   0.727938
-0.0273257   0.116038       0.73 -0.0245246   0.106716    0.72794
-0.0273014   0.116037       0.73 -0.0244539   0.106658   0.727942
-0.0272768   0.116035       0.73 -0.0243825   0.106599   0.727944
-0.027252  0.116033      0.73 -0.0243102   0.106541   0.727947
-0.0272269   0.116031       0.73 -0.0242373   0.106483   0.727949
-0.0272015   0.116029       0.73 -0.0241637   0.106424   0.727952
-0.0271758   0.116027       0.73 -0.0240895   0.106366   0.727954
-0.0271499   0.116025       0.73 -0.0240146   0.106308   0.727957
-0.0271237   0.116023       0.73 -0.0239391   0.106251   0.727961
-0.0270972   0.116021       0.73 -0.0238631   0.106193   0.727964
-0.0270705   0.116019       0.73 -0.0237865   0.106135   0.727968
-0.0270434   0.116017       0.73 -0.0237094   0.106078   0.727972
-0.0270161   0.116015       0.73 -0.0236317    0.10602   0.727976
-0.0269885   0.116013       0.73 -0.0235536   0.105963    0.72798
-0.0269606   0.116011       0.73 -0.023475  0.105906  0.727985
-0.0269325   0.116009       0.73 -0.0233959   0.105849   0.727989
-0.026904  0.116007      0.73 -0.0233163   0.105793   0.727995
-0.0268753   0.116005       0.73 -0.0232364   0.105736      0.728
-0.0268463   0.116003       0.73 -0.023156  0.105679  0.728005
-0.026817     0.116      0.73 -0.0230751   0.105623   0.728011
-0.0267874   0.115998       0.73 -0.0229939   0.105567   0.728017
-0.0267576   0.115996       0.73 -0.0229123   0.105511   0.728024
-0.0267274   0.115994       0.73 -0.0228304   0.105455   0.728031
-0.026697  0.115991      0.73 -0.022748  0.105399  0.728037
-0.0266663   0.115989       0.73 -0.0226653   0.105343   0.728045
-0.0266353   0.115987       0.73 -0.0225823   0.105288   0.728052
-0.026604  0.115984      0.73 -0.0224989   0.105233    0.72806
-0.0265724   0.115982       0.73 -0.0224152   0.105178   0.728068
-0.0265406    0.11598       0.73 -0.0223312   0.105123   0.728076
-0.0265084   0.115977       0.73 -0.0222469   0.105068   0.728085
-0.026476  0.115975      0.73 -0.0221623   0.105013   0.728094
-0.0264433   0.115972       0.73 -0.0220774   0.104959   0.728103
-0.0264102    0.11597       0.73 -0.0219923   0.104904   0.728112
-0.0263769   0.115967       0.73 -0.0219069    0.10485   0.728121
-0.0263433   0.115965       0.73 -0.0218212   0.104796   0.728131
-0.0263094   0.115962       0.73 -0.0217353   0.104742   0.728141
-0.0262753    0.11596       0.73 -0.0216492   0.104688   0.728152
-0.0262408   0.115957       0.73 -0.021563  0.104635  0.728163
-0.0262061   0.115954       0.73 -0.0214765   0.104581   0.728174
-0.026171  0.115952      0.73 -0.0213899   0.104528   0.728185
-0.0261357   0.115949       0.73 -0.0213031   0.104475   0.728197
-0.0261001   0.115946       0.73 -0.0212161   0.104422   0.728209
-0.0260641   0.115944       0.73 -0.021129   0.10437  0.728222
-0.0260279   0.115941       0.73 -0.0210417   0.104317   0.728235
-0.0259914   0.115938       0.73 -0.0209543   0.104264   0.728248
-0.0259547   0.115936       0.73 -0.0208667   0.104212   0.728262
-0.0259176   0.115933       0.73 -0.020779   0.10416  0.728276
-0.0258802    0.11593       0.73 -0.0206912   0.104108    0.72829
-0.0258426   0.115927       0.73 -0.0206032   0.104056   0.728305
-0.0258046   0.115924       0.73 -0.0205152   0.104005    0.72832
-0.0257664   0.115921       0.73 -0.020427  0.103954  0.728335
-0.0257279   0.115919       0.73 -0.0203387   0.103902   0.728351
-0.025689  0.115916      0.73 -0.0202503   0.103851   0.728367
-0.0256499   0.115913       0.73 -0.0201618   0.103801   0.728383
-0.0256105    0.11591       0.73 -0.0200732    0.10375     0.7284
-0.0255709   0.115907       0.73 -0.0199844     0.1037   0.728417
-0.0255309   0.115904       0.73 -0.0198956    0.10365   0.728434
-0.0254906   0.115901       0.73 -0.0198068     0.1036   0.728451
-0.0254501   0.115898       0.73 -0.0197178    0.10355   0.728469
-0.0254092   0.115895       0.73 -0.0196287   0.103501   0.728487
-0.0253681   0.115892       0.73 -0.0195396   0.103451   0.728506
-0.0253267   0.115888       0.73 -0.0194504   0.103402   0.728524
-0.025285  0.115885      0.73 -0.0193611   0.103353   0.728543
-0.025243  0.115882      0.73 -0.0192717   0.103305   0.728562
-0.0252007   0.115879       0.73 -0.0191823   0.103256   0.728581
-0.0251582   0.115876       0.73 -0.0190927   0.103208   0.728601
-0.0251153   0.115873       0.73 -0.0190032    0.10316   0.728621
-0.0250722   0.115869       0.73 -0.0189135   0.103113   0.728641
-0.0250288   0.115866       0.73 -0.0188238   0.103065   0.728661
-0.0249851   0.115863       0.73 -0.0187341   0.103018   0.728681
-0.0249411   0.115859       0.73 -0.0186443   0.102971   0.728702
-0.0248968   0.115856       0.73 -0.0185544   0.102924   0.728723
-0.0248523   0.115853       0.73 -0.0184644   0.102878   0.728744
-0.0248074   0.115849       0.73 -0.0183744   0.102831   0.728765
-0.0247623   0.115846       0.73 -0.0182844   0.102785   0.728787
-0.0247169   0.115843       0.73 -0.0181943   0.102739   0.728808
-0.0246712   0.115839       0.73 -0.0181042   0.102693    0.72883
-0.0246252   0.115836       0.73 -0.018014  0.102648  0.728852
-0.024579  0.115832      0.73 -0.0179237   0.102602   0.728874
-0.0245325   0.115829       0.73 -0.0178334   0.102557   0.728896
-0.0244856   0.115825       0.73 -0.0177431   0.102512   0.728918
-0.0244385   0.115822       0.73 -0.0176527   0.102468   0.728941
-0.0243912   0.115818       0.73 -0.0175623   0.102423   0.728964
-0.0243435   0.115815       0.73 -0.0174718   0.102379   0.728986
-0.0242956   0.115811       0.73 -0.0173813   0.102335   0.729009
-0.0242474   0.115807       0.73 -0.0172907   0.102291   0.729032
-0.0241989   0.115804       0.73 -0.0172001   0.102247   0.729056
-0.0241501     0.1158       0.73 -0.0171095   0.102203   0.729079
-0.024101  0.115796      0.73 -0.0170188    0.10216   0.729102
-0.0240517   0.115793       0.73 -0.0169281   0.102117   0.729126
-0.0240021   0.115789       0.73 -0.0168373   0.102074   0.729149
-0.0239522   0.115785       0.73 -0.0167465   0.102031   0.729173
-0.023902  0.115781      0.73 -0.0166557   0.101989   0.729197
-0.0238516   0.115778       0.73 -0.0165648   0.101946    0.72922
-0.0238008   0.115774       0.73 -0.0164739   0.101904   0.729244
-0.0237498    0.11577       0.73 -0.0163829   0.101862   0.729268
-0.0236985   0.115766       0.73 -0.0162919    0.10182   0.729292
-0.023647  0.115762      0.73 -0.0162009   0.101778   0.729317
-0.0235951   0.115758       0.73 -0.0161098   0.101737   0.729341
-0.023543  0.115754      0.73 -0.0160187   0.101695   0.729365
-0.0234906   0.115751       0.73 -0.0159275   0.101654   0.729389
-0.0234379   0.115747       0.73 -0.0158363   0.101613   0.729414
-0.023385  0.115743      0.73 -0.0157451   0.101572   0.729438
-0.0233317   0.115739       0.73 -0.0156539   0.101531   0.729463
-0.0232782   0.115735       0.73 -0.0155626   0.101491   0.729487
-0.0232244   0.115731       0.73 -0.0154712    0.10145   0.729512
-0.0231704   0.115726       0.73 -0.0153799    0.10141   0.729536
-0.023116  0.115722      0.73 -0.0152885    0.10137   0.729561
-0.0230614   0.115718       0.73 -0.0151971    0.10133   0.729586
-0.0230065   0.115714       0.73 -0.0151056    0.10129    0.72961
-0.0229513    0.11571       0.73 -0.0150141    0.10125   0.729635
-0.0228958   0.115706       0.73 -0.0149226   0.101211    0.72966
-0.0228401   0.115702       0.73 -0.014831  0.101171  0.729684
-0.0227841   0.115697       0.73 -0.0147395   0.101132   0.729709
-0.0227278   0.115693       0.73 -0.0146478   0.101093   0.729734
-0.0226712   0.115689       0.73 -0.0145562   0.101054   0.729759
-0.0226143   0.115685       0.73 -0.0144645   0.101015   0.729783
-0.0225572    0.11568       0.73 -0.0143728   0.100976   0.729808
-0.0224997   0.115676       0.73 -0.014281  0.100937  0.729833
-0.022442  0.115672      0.73 -0.0141893   0.100898   0.729858
-0.022384  0.115667      0.73 -0.0140974    0.10086   0.729882
-0.0223258   0.115663       0.73 -0.0140056   0.100821   0.729907
-0.0222672   0.115659       0.73 -0.0139137   0.100783   0.729932
-0.0222084   0.115654       0.73 -0.0138218   0.100745   0.729956
-0.0221493    0.11565       0.73 -0.0137299   0.100707   0.729981
-0.0220899   0.115645       0.73 -0.013638  0.100669  0.730006
-0.0220302   0.115641       0.73 -0.013546  0.100631  0.730031
-0.0219702   0.115636       0.73 -0.0134539   0.100593   0.730055
-0.02191 0.115632     0.73 -0.0133619   0.100555    0.73008
-0.0218495   0.115627       0.73 -0.0132698   0.100518   0.730104
-0.0217887   0.115623       0.73 -0.0131777    0.10048   0.730129
-0.0217276   0.115618       0.73 -0.0130855   0.100443   0.730154
-0.0216662   0.115614       0.73 -0.0129933   0.100406   0.730178
-0.0216045   0.115609       0.73 -0.0129011   0.100369   0.730202
-0.0215425   0.115604       0.73 -0.0128089   0.100331   0.730227
-0.0214803     0.1156       0.73 -0.0127166   0.100295   0.730251
-0.0214178   0.115595       0.73 -0.0126243   0.100258   0.730276
-0.021355   0.11559      0.73 -0.0125319   0.100221     0.7303
-0.0212919   0.115585       0.73 -0.0124395   0.100184   0.730324
-0.0212285   0.115581       0.73 -0.0123471   0.100148   0.730349
-0.0211648   0.115576       0.73 -0.0122547   0.100111   0.730373
-0.0211009   0.115571       0.73 -0.0121622   0.100075   0.730397
-0.0210366   0.115566       0.73 -0.0120697   0.100039   0.730421
-0.0209721   0.115561       0.73 -0.0119771   0.100002   0.730445
-0.0209073   0.115557       0.73 -0.0118845  0.0999664   0.730469
-0.0208422   0.115552       0.73 -0.0117919  0.0999305   0.730493
-0.0207768   0.115547       0.73 -0.0116992  0.0998947   0.730517
-0.0207111   0.115542       0.73 -0.0116065  0.0998589   0.730541
-0.0206451   0.115537       0.73 -0.0115137  0.0998233   0.730564
-0.0205789   0.115532       0.73 -0.0114209  0.0997878   0.730588
-0.0205123   0.115527       0.73 -0.0113281  0.0997524   0.730612
-0.0204455   0.115522       0.73 -0.0112352  0.0997171   0.730636
-0.0203784   0.115517       0.73 -0.0111423  0.0996819   0.730659
-0.020311  0.115512      0.73 -0.0110493  0.0996468   0.730683
-0.0202433   0.115507       0.73 -0.0109564  0.0996118   0.730706
-0.0201753   0.115502       0.73 -0.0108633   0.099577   0.730729
-0.020107  0.115496      0.73 -0.0107702  0.0995422   0.730753
-0.0200384   0.115491       0.73 -0.0106771  0.0995076   0.730776
-0.0199696   0.115486       0.73 -0.0105839  0.0994731   0.730799
-0.0199004   0.115481       0.73 -0.0104907  0.0994387   0.730822
-0.019831  0.115476      0.73 -0.0103974  0.0994045   0.730845
-0.0197613   0.115471       0.73 -0.0103041  0.0993703   0.730868
-0.0196913   0.115465       0.73 -0.0102107  0.0993363   0.730891
-0.019621   0.11546      0.73 -0.0101173  0.0993024   0.730914
-0.0195504   0.115455       0.73 -0.0100239  0.0992686   0.730937
-0.0194795   0.115449       0.73 -0.00993041    0.099235    0.730959
-0.0194084   0.115444       0.73 -0.00983685   0.0992014    0.730982
-0.0193369   0.115439       0.73 -0.00974325    0.099168    0.731005
-0.0192652   0.115433       0.73 -0.0096496  0.0991348   0.731027
-0.0191932   0.115428       0.73 -0.00955593   0.0991016    0.731049
-0.0191209   0.115422       0.73 -0.00946217   0.0990686    0.731072
-0.0190483   0.115417       0.73 -0.00936838   0.0990357    0.731094
-0.0189754   0.115412       0.73 -0.00927453    0.099003    0.731116
-0.0189022   0.115406       0.73 -0.00918063   0.0989704    0.731138
-0.0188287     0.1154       0.73 -0.00908666   0.0989379     0.73116
-0.018755  0.115395      0.73 -0.00899268   0.0989056    0.731182
-0.018681  0.115389      0.73 -0.00889861   0.0988733    0.731204
-0.0186067   0.115384       0.73 -0.00880448   0.0988413    0.731226
-0.0185321   0.115378       0.73 -0.00871033   0.0988093    0.731248
-0.0184572   0.115373       0.73 -0.00861611   0.0987775    0.731269
-0.018382  0.115367      0.73 -0.00852182   0.0987459    0.731291
-0.0183066   0.115361       0.73 -0.00842751   0.0987143    0.731312
-0.0182308   0.115356       0.73 -0.00833311    0.098683    0.731334
-0.0181548    0.11535       0.73 -0.00823868   0.0986517    0.731355
-0.0180785   0.115344       0.73 -0.00814414   0.0986206    0.731376
-0.0180019   0.115338       0.73 -0.0080496  0.0985896   0.731397
-0.0179251   0.115333       0.73 -0.00795497   0.0985588    0.731418
-0.0178479   0.115327       0.73 -0.00786029   0.0985281    0.731439
-0.0177705   0.115321       0.73 -0.00776554   0.0984976     0.73146
-0.0176928   0.115315       0.73 -0.00767073   0.0984671    0.731481
-0.0176148   0.115309       0.73 -0.00757586   0.0984369    0.731501
-0.0175365   0.115303       0.73 -0.00748091   0.0984067    0.731522
-0.0174579   0.115298       0.73 -0.00738591   0.0983767    0.731543
-0.0173791   0.115292       0.73 -0.00729085   0.0983469    0.731563
 -0.0173 0.115286     0.73 -0.00719571   0.0983172    0.731583
-0.0172206    0.11528       0.73 -0.00710051   0.0982876    0.731604
-0.0171409   0.115274       0.73 -0.00700524   0.0982582    0.731624
-0.017061  0.115268      0.73 -0.00690993   0.0982289    0.731644
-0.0169808   0.115262       0.73 -0.0068145  0.0981997   0.731664
-0.0169003   0.115256       0.73 -0.00671902   0.0981707    0.731684
-0.0168195    0.11525       0.73 -0.00662349   0.0981418    0.731704
-0.0167385   0.115244       0.73 -0.00652789   0.0981131    0.731723
-0.0166572   0.115237       0.73 -0.00643219   0.0980845    0.731743
-0.0165756   0.115231       0.73 -0.00633644    0.098056    0.731762
-0.0164937   0.115225       0.73 -0.00624063   0.0980277    0.731782
-0.0164116   0.115219       0.73 -0.00614475   0.0979995    0.731801
-0.0163292   0.115213       0.73 -0.00604879   0.0979715    0.731821
-0.0162465   0.115207       0.73 -0.00595278   0.0979436     0.73184
-0.0161635     0.1152       0.73 -0.00585669   0.0979158    0.731859
-0.0160803   0.115194       0.73 -0.00576056   0.0978882    0.731878
-0.0159968   0.115188       0.73 -0.00566435   0.0978607    0.731897
-0.0159131   0.115182       0.73 -0.00556807   0.0978334    0.731916
-0.015829  0.115175      0.73 -0.00547175   0.0978062    0.731934
-0.0157447   0.115169       0.73 -0.00537533   0.0977791    0.731953
-0.0156602   0.115163       0.73 -0.00527888   0.0977522    0.731972
-0.0155754   0.115156       0.73 -0.00518236   0.0977254     0.73199
-0.0154903    0.11515       0.73 -0.00508575   0.0976988    0.732009
-0.0154049   0.115143       0.73 -0.00498909   0.0976723    0.732027
-0.0153193   0.115137       0.73 -0.00489236   0.0976459    0.732045
-0.0152334   0.115131       0.73 -0.00479556   0.0976197    0.732063
-0.0151473   0.115124       0.73 -0.0046987  0.0975936   0.732081
-0.0150609   0.115118       0.73 -0.00460176   0.0975676    0.732099
-0.0149742   0.115111       0.73 -0.00450476   0.0975418    0.732117
-0.0148873   0.115105       0.73 -0.00440768   0.0975161    0.732135
-0.0148001   0.115098       0.73 -0.00431055   0.0974906    0.732153
-0.0147127   0.115091       0.73 -0.00421333   0.0974652     0.73217
-0.014625  0.115085      0.73 -0.00411606     0.09744    0.732188
-0.014537  0.115078      0.73 -0.00401873   0.0974148    0.732205
-0.0144488   0.115072       0.73 -0.00392131   0.0973898    0.732222
-0.0143603   0.115065       0.73 -0.00382381    0.097365     0.73224
-0.0142716   0.115058       0.73 -0.00372625   0.0973403    0.732257
-0.0141826   0.115052       0.73 -0.00362862   0.0973157    0.732274
-0.0140934   0.115045       0.73 -0.00353091   0.0972913    0.732291
-0.0140039   0.115038       0.73 -0.00343312    0.097267    0.732308
-0.0139142   0.115031       0.73 -0.00333528   0.0972428    0.732324
-0.0138242   0.115025       0.73 -0.00323736   0.0972188    0.732341
-0.013734  0.115018      0.73 -0.00313934   0.0971949    0.732358
-0.0136435   0.115011       0.73 -0.00304127   0.0971712    0.732374
-0.0135528   0.115004       0.73 -0.00294312   0.0971475    0.732391
-0.0134618   0.114998       0.73 -0.0028449  0.0971241   0.732407
-0.0133706   0.114991       0.73 -0.00274661   0.0971007    0.732423
-0.0132791   0.114984       0.73 -0.00264822   0.0970775     0.73244
-0.0131874   0.114977       0.73 -0.00254979   0.0970544    0.732456
-0.0130955    0.11497       0.73 -0.00245128   0.0970315    0.732472
-0.0130033   0.114963       0.73 -0.00235268   0.0970087    0.732488
-0.0129108   0.114956       0.73 -0.002254  0.096986  0.732503
-0.0128182   0.114949       0.73 -0.00215525   0.0969635    0.732519
-0.0127252   0.114942       0.73 -0.00205643   0.0969411    0.732535
-0.0126321   0.114935       0.73 -0.00195753   0.0969188     0.73255
-0.0125387   0.114928       0.73 -0.00185856   0.0968967    0.732566
-0.0124451   0.114921       0.73 -0.00175949   0.0968747    0.732581
-0.0123512   0.114914       0.73 -0.00166038   0.0968528    0.732596
-0.0122571   0.114907       0.73 -0.00156116   0.0968311    0.732612
-0.0121627     0.1149       0.73 -0.00146187   0.0968095    0.732627
-0.0120682   0.114893       0.73 -0.00136251    0.096788    0.732642
-0.0119734   0.114886       0.73 -0.00126307   0.0967667    0.732657
-0.0118783   0.114879       0.73 -0.00116354   0.0967455    0.732672
-0.0117831   0.114871       0.73 -0.00106395   0.0967245    0.732686
-0.0116876   0.114864       0.73 -0.000964268    0.0967035     0.732701
-0.0115919   0.114857       0.73 -0.000864505    0.0966827     0.732716
-0.0114959    0.11485       0.73 -0.000764673    0.0966621      0.73273
-0.0113997   0.114843       0.73 -0.000664764    0.0966415     0.732745
-0.0113033   0.114835       0.73 -0.000564758    0.0966211     0.732759
-0.0112067   0.114828       0.73 -0.000464675    0.0966009     0.732773
-0.0111098   0.114821       0.73 -0.000364539    0.0965807     0.732788
-0.0110128   0.114814       0.73 -0.000264297    0.0965607     0.732802
-0.0109155   0.114806       0.73 -0.000163985    0.0965408     0.732816
-0.0108179   0.114799       0.73 -6.35724e-05    0.0965211      0.73283
-0.0107202   0.114792       0.73 3.69006e-05   0.0965015    0.732843
-0.0106222   0.114784       0.73 0.000137452    0.096482    0.732857
-0.0105241   0.114777       0.73 0.0002381 0.0964627  0.732871
-0.0104257    0.11477       0.73 0.000338804   0.0964434    0.732884
-0.0103271   0.114762       0.73 0.000439611   0.0964244    0.732898
-0.0102282   0.114755       0.73 0.00054051  0.0964054   0.732911
-0.0101292   0.114747       0.73 0.000641457   0.0963866    0.732925
-0.01003  0.11474     0.73 0.000742523   0.0963679    0.732938
-0.00993049    0.114732        0.73 0.000843654   0.0963493    0.732951
-0.00983081    0.114725        0.73 0.000944844   0.0963309    0.732964
-0.00973093    0.114717        0.73 0.00104613  0.0963126   0.732977
-0.00963083     0.11471        0.73 0.00114753  0.0962944    0.73299
-0.00953053    0.114702        0.73 0.00124898  0.0962764   0.733003
-0.00943002    0.114695        0.73 0.00135051  0.0962585   0.733016
-0.00932931    0.114687        0.73 0.00145216  0.0962407   0.733028
-0.00922839     0.11468        0.73 0.00155385  0.0962231   0.733041
-0.00912726    0.114672        0.73 0.00165565  0.0962056   0.733053
-0.00902594    0.114664        0.73 0.00175752  0.0961882   0.733066
-0.00892441    0.114657        0.73 0.00185949  0.0961709   0.733078
-0.00882268    0.114649        0.73 0.00196151  0.0961538    0.73309
-0.00872075    0.114642        0.73 0.00206363  0.0961368   0.733103
-0.00861862    0.114634        0.73 0.00216586  0.0961199   0.733115
-0.0085163   0.114626       0.73 0.00226814  0.0961032   0.733127
-0.00841378    0.114618        0.73 0.00237053  0.0960866   0.733139
-0.00831106    0.114611        0.73 0.00247296  0.0960701    0.73315
-0.00820815    0.114603        0.73 0.00257551  0.0960538   0.733162
-0.00810505    0.114595        0.73 0.00267814  0.0960376   0.733174
-0.00800175    0.114588        0.73 0.00278086  0.0960215   0.733185
-0.00789826     0.11458        0.73 0.00288366  0.0960055   0.733197
-0.00779459    0.114572        0.73 0.00298652  0.0959897   0.733208
-0.00769072    0.114564        0.73 0.00308949   0.095974    0.73322
-0.00758666    0.114556        0.73 0.00319256  0.0959584   0.733231
-0.00748242    0.114549        0.73 0.00329568  0.0959429   0.733242
-0.007378  0.114541      0.73 0.0033989 0.0959276  0.733253
-0.00727339    0.114533        0.73 0.00350221  0.0959124   0.733264
-0.00716859    0.114525        0.73 0.00360559  0.0958974   0.733275
-0.00706361    0.114517        0.73 0.00370907  0.0958824   0.733286
-0.00695845    0.114509        0.73 0.00381261  0.0958676   0.733296
-0.00685312    0.114501        0.73 0.00391625  0.0958529   0.733307
-0.0067476   0.114493       0.73 0.00401999  0.0958384   0.733318
-0.0066419   0.114485       0.73 0.0041238  0.095824  0.733328
-0.00653603    0.114477        0.73 0.00422769  0.0958097   0.733339
-0.00642998     0.11447        0.73 0.00433167  0.0957955   0.733349
-0.00632376    0.114462        0.73 0.00443574  0.0957815   0.733359
-0.00621736    0.114454        0.73 0.00453989  0.0957675   0.733369
-0.00611079    0.114446        0.73 0.00464411  0.0957538   0.733379
-0.00600406    0.114438        0.73 0.00474845  0.0957401   0.733389
-0.00589715     0.11443        0.73 0.00485285  0.0957266   0.733399
-0.00579007    0.114421        0.73 0.00495734  0.0957132   0.733409
-0.00568282    0.114413        0.73 0.0050619 0.0956999  0.733419
-0.00557541    0.114405        0.73 0.00516656  0.0956867   0.733428
-0.00546783    0.114397        0.73 0.00527131  0.0956737   0.733438
-0.00536008    0.114389        0.73 0.00537614  0.0956608   0.733447
-0.00525218    0.114381        0.73 0.00548106   0.095648   0.733457
-0.00514411    0.114373        0.73 0.00558606  0.0956354   0.733466
-0.00503588    0.114365        0.73 0.00569113  0.0956229   0.733475
-0.00492749    0.114357        0.73 0.0057963 0.0956105  0.733484
-0.00481894    0.114349        0.73 0.00590155  0.0955983   0.733493
-0.00471024     0.11434        0.73 0.0060069 0.0955861  0.733502
-0.00460138    0.114332        0.73 0.00611232  0.0955741   0.733511
-0.00449236    0.114324        0.73 0.0062178 0.0955623   0.73352
-0.00438319    0.114316        0.73 0.0063234 0.0955505  0.733528
-0.00427387    0.114308        0.73 0.00642905  0.0955389   0.733537
-0.00416439    0.114299        0.73 0.00653483  0.0955274   0.733545
-0.00405476    0.114291        0.73 0.00664066  0.0955161   0.733554
-0.00394499    0.114283        0.73 0.00674659  0.0955048   0.733562
-0.00383507    0.114275        0.73 0.00685258  0.0954937    0.73357
-0.003725  0.114266      0.73 0.00695868  0.0954827   0.733578
-0.00361478    0.114258        0.73 0.00706483  0.0954719   0.733587
-0.00350442     0.11425        0.73 0.0071711 0.0954611  0.733594
-0.00339392    0.114242        0.73 0.00727744  0.0954505   0.733602
-0.00328327    0.114233        0.73 0.00738387    0.09544    0.73361
-0.00317248    0.114225        0.73 0.00749037  0.0954296   0.733618
-0.00306155    0.114217        0.73 0.00759695  0.0954194   0.733625
-0.00295049    0.114208        0.73 0.00770362  0.0954093   0.733633
-0.00283929      0.1142        0.73 0.00781038  0.0953993    0.73364
-0.00272795    0.114192        0.73 0.00791721  0.0953894   0.733647
-0.00261647    0.114183        0.73 0.00802414  0.0953796   0.733655
-0.00250486    0.114175        0.73 0.00813113    0.09537   0.733662
-0.00239312    0.114166        0.73 0.00823822  0.0953605   0.733669
-0.00228125    0.114158        0.73 0.00834539  0.0953511   0.733676
-0.00216925     0.11415        0.73 0.00845263  0.0953418   0.733683
-0.00205711    0.114141        0.73 0.00855997  0.0953327   0.733689
-0.00194485    0.114133        0.73 0.00866739  0.0953236   0.733696
-0.00183247    0.114124        0.73 0.00877488  0.0953147   0.733703
-0.00171995    0.114116        0.73 0.00888247  0.0953059   0.733709
-0.00160732    0.114107        0.73 0.00899012  0.0952972   0.733716
-0.00149456    0.114099        0.73 0.00909786  0.0952886   0.733722
-0.00138168     0.11409        0.73 0.00920567  0.0952802   0.733728
-0.00126868    0.114082        0.73 0.0093136 0.0952719  0.733735
-0.00115556    0.114073        0.73 0.00942156  0.0952636   0.733741
-0.00104232    0.114065        0.73 0.00952965  0.0952555   0.733747
-0.00092896    0.114056        0.73 0.00963781  0.0952476   0.733753
-0.000815488     0.114048         0.73 0.00974603  0.0952397   0.733758
-0.000701902     0.114039         0.73 0.00985434  0.0952319   0.733764
-0.000588202     0.114031         0.73 0.00996271  0.0952243    0.73377
-0.000474391     0.114022         0.73 0.0100712 0.0952167  0.733775
-0.000360468     0.114014         0.73 0.0101798 0.0952093  0.733781
-0.000246436     0.114005         0.73 0.0102884  0.095202  0.733786
-0.000132296     0.113997         0.73 0.0103971 0.0951948  0.733792
-1.80489e-05     0.113988         0.73 0.0105059 0.0951878  0.733797
9.63043e-05     0.11398        0.73 0.0106148 0.0951808  0.733802
0.000210762    0.113971        0.73 0.0107237 0.0951739  0.733807
0.000325323    0.113962        0.73 0.0108328 0.0951672  0.733812
0.000439987    0.113954        0.73 0.0109419 0.0951606  0.733817
0.000554751    0.113945        0.73 0.011051 0.095154 0.733822
0.000669615    0.113936        0.73 0.0111603 0.0951476  0.733827
0.000784577    0.113928        0.73 0.0112697 0.0951414  0.733832
0.000899637    0.113919        0.73 0.0113791 0.0951352  0.733836
0.00101479   0.113911       0.73 0.0114886 0.0951291  0.733841
0.00113004   0.113902       0.73 0.0115982 0.0951231  0.733845
0.00124539   0.113893       0.73 0.0117078 0.0951173  0.733849
0.00136082   0.113885       0.73 0.0118176 0.0951116  0.733854
0.00147635   0.113876       0.73 0.0119274 0.0951059  0.733858
0.00159196   0.113867       0.73 0.0120373 0.0951004  0.733862
0.00170767   0.113859       0.73 0.0121473  0.095095  0.733866
0.00182346    0.11385       0.73 0.0122573 0.0950898   0.73387
0.00193934   0.113841       0.73 0.0123674 0.0950846  0.733874
0.0020553  0.113832      0.73 0.0124776 0.0950795  0.733878
0.00217135   0.113824       0.73 0.0125879 0.0950746  0.733881
0.00228748   0.113815       0.73 0.0126983 0.0950697  0.733885
0.00240369   0.113806       0.73 0.0128087  0.095065  0.733889
0.00251997   0.113798       0.73 0.0129192 0.0950604  0.733892
0.00263634   0.113789       0.73 0.0130298 0.0950558  0.733895
0.00275279    0.11378       0.73 0.0131404 0.0950514  0.733899
0.00286931   0.113771       0.73 0.0132512 0.0950472  0.733902
0.0029859  0.113763      0.73 0.0133619  0.095043  0.733905
0.00310257   0.113754       0.73 0.0134728 0.0950389  0.733908
0.00321931   0.113745       0.73 0.0135838  0.095035  0.733911
0.00333612   0.113736       0.73 0.0136948 0.0950311  0.733914
0.003453 0.113727     0.73 0.0138059 0.0950274  0.733917
0.00356995   0.113719       0.73 0.0139171 0.0950237  0.733919
0.00368697    0.11371       0.73 0.0140283 0.0950202  0.733922
0.00380405   0.113701       0.73 0.0141396 0.0950168  0.733925
0.00392119   0.113692       0.73  0.014251 0.0950135  0.733927
0.0040384  0.113684      0.73 0.0143625 0.0950103  0.733929
0.00415567   0.113675       0.73  0.014474 0.0950073  0.733932
0.00427301   0.113666       0.73 0.0145856 0.0950043  0.733934
0.0043904  0.113657      0.73 0.0146973 0.0950014  0.733936
0.00450785   0.113648       0.73  0.014809 0.0949987  0.733938
0.00462535   0.113639       0.73 0.0149208  0.094996   0.73394
0.00474291   0.113631       0.73 0.0150327 0.0949935  0.733942
0.00486053   0.113622       0.73 0.0151446 0.0949911  0.733944
0.0049782  0.113613      0.73 0.0152566 0.0949888  0.733945
0.00509592   0.113604       0.73 0.0153687 0.0949866  0.733947
0.00521369   0.113595       0.73 0.0154809 0.0949845  0.733949
0.00533151   0.113586       0.73 0.0155931 0.0949825   0.73395
0.00544938   0.113578       0.73 0.0157054 0.0949806  0.733951
0.0055673  0.113569      0.73 0.0158177 0.0949788  0.733953
0.00568526    0.11356       0.73 0.0159302 0.0949771  0.733954
0.00580326   0.113551       0.73 0.0160427 0.0949756  0.733955
0.00592131   0.113542       0.73 0.0161552 0.0949741  0.733956
0.0060394  0.113533      0.73 0.0162679 0.0949728  0.733957
0.00615753   0.113524       0.73 0.0163805 0.0949715  0.733958
0.0062757  0.113516      0.73 0.0164933 0.0949704  0.733959
0.00639391   0.113507       0.73 0.0166061 0.0949694  0.733959
0.00651215   0.113498       0.73  0.016719 0.0949685   0.73396
0.00663043   0.113489       0.73 0.0168319 0.0949677   0.73396
0.00674874    0.11348       0.73 0.016945 0.094967 0.733961
0.00686708   0.113471       0.73  0.017058 0.0949664  0.733961
0.00698546   0.113462       0.73 0.0171712 0.0949659  0.733961
0.00710387   0.113453       0.73 0.0172844 0.0949655  0.733962
0.0072223  0.113444      0.73 0.0173976 0.0949653  0.733962
0.00734076   0.113436       0.73 0.0175109 0.0949651  0.733962
0.00745925   0.113427       0.73 0.0176243  0.094965  0.733962
0.00757777   0.113418       0.73 0.0177377 0.0949651  0.733962
0.0076963  0.113409      0.73 0.0178512 0.0949653  0.733961
0.00781486     0.1134       0.73 0.0179648 0.0949655  0.733961
0.00793344   0.113391       0.73 0.0180784 0.0949659  0.733961
0.00805205   0.113382       0.73  0.018192 0.0949664   0.73396
0.00817066   0.113373       0.73 0.0183058  0.094967   0.73396
0.0082893  0.113364      0.73 0.0184195 0.0949677  0.733959
0.00840795   0.113355       0.73 0.0185334 0.0949685  0.733958
0.00852662   0.113347       0.73 0.0186472 0.0949694  0.733957
0.0086453  0.113338      0.73 0.0187612 0.0949704  0.733956
0.008764 0.113329     0.73 0.0188751 0.0949715  0.733955
0.0088827   0.11332      0.73 0.0189892 0.0949728  0.733954
0.00900142   0.113311       0.73 0.0191033 0.0949741  0.733953
0.00912014   0.113302       0.73 0.0192174 0.0949755  0.733952
0.00923887   0.113293       0.73 0.0193316 0.0949771  0.733951
0.0093576  0.113284      0.73 0.0194458 0.0949787  0.733949
0.00947634   0.113275       0.73 0.0195601 0.0949805  0.733948
0.00959509   0.113266       0.73 0.0196744 0.0949824  0.733946
0.00971383   0.113257       0.73 0.0197888 0.0949843  0.733945
0.00983258   0.113248       0.73 0.0199032 0.0949864  0.733943
0.00995132    0.11324       0.73 0.0200177 0.0949886  0.733941
0.0100701  0.113231      0.73 0.0201322 0.0949908  0.733939
0.0101888  0.113222      0.73 0.0202468 0.0949932  0.733937
0.0103075  0.113213      0.73 0.0203614 0.0949957  0.733935
0.0104263  0.113204      0.73  0.020476 0.0949983  0.733933
0.010545 0.113195     0.73 0.0205907 0.0950009  0.733931
0.0106637  0.113186      0.73 0.0207055 0.0950037  0.733928
0.0107824  0.113177      0.73 0.0208203 0.0950066  0.733926
0.0109011  0.113168      0.73 0.0209351 0.0950095  0.733923
0.0110198  0.113159      0.73   0.02105 0.0950126  0.733921
0.0111385   0.11315      0.73 0.0211648 0.0950157  0.733918
0.0112571  0.113141      0.73 0.0212798  0.095019  0.733915
0.0113758  0.113133      0.73 0.0213948 0.0950223  0.733912
0.0114944  0.113124      0.73 0.0215098 0.0950257   0.73391
0.011613 0.113115     0.73 0.0216248 0.0950292  0.733907
0.0117316  0.113106      0.73   0.02174 0.0950328  0.733904
0.0118501  0.113097      0.73 0.0218551 0.0950365    0.7339
0.0119687  0.113088      0.73 0.0219703 0.0950403  0.733897
0.0120872  0.113079      0.73 0.0220855 0.0950442  0.733894
0.0122057   0.11307      0.73 0.0222007 0.0950481   0.73389
0.0123242  0.113061      0.73  0.022316 0.0950522  0.733887
0.0124426  0.113052      0.73 0.0224313 0.0950563  0.733883
0.012561 0.113044     0.73 0.0225467 0.0950605   0.73388
0.0126794  0.113035      0.73 0.0226621 0.0950648  0.733876
0.0127977  0.113026      0.73 0.0227775 0.0950692  0.733872
0.0129161  0.113017      0.73 0.0228929 0.0950737  0.733868
0.0130343  0.113008      0.73 0.0230084 0.0950782  0.733864
0.0131526  0.112999      0.73 0.0231239 0.0950829   0.73386
0.0132708   0.11299      0.73 0.0232395 0.0950876  0.733856
0.013389 0.112981     0.73 0.0233551 0.0950924  0.733852
0.0135071  0.112973      0.73 0.0234707 0.0950973  0.733848
0.0136252  0.112964      0.73 0.0235863 0.0951023  0.733843
0.0137433  0.112955      0.73  0.023702 0.0951073  0.733839
0.0138613  0.112946      0.73 0.0238177 0.0951125  0.733835
0.0139793  0.112937      0.73 0.0239334 0.0951177   0.73383
0.0140972  0.112928      0.73 0.0240492  0.095123  0.733825
0.0142151  0.112919      0.73  0.024165 0.0951284   0.73382
0.0143329  0.112911      0.73 0.0242808 0.0951339  0.733816
0.0144507  0.112902      0.73 0.0243966 0.0951394  0.733811
0.0145684  0.112893      0.73 0.0245125 0.0951451  0.733806
0.0146861  0.112884      0.73 0.0246284 0.0951508  0.733801
0.0148037  0.112875      0.73 0.0247443 0.0951566  0.733795
0.0149213  0.112866      0.73 0.0248602 0.0951624   0.73379
0.0150388  0.112858      0.73 0.0249762 0.0951684  0.733785
0.0151563  0.112849      0.73 0.0250922 0.0951744  0.733779
0.0152737   0.11284      0.73 0.0252082 0.0951805  0.733774
0.0153911  0.112831      0.73 0.0253243 0.0951867  0.733768
0.0155084  0.112822      0.73 0.0254403  0.095193  0.733763
0.0156256  0.112813      0.73 0.0255564 0.0951993  0.733757
0.0157428  0.112805      0.73 0.0256725 0.0952058  0.733751
0.0158599  0.112796      0.73 0.0257887 0.0952123  0.733745
0.0159769  0.112787      0.73 0.0259048 0.0952189  0.733739
0.0160939  0.112778      0.73  0.026021 0.0952255  0.733733
0.0162108   0.11277      0.73 0.0261372 0.0952323  0.733727
0.0163276  0.112761      0.73 0.0262535 0.0952391  0.733721
0.0164444  0.112752      0.73 0.0263697  0.095246  0.733715
0.0165611  0.112743      0.73 0.026486 0.095253 0.733709
0.0166777  0.112734      0.73 0.0266023 0.0952601  0.733702
0.0167942  0.112726      0.73 0.0267186 0.0952673  0.733696
0.0169107  0.112717      0.73 0.0268349 0.0952745  0.733689
0.0170271  0.112708      0.73 0.0269513 0.0952818  0.733683
0.0171434    0.1127      0.73 0.0270676 0.0952892  0.733676
0.0172597  0.112691      0.73  0.027184 0.0952967  0.733669
0.0173758  0.112682      0.73 0.0273004 0.0953043  0.733662
0.0174919  0.112673      0.73 0.0274168 0.0953119  0.733655
0.0176079  0.112665      0.73 0.0275333 0.0953196  0.733649
0.0177238  0.112656      0.73 0.0276497 0.0953274  0.733642
0.0178396  0.112647      0.73 0.0277662 0.0953353  0.733634
0.0179554  0.112639      0.73 0.0278827 0.0953433  0.733627
0.018071  0.11263     0.73 0.0279992 0.0953513   0.73362
0.0181866  0.112621      0.73 0.0281157 0.0953595  0.733613
0.0183021  0.112613      0.73 0.0282322 0.0953677  0.733605
0.0184175  0.112604      0.73 0.0283487  0.095376  0.733598
0.0185328  0.112595      0.73 0.0284653 0.0953843  0.733591
0.018648 0.112587     0.73 0.0285819 0.0953928  0.733583
0.0187631  0.112578      0.73 0.0286984 0.0954013  0.733575
0.0188781  0.112569      0.73  0.028815 0.0954099  0.733568
0.018993 0.112561     0.73 0.0289316 0.0954186   0.73356
0.0191078  0.112552      0.73 0.0290482 0.0954274  0.733552
0.0192225  0.112543      0.73 0.0291649 0.0954363  0.733544
0.0193371  0.112535      0.73 0.0292815 0.0954452  0.733537
0.0194516  0.112526      0.73 0.0293981 0.0954542  0.733529
0.019566 0.112518     0.73 0.0295148 0.0954633  0.733521
0.0196803  0.112509      0.73 0.0296314 0.0954725  0.733512
0.0197945    0.1125      0.73 0.0297481 0.0954818  0.733504
0.0199086  0.112492      0.73 0.0298648 0.0954911  0.733496
0.0200226  0.112483      0.73 0.0299814 0.0955005  0.733488
0.0201365  0.112475      0.73 0.0300981   0.09551  0.733479
0.0202502  0.112466      0.73 0.0302148 0.0955196  0.733471
0.0203639  0.112458      0.73 0.0303315 0.0955293  0.733463
0.0204774  0.112449      0.73 0.0304482  0.095539  0.733454
0.0205908  0.112441      0.73 0.0305649 0.0955488  0.733446
0.0207041  0.112432      0.73 0.0306816 0.0955587  0.733437
0.0208173  0.112424      0.73 0.0307983 0.0955687  0.733428
0.0209304  0.112415      0.73  0.030915 0.0955788   0.73342
0.0210433  0.112407      0.73 0.0310317 0.0955889  0.733411
0.0211561  0.112398      0.73 0.0311484 0.0955991  0.733402
0.0212688   0.11239      0.73 0.0312652 0.0956094  0.733393
0.0213814  0.112381      0.73 0.0313819 0.0956198  0.733384
0.0214938  0.112373      0.73 0.0314986 0.0956303  0.733375
0.0216062  0.112364      0.73 0.0316153 0.0956408  0.733366
0.0217184  0.112356      0.73  0.031732 0.0956514  0.733357
0.0218304  0.112348      0.73 0.0318487 0.0956621  0.733348
0.0219424  0.112339      0.73 0.0319654 0.0956729  0.733338
0.0220542  0.112331      0.73 0.0320821 0.0956838  0.733329
0.0221658  0.112322      0.73 0.0321988 0.0956947   0.73332
0.0222774  0.112314      0.73 0.0323155 0.0957057   0.73331
0.0223888  0.112306      0.73 0.0324321 0.0957168  0.733301
0.0225001  0.112297      0.73 0.0325488  0.095728  0.733291
0.0226112  0.112289      0.73 0.0326655 0.0957392  0.733282
0.0227222  0.112281      0.73 0.0327822 0.0957506  0.733272
0.022833 0.112272     0.73 0.0328988  0.095762  0.733262
0.0229437  0.112264      0.73 0.0330155 0.0957734  0.733253
0.0230543  0.112256      0.73 0.0331321  0.095785  0.733243
0.0231647  0.112247      0.73 0.0332487 0.0957966  0.733233
0.023275 0.112239     0.73 0.0333654 0.0958084  0.733223
0.0233851  0.112231      0.73  0.033482 0.0958202  0.733213
0.0234951  0.112223      0.73 0.0335986  0.095832  0.733203
0.0236049  0.112214      0.73 0.0337152  0.095844  0.733193
0.0237146  0.112206      0.73 0.0338318  0.095856  0.733183
0.0238241  0.112198      0.73 0.0339483 0.0958681  0.733173
0.0239335   0.11219      0.73 0.0340649 0.0958803  0.733163
0.0240427  0.112181      0.73 0.0341814 0.0958926  0.733153
0.0241518  0.112173      0.73 0.0342979 0.0959049  0.733142
0.0242607  0.112165      0.73 0.0344144 0.0959173  0.733132
0.0243695  0.112157      0.73 0.0345309 0.0959298  0.733122
0.0244781  0.112149      0.73 0.0346474 0.0959424  0.733111
0.0245865  0.112141      0.73 0.0347639  0.095955  0.733101
0.0246947  0.112133      0.73 0.0348803 0.0959678   0.73309
0.0248028  0.112124      0.73 0.0349968 0.0959806   0.73308
0.0249108  0.112116      0.73 0.0351132 0.0959934  0.733069
0.0250185  0.112108      0.73 0.0352296 0.0960064  0.733058
0.0251261    0.1121      0.73  0.035346 0.0960194  0.733047
0.0252336  0.112092      0.73 0.0354623 0.0960325  0.733037
0.0253408  0.112084      0.73 0.0355787 0.0960457  0.733026
0.0254479  0.112076      0.73 0.035695 0.096059 0.733015
0.0255548  0.112068      0.73 0.0358113 0.0960723  0.733004
0.0256616   0.11206      0.73 0.0359275 0.0960857  0.732993
0.0257681  0.112052      0.73 0.0360438 0.0960992  0.732982
0.0258745  0.112044      0.73   0.03616 0.0961128  0.732971
0.0259807  0.112036      0.73 0.0362762 0.0961264   0.73296
0.0260868  0.112028      0.73 0.0363924 0.0961401  0.732948
0.0261926   0.11202      0.73 0.0365086 0.0961539  0.732937
0.0262983  0.112012      0.73 0.0366247 0.0961678  0.732926
0.0264037  0.112004      0.73 0.0367408 0.0961818  0.732914
0.026509 0.111996     0.73 0.0368569 0.0961958  0.732903
0.0266141  0.111988      0.73 0.0369729   0.09621  0.732891
0.0267191  0.111981      0.73 0.0370889 0.0962242   0.73288
0.0268238  0.111973      0.73 0.0372049 0.0962385  0.732868
0.0269283  0.111965      0.73 0.0373209 0.0962528  0.732856
0.0270327  0.111957      0.73 0.0374368 0.0962673  0.732845
0.0271368  0.111949      0.73 0.0375528 0.0962818  0.732833
0.0272408  0.111941      0.73 0.0376686 0.0962965  0.732821
0.0273445  0.111934      0.73 0.0377845 0.0963112  0.732809
0.0274481  0.111926      0.73 0.0379003 0.0963259  0.732797
0.0275514  0.111918      0.73 0.0380161 0.0963408  0.732786
0.0276546   0.11191      0.73 0.0381318 0.0963558  0.732774
0.0277575  0.111903      0.73 0.0382475 0.0963708  0.732762
0.0278603  0.111895      0.73 0.0383632 0.0963859  0.732749
0.0279628  0.111887      0.73 0.0384789 0.0964011  0.732737
0.0280651  0.111879      0.73 0.0385945 0.0964164  0.732725
0.0281673  0.111872      0.73   0.03871 0.0964317  0.732713
0.0282692  0.111864      0.73 0.0388256 0.0964472  0.732701
0.0283709  0.111856      0.73 0.0389411 0.0964627  0.732688
0.0284724  0.111849      0.73 0.0390565 0.0964783  0.732676
0.0285736  0.111841      0.73 0.039172 0.096494 0.732664
0.0286747  0.111834      0.73 0.0392874 0.0965098  0.732651
0.0287755  0.111826      0.73 0.0394027 0.0965256  0.732639
0.0288762  0.111819      0.73  0.039518 0.0965416  0.732626
0.0289766  0.111811      0.73 0.0396333 0.0965576  0.732614
0.0290767  0.111803      0.73 0.0397485 0.0965737  0.732601
0.0291767  0.111796      0.73 0.0398637 0.0965899  0.732589
0.0292764  0.111788      0.73 0.0399789 0.0966061  0.732576
0.0293759  0.111781      0.73  0.040094 0.0966225  0.732563
0.0294752  0.111774      0.73  0.040209 0.0966389  0.732551
0.0295742  0.111766      0.73  0.040324 0.0966554  0.732538
0.0296731  0.111759      0.73 0.040439 0.096672 0.732525
0.0297716  0.111751      0.73 0.0405539 0.0966886  0.732512
 0.02987 0.111744     0.73 0.0406688 0.0967054  0.732499
0.0299681  0.111737      0.73 0.0407836 0.0967222  0.732486
0.030066 0.111729     0.73 0.0408984 0.0967391  0.732473
0.0301636  0.111722      0.73 0.0410132 0.0967561   0.73246
0.030261 0.111715     0.73 0.0411279 0.0967731  0.732447
0.0303582  0.111707      0.73 0.0412425 0.0967903  0.732434
0.0304551    0.1117      0.73 0.0413571 0.0968075  0.732421
0.0305518  0.111693      0.73 0.0414716 0.0968248  0.732408
0.0306482  0.111685      0.73 0.0415861 0.0968421  0.732395
0.0307444  0.111678      0.73 0.0417005 0.0968596  0.732382
0.0308403  0.111671      0.73 0.0418149 0.0968771  0.732369
0.030936 0.111664     0.73 0.0419292 0.0968947  0.732355
0.0310314  0.111657      0.73 0.0420435 0.0969124  0.732342
0.0311266   0.11165      0.73 0.0421577 0.0969302  0.732329
0.0312215  0.111642      0.73 0.0422719  0.096948  0.732315
0.0313162  0.111635      0.73  0.042386 0.0969659  0.732302
0.0314106  0.111628      0.73    0.0425 0.0969839  0.732289
0.0315047  0.111621      0.73 0.042614 0.097002 0.732275
0.0315986  0.111614      0.73 0.0427279 0.0970201  0.732262
0.0316922  0.111607      0.73 0.0428418 0.0970384  0.732248
0.0317856    0.1116      0.73 0.0429556 0.0970567  0.732235
0.0318787  0.111593      0.73 0.0430693  0.097075  0.732221
0.0319715  0.111586      0.73  0.043183 0.0970935  0.732208
0.032064 0.111579     0.73 0.0432966  0.097112  0.732194
0.0321563  0.111572      0.73 0.0434101 0.0971306   0.73218
0.0322484  0.111565      0.73 0.0435236 0.0971493  0.732167
0.0323401  0.111558      0.73 0.043637 0.097168 0.732153
0.0324316  0.111552      0.73 0.0437504 0.0971869  0.732139
0.0325228  0.111545      0.73 0.0438636 0.0972058  0.732125
0.0326137  0.111538      0.73 0.0439768 0.0972248  0.732111
0.0327043  0.111531      0.73   0.04409 0.0972438  0.732098
0.0327947  0.111524      0.73 0.044203 0.097263 0.732084
0.0328848  0.111518      0.73  0.044316 0.0972822   0.73207
0.0329746  0.111511      0.73 0.0444289 0.0973015  0.732056
0.0330641  0.111504      0.73 0.0445418 0.0973209  0.732042
0.0331533  0.111497      0.73 0.0446545 0.0973403  0.732028
0.0332423  0.111491      0.73 0.0447672 0.0973599  0.732014
0.033331 0.111484     0.73 0.0448798 0.0973795     0.732
0.0334193  0.111477      0.73 0.0449923 0.0973992  0.731986
0.0335074  0.111471      0.73 0.0451048  0.097419  0.731971
0.0335952  0.111464      0.73 0.0452171 0.0974388  0.731957
0.0336827  0.111458      0.73 0.0453294 0.0974588  0.731943
0.0337699  0.111451      0.73 0.0454416 0.0974788  0.731929
0.0338568  0.111445      0.73 0.0455537 0.0974989  0.731914
0.0339435  0.111438      0.73 0.0456658  0.097519    0.7319
0.0340298  0.111432      0.73 0.0457777 0.0975393  0.731886
0.0341158  0.111425      0.73 0.0458895 0.0975596  0.731871
0.0342015  0.111419      0.73 0.0460013 0.0975801  0.731857
0.034287 0.111412     0.73  0.046113 0.0976006  0.731842
0.0343721  0.111406      0.73 0.0462245 0.0976211  0.731828
0.0344569    0.1114      0.73  0.046336 0.0976418  0.731813
0.0345414  0.111393      0.73 0.0464474 0.0976625  0.731798
0.0346256  0.111387      0.73 0.0465587 0.0976834  0.731784
0.0347095  0.111381      0.73 0.0466699 0.0977043  0.731769
0.0347931  0.111374      0.73 0.0467809 0.0977253  0.731754
0.0348764  0.111368      0.73 0.0468919 0.0977463  0.731739
0.0349594  0.111362      0.73 0.0470028 0.0977675  0.731724
0.0350421  0.111356      0.73 0.0471136 0.0977887  0.731709
0.0351245  0.111349      0.73 0.0472243   0.09781  0.731694
0.0352065  0.111343      0.73 0.0473349 0.0978314  0.731679
0.0352882  0.111337      0.73 0.0474453 0.0978529  0.731664
0.0353697  0.111331      0.73 0.0475557 0.0978745  0.731649
0.0354508  0.111325      0.73 0.0476659 0.0978961  0.731633
0.0355316  0.111319      0.73 0.0477761 0.0979179  0.731618
0.0356121  0.111313      0.73 0.0478861 0.0979397  0.731603
0.0356923  0.111307      0.73 0.0479961 0.0979616  0.731587
0.0357721  0.111301      0.73 0.0481058 0.0979836  0.731572
0.0358516  0.111295      0.73 0.0482155 0.0980057  0.731556
0.0359309  0.111289      0.73 0.0483251 0.0980278   0.73154
0.0360098  0.111283      0.73 0.0484345 0.0980501  0.731525
0.0360883  0.111277      0.73 0.0485439 0.0980724  0.731509
0.0361666  0.111271      0.73 0.0486531 0.0980948  0.731493
0.0362445  0.111265      0.73 0.0487621 0.0981173  0.731477
0.0363222  0.111259      0.73 0.0488711 0.0981399  0.731461
0.0363995  0.111254      0.73 0.0489799 0.0981626  0.731445
0.0364764  0.111248      0.73 0.0490886 0.0981854  0.731429
0.0365531  0.111242      0.73 0.0491972 0.0982083  0.731413
0.0366294  0.111236      0.73 0.0493057 0.0982312  0.731397
0.0367054  0.111231      0.73  0.049414 0.0982542  0.731381
0.0367811  0.111225      0.73 0.0495221 0.0982774  0.731364
0.0368565  0.111219      0.73 0.0496302 0.0983006  0.731348
0.0369315  0.111214      0.73 0.0497381 0.0983239  0.731332
0.0370062  0.111208      0.73 0.0498459 0.0983473  0.731315
0.0370806  0.111203      0.73 0.0499535 0.0983708  0.731298
0.0371547  0.111197      0.73  0.050061 0.0983943  0.731282
0.0372284  0.111191      0.73 0.0501684  0.098418  0.731265
0.0373018  0.111186      0.73 0.0502756 0.0984417  0.731248
0.0373749   0.11118      0.73 0.0503827 0.0984656  0.731231
0.0374477  0.111175      0.73 0.0504896 0.0984895  0.731215
0.0375201   0.11117      0.73 0.0505964 0.0985135  0.731198
0.0375922  0.111164      0.73 0.0507031 0.0985376  0.731181
0.037664 0.111159     0.73 0.0508096 0.0985618  0.731163
0.0377355  0.111153      0.73 0.0509159 0.0985861  0.731146
0.0378066  0.111148      0.73 0.0510222 0.0986105  0.731129
0.0378774  0.111143      0.73 0.0511282  0.098635  0.731112
0.0379479  0.111137      0.73 0.0512341 0.0986596  0.731094
0.0380181  0.111132      0.73 0.0513399 0.0986842  0.731077
0.0380879  0.111127      0.73 0.0514455  0.098709   0.73106
0.0381574  0.111122      0.73 0.0515509 0.0987338  0.731042
0.0382266  0.111116      0.73 0.0516562 0.0987587  0.731024
0.0382954  0.111111      0.73 0.0517614 0.0987838  0.731007
0.038364 0.111106     0.73 0.0518663 0.0988089  0.730989
0.0384322  0.111101      0.73 0.0519712 0.0988341  0.730971
0.0385001  0.111096      0.73 0.0520758 0.0988594  0.730953
0.0385676  0.111091      0.73 0.0521803 0.0988848  0.730935
0.0386348  0.111086      0.73 0.0522847 0.0989103  0.730918
0.0387018  0.111081      0.73 0.0523888 0.0989359  0.730899
0.0387683  0.111076      0.73 0.0524929 0.0989616  0.730881
0.0388346  0.111071      0.73 0.0525967 0.0989873  0.730863
0.0389005  0.111066      0.73 0.0527004 0.0990132  0.730845
0.0389662  0.111061      0.73 0.0528039 0.0990392  0.730827
0.0390314  0.111056      0.73 0.0529073 0.0990652  0.730808
0.0390964  0.111051      0.73 0.0530105 0.0990914   0.73079
0.0391611  0.111046      0.73 0.0531135 0.0991177  0.730771
0.0392254  0.111041      0.73 0.0532163  0.099144  0.730753
0.0392894  0.111037      0.73  0.053319 0.0991705  0.730734
0.0393531  0.111032      0.73 0.0534215  0.099197  0.730716
0.0394165  0.111027      0.73 0.0535238 0.0992237  0.730697
0.0394795  0.111022      0.73  0.053626 0.0992505  0.730678
0.0395422  0.111018      0.73  0.053728 0.0992773  0.730659
0.0396047  0.111013      0.73 0.0538298 0.0993043   0.73064
0.0396668  0.111008      0.73 0.0539314 0.0993313  0.730621
0.0397285  0.111004      0.73 0.0540329 0.0993585  0.730602
 0.03979 0.110999     0.73 0.0541341 0.0993857  0.730583
0.0398511  0.110994      0.73 0.0542352  0.099413  0.730564
0.039912  0.11099     0.73 0.0543361 0.0994405  0.730545
0.0399725  0.110985      0.73 0.0544369  0.099468  0.730525
0.0400327  0.110981      0.73 0.0545374 0.0994957  0.730506
0.0400926  0.110976      0.73 0.0546378 0.0995234  0.730487
0.0401521  0.110972      0.73  0.054738 0.0995513  0.730467
0.0402114  0.110967      0.73  0.054838 0.0995792  0.730448
0.0402704  0.110963      0.73 0.0549378 0.0996073  0.730428
0.040329 0.110959     0.73 0.0550374 0.0996354  0.730409
0.0403873  0.110954      0.73 0.0551369 0.0996636  0.730389
0.0404453   0.11095      0.73 0.0552361  0.099692  0.730369
0.040503 0.110946     0.73 0.0553352 0.0997204   0.73035
0.0405604  0.110941      0.73 0.0554341  0.099749   0.73033
0.0406175  0.110937      0.73 0.0555327 0.0997776   0.73031
0.0406743  0.110933      0.73 0.0556312 0.0998064   0.73029
0.0407308  0.110928      0.73 0.0557295 0.0998352   0.73027
0.0407869  0.110924      0.73 0.0558277 0.0998642   0.73025
0.0408428   0.11092      0.73 0.0559256 0.0998932   0.73023
0.0408983  0.110916      0.73 0.0560233 0.0999224   0.73021
0.0409536  0.110912      0.73 0.0561209 0.0999516   0.73019
0.0410085  0.110908      0.73 0.0562182  0.099981   0.73017
0.0410632  0.110903      0.73 0.0563153   0.10001   0.73015
0.0411175  0.110899      0.73 0.0564123   0.10004  0.730129
0.0411715  0.110895      0.73 0.056509  0.10007 0.730109
0.0412253  0.110891      0.73 0.0566056  0.100099  0.730089
0.0412787  0.110887      0.73 0.0567019  0.100129  0.730069
0.0413318  0.110883      0.73 0.0567981  0.100159  0.730048
0.0413847  0.110879      0.73 0.056894 0.100189 0.730028
0.0414372  0.110875      0.73 0.0569898  0.100219  0.730007
0.0414894  0.110871      0.73 0.0570853   0.10025  0.729987
0.0415413  0.110868      0.73 0.0571807   0.10028  0.729966
0.041593 0.110864     0.73 0.0572758  0.100311  0.729946
0.0416443   0.11086      0.73 0.0573708  0.100341  0.729925
0.0416954  0.110856      0.73 0.0574655  0.100372  0.729905
0.0417461  0.110852      0.73 0.0575601  0.100403  0.729884
0.0417966  0.110848      0.73 0.0576544  0.100433  0.729863
0.0418467  0.110845      0.73 0.0577485  0.100464  0.729843
0.0418966  0.110841      0.73 0.0578424  0.100496  0.729822
0.0419461  0.110837      0.73 0.0579361  0.100527  0.729801
0.0419954  0.110833      0.73 0.0580296  0.100558  0.729781
0.0420444   0.11083      0.73 0.0581229  0.100589   0.72976
0.0420931  0.110826      0.73 0.058216 0.100621 0.729739
0.0421415  0.110823      0.73 0.0583088  0.100653  0.729718
0.0421896  0.110819      0.73 0.0584015  0.100684  0.729697
0.0422374  0.110815      0.73 0.058494 0.100716 0.729676
0.0422849  0.110812      0.73 0.0585862  0.100748  0.729655
0.0423322  0.110808      0.73 0.0586782   0.10078  0.729635
0.0423791  0.110805      0.73  0.05877 0.100813 0.729614
0.0424258  0.110801      0.73 0.0588616  0.100845  0.729593
0.0424722  0.110798      0.73 0.058953 0.100878 0.729572
0.0425182  0.110794      0.73 0.0590442  0.100912  0.729551
0.042564 0.110791     0.73 0.0591352  0.100945   0.72953
0.0426096  0.110787      0.73 0.0592259  0.100979  0.729509
0.0426548  0.110784      0.73 0.0593165  0.101013  0.729488
0.0426997  0.110781      0.73 0.0594068  0.101047  0.729467
0.0427444  0.110777      0.73 0.0594969  0.101082  0.729446
0.0427888  0.110774      0.73 0.0595868  0.101117  0.729425
0.0428329  0.110771      0.73 0.0596765  0.101152  0.729403
0.0428767  0.110767      0.73 0.059766 0.101188 0.729382
0.0429202  0.110764      0.73 0.0598552  0.101223  0.729361
0.0429634  0.110761      0.73 0.0599442   0.10126   0.72934
0.0430064  0.110758      0.73 0.060033 0.101296 0.729319
0.0430491  0.110754      0.73 0.0601216  0.101333  0.729298
0.0430915  0.110751      0.73  0.06021  0.10137 0.729277
0.0431336  0.110748      0.73 0.0602982  0.101407  0.729255
0.0431754  0.110745      0.73 0.0603862  0.101445  0.729234
0.043217 0.110742     0.73 0.0604739  0.101482  0.729213
0.0432583  0.110739      0.73 0.0605615  0.101521  0.729192
0.0432993  0.110736      0.73 0.0606488  0.101559   0.72917
 0.04334 0.110733     0.73 0.0607359  0.101598  0.729149
0.0433805  0.110729      0.73 0.0608228  0.101636  0.729128
0.0434206  0.110726      0.73 0.0609095  0.101676  0.729106
0.0434605  0.110723      0.73 0.060996 0.101715 0.729085
0.0435002  0.110721      0.73 0.0610823  0.101755  0.729064
0.0435395  0.110718      0.73 0.0611683  0.101795  0.729042
0.0435786  0.110715      0.73 0.0612542  0.101835  0.729021
0.0436174  0.110712      0.73 0.0613398  0.101875     0.729
0.0436559  0.110709      0.73 0.0614253  0.101915  0.728978
0.0436941  0.110706      0.73 0.0615105  0.101956  0.728957
0.0437321  0.110703      0.73 0.0615955  0.101997  0.728936
0.0437698    0.1107      0.73 0.0616803  0.102038  0.728914
0.0438072  0.110697      0.73 0.0617649   0.10208  0.728893
0.0438444  0.110695      0.73 0.0618493  0.102121  0.728872
0.0438813  0.110692      0.73 0.0619335  0.102163  0.728851
0.0439179  0.110689      0.73 0.0620174  0.102205  0.728829
0.0439542  0.110686      0.73 0.0621012  0.102247  0.728808
0.0439903  0.110684      0.73 0.0621848  0.102289  0.728787
0.0440261  0.110681      0.73 0.0622681  0.102332  0.728766
0.0440616  0.110678      0.73 0.0623513  0.102374  0.728745
0.0440969  0.110676      0.73 0.0624342  0.102417  0.728724
0.0441319  0.110673      0.73 0.0625169   0.10246  0.728703
0.0441666   0.11067      0.73 0.0625994  0.102503  0.728682
0.0442011  0.110668      0.73 0.0626817  0.102547  0.728661
0.0442353  0.110665      0.73 0.0627638   0.10259   0.72864
0.0442692  0.110663      0.73 0.0628458  0.102634   0.72862
0.0443029   0.11066      0.73 0.0629274  0.102677  0.728599
0.0443363  0.110658      0.73 0.0630089  0.102721  0.728578
0.0443694  0.110655      0.73 0.0630902  0.102765  0.728558
0.0444023  0.110653      0.73 0.0631713   0.10281  0.728537
0.0444349   0.11065      0.73 0.0632522  0.102854  0.728517
0.0444672  0.110648      0.73 0.0633329  0.102898  0.728496
0.0444993  0.110645      0.73 0.0634135  0.102943  0.728476
0.0445311  0.110643      0.73 0.0634938  0.102988  0.728456
0.0445626  0.110641      0.73 0.0635739  0.103033  0.728436
0.0445939  0.110638      0.73 0.0636538  0.103078  0.728416
0.0446249  0.110636      0.73 0.0637335  0.103123  0.728396
0.0446557  0.110634      0.73 0.0638131  0.103168  0.728376
0.0446862  0.110631      0.73 0.0638924  0.103214  0.728356
0.0447164  0.110629      0.73 0.0639716   0.10326  0.728336
0.0447464  0.110627      0.73 0.0640506  0.103305  0.728316
0.0447761  0.110625      0.73 0.0641294  0.103351  0.728296
0.0448056  0.110622      0.73 0.064208 0.103397 0.728277
0.0448348   0.11062      0.73 0.0642864  0.103443  0.728257
0.0448638  0.110618      0.73 0.0643646   0.10349  0.728238
0.0448925  0.110616      0.73 0.0644426  0.103536  0.728219
0.0449209  0.110614      0.73 0.0645205  0.103583  0.728199
0.0449491  0.110612      0.73 0.0645982  0.103629   0.72818
0.044977  0.11061     0.73 0.0646757  0.103676  0.728161
0.0450047  0.110608      0.73 0.064753 0.103723 0.728142
0.0450321  0.110605      0.73 0.0648302   0.10377  0.728123
0.0450592  0.110603      0.73 0.0649071  0.103817  0.728104
0.0450861  0.110601      0.73 0.0649839  0.103865  0.728086
0.0451128  0.110599      0.73 0.0650605  0.103912  0.728067
0.0451392  0.110597      0.73 0.0651369   0.10396  0.728048
0.0451654  0.110595      0.73 0.0652132  0.104007   0.72803
0.0451913  0.110594      0.73 0.0652893  0.104055  0.728012
0.0452169  0.110592      0.73 0.0653652  0.104103  0.727993
0.0452423   0.11059      0.73 0.0654409  0.104151  0.727975
0.0452675  0.110588      0.73 0.0655165  0.104199  0.727957
0.0452924  0.110586      0.73 0.0655918  0.104248  0.727939
0.045317 0.110584     0.73 0.065667 0.104296 0.727922
0.0453414  0.110582      0.73 0.065742 0.104345 0.727904
0.0453656   0.11058      0.73 0.0658169  0.104393  0.727886
0.0453895  0.110579      0.73 0.0658916  0.104442  0.727869
0.0454132  0.110577      0.73 0.0659661  0.104491  0.727851
0.0454366  0.110575      0.73 0.0660404  0.104539  0.727834
0.0454598  0.110573      0.73 0.0661145  0.104588  0.727817
0.0454827  0.110572      0.73 0.0661885  0.104637  0.727799
0.0455054   0.11057      0.73 0.0662623  0.104686  0.727782
0.0455279  0.110568      0.73 0.0663359  0.104735  0.727765
0.0455501  0.110567      0.73 0.0664093  0.104784  0.727748
0.0455721  0.110565      0.73 0.0664826  0.104834  0.727732
0.0455938  0.110563      0.73 0.0665556  0.104883  0.727715
0.0456153  0.110562      0.73 0.0666285  0.104932  0.727698
0.0456366   0.11056      0.73 0.0667012  0.104981  0.727682
0.0456576  0.110559      0.73 0.0667738  0.105031  0.727665
0.0456784  0.110557      0.73 0.0668461   0.10508  0.727649
0.0456989  0.110555      0.73 0.0669183   0.10513  0.727632
0.0457192  0.110554      0.73 0.0669903  0.105179  0.727616
0.0457393  0.110552      0.73 0.0670621  0.105229    0.7276
0.0457592  0.110551      0.73 0.0671337  0.105278  0.727583
0.0457788  0.110549      0.73 0.0672052  0.105328  0.727567
0.0457982  0.110548      0.73 0.0672764  0.105378  0.727551
0.0458173  0.110547      0.73 0.0673475  0.105428  0.727535
0.0458362  0.110545      0.73 0.0674184  0.105478  0.727519
0.0458549  0.110544      0.73 0.0674891  0.105527  0.727504
0.0458734  0.110542      0.73 0.0675597  0.105577  0.727488
0.0458916  0.110541      0.73  0.06763 0.105627 0.727472
0.0459096   0.11054      0.73 0.0677002  0.105677  0.727456
0.0459274  0.110538      0.73 0.0677702  0.105727  0.727441
0.045945 0.110537     0.73  0.06784 0.105778 0.727425
0.0459623  0.110536      0.73 0.0679096  0.105828   0.72741
0.0459794  0.110534      0.73 0.067979 0.105878 0.727394
0.0459963  0.110533      0.73 0.0680481  0.105928  0.727379
0.046013 0.110532     0.73 0.0681171  0.105979  0.727364
0.0460294  0.110531      0.73 0.0681857  0.106029  0.727348
0.0460457  0.110529      0.73 0.0682541  0.106079  0.727333
0.0460617  0.110528      0.73 0.0683223   0.10613  0.727318
0.0460775  0.110527      0.73 0.0683902   0.10618  0.727303
0.0460931  0.110526      0.73 0.0684578  0.106231  0.727288
0.0461084  0.110525      0.73 0.0685251  0.106282  0.727274
0.0461236  0.110524      0.73 0.0685922  0.106332  0.727259
0.0461385  0.110522      0.73 0.068659 0.106383 0.727244
0.0461532  0.110521      0.73 0.0687256  0.106434   0.72723
0.0461677   0.11052      0.73 0.0687919  0.106485  0.727215
0.046182 0.110519     0.73 0.068858 0.106536 0.727201
0.0461961  0.110518      0.73 0.0689238  0.106586  0.727186
 0.04621 0.110517     0.73 0.0689894  0.106637  0.727172
0.0462237  0.110516      0.73 0.0690548  0.106688  0.727157
0.0462372  0.110515      0.73  0.06912  0.10674 0.727143
0.0462505  0.110514      0.73 0.0691849  0.106791  0.727129
0.0462635  0.110513      0.73 0.0692497  0.106842  0.727114
0.0462764  0.110512      0.73 0.0693142  0.106893    0.7271
0.0462891  0.110511      0.73 0.0693785  0.106944  0.727086
0.0463015   0.11051      0.73 0.0694426  0.106996  0.727072
0.0463138  0.110509      0.73 0.0695066  0.107047  0.727057
0.0463258  0.110508      0.73 0.0695703  0.107098  0.727043
0.0463377  0.110507      0.73 0.0696338   0.10715  0.727029
0.0463494  0.110507      0.73 0.0696972  0.107202  0.727015
0.0463609  0.110506      0.73 0.0697603  0.107253     0.727
0.0463722  0.110505      0.73 0.0698233  0.107305  0.726986
0.0463833  0.110504      0.73 0.069886 0.107356 0.726972
0.0463942  0.110503      0.73 0.0699487  0.107408  0.726958
0.0464049  0.110502      0.73 0.0700111   0.10746  0.726944
0.0464154  0.110502      0.73 0.0700733  0.107512  0.726929
0.0464258  0.110501      0.73 0.0701354  0.107564  0.726915
0.0464359    0.1105      0.73 0.0701973  0.107616  0.726901
0.0464459  0.110499      0.73 0.0702591  0.107668  0.726886
0.0464557  0.110499      0.73 0.0703206   0.10772  0.726872
0.0464653  0.110498      0.73 0.0703821  0.107772  0.726858
0.0464748  0.110497      0.73 0.0704433  0.107825  0.726843
0.046484 0.110496     0.73 0.0705044  0.107877  0.726829
0.0464931  0.110496      0.73 0.0705653  0.107929  0.726815
0.046502 0.110495     0.73 0.0706261  0.107982    0.7268
0.0465107  0.110494      0.73 0.0706867  0.108035  0.726786
0.0465193  0.110494      0.73 0.0707471  0.108087  0.726771
0.0465277  0.110493      0.73 0.0708074   0.10814  0.726757
0.0465359  0.110493      0.73 0.0708675  0.108193  0.726742
0.0465439  0.110492      0.73 0.0709275  0.108246  0.726728
0.0465518  0.110491      0.73 0.0709873  0.108299  0.726713
0.0465595  0.110491      0.73 0.071047 0.108353 0.726699
0.0465671   0.11049      0.73 0.0711065  0.108406  0.726685
0.0465745   0.11049      0.73 0.0711658  0.108459   0.72667
0.0465817  0.110489      0.73 0.071225 0.108513 0.726656
0.0465888  0.110489      0.73 0.0712841  0.108567  0.726641
0.0465957  0.110488      0.73 0.0713429   0.10862  0.726627
0.0466025  0.110488      0.73 0.0714017  0.108674  0.726612
0.0466091  0.110487      0.73 0.0714603  0.108728  0.726597
0.0466155  0.110487      0.73 0.0715187  0.108782  0.726583
0.0466218  0.110486      0.73 0.071577 0.108836 0.726568
0.046628 0.110486     0.73 0.0716352  0.108891  0.726554
0.046634 0.110485     0.73 0.0716931  0.108945  0.726539
0.0466398  0.110485      0.73 0.071751 0.108999 0.726525
0.0466455  0.110484      0.73 0.0718087  0.109054   0.72651
0.0466511  0.110484      0.73 0.0718663  0.109108  0.726496
0.0466565  0.110484      0.73 0.0719237  0.109163  0.726481
0.0466618  0.110483      0.73 0.0719809  0.109218  0.726467
0.0466669  0.110483      0.73 0.072038 0.109273 0.726452
0.0466719  0.110482      0.73 0.072095 0.109328 0.726438
0.0466768  0.110482      0.73 0.0721519  0.109383  0.726423
0.0466816  0.110482      0.73 0.0722085  0.109438  0.726409
0.0466862  0.110481      0.73 0.0722651  0.109493  0.726394
0.0466906  0.110481      0.73 0.0723215  0.109548   0.72638
0.046695 0.110481     0.73 0.0723778  0.109603  0.726365
0.0466992   0.11048      0.73 0.0724339  0.109659  0.726351
0.0467033   0.11048      0.73 0.0724899  0.109714  0.726336
0.0467073   0.11048      0.73 0.0725457   0.10977  0.726321
0.0467112  0.110479      0.73 0.0726015  0.109825  0.726307
0.0467149  0.110479      0.73 0.072657 0.109881 0.726292
0.0467185  0.110479      0.73 0.0727125  0.109937  0.726278
0.046722 0.110479     0.73 0.0727678  0.109992  0.726263
0.0467254  0.110478      0.73 0.0728229  0.110048  0.726249
0.0467287  0.110478      0.73 0.0728779  0.110104  0.726234
0.0467319  0.110478      0.73 0.0729328   0.11016   0.72622
0.0467349  0.110478      0.73 0.0729876  0.110216  0.726205
0.0467379  0.110477      0.73 0.0730421  0.110273  0.726191
0.0467408  0.110477      0.73 0.0730966  0.110329  0.726176
0.0467435  0.110477      0.73 0.0731509  0.110385  0.726162
0.0467462  0.110477      0.73 0.0732051  0.110442  0.726148
0.0467487  0.110477      0.73 0.0732592  0.110498  0.726133
0.0467512  0.110476      0.73 0.0733131  0.110555  0.726119
0.0467536  0.110476      0.73 0.0733669  0.110611  0.726104
0.0467558  0.110476      0.73 0.0734206  0.110668   0.72609
0.046758 0.110476     0.73 0.0734741  0.110725  0.726075
0.0467601  0.110476      0.73 0.0735275  0.110782  0.726061
0.0467621  0.110476      0.73 0.0735807  0.110838  0.726046
0.0467641  0.110475      0.73 0.0736338  0.110895  0.726032
0.0467659  0.110475      0.73 0.0736868  0.110952  0.726018
0.0467677  0.110475      0.73 0.0737396   0.11101  0.726003
0.0467694  0.110475      0.73 0.0737922  0.111067  0.725989
0.046771 0.110475     0.73 0.0738447  0.111124  0.725974
0.0467725  0.110475      0.73 0.0738971  0.111181   0.72596
0.046774 0.110475     0.73 0.0739493  0.111239  0.725945
0.0467754  0.110475      0.73 0.0740014  0.111296  0.725931
0.0467768  0.110474      0.73 0.0740534  0.111354  0.725917
0.046778 0.110474     0.73 0.0741052  0.111412  0.725902
0.0467792  0.110474      0.73 0.0741568  0.111469  0.725888
0.0467804  0.110474      0.73 0.0742083  0.111527  0.725873
0.0467815  0.110474      0.73 0.0742596  0.111585  0.725859
0.0467825  0.110474      0.73 0.0743108  0.111643  0.725845
0.0467835  0.110474      0.73 0.0743619  0.111701   0.72583
0.0467844  0.110474      0.73 0.0744128  0.111759  0.725816
0.0467853  0.110474      0.73 0.0744635  0.111817  0.725802
0.0467862  0.110474      0.73 0.0745141  0.111876  0.725787
0.046787 0.110474     0.73 0.0745645  0.111934  0.725773
0.0467877  0.110474      0.73 0.0746148  0.111993  0.725759
0.0467884  0.110474      0.73 0.0746649  0.112051  0.725744
0.0467891  0.110474      0.73 0.0747149   0.11211   0.72573
0.0467897  0.110474      0.73 0.0747647  0.112169  0.725716
0.0467904  0.110473      0.73 0.0748144  0.112227  0.725701
0.0467909  0.110473      0.73 0.0748639  0.112286  0.725687
0.0467915  0.110473      0.73 0.0749133  0.112345  0.725673
0.046792 0.110473     0.73 0.0749625  0.112404  0.725658
0.0467925  0.110473      0.73 0.0750115  0.112464  0.725644
0.046793 0.110473     0.73 0.0750605  0.112523   0.72563
0.0467935  0.110473      0.73 0.0751092  0.112582  0.725615
0.0467939  0.110473      0.73 0.0751578  0.112642  0.725601
0.0467944  0.110473      0.73 0.0752062  0.112701  0.725587
0.0467948  0.110473      0.73 0.0752545  0.112761  0.725572
0.0467952  0.110473      0.73 0.0753026   0.11282  0.725558
-0.0524802  -0.111843       0.73 -0.0524802  -0.111843   0.719765
-0.0524802  -0.111843       0.73 -0.0525188  -0.111776   0.719895
-0.0524802  -0.111843       0.73 -0.0525566  -0.111708   0.720026
-0.0524802  -0.111843       0.73 -0.0525936   -0.11164   0.720157
-0.0524802  -0.111843       0.73 -0.0526298  -0.111572   0.720288
-0.0524802  -0.111843       0.73 -0.0526652  -0.111504   0.720419
-0.0524802  -0.111843       0.73 -0.0526998  -0.111435    0.72055
-0.0524801  -0.111843       0.73 -0.0527337  -0.111367   0.720682
 -0.05248 -0.111843      0.73 -0.0527668  -0.111298   0.720814
-0.0524799  -0.111843       0.73 -0.052799 -0.111228  0.720946
-0.0524798  -0.111843       0.73 -0.0528305  -0.111159   0.721078
-0.0524796  -0.111843       0.73 -0.0528611   -0.11109   0.721211
-0.0524795  -0.111843       0.73 -0.052891  -0.11102  0.721344
-0.0524792  -0.111843       0.73 -0.05292 -0.11095 0.721477
-0.052479 -0.111843      0.73 -0.0529482   -0.11088    0.72161
-0.0524787  -0.111843       0.73 -0.0529756   -0.11081   0.721743
-0.0524783  -0.111843       0.73 -0.0530279  -0.110668   0.722011
-0.0524779  -0.111843       0.73 -0.0530528  -0.110597   0.722144
-0.0524775  -0.111843       0.73 -0.0530768  -0.110526   0.722279
-0.052477 -0.111843      0.73   -0.0531 -0.110455  0.722413
-0.0524765  -0.111843       0.73 -0.0531223  -0.110384   0.722547
-0.0524758  -0.111843       0.73 -0.0531438  -0.110312   0.722682
-0.0524752  -0.111843       0.73 -0.0531643   -0.11024   0.722816
-0.0524745  -0.111843       0.73 -0.053184 -0.110168  0.722951
-0.0524737  -0.111843       0.73 -0.0532028  -0.110096   0.723086
-0.0524728  -0.111843       0.73 -0.0532217  -0.110022   0.723219
-0.0524719  -0.111843       0.73 -0.0532408  -0.109945   0.723349
-0.0524708  -0.111843       0.73 -0.0532796  -0.109783   0.723602
-0.0524698  -0.111843       0.73 -0.0532994  -0.109699   0.723726
-0.0524686  -0.111843       0.73 -0.0533194  -0.109612   0.723847
-0.0524674  -0.111843       0.73 -0.0533398  -0.109523   0.723966
-0.052466 -0.111843      0.73 -0.0533604  -0.109432   0.724083
-0.0524646  -0.111843       0.73 -0.053382 -0.109341  0.724197
-0.0524631  -0.111843       0.73 -0.0534045   -0.10925   0.724309
-0.0524615  -0.111843       0.73 -0.0534279   -0.10916   0.724418
-0.0524598  -0.111843       0.73 -0.0534521   -0.10907   0.724524
-0.052458 -0.111842      0.73 -0.0534771  -0.108981   0.724628
-0.0524561  -0.111842       0.73 -0.0535029  -0.108892    0.72473
-0.0524541  -0.111842       0.73 -0.0535294  -0.108804   0.724829
-0.052452 -0.111842      0.73 -0.0536038  -0.108696   0.724916
-0.0524498  -0.111842       0.73 -0.0536126  -0.108542   0.725112
-0.0524474  -0.111842       0.73 -0.0536413  -0.108456   0.725202
-0.052445 -0.111842      0.73 -0.0536705  -0.108371    0.72529
-0.0524424  -0.111842       0.73 -0.0537001  -0.108286   0.725376
-0.0524398  -0.111842       0.73 -0.0537299  -0.108201    0.72546
-0.052437 -0.111842      0.73  -0.05376 -0.108117  0.725541
-0.0524341  -0.111842       0.73 -0.0537872  -0.108033   0.725619
-0.052431 -0.111842      0.73 -0.0538115  -0.107949   0.725693
-0.0524278  -0.111841       0.73 -0.0538331  -0.107866   0.725764
-0.0524245  -0.111841       0.73 -0.0538521  -0.107782    0.72583
-0.0524211  -0.111841       0.73 -0.0538682    -0.1077   0.725894
-0.0524175  -0.111841       0.73 -0.0538817  -0.107617   0.725954
-0.0524138  -0.111841       0.73 -0.0538926  -0.107535   0.726011
 -0.05241 -0.111841      0.73 -0.0539013  -0.107454   0.726065
-0.052406 -0.111841      0.73 -0.0539078  -0.107373   0.726116
-0.0524019  -0.111841       0.73 -0.0539122  -0.107292   0.726164
-0.0523976   -0.11184       0.73 -0.0539146  -0.107212    0.72621
-0.0523931   -0.11184       0.73 -0.0539152  -0.107132   0.726253
-0.0523886   -0.11184       0.73 -0.0539141  -0.107052   0.726294
-0.0523838   -0.11184       0.73 -0.0539113  -0.106973   0.726332
-0.0523789   -0.11184       0.73 -0.0539069  -0.106894   0.726369
-0.0523739   -0.11184       0.73 -0.0539009  -0.106815   0.726404
-0.0523687  -0.111839       0.73 -0.0538933  -0.106737   0.726436
-0.0523633  -0.111839       0.73 -0.0538841  -0.106659   0.726467
-0.0523577  -0.111839       0.73 -0.0538734  -0.106581   0.726497
-0.052352 -0.111839      0.73 -0.0538612  -0.106504   0.726524
-0.0523461  -0.111839       0.73 -0.0538477  -0.106427    0.72655
-0.0523401  -0.111839       0.73 -0.0538329   -0.10635   0.726575
-0.0523339  -0.111838       0.73 -0.0538168  -0.106273   0.726598
-0.0523275  -0.111838       0.73 -0.0537996  -0.106197    0.72662
-0.0523209  -0.111838       0.73 -0.0537812  -0.106121    0.72664
-0.0523141  -0.111838       0.73 -0.0537617  -0.106045    0.72666
-0.0523072  -0.111837       0.73 -0.0537413  -0.105969   0.726678
  -0.0523 -0.111837      0.73 -0.0537199  -0.105893   0.726695
-0.0522927  -0.111837       0.73 -0.0536976  -0.105818   0.726712
-0.0522852  -0.111837       0.73 -0.0536744  -0.105742   0.726727
-0.0522775  -0.111836       0.73 -0.0536504  -0.105667   0.726741
-0.0522696  -0.111836       0.73 -0.0536257  -0.105593   0.726755
-0.0522616  -0.111836       0.73 -0.0536002  -0.105518   0.726767
-0.0522533  -0.111836       0.73 -0.053574 -0.105443  0.726779
-0.0522448  -0.111835       0.73 -0.053547 -0.105369   0.72679
-0.0522361  -0.111835       0.73 -0.0535192  -0.105295   0.726801
-0.0522272  -0.111835       0.73 -0.0534908  -0.105221    0.72681
-0.0522181  -0.111834       0.73 -0.0534618  -0.105147    0.72682
-0.0522088  -0.111834       0.73 -0.0534321  -0.105073   0.726828
-0.0521993  -0.111834       0.73 -0.0534019  -0.104999   0.726836
-0.0521896  -0.111833       0.73 -0.0533712  -0.104926   0.726844
-0.0521797  -0.111833       0.73  -0.05334 -0.104853  0.726851
-0.0521695  -0.111833       0.73 -0.0533083  -0.104779   0.726857
-0.0521591  -0.111832       0.73 -0.0532762  -0.104706   0.726863
-0.0521486  -0.111832       0.73 -0.0532437  -0.104633   0.726869
-0.0521377  -0.111832       0.73 -0.0532107  -0.104561   0.726874
-0.0521267  -0.111831       0.73 -0.0531773  -0.104488   0.726879
-0.0521155  -0.111831       0.73 -0.0531435  -0.104415   0.726883
-0.052104 -0.111831      0.73 -0.0531093  -0.104343   0.726887
-0.0520923   -0.11183       0.73 -0.0530748  -0.104271   0.726891
-0.0520803   -0.11183       0.73 -0.0530399  -0.104199   0.726895
-0.0520682  -0.111829       0.73 -0.0530046  -0.104127   0.726898
-0.0520558  -0.111829       0.73 -0.052969 -0.104055  0.726901
-0.0520431  -0.111829       0.73 -0.0529331  -0.103983   0.726903
-0.0520302  -0.111828       0.73 -0.0528969  -0.103912   0.726906
-0.0520171  -0.111828       0.73 -0.0528604   -0.10384   0.726908
-0.0520038  -0.111827       0.73 -0.0528236  -0.103769    0.72691
-0.0519902  -0.111827       0.73 -0.0527864  -0.103698   0.726912
-0.0519763  -0.111826       0.73 -0.052749 -0.103627  0.726914
-0.0519622  -0.111826       0.73 -0.0527112  -0.103556   0.726915
-0.0519479  -0.111825       0.73 -0.0526732  -0.103486   0.726917
-0.0519333  -0.111825       0.73 -0.0526348  -0.103415   0.726918
-0.0519184  -0.111824       0.73 -0.0525962  -0.103345   0.726919
-0.0519033  -0.111824       0.73 -0.0525573  -0.103275    0.72692
-0.051888 -0.111823      0.73 -0.0525182  -0.103205   0.726921
-0.0518724  -0.111823       0.73 -0.0524788  -0.103135   0.726922
-0.0518565  -0.111822       0.73 -0.0524392  -0.103066   0.726923
-0.0518404  -0.111822       0.73 -0.0523994  -0.102997   0.726924
-0.051824 -0.111821      0.73 -0.0523594  -0.102927   0.726925
-0.0518074  -0.111821       0.73 -0.0523192  -0.102858   0.726926
-0.0517905   -0.11182       0.73 -0.0522787  -0.102789   0.726927
-0.0517733   -0.11182       0.73 -0.0522381  -0.102721   0.726928
-0.0517558  -0.111819       0.73 -0.0521972  -0.102652   0.726929
-0.0517381  -0.111818       0.73 -0.0521562  -0.102584    0.72693
-0.0517201  -0.111818       0.73 -0.0521149  -0.102516   0.726931
-0.0517019  -0.111817       0.73 -0.0520735  -0.102448   0.726932
-0.0516833  -0.111817       0.73 -0.0520318   -0.10238   0.726933
-0.0516645  -0.111816       0.73  -0.05199 -0.102313  0.726934
-0.0516455  -0.111815       0.73 -0.0519479  -0.102246   0.726936
-0.0516261  -0.111815       0.73 -0.0519057  -0.102179   0.726937
-0.0516065  -0.111814       0.73 -0.0518632  -0.102112   0.726939
-0.0515865  -0.111813       0.73 -0.0518205  -0.102045    0.72694
-0.0515663  -0.111813       0.73 -0.0517777  -0.101979   0.726942
-0.0515458  -0.111812       0.73 -0.0517346  -0.101912   0.726944
-0.0515251  -0.111811       0.73 -0.0516913  -0.101846   0.726946
-0.051504 -0.111811      0.73 -0.0516479  -0.101781   0.726948
-0.0514826   -0.11181       0.73 -0.0516042  -0.101715    0.72695
-0.051461 -0.111809      0.73 -0.0515603   -0.10165   0.726952
-0.0514391  -0.111808       0.73 -0.0515163  -0.101585   0.726954
-0.0514169  -0.111808       0.73 -0.051472  -0.10152  0.726957
-0.0513943  -0.111807       0.73 -0.0514276  -0.101455    0.72696
-0.0513715  -0.111806       0.73 -0.0513829  -0.101391   0.726962
-0.0513484  -0.111805       0.73 -0.051338 -0.101326  0.726965
-0.051325 -0.111805      0.73 -0.0512928  -0.101262   0.726969
-0.0513013  -0.111804       0.73 -0.0512475  -0.101199   0.726972
-0.0512773  -0.111803       0.73 -0.0512019  -0.101135   0.726976
-0.051253 -0.111802      0.73 -0.0511561  -0.101072   0.726979
-0.0512284  -0.111801       0.73  -0.05111 -0.101009  0.726984
-0.0512035    -0.1118       0.73 -0.0510638  -0.100947   0.726988
-0.0511783    -0.1118       0.73 -0.0510173  -0.100884   0.726993
-0.0511528  -0.111799       0.73 -0.0509707  -0.100822   0.726997
-0.0511269  -0.111798       0.73 -0.0509239   -0.10076   0.727003
-0.0511008  -0.111797       0.73 -0.0508768  -0.100698   0.727008
-0.0510743  -0.111796       0.73 -0.0508297  -0.100637   0.727014
-0.0510476  -0.111795       0.73 -0.0507824  -0.100576    0.72702
-0.0510205  -0.111794       0.73 -0.050735 -0.100515  0.727026
-0.0509931  -0.111793       0.73 -0.0506874  -0.100454   0.727033
-0.0509654  -0.111792       0.73 -0.0506397  -0.100394    0.72704
-0.0509374  -0.111792       0.73 -0.0505919  -0.100334   0.727048
-0.0509091  -0.111791       0.73 -0.050544 -0.100274  0.727056
-0.0508805   -0.11179       0.73 -0.050496 -0.100214  0.727064
-0.0508515  -0.111789       0.73 -0.0504479  -0.100155   0.727072
-0.0508222  -0.111788       0.73 -0.0503997  -0.100096   0.727081
-0.0507926  -0.111787       0.73 -0.0503515  -0.100037    0.72709
-0.0507627  -0.111786       0.73 -0.0503031 -0.0999782     0.7271
-0.0507325  -0.111785       0.73 -0.0502547 -0.0999199    0.72711
-0.0507019  -0.111784       0.73 -0.0502063 -0.0998618    0.72712
-0.050671 -0.111783      0.73 -0.0501578  -0.099804   0.727131
-0.0506398  -0.111782       0.73 -0.0501092 -0.0997464   0.727141
-0.0506083   -0.11178       0.73 -0.0500606  -0.099689   0.727153
-0.0505764  -0.111779       0.73 -0.0500119  -0.099632   0.727164
-0.0505442  -0.111778       0.73 -0.0499632 -0.0995752   0.727176
-0.0505117  -0.111777       0.73 -0.0499144 -0.0995186   0.727188
-0.0504789  -0.111776       0.73 -0.0498656 -0.0994623   0.727201
-0.0504457  -0.111775       0.73 -0.0498166 -0.0994062   0.727214
-0.0504122  -0.111774       0.73 -0.0497676 -0.0993504   0.727227
-0.0503783  -0.111773       0.73 -0.0497185 -0.0992948    0.72724
-0.0503442  -0.111772       0.73 -0.0496693 -0.0992395   0.727254
-0.0503097   -0.11177       0.73 -0.0496201 -0.0991844   0.727268
-0.0502749  -0.111769       0.73 -0.0495708 -0.0991295   0.727282
-0.0502397  -0.111768       0.73 -0.0495215 -0.0990749   0.727297
-0.0502042  -0.111767       0.73 -0.0494721 -0.0990205   0.727312
-0.0501684  -0.111766       0.73 -0.0494227 -0.0989664   0.727327
-0.0501322  -0.111765       0.73 -0.0493732 -0.0989125   0.727343
-0.0500957  -0.111763       0.73 -0.0493237 -0.0988589   0.727359
-0.0500589  -0.111762       0.73 -0.0492741 -0.0988054   0.727375
-0.0500217  -0.111761       0.73 -0.0492245 -0.0987523   0.727392
-0.0499842   -0.11176       0.73 -0.0491748 -0.0986993   0.727409
-0.0499464  -0.111758       0.73 -0.0491251 -0.0986466   0.727427
-0.0499082  -0.111757       0.73 -0.0490753 -0.0985941   0.727444
-0.0498697  -0.111756       0.73 -0.0490255 -0.0985419   0.727462
-0.0498309  -0.111754       0.73 -0.0489755 -0.0984899    0.72748
-0.0497917  -0.111753       0.73 -0.0489255 -0.0984381   0.727499
-0.0497522  -0.111752       0.73 -0.0488755 -0.0983866   0.727518
-0.0497123   -0.11175       0.73 -0.0488254 -0.0983353   0.727537
-0.0496721  -0.111749       0.73 -0.0487752 -0.0982843   0.727556
-0.0496316  -0.111748       0.73  -0.048725 -0.0982334   0.727576
-0.0495907  -0.111746       0.73 -0.0486747 -0.0981828   0.727596
-0.0495495  -0.111745       0.73 -0.0486243 -0.0981325   0.727616
-0.049508 -0.111744      0.73 -0.0485739 -0.0980824   0.727636
-0.0494661  -0.111742       0.73 -0.0485234 -0.0980326   0.727657
-0.0494238  -0.111741       0.73 -0.0484728 -0.0979831   0.727678
-0.0493813  -0.111739       0.73 -0.0484221 -0.0979339   0.727699
-0.0493384  -0.111738       0.73 -0.0483714 -0.0978849    0.72772
-0.0492951  -0.111736       0.73 -0.0483206 -0.0978363   0.727741
-0.0492515  -0.111735       0.73 -0.0482697  -0.097788   0.727763
-0.0492076  -0.111734       0.73 -0.0482187   -0.09774   0.727784
-0.0491634  -0.111732       0.73 -0.0481677 -0.0976923   0.727806
-0.0491188  -0.111731       0.73 -0.0481166  -0.097645   0.727828
-0.0490738  -0.111729       0.73 -0.0480654 -0.0975979    0.72785
-0.0490286  -0.111728       0.73 -0.0480141 -0.0975512   0.727873
-0.048983 -0.111726      0.73 -0.0479627 -0.0975048   0.727895
-0.048937 -0.111724      0.73 -0.0479113 -0.0974587   0.727917
-0.0488907  -0.111723       0.73 -0.0478597  -0.097413    0.72794
-0.0488441  -0.111721       0.73 -0.0478081 -0.0973676   0.727963
-0.0487971   -0.11172       0.73 -0.0477564 -0.0973224   0.727986
-0.0487499  -0.111718       0.73 -0.0477047 -0.0972776   0.728009
-0.0487022  -0.111717       0.73 -0.0476528 -0.0972331   0.728032
-0.0486543  -0.111715       0.73 -0.0476008 -0.0971889   0.728055
-0.048606 -0.111713      0.73 -0.0475488  -0.097145   0.728078
-0.0485573  -0.111712       0.73 -0.0474967 -0.0971014   0.728101
-0.0485083   -0.11171       0.73 -0.0474444 -0.0970581   0.728125
-0.048459 -0.111708      0.73 -0.0473921 -0.0970151   0.728148
-0.0484094  -0.111707       0.73 -0.0473397 -0.0969723   0.728171
-0.0483594  -0.111705       0.73 -0.0472872 -0.0969298   0.728195
-0.0483091  -0.111703       0.73 -0.0472347 -0.0968875   0.728218
-0.0482585  -0.111702       0.73  -0.047182 -0.0968455   0.728242
-0.0482075    -0.1117       0.73 -0.0471292 -0.0968038   0.728265
-0.0481562  -0.111698       0.73 -0.0470764 -0.0967622   0.728289
-0.0481046  -0.111697       0.73 -0.0470235 -0.0967209   0.728313
-0.0480526  -0.111695       0.73 -0.0469704 -0.0966798   0.728336
-0.0480003  -0.111693       0.73 -0.0469173 -0.0966389    0.72836
-0.0479477  -0.111691       0.73 -0.0468641 -0.0965982   0.728383
-0.0478947   -0.11169       0.73 -0.0468107 -0.0965577   0.728407
-0.0478414  -0.111688       0.73 -0.0467573 -0.0965174   0.728431
-0.0477878  -0.111686       0.73 -0.0467038 -0.0964772   0.728454
-0.0477339  -0.111684       0.73 -0.0466502 -0.0964372   0.728478
-0.0476796  -0.111682       0.73 -0.0465965 -0.0963974   0.728502
-0.047625  -0.11168      0.73 -0.0465427 -0.0963577   0.728525
-0.0475701  -0.111679       0.73 -0.0464888 -0.0963181   0.728549
-0.0475148  -0.111677       0.73 -0.0464348 -0.0962787   0.728572
-0.0474592  -0.111675       0.73 -0.0463806 -0.0962395   0.728596
-0.0474033  -0.111673       0.73 -0.0463264 -0.0962003    0.72862
-0.0473471  -0.111671       0.73 -0.0462721 -0.0961613   0.728643
-0.0472905  -0.111669       0.73 -0.0462177 -0.0961224   0.728666
-0.0472336  -0.111667       0.73 -0.0461632 -0.0960837    0.72869
-0.0471764  -0.111665       0.73 -0.0461086 -0.0960451   0.728713
-0.0471188  -0.111664       0.73 -0.0460538 -0.0960066   0.728737
-0.047061 -0.111662      0.73  -0.045999 -0.0959683    0.72876
-0.0470028   -0.11166       0.73  -0.045944 -0.0959301   0.728783
-0.0469443  -0.111658       0.73 -0.045889 -0.095892  0.728807
-0.0468854  -0.111656       0.73 -0.0458338  -0.095854    0.72883
-0.0468263  -0.111654       0.73 -0.0457786 -0.0958162   0.728853
-0.0467668  -0.111652       0.73 -0.0457232 -0.0957786   0.728876
-0.0467069   -0.11165       0.73 -0.0456677  -0.095741   0.728899
-0.0466468  -0.111648       0.73 -0.0456121 -0.0957036   0.728922
-0.0465863  -0.111646       0.73 -0.0455564 -0.0956663   0.728945
-0.0465255  -0.111644       0.73 -0.0455006 -0.0956292   0.728968
-0.0464644  -0.111642       0.73 -0.0454447 -0.0955922   0.728991
-0.046403  -0.11164      0.73 -0.0453886 -0.0955553   0.729013
-0.0463412  -0.111637       0.73 -0.0453325 -0.0955185   0.729036
-0.0462791  -0.111635       0.73 -0.0452762 -0.0954818   0.729059
-0.0462167  -0.111633       0.73 -0.0452198 -0.0954453   0.729081
-0.046154 -0.111631      0.73 -0.0451634 -0.0954088   0.729104
-0.0460909  -0.111629       0.73 -0.0451068 -0.0953725   0.729126
-0.0460275  -0.111627       0.73   -0.04505 -0.0953363   0.729149
-0.0459638  -0.111625       0.73 -0.0449932 -0.0953003   0.729171
-0.0458998  -0.111623       0.73 -0.0449363 -0.0952643   0.729193
-0.0458354  -0.111621       0.73 -0.0448792 -0.0952285   0.729215
-0.0457707  -0.111618       0.73  -0.044822 -0.0951928   0.729237
-0.0457057  -0.111616       0.73 -0.0447647 -0.0951571   0.729259
-0.0456404  -0.111614       0.73 -0.0447073 -0.0951217   0.729281
-0.0455747  -0.111612       0.73 -0.0446498 -0.0950863   0.729303
-0.0455087   -0.11161       0.73 -0.0445921  -0.095051   0.729325
-0.0454424  -0.111607       0.73 -0.0445344 -0.0950159   0.729347
-0.0453757  -0.111605       0.73 -0.0444765 -0.0949809   0.729368
-0.0453087  -0.111603       0.73 -0.0444185  -0.094946    0.72939
-0.0452414  -0.111601       0.73 -0.0443604 -0.0949112   0.729411
-0.0451738  -0.111598       0.73 -0.0443022 -0.0948765   0.729432
-0.0451058  -0.111596       0.73 -0.0442438  -0.094842   0.729454
-0.0450376  -0.111594       0.73 -0.0441854 -0.0948076   0.729475
-0.0449689  -0.111591       0.73 -0.0441268 -0.0947733   0.729496
  -0.0449 -0.111589      0.73 -0.0440681 -0.0947391   0.729517
-0.0448307  -0.111587       0.73 -0.0440092 -0.0947051   0.729538
-0.0447611  -0.111584       0.73 -0.0439503 -0.0946712   0.729559
-0.0446912  -0.111582       0.73 -0.0438912 -0.0946374   0.729579
-0.0446209   -0.11158       0.73  -0.043832 -0.0946037     0.7296
-0.0445503  -0.111577       0.73 -0.0437727 -0.0945702   0.729621
-0.0444794  -0.111575       0.73 -0.0437133 -0.0945367   0.729641
-0.0444081  -0.111573       0.73 -0.0436537 -0.0945034   0.729662
-0.0443365   -0.11157       0.73 -0.0435941 -0.0944703   0.729682
-0.0442646  -0.111568       0.73 -0.0435343 -0.0944372   0.729702
-0.0441923  -0.111565       0.73 -0.0434743 -0.0944043   0.729722
-0.0441197  -0.111563       0.73 -0.0434143 -0.0943714   0.729742
-0.0440468  -0.111561       0.73 -0.0433541 -0.0943387   0.729762
-0.0439735  -0.111558       0.73 -0.0432938 -0.0943061   0.729782
  -0.0439 -0.111556      0.73 -0.0432334 -0.0942737   0.729802
-0.043826 -0.111553      0.73 -0.0431729 -0.0942413   0.729821
-0.0437518  -0.111551       0.73 -0.0431122 -0.0942091   0.729841
-0.0436772  -0.111548       0.73 -0.0430514  -0.094177   0.729861
-0.0436022  -0.111546       0.73 -0.0429905  -0.094145    0.72988
-0.043527 -0.111543      0.73 -0.0429294 -0.0941131   0.729899
-0.0434514  -0.111541       0.73 -0.0428682 -0.0940813   0.729918
-0.0433754  -0.111538       0.73  -0.042807 -0.0940497   0.729938
-0.0432992  -0.111535       0.73 -0.0427455 -0.0940181   0.729957
-0.0432226  -0.111533       0.73  -0.042684 -0.0939867   0.729975
-0.0431456   -0.11153       0.73 -0.0426223 -0.0939554   0.729994
-0.0430683  -0.111528       0.73 -0.0425605 -0.0939242   0.730013
-0.0429907  -0.111525       0.73 -0.0424985 -0.0938931   0.730032
-0.0429128  -0.111523       0.73 -0.0424364 -0.0938621    0.73005
-0.0428345   -0.11152       0.73 -0.0423742 -0.0938313   0.730069
-0.0427559  -0.111517       0.73 -0.0423119 -0.0938005   0.730087
-0.0426769  -0.111515       0.73 -0.0422495 -0.0937699   0.730105
-0.0425976  -0.111512       0.73 -0.0421869 -0.0937394   0.730123
-0.042518 -0.111509      0.73 -0.0421241  -0.093709   0.730142
-0.042438 -0.111507      0.73 -0.0420613 -0.0936787    0.73016
-0.0423577  -0.111504       0.73 -0.0419983 -0.0936486   0.730177
-0.0422771  -0.111501       0.73 -0.0419352 -0.0936185   0.730195
-0.0421961  -0.111499       0.73  -0.041872 -0.0935886   0.730213
-0.0421148  -0.111496       0.73 -0.0418086 -0.0935588   0.730231
-0.0420331  -0.111493       0.73 -0.0417451 -0.0935291   0.730248
-0.0419511   -0.11149       0.73 -0.0416814 -0.0934995   0.730266
-0.0418688  -0.111488       0.73 -0.0416176 -0.0934701   0.730283
-0.0417861  -0.111485       0.73 -0.0415537 -0.0934407     0.7303
-0.0417031  -0.111482       0.73 -0.0414896 -0.0934115   0.730317
-0.0416198  -0.111479       0.73 -0.0414254 -0.0933824   0.730334
-0.0415361  -0.111476       0.73  -0.041361 -0.0933534   0.730351
-0.0414521  -0.111474       0.73 -0.0412966 -0.0933246   0.730368
-0.0413678  -0.111471       0.73 -0.0412319 -0.0932958   0.730384
-0.0412831  -0.111468       0.73 -0.0411671 -0.0932672   0.730401
-0.0411981  -0.111465       0.73 -0.0411022 -0.0932387   0.730417
-0.0411128  -0.111462       0.73 -0.0410371 -0.0932104   0.730434
-0.0410271  -0.111459       0.73 -0.0409719 -0.0931821    0.73045
-0.0409411  -0.111456       0.73 -0.0409065  -0.093154   0.730466
-0.0408547  -0.111454       0.73  -0.040841 -0.0931259   0.730482
-0.0407681  -0.111451       0.73 -0.0407753  -0.093098   0.730498
-0.0406811  -0.111448       0.73 -0.0407095 -0.0930702   0.730514
-0.0405937  -0.111445       0.73 -0.0406436 -0.0930426   0.730529
-0.0405061  -0.111442       0.73 -0.0405775  -0.093015   0.730545
-0.040418 -0.111439      0.73 -0.0405113 -0.0929876    0.73056
-0.0403297  -0.111436       0.73 -0.0404449 -0.0929603   0.730576
-0.040241 -0.111433      0.73 -0.0403784 -0.0929331   0.730591
-0.0401521   -0.11143       0.73 -0.0403117  -0.092906   0.730606
-0.0400627  -0.111427       0.73 -0.0402449  -0.092879   0.730621
-0.0399731  -0.111424       0.73 -0.0401779 -0.0928521   0.730636
-0.0398831  -0.111421       0.73 -0.0401108 -0.0928254   0.730651
-0.0397928  -0.111418       0.73 -0.0400436 -0.0927987   0.730666
-0.0397021  -0.111415       0.73 -0.0399762 -0.0927722    0.73068
-0.0396112  -0.111412       0.73 -0.0399087 -0.0927458   0.730695
-0.0395199  -0.111409       0.73  -0.039841 -0.0927195   0.730709
-0.0394283  -0.111406       0.73 -0.0397732 -0.0926933   0.730724
-0.0393363  -0.111403       0.73 -0.0397052 -0.0926672   0.730738
-0.039244   -0.1114      0.73 -0.0396371 -0.0926413   0.730752
-0.0391515  -0.111396       0.73 -0.0395689 -0.0926154   0.730766
-0.0390585  -0.111393       0.73 -0.0395005 -0.0925897    0.73078
-0.0389653   -0.11139       0.73 -0.0394319 -0.0925641   0.730794
-0.0388717  -0.111387       0.73 -0.0393632 -0.0925386   0.730808
-0.0387779  -0.111384       0.73 -0.0392944 -0.0925132   0.730822
-0.0386836  -0.111381       0.73 -0.0392254 -0.0924879   0.730836
-0.0385891  -0.111378       0.73 -0.0391563 -0.0924627   0.730849
-0.0384943  -0.111374       0.73 -0.0390871 -0.0924377   0.730863
-0.0383991  -0.111371       0.73 -0.0390177 -0.0924127   0.730876
-0.0383036  -0.111368       0.73 -0.0389481 -0.0923879    0.73089
-0.0382078  -0.111365       0.73 -0.0388784 -0.0923631   0.730903
-0.0381117  -0.111362       0.73 -0.0388086 -0.0923385   0.730916
-0.0380153  -0.111358       0.73 -0.0387386  -0.092314   0.730929
-0.0379185  -0.111355       0.73 -0.0386684 -0.0922896   0.730942
-0.0378215  -0.111352       0.73 -0.0385982 -0.0922653   0.730955
-0.0377241  -0.111349       0.73 -0.0385277 -0.0922411   0.730968
-0.0376264  -0.111345       0.73 -0.0384572 -0.0922171   0.730981
-0.0375284  -0.111342       0.73 -0.0383865 -0.0921931   0.730993
-0.0374301  -0.111339       0.73 -0.0383156 -0.0921692   0.731006
-0.0373315  -0.111335       0.73 -0.0382446 -0.0921455   0.731018
-0.0372325  -0.111332       0.73 -0.0381734 -0.0921219   0.731031
-0.0371333  -0.111329       0.73 -0.0381021 -0.0920983   0.731043
-0.0370337  -0.111325       0.73 -0.0380307 -0.0920749   0.731056
-0.0369339  -0.111322       0.73 -0.0379591 -0.0920516   0.731068
-0.0368337  -0.111319       0.73 -0.0378873 -0.0920284    0.73108
-0.0367332  -0.111315       0.73 -0.0378155 -0.0920053   0.731092
-0.0366324  -0.111312       0.73 -0.0377434 -0.0919823   0.731104
-0.0365314  -0.111309       0.73 -0.0376712 -0.0919594   0.731116
 -0.03643 -0.111305      0.73 -0.0375989 -0.0919366   0.731128
-0.0363283  -0.111302       0.73 -0.0375264 -0.0919139    0.73114
-0.0362263  -0.111298       0.73 -0.0374538 -0.0918914   0.731151
-0.036124 -0.111295      0.73  -0.037381 -0.0918689   0.731163
-0.0360214  -0.111292       0.73 -0.0373081 -0.0918466   0.731174
-0.0359186  -0.111288       0.73  -0.037235 -0.0918243   0.731186
-0.0358154  -0.111285       0.73 -0.0371618 -0.0918022   0.731197
-0.0357119  -0.111281       0.73 -0.0370884 -0.0917802   0.731209
-0.0356081  -0.111278       0.73 -0.0370149 -0.0917583    0.73122
-0.035504 -0.111274      0.73 -0.0369412 -0.0917365   0.731231
-0.0353997  -0.111271       0.73 -0.0368674 -0.0917148   0.731242
-0.035295 -0.111267      0.73 -0.0367934 -0.0916932   0.731253
-0.0351901  -0.111264       0.73 -0.0367193 -0.0916717   0.731264
-0.0350848   -0.11126       0.73  -0.036645 -0.0916504   0.731275
-0.0349793  -0.111257       0.73 -0.0365706 -0.0916291   0.731286
-0.0348735  -0.111253       0.73 -0.036496 -0.091608  0.731297
-0.0347674   -0.11125       0.73 -0.0364213 -0.0915869   0.731307
-0.034661 -0.111246      0.73 -0.0363465  -0.091566   0.731318
-0.0345543  -0.111242       0.73 -0.0362715 -0.0915452   0.731329
-0.0344473  -0.111239       0.73 -0.0361963 -0.0915245   0.731339
-0.0343401  -0.111235       0.73  -0.036121 -0.0915039    0.73135
-0.0342326  -0.111232       0.73 -0.0360455 -0.0914834    0.73136
-0.0341248  -0.111228       0.73 -0.0359699  -0.091463    0.73137
-0.0340167  -0.111224       0.73 -0.0358942 -0.0914428   0.731381
-0.0339083  -0.111221       0.73 -0.0358183 -0.0914226   0.731391
-0.0337996  -0.111217       0.73 -0.0357422 -0.0914026   0.731401
-0.0336907  -0.111213       0.73  -0.035666 -0.0913827   0.731411
-0.0335815   -0.11121       0.73 -0.0355897 -0.0913628   0.731421
-0.033472 -0.111206      0.73 -0.0355132 -0.0913432   0.731431
-0.0333623  -0.111202       0.73 -0.0354365 -0.0913236   0.731441
-0.0332522  -0.111199       0.73 -0.0353598 -0.0913041   0.731451
-0.0331419  -0.111195       0.73 -0.0352828 -0.0912847   0.731461
-0.0330314  -0.111191       0.73 -0.0352057 -0.0912655   0.731471
-0.0329205  -0.111188       0.73 -0.0351285 -0.0912464    0.73148
-0.0328094  -0.111184       0.73 -0.0350511 -0.0912274    0.73149
-0.032698  -0.11118      0.73 -0.0349736 -0.0912085   0.731499
-0.0325864  -0.111176       0.73 -0.0348959 -0.0911897   0.731509
-0.0324745  -0.111173       0.73 -0.0348181  -0.091171   0.731518
-0.0323623  -0.111169       0.73 -0.0347401 -0.0911525   0.731528
-0.0322498  -0.111165       0.73 -0.0346619  -0.091134   0.731537
-0.0321371  -0.111161       0.73 -0.0345837 -0.0911157   0.731547
-0.0320242  -0.111158       0.73 -0.0345052 -0.0910975   0.731556
-0.031911 -0.111154      0.73 -0.0344267 -0.0910794   0.731565
-0.0317975   -0.11115       0.73 -0.0343479 -0.0910614   0.731574
-0.0316837  -0.111146       0.73  -0.034269 -0.0910436   0.731583
-0.0315697  -0.111142       0.73   -0.03419 -0.0910259   0.731592
-0.0314555  -0.111139       0.73 -0.0341108 -0.0910082   0.731601
-0.031341 -0.111135      0.73 -0.0340315 -0.0909907    0.73161
-0.0312262  -0.111131       0.73  -0.033952 -0.0909734   0.731619
-0.0311112  -0.111127       0.73 -0.0338724 -0.0909561   0.731628
-0.0309959  -0.111123       0.73 -0.0337927  -0.090939   0.731637
-0.0308804  -0.111119       0.73 -0.0337127 -0.0909219   0.731645
-0.0307647  -0.111115       0.73 -0.0336327  -0.090905   0.731654
-0.0306486  -0.111111       0.73 -0.0335524 -0.0908882   0.731662
-0.0305324  -0.111108       0.73 -0.0334721 -0.0908716   0.731671
-0.0304159  -0.111104       0.73 -0.0333916  -0.090855   0.731679
-0.0302991    -0.1111       0.73 -0.0333109 -0.0908386   0.731688
-0.0301822  -0.111096       0.73 -0.0332301 -0.0908223   0.731696
-0.0300649  -0.111092       0.73 -0.0331491 -0.0908061   0.731705
-0.0299475  -0.111088       0.73 -0.033068  -0.09079  0.731713
-0.0298298  -0.111084       0.73 -0.0329867 -0.0907741   0.731721
-0.0297118   -0.11108       0.73 -0.0329053 -0.0907583   0.731729
-0.0295936  -0.111076       0.73 -0.0328237 -0.0907426   0.731737
-0.0294752  -0.111072       0.73 -0.032742 -0.090727  0.731745
-0.0293566  -0.111068       0.73 -0.0326602 -0.0907115   0.731753
-0.0292377  -0.111064       0.73 -0.0325782 -0.0906962   0.731761
-0.0291186   -0.11106       0.73 -0.032496 -0.090681  0.731769
-0.0289992  -0.111056       0.73 -0.0324137 -0.0906659   0.731777
-0.0288796  -0.111052       0.73 -0.0323313 -0.0906509   0.731785
-0.0287598  -0.111048       0.73 -0.0322486 -0.0906361   0.731793
-0.0286398  -0.111044       0.73 -0.0321659 -0.0906213     0.7318
-0.0285196   -0.11104       0.73  -0.032083 -0.0906067   0.731808
-0.0283991  -0.111036       0.73 -0.0319999 -0.0905922   0.731815
-0.0282784  -0.111032       0.73 -0.0319167 -0.0905779   0.731823
-0.0281574  -0.111028       0.73 -0.0318334 -0.0905636    0.73183
-0.0280363  -0.111024       0.73 -0.0317499 -0.0905495   0.731838
-0.0279149   -0.11102       0.73 -0.0316663 -0.0905355   0.731845
-0.0277934  -0.111016       0.73 -0.0315825 -0.0905217   0.731852
-0.0276716  -0.111012       0.73 -0.0314985 -0.0905079    0.73186
-0.0275495  -0.111008       0.73 -0.0314144 -0.0904943   0.731867
-0.0274273  -0.111003       0.73 -0.0313302 -0.0904808   0.731874
-0.0273049  -0.110999       0.73 -0.0312458 -0.0904674   0.731881
-0.0271822  -0.110995       0.73 -0.0311613 -0.0904542   0.731888
-0.0270594  -0.110991       0.73 -0.0310766 -0.0904411   0.731895
-0.0269363  -0.110987       0.73 -0.0309918 -0.0904281   0.731902
-0.026813 -0.110983      0.73 -0.0309068 -0.0904152   0.731909
-0.0266895  -0.110979       0.73 -0.0308216 -0.0904025   0.731915
-0.0265658  -0.110975       0.73 -0.0307364 -0.0903899   0.731922
-0.026442  -0.11097      0.73  -0.030651 -0.0903774   0.731929
-0.0263179  -0.110966       0.73 -0.0305654 -0.0903651   0.731936
-0.0261936  -0.110962       0.73 -0.0304796 -0.0903528   0.731942
-0.0260691  -0.110958       0.73 -0.0303938 -0.0903407   0.731949
-0.0259444  -0.110954       0.73 -0.0303078 -0.0903287   0.731955
-0.0258195   -0.11095       0.73 -0.0302216 -0.0903169   0.731962
-0.0256944  -0.110945       0.73 -0.0301353 -0.0903052   0.731968
-0.0255691  -0.110941       0.73 -0.0299622 -0.0902821   0.731981
-0.0254436  -0.110937       0.73 -0.0298755 -0.0902707   0.731987
-0.025318 -0.110933      0.73 -0.0297886 -0.0902595   0.731993
-0.0251921  -0.110929       0.73 -0.0297016 -0.0902484   0.731999
-0.0250661  -0.110924       0.73 -0.0296144 -0.0902375   0.732005
-0.0249398   -0.11092       0.73  -0.029527 -0.0902266   0.732011
-0.0248134  -0.110916       0.73 -0.0294396 -0.0902159   0.732017
-0.0246868  -0.110912       0.73  -0.029352 -0.0902053   0.732023
 -0.02456 -0.110907      0.73 -0.0292642 -0.0901948   0.732029
-0.0244331  -0.110903       0.73 -0.0291763 -0.0901845   0.732035
-0.0243059  -0.110899       0.73 -0.0290883 -0.0901743   0.732041
-0.0241786  -0.110895       0.73 -0.0290001 -0.0901642   0.732046
-0.0240511   -0.11089       0.73 -0.0288233 -0.0901443   0.732058
-0.0239234  -0.110886       0.73 -0.0287347 -0.0901346   0.732063
-0.0237955  -0.110882       0.73 -0.028646 -0.090125  0.732069
-0.0236675  -0.110877       0.73 -0.0285571 -0.0901156   0.732074
-0.0235393  -0.110873       0.73 -0.0284681 -0.0901062    0.73208
-0.0234109  -0.110869       0.73 -0.028379 -0.090097  0.732085
-0.0232823  -0.110865       0.73 -0.0282897  -0.090088    0.73209
-0.0231536   -0.11086       0.73 -0.0282002  -0.090079   0.732096
-0.0230247  -0.110856       0.73 -0.0281107 -0.0900702   0.732101
-0.0228957  -0.110852       0.73  -0.028021 -0.0900614   0.732106
-0.0227665  -0.110847       0.73 -0.0279311 -0.0900529   0.732111
-0.0226371  -0.110843       0.73 -0.0278412 -0.0900444   0.732116
-0.0225076  -0.110839       0.73 -0.0277511 -0.0900361   0.732121
-0.0223779  -0.110834       0.73 -0.0276608 -0.0900279   0.732127
-0.022248  -0.11083      0.73 -0.0275705 -0.0900198   0.732131
-0.022118 -0.110826      0.73 -0.0273893  -0.090004   0.732141
-0.0219878  -0.110821       0.73 -0.0272985 -0.0899963   0.732146
-0.0218575  -0.110817       0.73 -0.0272076 -0.0899887   0.732151
-0.021727 -0.110812      0.73 -0.0271166 -0.0899813   0.732156
-0.0215964  -0.110808       0.73 -0.0270254 -0.0899739    0.73216
-0.0214656  -0.110804       0.73 -0.0269341 -0.0899667   0.732165
-0.0213346  -0.110799       0.73 -0.0268426 -0.0899596    0.73217
-0.0212036  -0.110795       0.73 -0.0267511 -0.0899526   0.732174
-0.0210723   -0.11079       0.73 -0.0266594 -0.0899457   0.732179
-0.020941 -0.110786      0.73 -0.0265675 -0.0899389   0.732183
-0.0208094  -0.110782       0.73 -0.0264755 -0.0899323   0.732188
-0.0206778  -0.110777       0.73 -0.0263835 -0.0899257   0.732192
-0.020546 -0.110773      0.73 -0.0262912 -0.0899192   0.732196
-0.020414 -0.110768      0.73 -0.0261988 -0.0899129     0.7322
-0.020282 -0.110764      0.73 -0.0261063 -0.0899067   0.732205
-0.0201498   -0.11076       0.73 -0.0259209 -0.0898945   0.732213
-0.0200174  -0.110755       0.73 -0.0258281 -0.0898886   0.732217
-0.0198849  -0.110751       0.73  -0.025735 -0.0898827   0.732221
-0.0197523  -0.110746       0.73 -0.0256419  -0.089877   0.732225
-0.0196196  -0.110742       0.73 -0.0255486 -0.0898714   0.732229
-0.0194867  -0.110737       0.73 -0.0254552 -0.0898659   0.732233
-0.0193537  -0.110733       0.73 -0.0253616 -0.0898605   0.732237
-0.0192206  -0.110728       0.73 -0.0252679 -0.0898552   0.732241
-0.0190873  -0.110724       0.73 -0.0251741   -0.08985   0.732244
-0.0189539  -0.110719       0.73 -0.0250802 -0.0898449   0.732248
-0.0188204  -0.110715       0.73 -0.0249862 -0.0898399   0.732252
-0.0186868  -0.110711       0.73 -0.0248919  -0.089835   0.732255
-0.0185531  -0.110706       0.73 -0.0247976 -0.0898302   0.732259
-0.0184192  -0.110702       0.73 -0.0247032 -0.0898255   0.732262
-0.0182853  -0.110697       0.73 -0.0246086 -0.0898209   0.732266
-0.0181512  -0.110693       0.73 -0.0245139 -0.0898164   0.732269
-0.018017 -0.110688      0.73 -0.024419 -0.089812  0.732272
-0.0178827  -0.110684       0.73 -0.0243241 -0.0898077   0.732276
-0.0177482  -0.110679       0.73  -0.024229 -0.0898036   0.732279
-0.0176137  -0.110675       0.73 -0.0241337 -0.0897995   0.732282
-0.0174791   -0.11067       0.73 -0.0240384 -0.0897956   0.732285
-0.0173443  -0.110666       0.73 -0.0239429 -0.0897917   0.732289
-0.0172095  -0.110661       0.73 -0.0238473  -0.089788   0.732292
-0.0170745  -0.110656       0.73 -0.0237515 -0.0897844   0.732295
-0.0169395  -0.110652       0.73 -0.0236556 -0.0897809   0.732298
-0.0168043  -0.110647       0.73 -0.0235596 -0.0897775   0.732301
-0.0166691  -0.110643       0.73 -0.0234635 -0.0897742   0.732303
-0.0165337  -0.110638       0.73 -0.0233672  -0.089771   0.732306
-0.0163983  -0.110634       0.73 -0.0232708 -0.0897679   0.732309
-0.0162627  -0.110629       0.73 -0.0231743  -0.089765   0.732312
-0.0161271  -0.110625       0.73 -0.0230776 -0.0897621   0.732314
-0.0159914   -0.11062       0.73 -0.0229808 -0.0897594   0.732317
-0.0158556  -0.110616       0.73 -0.0228839 -0.0897567    0.73232
-0.0157197  -0.110611       0.73 -0.0227868 -0.0897542   0.732322
-0.0155837  -0.110607       0.73 -0.0226896 -0.0897518   0.732324
-0.0154476  -0.110602       0.73 -0.0225923 -0.0897495   0.732327
-0.0153114  -0.110597       0.73 -0.0224948 -0.0897473   0.732329
-0.0151752  -0.110593       0.73 -0.0223972 -0.0897451   0.732331
-0.0150389  -0.110588       0.73 -0.0222995 -0.0897431   0.732334
-0.0149025  -0.110584       0.73 -0.0222017 -0.0897412   0.732336
-0.014766 -0.110579      0.73 -0.0221037 -0.0897394   0.732338
-0.0146294  -0.110575       0.73 -0.0220056 -0.0897378    0.73234
-0.0144928   -0.11057       0.73 -0.0219074 -0.0897362   0.732342
-0.0143561  -0.110565       0.73  -0.021809 -0.0897347   0.732344
-0.0142193  -0.110561       0.73 -0.0217105 -0.0897333   0.732346
-0.0140825  -0.110556       0.73 -0.0216119  -0.089732   0.732348
-0.0139455  -0.110552       0.73 -0.0215131 -0.0897309   0.732349
-0.0138086  -0.110547       0.73 -0.0214142 -0.0897298   0.732351
-0.0136715  -0.110542       0.73 -0.0213152 -0.0897288   0.732353
-0.0135344  -0.110538       0.73  -0.021216 -0.0897279   0.732355
-0.0133972  -0.110533       0.73 -0.0211168 -0.0897272   0.732356
 -0.01326 -0.110529      0.73 -0.0210174 -0.0897265   0.732358
-0.0131227  -0.110524       0.73 -0.0209178 -0.0897259   0.732359
-0.0129853  -0.110519       0.73 -0.0208181 -0.0897255   0.732361
-0.0128479  -0.110515       0.73 -0.0207183 -0.0897251   0.732362
-0.0127104   -0.11051       0.73 -0.0206184 -0.0897248   0.732363
-0.0125729  -0.110506       0.73 -0.0205183 -0.0897247   0.732365
-0.0124353  -0.110501       0.73 -0.0204182 -0.0897246   0.732366
-0.0122977  -0.110496       0.73 -0.0203178 -0.0897246   0.732367
 -0.01216 -0.110492      0.73 -0.0202174 -0.0897248   0.732368
-0.0120222  -0.110487       0.73 -0.0201168  -0.089725   0.732369
-0.0118845  -0.110483       0.73 -0.0200161 -0.0897253   0.732371
-0.0117466  -0.110478       0.73 -0.0199152 -0.0897258   0.732372
-0.0116088  -0.110473       0.73 -0.0198143 -0.0897263   0.732373
-0.0114708  -0.110469       0.73 -0.0197132 -0.0897269   0.732373
-0.0113329  -0.110464       0.73  -0.019612 -0.0897277   0.732374
-0.0111949  -0.110459       0.73 -0.0195106 -0.0897285   0.732375
-0.0110569  -0.110455       0.73 -0.0194091 -0.0897294   0.732376
-0.0109188   -0.11045       0.73 -0.0193075 -0.0897304   0.732377
-0.0107807  -0.110446       0.73 -0.0192057 -0.0897316   0.732377
-0.0106426  -0.110441       0.73 -0.0191039 -0.0897328   0.732378
-0.0105044  -0.110436       0.73 -0.0190019 -0.0897341   0.732379
-0.0103662  -0.110432       0.73 -0.0188997 -0.0897355   0.732379
-0.010228 -0.110427      0.73 -0.0187974  -0.089737    0.73238
-0.0100897  -0.110422       0.73 -0.0186951 -0.0897387    0.73238
-0.00995143   -0.110418        0.73 -0.0185925 -0.0897404    0.73238
-0.00981313   -0.110413        0.73 -0.0184899 -0.0897422   0.732381
-0.0096748  -0.110408       0.73 -0.0183871 -0.0897441   0.732381
-0.00953644   -0.110404        0.73 -0.0182842 -0.0897461   0.732381
-0.00939807   -0.110399        0.73 -0.0181812 -0.0897482   0.732381
-0.00925968   -0.110395        0.73  -0.018078 -0.0897504   0.732381
-0.00912127    -0.11039        0.73 -0.0179747 -0.0897527   0.732382
-0.00898285   -0.110385        0.73 -0.0178713 -0.0897551   0.732382
-0.00884441   -0.110381        0.73 -0.0177678 -0.0897576   0.732382
-0.00870596   -0.110376        0.73 -0.0176641 -0.0897602   0.732381
-0.0085675  -0.110371       0.73 -0.0175603 -0.0897629   0.732381
-0.00842903   -0.110367        0.73 -0.0174564 -0.0897656   0.732381
-0.00829055   -0.110362        0.73 -0.0173523 -0.0897685   0.732381
-0.00815206   -0.110357        0.73 -0.0172481 -0.0897715   0.732381
-0.00801357   -0.110353        0.73 -0.0171438 -0.0897746    0.73238
-0.00787508   -0.110348        0.73 -0.0170394 -0.0897778    0.73238
-0.00773658   -0.110343        0.73 -0.0169348  -0.089781   0.732379
-0.00759808   -0.110339        0.73 -0.0168301 -0.0897844   0.732379
-0.00745958   -0.110334        0.73 -0.0167253 -0.0897878   0.732378
-0.00732109    -0.11033        0.73 -0.0166203 -0.0897914   0.732377
-0.00718259   -0.110325        0.73 -0.0165153  -0.089795   0.732377
-0.00704411    -0.11032        0.73   -0.01641 -0.0897988   0.732376
-0.00690563   -0.110316        0.73 -0.0163047 -0.0898026   0.732375
-0.00676715   -0.110311        0.73 -0.0161993 -0.0898066   0.732374
-0.00662869   -0.110306        0.73 -0.0160937 -0.0898106   0.732373
-0.00649024   -0.110302        0.73  -0.015988 -0.0898147   0.732372
-0.0063518  -0.110297       0.73 -0.0158821 -0.0898189   0.732371
-0.00621337   -0.110292        0.73 -0.0157762 -0.0898233    0.73237
-0.00607496   -0.110288        0.73 -0.0156701 -0.0898277   0.732369
-0.00593657   -0.110283        0.73 -0.0155639 -0.0898322   0.732367
-0.00579819   -0.110279        0.73 -0.0154575 -0.0898368   0.732366
-0.00565984   -0.110274        0.73 -0.0153511 -0.0898415   0.732365
-0.00552151   -0.110269        0.73 -0.0152445 -0.0898463   0.732363
-0.00538319   -0.110265        0.73 -0.0151377 -0.0898512   0.732362
-0.00524491    -0.11026        0.73 -0.0150309 -0.0898562    0.73236
-0.00510665   -0.110255        0.73 -0.0149239 -0.0898613   0.732359
-0.00496841   -0.110251        0.73 -0.0148168 -0.0898665   0.732357
-0.00483021   -0.110246        0.73 -0.0147096 -0.0898717   0.732355
-0.00469204   -0.110241        0.73 -0.0146023 -0.0898771   0.732353
-0.00455389   -0.110237        0.73 -0.0144948 -0.0898826   0.732352
-0.00441578   -0.110232        0.73 -0.0143872 -0.0898881    0.73235
-0.00427771   -0.110228        0.73 -0.0142795 -0.0898938   0.732348
-0.00413967   -0.110223        0.73 -0.0141717 -0.0898996   0.732346
-0.00400167   -0.110218        0.73 -0.0140637 -0.0899054   0.732344
-0.00386371   -0.110214        0.73 -0.0139556 -0.0899114   0.732342
-0.00372579   -0.110209        0.73 -0.0138474 -0.0899174   0.732339
-0.00358791   -0.110204        0.73 -0.0137391 -0.0899235   0.732337
-0.00345007     -0.1102        0.73 -0.0136307 -0.0899298   0.732335
-0.00331228   -0.110195        0.73 -0.0135221 -0.0899361   0.732333
-0.00317454   -0.110191        0.73 -0.0134134 -0.0899425    0.73233
-0.00303684   -0.110186        0.73 -0.0133045  -0.089949   0.732328
-0.0028992  -0.110181       0.73 -0.0131956 -0.0899556   0.732325
-0.0027616  -0.110177       0.73 -0.0130865 -0.0899623   0.732323
-0.00262406   -0.110172        0.73 -0.0129774 -0.0899691    0.73232
-0.00248657   -0.110168        0.73 -0.0128681  -0.089976   0.732318
-0.00234914   -0.110163        0.73 -0.0127586  -0.089983   0.732315
-0.00221176   -0.110158        0.73 -0.0126491 -0.0899901   0.732312
-0.00207444   -0.110154        0.73 -0.0125394 -0.0899973   0.732309
-0.00193718   -0.110149        0.73 -0.0124296 -0.0900045   0.732306
-0.00179998   -0.110145        0.73 -0.0123197 -0.0900119   0.732304
-0.00166285    -0.11014        0.73 -0.0122097 -0.0900194   0.732301
-0.00152577   -0.110135        0.73 -0.0120996 -0.0900269   0.732298
-0.00138877   -0.110131        0.73 -0.0119893 -0.0900345   0.732295
-0.00125183   -0.110126        0.73 -0.0118789 -0.0900423   0.732291
-0.00111496   -0.110122        0.73 -0.0117684 -0.0900501   0.732288
-0.000978157    -0.110117         0.73 -0.0116578  -0.090058   0.732285
-0.000841427    -0.110112         0.73 -0.0115471 -0.0900661   0.732282
-0.000704771    -0.110108         0.73 -0.0114362 -0.0900742   0.732278
-0.000568188    -0.110103         0.73 -0.0113252 -0.0900824   0.732275
-0.000431682    -0.110099         0.73 -0.0112141 -0.0900907   0.732272
-0.000295252    -0.110094         0.73 -0.0111029 -0.0900991   0.732268
-0.000158902     -0.11009         0.73 -0.0109916 -0.0901075   0.732265
-2.26313e-05    -0.110085         0.73 -0.0108802 -0.0901161   0.732261
0.000113558    -0.11008        0.73 -0.0107686 -0.0901248   0.732257
0.000249664   -0.110076        0.73 -0.0106569 -0.0901336   0.732254
0.000385685   -0.110071        0.73 -0.0105452 -0.0901424    0.73225
0.00052162  -0.110067       0.73 -0.0104332 -0.0901514   0.732246
0.000657468   -0.110062        0.73 -0.0103213 -0.0901604   0.732242
0.000793227   -0.110058        0.73 -0.0102091 -0.0901695   0.732238
0.000928896   -0.110053        0.73 -0.0100969 -0.0901788   0.732234
0.00106447  -0.110048       0.73 -0.00998452  -0.0901881     0.73223
0.00119996  -0.110044       0.73 -0.00987207  -0.0901975    0.732226
0.00133535  -0.110039       0.73 -0.00975947   -0.090207    0.732222
0.00147064  -0.110035       0.73 -0.00964678  -0.0902166    0.732218
0.00160583   -0.11003       0.73 -0.00953398  -0.0902262    0.732214
0.00174093  -0.110026       0.73 -0.00942106   -0.090236    0.732209
0.00187593  -0.110021       0.73 -0.00930803  -0.0902459    0.732205
0.00201082  -0.110017       0.73 -0.00919488  -0.0902558    0.732201
0.00214561  -0.110012       0.73 -0.00908163  -0.0902659    0.732196
0.0022803 -0.110008      0.73 -0.00896826   -0.090276    0.732192
0.00241487  -0.110003       0.73 -0.00885479  -0.0902863    0.732187
0.00254935  -0.109999       0.73 -0.00874122  -0.0902966    0.732183
0.00268371  -0.109994       0.73 -0.00862753   -0.090307    0.732178
0.00281796   -0.10999       0.73 -0.00851374  -0.0903175    0.732173
0.0029521 -0.109985      0.73 -0.00839982  -0.0903281    0.732169
0.00308612  -0.109981       0.73 -0.00828582  -0.0903388    0.732164
0.00322003  -0.109976       0.73 -0.00817169  -0.0903496    0.732159
0.00335383  -0.109972       0.73 -0.00805746  -0.0903604    0.732154
0.0034875 -0.109967      0.73 -0.00794311  -0.0903714    0.732149
0.00362106  -0.109963       0.73 -0.00782869  -0.0903825    0.732144
0.0037545 -0.109958      0.73 -0.00771414  -0.0903936    0.732139
0.00388781  -0.109954       0.73 -0.00759949  -0.0904048    0.732134
 0.004021 -0.109949      0.73 -0.00748471  -0.0904161    0.732129
0.00415406  -0.109945       0.73 -0.00736986  -0.0904276    0.732124
0.004287 -0.10994     0.73 -0.0072549 -0.0904391   0.732118
0.00441981  -0.109936       0.73 -0.00713983  -0.0904507    0.732113
0.00455249  -0.109932       0.73 -0.00702464  -0.0904623    0.732108
0.00468504  -0.109927       0.73 -0.00690937  -0.0904741    0.732102
0.00481745  -0.109923       0.73 -0.00679399   -0.090486    0.732097
0.00494974  -0.109918       0.73 -0.00667853  -0.0904979    0.732092
0.00508188  -0.109914       0.73 -0.00656293    -0.09051    0.732086
0.00521389  -0.109909       0.73 -0.00644725  -0.0905221     0.73208
0.00534576  -0.109905       0.73 -0.00633149  -0.0905343    0.732075
0.00547749  -0.109901       0.73 -0.0062156 -0.0905466   0.732069
0.00560908  -0.109896       0.73 -0.0060996  -0.090559   0.732063
0.00574053  -0.109892       0.73 -0.00598355  -0.0905715    0.732058
0.00587183  -0.109887       0.73 -0.00586736  -0.0905841    0.732052
0.00600298  -0.109883       0.73 -0.0057511 -0.0905968   0.732046
0.00613399  -0.109879       0.73 -0.00563472  -0.0906095     0.73204
0.00626485  -0.109874       0.73 -0.00551826  -0.0906224    0.732034
0.00639556   -0.10987       0.73 -0.00540169  -0.0906353    0.732028
0.00652612  -0.109865       0.73 -0.00528504  -0.0906483    0.732022
0.00665653  -0.109861       0.73 -0.0051683 -0.0906614   0.732016
0.00678678  -0.109857       0.73 -0.00505145  -0.0906746     0.73201
0.00691687  -0.109852       0.73 -0.00493451  -0.0906879    0.732003
0.0070468 -0.109848      0.73 -0.00481748  -0.0907013    0.731997
0.00717658  -0.109844       0.73 -0.00470036  -0.0907148    0.731991
0.0073062 -0.109839      0.73 -0.00458314  -0.0907283    0.731985
0.00743565  -0.109835       0.73 -0.00446584  -0.0907419    0.731978
0.00756494  -0.109831       0.73 -0.00434845  -0.0907556    0.731972
0.00769407  -0.109826       0.73 -0.00423094  -0.0907695    0.731965
0.00782302  -0.109822       0.73 -0.00411337  -0.0907834    0.731959
0.00795181  -0.109818       0.73 -0.0039957 -0.0907973   0.731952
0.00808043  -0.109813       0.73 -0.00387796  -0.0908114    0.731945
0.00820888  -0.109809       0.73 -0.00376011  -0.0908256    0.731939
0.00833716  -0.109805       0.73 -0.00364218  -0.0908398    0.731932
0.00846526    -0.1098       0.73 -0.00352415  -0.0908541    0.731925
0.00859318  -0.109796       0.73 -0.00340605  -0.0908685    0.731918
0.00872093  -0.109792       0.73 -0.00328787   -0.090883    0.731912
0.0088485 -0.109788      0.73 -0.00316959  -0.0908976    0.731905
0.00897589  -0.109783       0.73 -0.00305122  -0.0909123    0.731898
0.0091031 -0.109779      0.73 -0.00293278   -0.090927    0.731891
0.00923012  -0.109775       0.73 -0.00281425  -0.0909419    0.731884
0.00935696  -0.109771       0.73 -0.00269564  -0.0909568    0.731877
0.00948361  -0.109766       0.73 -0.00257695  -0.0909718     0.73187
0.00961007  -0.109762       0.73 -0.00245817  -0.0909869    0.731862
0.00973635  -0.109758       0.73 -0.00233931  -0.0910021    0.731855
0.00986243  -0.109754       0.73 -0.00222035  -0.0910174    0.731848
0.00998832  -0.109749       0.73 -0.00210133  -0.0910327    0.731841
 0.010114 -0.109745      0.73 -0.00198222  -0.0910482    0.731833
0.0102395 -0.109741      0.73 -0.00186304  -0.0910637    0.731826
0.0103648 -0.109737      0.73 -0.00174378  -0.0910793    0.731818
0.0104899 -0.109733      0.73 -0.00162444   -0.091095    0.731811
0.0106148 -0.109728      0.73 -0.00150502  -0.0911107    0.731803
0.0107395 -0.109724      0.73 -0.00138554  -0.0911266    0.731796
0.010864 -0.10972     0.73 -0.00126596  -0.0911425    0.731788
0.0109883 -0.109716      0.73 -0.00114631  -0.0911586    0.731781
0.0111124 -0.109712      0.73 -0.00102659  -0.0911747    0.731773
0.0112363 -0.109708      0.73 -0.000906786   -0.0911909     0.731765
0.0113599 -0.109703      0.73 -0.000786909   -0.0912071     0.731757
0.0114834 -0.109699      0.73 -0.000666964   -0.0912235     0.731749
0.0116066 -0.109695      0.73 -0.000546937     -0.09124     0.731742
0.0117296 -0.109691      0.73 -0.000426838   -0.0912565     0.731734
0.0118524 -0.109687      0.73 -0.000306674   -0.0912731     0.731726
 0.011975 -0.109683      0.73 -0.000186433   -0.0912898     0.731718
0.0120974 -0.109679      0.73 -6.61161e-05   -0.0913066      0.73171
0.0122195 -0.109675      0.73 5.42537e-05  -0.0913234    0.731702
0.0123415 -0.109671      0.73  0.0001747 -0.0913404   0.731693
0.0124632 -0.109666      0.73 0.000295227  -0.0913574    0.731685
0.0125846 -0.109662      0.73 0.000415822  -0.0913745    0.731677
0.0127059 -0.109658      0.73 0.000536488  -0.0913917    0.731669
0.0128269 -0.109654      0.73 0.00065722  -0.091409   0.731661
0.0129477  -0.10965      0.73 0.000778022  -0.0914263    0.731652
0.0130682 -0.109646      0.73 0.000898884  -0.0914438    0.731644
0.0131885 -0.109642      0.73 0.00101982 -0.0914613   0.731636
0.0133086 -0.109638      0.73 0.00114083 -0.0914789   0.731627
0.0134284 -0.109634      0.73 0.00126189 -0.0914966   0.731619
0.013548 -0.10963     0.73 0.00138303 -0.0915143   0.731611
0.0136674 -0.109626      0.73 0.00150422 -0.0915322   0.731602
0.0137865 -0.109622      0.73 0.00162548 -0.0915501   0.731594
0.0139054 -0.109618      0.73 0.00174681 -0.0915681   0.731585
 0.014024 -0.109614      0.73 0.00186819 -0.0915862   0.731577
0.0141424  -0.10961      0.73 0.00198964 -0.0916044   0.731568
0.0142605 -0.109606      0.73 0.00211116 -0.0916227    0.73156
0.0143783 -0.109602      0.73 0.00223273  -0.091641   0.731551
 0.014496 -0.109598      0.73 0.00235436 -0.0916595   0.731542
0.0146133 -0.109594      0.73 0.00247603  -0.091678   0.731534
0.0147304  -0.10959      0.73 0.00259778 -0.0916966   0.731525
0.0148473 -0.109587      0.73 0.00271959 -0.0917153   0.731516
0.0149638 -0.109583      0.73 0.00284146  -0.091734   0.731508
0.0150802 -0.109579      0.73 0.00296339 -0.0917529   0.731499
0.0151962 -0.109575      0.73 0.00308537 -0.0917718    0.73149
 0.015312 -0.109571      0.73 0.00320741 -0.0917908   0.731481
0.0154275 -0.109567      0.73 0.00332951 -0.0918099   0.731472
0.0155428 -0.109563      0.73 0.00345166 -0.0918291   0.731464
0.0156578 -0.109559      0.73 0.00357387 -0.0918484   0.731455
0.0157725 -0.109556      0.73 0.00369613 -0.0918677   0.731446
0.0158869 -0.109552      0.73 0.00381846 -0.0918871   0.731437
0.0160011 -0.109548      0.73 0.00394083 -0.0919066   0.731428
 0.016115 -0.109544      0.73 0.00406325 -0.0919262   0.731419
0.0162286  -0.10954      0.73 0.00418573 -0.0919459    0.73141
0.0163419 -0.109536      0.73 0.00430826 -0.0919657   0.731401
0.0164549 -0.109533      0.73 0.00443083 -0.0919855   0.731392
0.0165677 -0.109529      0.73 0.00455346 -0.0920055   0.731382
0.0166801 -0.109525      0.73 0.00467615 -0.0920255   0.731373
0.0167923 -0.109521      0.73 0.00479889 -0.0920456   0.731364
0.0169042 -0.109518      0.73 0.00492167 -0.0920658   0.731355
0.0170158 -0.109514      0.73 0.00504451 -0.0920861   0.731346
0.0171271  -0.10951      0.73 0.00516739 -0.0921064   0.731336
0.0172381 -0.109506      0.73 0.00529032 -0.0921269   0.731327
0.0173488 -0.109503      0.73 0.00541329 -0.0921474   0.731318
0.0174592 -0.109499      0.73 0.00553631  -0.092168   0.731308
0.0175693 -0.109495      0.73 0.00565938 -0.0921887   0.731299
0.0176791 -0.109492      0.73 0.00578249 -0.0922095   0.731289
0.0177886 -0.109488      0.73 0.00590565 -0.0922304   0.731279
0.0178978 -0.109484      0.73 0.00602884 -0.0922514    0.73127
0.0180067 -0.109481      0.73 0.00615208 -0.0922724    0.73126
0.0181153 -0.109477      0.73 0.00627536 -0.0922936    0.73125
0.0182235 -0.109473      0.73 0.00639869 -0.0923148   0.731241
0.0183315  -0.10947      0.73 0.00652205 -0.0923361   0.731231
0.0184391 -0.109466      0.73 0.00664545 -0.0923575   0.731221
0.0185465 -0.109463      0.73 0.00676888  -0.092379   0.731211
0.0186535 -0.109459      0.73 0.00689235 -0.0924006   0.731201
0.0187602 -0.109455      0.73 0.00701584 -0.0924223   0.731191
0.0188665 -0.109452      0.73 0.00713939  -0.092444   0.731181
0.0189726 -0.109448      0.73 0.00726297 -0.0924659   0.731171
0.0190783 -0.109445      0.73 0.00738658 -0.0924878   0.731161
0.0191837 -0.109441      0.73 0.00751022 -0.0925098    0.73115
0.0192888 -0.109438      0.73  0.0076339 -0.0925319    0.73114
0.0193935 -0.109434      0.73 0.00775761 -0.0925541    0.73113
0.0194979 -0.109431      0.73 0.00788133 -0.0925764   0.731119
 0.019602 -0.109427      0.73  0.0080051 -0.0925988   0.731109
0.0197057 -0.109424      0.73 0.00812889 -0.0926212   0.731098
0.0198092  -0.10942      0.73 0.00825271 -0.0926437   0.731088
0.0199122 -0.109417      0.73 0.00837656 -0.0926664   0.731077
 0.020015 -0.109413      0.73 0.00850043 -0.0926891   0.731067
0.0201174  -0.10941      0.73 0.00862432 -0.0927119   0.731056
0.0202194 -0.109406      0.73 0.00874824 -0.0927347   0.731045
0.0203211 -0.109403      0.73 0.00887218 -0.0927577   0.731035
0.0204225   -0.1094      0.73 0.00899614 -0.0927807   0.731024
0.0205235 -0.109396      0.73 0.00912013 -0.0928039   0.731013
0.0206242 -0.109393      0.73 0.00924413 -0.0928271   0.731002
0.0207246  -0.10939      0.73 0.00936815 -0.0928504   0.730991
0.0208245 -0.109386      0.73 0.00949219 -0.0928738    0.73098
0.0209242 -0.109383      0.73 0.00961625 -0.0928973   0.730969
0.0210235  -0.10938      0.73 0.00974032 -0.0929208   0.730958
0.0211224 -0.109376      0.73 0.00986441 -0.0929444   0.730947
 0.021221 -0.109373      0.73  0.0099885 -0.0929682   0.730935
0.0213192  -0.10937      0.73 0.0101126 -0.092992  0.730924
0.0214171 -0.109366      0.73  0.0102367 -0.0930159   0.730913
0.0215146 -0.109363      0.73  0.0103609 -0.0930398   0.730902
0.0216117  -0.10936      0.73   0.010485 -0.0930639    0.73089
0.0217085 -0.109357      0.73 0.0106092 -0.093088  0.730879
0.0218049 -0.109353      0.73  0.0107333 -0.0931122   0.730867
0.021901 -0.10935     0.73  0.0108575 -0.0931365   0.730856
0.0219967 -0.109347      0.73  0.0109817 -0.0931609   0.730844
 0.022092 -0.109344      0.73  0.0111058 -0.0931854   0.730833
 0.022187 -0.109341      0.73    0.01123 -0.0932099   0.730821
0.0222816 -0.109337      0.73  0.0113542 -0.0932345   0.730809
0.0223759 -0.109334      0.73  0.0114784 -0.0932592   0.730798
0.0224697 -0.109331      0.73 0.0116026 -0.093284  0.730786
0.0225632 -0.109328      0.73  0.0117268 -0.0933089   0.730774
0.0226564 -0.109325      0.73   0.011851 -0.0933338   0.730762
0.0227491 -0.109322      0.73  0.0119752 -0.0933589    0.73075
0.0228415 -0.109319      0.73 0.0120993 -0.093384  0.730738
0.0229336 -0.109315      0.73  0.0122235 -0.0934092   0.730726
0.0230252 -0.109312      0.73  0.0123477 -0.0934344   0.730714
0.0231165 -0.109309      0.73  0.0124718 -0.0934598   0.730702
0.0232074 -0.109306      0.73   0.012596 -0.0934852    0.73069
0.0232979 -0.109303      0.73  0.0127201 -0.0935107   0.730678
0.0233881   -0.1093      0.73  0.0128442 -0.0935363   0.730666
0.0234779 -0.109297      0.73  0.0129683 -0.0935619   0.730654
0.0235673 -0.109294      0.73  0.0130924 -0.0935877   0.730641
0.0236563 -0.109291      0.73  0.0132165 -0.0936135   0.730629
 0.023745 -0.109288      0.73  0.0133405 -0.0936394   0.730617
0.0238332 -0.109285      0.73  0.0134645 -0.0936654   0.730604
0.0239211 -0.109282      0.73  0.0135885 -0.0936914   0.730592
0.0240087 -0.109279      0.73  0.0137125 -0.0937176   0.730579
0.0240958 -0.109277      0.73  0.0138364 -0.0937438   0.730566
0.0241826 -0.109274      0.73  0.0139603 -0.0937701   0.730554
0.0242689 -0.109271      0.73  0.0140842 -0.0937964   0.730541
 0.024355 -0.109268      0.73   0.014208 -0.0938229   0.730528
0.0244406 -0.109265      0.73  0.0143318 -0.0938494   0.730516
0.0245258 -0.109262      0.73 0.0144556 -0.093876  0.730503
0.0246107 -0.109259      0.73  0.0145793 -0.0939026    0.73049
0.0246952 -0.109256      0.73   0.014703 -0.0939294   0.730477
0.0247793 -0.109254      0.73  0.0148266 -0.0939562   0.730464
 0.024863 -0.109251      0.73  0.0149502 -0.0939831   0.730451
0.0249464 -0.109248      0.73  0.0150737 -0.0940101   0.730437
0.0250293 -0.109245      0.73  0.0151972 -0.0940371   0.730424
0.0251119 -0.109242      0.73  0.0153206 -0.0940643   0.730411
0.0251941  -0.10924      0.73   0.015444 -0.0940915   0.730398
0.0252759 -0.109237      0.73  0.0155673 -0.0941188   0.730385
0.0253574 -0.109234      0.73  0.0156905 -0.0941461   0.730371
0.0254385 -0.109232      0.73  0.0158137 -0.0941735   0.730358
0.0255191 -0.109229      0.73  0.0159368 -0.0942011   0.730345
0.0255995 -0.109226      0.73  0.0160598 -0.0942286   0.730332
0.0256794 -0.109223      0.73  0.0161827 -0.0942563   0.730319
0.0257589 -0.109221      0.73  0.0163056 -0.0942841   0.730305
0.0258381 -0.109218      0.73  0.0164284 -0.0943119   0.730292
0.0259169 -0.109215      0.73  0.0165511 -0.0943398   0.730279
0.0259953 -0.109213      0.73  0.0166737 -0.0943677   0.730266
0.0260734  -0.10921      0.73  0.0167963 -0.0943958   0.730253
 0.026151 -0.109208      0.73  0.0169187 -0.0944239    0.73024
0.0262283 -0.109205      0.73  0.0170411 -0.0944521   0.730226
0.0263052 -0.109202      0.73  0.0171634 -0.0944804   0.730213
0.0263817   -0.1092      0.73  0.0172856 -0.0945087     0.7302
0.0264579 -0.109197      0.73  0.0174078 -0.0945371   0.730187
0.0265337 -0.109195      0.73  0.0175298 -0.0945657   0.730174
0.0266091 -0.109192      0.73  0.0176518 -0.0945942   0.730161
0.0266841  -0.10919      0.73 0.0177737 -0.094623  0.730148
0.0267588 -0.109187      0.73  0.0178954 -0.0946521   0.730135
0.0268331 -0.109185      0.73  0.0180169 -0.0946814   0.730122
 0.026907 -0.109182      0.73 0.0181384 -0.094711  0.730109
0.0269805  -0.10918      0.73  0.0182597 -0.0947409   0.730096
0.0270537 -0.109177      0.73   0.018381 -0.0947711   0.730083
0.0271265 -0.109175      0.73  0.0185021 -0.0948016    0.73007
0.0271989 -0.109173      0.73  0.0186231 -0.0948324   0.730057
0.0272709  -0.10917      0.73  0.0187439 -0.0948635   0.730044
0.0273426 -0.109168      0.73  0.0188647 -0.0948949   0.730031
0.0274139 -0.109165      0.73  0.0189854 -0.0949266   0.730018
0.0274849 -0.109163      0.73   0.019106 -0.0949586   0.730006
0.0275555 -0.109161      0.73  0.0192264 -0.0949908   0.729992
0.0276257 -0.109158      0.73  0.0193468 -0.0950233   0.729979
0.0276955 -0.109156      0.73  0.0194671 -0.0950562   0.729966
 0.027765 -0.109154      0.73  0.0195872 -0.0950892   0.729953
0.0278341 -0.109151      0.73  0.0197073 -0.0951226    0.72994
0.0279029 -0.109149      0.73  0.0198273 -0.0951562   0.729927
0.0279713 -0.109147      0.73 0.0199472  -0.09519  0.729914
0.0280393 -0.109144      0.73   0.020067 -0.0952241   0.729901
 0.028107 -0.109142      0.73  0.0201867 -0.0952585   0.729887
0.0281743  -0.10914      0.73  0.0203063 -0.0952931   0.729874
0.0282412 -0.109138      0.73  0.0204259 -0.0953275   0.729861
0.0283078 -0.109135      0.73  0.0205455 -0.0953618   0.729847
 0.028374 -0.109133      0.73  0.020665 -0.095396  0.729833
0.0284399 -0.109131      0.73  0.0207844 -0.0954301    0.72982
0.0285054 -0.109129      0.73  0.0209038 -0.0954641   0.729806
0.0285705 -0.109127      0.73 0.0210231 -0.095498  0.729792
0.0286353 -0.109124      0.73 0.0211424 -0.095532  0.729778
0.0286998 -0.109122      0.73 0.0212616 -0.095566  0.729765
0.0287639  -0.10912      0.73  0.0213807 -0.0956001   0.729751
0.0288276 -0.109118      0.73  0.0214998 -0.0956343   0.729737
 0.028891 -0.109116      0.73  0.0216188 -0.0956685   0.729722
 0.028954 -0.109114      0.73 0.0217377 -0.095703  0.729708
0.0290167 -0.109112      0.73  0.0218566 -0.0957375   0.729694
 0.029079 -0.109109      0.73  0.0219754 -0.0957723    0.72968
0.0291409 -0.109107      0.73  0.0220941 -0.0958072   0.729666
0.0292026 -0.109105      0.73  0.0222127 -0.0958423   0.729651
0.0292638 -0.109103      0.73  0.0223313 -0.0958776   0.729637
0.0293247 -0.109101      0.73  0.0224498 -0.0959131   0.729623
0.0293853 -0.109099      0.73  0.0225682 -0.0959488   0.729608
0.0294455 -0.109097      0.73  0.0226865 -0.0959847   0.729594
0.0295054 -0.109095      0.73  0.0228048 -0.0960209    0.72958
0.0295649 -0.109093      0.73  0.0229229 -0.0960573   0.729565
0.0296241 -0.109091      0.73   0.023041 -0.0960939   0.729551
 0.029683 -0.109089      0.73   0.023159 -0.0961307   0.729536
0.0297415 -0.109087      0.73  0.0232769 -0.0961677   0.729522
0.0297996 -0.109085      0.73 0.0233947 -0.096205  0.729507
0.0298574 -0.109083      0.73  0.0235124 -0.0962425   0.729492
0.0299149 -0.109081      0.73  0.0236301 -0.0962802   0.729478
0.029972 -0.10908     0.73  0.0237476 -0.0963182   0.729463
0.0300288 -0.109078      0.73   0.023865 -0.0963563   0.729449
0.0300853 -0.109076      0.73  0.0239824 -0.0963947   0.729434
0.0301414 -0.109074      0.73  0.0240996 -0.0964332   0.729419
0.0301972 -0.109072      0.73 0.0242167 -0.096472  0.729405
0.0302526  -0.10907      0.73 0.0243338 -0.096511   0.72939
0.0303077 -0.109068      0.73  0.0244507 -0.0965501   0.729375
0.0303624 -0.109066      0.73  0.0245676 -0.0965895   0.729361
0.0304169 -0.109065      0.73 0.0246843 -0.096629  0.729346
 0.030471 -0.109063      0.73  0.0248009 -0.0966687   0.729331
0.0305247 -0.109061      0.73  0.0249175 -0.0967086   0.729316
0.0305781 -0.109059      0.73  0.0250339 -0.0967487   0.729302
0.0306312 -0.109057      0.73  0.0251502 -0.0967889   0.729287
 0.030684 -0.109056      0.73  0.0252664 -0.0968293   0.729272
0.0307364 -0.109054      0.73  0.0253825 -0.0968699   0.729258
0.0307885 -0.109052      0.73  0.0254985 -0.0969106   0.729243
0.0308402  -0.10905      0.73  0.0256143 -0.0969515   0.729228
0.0308917 -0.109049      0.73  0.0257301 -0.0969925   0.729214
0.0309428 -0.109047      0.73  0.0258457 -0.0970337   0.729199
0.0309935 -0.109045      0.73 0.0259613 -0.097075  0.729184
 0.031044 -0.109044      0.73  0.0260767 -0.0971164    0.72917
0.0310941 -0.109042      0.73  0.026192 -0.097158  0.729155
0.0311438  -0.10904      0.73  0.0263072 -0.0971997    0.72914
0.0311933 -0.109039      0.73  0.0264223 -0.0972415   0.729126
0.0312424 -0.109037      0.73  0.0265372 -0.0972835   0.729111
0.0312912 -0.109035      0.73   0.026652 -0.0973256   0.729097
0.0313397 -0.109034      0.73  0.0267668 -0.0973678   0.729082
0.0313879 -0.109032      0.73  0.0268814 -0.0974101   0.729067
0.0314357 -0.109031      0.73  0.0269959 -0.0974526   0.729053
0.0314832 -0.109029      0.73  0.0271103 -0.0974951   0.729038
0.0315304 -0.109027      0.73  0.0272245 -0.0975378   0.729024
0.0315772 -0.109026      0.73  0.0273387 -0.0975806   0.729009
0.0316238 -0.109024      0.73  0.0274527 -0.0976235   0.728995
  0.03167 -0.109023      0.73  0.0275666 -0.0976665   0.728981
0.0317159 -0.109021      0.73  0.0276805 -0.0977096   0.728966
0.0317614  -0.10902      0.73  0.0277942 -0.0977528   0.728952
0.0318067 -0.109018      0.73  0.0279077 -0.0977961   0.728937
0.0318516 -0.109017      0.73  0.0280212 -0.0978395   0.728923
0.0318962 -0.109015      0.73  0.0281346 -0.0978831   0.728909
0.0319405 -0.109014      0.73  0.0282478 -0.0979267   0.728895
0.0319845 -0.109012      0.73   0.028361 -0.0979704   0.728881
0.0320281 -0.109011      0.73   0.028474 -0.0980142   0.728866
0.0320715 -0.109009      0.73  0.0285869 -0.0980581   0.728852
0.0321145 -0.109008      0.73  0.0286998 -0.0981021   0.728838
0.0321572 -0.109006      0.73  0.0288125 -0.0981462   0.728824
0.0321996 -0.109005      0.73  0.0289251 -0.0981904    0.72881
0.0322416 -0.109003      0.73  0.0290376 -0.0982347   0.728797
0.0322834 -0.109002      0.73  0.0291499 -0.0982791   0.728783
0.0323248 -0.109001      0.73  0.0292622 -0.0983236   0.728769
 0.032366 -0.108999      0.73  0.0293744 -0.0983682   0.728755
0.0324068 -0.108998      0.73  0.0294865 -0.0984129   0.728742
0.0324473 -0.108997      0.73  0.0295984 -0.0984577   0.728728
0.0324875 -0.108995      0.73  0.0297103 -0.0985026   0.728714
0.0325274 -0.108994      0.73   0.029822 -0.0985476   0.728701
0.0325669 -0.108993      0.73  0.0299337 -0.0985926   0.728688
0.0326062 -0.108991      0.73  0.0300452 -0.0986378   0.728674
0.0326452  -0.10899      0.73  0.0301567 -0.0986831   0.728661
0.0326838 -0.108989      0.73   0.030268 -0.0987285   0.728648
0.0327221 -0.108987      0.73 0.0303793 -0.098774  0.728635
0.0327601 -0.108986      0.73  0.0304904 -0.0988196   0.728622
0.0327979 -0.108985      0.73  0.0306014 -0.0988653   0.728609
0.0328353 -0.108984      0.73 0.0307124 -0.098911  0.728596
0.0328724 -0.108982      0.73  0.0308232 -0.0989569   0.728583
0.0329092 -0.108981      0.73   0.030934 -0.0990029   0.728571
0.0329457  -0.10898      0.73  0.0310446 -0.0990489   0.728558
0.0329818 -0.108979      0.73 0.0311552 -0.099095  0.728546
0.0330177 -0.108977      0.73  0.0312656 -0.0991412   0.728533
0.0330533 -0.108976      0.73   0.031376 -0.0991874   0.728521
0.0330886 -0.108975      0.73  0.0314862 -0.0992337   0.728509
0.0331235 -0.108974      0.73  0.0315964 -0.0992801   0.728496
0.0331582 -0.108973      0.73  0.0317065 -0.0993265   0.728484
0.0331926 -0.108972      0.73  0.0318165 -0.0993731   0.728472
0.0332266  -0.10897      0.73  0.0319263 -0.0994196   0.728461
0.0332604 -0.108969      0.73  0.0320361 -0.0994662   0.728449
0.0332939 -0.108968      0.73  0.0321458 -0.0995129   0.728437
 0.033327 -0.108967      0.73  0.0322554 -0.0995596   0.728426
0.0333599 -0.108966      0.73   0.032365 -0.0996064   0.728414
0.0333925 -0.108965      0.73  0.0324744 -0.0996532   0.728403
0.0334247 -0.108964      0.73  0.0325837 -0.0997001   0.728391
0.0334567 -0.108963      0.73  0.032693 -0.099747   0.72838
0.0334884 -0.108962      0.73 0.0328022 -0.099794  0.728369
0.0335198 -0.108961      0.73 0.0329113 -0.099841  0.728358
0.0335509  -0.10896      0.73 0.0330203 -0.099888  0.728347
0.0335817 -0.108959      0.73  0.0331292 -0.0999352   0.728337
0.0336122 -0.108958      0.73   0.033238 -0.0999823   0.728326
0.0336424 -0.108957      0.73 0.0333468  -0.10003  0.728315
0.0336723 -0.108956      0.73 0.0334554 -0.100077  0.728305
0.0337019 -0.108955      0.73  0.033564 -0.100124  0.728295
0.0337312 -0.108954      0.73 0.0336725 -0.100171  0.728284
0.0337603 -0.108953      0.73 0.0337809 -0.100219  0.728274
 0.033789 -0.108952      0.73 0.0338892 -0.100266  0.728264
0.0338175 -0.108951      0.73 0.0339975 -0.100314  0.728254
0.0338457  -0.10895      0.73 0.0341057 -0.100361  0.728245
0.0338736 -0.108949      0.73 0.0342138 -0.100409  0.728235
0.0339012 -0.108948      0.73 0.0343218 -0.100457  0.728225
0.0339285 -0.108947      0.73 0.0344297 -0.100504  0.728216
0.0339556 -0.108946      0.73 0.0345375 -0.100552  0.728207
0.0339823 -0.108945      0.73 0.0346453   -0.1006  0.728197
0.0340088 -0.108944      0.73  0.034753 -0.100648  0.728188
 0.034035 -0.108943      0.73 0.0348606 -0.100695  0.728179
0.0340609 -0.108943      0.73 0.0349681 -0.100743   0.72817
0.0340865 -0.108942      0.73 0.0350756 -0.100791  0.728162
0.0341119 -0.108941      0.73 0.0351829 -0.100839  0.728153
0.034137 -0.10894     0.73 0.0352902 -0.100887  0.728144
0.0341617 -0.108939      0.73 0.0353974 -0.100936  0.728136
0.0341863 -0.108938      0.73 0.0355045 -0.100984  0.728127
0.0342105 -0.108937      0.73 0.0356115 -0.101032  0.728119
0.0342345 -0.108937      0.73 0.0357184  -0.10108  0.728111
0.0342582 -0.108936      0.73 0.0358253 -0.101129  0.728103
0.0342816 -0.108935      0.73 0.0359321 -0.101177  0.728095
0.0343047 -0.108934      0.73 0.0360388 -0.101225  0.728087
0.0343276 -0.108934      0.73 0.0361454 -0.101274  0.728079
0.0343502 -0.108933      0.73 0.0362519 -0.101323  0.728072
0.0343726 -0.108932      0.73 0.0363584 -0.101371  0.728064
0.0343946 -0.108931      0.73 0.0364647  -0.10142  0.728057
0.0344164 -0.108931      0.73  0.036571 -0.101469  0.728049
0.034438 -0.10893     0.73 0.0366772 -0.101517  0.728042
0.0344592 -0.108929      0.73 0.0367833 -0.101566  0.728035
0.0344802 -0.108928      0.73 0.0368893 -0.101615  0.728028
 0.034501 -0.108928      0.73 0.0369953 -0.101664  0.728021
0.0345215 -0.108927      0.73 0.0371011 -0.101713  0.728014
0.0345417 -0.108926      0.73 0.0372069 -0.101762  0.728007
0.0345616 -0.108926      0.73 0.0373126 -0.101811     0.728
0.0345813 -0.108925      0.73 0.0374182 -0.101861  0.727994
0.0346008 -0.108924      0.73 0.0375238  -0.10191  0.727987
  0.03462 -0.108924      0.73 0.0376292 -0.101959  0.727981
0.0346389 -0.108923      0.73 0.0377346 -0.102009  0.727975
0.0346576 -0.108923      0.73 0.0378399 -0.102058  0.727968
 0.034676 -0.108922      0.73 0.0379451 -0.102108  0.727962
0.0346942 -0.108921      0.73 0.0380503 -0.102157  0.727956
0.0347121 -0.108921      0.73 0.0381553 -0.102207   0.72795
0.0347298  -0.10892      0.73 0.0382603 -0.102256  0.727944
0.0347472  -0.10892      0.73 0.0383651 -0.102306  0.727939
0.0347644 -0.108919      0.73 0.0384698 -0.102356  0.727933
0.0347813 -0.108918      0.73 0.0385744 -0.102406  0.727928
 0.034798 -0.108918      0.73 0.0386788 -0.102456  0.727922
0.0348144 -0.108917      0.73 0.0387831 -0.102506  0.727917
0.0348306 -0.108917      0.73 0.0388871 -0.102556  0.727912
0.0348466 -0.108916      0.73  0.038991 -0.102606  0.727907
0.0348623 -0.108916      0.73 0.0390948 -0.102656  0.727902
0.0348778 -0.108915      0.73 0.0391984 -0.102707  0.727897
 0.034893 -0.108915      0.73 0.0393018 -0.102757  0.727893
 0.034908 -0.108914      0.73 0.0394051 -0.102807  0.727888
0.0349228 -0.108914      0.73 0.0395083 -0.102858  0.727884
0.0349373 -0.108913      0.73 0.0396114 -0.102908  0.727879
0.0349516 -0.108913      0.73 0.0397144 -0.102959  0.727875
0.0349657 -0.108912      0.73 0.0398172 -0.103009  0.727871
0.0349795 -0.108912      0.73  0.03992 -0.10306 0.727867
0.0349932 -0.108911      0.73 0.0400226  -0.10311  0.727862
0.0350066 -0.108911      0.73 0.0401252 -0.103161  0.727858
0.0350197  -0.10891      0.73 0.0402276 -0.103212  0.727854
0.0350327  -0.10891      0.73   0.04033 -0.103263   0.72785
0.0350454  -0.10891      0.73 0.0404323 -0.103314  0.727846
0.0350579 -0.108909      0.73 0.0405345 -0.103364  0.727843
0.0350702 -0.108909      0.73 0.0406367 -0.103415  0.727839
0.0350822 -0.108908      0.73 0.0407388 -0.103466  0.727835
0.0350941 -0.108908      0.73 0.0408408 -0.103518  0.727831
0.0351057 -0.108907      0.73 0.0409427 -0.103569  0.727827
0.0351172 -0.108907      0.73 0.0410446  -0.10362  0.727824
0.0351284 -0.108907      0.73 0.0411465 -0.103671   0.72782
0.0351394 -0.108906      0.73 0.0412482 -0.103722  0.727816
0.0351502 -0.108906      0.73   0.04135 -0.103774  0.727812
0.0351608 -0.108906      0.73 0.0414516 -0.103825  0.727809
0.0351712 -0.108905      0.73 0.0415533 -0.103877  0.727805
0.0351813 -0.108905      0.73 0.0416548 -0.103928  0.727801
0.0351913 -0.108905      0.73 0.0417564  -0.10398  0.727798
0.0352011 -0.108904      0.73 0.0418579 -0.104031  0.727794
0.0352107 -0.108904      0.73 0.0419593 -0.104083   0.72779
0.0352201 -0.108904      0.73 0.0420607 -0.104135  0.727787
0.0352293 -0.108903      0.73 0.0421621 -0.104186  0.727783
0.0352383 -0.108903      0.73 0.0422634 -0.104238  0.727779
0.0352471 -0.108903      0.73 0.0423647  -0.10429  0.727776
0.0352557 -0.108902      0.73  0.042466 -0.104342  0.727772
0.0352641 -0.108902      0.73 0.0425672 -0.104394  0.727769
0.0352724 -0.108902      0.73 0.0426684 -0.104446  0.727765
0.0352804 -0.108902      0.73 0.0427696 -0.104498  0.727761
0.0352883 -0.108901      0.73 0.0428707 -0.104551  0.727757
 0.035296 -0.108901      0.73 0.0429718 -0.104603  0.727754
0.0353035 -0.108901      0.73 0.0430729 -0.104655   0.72775
0.0353109 -0.108901      0.73 0.0431739 -0.104707  0.727746
0.0353181   -0.1089      0.73 0.043275 -0.10476 0.727743
0.0353251   -0.1089      0.73  0.043376 -0.104812  0.727739
0.0353319   -0.1089      0.73 0.0434769 -0.104865  0.727735
0.0353385   -0.1089      0.73 0.0435778 -0.104917  0.727731
 0.035345 -0.108899      0.73 0.0436788  -0.10497  0.727727
0.0353514 -0.108899      0.73 0.0437796 -0.105023  0.727724
0.0353575 -0.108899      0.73 0.0438805 -0.105075   0.72772
0.0353635 -0.108899      0.73 0.0439813 -0.105128  0.727716
0.0353694 -0.108899      0.73 0.0440821 -0.105181  0.727712
 0.035375 -0.108898      0.73 0.0441828 -0.105234  0.727708
0.0353806 -0.108898      0.73 0.0442835 -0.105287  0.727704
0.0353859 -0.108898      0.73 0.0443842  -0.10534    0.7277
0.0353912 -0.108898      0.73 0.0444849 -0.105393  0.727696
0.0353962 -0.108898      0.73 0.0445855 -0.105446  0.727692
0.0354012 -0.108898      0.73 0.0446861 -0.105499  0.727688
 0.035406 -0.108897      0.73 0.0447867 -0.105552  0.727684
0.0354106 -0.108897      0.73 0.0448872 -0.105606   0.72768
0.0354151 -0.108897      0.73 0.0449877 -0.105659  0.727676
0.0354195 -0.108897      0.73 0.0450881 -0.105713  0.727671
0.0354237 -0.108897      0.73 0.0451885 -0.105766  0.727667
0.0354278 -0.108897      0.73 0.0452889  -0.10582  0.727663
0.0354317 -0.108897      0.73 0.0453892 -0.105873  0.727659
0.0354356 -0.108896      0.73 0.0454895 -0.105927  0.727654
0.0354393 -0.108896      0.73 0.0455897 -0.105981   0.72765
0.0354428 -0.108896      0.73 0.0456899 -0.106035  0.727646
0.0354463 -0.108896      0.73   0.04579 -0.106089  0.727641
0.0354496 -0.108896      0.73 0.0458901 -0.106143  0.727637
0.0354528 -0.108896      0.73 0.0459901 -0.106198  0.727633
0.0354559 -0.108896      0.73 0.0460901 -0.106252  0.727628
0.0354589 -0.108896      0.73   0.04619 -0.106306  0.727624
0.0354618 -0.108896      0.73 0.0462899 -0.106361  0.727619
0.0354646 -0.108895      0.73 0.0463897 -0.106415  0.727614
0.0354672 -0.108895      0.73 0.0464894  -0.10647   0.72761
0.0354698 -0.108895      0.73 0.0465891 -0.106525  0.727605
0.0354722 -0.108895      0.73 0.0466888 -0.106579    0.7276
0.0354746 -0.108895      0.73 0.0467883 -0.106634  0.727596
0.0354768 -0.108895      0.73 0.0468879 -0.106689  0.727591
 0.035479 -0.108895      0.73 0.0469873 -0.106744  0.727586
 0.035481 -0.108895      0.73 0.0470867 -0.106799  0.727581
 0.035483 -0.108895      0.73  0.047186 -0.106855  0.727576
0.0354849 -0.108895      0.73 0.0472853  -0.10691  0.727571
0.0354867 -0.108895      0.73 0.0473845 -0.106965  0.727566
0.0354884 -0.108895      0.73 0.0474837 -0.107021  0.727561
  0.03549 -0.108895      0.73 0.0475828 -0.107076  0.727556
0.0354916 -0.108895      0.73 0.0476818 -0.107132  0.727551
0.0354931 -0.108895      0.73 0.0477807 -0.107188  0.727546
0.0354945 -0.108894      0.73 0.0478796 -0.107243  0.727541
0.0354958 -0.108894      0.73 0.0479784 -0.107299  0.727536
0.0354971 -0.108894      0.73 0.0480771 -0.107355   0.72753
0.0354983 -0.108894      0.73 0.0481758 -0.107411  0.727525
0.0354995 -0.108894      0.73 0.0482744 -0.107467   0.72752
0.0355006 -0.108894      0.73 0.0483729 -0.107523  0.727514
0.0355016 -0.108894      0.73 0.0484714 -0.107579  0.727509
0.0355026 -0.108894      0.73 0.0485697 -0.107635  0.727503
0.0355035 -0.108894      0.73  0.048668 -0.107692  0.727498
0.0355044 -0.108894      0.73 0.0487663 -0.107748  0.727492
0.0355052 -0.108894      0.73 0.0488644 -0.107805  0.727486
 0.035506 -0.108894      0.73 0.0489625 -0.107861  0.727481
0.0355068 -0.108894      0.73 0.0490605 -0.107918  0.727475
0.0355075 -0.108894      0.73 0.0491584 -0.107974  0.727469
0.0355081 -0.108894      0.73 0.0492563 -0.108031  0.727463
0.0355088 -0.108894      0.73  0.049354 -0.108088  0.727458
0.0355094 -0.108894      0.73 0.0494517 -0.108145  0.727452
  0.03551 -0.108894      0.73 0.0495493 -0.108202  0.727446
0.0355106 -0.108894      0.73 0.0496468 -0.108259   0.72744
0.0355111 -0.108894      0.73 0.0497443 -0.108316  0.727434
0.0355116 -0.108894      0.73 0.0498416 -0.108373  0.727428
0.0355122 -0.108894      0.73 0.0499389  -0.10843  0.727422
0.0355127 -0.108894      0.73  0.050036 -0.108488  0.727416
0.0355131 -0.108894      0.73 0.0501331 -0.108545   0.72741
-0.037869  0.111167      0.73 -0.037869  0.111167  0.714053
-0.037869  0.111167      0.73 -0.0378501   0.111117   0.714179
-0.037869  0.111167      0.73 -0.0378306   0.111066   0.714305
-0.0378689   0.111167       0.73 -0.0378102   0.111016   0.714432
-0.0378689   0.111167       0.73 -0.0377891   0.110965   0.714558
-0.0378689   0.111167       0.73 -0.0377673   0.110915   0.714684
-0.0378689   0.111167       0.73 -0.0377447   0.110864   0.714811
-0.0378688   0.111167       0.73 -0.0377214   0.110813   0.714938
-0.0378688   0.111167       0.73 -0.0376973   0.110763   0.715065
-0.0378687   0.111167       0.73 -0.0376724   0.110712   0.715193
-0.0378685   0.111167       0.73 -0.0376468   0.110661    0.71532
-0.0378684   0.111167       0.73 -0.0376204    0.11061   0.715448
-0.0378682   0.111167       0.73 -0.0375932    0.11056   0.715576
-0.037868  0.111167      0.73 -0.0375653   0.110509   0.715704
-0.0378678   0.111167       0.73 -0.0375366   0.110458   0.715832
-0.0378675   0.111167       0.73 -0.0375071   0.110407    0.71596
-0.0378672   0.111167       0.73 -0.0374768   0.110356   0.716089
-0.0378669   0.111167       0.73 -0.0374457   0.110305   0.716217
-0.0378665   0.111167       0.73 -0.0374139   0.110254   0.716346
-0.037866  0.111167      0.73 -0.0373813   0.110203   0.716476
-0.0378655   0.111167       0.73 -0.0373478   0.110152   0.716605
-0.037865  0.111167      0.73 -0.0373135   0.110101   0.716734
-0.0378644   0.111167       0.73 -0.0372785   0.110049   0.716864
-0.0378637   0.111167       0.73 -0.0372426   0.109998   0.716994
-0.037863  0.111167      0.73 -0.0372059   0.109947   0.717124
-0.0378622   0.111167       0.73 -0.0371683   0.109896   0.717255
-0.0378613   0.111167       0.73 -0.0371299   0.109845   0.717385
-0.0378604   0.111167       0.73 -0.0370907   0.109793   0.717516
-0.0378594   0.111167       0.73 -0.0370507   0.109742   0.717647
-0.0378584   0.111167       0.73 -0.0370097   0.109691   0.717778
-0.0378573   0.111166       0.73 -0.036968   0.10964  0.717909
-0.0378561   0.111166       0.73 -0.0369253   0.109588    0.71804
-0.0378548   0.111166       0.73 -0.0368818   0.109537   0.718172
-0.0378534   0.111166       0.73 -0.0368374   0.109486   0.718304
-0.0378519   0.111166       0.73 -0.0367921   0.109435   0.718435
-0.0378504   0.111166       0.73 -0.0367459   0.109383   0.718568
-0.0378488   0.111166       0.73 -0.0366988   0.109332     0.7187
-0.0378471   0.111166       0.73 -0.0366508    0.10928   0.718832
-0.0378452   0.111166       0.73 -0.036602  0.109229  0.718965
-0.0378433   0.111166       0.73 -0.0365521   0.109177   0.719097
-0.0378413   0.111166       0.73 -0.0365014   0.109125    0.71923
-0.0378392   0.111166       0.73 -0.0364498   0.109073   0.719363
-0.037837  0.111166      0.73 -0.0363972   0.109021   0.719495
-0.0378347   0.111166       0.73 -0.0363437   0.108969   0.719628
-0.0378323   0.111165       0.73 -0.0362892   0.108916   0.719761
-0.0378297   0.111165       0.73 -0.0362338   0.108864   0.719894
-0.0378271   0.111165       0.73 -0.0361774   0.108811   0.720027
-0.0378243   0.111165       0.73 -0.0361201   0.108758    0.72016
-0.0378214   0.111165       0.73 -0.0360618   0.108705   0.720293
-0.0378184   0.111165       0.73 -0.0360025   0.108652   0.720427
-0.0378153   0.111165       0.73 -0.0359423   0.108599    0.72056
-0.0378121   0.111165       0.73 -0.0358811   0.108545   0.720693
-0.0378087   0.111164       0.73 -0.0358189   0.108491   0.720826
-0.0378052   0.111164       0.73 -0.0357558   0.108437   0.720959
-0.0378016   0.111164       0.73 -0.0356916   0.108383   0.721091
-0.0377979   0.111164       0.73 -0.0356265   0.108328   0.721224
-0.037794  0.111164      0.73 -0.0355604   0.108274   0.721357
-0.03779 0.111164     0.73 -0.0354933   0.108219   0.721489
-0.0377858   0.111164       0.73 -0.0354253   0.108163   0.721622
-0.0377815   0.111163       0.73 -0.0353562   0.108108   0.721754
-0.0377771   0.111163       0.73 -0.0352861   0.108052   0.721886
-0.0377725   0.111163       0.73 -0.035215  0.107996  0.722018
-0.0377678   0.111163       0.73 -0.035143   0.10794   0.72215
-0.0377629   0.111163       0.73 -0.0350699   0.107883   0.722282
-0.0377579   0.111162       0.73 -0.0349958   0.107827   0.722413
-0.0377527   0.111162       0.73 -0.0349208   0.107769   0.722544
-0.0377474   0.111162       0.73 -0.0348447   0.107712   0.722675
-0.0377419   0.111162       0.73 -0.0347677   0.107655   0.722806
-0.0377362   0.111162       0.73 -0.0346896   0.107597   0.722937
-0.0377304   0.111161       0.73 -0.0346106   0.107539   0.723067
-0.0377245   0.111161       0.73 -0.0345306    0.10748   0.723197
-0.0377183   0.111161       0.73 -0.0344495   0.107421   0.723327
-0.037712  0.111161      0.73 -0.0343676   0.107362   0.723457
-0.0377056    0.11116       0.73 -0.0342847   0.107303   0.723586
-0.0376989    0.11116       0.73 -0.0342009   0.107243   0.723716
-0.0376921    0.11116       0.73 -0.0341164   0.107183   0.723845
-0.0376851   0.111159       0.73 -0.0340311   0.107123   0.723975
-0.037678  0.111159      0.73 -0.0339452   0.107062   0.724104
-0.0376707   0.111159       0.73 -0.0338587   0.107001   0.724234
-0.0376631   0.111159       0.73 -0.0337717    0.10694   0.724363
-0.0376555   0.111158       0.73 -0.0336842   0.106879   0.724493
-0.0376476   0.111158       0.73 -0.0335962   0.106818   0.724622
-0.0376395   0.111158       0.73 -0.0335093   0.106756   0.724747
-0.0376313   0.111157       0.73 -0.0334236   0.106696   0.724868
-0.0376228   0.111157       0.73 -0.0333396   0.106635   0.724985
-0.0376142   0.111157       0.73 -0.0332574   0.106575   0.725097
-0.0376054   0.111156       0.73 -0.0331771   0.106515   0.725205
-0.0375964   0.111156       0.73 -0.0330987   0.106455   0.725309
-0.0375872   0.111155       0.73 -0.0330222   0.106396    0.72541
-0.0375778   0.111155       0.73 -0.0329476   0.106336   0.725507
-0.0375682   0.111155       0.73 -0.0328749   0.106277     0.7256
-0.0375584   0.111154       0.73 -0.0328041   0.106217   0.725691
-0.0375484   0.111154       0.73 -0.032735  0.106158  0.725778
-0.0375382   0.111153       0.73 -0.0326678   0.106098   0.725862
-0.0375278   0.111153       0.73 -0.0326022   0.106038   0.725943
-0.0375172   0.111153       0.73 -0.0325382   0.105978   0.726021
-0.0375063   0.111152       0.73 -0.0324757   0.105918   0.726097
-0.0374953   0.111152       0.73 -0.0324147   0.105858    0.72617
-0.0374841   0.111151       0.73 -0.0323551   0.105798    0.72624
-0.0374726   0.111151       0.73 -0.0322969   0.105738   0.726308
-0.0374609    0.11115       0.73 -0.0322399   0.105678   0.726374
-0.037449   0.11115      0.73 -0.0321841   0.105618   0.726437
-0.0374369   0.111149       0.73 -0.0321294   0.105558   0.726498
-0.0374246   0.111149       0.73 -0.0320758   0.105497   0.726557
-0.037412  0.111148      0.73 -0.0320231   0.105437   0.726613
-0.0373992   0.111148       0.73 -0.0319714   0.105377   0.726668
-0.0373862   0.111147       0.73 -0.0319205   0.105316    0.72672
-0.037373  0.111147      0.73 -0.0318703   0.105256   0.726771
-0.0373596   0.111146       0.73 -0.0318209   0.105196   0.726819
-0.0373459   0.111146       0.73 -0.0317721   0.105135   0.726866
-0.0373319   0.111145       0.73 -0.0317238   0.105075   0.726912
-0.0373178   0.111145       0.73 -0.0316761   0.105014   0.726955
-0.0373034   0.111144       0.73 -0.0316289   0.104954   0.726997
-0.0372888   0.111143       0.73 -0.031582  0.104893  0.727037
-0.0372739   0.111143       0.73 -0.0315355   0.104833   0.727075
-0.0372588   0.111142       0.73 -0.0314874   0.104773   0.727112
-0.0372435   0.111141       0.73 -0.0314378   0.104713   0.727146
-0.0372279   0.111141       0.73 -0.0313867   0.104654   0.727178
-0.0372121    0.11114       0.73 -0.0313343   0.104596   0.727209
-0.037196   0.11114      0.73 -0.0312805   0.104537   0.727237
-0.0371797   0.111139       0.73 -0.0312254    0.10448   0.727264
-0.0371632   0.111138       0.73 -0.0311689   0.104423    0.72729
-0.0371464   0.111138       0.73 -0.0311111   0.104366   0.727314
-0.0371293   0.111137       0.73 -0.0310519   0.104309   0.727336
-0.037112  0.111136      0.73 -0.0309913   0.104252   0.727357
-0.0370945   0.111135       0.73 -0.0309294   0.104195   0.727377
-0.0370767   0.111135       0.73 -0.0308662   0.104138   0.727396
-0.0370586   0.111134       0.73 -0.0308018    0.10408   0.727413
-0.0370403   0.111133       0.73 -0.0307363   0.104023    0.72743
-0.0370217   0.111132       0.73 -0.0306695   0.103965   0.727445
-0.0370029   0.111132       0.73 -0.0306017   0.103908    0.72746
-0.0369838   0.111131       0.73 -0.0305329    0.10385   0.727474
-0.0369644    0.11113       0.73 -0.030463  0.103792  0.727486
-0.0369448   0.111129       0.73 -0.0303922   0.103735   0.727498
-0.0369249   0.111129       0.73 -0.0303204   0.103677   0.727509
-0.0369047   0.111128       0.73 -0.0302476   0.103619    0.72752
-0.0368843   0.111127       0.73 -0.030174  0.103561   0.72753
-0.0368636   0.111126       0.73 -0.0300994   0.103502   0.727539
-0.0368427   0.111125       0.73 -0.030024  0.103444  0.727548
-0.0368215   0.111124       0.73 -0.0299478   0.103386   0.727556
 -0.0368 0.111123     0.73 -0.0298708   0.103328   0.727564
-0.0367782   0.111123       0.73 -0.029793  0.103269  0.727571
-0.0367562   0.111122       0.73 -0.0297144   0.103211   0.727578
-0.0367339   0.111121       0.73 -0.0296351   0.103152   0.727585
-0.0367113    0.11112       0.73 -0.0295551   0.103094   0.727591
-0.0366884   0.111119       0.73 -0.0294745   0.103035   0.727597
-0.0366653   0.111118       0.73 -0.0293933   0.102977   0.727603
-0.0366419   0.111117       0.73 -0.0293115   0.102918   0.727609
-0.0366182   0.111116       0.73 -0.029229   0.10286  0.727615
-0.0365942   0.111115       0.73 -0.029146  0.102801  0.727621
-0.0365699   0.111114       0.73 -0.0290624   0.102743   0.727626
-0.0365454   0.111113       0.73 -0.0289782   0.102684   0.727631
-0.0365205   0.111112       0.73 -0.0288935   0.102626   0.727637
-0.0364954   0.111111       0.73 -0.0288083   0.102568   0.727642
-0.03647  0.11111     0.73 -0.0287225    0.10251   0.727647
-0.0364444   0.111109       0.73 -0.0286362   0.102451   0.727652
-0.0364184   0.111108       0.73 -0.0285495   0.102393   0.727657
-0.0363921   0.111107       0.73 -0.0284622   0.102335   0.727662
-0.0363656   0.111106       0.73 -0.0283745   0.102277   0.727667
-0.0363387   0.111105       0.73 -0.0282863    0.10222   0.727672
-0.0363116   0.111104       0.73 -0.0281978   0.102162   0.727677
-0.0362842   0.111102       0.73 -0.0281088   0.102104   0.727682
-0.0362565   0.111101       0.73 -0.0280193   0.102047   0.727688
-0.0362285     0.1111       0.73 -0.0279295   0.101989   0.727693
-0.0362002   0.111099       0.73 -0.0278393   0.101932   0.727698
-0.0361716   0.111098       0.73 -0.0277486   0.101875   0.727703
-0.0361427   0.111097       0.73 -0.0276575   0.101818   0.727709
-0.0361135   0.111095       0.73 -0.0275661   0.101761   0.727714
-0.036084  0.111094      0.73 -0.0274743   0.101704    0.72772
-0.0360542   0.111093       0.73 -0.0273821   0.101648   0.727726
-0.0360242   0.111092       0.73 -0.0272895   0.101591   0.727732
-0.0359938   0.111091       0.73 -0.0271966   0.101535   0.727738
-0.0359631   0.111089       0.73 -0.0271034   0.101479   0.727745
-0.0359321   0.111088       0.73 -0.0270098   0.101423   0.727751
-0.0359009   0.111087       0.73 -0.0269159   0.101367   0.727758
-0.0358693   0.111086       0.73 -0.0268217   0.101311   0.727765
-0.0358374   0.111084       0.73 -0.0267271   0.101255   0.727772
-0.0358052   0.111083       0.73 -0.0266322     0.1012   0.727779
-0.0357727   0.111082       0.73 -0.0265371   0.101145   0.727787
-0.0357399    0.11108       0.73 -0.0264417    0.10109   0.727794
-0.0357069   0.111079       0.73 -0.026346  0.101035  0.727802
-0.0356735   0.111078       0.73 -0.0262501    0.10098    0.72781
-0.0356398   0.111076       0.73 -0.0261539   0.100925   0.727819
-0.0356058   0.111075       0.73 -0.0260575    0.10087   0.727828
-0.0355715   0.111073       0.73 -0.0259609   0.100816   0.727837
-0.0355368   0.111072       0.73 -0.0258641   0.100762   0.727847
-0.0355019   0.111071       0.73 -0.0257671   0.100708   0.727857
-0.0354667   0.111069       0.73 -0.0256699   0.100654   0.727867
-0.0354312   0.111068       0.73 -0.0255725     0.1006   0.727878
-0.0353953   0.111066       0.73 -0.0254749   0.100547   0.727889
-0.0353592   0.111065       0.73 -0.0253772   0.100493     0.7279
-0.0353228   0.111063       0.73 -0.0252792    0.10044   0.727912
-0.035286  0.111062      0.73 -0.0251811   0.100387   0.727925
-0.0352489    0.11106       0.73 -0.0250829   0.100334   0.727937
-0.0352116   0.111059       0.73 -0.0249844   0.100281    0.72795
-0.0351739   0.111057       0.73 -0.0248858   0.100229   0.727963
-0.0351359   0.111056       0.73 -0.0247871   0.100176   0.727977
-0.0350976   0.111054       0.73 -0.0246882   0.100124   0.727991
-0.035059  0.111053      0.73 -0.0245891   0.100072   0.728006
-0.0350201   0.111051       0.73 -0.0244899    0.10002    0.72802
-0.0349809   0.111049       0.73 -0.0243906   0.099968   0.728035
-0.0349414   0.111048       0.73 -0.0242911  0.0999165   0.728051
-0.0349016   0.111046       0.73 -0.0241915   0.099865   0.728067
-0.0348614   0.111044       0.73 -0.0240918  0.0998138   0.728083
-0.034821  0.111043      0.73 -0.0239919  0.0997627   0.728099
-0.0347803   0.111041       0.73 -0.0238919  0.0997118   0.728116
-0.0347392    0.11104       0.73 -0.0237918  0.0996611   0.728133
-0.0346979   0.111038       0.73 -0.0236915  0.0996105   0.728151
-0.0346562   0.111036       0.73 -0.0235912  0.0995601   0.728168
-0.0346142   0.111034       0.73 -0.0234907  0.0995099   0.728186
-0.034572  0.111033      0.73 -0.0233901  0.0994599   0.728204
-0.0345294   0.111031       0.73 -0.0232894  0.0994101   0.728223
-0.0344865   0.111029       0.73 -0.0231885  0.0993605   0.728242
-0.0344433   0.111027       0.73 -0.0230876  0.0993111   0.728261
-0.0343998   0.111026       0.73 -0.0229866  0.0992619    0.72828
-0.034356  0.111024      0.73 -0.0228854   0.099213     0.7283
-0.0343119   0.111022       0.73 -0.0227842  0.0991643   0.728319
-0.0342675    0.11102       0.73 -0.0226828  0.0991158   0.728339
-0.0342228   0.111018       0.73 -0.0225814  0.0990676    0.72836
-0.0341778   0.111017       0.73 -0.0224798  0.0990197    0.72838
-0.0341325   0.111015       0.73 -0.0223782  0.0989719   0.728401
-0.0340869   0.111013       0.73 -0.0222764  0.0989245   0.728422
-0.034041  0.111011      0.73 -0.0221746  0.0988773   0.728443
-0.0339947   0.111009       0.73 -0.0220727  0.0988303   0.728464
-0.0339482   0.111007       0.73 -0.0219707  0.0987836   0.728486
-0.0339014   0.111005       0.73 -0.0218685  0.0987371   0.728507
-0.0338543   0.111003       0.73 -0.0217663  0.0986909   0.728529
-0.0338069   0.111002       0.73 -0.0216641  0.0986449   0.728551
-0.0337591      0.111       0.73 -0.0215617  0.0985992   0.728573
-0.0337111   0.110998       0.73 -0.0214592  0.0985537   0.728596
-0.0336628   0.110996       0.73 -0.0213566  0.0985084   0.728618
-0.0336142   0.110994       0.73 -0.021254 0.0984634  0.728641
-0.0335653   0.110992       0.73 -0.0211512  0.0984186   0.728664
-0.0335161    0.11099       0.73 -0.0210484   0.098374   0.728686
-0.0334666   0.110988       0.73 -0.0209455  0.0983297    0.72871
-0.0334168   0.110986       0.73 -0.0208425  0.0982856   0.728733
-0.0333666   0.110984       0.73 -0.0207395  0.0982417   0.728756
-0.0333162   0.110982       0.73 -0.0206364   0.098198   0.728779
-0.0332655    0.11098       0.73 -0.0205331  0.0981546   0.728803
-0.0332146   0.110977       0.73 -0.0204298  0.0981113   0.728827
-0.0331633   0.110975       0.73 -0.0203264  0.0980683    0.72885
-0.0331117   0.110973       0.73 -0.0202229  0.0980254   0.728874
-0.0330598   0.110971       0.73 -0.0201194  0.0979828   0.728898
-0.0330076   0.110969       0.73 -0.0200158  0.0979404   0.728922
-0.0329552   0.110967       0.73 -0.0199121  0.0978981   0.728946
-0.0329024   0.110965       0.73 -0.0198083   0.097856    0.72897
-0.0328493   0.110963       0.73 -0.0197044  0.0978142   0.728995
-0.032796   0.11096      0.73 -0.0196005  0.0977725   0.729019
-0.0327423   0.110958       0.73 -0.0194965  0.0977309   0.729043
-0.0326884   0.110956       0.73 -0.0193924  0.0976896   0.729068
-0.0326341   0.110954       0.73 -0.0192883  0.0976484   0.729092
-0.0325796   0.110952       0.73 -0.019184 0.0976074  0.729117
-0.0325248   0.110949       0.73 -0.0190798  0.0975665   0.729141
-0.0324697   0.110947       0.73 -0.0189754  0.0975258   0.729166
-0.0324142   0.110945       0.73 -0.0188709  0.0974852   0.729191
-0.0323585   0.110943       0.73 -0.0187664  0.0974448   0.729216
-0.0323025    0.11094       0.73 -0.0186618  0.0974045    0.72924
-0.0322462   0.110938       0.73 -0.0185572  0.0973644   0.729265
-0.0321896   0.110936       0.73 -0.0184525  0.0973244    0.72929
-0.0321327   0.110933       0.73 -0.0183477  0.0972846   0.729315
-0.0320756   0.110931       0.73 -0.0182428  0.0972449    0.72934
-0.0320181   0.110929       0.73 -0.0181379  0.0972053   0.729365
-0.0319603   0.110926       0.73 -0.0180329  0.0971659    0.72939
-0.0319022   0.110924       0.73 -0.0179278  0.0971266   0.729414
-0.0318439   0.110922       0.73 -0.0178227  0.0970874   0.729439
-0.0317852   0.110919       0.73 -0.0177175  0.0970483   0.729464
-0.0317263   0.110917       0.73 -0.0176123  0.0970094   0.729489
-0.031667  0.110914      0.73 -0.017507 0.0969706  0.729514
-0.0316075   0.110912       0.73 -0.0174016  0.0969319   0.729539
-0.0315476    0.11091       0.73 -0.0172961  0.0968933   0.729564
-0.0314875   0.110907       0.73 -0.0171906  0.0968549   0.729589
-0.0314271   0.110905       0.73 -0.017085 0.0968165  0.729614
-0.0313663   0.110902       0.73 -0.0169794  0.0967783   0.729639
-0.0313053     0.1109       0.73 -0.0168737  0.0967402   0.729664
-0.031244  0.110897      0.73 -0.0167679  0.0967023   0.729689
-0.0311824   0.110895       0.73 -0.016662 0.0966644  0.729714
-0.0311205   0.110892       0.73 -0.0165562  0.0966267   0.729739
-0.0310582    0.11089       0.73 -0.0164502   0.096589   0.729763
-0.0309957   0.110887       0.73 -0.0163442  0.0965515   0.729788
-0.0309329   0.110885       0.73 -0.0162381  0.0965141   0.729813
-0.0308698   0.110882       0.73 -0.016132 0.0964769  0.729838
-0.0308064   0.110879       0.73 -0.0160258  0.0964397   0.729863
-0.0307427   0.110877       0.73 -0.0159195  0.0964026   0.729887
-0.0306786   0.110874       0.73 -0.0158131  0.0963657   0.729912
-0.0306143   0.110872       0.73 -0.0157068  0.0963289   0.729937
-0.0305497   0.110869       0.73 -0.0156003  0.0962922   0.729961
-0.0304848   0.110866       0.73 -0.0154938  0.0962556   0.729986
-0.0304196   0.110864       0.73 -0.0153872  0.0962191    0.73001
-0.0303541   0.110861       0.73 -0.0152806  0.0961827   0.730035
-0.0302882   0.110858       0.73 -0.0151739  0.0961465   0.730059
-0.0302221   0.110856       0.73 -0.0150671  0.0961103   0.730084
-0.0301557   0.110853       0.73 -0.0149602  0.0960743   0.730108
-0.030089   0.11085      0.73 -0.0148534  0.0960384   0.730132
-0.0300219   0.110847       0.73 -0.0147464  0.0960025   0.730157
-0.0299546   0.110845       0.73 -0.0146394  0.0959668   0.730181
-0.029887  0.110842      0.73 -0.0145323  0.0959312   0.730205
-0.029819  0.110839      0.73 -0.0144252  0.0958957   0.730229
-0.0297508   0.110836       0.73 -0.0143179  0.0958603   0.730253
-0.0296822   0.110834       0.73 -0.0142107   0.095825   0.730277
-0.0296134   0.110831       0.73 -0.0141034  0.0957898   0.730301
-0.0295442   0.110828       0.73 -0.013996 0.0957548  0.730325
-0.0294748   0.110825       0.73 -0.0138885  0.0957198   0.730349
-0.029405  0.110822      0.73 -0.013781 0.0956849  0.730373
-0.0293349   0.110819       0.73 -0.0136734  0.0956502   0.730396
-0.0292645   0.110817       0.73 -0.0135657  0.0956155    0.73042
-0.0291939   0.110814       0.73 -0.013458  0.095581  0.730444
-0.0291229   0.110811       0.73 -0.0133502  0.0955465   0.730467
-0.0290516   0.110808       0.73 -0.0132423  0.0955122   0.730491
-0.02898 0.110805     0.73 -0.0131344   0.095478   0.730514
-0.0289081   0.110802       0.73 -0.0130264  0.0954439   0.730537
-0.0288359   0.110799       0.73 -0.0129183  0.0954099   0.730561
-0.0287634   0.110796       0.73 -0.0128102   0.095376   0.730584
-0.0286906   0.110793       0.73 -0.012702 0.0953422  0.730607
-0.0286174    0.11079       0.73 -0.0125937  0.0953086    0.73063
-0.028544  0.110787      0.73 -0.0124854   0.095275   0.730653
-0.0284703   0.110784       0.73 -0.012377 0.0952415  0.730676
-0.0283962   0.110781       0.73 -0.0122686  0.0952082   0.730699
-0.0283219   0.110778       0.73 -0.01216 0.095175 0.730722
-0.0282472   0.110775       0.73 -0.0120514  0.0951419   0.730745
-0.0281723   0.110772       0.73 -0.0119427  0.0951089   0.730767
-0.028097  0.110769      0.73 -0.011834  0.095076   0.73079
-0.0280215   0.110766       0.73 -0.0117252  0.0950433   0.730812
-0.0279456   0.110763       0.73 -0.0116163  0.0950106   0.730835
-0.0278695    0.11076       0.73 -0.0115074  0.0949781   0.730857
-0.027793  0.110757      0.73 -0.0113983  0.0949457    0.73088
-0.0277162   0.110754       0.73 -0.0112892  0.0949134   0.730902
-0.0276391    0.11075       0.73 -0.0111801  0.0948813   0.730924
-0.0275617   0.110747       0.73 -0.0110708  0.0948492   0.730946
-0.0274841   0.110744       0.73 -0.0109616  0.0948173   0.730968
-0.0274061   0.110741       0.73 -0.0108522  0.0947855    0.73099
-0.0273278   0.110738       0.73 -0.0107427  0.0947538   0.731012
-0.0272492   0.110735       0.73 -0.0106332  0.0947222   0.731034
-0.0271703   0.110731       0.73 -0.0105236  0.0946908   0.731056
-0.0270911   0.110728       0.73 -0.0104139  0.0946595   0.731077
-0.0270116   0.110725       0.73 -0.0103042  0.0946283   0.731099
-0.0269318   0.110722       0.73 -0.0101944  0.0945972    0.73112
-0.0268517   0.110718       0.73 -0.0100845  0.0945663   0.731142
-0.0267713   0.110715       0.73 -0.00997458   0.0945355    0.731163
-0.0266906   0.110712       0.73 -0.00986456   0.0945048    0.731184
-0.0266096   0.110709       0.73 -0.00975446   0.0944742    0.731205
-0.0265283   0.110705       0.73 -0.00964429   0.0944437    0.731227
-0.0264468   0.110702       0.73 -0.00953405   0.0944134    0.731248
-0.0263649   0.110699       0.73 -0.00942375   0.0943832    0.731269
-0.0262827   0.110695       0.73 -0.00931334   0.0943532    0.731289
-0.0262002   0.110692       0.73 -0.00920289   0.0943232     0.73131
-0.0261174   0.110688       0.73 -0.00909234   0.0942934    0.731331
-0.0260344   0.110685       0.73 -0.00898174   0.0942637    0.731352
-0.025951  0.110682      0.73 -0.00887107   0.0942342    0.731372
-0.0258673   0.110678       0.73 -0.00876029   0.0942047    0.731393
-0.0257834   0.110675       0.73 -0.00864947   0.0941754    0.731413
-0.0256991   0.110671       0.73 -0.00853857   0.0941462    0.731433
-0.0256146   0.110668       0.73 -0.00842758   0.0941172    0.731454
-0.0255297   0.110665       0.73 -0.00831651   0.0940883    0.731474
-0.0254446   0.110661       0.73 -0.00820539   0.0940595    0.731494
-0.0253592   0.110658       0.73 -0.00809419   0.0940308    0.731514
-0.0252735   0.110654       0.73 -0.0079829  0.0940022   0.731534
-0.0251875   0.110651       0.73 -0.00787156   0.0939738    0.731554
-0.0251012   0.110647       0.73 -0.00776012   0.0939455    0.731574
-0.0250146   0.110644       0.73 -0.00764861   0.0939174    0.731593
-0.0249277    0.11064       0.73 -0.00753702   0.0938894    0.731613
-0.0248406   0.110637       0.73 -0.00742537   0.0938614    0.731632
-0.0247532   0.110633       0.73 -0.00731363   0.0938337    0.731652
-0.0246654   0.110629       0.73 -0.00720182    0.093806    0.731671
-0.0245774   0.110626       0.73 -0.00708995   0.0937785    0.731691
-0.0244891   0.110622       0.73 -0.006978 0.0937511   0.73171
-0.0244005   0.110619       0.73 -0.00686598   0.0937239    0.731729
-0.0243117   0.110615       0.73 -0.00675386   0.0936967    0.731748
-0.0242225   0.110611       0.73 -0.00664169   0.0936697    0.731767
-0.0241331   0.110608       0.73 -0.00652944   0.0936428    0.731786
-0.0240434   0.110604       0.73 -0.00641712   0.0936161    0.731805
-0.0239534     0.1106       0.73 -0.00630471   0.0935895    0.731824
-0.0238632   0.110597       0.73 -0.00619223    0.093563    0.731842
-0.0237726   0.110593       0.73 -0.00607969   0.0935366    0.731861
-0.0236818   0.110589       0.73 -0.00596707   0.0935104    0.731879
-0.0235907   0.110586       0.73 -0.00585435   0.0934843    0.731898
-0.0234993   0.110582       0.73 -0.00574159   0.0934583    0.731916
-0.0234077   0.110578       0.73 -0.00562875   0.0934324    0.731935
-0.0233157   0.110574       0.73 -0.00551583   0.0934067    0.731953
-0.0232235   0.110571       0.73 -0.00540283   0.0933811    0.731971
-0.0231311   0.110567       0.73 -0.00528977   0.0933556    0.731989
-0.0230383   0.110563       0.73 -0.00517661   0.0933303    0.732007
-0.0229453   0.110559       0.73 -0.00506339   0.0933051    0.732025
-0.022852  0.110556      0.73 -0.00495009     0.09328    0.732043
-0.0227584   0.110552       0.73 -0.00483672    0.093255     0.73206
-0.0226646   0.110548       0.73 -0.00472328   0.0932301    0.732078
-0.0225705   0.110544       0.73 -0.00460976   0.0932054    0.732096
-0.0224762    0.11054       0.73 -0.00449616   0.0931808    0.732113
-0.0223815   0.110536       0.73 -0.00438249   0.0931564    0.732131
-0.0222866   0.110533       0.73 -0.00426874    0.093132    0.732148
-0.0221915   0.110529       0.73 -0.0041549  0.0931078   0.732165
-0.022096  0.110525      0.73 -0.00404099   0.0930837    0.732182
-0.0220004   0.110521       0.73 -0.00392703   0.0930597      0.7322
-0.0219044   0.110517       0.73 -0.00381298   0.0930359    0.732217
-0.0218082   0.110513       0.73 -0.00369884   0.0930122    0.732234
-0.0217117   0.110509       0.73 -0.00358463   0.0929886    0.732251
-0.021615  0.110505      0.73 -0.00347035   0.0929651    0.732267
-0.021518  0.110501      0.73 -0.003356 0.0929418  0.732284
-0.0214208   0.110497       0.73 -0.00324157   0.0929185    0.732301
-0.0213233   0.110493       0.73 -0.00312706   0.0928954    0.732317
-0.0212255   0.110489       0.73 -0.00301245   0.0928725    0.732334
-0.0211275   0.110485       0.73 -0.00289777   0.0928496     0.73235
-0.0210292   0.110481       0.73 -0.00278304   0.0928269    0.732367
-0.0209307   0.110477       0.73 -0.00266821   0.0928043    0.732383
-0.0208319   0.110473       0.73 -0.00255329   0.0927818    0.732399
-0.0207329   0.110469       0.73 -0.00243828   0.0927594    0.732415
-0.0206337   0.110465       0.73 -0.00232321   0.0927372    0.732431
-0.0205341   0.110461       0.73 -0.00220806   0.0927151    0.732447
-0.0204344   0.110457       0.73 -0.00209282   0.0926931    0.732463
-0.0203344   0.110453       0.73 -0.00197753   0.0926712    0.732479
-0.0202341   0.110449       0.73 -0.00186212   0.0926495    0.732495
-0.0201336   0.110445       0.73 -0.00174665   0.0926278     0.73251
-0.0200328   0.110441       0.73 -0.00163109   0.0926063    0.732526
-0.0199319   0.110437       0.73 -0.00151546    0.092585    0.732541
-0.0198306   0.110433       0.73 -0.00139975   0.0925637    0.732557
-0.0197291   0.110428       0.73 -0.00128396   0.0925426    0.732572
-0.0196274   0.110424       0.73 -0.00116808   0.0925215    0.732587
-0.0195255    0.11042       0.73 -0.00105213   0.0925006    0.732602
-0.0194233   0.110416       0.73 -0.000936116    0.0924799     0.732618
-0.0193209   0.110412       0.73 -0.000820008    0.0924592     0.732633
-0.0192182   0.110408       0.73 -0.000703827    0.0924387     0.732648
-0.0191153   0.110403       0.73 -0.000587568    0.0924182     0.732662
-0.0190122   0.110399       0.73 -0.000471216    0.0923979     0.732677
-0.0189088   0.110395       0.73 -0.000354789    0.0923778     0.732692
-0.0188052   0.110391       0.73 -0.000238304    0.0923577     0.732707
-0.0187014   0.110387       0.73 -0.000121727    0.0923378     0.732721
-0.0185973   0.110382       0.73 -5.07625e-06     0.092318     0.732736
-0.018493  0.110378      0.73 0.000111665   0.0922983     0.73275
-0.0183885   0.110374       0.73 0.000228471   0.0922787    0.732764
-0.0182838    0.11037       0.73 0.000345365   0.0922592    0.732779
-0.0181788   0.110365       0.73 0.000462323   0.0922399    0.732793
-0.0180736   0.110361       0.73 0.000579365   0.0922207    0.732807
-0.0179682   0.110357       0.73 0.000696505   0.0922016    0.732821
-0.0178626   0.110352       0.73 0.000813702   0.0921826    0.732835
-0.0177567   0.110348       0.73 0.000930975   0.0921637    0.732849
-0.0176506   0.110344       0.73 0.00104834   0.092145   0.732863
-0.0175444   0.110339       0.73 0.00116578  0.0921263   0.732876
-0.0174378   0.110335       0.73 0.00128331  0.0921078    0.73289
-0.0173311   0.110331       0.73 0.00140088  0.0920894   0.732903
-0.0172242   0.110326       0.73 0.00151856  0.0920712   0.732917
-0.017117  0.110322      0.73 0.00163632   0.092053    0.73293
-0.0170096   0.110318       0.73 0.00175415   0.092035   0.732944
-0.0169021   0.110313       0.73 0.00187207  0.0920171   0.732957
-0.0167943   0.110309       0.73 0.00199007  0.0919993    0.73297
-0.0166863   0.110305       0.73 0.00210813  0.0919816   0.732983
-0.016578    0.1103      0.73 0.00222628   0.091964   0.732996
-0.0164696   0.110296       0.73 0.00234452  0.0919465   0.733009
-0.016361  0.110291      0.73 0.00246282  0.0919292   0.733022
-0.0162522   0.110287       0.73 0.0025812  0.091912  0.733035
-0.0161431   0.110282       0.73 0.00269967  0.0918949   0.733047
-0.0160339   0.110278       0.73 0.00281821  0.0918779    0.73306
-0.0159244   0.110273       0.73 0.00293686   0.091861   0.733073
-0.0158148   0.110269       0.73 0.00305555  0.0918442   0.733085
-0.0157049   0.110265       0.73 0.00317434  0.0918276   0.733097
-0.0155949    0.11026       0.73 0.0032932 0.0918111   0.73311
-0.0154847   0.110256       0.73 0.00341214  0.0917947   0.733122
-0.0153742   0.110251       0.73 0.00353117  0.0917784   0.733134
-0.0152636   0.110247       0.73 0.00365028  0.0917622   0.733146
-0.0151528   0.110242       0.73 0.00376946  0.0917461   0.733158
-0.0150417   0.110238       0.73 0.00388872  0.0917301    0.73317
-0.0149305   0.110233       0.73 0.00400805  0.0917143   0.733182
-0.0148191   0.110228       0.73 0.00412748  0.0916986   0.733194
-0.0147075   0.110224       0.73 0.00424698   0.091683   0.733205
-0.0145958   0.110219       0.73 0.00436657  0.0916675   0.733217
-0.0144838   0.110215       0.73 0.00448622  0.0916521   0.733228
-0.0143716    0.11021       0.73 0.00460595  0.0916368    0.73324
-0.0142593   0.110206       0.73 0.00472576  0.0916216   0.733251
-0.0141468   0.110201       0.73 0.00484567  0.0916066   0.733262
-0.0140341   0.110197       0.73 0.00496564  0.0915917   0.733274
-0.0139212   0.110192       0.73 0.00508568  0.0915768   0.733285
-0.0138081   0.110187       0.73 0.00520582  0.0915621   0.733296
-0.0136949   0.110183       0.73 0.00532605  0.0915475   0.733307
-0.0135815   0.110178       0.73 0.00544631  0.0915331   0.733318
-0.0134679   0.110173       0.73 0.0055667 0.0915187  0.733329
-0.0133541   0.110169       0.73 0.00568713  0.0915044   0.733339
-0.0132402   0.110164       0.73 0.00580767  0.0914903    0.73335
-0.013126   0.11016      0.73 0.00592827  0.0914762    0.73336
-0.0130117   0.110155       0.73 0.00604896  0.0914623   0.733371
-0.0128973    0.11015       0.73 0.00616973  0.0914485   0.733381
-0.0127827   0.110146       0.73 0.00629056  0.0914348   0.733392
-0.0126679   0.110141       0.73 0.00641147  0.0914212   0.733402
-0.0125529   0.110136       0.73 0.00653246  0.0914077   0.733412
-0.0124378   0.110132       0.73 0.00665356  0.0913944   0.733422
-0.0123225   0.110127       0.73 0.00677471  0.0913811   0.733432
-0.012207  0.110122      0.73 0.00689592   0.091368   0.733442
-0.0120914   0.110117       0.73 0.00701723  0.0913549   0.733452
-0.0119756   0.110113       0.73 0.00713862   0.091342   0.733462
-0.0118597   0.110108       0.73 0.00726008  0.0913292   0.733471
-0.0117436   0.110103       0.73 0.00738163  0.0913165   0.733481
-0.0116274   0.110099       0.73 0.00750324  0.0913039   0.733491
-0.011511  0.110094      0.73 0.00762494  0.0912915     0.7335
-0.0113944   0.110089       0.73 0.00774672  0.0912791   0.733509
-0.0112777   0.110084       0.73 0.00786855  0.0912668   0.733519
-0.0111608    0.11008       0.73 0.00799048  0.0912547   0.733528
-0.0110438   0.110075       0.73 0.00811249  0.0912426   0.733537
-0.0109266    0.11007       0.73 0.00823456  0.0912307   0.733546
-0.0108093   0.110065       0.73 0.00835671  0.0912189   0.733555
-0.0106919    0.11006       0.73 0.00847894  0.0912072   0.733564
-0.0105743   0.110056       0.73 0.00860124  0.0911956   0.733573
-0.0104565   0.110051       0.73 0.00872362  0.0911841   0.733581
-0.0103386   0.110046       0.73 0.00884608  0.0911727    0.73359
-0.0102206   0.110041       0.73 0.00896861  0.0911614   0.733599
-0.0101024   0.110036       0.73 0.00909121  0.0911503   0.733607
-0.00998411    0.110032        0.73 0.00921388  0.0911392   0.733615
-0.00986566    0.110027        0.73 0.00933664  0.0911283   0.733624
-0.00974707    0.110022        0.73 0.00945948  0.0911174   0.733632
-0.00962835    0.110017        0.73 0.00958237  0.0911067    0.73364
-0.00950949    0.110012        0.73 0.00970535  0.0910961   0.733648
-0.0093905   0.110007       0.73 0.00982839  0.0910856   0.733656
-0.00927138    0.110003        0.73 0.00995152  0.0910752   0.733664
-0.00915213    0.109998        0.73 0.0100747 0.0910649  0.733672
-0.00903276    0.109993        0.73  0.010198 0.0910547  0.733679
-0.00891325    0.109988        0.73 0.0103213 0.0910446  0.733687
-0.00879362    0.109983        0.73 0.0104447 0.0910346  0.733695
-0.00867386    0.109978        0.73 0.0105682 0.0910248  0.733702
-0.00855398    0.109973        0.73 0.0106918  0.091015  0.733709
-0.00843398    0.109969        0.73 0.0108154 0.0910054  0.733717
-0.00831385    0.109964        0.73 0.0109391 0.0909958  0.733724
-0.00819361    0.109959        0.73 0.0110629 0.0909864  0.733731
-0.00807325    0.109954        0.73 0.0111868 0.0909771  0.733738
-0.00795277    0.109949        0.73 0.0113107 0.0909678  0.733745
-0.00783217    0.109944        0.73 0.0114347 0.0909587  0.733752
-0.00771146    0.109939        0.73 0.0115587 0.0909497  0.733759
-0.00759064    0.109934        0.73 0.0116829 0.0909408  0.733765
-0.0074697   0.109929       0.73 0.0118071  0.090932  0.733772
-0.00734866    0.109924        0.73 0.0119313 0.0909233  0.733778
-0.0072275   0.109919       0.73 0.0120557 0.0909148  0.733785
-0.00710624    0.109914        0.73 0.0121801 0.0909063  0.733791
-0.00698487     0.10991        0.73 0.0123046 0.0908979  0.733797
-0.00686339    0.109905        0.73 0.0124291 0.0908897  0.733804
-0.00674181      0.1099        0.73 0.0125537 0.0908815   0.73381
-0.00662013    0.109895        0.73 0.0126784 0.0908735  0.733816
-0.00649835     0.10989        0.73 0.0128032 0.0908656  0.733821
-0.00637646    0.109885        0.73  0.012928 0.0908578  0.733827
-0.00625448     0.10988        0.73 0.0130529   0.09085  0.733833
-0.0061324   0.109875       0.73 0.0131778 0.0908424  0.733839
-0.00601023     0.10987        0.73 0.0133028 0.0908349  0.733844
-0.00588795    0.109865        0.73 0.0134279 0.0908275   0.73385
-0.00576559     0.10986        0.73 0.0135531 0.0908203  0.733855
-0.00564313    0.109855        0.73 0.0136783 0.0908131   0.73386
-0.00552059     0.10985        0.73 0.0138036  0.090806  0.733865
-0.00539795    0.109845        0.73 0.0139289  0.090799  0.733871
-0.00527522     0.10984        0.73 0.0140543 0.0907922  0.733876
-0.00515241    0.109835        0.73 0.0141798 0.0907854   0.73388
-0.00502951     0.10983        0.73 0.0143053 0.0907788  0.733885
-0.00490653    0.109825        0.73 0.0144309 0.0907722   0.73389
-0.00478346     0.10982        0.73 0.0145566 0.0907658  0.733895
-0.00466032    0.109815        0.73 0.0146823 0.0907594  0.733899
-0.00453709     0.10981        0.73 0.0148081 0.0907532  0.733904
-0.00441379    0.109805        0.73  0.014934 0.0907471  0.733908
-0.0042904     0.1098       0.73 0.0150599  0.090741  0.733912
-0.00416694    0.109795        0.73 0.0151859 0.0907351  0.733916
-0.00404341     0.10979        0.73 0.0153119 0.0907293   0.73392
-0.0039198   0.109785       0.73  0.015438 0.0907236  0.733924
-0.00379612     0.10978        0.73 0.0155641  0.090718  0.733928
-0.00367237    0.109775        0.73 0.0156904 0.0907125  0.733932
-0.00354855     0.10977        0.73 0.0158167  0.090707  0.733936
-0.00342466    0.109765        0.73  0.015943 0.0907017  0.733939
-0.0033007    0.10976       0.73 0.0160694 0.0906965  0.733943
-0.00317668    0.109754        0.73 0.0161958 0.0906914  0.733946
-0.0030526   0.109749       0.73 0.0163223 0.0906864   0.73395
-0.00292845    0.109744        0.73 0.0164489 0.0906815  0.733953
-0.00280424    0.109739        0.73 0.0165756 0.0906767  0.733956
-0.00267997    0.109734        0.73 0.0167022  0.090672  0.733959
-0.00255564    0.109729        0.73  0.016829 0.0906674  0.733962
-0.00243125    0.109724        0.73 0.0169558 0.0906629  0.733965
-0.00230681    0.109719        0.73 0.0170826 0.0906585  0.733968
-0.00218232    0.109714        0.73 0.0172095 0.0906542  0.733971
-0.00205776    0.109709        0.73 0.0173365   0.09065  0.733973
-0.00193316    0.109704        0.73 0.0174635 0.0906459  0.733976
-0.00180851    0.109699        0.73 0.0175906 0.0906419  0.733978
-0.00168381    0.109694        0.73 0.0177177  0.090638  0.733981
-0.00155906    0.109689        0.73 0.0178449 0.0906342  0.733983
-0.00143426    0.109684        0.73 0.0179721 0.0906305  0.733985
-0.00130942    0.109678        0.73 0.0180994 0.0906268  0.733987
-0.00118453    0.109673        0.73 0.0182268 0.0906233  0.733989
-0.0010596   0.109668       0.73 0.0183542 0.0906199  0.733991
-0.000934631     0.109663         0.73 0.0184816 0.0906166  0.733993
-0.00080962    0.109658        0.73 0.0186091 0.0906133  0.733994
-0.000684571     0.109653         0.73 0.0187366 0.0906102  0.733996
-0.000559485     0.109648         0.73 0.0188642 0.0906072  0.733997
-0.000434363     0.109643         0.73 0.0189919 0.0906042  0.733999
-0.000309207     0.109638         0.73 0.0191196 0.0906014     0.734
-0.000184017     0.109633         0.73 0.0192473 0.0905986  0.734001
-5.87955e-05     0.109628         0.73 0.0193751  0.090596  0.734002
6.64565e-05    0.109622        0.73 0.0195029 0.0905934  0.734004
0.000191738    0.109617        0.73 0.0196308 0.0905909  0.734005
0.000317047    0.109612        0.73 0.0197588 0.0905886  0.734005
0.000442382    0.109607        0.73 0.0198868 0.0905863  0.734006
0.000567742    0.109602        0.73 0.0200148 0.0905841  0.734007
0.000693126    0.109597        0.73 0.0201428  0.090582  0.734008
0.000818533    0.109592        0.73 0.0202709   0.09058  0.734008
0.00094396   0.109587       0.73 0.0203991 0.0905781  0.734009
0.00106941   0.109582       0.73 0.0205273 0.0905763  0.734009
0.00119487   0.109576       0.73 0.0206555 0.0905746  0.734009
0.00132036   0.109571       0.73 0.0207838  0.090573   0.73401
0.00144585   0.109566       0.73 0.0209121 0.0905715   0.73401
0.00157137   0.109561       0.73 0.0210405 0.0905701   0.73401
0.00169689   0.109556       0.73 0.0211689 0.0905687   0.73401
0.00182243   0.109551       0.73 0.0212973 0.0905675   0.73401
0.00194798   0.109546       0.73 0.0214258 0.0905664   0.73401
0.00207353   0.109541       0.73 0.0215543 0.0905653  0.734009
0.00219909   0.109536       0.73 0.0216829 0.0905644  0.734009
0.00232466    0.10953       0.73 0.0218115 0.0905635  0.734008
0.00245024   0.109525       0.73 0.0219401 0.0905628  0.734008
0.00257582    0.10952       0.73 0.0220687 0.0905621  0.734007
0.0027014  0.109515      0.73 0.0221974 0.0905616  0.734007
0.00282698    0.10951       0.73 0.0223262 0.0905611  0.734006
0.00295256   0.109505       0.73 0.0224549 0.0905607  0.734005
0.00307814     0.1095       0.73 0.0225837 0.0905605  0.734004
0.00320371   0.109495       0.73 0.0227125 0.0905603  0.734003
0.00332928    0.10949       0.73 0.0228414 0.0905602  0.734002
0.00345485   0.109484       0.73 0.0229702 0.0905602     0.734
0.0035804  0.109479      0.73 0.0230992 0.0905603  0.733999
0.00370595   0.109474       0.73 0.0232281 0.0905605  0.733998
0.00383149   0.109469       0.73  0.023357 0.0905608  0.733996
0.00395702   0.109464       0.73  0.023486 0.0905612  0.733995
0.00408253   0.109459       0.73  0.023615 0.0905617  0.733993
0.00420803   0.109454       0.73 0.0237441 0.0905622  0.733991
0.00433352   0.109449       0.73 0.0238731 0.0905629  0.733989
0.00445899   0.109444       0.73 0.0240022 0.0905637  0.733987
0.00458444   0.109438       0.73 0.0241314 0.0905645  0.733985
0.00470987   0.109433       0.73 0.0242605 0.0905655  0.733983
0.00483528   0.109428       0.73 0.0243896 0.0905665  0.733981
0.00496066   0.109423       0.73 0.0245188 0.0905677  0.733979
0.00508603   0.109418       0.73  0.024648 0.0905689  0.733977
0.00521137   0.109413       0.73 0.0247773 0.0905702  0.733974
0.00533668   0.109408       0.73 0.0249065 0.0905716  0.733972
0.00546197   0.109403       0.73 0.0250357 0.0905732  0.733969
0.00558723   0.109398       0.73  0.025165 0.0905748  0.733966
0.00571245   0.109393       0.73 0.0252943 0.0905764  0.733964
0.00583765   0.109387       0.73 0.0254236 0.0905782  0.733961
0.00596281   0.109382       0.73  0.025553 0.0905801  0.733958
0.00608794   0.109377       0.73 0.0256823  0.090582  0.733955
0.00621304   0.109372       0.73 0.0258117 0.0905841  0.733952
0.00633809   0.109367       0.73  0.025941 0.0905862  0.733949
0.00646311   0.109362       0.73 0.0260704 0.0905884  0.733945
0.00658809   0.109357       0.73 0.0261998 0.0905907  0.733942
0.00671303   0.109352       0.73 0.0263292 0.0905931  0.733939
0.00683793   0.109347       0.73 0.0264587 0.0905956  0.733935
0.00696278   0.109342       0.73 0.0265881 0.0905981  0.733931
0.00708759   0.109337       0.73 0.0267175 0.0906007  0.733928
0.00721235   0.109331       0.73  0.026847 0.0906035  0.733924
0.00733706   0.109326       0.73 0.0269765 0.0906063   0.73392
0.00746173   0.109321       0.73  0.027106 0.0906091  0.733916
0.00758634   0.109316       0.73 0.0272354 0.0906121  0.733912
0.00771091   0.109311       0.73 0.0273649 0.0906151  0.733908
0.00783542   0.109306       0.73 0.0274944 0.0906183  0.733904
0.00795988   0.109301       0.73 0.0276239 0.0906215    0.7339
0.00808428   0.109296       0.73 0.0277534 0.0906247  0.733896
0.00820862   0.109291       0.73  0.027883 0.0906281  0.733891
0.00833291   0.109286       0.73 0.0280125 0.0906315  0.733887
0.00845714   0.109281       0.73 0.028142 0.090635 0.733882
0.0085813  0.109276      0.73 0.0282716 0.0906386  0.733877
0.00870541   0.109271       0.73 0.0284011 0.0906423  0.733873
0.00882945   0.109266       0.73 0.0285306  0.090646  0.733868
0.00895343   0.109261       0.73 0.0286602 0.0906499  0.733863
0.00907734   0.109256       0.73 0.0287897 0.0906538  0.733858
0.00920118   0.109251       0.73 0.0289193 0.0906577  0.733853
0.00932495   0.109245       0.73 0.0290488 0.0906618  0.733848
0.00944866    0.10924       0.73 0.0291784 0.0906659  0.733842
0.00957229   0.109235       0.73 0.0293079 0.0906701  0.733837
0.00969585    0.10923       0.73 0.0294375 0.0906744  0.733832
0.00981934   0.109225       0.73  0.029567 0.0906787  0.733826
0.00994275    0.10922       0.73 0.0296965 0.0906832  0.733821
0.0100661  0.109215      0.73 0.0298261 0.0906877  0.733815
0.0101893   0.10921      0.73 0.0299556 0.0906923  0.733809
0.0103125  0.109205      0.73 0.0300852 0.0906969  0.733803
0.0104356    0.1092      0.73 0.0302147 0.0907017  0.733798
0.0105586  0.109195      0.73 0.0303442 0.0907065  0.733792
0.0106816   0.10919      0.73 0.0304738 0.0907114  0.733786
0.0108044  0.109185      0.73 0.0306033 0.0907163  0.733779
0.0109272   0.10918      0.73 0.0307328 0.0907214  0.733773
0.0110498  0.109175      0.73 0.0308623 0.0907265  0.733767
0.0111724   0.10917      0.73 0.0309918 0.0907317  0.733761
0.0112949  0.109165      0.73 0.0311213 0.0907369  0.733754
0.0114173   0.10916      0.73 0.0312508 0.0907422  0.733748
0.0115396  0.109155      0.73 0.0313803 0.0907477  0.733741
0.0116619   0.10915      0.73 0.0315098 0.0907531  0.733735
0.011784 0.109145     0.73 0.0316392 0.0907587  0.733728
0.011906  0.10914     0.73 0.0317687 0.0907643  0.733721
0.0120279  0.109135      0.73 0.0318981   0.09077  0.733715
0.0121498   0.10913      0.73 0.0320276 0.0907758  0.733708
0.0122715  0.109126      0.73  0.032157 0.0907817  0.733701
0.0123931  0.109121      0.73 0.0322864 0.0907876  0.733694
0.0125146  0.109116      0.73 0.0324158 0.0907936  0.733687
0.0126361  0.109111      0.73 0.0325452 0.0907997  0.733679
0.0127574  0.109106      0.73 0.0326745 0.0908058  0.733672
0.0128786  0.109101      0.73 0.0328039 0.0908121  0.733665
0.0129997  0.109096      0.73 0.0329332 0.0908184  0.733658
0.0131207  0.109091      0.73 0.0330625 0.0908247   0.73365
0.0132416  0.109086      0.73 0.0331919 0.0908312  0.733643
0.0133623  0.109081      0.73 0.0333211 0.0908377  0.733635
0.013483 0.109076     0.73 0.0334504 0.0908443  0.733628
0.0136035  0.109071      0.73 0.0335797  0.090851   0.73362
0.0137239  0.109066      0.73 0.0337089 0.0908577  0.733612
0.0138442  0.109061      0.73 0.0338381 0.0908645  0.733604
0.0139644  0.109057      0.73 0.0339673 0.0908714  0.733597
0.0140845  0.109052      0.73 0.0340965 0.0908784  0.733589
0.0142044  0.109047      0.73 0.0342256 0.0908855  0.733581
0.0143243  0.109042      0.73 0.0343547 0.0908926  0.733573
0.014444 0.109037     0.73 0.0344838 0.0908998  0.733565
0.0145635  0.109032      0.73 0.0346129  0.090907  0.733556
0.014683 0.109027     0.73  0.034742 0.0909144  0.733548
0.0148023  0.109022      0.73  0.034871 0.0909218   0.73354
0.0149215  0.109018      0.73     0.035 0.0909293  0.733532
0.0150405  0.109013      0.73  0.035129 0.0909369  0.733523
0.0151594  0.109008      0.73 0.0352579 0.0909445  0.733515
0.0152782  0.109003      0.73 0.0353868 0.0909522  0.733506
0.0153969  0.108998      0.73 0.0355157   0.09096  0.733498
0.0155154  0.108993      0.73 0.0356445 0.0909679  0.733489
0.0156338  0.108989      0.73 0.0357734 0.0909758   0.73348
0.015752 0.108984     0.73 0.0359021 0.0909839  0.733472
0.0158701  0.108979      0.73 0.0360309  0.090992  0.733463
0.0159881  0.108974      0.73 0.0361596 0.0910001  0.733454
0.0161059  0.108969      0.73 0.0362883 0.0910084  0.733445
0.0162236  0.108965      0.73 0.0364169 0.0910167  0.733436
0.0163411   0.10896      0.73 0.0365455 0.0910251  0.733427
0.0164585  0.108955      0.73 0.0366741 0.0910336  0.733418
0.0165757   0.10895      0.73 0.0368027 0.0910421  0.733409
0.0166928  0.108946      0.73 0.0369311 0.0910508    0.7334
0.0168097  0.108941      0.73 0.0370596 0.0910595  0.733391
0.0169265  0.108936      0.73  0.037188 0.0910682  0.733381
0.0170431  0.108931      0.73 0.0373164 0.0910771  0.733372
0.0171596  0.108926      0.73 0.0374447  0.091086  0.733363
0.0172759  0.108922      0.73 0.037573 0.091095 0.733353
0.0173921  0.108917      0.73 0.0377013 0.0911041  0.733344
0.0175081  0.108912      0.73 0.0378295 0.0911132  0.733334
0.0176239  0.108908      0.73 0.0379577 0.0911225  0.733325
0.0177396  0.108903      0.73 0.0380858 0.0911318  0.733315
0.0178551  0.108898      0.73 0.0382139 0.0911411  0.733305
0.0179704  0.108893      0.73 0.0383419 0.0911506  0.733296
0.0180856  0.108889      0.73 0.0384699 0.0911601  0.733286
0.0182006  0.108884      0.73 0.0385979 0.0911697  0.733276
0.0183154  0.108879      0.73 0.0387258 0.0911794  0.733266
0.0184301  0.108875      0.73 0.0388537 0.0911891  0.733256
0.0185446   0.10887      0.73 0.0389815  0.091199  0.733246
0.0186589  0.108865      0.73 0.0391092 0.0912088  0.733236
0.0187731  0.108861      0.73  0.039237 0.0912188  0.733226
0.018887 0.108856     0.73 0.0393646 0.0912289  0.733216
0.0190008  0.108852      0.73 0.0394922  0.091239  0.733206
0.0191144  0.108847      0.73 0.0396198 0.0912492  0.733196
0.0192279  0.108842      0.73 0.0397473 0.0912594  0.733185
0.0193411  0.108838      0.73 0.0398748 0.0912698  0.733175
0.0194542  0.108833      0.73 0.0400022 0.0912802  0.733165
0.0195671  0.108828      0.73 0.0401296 0.0912907  0.733154
0.0196798  0.108824      0.73 0.0402569 0.0913012  0.733144
0.0197923  0.108819      0.73 0.0403841 0.0913119  0.733133
0.0199046  0.108815      0.73 0.0405113 0.0913226  0.733123
0.0200167   0.10881      0.73 0.0406385 0.0913334  0.733112
0.0201287  0.108806      0.73 0.0407656 0.0913442  0.733101
0.0202404  0.108801      0.73 0.0408926 0.0913551  0.733091
0.020352 0.108797     0.73 0.0410196 0.0913661   0.73308
0.0204633  0.108792      0.73 0.0411465 0.0913772  0.733069
0.0205745  0.108787      0.73 0.0412734 0.0913884  0.733058
0.0206854  0.108783      0.73 0.0414002 0.0913996  0.733048
0.0207962  0.108778      0.73 0.0415269 0.0914109  0.733037
0.0209067  0.108774      0.73 0.0416536 0.0914223  0.733026
0.0210171  0.108769      0.73 0.0417802 0.0914337  0.733015
0.0211272  0.108765      0.73 0.0419068 0.0914452  0.733004
0.0212371   0.10876      0.73 0.0420333 0.0914568  0.732993
0.0213469  0.108756      0.73 0.0421597 0.0914685  0.732982
0.0214564  0.108752      0.73 0.0422861 0.0914803  0.732971
0.0215657  0.108747      0.73 0.0424125 0.0914921   0.73296
0.0216748  0.108743      0.73 0.0425387  0.091504  0.732949
0.0217837  0.108738      0.73 0.0426649 0.0915159  0.732938
0.0218923  0.108734      0.73 0.042791 0.091528 0.732926
0.0220008  0.108729      0.73 0.0429171 0.0915401  0.732915
0.022109 0.108725     0.73 0.0430431 0.0915523  0.732904
0.022217 0.108721     0.73  0.043169 0.0915646  0.732893
0.0223248  0.108716      0.73 0.0432949 0.0915769  0.732881
0.0224323  0.108712      0.73 0.0434207 0.0915893   0.73287
0.0225396  0.108707      0.73 0.0435464 0.0916018  0.732859
0.0226467  0.108703      0.73 0.0436721 0.0916144  0.732848
0.0227536  0.108699      0.73 0.0437976 0.0916271  0.732836
0.0228603  0.108694      0.73 0.0439231 0.0916398  0.732825
0.0229667   0.10869      0.73 0.0440486 0.0916526  0.732813
0.0230729  0.108686      0.73  0.044174 0.0916655  0.732802
0.0231788  0.108681      0.73 0.0442993 0.0916785  0.732791
0.0232845  0.108677      0.73 0.0444245 0.0916916  0.732779
 0.02339 0.108673     0.73 0.0445496 0.0917047  0.732768
0.0234952  0.108669      0.73 0.0446747 0.0917179  0.732756
0.0236002  0.108664      0.73 0.0447996 0.0917312  0.732745
0.023705  0.10866     0.73 0.0449246 0.0917446  0.732733
0.0238095  0.108656      0.73 0.0450494  0.091758  0.732722
0.0239137  0.108652      0.73 0.0451741 0.0917715   0.73271
0.0240177  0.108647      0.73 0.0452988 0.0917851  0.732699
0.0241215  0.108643      0.73 0.0454234 0.0917988  0.732687
0.024225 0.108639     0.73 0.0455479 0.0918126  0.732675
0.0243283  0.108635      0.73 0.0456723 0.0918265  0.732664
0.0244313   0.10863      0.73 0.0457966 0.0918404  0.732652
0.024534 0.108626     0.73 0.0459209 0.0918544  0.732641
0.0246365  0.108622      0.73  0.046045 0.0918685  0.732629
0.0247387  0.108618      0.73 0.0461691 0.0918827  0.732617
0.0248407  0.108614      0.73 0.0462931  0.091897  0.732606
0.0249424   0.10861      0.73  0.046417 0.0919113  0.732594
0.0250439  0.108605      0.73 0.0465408 0.0919258  0.732582
0.0251451  0.108601      0.73 0.0466645 0.0919403   0.73257
0.025246 0.108597     0.73 0.0467881 0.0919549  0.732559
0.0253466  0.108593      0.73 0.0469117 0.0919696  0.732547
0.025447 0.108589     0.73 0.0470351 0.0919844  0.732535
0.0255471  0.108585      0.73 0.0471584 0.0919992  0.732523
0.025647 0.108581     0.73 0.0472817 0.0920142  0.732512
0.0257465  0.108577      0.73 0.0474048 0.0920292    0.7325
0.0258458  0.108573      0.73 0.0475279 0.0920443  0.732488
0.0259448  0.108569      0.73 0.0476508 0.0920595  0.732476
0.0260436  0.108565      0.73 0.0477737 0.0920748  0.732464
0.026142 0.108561     0.73 0.0478964 0.0920901  0.732452
0.0262402  0.108557      0.73  0.048019 0.0921056  0.732441
0.0263381  0.108553      0.73 0.0481416 0.0921211  0.732429
0.0264357  0.108549      0.73  0.048264 0.0921368  0.732417
0.026533 0.108545     0.73 0.0483863 0.0921525  0.732405
 0.02663 0.108541     0.73 0.0485086 0.0921683  0.732393
0.0267267  0.108537      0.73 0.0486307 0.0921842  0.732381
0.0268232  0.108533      0.73 0.0487527 0.0922001  0.732369
0.0269193  0.108529      0.73 0.0488745 0.0922162  0.732357
0.0270152  0.108525      0.73 0.0489963 0.0922324  0.732345
0.0271108  0.108521      0.73  0.049118 0.0922486  0.732333
0.027206 0.108517     0.73 0.0492395 0.0922649  0.732321
0.027301 0.108514     0.73  0.049361 0.0922813  0.732309
0.0273957   0.10851      0.73 0.0494823 0.0922978  0.732297
0.0274901  0.108506      0.73 0.0496035 0.0923144  0.732284
0.0275841  0.108502      0.73 0.0497246 0.0923311  0.732272
0.0276779  0.108498      0.73 0.0498455 0.0923479   0.73226
0.0277714  0.108494      0.73 0.0499664 0.0923647  0.732248
0.0278645  0.108491      0.73 0.0500871 0.0923817  0.732236
0.0279574  0.108487      0.73 0.0502077 0.0923987  0.732223
0.0280499  0.108483      0.73 0.0503282 0.0924158  0.732211
0.0281421  0.108479      0.73 0.0504485  0.092433  0.732199
0.028234 0.108476     0.73 0.0505687 0.0924503  0.732187
0.0283256  0.108472      0.73 0.0506888 0.0924677  0.732174
0.0284169  0.108468      0.73 0.0508088 0.0924852  0.732162
0.0285079  0.108464      0.73 0.0509286 0.0925028  0.732149
0.0285986  0.108461      0.73 0.0510483 0.0925205  0.732137
0.0286889  0.108457      0.73 0.0511678 0.0925382  0.732124
0.0287789  0.108453      0.73 0.0512872 0.0925561  0.732112
0.0288686   0.10845      0.73 0.0514065  0.092574  0.732099
0.028958 0.108446     0.73 0.0515256 0.0925921  0.732087
0.0290471  0.108443      0.73 0.0516446 0.0926102  0.732074
0.0291358  0.108439      0.73 0.0517635 0.0926284  0.732061
0.0292242  0.108435      0.73 0.0518822 0.0926467  0.732048
0.0293123  0.108432      0.73 0.0520008 0.0926651  0.732036
0.0294001  0.108428      0.73 0.0521192 0.0926836  0.732023
0.0294875  0.108425      0.73 0.0522374 0.0927022   0.73201
0.0295746  0.108421      0.73 0.0523556 0.0927209  0.731997
0.0296614  0.108417      0.73 0.0524735 0.0927397  0.731984
0.0297478  0.108414      0.73 0.0525914 0.0927586  0.731971
0.029834  0.10841     0.73  0.052709 0.0927776  0.731958
0.0299197  0.108407      0.73 0.0528265 0.0927967  0.731945
0.0300052  0.108403      0.73 0.0529439 0.0928158  0.731931
0.0300903    0.1084      0.73 0.0530611 0.0928351  0.731918
0.0301751  0.108397      0.73 0.0531782 0.0928544  0.731905
0.0302596  0.108393      0.73 0.0532951 0.0928739  0.731891
0.0303437   0.10839      0.73 0.0534118 0.0928934  0.731878
0.0304274  0.108386      0.73 0.0535284 0.0929131  0.731865
0.0305109  0.108383      0.73 0.0536448 0.0929328  0.731851
0.030594  0.10838     0.73  0.053761 0.0929526  0.731837
0.0306768  0.108376      0.73 0.0538771 0.0929726  0.731824
0.0307592  0.108373      0.73 0.0539931 0.0929926   0.73181
0.0308413  0.108369      0.73 0.0541088 0.0930127  0.731796
0.030923 0.108366     0.73 0.0542244 0.0930329  0.731782
0.0310044  0.108363      0.73 0.0543399 0.0930533  0.731768
0.0310855   0.10836      0.73 0.0544551 0.0930737  0.731754
0.0311662  0.108356      0.73 0.0545702 0.0930942   0.73174
0.0312466  0.108353      0.73 0.0546852 0.0931148  0.731726
0.0313266   0.10835      0.73 0.0547999 0.0931355  0.731712
0.0314063  0.108346      0.73 0.0549145 0.0931563  0.731698
0.0314857  0.108343      0.73 0.0550289 0.0931772  0.731684
0.0315647   0.10834      0.73 0.0551432 0.0931982  0.731669
0.0316434  0.108337      0.73 0.0552572 0.0932193  0.731655
0.0317217  0.108334      0.73 0.0553711 0.0932404   0.73164
0.0317997   0.10833      0.73 0.0554849 0.0932617  0.731626
0.0318773  0.108327      0.73 0.0555984 0.0932831  0.731611
0.0319546  0.108324      0.73 0.0557118 0.0933046  0.731596
0.0320316  0.108321      0.73  0.055825 0.0933262  0.731582
0.0321082  0.108318      0.73  0.055938 0.0933479  0.731567
0.0321845  0.108315      0.73 0.0560508 0.0933696  0.731552
0.0322604  0.108312      0.73 0.0561635 0.0933915  0.731537
0.0323359  0.108309      0.73  0.056276 0.0934135  0.731522
0.0324112  0.108306      0.73 0.0563882 0.0934356  0.731507
0.0324861  0.108302      0.73 0.0565003 0.0934577  0.731491
0.0325606  0.108299      0.73 0.0566123   0.09348  0.731476
0.0326348  0.108296      0.73  0.056724 0.0935024  0.731461
0.0327086  0.108293      0.73 0.0568356 0.0935248  0.731445
0.0327821   0.10829      0.73  0.056947 0.0935474   0.73143
0.0328553  0.108287      0.73 0.0570581 0.0935701  0.731414
0.0329281  0.108284      0.73 0.0571691 0.0935928  0.731399
0.0330006  0.108282      0.73 0.0572799 0.0936157  0.731383
0.0330727  0.108279      0.73 0.0573906 0.0936387  0.731367
0.0331445  0.108276      0.73  0.057501 0.0936617  0.731351
0.033216 0.108273     0.73 0.0576112 0.0936849  0.731335
0.0332871   0.10827      0.73 0.0577213 0.0937082  0.731319
0.0333578  0.108267      0.73 0.0578311 0.0937315  0.731303
0.0334282  0.108264      0.73 0.0579408  0.093755  0.731287
0.0334983  0.108261      0.73 0.0580503 0.0937785  0.731271
0.0335681  0.108258      0.73 0.0581596 0.0938022  0.731255
0.0336374  0.108256      0.73 0.0582686  0.093826  0.731238
0.0337065  0.108253      0.73 0.0583775 0.0938498  0.731222
0.0337752   0.10825      0.73 0.0584862 0.0938738  0.731205
0.0338436  0.108247      0.73 0.0585947 0.0938979  0.731189
0.0339116  0.108244      0.73 0.058703 0.093922 0.731172
0.0339793  0.108242      0.73 0.0588111 0.0939463  0.731155
0.0340467  0.108239      0.73  0.058919 0.0939706  0.731139
0.0341137  0.108236      0.73 0.0590267 0.0939951  0.731122
0.0341804  0.108234      0.73 0.0591342 0.0940197  0.731105
0.0342467  0.108231      0.73 0.0592415 0.0940443  0.731088
0.0343127  0.108228      0.73 0.0593486 0.0940691  0.731071
0.0343784  0.108225      0.73 0.0594555  0.094094  0.731054
0.0344437  0.108223      0.73 0.0595621  0.094119  0.731036
0.0345087   0.10822      0.73 0.0596686  0.094144  0.731019
0.0345734  0.108218      0.73 0.0597749 0.0941692  0.731002
0.0346377  0.108215      0.73  0.059881 0.0941945  0.730984
0.0347017  0.108212      0.73 0.0599868 0.0942198  0.730967
0.0347654   0.10821      0.73 0.0600925 0.0942453  0.730949
0.0348287  0.108207      0.73  0.060198 0.0942709  0.730932
0.0348917  0.108205      0.73 0.0603032 0.0942966  0.730914
0.0349544  0.108202      0.73 0.0604082 0.0943224  0.730896
0.0350167  0.108199      0.73  0.060513 0.0943482  0.730878
0.0350787  0.108197      0.73 0.0606177 0.0943742   0.73086
0.0351404  0.108194      0.73 0.0607221 0.0944003  0.730842
0.0352018  0.108192      0.73 0.0608262 0.0944265  0.730824
0.0352628  0.108189      0.73 0.0609302 0.0944528  0.730806
0.0353235  0.108187      0.73  0.061034 0.0944792  0.730788
0.0353839  0.108185      0.73 0.0611375 0.0945057   0.73077
0.0354439  0.108182      0.73 0.0612408 0.0945323  0.730752
0.0355036   0.10818      0.73 0.061344 0.094559 0.730733
0.035563 0.108177     0.73 0.0614469 0.0945858  0.730715
0.0356221  0.108175      0.73 0.0615495 0.0946127  0.730697
0.0356808  0.108172      0.73  0.061652 0.0946397  0.730678
0.0357393   0.10817      0.73 0.0617542 0.0946668  0.730659
0.0357974  0.108168      0.73 0.0618563  0.094694  0.730641
0.0358552  0.108165      0.73 0.0619581 0.0947213  0.730622
0.0359126  0.108163      0.73 0.0620597 0.0947488  0.730603
0.0359698  0.108161      0.73  0.062161 0.0947763  0.730584
0.0360266  0.108158      0.73 0.0622621 0.0948039  0.730566
0.0360831  0.108156      0.73 0.0623631 0.0948317  0.730547
0.0361393  0.108154      0.73 0.0624638 0.0948595  0.730528
0.0361952  0.108151      0.73 0.0625642 0.0948875  0.730508
0.0362507  0.108149      0.73 0.0626645 0.0949155  0.730489
0.0363059  0.108147      0.73 0.0627645 0.0949437   0.73047
0.0363609  0.108145      0.73 0.0628643  0.094972  0.730451
0.0364155  0.108143      0.73 0.0629638 0.0950004  0.730431
0.0364698   0.10814      0.73 0.0630632 0.0950288  0.730412
0.0365237  0.108138      0.73 0.0631623 0.0950574  0.730393
0.0365774  0.108136      0.73 0.0632611 0.0950861  0.730373
0.0366308  0.108134      0.73 0.0633598 0.0951149  0.730354
0.0366838  0.108132      0.73 0.0634582 0.0951438  0.730334
0.0367365  0.108129      0.73 0.0635564 0.0951728  0.730314
0.036789 0.108127     0.73 0.0636544  0.095202  0.730295
0.0368411  0.108125      0.73 0.0637521 0.0952312  0.730275
0.0368929  0.108123      0.73 0.0638496 0.0952605  0.730255
0.0369444  0.108121      0.73 0.0639469 0.0952899  0.730235
0.0369955  0.108119      0.73 0.0640439 0.0953194  0.730215
0.0370464  0.108117      0.73 0.0641407 0.0953491  0.730195
0.037097 0.108115     0.73 0.0642373 0.0953788  0.730175
0.0371473  0.108113      0.73 0.0643337 0.0954086  0.730155
0.0371972  0.108111      0.73 0.0644298 0.0954386  0.730135
0.0372469  0.108109      0.73 0.0645257 0.0954686  0.730115
0.0372962  0.108107      0.73 0.0646213 0.0954987  0.730095
0.0373453  0.108105      0.73 0.0647168  0.095529  0.730074
0.037394 0.108103     0.73  0.064812 0.0955593  0.730054
0.0374424  0.108101      0.73 0.0649069 0.0955898  0.730034
0.0374906  0.108099      0.73 0.0650017 0.0956203  0.730013
0.0375384  0.108097      0.73 0.0650962 0.0956509  0.729993
0.0375859  0.108095      0.73 0.0651904 0.0956817  0.729973
0.0376332  0.108093      0.73 0.0652845 0.0957125  0.729952
0.0376801  0.108091      0.73 0.0653783 0.0957435  0.729932
0.0377267  0.108089      0.73 0.0654719 0.0957745  0.729911
0.037773 0.108087     0.73 0.0655652 0.0958057  0.729891
0.0378191  0.108085      0.73 0.0656583 0.0958369   0.72987
0.0378648  0.108084      0.73 0.0657512 0.0958683  0.729849
0.0379102  0.108082      0.73 0.0658439 0.0958997  0.729829
0.0379554   0.10808      0.73 0.0659363 0.0959312  0.729808
0.0380002  0.108078      0.73 0.0660285 0.0959629  0.729787
0.0380448  0.108076      0.73 0.0661205 0.0959946  0.729767
0.038089 0.108074     0.73 0.0662123 0.0960264  0.729746
0.038133 0.108073     0.73 0.0663039 0.0960583  0.729725
0.0381766  0.108071      0.73 0.0663952 0.0960903  0.729704
 0.03822 0.108069     0.73 0.0664863 0.0961224  0.729684
0.0382631  0.108067      0.73 0.0665772 0.0961546  0.729663
0.0383058  0.108066      0.73 0.0666678 0.0961869  0.729642
0.0383483  0.108064      0.73 0.0667583 0.0962192  0.729621
0.0383905  0.108062      0.73 0.0668485 0.0962517  0.729601
0.0384324   0.10806      0.73 0.0669385 0.0962842   0.72958
0.038474 0.108059     0.73 0.0670283 0.0963169  0.729559
0.0385154  0.108057      0.73 0.0671178 0.0963496  0.729539
0.0385564  0.108055      0.73 0.0672072 0.0963825  0.729518
0.0385971  0.108054      0.73 0.0672963 0.0964156  0.729497
0.0386376  0.108052      0.73 0.0673853 0.0964489  0.729476
0.0386777   0.10805      0.73  0.067474 0.0964824  0.729456
0.0387176  0.108049      0.73 0.0675625 0.0965161  0.729435
0.0387572  0.108047      0.73 0.0676507 0.0965501  0.729415
0.0387965  0.108046      0.73 0.0677388 0.0965844  0.729394
0.0388355  0.108044      0.73 0.0678267  0.096619  0.729373
0.0388742  0.108042      0.73 0.0679143 0.0966539  0.729353
0.0389126  0.108041      0.73 0.0680017 0.0966891  0.729332
0.0389508  0.108039      0.73  0.068089 0.0967245  0.729312
0.0389887  0.108038      0.73  0.068176 0.0967603  0.729292
0.0390262  0.108036      0.73 0.0682628 0.0967964  0.729271
0.0390635  0.108035      0.73 0.0683494 0.0968328  0.729251
0.0391005  0.108033      0.73 0.0684358 0.0968695  0.729231
0.0391373  0.108032      0.73  0.068522 0.0969064   0.72921
0.0391737   0.10803      0.73 0.0686079 0.0969437   0.72919
0.0392099  0.108029      0.73 0.0686937 0.0969813   0.72917
0.0392457  0.108027      0.73 0.0687793 0.0970191   0.72915
0.0392813  0.108026      0.73 0.0688646 0.0970572   0.72913
0.0393167  0.108024      0.73 0.0689498 0.0970956   0.72911
0.0393517  0.108023      0.73 0.0690348 0.0971342   0.72909
0.0393864  0.108022      0.73 0.0691195 0.0971731   0.72907
0.0394209   0.10802      0.73 0.0692041 0.0972123   0.72905
0.0394551  0.108019      0.73 0.0692884 0.0972517   0.72903
0.039489 0.108017     0.73 0.0693726 0.0972914   0.72901
0.0395227  0.108016      0.73 0.0694565 0.0973312  0.728991
0.039556 0.108015     0.73 0.0695403 0.0973713  0.728971
0.0395891  0.108013      0.73 0.0696239 0.0974117  0.728951
0.0396219  0.108012      0.73 0.0697073 0.0974522  0.728932
0.0396545  0.108011      0.73 0.0697904  0.097493  0.728912
0.0396867  0.108009      0.73 0.0698734 0.0975339  0.728893
0.0397187  0.108008      0.73 0.0699562 0.0975751  0.728874
0.0397504  0.108007      0.73 0.0700388 0.0976164  0.728855
0.0397818  0.108005      0.73 0.0701212 0.0976579  0.728835
0.039813 0.108004     0.73 0.0702034 0.0976996  0.728816
0.0398439  0.108003      0.73 0.0702854 0.0977415  0.728797
0.0398745  0.108002      0.73 0.0703672 0.0977836  0.728778
0.0399049     0.108      0.73 0.0704489 0.0978258  0.728759
0.0399349  0.107999      0.73 0.0705303 0.0978682  0.728741
0.0399647  0.107998      0.73 0.0706115 0.0979108  0.728722
0.0399943  0.107997      0.73 0.0706926 0.0979535  0.728703
0.0400235  0.107996      0.73 0.0707734 0.0979963  0.728685
0.0400525  0.107994      0.73 0.0708541 0.0980393  0.728666
0.0400812  0.107993      0.73 0.0709345 0.0980824  0.728648
0.0401097  0.107992      0.73 0.0710147 0.0981257  0.728629
0.0401379  0.107991      0.73 0.0710948 0.0981691  0.728611
0.0401658   0.10799      0.73 0.0711747 0.0982126  0.728593
0.0401935  0.107989      0.73 0.0712543 0.0982562  0.728575
0.0402209  0.107988      0.73 0.0713338    0.0983  0.728556
0.040248 0.107986     0.73  0.071413 0.0983438  0.728538
0.0402748  0.107985      0.73 0.0714921 0.0983878  0.728521
0.0403014  0.107984      0.73  0.071571 0.0984319  0.728503
0.0403278  0.107983      0.73 0.0716497 0.0984761  0.728485
0.0403539  0.107982      0.73 0.0717281 0.0985203  0.728467
0.0403797  0.107981      0.73 0.0718064 0.0985647   0.72845
0.0404052   0.10798      0.73 0.0718845 0.0986091  0.728432
0.0404305  0.107979      0.73 0.0719624 0.0986536  0.728415
0.0404556  0.107978      0.73   0.07204 0.0986981  0.728397
0.0404803  0.107977      0.73 0.0721175 0.0987427   0.72838
0.0405048  0.107976      0.73 0.0721948 0.0987874  0.728363
0.0405291  0.107975      0.73 0.0722719 0.0988321  0.728346
0.0405531  0.107974      0.73 0.0723488 0.0988769  0.728328
0.0405769  0.107973      0.73 0.0724254 0.0989218  0.728311
0.0406004  0.107972      0.73 0.0725019 0.0989667  0.728294
0.0406236  0.107971      0.73 0.0725782 0.0990116  0.728277
0.0406466   0.10797      0.73 0.0726542 0.0990567  0.728261
0.0406693  0.107969      0.73 0.0727301 0.0991017  0.728244
0.0406918  0.107968      0.73 0.0728058 0.0991468  0.728227
0.040714 0.107967     0.73 0.0728812  0.099192   0.72821
0.040736 0.107967     0.73 0.0729565 0.0992371  0.728194
0.0407577  0.107966      0.73 0.0730316 0.0992824  0.728177
0.0407792  0.107965      0.73 0.0731064 0.0993277   0.72816
0.0408005  0.107964      0.73 0.073181 0.099373 0.728144
0.0408215  0.107963      0.73 0.0732555 0.0994184  0.728128
0.0408422  0.107962      0.73 0.0733297 0.0994638  0.728111
0.0408627  0.107961      0.73 0.0734038 0.0995093  0.728095
0.0408829  0.107961      0.73 0.0734776 0.0995548  0.728079
0.040903  0.10796     0.73 0.0735512 0.0996004  0.728062
0.0409227  0.107959      0.73 0.0736246 0.0996461  0.728046
0.0409423  0.107958      0.73 0.0736978 0.0996917   0.72803
0.0409615  0.107957      0.73 0.0737708 0.0997375  0.728014
0.0409806  0.107957      0.73 0.0738436 0.0997833  0.727998
0.0409994  0.107956      0.73 0.0739161 0.0998291  0.727982
0.041018 0.107955     0.73 0.0739885  0.099875  0.727966
0.0410363  0.107954      0.73 0.0740606 0.0999209   0.72795
0.0410544  0.107954      0.73 0.0741326 0.0999669  0.727934
0.0410723  0.107953      0.73 0.0742043  0.100013  0.727918
0.0410899  0.107952      0.73 0.0742758  0.100059  0.727902
0.0411073  0.107951      0.73 0.0743471  0.100105  0.727886
0.0411244  0.107951      0.73 0.0744182  0.100151  0.727871
0.0411414   0.10795      0.73 0.0744891  0.100198  0.727855
0.0411581  0.107949      0.73 0.0745597  0.100244  0.727839
0.0411746  0.107949      0.73 0.0746302  0.100291  0.727824
0.0411908  0.107948      0.73 0.0747004  0.100337  0.727808
0.0412068  0.107947      0.73 0.0747703  0.100384  0.727793
0.0412226  0.107947      0.73  0.07484  0.10043 0.727777
0.0412382  0.107946      0.73 0.0749094  0.100477  0.727762
0.0412536  0.107946      0.73 0.0749785  0.100523  0.727746
0.0412687  0.107945      0.73 0.0750474   0.10057  0.727731
0.0412836  0.107944      0.73 0.0751159  0.100617  0.727716
0.0412983  0.107944      0.73 0.0751842  0.100664  0.727701
0.0413127  0.107943      0.73 0.0752522  0.100711  0.727685
0.041327 0.107943     0.73 0.0753198  0.100758   0.72767
0.041341 0.107942     0.73 0.0753872  0.100805  0.727655
0.0413548  0.107941      0.73 0.0754543  0.100852   0.72764
0.0413684  0.107941      0.73 0.0755211  0.100899  0.727625
0.0413818   0.10794      0.73 0.0755876  0.100946  0.727611
0.041395  0.10794     0.73 0.0756539  0.100994  0.727596
0.041408 0.107939     0.73 0.0757199  0.101041  0.727581
0.0414208  0.107939      0.73 0.0757856  0.101088  0.727566
0.0414333  0.107938      0.73 0.0758511  0.101136  0.727551
0.0414457  0.107938      0.73 0.0759163  0.101183  0.727537
0.0414578  0.107937      0.73 0.0759812  0.101231  0.727522
0.0414697  0.107937      0.73 0.076046 0.101278 0.727507
0.0414815  0.107936      0.73 0.0761104  0.101326  0.727493
0.041493 0.107936     0.73 0.0761747  0.101374  0.727478
0.0415044  0.107935      0.73 0.0762386  0.101421  0.727463
0.0415155  0.107935      0.73 0.0763024  0.101469  0.727449
0.0415264  0.107934      0.73 0.0763659  0.101517  0.727434
0.0415372  0.107934      0.73 0.0764292  0.101565  0.727419
0.0415477  0.107934      0.73 0.0764923  0.101613  0.727405
0.0415581  0.107933      0.73 0.0765551  0.101661   0.72739
0.0415683  0.107933      0.73 0.0766177  0.101709  0.727375
0.0415782  0.107932      0.73 0.0766801  0.101757   0.72736
0.041588 0.107932     0.73 0.0767423  0.101805  0.727346
0.0415976  0.107932      0.73 0.0768043  0.101853  0.727331
0.0416071  0.107931      0.73 0.076866 0.101902 0.727316
0.0416163  0.107931      0.73 0.0769276   0.10195  0.727301
0.0416253   0.10793      0.73 0.0769889  0.101998  0.727287
0.0416342   0.10793      0.73  0.07705 0.102047 0.727272
0.0416429   0.10793      0.73 0.077111 0.102095 0.727257
0.0416514  0.107929      0.73 0.0771717  0.102144  0.727242
0.0416597  0.107929      0.73 0.0772321  0.102193  0.727227
0.0416679  0.107929      0.73 0.0772925  0.102242  0.727212
0.0416759  0.107928      0.73 0.0773526   0.10229  0.727197
0.0416837  0.107928      0.73 0.0774124  0.102339  0.727183
0.0416914  0.107928      0.73 0.0774722  0.102389  0.727168
0.0416988  0.107927      0.73 0.0775316  0.102438  0.727153
0.0417061  0.107927      0.73 0.0775909  0.102487  0.727138
0.0417133  0.107927      0.73  0.07765 0.102536 0.727123
0.0417203  0.107927      0.73 0.0777089  0.102586  0.727108
0.0417271  0.107926      0.73 0.0777676  0.102636  0.727093
0.0417338  0.107926      0.73 0.0778261  0.102685  0.727078
0.0417403  0.107926      0.73 0.0778844  0.102735  0.727063
0.0417466  0.107925      0.73 0.0779425  0.102785  0.727048
0.0417528  0.107925      0.73 0.0780004  0.102835  0.727033
0.0417588  0.107925      0.73 0.0780581  0.102885  0.727018
0.0417647  0.107925      0.73 0.0781157  0.102936  0.727003
0.0417704  0.107924      0.73 0.078173 0.102986 0.726988
0.041776 0.107924     0.73 0.0782301  0.103036  0.726973
0.0417815  0.107924      0.73 0.0782871  0.103087  0.726958
0.0417868  0.107924      0.73 0.0783438  0.103138  0.726943
0.0417919  0.107924      0.73 0.0784003  0.103188  0.726928
0.0417969  0.107923      0.73 0.0784567  0.103239  0.726913
0.0418018  0.107923      0.73 0.0785128   0.10329  0.726898
0.0418065  0.107923      0.73 0.0785688  0.103341  0.726883
0.0418112  0.107923      0.73 0.0786245  0.103392  0.726868
0.0418156  0.107923      0.73 0.0786801  0.103443  0.726853
 0.04182 0.107922     0.73 0.0787355  0.103494  0.726838
0.0418242  0.107922      0.73 0.0787906  0.103546  0.726822
0.0418282  0.107922      0.73 0.0788456  0.103597  0.726807
0.0418322  0.107922      0.73 0.0789003  0.103649  0.726792
0.041836 0.107922     0.73 0.0789549    0.1037  0.726777
0.0418397  0.107922      0.73 0.0790093  0.103752  0.726762
0.0418433  0.107922      0.73 0.0790634  0.103804  0.726747
0.0418468  0.107921      0.73 0.0791174  0.103855  0.726732
0.0418502  0.107921      0.73 0.0791712  0.103907  0.726717
0.0418534  0.107921      0.73 0.0792247  0.103959  0.726702
0.0418565  0.107921      0.73 0.0792781  0.104012  0.726687
0.0418596  0.107921      0.73 0.0793313  0.104064  0.726672
0.0418625  0.107921      0.73 0.0793842  0.104116  0.726657
0.0418653  0.107921      0.73 0.079437 0.104168 0.726641
0.041868 0.107921     0.73 0.0794896  0.104221  0.726626
0.0418706   0.10792      0.73 0.0795419  0.104273  0.726611
0.0418731   0.10792      0.73 0.0795941  0.104326  0.726596
0.0418755   0.10792      0.73 0.0796461  0.104379  0.726581
0.0418778   0.10792      0.73 0.0796979  0.104432  0.726566
0.04188 0.10792    0.73 0.0797494  0.104484  0.726551
0.0418822   0.10792      0.73 0.0798008  0.104537  0.726536
0.0418842   0.10792      0.73 0.079852  0.10459 0.726521
0.0418862   0.10792      0.73 0.0799029  0.104644  0.726506
0.041888  0.10792     0.73 0.0799537  0.104697  0.726491
0.0418898   0.10792      0.73 0.0800043   0.10475  0.726475
0.0418915   0.10792      0.73 0.0800546  0.104804   0.72646
0.0418932  0.107919      0.73 0.0801048  0.104857  0.726445
0.0418947  0.107919      0.73 0.0801548  0.104911   0.72643
0.0418962  0.107919      0.73 0.0802045  0.104964  0.726415
0.0418976  0.107919      0.73 0.0802541  0.105018    0.7264
0.041899 0.107919     0.73 0.0803035  0.105072  0.726385
0.0419002  0.107919      0.73 0.0803526  0.105126   0.72637
0.0419015  0.107919      0.73 0.0804016   0.10518  0.726355
0.0419026  0.107919      0.73 0.0804504  0.105234   0.72634
0.0419037  0.107919      0.73 0.0804989  0.105288  0.726325
0.0419048  0.107919      0.73 0.0805473  0.105343   0.72631
0.0419057  0.107919      0.73 0.0805955  0.105397  0.726295
0.0419067  0.107919      0.73 0.0806434  0.105452   0.72628
0.0419076  0.107919      0.73 0.0806912  0.105506  0.726264
0.0419084  0.107919      0.73 0.0807387  0.105561  0.726249
0.0419092  0.107919      0.73 0.0807861  0.105616  0.726234
 0.04191 0.107919     0.73 0.0808333  0.105671  0.726219
0.0419107  0.107919      0.73 0.0808803  0.105726  0.726204
0.0419114  0.107919      0.73 0.080927 0.105781 0.726189
0.041912 0.107919     0.73 0.0809736  0.105836  0.726174
0.0419126  0.107919      0.73  0.08102 0.105891 0.726159
0.0419132  0.107919      0.73 0.0810661  0.105946  0.726144
0.0419138  0.107919      0.73 0.0811121  0.106002  0.726129
0.0419143  0.107919      0.73 0.0811579  0.106057  0.726114
0.0419148  0.107919      0.73 0.0812034  0.106113  0.726099
0.0419153  0.107919      0.73 0.0812488  0.106169  0.726084
0.0419158  0.107919      0.73 0.0812939  0.106224  0.726069
0.0419162  0.107919      0.73 0.0813389   0.10628  0.726054
0.0419167  0.107919      0.73 0.0813837  0.106336  0.726039
0.0419171  0.107919      0.73 0.0814283  0.106392  0.726024
-0.0446359  -0.115596       0.73 -0.0446359  -0.115596   0.719313
-0.0446359  -0.115596       0.73 -0.0446513  -0.115526   0.719443
-0.0446359  -0.115596       0.73 -0.0446659  -0.115456   0.719573
-0.0446359  -0.115596       0.73 -0.0446795  -0.115386   0.719704
-0.0446359  -0.115596       0.73 -0.0446923  -0.115315   0.719835
-0.0446359  -0.115596       0.73 -0.0447043  -0.115245   0.719966
-0.0446358  -0.115596       0.73 -0.0447153  -0.115174   0.720097
-0.0446358  -0.115596       0.73 -0.0447255  -0.115103   0.720228
-0.0446357  -0.115596       0.73 -0.0447349  -0.115032    0.72036
-0.0446356  -0.115596       0.73 -0.0447433   -0.11496   0.720492
-0.0446355  -0.115596       0.73 -0.0447508  -0.114889   0.720624
-0.0446353  -0.115596       0.73 -0.0447575  -0.114817   0.720757
-0.0446352  -0.115596       0.73 -0.0447632  -0.114745   0.720889
-0.044635 -0.115596      0.73 -0.0447681  -0.114673   0.721022
-0.0446347  -0.115596       0.73 -0.044772 -0.114601  0.721155
-0.0446344  -0.115596       0.73 -0.0447751  -0.114528   0.721288
-0.0446341  -0.115596       0.73 -0.0447772  -0.114456   0.721421
-0.0446337  -0.115596       0.73 -0.0447783  -0.114383   0.721555
-0.0446333  -0.115596       0.73 -0.0447786   -0.11431   0.721688
-0.0446328  -0.115596       0.73 -0.0447779  -0.114237   0.721822
-0.0446323  -0.115596       0.73 -0.0447762  -0.114164   0.721956
-0.0446317  -0.115596       0.73 -0.0447735   -0.11409    0.72209
-0.0446311  -0.115596       0.73 -0.0447699  -0.114017   0.722224
-0.0446304  -0.115595       0.73 -0.0447653  -0.113943   0.722358
-0.0446296  -0.115595       0.73 -0.0447597   -0.11387   0.722492
-0.0446288  -0.115595       0.73 -0.0447531  -0.113796   0.722627
-0.0446279  -0.115595       0.73 -0.0447455  -0.113722   0.722761
-0.0446269  -0.115595       0.73 -0.0447369  -0.113648   0.722896
-0.0446259  -0.115595       0.73 -0.0447272  -0.113574   0.723031
-0.0446248  -0.115595       0.73 -0.0447165  -0.113499   0.723165
-0.0446236  -0.115595       0.73 -0.0447047  -0.113425     0.7233
-0.0446223  -0.115595       0.73 -0.0446918  -0.113351   0.723434
-0.0446209  -0.115595       0.73 -0.0446779  -0.113276   0.723569
-0.0446195  -0.115595       0.73 -0.0446652  -0.113199   0.723701
-0.044618 -0.115595      0.73 -0.0446537  -0.113119    0.72383
-0.0446163  -0.115595       0.73 -0.0446433  -0.113037   0.723957
-0.0446146  -0.115595       0.73 -0.0446341  -0.112952   0.724082
-0.0446128  -0.115594       0.73 -0.044626 -0.112864  0.724204
-0.0446109  -0.115594       0.73 -0.044619 -0.112774  0.724323
-0.0446089  -0.115594       0.73 -0.044613 -0.112682   0.72444
-0.0446067  -0.115594       0.73 -0.0446088  -0.112589   0.724554
-0.0446045  -0.115594       0.73 -0.0446063  -0.112498   0.724664
-0.0446022  -0.115594       0.73 -0.0446054  -0.112407   0.724772
-0.0445997  -0.115594       0.73 -0.0446059  -0.112317   0.724876
-0.0445972  -0.115593       0.73 -0.0446079  -0.112228   0.724977
-0.0445945  -0.115593       0.73 -0.0446113  -0.112139   0.725076
-0.0445917  -0.115593       0.73 -0.0446159  -0.112051   0.725171
-0.0445888  -0.115593       0.73 -0.0446216  -0.111964   0.725264
-0.0445858  -0.115593       0.73 -0.0446283  -0.111878   0.725354
-0.0445826  -0.115593       0.73 -0.044636 -0.111792  0.725441
-0.0445793  -0.115592       0.73 -0.0446446  -0.111707   0.725526
-0.0445759  -0.115592       0.73 -0.0446539  -0.111623   0.725608
-0.0445723  -0.115592       0.73 -0.0446639   -0.11154   0.725688
-0.0445687  -0.115592       0.73 -0.0446744  -0.111457   0.725765
-0.0445648  -0.115592       0.73 -0.0446854  -0.111374    0.72584
-0.0445609  -0.115591       0.73 -0.0446968  -0.111292   0.725913
-0.0445568  -0.115591       0.73 -0.0447085  -0.111211   0.725983
-0.0445525  -0.115591       0.73 -0.0447182   -0.11113   0.726049
-0.0445482  -0.115591       0.73 -0.0447261   -0.11105   0.726112
-0.0445436   -0.11559       0.73 -0.0447322  -0.110969   0.726172
-0.0445389   -0.11559       0.73 -0.0447365   -0.11089   0.726229
-0.0445341   -0.11559       0.73 -0.0447389  -0.110811   0.726283
-0.0445291  -0.115589       0.73 -0.0447396  -0.110732   0.726334
-0.044524 -0.115589      0.73 -0.0447387  -0.110654   0.726382
-0.0445186  -0.115589       0.73 -0.0447362  -0.110576   0.726428
-0.0445132  -0.115589       0.73 -0.0447321  -0.110498   0.726471
-0.0445076  -0.115588       0.73 -0.0447267  -0.110421   0.726512
-0.0445018  -0.115588       0.73  -0.04472 -0.110345  0.726551
-0.0444958  -0.115587       0.73 -0.044712 -0.110269  0.726588
-0.0444897  -0.115587       0.73 -0.0447028  -0.110193   0.726623
-0.0444834  -0.115587       0.73 -0.0446924  -0.110118   0.726656
-0.0444769  -0.115586       0.73 -0.0446811  -0.110043   0.726687
-0.0444702  -0.115586       0.73 -0.0446687  -0.109968   0.726717
-0.0444634  -0.115586       0.73 -0.0446553  -0.109894   0.726745
-0.0444564  -0.115585       0.73 -0.044641  -0.10982  0.726771
-0.0444492  -0.115585       0.73 -0.0446259  -0.109746   0.726797
-0.0444419  -0.115584       0.73 -0.0446099  -0.109673    0.72682
-0.0444343  -0.115584       0.73 -0.0445931    -0.1096   0.726843
-0.0444266  -0.115583       0.73 -0.0445754  -0.109527   0.726865
-0.0444186  -0.115583       0.73 -0.0445569  -0.109455   0.726885
-0.0444105  -0.115582       0.73 -0.0445377  -0.109383   0.726904
-0.0444022  -0.115582       0.73 -0.0445176  -0.109311   0.726923
-0.0443937  -0.115581       0.73 -0.044497 -0.109239   0.72694
-0.044385 -0.115581      0.73 -0.0444757  -0.109168   0.726957
-0.0443761   -0.11558       0.73 -0.0444538  -0.109097   0.726972
-0.044367  -0.11558      0.73 -0.0444315  -0.109026   0.726987
-0.0443577  -0.115579       0.73 -0.0444085  -0.108955   0.727001
-0.0443482  -0.115579       0.73 -0.0443851  -0.108884   0.727014
-0.0443384  -0.115578       0.73 -0.0443611  -0.108814   0.727027
-0.0443285  -0.115578       0.73 -0.0443367  -0.108744   0.727039
-0.0443184  -0.115577       0.73 -0.0443117  -0.108674   0.727051
-0.044308 -0.115576      0.73 -0.0442863  -0.108604   0.727061
-0.0442975  -0.115576       0.73 -0.0442604  -0.108535   0.727072
-0.0442867  -0.115575       0.73 -0.044234 -0.108465  0.727081
-0.0442757  -0.115574       0.73 -0.0442072  -0.108396   0.727091
-0.0442645  -0.115574       0.73 -0.0441799  -0.108327   0.727099
-0.0442531  -0.115573       0.73 -0.0441521  -0.108258   0.727108
-0.0442414  -0.115572       0.73 -0.044124 -0.108189  0.727116
-0.0442296  -0.115572       0.73 -0.0440954  -0.108121   0.727123
-0.0442175  -0.115571       0.73 -0.0440665  -0.108052    0.72713
-0.0442051   -0.11557       0.73 -0.0440371  -0.107984   0.727137
-0.0441926  -0.115569       0.73 -0.0440074  -0.107916   0.727144
-0.0441798  -0.115569       0.73 -0.0439773  -0.107848    0.72715
-0.0441668  -0.115568       0.73 -0.0439468   -0.10778   0.727156
-0.0441535  -0.115567       0.73 -0.0439159  -0.107712   0.727162
 -0.04414 -0.115566      0.73 -0.0438846  -0.107645   0.727168
-0.0441263  -0.115566       0.73 -0.043853 -0.107577  0.727173
-0.0441123  -0.115565       0.73 -0.0438209   -0.10751   0.727178
-0.0440981  -0.115564       0.73 -0.0437885  -0.107443   0.727183
-0.0440837  -0.115563       0.73 -0.0437557  -0.107376   0.727188
-0.044069 -0.115562      0.73 -0.0437226  -0.107309   0.727193
-0.044054 -0.115561      0.73 -0.043689 -0.107242  0.727197
-0.0440388   -0.11556       0.73 -0.0436552  -0.107176   0.727202
-0.0440234  -0.115559       0.73 -0.0436209  -0.107109   0.727206
-0.0440077  -0.115559       0.73 -0.0435863  -0.107043   0.727211
-0.0439918  -0.115558       0.73 -0.0435513  -0.106977   0.727215
-0.0439756  -0.115557       0.73 -0.043516 -0.106911  0.727219
-0.0439591  -0.115556       0.73 -0.0434803  -0.106845   0.727223
-0.0439424  -0.115555       0.73 -0.0434443   -0.10678   0.727228
-0.0439255  -0.115554       0.73 -0.0434079  -0.106714   0.727232
-0.0439083  -0.115553       0.73 -0.0433712  -0.106649   0.727236
-0.0438908  -0.115552       0.73 -0.0433341  -0.106584    0.72724
-0.043873 -0.115551      0.73 -0.0432967  -0.106519   0.727244
-0.043855 -0.115549      0.73 -0.043259 -0.106454  0.727248
-0.0438368  -0.115548       0.73 -0.043221 -0.106389  0.727252
-0.0438182  -0.115547       0.73 -0.0431827  -0.106325   0.727257
-0.0437994  -0.115546       0.73 -0.043144  -0.10626  0.727261
-0.0437804  -0.115545       0.73 -0.043105 -0.106196  0.727265
-0.043761 -0.115544      0.73 -0.0430658  -0.106132   0.727269
-0.0437414  -0.115543       0.73 -0.0430262  -0.106068   0.727274
-0.0437215  -0.115542       0.73 -0.0429864  -0.106005   0.727278
-0.0437013   -0.11554       0.73 -0.0429463  -0.105941   0.727283
-0.0436809  -0.115539       0.73 -0.0429059  -0.105878   0.727287
-0.0436602  -0.115538       0.73 -0.0428652  -0.105815   0.727292
-0.0436392  -0.115537       0.73 -0.0428242  -0.105752   0.727297
-0.0436179  -0.115535       0.73 -0.042783  -0.10569  0.727302
-0.0435964  -0.115534       0.73 -0.0427416  -0.105627   0.727307
-0.0435745  -0.115533       0.73 -0.0426998  -0.105565   0.727313
-0.0435524  -0.115532       0.73 -0.0426579  -0.105503   0.727318
-0.04353 -0.11553     0.73 -0.0426157  -0.105441   0.727324
-0.0435073  -0.115529       0.73 -0.0425733  -0.105379   0.727329
-0.0434843  -0.115527       0.73 -0.0425306  -0.105318   0.727335
-0.0434611  -0.115526       0.73 -0.0424878  -0.105257   0.727341
-0.0434375  -0.115525       0.73 -0.0424448  -0.105196   0.727348
-0.0434137  -0.115523       0.73 -0.0424015  -0.105135   0.727354
-0.0433895  -0.115522       0.73 -0.0423581  -0.105075   0.727361
-0.0433651   -0.11552       0.73 -0.0423146  -0.105014   0.727368
-0.0433404  -0.115519       0.73 -0.0422708  -0.104954   0.727375
-0.0433153  -0.115517       0.73 -0.0422269  -0.104895   0.727383
 -0.04329 -0.115516      0.73 -0.0421829  -0.104835    0.72739
-0.0432644  -0.115514       0.73 -0.0421387  -0.104776   0.727398
-0.0432385  -0.115513       0.73 -0.0420944  -0.104717   0.727406
-0.0432123  -0.115511       0.73  -0.04205 -0.104658  0.727415
-0.0431858   -0.11551       0.73 -0.0420054    -0.1046   0.727424
-0.043159 -0.115508      0.73 -0.0419606  -0.104541   0.727433
-0.0431318  -0.115507       0.73 -0.0419157  -0.104483   0.727442
-0.0431044  -0.115505       0.73 -0.0418706  -0.104425   0.727452
-0.0430767  -0.115503       0.73 -0.0418253  -0.104368   0.727462
-0.0430487  -0.115502       0.73 -0.0417799  -0.104311   0.727472
-0.0430203    -0.1155       0.73 -0.0417343  -0.104253   0.727483
-0.0429917  -0.115498       0.73 -0.0416886  -0.104197   0.727494
-0.0429627  -0.115497       0.73 -0.0416427   -0.10414   0.727505
-0.0429335  -0.115495       0.73 -0.0415966  -0.104084   0.727517
-0.0429039  -0.115493       0.73 -0.0415504  -0.104027   0.727528
-0.042874 -0.115491      0.73 -0.041504 -0.103972   0.72754
-0.0428438  -0.115489       0.73 -0.0414575  -0.103916   0.727553
-0.0428133  -0.115488       0.73 -0.0414107   -0.10386   0.727566
-0.0427825  -0.115486       0.73 -0.0413639  -0.103805   0.727579
-0.0427514  -0.115484       0.73 -0.0413168   -0.10375   0.727592
 -0.04272 -0.115482      0.73 -0.0412696  -0.103696   0.727605
-0.0426882   -0.11548       0.73 -0.0412223  -0.103641   0.727619
-0.0426561  -0.115478       0.73 -0.0411748  -0.103587   0.727633
-0.0426237  -0.115476       0.73 -0.0411271  -0.103533   0.727648
-0.042591 -0.115474      0.73 -0.0410793  -0.103479   0.727662
-0.042558 -0.115473      0.73 -0.0410313  -0.103425   0.727677
-0.0425247  -0.115471       0.73 -0.0409831  -0.103372   0.727692
-0.042491 -0.115469      0.73 -0.0409348  -0.103319   0.727707
-0.042457 -0.115467      0.73 -0.0408863  -0.103266   0.727722
-0.0424228  -0.115464       0.73 -0.0408377  -0.103213   0.727737
-0.0423881  -0.115462       0.73 -0.040789  -0.10316  0.727753
-0.0423532   -0.11546       0.73 -0.0407401  -0.103107   0.727769
-0.0423179  -0.115458       0.73 -0.0406912  -0.103055   0.727785
-0.0422824  -0.115456       0.73 -0.0406421  -0.103003   0.727802
-0.0422465  -0.115454       0.73 -0.0405929  -0.102951   0.727819
-0.0422102  -0.115452       0.73 -0.0405435  -0.102899   0.727836
-0.0421737   -0.11545       0.73 -0.0404941  -0.102847   0.727853
-0.0421368  -0.115448       0.73 -0.0404445  -0.102795   0.727871
-0.0420997  -0.115445       0.73 -0.0403948  -0.102744   0.727889
-0.0420621  -0.115443       0.73 -0.040345 -0.102693  0.727907
-0.0420243  -0.115441       0.73 -0.040295 -0.102642  0.727925
-0.0419862  -0.115439       0.73 -0.040245 -0.102591  0.727944
-0.0419477  -0.115436       0.73 -0.0401948   -0.10254   0.727963
-0.0419089  -0.115434       0.73 -0.0401445  -0.102489   0.727982
-0.0418697  -0.115432       0.73 -0.0400941  -0.102439   0.728001
-0.0418303  -0.115429       0.73 -0.0400435  -0.102389    0.72802
-0.0417905  -0.115427       0.73 -0.0399928  -0.102339    0.72804
-0.0417504  -0.115425       0.73 -0.039942 -0.102289   0.72806
 -0.04171 -0.115422      0.73 -0.0398911   -0.10224    0.72808
-0.0416692   -0.11542       0.73 -0.03984 -0.10219   0.7281
-0.0416282  -0.115417       0.73 -0.0397888  -0.102141    0.72812
-0.0415868  -0.115415       0.73 -0.0397375  -0.102092   0.728141
-0.041545 -0.115412      0.73 -0.039686 -0.102044  0.728162
-0.041503  -0.11541      0.73 -0.0396345  -0.101995   0.728183
-0.0414606  -0.115407       0.73 -0.0395828  -0.101947   0.728204
-0.0414179  -0.115405       0.73 -0.0395309  -0.101899   0.728225
-0.0413749  -0.115402       0.73 -0.039479 -0.101851  0.728246
-0.0413316    -0.1154       0.73 -0.0394269  -0.101804   0.728267
-0.0412879  -0.115397       0.73 -0.0393747  -0.101757   0.728289
-0.0412439  -0.115395       0.73 -0.0393224   -0.10171    0.72831
-0.0411996  -0.115392       0.73 -0.0392699  -0.101663   0.728332
-0.041155 -0.115389      0.73 -0.0392174  -0.101616   0.728353
 -0.04111 -0.115387      0.73 -0.0391647   -0.10157   0.728375
-0.0410648  -0.115384       0.73 -0.0391118  -0.101524   0.728397
-0.0410192  -0.115381       0.73 -0.0390589  -0.101478   0.728419
-0.0409732  -0.115378       0.73 -0.0390059  -0.101433   0.728441
-0.040927 -0.115376      0.73 -0.0389527  -0.101387   0.728463
-0.0408804  -0.115373       0.73 -0.0388994  -0.101342   0.728485
-0.0408336   -0.11537       0.73 -0.038846 -0.101297  0.728507
-0.0407864  -0.115367       0.73 -0.0387924  -0.101253   0.728529
-0.0407388  -0.115365       0.73 -0.0387388  -0.101208   0.728551
-0.040691 -0.115362      0.73 -0.038685 -0.101164  0.728573
-0.0406428  -0.115359       0.73 -0.0386311   -0.10112   0.728595
-0.0405944  -0.115356       0.73 -0.0385772  -0.101077   0.728618
-0.0405456  -0.115353       0.73 -0.0385231  -0.101033    0.72864
-0.0404965   -0.11535       0.73 -0.0384688   -0.10099   0.728662
-0.040447 -0.115347      0.73 -0.0384145  -0.100947   0.728684
-0.0403973  -0.115344       0.73 -0.0383601  -0.100904   0.728706
-0.0403472  -0.115341       0.73 -0.0383055  -0.100861   0.728728
-0.0402968  -0.115338       0.73 -0.0382508  -0.100819    0.72875
-0.0402461  -0.115335       0.73 -0.038196 -0.100777  0.728773
-0.0401951  -0.115332       0.73 -0.0381411  -0.100735   0.728795
-0.0401438  -0.115329       0.73 -0.0380861  -0.100693   0.728817
-0.0400922  -0.115326       0.73 -0.038031 -0.100652  0.728839
-0.0400402  -0.115323       0.73 -0.0379757   -0.10061   0.728861
-0.0399879   -0.11532       0.73 -0.0379204  -0.100569   0.728883
-0.0399353  -0.115317       0.73 -0.0378649  -0.100528   0.728905
-0.0398824  -0.115314       0.73 -0.0378093  -0.100487   0.728927
-0.0398292  -0.115311       0.73 -0.0377536  -0.100447   0.728948
-0.0397757  -0.115307       0.73 -0.0376978  -0.100406    0.72897
-0.0397219  -0.115304       0.73 -0.0376419  -0.100366   0.728992
-0.0396677  -0.115301       0.73 -0.0375859  -0.100326   0.729014
-0.0396132  -0.115298       0.73 -0.0375298  -0.100286   0.729035
-0.0395585  -0.115295       0.73 -0.0374735  -0.100247   0.729057
-0.0395034  -0.115291       0.73 -0.0374172  -0.100207   0.729078
-0.039448 -0.115288      0.73 -0.0373607  -0.100168     0.7291
-0.0393923  -0.115285       0.73 -0.0373042  -0.100129   0.729121
-0.0393363  -0.115281       0.73 -0.0372475   -0.10009   0.729143
-0.0392799  -0.115278       0.73 -0.0371907  -0.100051   0.729164
-0.0392233  -0.115275       0.73 -0.0371338  -0.100013   0.729185
-0.0391663  -0.115271       0.73 -0.0370768 -0.0999744   0.729206
-0.0391091  -0.115268       0.73 -0.0370197 -0.0999361   0.729227
-0.0390515  -0.115264       0.73 -0.0369625  -0.099898   0.729248
-0.0389936  -0.115261       0.73 -0.0369052 -0.0998601   0.729269
-0.0389354  -0.115258       0.73 -0.0368477 -0.0998223    0.72929
-0.0388769  -0.115254       0.73 -0.0367902 -0.0997847   0.729311
-0.0388181  -0.115251       0.73 -0.0367325 -0.0997473   0.729332
-0.0387589  -0.115247       0.73 -0.0366748   -0.09971   0.729352
-0.0386995  -0.115244       0.73 -0.0366169 -0.0996728   0.729373
-0.0386398   -0.11524       0.73 -0.0365589 -0.0996358   0.729393
-0.0385797  -0.115236       0.73 -0.0365009  -0.099599   0.729414
-0.0385193  -0.115233       0.73 -0.0364427 -0.0995623   0.729434
-0.0384586  -0.115229       0.73 -0.0363844 -0.0995257   0.729454
-0.0383976  -0.115226       0.73  -0.036326 -0.0994893   0.729475
-0.0383363  -0.115222       0.73 -0.0362674  -0.099453   0.729495
-0.0382747  -0.115218       0.73 -0.0362088 -0.0994168   0.729515
-0.0382128  -0.115215       0.73 -0.0361501 -0.0993808   0.729535
-0.0381506  -0.115211       0.73 -0.0360913 -0.0993449   0.729554
-0.038088 -0.115207      0.73 -0.0360323 -0.0993092   0.729574
-0.0380251  -0.115204       0.73 -0.0359732 -0.0992736   0.729594
-0.037962   -0.1152      0.73  -0.035914 -0.0992381   0.729613
-0.0378985  -0.115196       0.73 -0.0358548 -0.0992027   0.729633
-0.0378347  -0.115192       0.73 -0.0357954 -0.0991675   0.729652
-0.0377705  -0.115188       0.73 -0.0357359 -0.0991324   0.729671
-0.0377061  -0.115185       0.73 -0.0356762 -0.0990974   0.729691
-0.0376414  -0.115181       0.73 -0.0356165 -0.0990625    0.72971
-0.0375763  -0.115177       0.73 -0.0355566 -0.0990278   0.729729
-0.0375109  -0.115173       0.73 -0.0354967 -0.0989932   0.729748
-0.0374452  -0.115169       0.73 -0.0354366 -0.0989587   0.729766
-0.0373792  -0.115165       0.73 -0.0353764 -0.0989243   0.729785
-0.0373129  -0.115161       0.73 -0.0353161 -0.0988901   0.729804
-0.0372463  -0.115157       0.73 -0.0352557 -0.0988559   0.729822
-0.0371793  -0.115153       0.73 -0.0351952 -0.0988219   0.729841
-0.0371121  -0.115149       0.73 -0.0351345  -0.098788   0.729859
-0.0370445  -0.115145       0.73 -0.0350738 -0.0987542   0.729877
-0.0369766  -0.115141       0.73 -0.0350129 -0.0987205   0.729895
-0.0369083  -0.115137       0.73 -0.0349519  -0.098687   0.729913
-0.0368398  -0.115133       0.73 -0.0348908 -0.0986535   0.729931
-0.036771 -0.115129      0.73 -0.0348296 -0.0986202   0.729949
-0.0367018  -0.115125       0.73 -0.0347682  -0.098587   0.729967
-0.0366323  -0.115121       0.73 -0.0347067 -0.0985539   0.729985
-0.0365625  -0.115117       0.73 -0.0346451 -0.0985209   0.730002
-0.0364923  -0.115113       0.73 -0.0345834 -0.0984881    0.73002
-0.0364219  -0.115108       0.73 -0.0345216 -0.0984553   0.730037
-0.0363511  -0.115104       0.73 -0.0344596 -0.0984227   0.730054
-0.03628  -0.1151     0.73 -0.0343975 -0.0983901   0.730071
-0.0362086  -0.115096       0.73 -0.0343353 -0.0983577   0.730088
-0.0361369  -0.115092       0.73 -0.0342729 -0.0983254   0.730105
-0.0360648  -0.115087       0.73 -0.0342104 -0.0982933   0.730122
-0.0359925  -0.115083       0.73 -0.0341477 -0.0982612   0.730138
-0.0359198  -0.115079       0.73  -0.034085 -0.0982292   0.730155
-0.0358467  -0.115074       0.73 -0.0340221 -0.0981974   0.730171
-0.0357734   -0.11507       0.73  -0.033959 -0.0981657   0.730187
-0.0356998  -0.115066       0.73 -0.0338958  -0.098134   0.730203
-0.0356258  -0.115061       0.73 -0.0338325 -0.0981025   0.730219
-0.0355515  -0.115057       0.73 -0.0337691 -0.0980712   0.730235
-0.0354768  -0.115052       0.73 -0.0337055 -0.0980399   0.730251
-0.0354019  -0.115048       0.73 -0.0336418 -0.0980087   0.730266
-0.0353266  -0.115043       0.73 -0.0335779 -0.0979777   0.730282
-0.035251 -0.115039      0.73 -0.0335139 -0.0979468   0.730297
-0.0351751  -0.115034       0.73 -0.0334497  -0.097916   0.730313
-0.0350989   -0.11503       0.73 -0.0333854 -0.0978853   0.730328
-0.0350223  -0.115025       0.73  -0.033321 -0.0978548   0.730343
-0.0349455  -0.115021       0.73 -0.0332565 -0.0978243   0.730358
-0.0348683  -0.115016       0.73 -0.0331917 -0.0977939   0.730373
-0.0347907  -0.115012       0.73 -0.0331269 -0.0977637   0.730388
-0.0347129  -0.115007       0.73  -0.033062 -0.0977335   0.730402
-0.0346347  -0.115002       0.73 -0.0329968 -0.0977035   0.730417
-0.0345562  -0.114998       0.73 -0.0329316 -0.0976735   0.730431
-0.0344774  -0.114993       0.73 -0.0328663 -0.0976437   0.730446
-0.0343983  -0.114988       0.73 -0.0328008 -0.0976139    0.73046
-0.0343188  -0.114984       0.73 -0.0327351 -0.0975843   0.730474
-0.0342391  -0.114979       0.73 -0.0326694 -0.0975547   0.730488
-0.034159 -0.114974      0.73 -0.0326035 -0.0975253   0.730502
-0.0340786  -0.114969       0.73 -0.0325375 -0.0974959   0.730516
-0.0339978  -0.114965       0.73 -0.0324713 -0.0974666    0.73053
-0.0339168   -0.11496       0.73 -0.0324051 -0.0974375   0.730544
-0.0338354  -0.114955       0.73 -0.0323387 -0.0974084   0.730558
-0.0337537   -0.11495       0.73 -0.0322721 -0.0973794   0.730571
-0.0336717  -0.114945       0.73 -0.0322055 -0.0973505   0.730585
-0.0335893   -0.11494       0.73 -0.0321387 -0.0973217   0.730598
-0.0335067  -0.114935       0.73 -0.0320718 -0.0972931   0.730612
-0.0334237  -0.114931       0.73 -0.0320047 -0.0972645   0.730625
-0.0333404  -0.114926       0.73 -0.0319375  -0.097236   0.730638
-0.0332568  -0.114921       0.73 -0.0318702 -0.0972076   0.730651
-0.0331729  -0.114916       0.73 -0.0318028 -0.0971793   0.730665
-0.0330886  -0.114911       0.73 -0.0317352 -0.0971511   0.730678
-0.033004 -0.114906      0.73 -0.0316675  -0.097123    0.73069
-0.0329192  -0.114901       0.73 -0.0315997  -0.097095   0.730703
-0.032834 -0.114896      0.73 -0.0315318 -0.0970671   0.730716
-0.0327485   -0.11489       0.73 -0.0314637 -0.0970393   0.730729
-0.0326626  -0.114885       0.73 -0.0313954 -0.0970117   0.730741
-0.0325765   -0.11488       0.73 -0.0313271 -0.0969841   0.730754
 -0.03249 -0.114875      0.73 -0.0312586 -0.0969566   0.730766
-0.0324033   -0.11487       0.73   -0.03119 -0.0969293   0.730779
-0.0323162  -0.114865       0.73 -0.0311213  -0.096902   0.730791
-0.0322288   -0.11486       0.73 -0.0310524 -0.0968748   0.730803
-0.0321411  -0.114854       0.73 -0.0309834 -0.0968478   0.730816
-0.0320531  -0.114849       0.73 -0.0309143 -0.0968209   0.730828
-0.0319647  -0.114844       0.73  -0.030845 -0.0967941    0.73084
-0.0318761  -0.114839       0.73 -0.0307756 -0.0967674   0.730852
-0.0317871  -0.114833       0.73  -0.030706 -0.0967408   0.730864
-0.0316979  -0.114828       0.73 -0.0306364 -0.0967143   0.730876
-0.0316083  -0.114823       0.73 -0.0305666 -0.0966879   0.730887
-0.0315184  -0.114818       0.73 -0.0304966 -0.0966617   0.730899
-0.0314282  -0.114812       0.73 -0.0304266 -0.0966355   0.730911
-0.0313378  -0.114807       0.73 -0.0303564 -0.0966095   0.730922
-0.031247 -0.114801      0.73  -0.030286 -0.0965836   0.730934
-0.0311559  -0.114796       0.73 -0.0302156 -0.0965578   0.730946
-0.0310644  -0.114791       0.73  -0.030145 -0.0965321   0.730957
-0.0309727  -0.114785       0.73 -0.0300743 -0.0965066   0.730968
-0.0308807   -0.11478       0.73 -0.0300034 -0.0964811    0.73098
-0.0307884  -0.114774       0.73 -0.0299324 -0.0964558   0.730991
-0.0306958  -0.114769       0.73 -0.0298613 -0.0964306   0.731002
-0.0306029  -0.114763       0.73   -0.02979 -0.0964055   0.731013
-0.0305096  -0.114758       0.73 -0.0297186 -0.0963806   0.731024
-0.0304161  -0.114752       0.73  -0.029647 -0.0963557   0.731035
-0.0303223  -0.114747       0.73 -0.0295754  -0.096331   0.731046
-0.0302282  -0.114741       0.73 -0.0295036 -0.0963064   0.731057
-0.0301338  -0.114735       0.73 -0.0294316 -0.0962819   0.731068
-0.0300391   -0.11473       0.73 -0.0293595 -0.0962575   0.731079
-0.029944 -0.114724      0.73 -0.0292873 -0.0962333    0.73109
-0.0298487  -0.114718       0.73 -0.0292149 -0.0962092     0.7311
-0.0297531  -0.114713       0.73 -0.0291425 -0.0961852   0.731111
-0.0296573  -0.114707       0.73 -0.0290698 -0.0961613   0.731121
-0.0295611  -0.114701       0.73  -0.028997 -0.0961375   0.731132
-0.0294646  -0.114696       0.73 -0.0289241 -0.0961139   0.731142
-0.0293678   -0.11469       0.73 -0.0288511 -0.0960904   0.731153
-0.0292708  -0.114684       0.73 -0.0287779  -0.096067   0.731163
-0.0291734  -0.114678       0.73 -0.0287046 -0.0960437   0.731173
-0.0290758  -0.114673       0.73 -0.0286311 -0.0960206   0.731184
-0.0289779  -0.114667       0.73 -0.0285575 -0.0959976   0.731194
-0.0288797  -0.114661       0.73 -0.0284838 -0.0959747   0.731204
-0.0287812  -0.114655       0.73 -0.0284099 -0.0959519   0.731214
-0.0286824  -0.114649       0.73 -0.0283359 -0.0959292   0.731224
-0.0285833  -0.114643       0.73 -0.0282617 -0.0959067   0.731234
-0.028484 -0.114637      0.73 -0.0281875 -0.0958843   0.731244
-0.0283844  -0.114632       0.73 -0.028113 -0.095862  0.731254
-0.0282845  -0.114626       0.73 -0.0280385 -0.0958398   0.731263
-0.0281843   -0.11462       0.73 -0.0279637 -0.0958178   0.731273
-0.0280838  -0.114614       0.73 -0.0278889 -0.0957959   0.731283
-0.0279831  -0.114608       0.73 -0.0278139 -0.0957741   0.731292
-0.027882 -0.114602      0.73 -0.0277388 -0.0957524   0.731302
-0.0277807  -0.114596       0.73 -0.0276635 -0.0957308   0.731311
-0.0276791   -0.11459       0.73 -0.0275881 -0.0957094   0.731321
-0.0275773  -0.114584       0.73 -0.0275126 -0.0956881    0.73133
-0.0274752  -0.114578       0.73 -0.0274369 -0.0956669    0.73134
-0.0273728  -0.114572       0.73 -0.0273611 -0.0956458   0.731349
-0.0272701  -0.114565       0.73 -0.0272851 -0.0956248   0.731358
-0.0271672  -0.114559       0.73 -0.027209 -0.095604  0.731367
-0.027064 -0.114553      0.73 -0.0271328 -0.0955833   0.731377
-0.0269605  -0.114547       0.73 -0.0270564 -0.0955627   0.731386
-0.0268567  -0.114541       0.73 -0.0269799 -0.0955422   0.731395
-0.0267527  -0.114535       0.73 -0.0269032 -0.0955219   0.731404
-0.0266484  -0.114529       0.73 -0.0268264 -0.0955016   0.731413
-0.0265439  -0.114522       0.73 -0.0267494 -0.0954815   0.731422
-0.0264391  -0.114516       0.73 -0.0266724 -0.0954616    0.73143
-0.026334  -0.11451      0.73 -0.0265951 -0.0954417   0.731439
-0.0262287  -0.114504       0.73 -0.0265177 -0.0954219   0.731448
-0.0261231  -0.114497       0.73 -0.0264403 -0.0954023   0.731457
-0.0260172  -0.114491       0.73 -0.0263626 -0.0953828   0.731465
-0.0259111  -0.114485       0.73 -0.0262848 -0.0953634   0.731474
-0.0258047  -0.114479       0.73 -0.0262069 -0.0953442   0.731482
-0.0256981  -0.114472       0.73 -0.0261288  -0.095325   0.731491
-0.0255912  -0.114466       0.73 -0.0260506  -0.095306   0.731499
-0.0254841  -0.114459       0.73 -0.0259722 -0.0952871   0.731508
-0.0253767  -0.114453       0.73 -0.0258938 -0.0952683   0.731516
-0.0252691  -0.114447       0.73 -0.0258151 -0.0952496   0.731524
-0.0251612   -0.11444       0.73 -0.0257363 -0.0952311   0.731533
-0.025053 -0.114434      0.73 -0.0256574 -0.0952127   0.731541
-0.0249446  -0.114427       0.73 -0.0255783 -0.0951944   0.731549
-0.024836 -0.114421      0.73 -0.0254991 -0.0951762   0.731557
-0.0247271  -0.114415       0.73 -0.0254198 -0.0951581   0.731565
-0.024618 -0.114408      0.73 -0.0253403 -0.0951401   0.731573
-0.0245086  -0.114402       0.73 -0.0252607 -0.0951223   0.731581
-0.024399 -0.114395      0.73 -0.0251809 -0.0951046   0.731589
-0.0242891  -0.114389       0.73 -0.025101 -0.095087  0.731597
-0.024179 -0.114382      0.73  -0.025021 -0.0950696   0.731605
-0.0240687  -0.114376       0.73 -0.0249408 -0.0950522   0.731612
-0.0239581  -0.114369       0.73 -0.0248605  -0.095035    0.73162
-0.0238473  -0.114362       0.73   -0.02478 -0.0950179   0.731628
-0.0237362  -0.114356       0.73 -0.0246993 -0.0950009   0.731636
-0.0236249  -0.114349       0.73 -0.0246186  -0.094984   0.731643
-0.0235134  -0.114343       0.73 -0.0245377 -0.0949673   0.731651
-0.0234016  -0.114336       0.73 -0.0244567 -0.0949507   0.731658
-0.0232896  -0.114329       0.73 -0.0243755 -0.0949342   0.731666
-0.0231774  -0.114323       0.73 -0.0242942 -0.0949178   0.731673
-0.023065 -0.114316      0.73 -0.0242127 -0.0949016   0.731681
-0.0229523  -0.114309       0.73 -0.0241311 -0.0948855   0.731688
-0.0228394  -0.114303       0.73 -0.0240494 -0.0948695   0.731695
-0.0227262  -0.114296       0.73 -0.0239675 -0.0948536   0.731702
-0.0226129  -0.114289       0.73 -0.0238855 -0.0948379    0.73171
-0.0224993  -0.114282       0.73 -0.0238033 -0.0948223   0.731717
-0.0223855  -0.114276       0.73  -0.023721 -0.0948069   0.731724
-0.0222714  -0.114269       0.73 -0.0236386 -0.0947916   0.731731
-0.0221572  -0.114262       0.73  -0.023556 -0.0947764   0.731738
-0.0220427  -0.114255       0.73 -0.0234733 -0.0947613   0.731745
-0.021928 -0.114249      0.73 -0.0233905 -0.0947464   0.731752
-0.0218131  -0.114242       0.73 -0.0233075 -0.0947316   0.731759
-0.021698 -0.114235      0.73 -0.0232243 -0.0947169   0.731766
-0.0215827  -0.114228       0.73 -0.0231411 -0.0947024   0.731772
-0.0214671  -0.114221       0.73 -0.0230576  -0.094688   0.731779
-0.0213514  -0.114214       0.73 -0.0229741 -0.0946737   0.731786
-0.0212354  -0.114207       0.73 -0.0228904 -0.0946596   0.731793
-0.0211192  -0.114201       0.73 -0.0228066 -0.0946456   0.731799
-0.0210028  -0.114194       0.73 -0.0227226 -0.0946318   0.731806
-0.0208862  -0.114187       0.73 -0.0226385 -0.0946181   0.731812
-0.0207694   -0.11418       0.73 -0.0225543 -0.0946045   0.731819
-0.0206524  -0.114173       0.73 -0.0224699 -0.0945911   0.731825
-0.0205352  -0.114166       0.73 -0.0223854 -0.0945778   0.731832
-0.0204178  -0.114159       0.73 -0.0223007 -0.0945646   0.731838
-0.0203002  -0.114152       0.73 -0.0222159 -0.0945516   0.731845
-0.0201823  -0.114145       0.73  -0.022131 -0.0945387   0.731851
-0.0200643  -0.114138       0.73 -0.0220459  -0.094526   0.731857
-0.0199461  -0.114131       0.73 -0.0219607 -0.0945134   0.731863
-0.0198277  -0.114124       0.73 -0.0218754 -0.0945009   0.731869
-0.0197091  -0.114117       0.73 -0.0217899 -0.0944885   0.731876
-0.0195903   -0.11411       0.73 -0.0217043 -0.0944763   0.731882
-0.0194713  -0.114103       0.73 -0.0216185 -0.0944643   0.731888
-0.0193521  -0.114096       0.73 -0.0215326 -0.0944524   0.731894
-0.0192328  -0.114089       0.73 -0.0214466 -0.0944406     0.7319
-0.0191132  -0.114081       0.73 -0.0213604 -0.0944289   0.731905
-0.0189934  -0.114074       0.73 -0.0212741 -0.0944174   0.731911
-0.0188735  -0.114067       0.73 -0.0211876  -0.094406   0.731917
-0.0187534   -0.11406       0.73  -0.021101 -0.0943947   0.731923
-0.0186331  -0.114053       0.73 -0.0210143 -0.0943836   0.731929
-0.0185126  -0.114046       0.73 -0.0209274 -0.0943726   0.731934
-0.0183919  -0.114039       0.73 -0.0208404 -0.0943618    0.73194
-0.0182711  -0.114032       0.73 -0.0207533  -0.094351   0.731945
-0.0181501  -0.114024       0.73  -0.020666 -0.0943404   0.731951
-0.0180289  -0.114017       0.73 -0.0205785 -0.0943299   0.731956
-0.0179075   -0.11401       0.73  -0.020491 -0.0943196   0.731962
-0.017786 -0.114003      0.73 -0.0204033 -0.0943094   0.731967
-0.0176642  -0.113996       0.73 -0.0203155 -0.0942992   0.731973
-0.0175423  -0.113988       0.73 -0.0202275 -0.0942892   0.731978
-0.0174203  -0.113981       0.73 -0.0201394 -0.0942794   0.731983
-0.017298 -0.113974      0.73 -0.0200511 -0.0942696   0.731988
-0.0171756  -0.113967       0.73 -0.0199627   -0.09426   0.731994
-0.0170531  -0.113959       0.73 -0.0198742 -0.0942505   0.731999
-0.0169303  -0.113952       0.73 -0.0197855 -0.0942411   0.732004
-0.0168074  -0.113945       0.73 -0.0196968 -0.0942318   0.732009
-0.0166844  -0.113937       0.73 -0.0196078 -0.0942226   0.732014
-0.0165611   -0.11393       0.73 -0.0195188 -0.0942136   0.732019
-0.0164377  -0.113923       0.73 -0.0194295 -0.0942047   0.732024
-0.0163142  -0.113915       0.73 -0.0193402 -0.0941959   0.732029
-0.0161905  -0.113908       0.73 -0.0192507 -0.0941872   0.732034
-0.0160666  -0.113901       0.73 -0.0191611 -0.0941786   0.732038
-0.0159426  -0.113893       0.73 -0.0190713 -0.0941701   0.732043
-0.0158185  -0.113886       0.73 -0.0189815 -0.0941617   0.732048
-0.0156942  -0.113879       0.73 -0.0188914 -0.0941534   0.732052
-0.0155697  -0.113871       0.73 -0.0188013 -0.0941452   0.732057
-0.0154451  -0.113864       0.73  -0.018711 -0.0941372   0.732061
-0.0153203  -0.113856       0.73 -0.0186205 -0.0941292   0.732066
-0.0151954  -0.113849       0.73 -0.0185299 -0.0941213    0.73207
-0.0150703  -0.113842       0.73 -0.0184392 -0.0941136   0.732075
-0.0149451  -0.113834       0.73 -0.0183484 -0.0941059   0.732079
-0.0148198  -0.113827       0.73 -0.0182574 -0.0940983   0.732083
-0.0146943  -0.113819       0.73 -0.0181663 -0.0940909   0.732087
-0.0145687  -0.113812       0.73  -0.018075 -0.0940835   0.732091
-0.0144429  -0.113804       0.73 -0.0179836 -0.0940762   0.732095
-0.014317 -0.113797      0.73 -0.0178921 -0.0940691   0.732099
-0.014191 -0.113789      0.73 -0.0178004  -0.094062   0.732103
-0.0140648  -0.113782       0.73 -0.0177086 -0.0940551   0.732107
-0.0139385  -0.113774       0.73 -0.0176167 -0.0940483   0.732111
-0.013812 -0.113767      0.73 -0.0175246 -0.0940416   0.732115
-0.0136855  -0.113759       0.73 -0.0174324  -0.094035   0.732118
-0.0135588  -0.113752       0.73 -0.0173401 -0.0940285   0.732122
-0.013432 -0.113744      0.73 -0.0172476 -0.0940221   0.732126
-0.013305 -0.113737      0.73  -0.017155 -0.0940159   0.732129
-0.0131779  -0.113729       0.73 -0.0170622 -0.0940097   0.732132
-0.0130507  -0.113722       0.73 -0.0169693 -0.0940037   0.732136
-0.0129234  -0.113714       0.73 -0.0168763 -0.0939978   0.732139
-0.012796 -0.113707      0.73 -0.0167831  -0.093992   0.732142
-0.0126684  -0.113699       0.73 -0.0166898 -0.0939864   0.732145
-0.0125407  -0.113692       0.73 -0.0165964 -0.0939809   0.732149
-0.0124129  -0.113684       0.73 -0.0165028 -0.0939755   0.732152
-0.012285 -0.113676      0.73 -0.0164091 -0.0939702   0.732155
-0.012157 -0.113669      0.73 -0.0163153 -0.0939651   0.732157
-0.0120288  -0.113661       0.73 -0.0162213 -0.0939601    0.73216
-0.0119006  -0.113654       0.73 -0.0161272 -0.0939552   0.732163
-0.0117722  -0.113646       0.73  -0.016033 -0.0939504   0.732166
-0.0116437  -0.113638       0.73 -0.0159386 -0.0939458   0.732168
-0.0115152  -0.113631       0.73 -0.0158441 -0.0939413   0.732171
-0.0113865  -0.113623       0.73 -0.0157494  -0.093937   0.732174
-0.0112577  -0.113615       0.73 -0.0156547 -0.0939327   0.732176
-0.0111288  -0.113608       0.73 -0.0155597 -0.0939286   0.732178
-0.0109998    -0.1136       0.73 -0.0154647 -0.0939247   0.732181
-0.0108707  -0.113592       0.73 -0.0153695 -0.0939208   0.732183
-0.0107415  -0.113585       0.73 -0.0152742 -0.0939171   0.732185
-0.0106122  -0.113577       0.73 -0.0151787 -0.0939136   0.732187
-0.0104829  -0.113569       0.73 -0.0150832 -0.0939101   0.732189
-0.0103534  -0.113562       0.73 -0.0149874 -0.0939068   0.732191
-0.0102238  -0.113554       0.73 -0.0148916 -0.0939036   0.732193
-0.0100941  -0.113546       0.73 -0.0147956 -0.0939006   0.732195
-0.00996438   -0.113539        0.73 -0.0146995 -0.0938976   0.732197
-0.00983454   -0.113531        0.73 -0.0146033 -0.0938948   0.732199
-0.00970461   -0.113523        0.73 -0.0145069 -0.0938922     0.7322
-0.00957459   -0.113516        0.73 -0.0144103 -0.0938896   0.732202
-0.00944449   -0.113508        0.73 -0.0143137 -0.0938872   0.732204
-0.0093143    -0.1135       0.73 -0.0142169 -0.0938849   0.732205
-0.00918404   -0.113492        0.73   -0.01412 -0.0938828   0.732206
-0.00905369   -0.113485        0.73  -0.014023 -0.0938807   0.732208
-0.00892326   -0.113477        0.73 -0.0139258 -0.0938788   0.732209
-0.00879276   -0.113469        0.73 -0.0138285 -0.0938771    0.73221
-0.00866218   -0.113461        0.73  -0.013731 -0.0938754   0.732212
-0.00853152   -0.113454        0.73 -0.0136334 -0.0938739   0.732213
-0.0084008  -0.113446       0.73 -0.0135357 -0.0938725   0.732214
 -0.00827 -0.113438      0.73 -0.0134379 -0.0938712   0.732215
-0.00813912    -0.11343        0.73 -0.0133399   -0.09387   0.732216
-0.00800818   -0.113423        0.73 -0.0132418  -0.093869   0.732217
-0.00787718   -0.113415        0.73 -0.0131436 -0.0938681   0.732217
-0.0077461  -0.113407       0.73 -0.0130452 -0.0938673   0.732218
-0.00761496   -0.113399        0.73 -0.0129467 -0.0938666   0.732219
-0.00748376   -0.113392        0.73 -0.0128481 -0.0938661    0.73222
-0.00735249   -0.113384        0.73 -0.0127493 -0.0938656    0.73222
-0.00722117   -0.113376        0.73 -0.0126505 -0.0938653   0.732221
-0.00708978   -0.113368        0.73 -0.0125515 -0.0938651   0.732221
-0.00695834    -0.11336        0.73 -0.0124523 -0.0938651   0.732222
-0.00682684   -0.113353        0.73 -0.0123531 -0.0938651   0.732222
-0.00669529   -0.113345        0.73 -0.0122536 -0.0938653   0.732222
-0.00656368   -0.113337        0.73 -0.0121541 -0.0938656   0.732222
-0.00643202   -0.113329        0.73 -0.0120544  -0.093866   0.732223
-0.00630031   -0.113321        0.73 -0.0119547 -0.0938665   0.732223
-0.00616855   -0.113313        0.73 -0.0118547 -0.0938672   0.732223
-0.00603674   -0.113306        0.73 -0.0117547 -0.0938679   0.732223
-0.00590489   -0.113298        0.73 -0.0116545 -0.0938688   0.732223
-0.00577299    -0.11329        0.73 -0.0115542 -0.0938698   0.732223
-0.00564105   -0.113282        0.73 -0.0114538 -0.0938709   0.732223
-0.00550906   -0.113274        0.73 -0.0113532 -0.0938721   0.732223
-0.00537704   -0.113267        0.73 -0.0112525 -0.0938735   0.732222
-0.00524497   -0.113259        0.73 -0.0111517 -0.0938749   0.732222
-0.00511287   -0.113251        0.73 -0.0110508 -0.0938765   0.732222
-0.00498073   -0.113243        0.73 -0.0109497 -0.0938782   0.732221
-0.00484856   -0.113235        0.73 -0.0108485 -0.0938799   0.732221
-0.00471635   -0.113227        0.73 -0.0107472 -0.0938818    0.73222
-0.00458411   -0.113219        0.73 -0.0106457 -0.0938839   0.732219
-0.00445184   -0.113212        0.73 -0.0105442  -0.093886   0.732219
-0.00431954   -0.113204        0.73 -0.0104425 -0.0938882   0.732218
-0.00418721   -0.113196        0.73 -0.0103407 -0.0938906   0.732217
-0.00405486   -0.113188        0.73 -0.0102387  -0.093893   0.732216
-0.00392248    -0.11318        0.73 -0.0101366 -0.0938956   0.732215
-0.00379008   -0.113172        0.73 -0.0100344 -0.0938983   0.732214
-0.00365765   -0.113165        0.73 -0.00993208  -0.0939011    0.732213
-0.00352521   -0.113157        0.73 -0.00982963   -0.093904    0.732212
-0.00339274   -0.113149        0.73 -0.00972705   -0.093907    0.732211
-0.00326026   -0.113141        0.73 -0.00962434  -0.0939101    0.732209
-0.00312776   -0.113133        0.73 -0.00952152  -0.0939133    0.732208
-0.00299524   -0.113125        0.73 -0.00941858  -0.0939166    0.732207
-0.00286272   -0.113117        0.73 -0.00931549  -0.0939201    0.732205
-0.00273018   -0.113109        0.73 -0.00921229  -0.0939236    0.732204
-0.00259762   -0.113102        0.73 -0.00910897  -0.0939273    0.732202
-0.00246506   -0.113094        0.73 -0.00900553  -0.0939311      0.7322
-0.00233249   -0.113086        0.73 -0.00890195  -0.0939349    0.732199
-0.00219992   -0.113078        0.73 -0.00879825  -0.0939389    0.732197
-0.00206734    -0.11307        0.73 -0.00869445   -0.093943    0.732195
-0.00193476   -0.113062        0.73 -0.00859051  -0.0939472    0.732193
-0.00180217   -0.113054        0.73 -0.00848647  -0.0939515    0.732191
-0.00166958   -0.113047        0.73 -0.00838226  -0.0939559    0.732189
-0.001537 -0.113039      0.73 -0.00827797  -0.0939605    0.732187
-0.00140441   -0.113031        0.73 -0.00817355  -0.0939651    0.732185
-0.00127183   -0.113023        0.73  -0.008069 -0.0939698   0.732183
-0.00113926   -0.113015        0.73 -0.00796434  -0.0939747    0.732181
-0.00100669   -0.113007        0.73 -0.00785955  -0.0939796    0.732178
-0.000874124    -0.112999         0.73 -0.00775465  -0.0939847    0.732176
-0.000741571    -0.112991         0.73 -0.00764964  -0.0939899    0.732174
-0.000609029    -0.112984         0.73 -0.00754448  -0.0939952    0.732171
-0.000476498    -0.112976         0.73 -0.00743922  -0.0940005    0.732169
-0.000343981    -0.112968         0.73 -0.00733384   -0.094006    0.732166
-0.000211479     -0.11296         0.73 -0.00722834  -0.0940116    0.732164
-7.89935e-05    -0.112952         0.73 -0.0071227 -0.0940173   0.732161
5.34747e-05   -0.112944        0.73 -0.00701697  -0.0940231    0.732158
0.000185924   -0.112936        0.73 -0.00691112   -0.094029    0.732155
0.000318353   -0.112929        0.73 -0.00680514  -0.0940351    0.732153
0.000450759   -0.112921        0.73 -0.00669906  -0.0940412     0.73215
0.000583143   -0.112913        0.73 -0.00659284  -0.0940474    0.732147
0.000715501   -0.112905        0.73 -0.00648653  -0.0940538    0.732144
0.000847834   -0.112897        0.73 -0.00638009  -0.0940602    0.732141
0.000980139   -0.112889        0.73 -0.00627353  -0.0940668    0.732138
0.00111242  -0.112881       0.73 -0.00616685  -0.0940734    0.732135
0.00124466  -0.112874       0.73 -0.00606007  -0.0940802    0.732132
0.00137687  -0.112866       0.73 -0.00595316   -0.094087    0.732128
0.00150906  -0.112858       0.73 -0.00584616   -0.094094    0.732125
0.0016412  -0.11285      0.73 -0.00573901  -0.0941011    0.732122
0.00177331  -0.112842       0.73 -0.00563178  -0.0941083    0.732118
0.00190538  -0.112834       0.73 -0.00552441  -0.0941155    0.732115
0.00203742  -0.112827       0.73 -0.00541696  -0.0941229    0.732111
0.00216941  -0.112819       0.73 -0.00530938  -0.0941304    0.732108
0.00230136  -0.112811       0.73 -0.00520167   -0.094138    0.732104
0.00243327  -0.112803       0.73 -0.00509387  -0.0941457    0.732101
0.00256514  -0.112795       0.73 -0.00498595  -0.0941535    0.732097
0.00269695  -0.112787       0.73 -0.00487793  -0.0941614    0.732093
0.00282872   -0.11278       0.73 -0.00476977  -0.0941694    0.732089
0.00296045  -0.112772       0.73 -0.00466152  -0.0941775    0.732086
0.00309212  -0.112764       0.73 -0.00455317  -0.0941858    0.732082
0.00322374  -0.112756       0.73 -0.0044447 -0.0941941   0.732078
0.00335531  -0.112748       0.73 -0.00433611  -0.0942025    0.732074
0.00348682  -0.112741       0.73 -0.00422743   -0.094211     0.73207
0.00361828  -0.112733       0.73 -0.00411863  -0.0942196    0.732066
0.00374968  -0.112725       0.73 -0.00400974  -0.0942284    0.732061
0.00388102  -0.112717       0.73 -0.00390073  -0.0942372    0.732057
0.0040123 -0.112709      0.73 -0.00379159  -0.0942461    0.732053
0.00414352  -0.112702       0.73 -0.00368239  -0.0942552    0.732049
0.00427468  -0.112694       0.73 -0.00357305  -0.0942643    0.732044
0.00440578  -0.112686       0.73 -0.00346362  -0.0942736     0.73204
0.0045368 -0.112678      0.73 -0.00335406  -0.0942829    0.732035
0.00466777  -0.112671       0.73 -0.00324441  -0.0942923    0.732031
0.00479866  -0.112663       0.73 -0.00313468  -0.0943019    0.732026
0.00492948  -0.112655       0.73 -0.00302482  -0.0943115    0.732022
0.00506023  -0.112647       0.73 -0.00291486  -0.0943213    0.732017
0.00519091   -0.11264       0.73 -0.00280479  -0.0943311    0.732012
0.00532152  -0.112632       0.73 -0.00269463  -0.0943411    0.732008
0.00545205  -0.112624       0.73 -0.00258436  -0.0943511    0.732003
0.0055825 -0.112616      0.73  -0.002474 -0.0943613   0.731998
0.00571288  -0.112609       0.73 -0.00236351  -0.0943715    0.731993
0.00584318  -0.112601       0.73 -0.00225294  -0.0943819    0.731988
0.00597339  -0.112593       0.73 -0.00214228  -0.0943923    0.731983
0.00610352  -0.112585       0.73 -0.00203148  -0.0944029    0.731978
0.00623357  -0.112578       0.73 -0.00192062  -0.0944135    0.731973
0.00636354   -0.11257       0.73 -0.00180965  -0.0944242    0.731968
0.00649341  -0.112562       0.73 -0.00169859  -0.0944351    0.731963
0.0066232 -0.112555      0.73 -0.00158741   -0.094446    0.731957
0.0067529 -0.112547      0.73 -0.00147615  -0.0944571    0.731952
0.00688251  -0.112539       0.73 -0.00136478  -0.0944682    0.731947
0.00701203  -0.112531       0.73 -0.00125332  -0.0944795    0.731941
0.00714146  -0.112524       0.73 -0.00114178  -0.0944908    0.731936
0.00727079  -0.112516       0.73 -0.00103013  -0.0945022     0.73193
0.00740002  -0.112508       0.73 -0.00091839  -0.0945138    0.731925
0.00752916  -0.112501       0.73 -0.00080654  -0.0945254    0.731919
0.00765819  -0.112493       0.73 -0.000694614   -0.0945371     0.731914
0.00778713  -0.112485       0.73 -0.000582593    -0.094549     0.731908
0.00791596  -0.112478       0.73 -0.000470477   -0.0945609     0.731902
0.00804469   -0.11247       0.73 -0.000358265   -0.0945729     0.731896
0.00817332  -0.112463       0.73 -0.000245968    -0.094585      0.73189
0.00830184  -0.112455       0.73 -0.000133573   -0.0945973     0.731885
0.00843026  -0.112447       0.73 -2.10949e-05   -0.0946096     0.731879
0.00855856   -0.11244       0.73 9.14726e-05   -0.094622    0.731873
0.00868675  -0.112432       0.73 0.000204125  -0.0946345    0.731867
0.00881484  -0.112424       0.73 0.000316878  -0.0946471    0.731861
0.00894281  -0.112417       0.73 0.000429711  -0.0946598    0.731854
0.00907066  -0.112409       0.73 0.000542638  -0.0946726    0.731848
0.0091984 -0.112402      0.73 0.000655641  -0.0946855    0.731842
0.00932603  -0.112394       0.73 0.000768719  -0.0946984    0.731836
0.00945353  -0.112387       0.73 0.000881893  -0.0947115     0.73183
0.00958091  -0.112379       0.73 0.000995138  -0.0947247    0.731823
0.00970818  -0.112371       0.73 0.00110848  -0.094738   0.731817
0.00983532  -0.112364       0.73 0.00122189 -0.0947513    0.73181
0.00996233  -0.112356       0.73 0.00133539 -0.0947648   0.731804
0.0100892 -0.112349      0.73 0.00144898 -0.0947783   0.731797
 0.010216 -0.112341      0.73 0.00156264  -0.094792   0.731791
0.0103426 -0.112334      0.73 0.00167638 -0.0948057   0.731784
0.0104691 -0.112326      0.73 0.00179019 -0.0948196   0.731778
0.0105955 -0.112319      0.73 0.00190409 -0.0948335   0.731771
0.0107217 -0.112311      0.73 0.00201808 -0.0948475   0.731764
0.0108479 -0.112304      0.73 0.00213212 -0.0948616   0.731757
0.0109738 -0.112296      0.73 0.00224625 -0.0948758   0.731751
0.0110997 -0.112289      0.73 0.00236045 -0.0948901   0.731744
0.0112254 -0.112281      0.73 0.00247474 -0.0949045   0.731737
0.0113509 -0.112274      0.73 0.00258909  -0.094919    0.73173
0.0114763 -0.112267      0.73 0.00270352 -0.0949336   0.731723
0.0116016 -0.112259      0.73 0.00281801 -0.0949483   0.731716
0.0117267 -0.112252      0.73 0.0029326 -0.094963  0.731709
0.0118517 -0.112244      0.73 0.00304725 -0.0949779   0.731702
0.0119766 -0.112237      0.73 0.00316196 -0.0949929   0.731695
0.0121012  -0.11223      0.73 0.00327674 -0.0950079   0.731688
0.0122258 -0.112222      0.73 0.00339162  -0.095023    0.73168
0.0123502 -0.112215      0.73 0.00350654 -0.0950383   0.731673
0.0124744 -0.112207      0.73 0.00362153 -0.0950536   0.731666
0.0125985   -0.1122      0.73 0.00373662  -0.095069   0.731659
0.0127224 -0.112193      0.73 0.00385175 -0.0950845   0.731651
0.0128462 -0.112185      0.73 0.00396694 -0.0951001   0.731644
0.0129698 -0.112178      0.73 0.00408223 -0.0951158   0.731636
0.0130933 -0.112171      0.73 0.00419756 -0.0951315   0.731629
0.0132166 -0.112163      0.73 0.00431296 -0.0951474   0.731621
0.0133397 -0.112156      0.73 0.00442845 -0.0951634   0.731614
0.0134626 -0.112149      0.73 0.00454397 -0.0951794   0.731606
0.0135854 -0.112141      0.73 0.00465959 -0.0951955   0.731599
0.0137081 -0.112134      0.73 0.00477524 -0.0952118   0.731591
0.0138305 -0.112127      0.73 0.00489096 -0.0952281   0.731583
0.0139528  -0.11212      0.73 0.00500677 -0.0952445   0.731576
 0.014075 -0.112112      0.73 0.00512261  -0.095261   0.731568
0.0141969 -0.112105      0.73 0.00523852 -0.0952775    0.73156
0.0143187 -0.112098      0.73 0.00535451 -0.0952942   0.731552
0.0144403 -0.112091      0.73 0.00547054  -0.095311   0.731544
0.0145617 -0.112084      0.73 0.00558665 -0.0953278   0.731536
 0.014683 -0.112076      0.73 0.00570281 -0.0953448   0.731529
 0.014804 -0.112069      0.73 0.00581902 -0.0953618   0.731521
0.0149249 -0.112062      0.73 0.00593531 -0.0953789   0.731513
0.0150456 -0.112055      0.73 0.00605164 -0.0953961   0.731505
0.0151661 -0.112048      0.73 0.00616805 -0.0954134   0.731496
0.0152865 -0.112041      0.73 0.00628451 -0.0954308   0.731488
0.0154066 -0.112033      0.73 0.00640102 -0.0954482    0.73148
0.0155266 -0.112026      0.73  0.0065176 -0.0954658   0.731472
0.0156463 -0.112019      0.73 0.00663424 -0.0954834   0.731464
0.0157659 -0.112012      0.73 0.00675093 -0.0955012   0.731456
0.0158853 -0.112005      0.73 0.00686768  -0.095519   0.731447
0.0160044 -0.111998      0.73 0.00698451 -0.0955369   0.731439
0.0161234 -0.111991      0.73 0.00710138 -0.0955549   0.731431
0.0162422 -0.111984      0.73 0.00721831  -0.095573   0.731422
0.0163608 -0.111977      0.73  0.0073353 -0.0955912   0.731414
0.0164792  -0.11197      0.73 0.00745236 -0.0956094   0.731405
0.0165974 -0.111963      0.73 0.00756948 -0.0956278   0.731397
0.0167153 -0.111956      0.73 0.00768665 -0.0956462   0.731388
0.0168331 -0.111949      0.73 0.00780387 -0.0956647    0.73138
0.0169507 -0.111942      0.73 0.00792116 -0.0956833   0.731371
 0.017068 -0.111935      0.73 0.0080385 -0.095702  0.731363
0.0171852 -0.111928      0.73  0.0081559 -0.0957208   0.731354
0.0173021 -0.111921      0.73 0.00827336 -0.0957397   0.731345
0.0174188 -0.111914      0.73 0.00839087 -0.0957586   0.731337
0.0175353 -0.111907      0.73 0.00850844 -0.0957777   0.731328
0.0176516   -0.1119      0.73 0.00862608 -0.0957968   0.731319
0.0177677 -0.111893      0.73 0.00874377  -0.095816    0.73131
0.0178835 -0.111886      0.73 0.00886151 -0.0958353   0.731301
0.0179992  -0.11188      0.73 0.00897929 -0.0958547   0.731293
0.0181146 -0.111873      0.73 0.00909714 -0.0958742   0.731284
0.0182297 -0.111866      0.73 0.00921504 -0.0958937   0.731275
0.0183447 -0.111859      0.73 0.00933299 -0.0959133   0.731266
0.0184594 -0.111852      0.73 0.00945101 -0.0959331   0.731257
0.0185739 -0.111845      0.73 0.00956906 -0.0959529   0.731248
0.0186882 -0.111839      0.73 0.00968716 -0.0959727   0.731239
0.0188022 -0.111832      0.73 0.00980532 -0.0959927    0.73123
 0.018916 -0.111825      0.73 0.00992352 -0.0960128   0.731221
0.0190295 -0.111818      0.73  0.0100418 -0.0960329   0.731212
0.0191428 -0.111812      0.73  0.0101601 -0.0960531   0.731203
0.0192559 -0.111805      0.73  0.0102784 -0.0960734   0.731194
0.0193688 -0.111798      0.73  0.0103968 -0.0960938   0.731185
0.0194814 -0.111792      0.73  0.0105153 -0.0961143   0.731175
0.0195937 -0.111785      0.73  0.0106338 -0.0961348   0.731166
0.0197058 -0.111778      0.73  0.0107523 -0.0961554   0.731157
0.0198177 -0.111772      0.73  0.0108709 -0.0961761   0.731148
0.0199293 -0.111765      0.73  0.0109895 -0.0961969   0.731139
0.0200406 -0.111758      0.73  0.0111081 -0.0962178    0.73113
0.0201517 -0.111752      0.73  0.0112268 -0.0962388    0.73112
0.0202626 -0.111745      0.73  0.0113456 -0.0962598   0.731111
0.0203732 -0.111739      0.73  0.0114644 -0.0962809   0.731102
0.0204835 -0.111732      0.73  0.0115832 -0.0963021   0.731093
0.0205936 -0.111726      0.73   0.011702 -0.0963234   0.731083
0.0207034 -0.111719      0.73  0.0118209 -0.0963447   0.731074
0.0208129 -0.111713      0.73  0.0119399 -0.0963662   0.731065
0.0209222 -0.111706      0.73  0.0120588 -0.0963877   0.731056
0.0210312   -0.1117      0.73  0.0121778 -0.0964093   0.731046
  0.02114 -0.111693      0.73  0.0122969 -0.0964309   0.731037
0.0212485 -0.111687      0.73   0.012416 -0.0964527   0.731028
0.0213567  -0.11168      0.73  0.0125351 -0.0964745   0.731018
0.0214646 -0.111674      0.73  0.0126542 -0.0964964   0.731009
0.0215723 -0.111668      0.73  0.0127734 -0.0965184   0.730999
0.0216797 -0.111661      0.73  0.0128926 -0.0965405    0.73099
0.0217868 -0.111655      0.73  0.0130118 -0.0965626   0.730981
0.0218936 -0.111649      0.73  0.0131311 -0.0965849   0.730971
0.0220002 -0.111642      0.73  0.0132504 -0.0966072   0.730962
0.0221064 -0.111636      0.73  0.0133697 -0.0966295   0.730952
0.0222124  -0.11163      0.73 0.0134891 -0.096652  0.730943
0.0223181 -0.111623      0.73  0.0136084 -0.0966745   0.730933
0.0224235 -0.111617      0.73  0.0137278 -0.0966971   0.730924
0.0225286 -0.111611      0.73  0.0138473 -0.0967198   0.730914
0.0226335 -0.111605      0.73  0.0139667 -0.0967426   0.730905
 0.022738 -0.111598      0.73  0.0140862 -0.0967654   0.730895
0.0228422 -0.111592      0.73  0.0142057 -0.0967883   0.730886
0.0229462 -0.111586      0.73  0.0143252 -0.0968113   0.730876
0.0230498  -0.11158      0.73  0.0144448 -0.0968343   0.730866
0.0231532 -0.111574      0.73  0.0145643 -0.0968575   0.730857
0.0232562 -0.111568      0.73  0.0146839 -0.0968807   0.730847
 0.023359 -0.111562      0.73 0.0148035 -0.096904  0.730838
0.0234614 -0.111556      0.73  0.0149231 -0.0969273   0.730828
0.0235635 -0.111549      0.73  0.0150427 -0.0969508   0.730818
0.0236654 -0.111543      0.73  0.0151624 -0.0969743   0.730808
0.0237669 -0.111537      0.73   0.015282 -0.0969979   0.730799
0.0238681 -0.111531      0.73  0.0154017 -0.0970215   0.730789
 0.023969 -0.111525      0.73  0.0155214 -0.0970453   0.730779
0.0240696 -0.111519      0.73  0.0156411 -0.0970691   0.730769
0.0241699 -0.111513      0.73 0.0157608 -0.097093  0.730759
0.0242698 -0.111508      0.73 0.0158805 -0.097117  0.730749
0.0243694 -0.111502      0.73 0.0160003 -0.097141   0.73074
0.0244688 -0.111496      0.73    0.01612 -0.0971652    0.73073
0.0245678  -0.11149      0.73  0.0162398 -0.0971894    0.73072
0.0246664 -0.111484      0.73  0.0163595 -0.0972136   0.730709
0.0247648 -0.111478      0.73 0.0164793 -0.097238  0.730699
0.0248628 -0.111472      0.73   0.016599 -0.0972624   0.730689
0.0249605 -0.111467      0.73  0.0167188 -0.0972869   0.730679
0.0250579 -0.111461      0.73  0.0168386 -0.0973115   0.730669
0.0251549 -0.111455      0.73  0.0169584 -0.0973362   0.730659
0.0252517 -0.111449      0.73  0.0170782 -0.0973609   0.730648
 0.025348 -0.111444      0.73  0.0171979 -0.0973857   0.730638
0.0254441 -0.111438      0.73  0.0173177 -0.0974106   0.730628
0.0255398 -0.111432      0.73  0.0174375 -0.0974355   0.730617
0.0256352 -0.111427      0.73  0.0175573 -0.0974606   0.730607
0.0257302 -0.111421      0.73   0.017677 -0.0974857   0.730597
0.0258249 -0.111415      0.73  0.0177968 -0.0975108   0.730586
0.0259193  -0.11141      0.73  0.0179165 -0.0975361   0.730576
0.0260133 -0.111404      0.73  0.0180363 -0.0975614   0.730565
 0.026107 -0.111399      0.73  0.0181561 -0.0975868   0.730554
0.0262004 -0.111393      0.73  0.0182758 -0.0976123   0.730544
0.0262934 -0.111387      0.73  0.0183955 -0.0976378   0.730533
 0.026386 -0.111382      0.73  0.0185152 -0.0976634   0.730522
0.0264783 -0.111377      0.73  0.0186349 -0.0976891   0.730512
0.0265703 -0.111371      0.73  0.0187546 -0.0977149   0.730501
0.0266619 -0.111366      0.73  0.0188743 -0.0977407    0.73049
0.0267532  -0.11136      0.73   0.018994 -0.0977666   0.730479
0.0268441 -0.111355      0.73  0.0191136 -0.0977925   0.730468
0.0269347 -0.111349      0.73  0.0192332 -0.0978186   0.730457
0.0270249 -0.111344      0.73  0.0193529 -0.0978447   0.730446
0.0271148 -0.111339      0.73  0.0194725 -0.0978709   0.730435
0.0272043 -0.111333      0.73   0.019592 -0.0978971   0.730424
0.0272934 -0.111328      0.73  0.0197116 -0.0979234   0.730413
0.0273823 -0.111323      0.73  0.0198311 -0.0979498   0.730402
0.0274707 -0.111318      0.73  0.0199506 -0.0979762   0.730391
0.0275588 -0.111312      0.73  0.0200701 -0.0980028    0.73038
0.0276465 -0.111307      0.73  0.0201896 -0.0980293   0.730369
0.0277339 -0.111302      0.73  0.020309 -0.098056  0.730358
 0.027821 -0.111297      0.73  0.0204284 -0.0980827   0.730346
0.0279076 -0.111292      0.73  0.0205478 -0.0981095   0.730335
0.0279939 -0.111287      0.73  0.0206671 -0.0981364   0.730324
0.0280799 -0.111281      0.73  0.0207864 -0.0981633   0.730312
0.0281655 -0.111276      0.73  0.0209057 -0.0981903   0.730301
0.0282507 -0.111271      0.73  0.0210249 -0.0982173   0.730289
0.0283356 -0.111266      0.73  0.0211441 -0.0982444   0.730278
0.0284201 -0.111261      0.73  0.0212632 -0.0982716   0.730266
0.0285042 -0.111256      0.73  0.0213823 -0.0982988   0.730255
 0.028588 -0.111251      0.73  0.0215013 -0.0983261   0.730243
0.0286714 -0.111246      0.73  0.0216203 -0.0983535   0.730231
0.0287545 -0.111241      0.73 0.0217393 -0.098381   0.73022
0.0288372 -0.111237      0.73  0.0218582 -0.0984085   0.730208
0.0289195 -0.111232      0.73  0.021977 -0.098436  0.730196
0.0290015 -0.111227      0.73  0.0220958 -0.0984637   0.730184
0.0290831 -0.111222      0.73  0.0222145 -0.0984914   0.730172
0.0291643 -0.111217      0.73  0.0223332 -0.0985191    0.73016
0.0292452 -0.111212      0.73  0.0224518 -0.0985469   0.730148
0.0293257 -0.111208      0.73  0.0225703 -0.0985748   0.730136
0.0294059 -0.111203      0.73  0.0226888 -0.0986028   0.730124
0.0294857 -0.111198      0.73  0.0228072 -0.0986308   0.730112
0.0295651 -0.111193      0.73  0.0229256 -0.0986589   0.730099
0.0296442 -0.111189      0.73 0.0230439 -0.098687  0.730087
0.0297229 -0.111184      0.73  0.0231621 -0.0987152   0.730075
0.0298012 -0.111179      0.73  0.0232802 -0.0987435   0.730062
0.0298792 -0.111175      0.73  0.0233983 -0.0987718    0.73005
0.0299568  -0.11117      0.73  0.0235162 -0.0988002   0.730037
 0.030034 -0.111166      0.73  0.0236342 -0.0988287   0.730025
0.0301109 -0.111161      0.73   0.023752 -0.0988572   0.730012
0.0301874 -0.111156      0.73  0.0238698 -0.0988858   0.729999
0.0302636 -0.111152      0.73  0.0239874 -0.0989144   0.729987
0.0303394 -0.111147      0.73   0.024105 -0.0989431   0.729974
0.0304148 -0.111143      0.73  0.0242225 -0.0989719   0.729961
0.0304899 -0.111138      0.73  0.0243399 -0.0990007   0.729949
0.0305646 -0.111134      0.73  0.0244572 -0.0990296   0.729936
0.0306389  -0.11113      0.73  0.0245744 -0.0990585   0.729923
0.0307129 -0.111125      0.73  0.0246915 -0.0990875    0.72991
0.0307865 -0.111121      0.73  0.0248084 -0.0991166   0.729898
0.0308598 -0.111117      0.73  0.0249253 -0.0991458   0.729885
0.0309327 -0.111112      0.73 0.0250421 -0.099175  0.729872
0.0310052 -0.111108      0.73  0.0251587 -0.0992042    0.72986
0.0310774 -0.111104      0.73  0.0252753 -0.0992335   0.729847
0.0311493 -0.111099      0.73  0.0253917 -0.0992629   0.729834
0.0312207 -0.111095      0.73  0.0255081 -0.0992924   0.729822
0.0312918 -0.111091      0.73  0.0256243 -0.0993219   0.729809
0.0313626 -0.111087      0.73  0.0257404 -0.0993514   0.729796
 0.031433 -0.111083      0.73  0.0258564 -0.0993811   0.729784
 0.031503 -0.111078      0.73  0.0259722 -0.0994107   0.729771
0.0315727 -0.111074      0.73   0.026088 -0.0994407   0.729759
0.0316421  -0.11107      0.73  0.0262035 -0.0994708   0.729747
 0.031711 -0.111066      0.73  0.0263189 -0.0995013   0.729734
0.0317797 -0.111062      0.73 0.0264342 -0.099532  0.729722
0.0318479 -0.111058      0.73 0.0265493 -0.099563   0.72971
0.0319159 -0.111054      0.73  0.0266643 -0.0995942   0.729697
0.0319834  -0.11105      0.73  0.0267791 -0.0996257   0.729685
0.0320506 -0.111046      0.73  0.0268938 -0.0996575   0.729673
0.0321175 -0.111042      0.73  0.0270084 -0.0996896   0.729661
 0.032184 -0.111038      0.73  0.0271228 -0.0997219   0.729648
0.0322502 -0.111034      0.73  0.0272372 -0.0997544   0.729636
0.032316 -0.11103     0.73  0.0273514 -0.0997872   0.729624
0.0323815 -0.111026      0.73  0.0274654 -0.0998203   0.729612
0.0324466 -0.111022      0.73  0.0275793 -0.0998536   0.729599
0.0325114 -0.111019      0.73  0.0276931 -0.0998871   0.729587
0.0325758 -0.111015      0.73  0.0278068 -0.0999209   0.729575
0.0326399 -0.111011      0.73  0.0279204 -0.0999548   0.729562
0.0327036 -0.111007      0.73 0.0280338 -0.099989   0.72955
 0.032767 -0.111003      0.73 0.0281472 -0.100023  0.729538
0.0328301    -0.111      0.73 0.0282603 -0.100058  0.729525
0.0328928 -0.110996      0.73 0.0283734 -0.100093  0.729513
0.0329552 -0.110992      0.73 0.0284864 -0.100128    0.7295
0.0330172 -0.110989      0.73 0.0285992 -0.100163  0.729488
0.0330789 -0.110985      0.73  0.028712 -0.100199  0.729475
0.0331402 -0.110981      0.73 0.0288246 -0.100234  0.729463
0.0332012 -0.110978      0.73 0.0289371  -0.10027   0.72945
0.0332619 -0.110974      0.73 0.0290494 -0.100306  0.729438
0.0333222  -0.11097      0.73 0.0291617 -0.100342  0.729425
0.0333822 -0.110967      0.73 0.0292738 -0.100379  0.729412
0.0334419 -0.110963      0.73 0.0293858 -0.100415    0.7294
0.0335012  -0.11096      0.73 0.0294977 -0.100452  0.729387
0.0335602 -0.110956      0.73 0.0296095 -0.100489  0.729374
0.0336188 -0.110953      0.73 0.0297211 -0.100526  0.729361
0.0336772 -0.110949      0.73 0.0298327 -0.100563  0.729348
0.0337352 -0.110946      0.73 0.0299441   -0.1006  0.729336
0.0337928 -0.110943      0.73 0.0300554 -0.100637  0.729323
0.0338501 -0.110939      0.73 0.0301667 -0.100674   0.72931
0.0339071 -0.110936      0.73 0.0302779 -0.100711  0.729297
0.0339638 -0.110932      0.73 0.0303889 -0.100748  0.729284
0.0340201 -0.110929      0.73 0.0304999 -0.100785   0.72927
0.0340761 -0.110926      0.73 0.0306107 -0.100821  0.729257
0.0341318 -0.110922      0.73 0.0307215 -0.100858  0.729244
0.0341871 -0.110919      0.73 0.0308321 -0.100895  0.729231
0.0342421 -0.110916      0.73 0.0309426 -0.100932  0.729218
0.0342968 -0.110913      0.73  0.031053 -0.100969  0.729205
0.0343512 -0.110909      0.73 0.0311634 -0.101006  0.729191
0.0344052 -0.110906      0.73 0.0312736 -0.101043  0.729178
0.0344589 -0.110903      0.73 0.0313836  -0.10108  0.729165
0.0345123   -0.1109      0.73 0.0314936 -0.101118  0.729151
0.0345654 -0.110897      0.73 0.0316034 -0.101155  0.729138
0.0346182 -0.110894      0.73 0.0317131 -0.101192  0.729125
0.0346706  -0.11089      0.73 0.0318227  -0.10123  0.729111
0.0347227 -0.110887      0.73 0.0319322 -0.101268  0.729098
0.0347745 -0.110884      0.73 0.0320416 -0.101305  0.729085
0.0348259 -0.110881      0.73 0.0321508 -0.101343  0.729071
0.0348771 -0.110878      0.73 0.0322599 -0.101381  0.729058
0.0349279 -0.110875      0.73 0.0323689 -0.101419  0.729044
0.0349784 -0.110872      0.73 0.0324777 -0.101458  0.729031
0.0350286 -0.110869      0.73 0.0325864 -0.101496  0.729017
0.0350784 -0.110866      0.73  0.032695 -0.101535  0.729004
 0.035128 -0.110863      0.73 0.0328034 -0.101573   0.72899
0.0351772  -0.11086      0.73 0.0329118 -0.101612  0.728977
0.0352261 -0.110857      0.73 0.0330199 -0.101651  0.728963
0.0352747 -0.110855      0.73 0.033128 -0.10169  0.72895
 0.035323 -0.110852      0.73 0.0332359 -0.101729  0.728936
 0.035371 -0.110849      0.73 0.0333436 -0.101768  0.728923
0.0354186 -0.110846      0.73 0.0334513 -0.101807  0.728909
 0.035466 -0.110843      0.73 0.0335588 -0.101846  0.728896
0.035513 -0.11084     0.73 0.0336661 -0.101886  0.728882
0.0355597 -0.110838      0.73 0.0337733 -0.101926  0.728869
0.0356061 -0.110835      0.73 0.0338804 -0.101965  0.728855
0.0356522 -0.110832      0.73 0.0339873 -0.102005  0.728842
 0.035698 -0.110829      0.73 0.0340941 -0.102045  0.728828
0.0357435 -0.110827      0.73 0.0342007 -0.102085  0.728815
0.0357886 -0.110824      0.73 0.0343072 -0.102125  0.728801
0.0358335 -0.110821      0.73 0.0344136 -0.102165  0.728788
 0.035878 -0.110819      0.73 0.0345198 -0.102206  0.728774
0.0359223 -0.110816      0.73 0.0346259 -0.102246  0.728761
0.0359662 -0.110814      0.73 0.0347318 -0.102287  0.728748
0.0360098 -0.110811      0.73 0.0348376 -0.102328  0.728734
0.0360532 -0.110808      0.73 0.0349432 -0.102368  0.728721
0.0360962 -0.110806      0.73 0.0350487 -0.102409  0.728708
0.0361389 -0.110803      0.73 0.0351541  -0.10245  0.728694
0.0361813 -0.110801      0.73 0.0352593 -0.102492  0.728681
0.0362234 -0.110798      0.73 0.0353644 -0.102533  0.728668
0.0362652 -0.110796      0.73 0.0354693 -0.102574  0.728655
0.0363066 -0.110793      0.73 0.0355741 -0.102616  0.728642
0.0363478 -0.110791      0.73 0.0356788 -0.102657  0.728628
0.0363887 -0.110789      0.73 0.0357833 -0.102699  0.728615
0.0364293 -0.110786      0.73 0.0358877 -0.102741  0.728602
0.0364696 -0.110784      0.73 0.0359919 -0.102782  0.728589
0.0365095 -0.110781      0.73  0.036096 -0.102824  0.728577
0.0365492 -0.110779      0.73 0.0361999 -0.102866  0.728564
0.0365886 -0.110777      0.73 0.0363037 -0.102909  0.728551
0.0366277 -0.110774      0.73 0.0364074 -0.102951  0.728538
0.0366664 -0.110772      0.73  0.036511 -0.102993  0.728525
0.0367049  -0.11077      0.73 0.0366143 -0.103036  0.728513
0.0367431 -0.110767      0.73 0.0367176 -0.103078    0.7285
 0.036781 -0.110765      0.73 0.0368207 -0.103121  0.728488
0.0368186 -0.110763      0.73 0.0369237 -0.103164  0.728475
0.0368558 -0.110761      0.73 0.0370265 -0.103206  0.728463
0.0368928 -0.110759      0.73 0.0371293 -0.103249  0.728451
0.0369295 -0.110756      0.73 0.0372318 -0.103292  0.728438
0.0369659 -0.110754      0.73 0.0373343 -0.103335  0.728426
 0.037002 -0.110752      0.73 0.0374366 -0.103378  0.728414
0.0370378  -0.11075      0.73 0.0375388 -0.103422  0.728402
0.0370734 -0.110748      0.73 0.0376408 -0.103465   0.72839
0.0371086 -0.110746      0.73 0.0377427 -0.103508  0.728378
0.0371435 -0.110744      0.73 0.0378445 -0.103552  0.728367
0.0371782 -0.110742      0.73 0.0379461 -0.103595  0.728355
0.0372125  -0.11074      0.73 0.0380476 -0.103639  0.728343
0.0372466 -0.110738      0.73  0.038149 -0.103683  0.728332
0.0372803 -0.110736      0.73 0.0382503 -0.103726  0.728321
0.0373138 -0.110734      0.73 0.0383514  -0.10377  0.728309
 0.037347 -0.110732      0.73 0.0384525 -0.103814  0.728298
0.0373799  -0.11073      0.73 0.0385533 -0.103858  0.728287
0.0374125 -0.110728      0.73 0.0386541 -0.103902  0.728276
0.0374448 -0.110726      0.73 0.0387548 -0.103946  0.728265
0.0374769 -0.110724      0.73 0.0388553  -0.10399  0.728254
0.0375086 -0.110722      0.73 0.0389557 -0.104034  0.728243
0.0375401  -0.11072      0.73  0.039056 -0.104079  0.728233
0.0375712 -0.110718      0.73 0.0391562 -0.104123  0.728222
0.0376021 -0.110717      0.73 0.0392562 -0.104167  0.728212
0.0376328 -0.110715      0.73 0.0393561 -0.104212  0.728201
0.0376631 -0.110713      0.73  0.039456 -0.104256  0.728191
0.0376931 -0.110711      0.73 0.0395557 -0.104301  0.728181
0.0377229 -0.110709      0.73 0.0396553 -0.104346  0.728171
0.0377524 -0.110708      0.73 0.0397548  -0.10439  0.728161
0.0377816 -0.110706      0.73 0.0398541 -0.104435  0.728151
0.0378105 -0.110704      0.73 0.0399534  -0.10448  0.728141
0.0378391 -0.110702      0.73 0.0400525 -0.104525  0.728132
0.0378675 -0.110701      0.73 0.0401516  -0.10457  0.728122
0.0378956 -0.110699      0.73 0.0402505 -0.104615  0.728113
0.0379234 -0.110697      0.73 0.0403493  -0.10466  0.728104
0.0379509 -0.110696      0.73  0.040448 -0.104705  0.728094
0.0379782 -0.110694      0.73 0.0405466  -0.10475  0.728085
0.0380051 -0.110693      0.73  0.040645 -0.104795  0.728076
0.0380318 -0.110691      0.73 0.0407434  -0.10484  0.728068
0.0380583 -0.110689      0.73 0.0408417 -0.104886  0.728059
0.0380844 -0.110688      0.73 0.0409398 -0.104931   0.72805
0.0381103 -0.110686      0.73 0.0410378 -0.104976  0.728042
0.0381359 -0.110685      0.73 0.0411358 -0.105022  0.728033
0.0381613 -0.110683      0.73 0.0412336 -0.105067  0.728025
0.0381864 -0.110682      0.73 0.0413313 -0.105113  0.728017
0.0382112  -0.11068      0.73 0.0414289 -0.105158  0.728008
0.0382357 -0.110679      0.73 0.0415264 -0.105204     0.728
  0.03826 -0.110677      0.73 0.0416238  -0.10525  0.727993
 0.038284 -0.110676      0.73 0.0417211 -0.105295  0.727985
0.0383077 -0.110675      0.73 0.0418182 -0.105341  0.727977
0.0383312 -0.110673      0.73 0.0419153 -0.105387  0.727969
0.0383544 -0.110672      0.73 0.0420123 -0.105433  0.727962
0.0383773 -0.110671      0.73 0.0421091 -0.105479  0.727955
   0.0384 -0.110669      0.73 0.0422059 -0.105525  0.727947
0.0384224 -0.110668      0.73 0.0423025 -0.105571   0.72794
0.0384446 -0.110667      0.73 0.0423991 -0.105617  0.727933
0.0384665 -0.110665      0.73 0.0424955 -0.105663  0.727926
0.0384881 -0.110664      0.73 0.0425918 -0.105709  0.727919
0.0385095 -0.110663      0.73 0.0426881 -0.105755  0.727912
0.0385306 -0.110661      0.73 0.0427842 -0.105801  0.727905
0.0385515  -0.11066      0.73 0.0428802 -0.105848  0.727899
0.0385721 -0.110659      0.73 0.0429761 -0.105894  0.727892
0.0385925 -0.110658      0.73 0.0430717  -0.10594  0.727886
0.0386126 -0.110657      0.73 0.0431672 -0.105987   0.72788
0.0386325 -0.110655      0.73 0.0432625 -0.106033  0.727874
0.0386521 -0.110654      0.73 0.0433576  -0.10608  0.727868
0.0386714 -0.110653      0.73 0.0434526 -0.106126  0.727862
0.0386905 -0.110652      0.73 0.0435473 -0.106173  0.727856
0.0387094 -0.110651      0.73 0.0436419 -0.106219  0.727851
0.038728 -0.11065     0.73 0.0437363 -0.106266  0.727845
0.0387464 -0.110649      0.73 0.0438306 -0.106313   0.72784
0.0387645 -0.110648      0.73 0.0439247  -0.10636  0.727835
0.0387824 -0.110646      0.73 0.0440187 -0.106406   0.72783
   0.0388 -0.110645      0.73 0.0441126 -0.106453  0.727825
0.0388174 -0.110644      0.73 0.0442063   -0.1065   0.72782
0.0388346 -0.110643      0.73    0.0443 -0.106547  0.727815
0.0388515 -0.110642      0.73 0.0443935 -0.106594   0.72781
0.0388681 -0.110641      0.73  0.044487 -0.106641  0.727805
0.0388846  -0.11064      0.73 0.0445803 -0.106688    0.7278
0.0389008 -0.110639      0.73 0.0446736 -0.106735  0.727796
0.0389168 -0.110639      0.73 0.0447667 -0.106782  0.727791
0.0389325 -0.110638      0.73 0.0448598 -0.106829  0.727787
 0.038948 -0.110637      0.73 0.0449529 -0.106877  0.727782
0.0389633 -0.110636      0.73 0.0450458 -0.106924  0.727778
0.0389783 -0.110635      0.73 0.0451387 -0.106971  0.727773
0.0389931 -0.110634      0.73 0.0452316 -0.107019  0.727769
0.0390077 -0.110633      0.73 0.0453243 -0.107067  0.727764
0.0390221 -0.110632      0.73  0.045417 -0.107114   0.72776
0.0390362 -0.110631      0.73 0.0455097 -0.107162  0.727756
0.0390502 -0.110631      0.73 0.0456023  -0.10721  0.727751
0.0390639  -0.11063      0.73 0.0456949 -0.107258  0.727747
0.0390773 -0.110629      0.73 0.0457874 -0.107306  0.727743
0.0390906 -0.110628      0.73 0.0458799 -0.107354  0.727738
0.0391036 -0.110627      0.73 0.0459724 -0.107402  0.727734
0.0391164 -0.110627      0.73 0.0460648  -0.10745   0.72773
0.0391291 -0.110626      0.73 0.0461572 -0.107498  0.727726
0.0391414 -0.110625      0.73 0.0462496 -0.107547  0.727721
0.0391536 -0.110624      0.73 0.0463419 -0.107595  0.727717
0.0391656 -0.110624      0.73 0.0464343 -0.107643  0.727713
0.0391774 -0.110623      0.73 0.0465266 -0.107692  0.727709
0.0391889 -0.110622      0.73 0.0466188  -0.10774  0.727705
0.0392003 -0.110622      0.73 0.0467111 -0.107789    0.7277
0.0392114 -0.110621      0.73 0.0468033 -0.107837  0.727696
0.0392223  -0.11062      0.73 0.0468955 -0.107886  0.727692
0.0392331  -0.11062      0.73 0.0469877 -0.107935  0.727688
0.0392436 -0.110619      0.73 0.0470799 -0.107983  0.727684
0.0392539 -0.110619      0.73 0.0471721 -0.108032  0.727679
0.0392641 -0.110618      0.73 0.0472642 -0.108081  0.727675
 0.039274 -0.110617      0.73 0.0473563  -0.10813  0.727671
0.0392838 -0.110617      0.73 0.0474485 -0.108179  0.727667
0.0392933 -0.110616      0.73 0.0475406 -0.108228  0.727662
0.0393027 -0.110616      0.73 0.0476327 -0.108277  0.727658
0.0393119 -0.110615      0.73 0.0477248 -0.108326  0.727654
0.0393208 -0.110615      0.73 0.0478169 -0.108375   0.72765
0.0393296 -0.110614      0.73 0.0479089 -0.108424  0.727645
0.0393383 -0.110614      0.73  0.048001 -0.108473  0.727641
0.0393467 -0.110613      0.73 0.0480931 -0.108522  0.727637
 0.039355 -0.110613      0.73 0.0481851 -0.108572  0.727632
 0.039363 -0.110612      0.73 0.0482771 -0.108621  0.727628
0.0393709 -0.110612      0.73 0.0483691  -0.10867  0.727624
0.0393786 -0.110611      0.73 0.0484611  -0.10872  0.727619
0.0393862 -0.110611      0.73 0.0485531 -0.108769  0.727615
0.0393936  -0.11061      0.73  0.048645 -0.108819  0.727611
0.0394008  -0.11061      0.73 0.0487369 -0.108868  0.727606
0.0394078 -0.110609      0.73 0.0488288 -0.108918  0.727602
0.0394147 -0.110609      0.73 0.0489207 -0.108967  0.727597
0.0394213 -0.110609      0.73 0.0490125 -0.109017  0.727593
0.0394279 -0.110608      0.73 0.0491044 -0.109067  0.727588
0.0394343 -0.110608      0.73 0.0491962 -0.109116  0.727584
0.0394405 -0.110607      0.73 0.0492879 -0.109166  0.727579
0.0394465 -0.110607      0.73 0.0493796 -0.109216  0.727575
0.0394524 -0.110607      0.73 0.0494713 -0.109266   0.72757
0.0394582 -0.110606      0.73  0.049563 -0.109316  0.727565
0.0394638 -0.110606      0.73 0.0496546 -0.109366  0.727561
0.0394692 -0.110606      0.73 0.0497462 -0.109416  0.727556
0.0394745 -0.110605      0.73 0.0498378 -0.109466  0.727551
0.0394796 -0.110605      0.73 0.0499293 -0.109516  0.727547
0.0394846 -0.110605      0.73 0.0500208 -0.109566  0.727542
0.0394895 -0.110605      0.73 0.0501122 -0.109617  0.727537
0.0394942 -0.110604      0.73 0.0502036 -0.109667  0.727532
0.0394988 -0.110604      0.73  0.050295 -0.109717  0.727527
0.0395032 -0.110604      0.73 0.0503863 -0.109768  0.727522
0.0395076 -0.110603      0.73 0.0504775 -0.109818  0.727517
0.0395117 -0.110603      0.73 0.0505688 -0.109869  0.727512
0.0395158 -0.110603      0.73   0.05066 -0.109919  0.727507
0.0395197 -0.110603      0.73 0.0507511  -0.10997  0.727502
0.0395235 -0.110603      0.73 0.0508422 -0.110021  0.727497
0.0395271 -0.110602      0.73 0.0509332 -0.110071  0.727492
0.0395307 -0.110602      0.73 0.0510242 -0.110122  0.727487
0.0395341 -0.110602      0.73 0.0511152 -0.110173  0.727482
0.0395374 -0.110602      0.73 0.0512061 -0.110224  0.727477
0.0395406 -0.110602      0.73 0.0512969 -0.110275  0.727471
0.0395437 -0.110601      0.73 0.0513877 -0.110326  0.727466
0.0395466 -0.110601      0.73 0.0514784 -0.110377  0.727461
0.0395495 -0.110601      0.73 0.0515691 -0.110428  0.727455
0.0395523 -0.110601      0.73 0.0516598 -0.110479   0.72745
0.0395549 -0.110601      0.73 0.0517503 -0.110531  0.727444
0.0395574 -0.110601      0.73 0.0518409 -0.110582  0.727439
0.0395599   -0.1106      0.73 0.0519313 -0.110633  0.727433
0.0395622   -0.1106      0.73 0.0520217 -0.110685  0.727428
0.0395645   -0.1106      0.73 0.0521121 -0.110736  0.727422
0.0395666   -0.1106      0.73 0.0522024 -0.110788  0.727416
0.0395687   -0.1106      0.73 0.0522926  -0.11084  0.727411
0.0395707   -0.1106      0.73 0.0523828 -0.110891  0.727405
0.0395726   -0.1106      0.73 0.0524729 -0.110943  0.727399
0.0395744   -0.1106      0.73 0.0525629 -0.110995  0.727393
0.0395761 -0.110599      0.73 0.0526529 -0.111046  0.727387
0.0395777 -0.110599      0.73 0.0527429 -0.111098  0.727381
0.0395793 -0.110599      0.73 0.0528327  -0.11115  0.727375
0.0395808 -0.110599      0.73 0.0529225 -0.111202  0.727369
0.0395822 -0.110599      0.73 0.0530123 -0.111254  0.727363
0.0395836 -0.110599      0.73 0.0531019 -0.111306  0.727357
0.0395849 -0.110599      0.73 0.0531915 -0.111358  0.727351
0.0395861 -0.110599      0.73 0.0532811  -0.11141  0.727344
0.0395872 -0.110599      0.73 0.0533705 -0.111462  0.727338
0.0395883 -0.110599      0.73 0.0534599 -0.111515  0.727332
0.0395894 -0.110599      0.73 0.0535493 -0.111567  0.727325
0.0395904 -0.110599      0.73 0.0536385 -0.111619  0.727319
0.0395913 -0.110598      0.73 0.0537277 -0.111672  0.727313
0.0395922 -0.110598      0.73 0.0538168 -0.111724  0.727306
 0.039593 -0.110598      0.73 0.0539059 -0.111777    0.7273
0.0395938 -0.110598      0.73 0.0539948 -0.111829  0.727293
0.0395946 -0.110598      0.73 0.0540837 -0.111882  0.727286
0.0395953 -0.110598      0.73 0.0541726 -0.111935   0.72728
 0.039596 -0.110598      0.73 0.0542613 -0.111988  0.727273
0.0395966 -0.110598      0.73   0.05435 -0.112041  0.727266
0.0395972 -0.110598      0.73 0.0544385 -0.112094   0.72726
0.0395978 -0.110598      0.73 0.0545271 -0.112147  0.727253
0.0395984 -0.110598      0.73 0.0546155 -0.112201  0.727246
0.0395989 -0.110598      0.73 0.0547038 -0.112254  0.727239
0.0395995 -0.110598      0.73 0.0547921 -0.112308  0.727232
   0.0396 -0.110598      0.73 0.0548803 -0.112361  0.727225
0.0396005 -0.110598      0.73 0.0549684 -0.112415  0.727218
0.0396009 -0.110598      0.73 0.0550564 -0.112469  0.727211
0.0396014 -0.110598      0.73 0.0551443 -0.112523  0.727204
-0.0428762   0.116279       0.73 -0.0428762   0.116279   0.714041
-0.0428762   0.116279       0.73 -0.0428417   0.116227   0.714168
-0.0428762   0.116279       0.73 -0.0428065   0.116176   0.714295
-0.0428762   0.116279       0.73 -0.0427705   0.116124   0.714422
-0.0428762   0.116279       0.73 -0.0427337   0.116072    0.71455
-0.0428762   0.116279       0.73 -0.0426962   0.116019   0.714678
-0.0428761   0.116279       0.73 -0.0426578   0.115967   0.714805
-0.0428761   0.116279       0.73 -0.0426188   0.115914   0.714933
-0.042876  0.116279      0.73 -0.0425789   0.115861   0.715062
-0.0428759   0.116279       0.73 -0.0425383   0.115808    0.71519
-0.0428758   0.116279       0.73 -0.0424969   0.115755   0.715319
-0.0428757   0.116279       0.73 -0.0424547   0.115702   0.715447
-0.0428755   0.116279       0.73 -0.0424118   0.115648   0.715576
-0.0428753   0.116279       0.73 -0.042368  0.115594  0.715705
-0.042875  0.116279      0.73 -0.0423235    0.11554   0.715835
-0.0428748   0.116279       0.73 -0.0422781   0.115486   0.715964
-0.0428744   0.116279       0.73 -0.042232  0.115432  0.716094
-0.0428741   0.116279       0.73 -0.0421851   0.115377   0.716224
-0.0428737   0.116279       0.73 -0.0421373   0.115323   0.716354
-0.0428732   0.116279       0.73 -0.0420887   0.115268   0.716484
-0.0428727   0.116279       0.73 -0.0420394   0.115213   0.716615
-0.0428721   0.116279       0.73 -0.0419892   0.115158   0.716745
-0.0428715   0.116279       0.73 -0.0419381   0.115102   0.716876
-0.0428708   0.116279       0.73 -0.0418863   0.115047   0.717007
-0.0428701   0.116279       0.73 -0.0418336   0.114991   0.717138
-0.0428693   0.116279       0.73 -0.04178 0.114935  0.71727
-0.0428684   0.116279       0.73 -0.0417256    0.11488   0.717401
-0.0428674   0.116278       0.73 -0.0416703   0.114824   0.717533
-0.0428664   0.116278       0.73 -0.0416142   0.114767   0.717665
-0.0428653   0.116278       0.73 -0.0415571   0.114711   0.717797
-0.0428642   0.116278       0.73 -0.0414992   0.114655   0.717929
-0.0428629   0.116278       0.73 -0.0414404   0.114598   0.718061
-0.0428616   0.116278       0.73 -0.0413807   0.114541   0.718194
-0.0428602   0.116278       0.73 -0.0413201   0.114485   0.718326
-0.0428587   0.116278       0.73 -0.0412585   0.114428   0.718459
-0.0428571   0.116278       0.73 -0.041196  0.114371  0.718591
-0.0428554   0.116278       0.73 -0.0411326   0.114314   0.718724
-0.0428536   0.116277       0.73 -0.0410682   0.114257   0.718857
-0.0428517   0.116277       0.73 -0.0410029     0.1142   0.718989
-0.0428498   0.116277       0.73 -0.0409367   0.114143   0.719122
-0.0428477   0.116277       0.73 -0.0408694   0.114086   0.719255
-0.0428455   0.116277       0.73 -0.0408012   0.114029   0.719388
-0.0428432   0.116277       0.73 -0.040732  0.113972  0.719521
-0.0428408   0.116277       0.73 -0.0406619   0.113914   0.719654
-0.0428383   0.116276       0.73 -0.0405908   0.113857   0.719787
-0.0428357   0.116276       0.73 -0.0405186   0.113799    0.71992
-0.042833  0.116276      0.73 -0.0404455   0.113741   0.720053
-0.0428301   0.116276       0.73 -0.0403714   0.113683   0.720186
-0.0428272   0.116276       0.73 -0.0402963   0.113625    0.72032
-0.0428241   0.116275       0.73 -0.0402202   0.113566   0.720453
-0.0428209   0.116275       0.73 -0.040143  0.113508  0.720586
-0.0428175   0.116275       0.73 -0.0400649   0.113449   0.720719
-0.0428141   0.116275       0.73 -0.0399857    0.11339   0.720852
-0.0428105   0.116274       0.73 -0.0399055   0.113331   0.720984
-0.0428067   0.116274       0.73 -0.0398243   0.113271   0.721117
-0.0428028   0.116274       0.73 -0.039742  0.113212   0.72125
-0.0427988   0.116274       0.73 -0.0396587   0.113152   0.721382
-0.0427947   0.116273       0.73 -0.0395744   0.113092   0.721514
-0.0427904   0.116273       0.73 -0.0394891   0.113031   0.721647
-0.042786  0.116273      0.73 -0.0394027   0.112971   0.721779
-0.0427814   0.116272       0.73 -0.0393152    0.11291    0.72191
-0.0427766   0.116272       0.73 -0.0392268   0.112849   0.722042
-0.0427718   0.116272       0.73 -0.0391373   0.112788   0.722173
-0.0427667   0.116271       0.73 -0.0390467   0.112727   0.722304
-0.0427615   0.116271       0.73 -0.0389551   0.112665   0.722435
-0.0427562   0.116271       0.73 -0.0388625   0.112603   0.722566
-0.0427507    0.11627       0.73 -0.0387688   0.112541   0.722696
-0.042745   0.11627      0.73 -0.0386741   0.112478   0.722826
-0.0427392   0.116269       0.73 -0.0385784   0.112415   0.722956
-0.0427332   0.116269       0.73 -0.0384816   0.112352   0.723086
-0.042727  0.116268      0.73 -0.0383839   0.112289   0.723215
-0.0427207   0.116268       0.73 -0.0382851   0.112225   0.723344
-0.0427142   0.116268       0.73 -0.0381854   0.112161   0.723473
-0.0427075   0.116267       0.73 -0.0380848   0.112097   0.723602
-0.0427007   0.116267       0.73 -0.0379833   0.112032   0.723731
-0.0426937   0.116266       0.73 -0.0378812   0.111967    0.72386
-0.0426865   0.116266       0.73 -0.0377783   0.111902   0.723988
-0.0426791   0.116265       0.73 -0.0376748   0.111837   0.724117
-0.0426715   0.116265       0.73 -0.0375707   0.111771   0.724245
-0.0426637   0.116264       0.73 -0.0374661   0.111705   0.724374
-0.0426558   0.116263       0.73 -0.037361  0.111639  0.724502
-0.0426477   0.116263       0.73 -0.0372555   0.111572   0.724631
-0.0426394   0.116262       0.73 -0.0371497   0.111505   0.724759
-0.0426308   0.116262       0.73 -0.0370451   0.111434   0.724884
-0.0426221   0.116261       0.73 -0.0369432   0.111363   0.725005
-0.0426132    0.11626       0.73 -0.0368438   0.111292    0.72512
-0.0426041    0.11626       0.73 -0.0367472   0.111221   0.725232
-0.0425948   0.116259       0.73 -0.0366531   0.111151   0.725339
-0.0425853   0.116258       0.73 -0.0365617   0.111081   0.725442
-0.0425756   0.116258       0.73 -0.0364728   0.111012    0.72554
-0.0425657   0.116257       0.73 -0.0363864   0.110942   0.725636
-0.0425556   0.116256       0.73 -0.0363024   0.110873   0.725727
-0.0425453   0.116256       0.73 -0.0362207   0.110805   0.725815
-0.0425347   0.116255       0.73 -0.0361413   0.110736     0.7259
-0.042524  0.116254      0.73 -0.0360641   0.110668   0.725981
-0.042513  0.116253      0.73 -0.035989    0.1106   0.72606
-0.0425019   0.116252       0.73 -0.0359159   0.110533   0.726135
-0.0424905   0.116252       0.73 -0.0358448   0.110465   0.726208
-0.0424788   0.116251       0.73 -0.0357756   0.110398   0.726278
-0.042467   0.11625      0.73 -0.0357081   0.110332   0.726345
-0.042455  0.116249      0.73 -0.0356424   0.110265    0.72641
-0.0424427   0.116248       0.73 -0.0355783   0.110199   0.726473
-0.0424302   0.116247       0.73 -0.0355157   0.110133   0.726533
-0.0424174   0.116246       0.73 -0.0354547   0.110067   0.726591
-0.0424045   0.116246       0.73 -0.035395  0.110001  0.726646
-0.0423913   0.116245       0.73 -0.0353366   0.109936     0.7267
-0.0423779   0.116244       0.73 -0.0352796   0.109871   0.726751
-0.0423642   0.116243       0.73 -0.0352236   0.109806   0.726801
-0.0423503   0.116242       0.73 -0.0351687   0.109741   0.726849
-0.0423362   0.116241       0.73 -0.0351149   0.109676   0.726895
-0.0423218    0.11624       0.73 -0.0350619   0.109612   0.726939
-0.0423072   0.116239       0.73 -0.0350098   0.109547   0.726981
-0.0422923   0.116238       0.73 -0.0349567   0.109483   0.727021
-0.0422772   0.116236       0.73 -0.0349027    0.10942   0.727059
-0.0422619   0.116235       0.73 -0.0348478   0.109357   0.727095
-0.0422463   0.116234       0.73 -0.034792  0.109295  0.727129
-0.0422305   0.116233       0.73 -0.0347353   0.109234   0.727161
-0.0422144   0.116232       0.73 -0.0346779   0.109172   0.727191
-0.0421981   0.116231       0.73 -0.0346197   0.109112    0.72722
-0.0421815    0.11623       0.73 -0.0345606   0.109051   0.727247
-0.0421647   0.116228       0.73 -0.0345006   0.108991   0.727272
-0.0421476   0.116227       0.73 -0.0344397   0.108931   0.727296
-0.0421302   0.116226       0.73 -0.0343779   0.108871   0.727319
-0.0421126   0.116225       0.73 -0.0343153   0.108812    0.72734
-0.0420947   0.116224       0.73 -0.0342519   0.108752    0.72736
-0.0420766   0.116222       0.73 -0.0341877   0.108693   0.727379
-0.0420582   0.116221       0.73 -0.0341227   0.108634   0.727397
-0.0420396    0.11622       0.73 -0.034057  0.108575  0.727415
-0.0420207   0.116218       0.73 -0.0339906   0.108516   0.727431
-0.0420015   0.116217       0.73 -0.0339234   0.108457   0.727446
-0.041982  0.116216      0.73 -0.0338556   0.108399   0.727461
-0.0419623   0.116214       0.73 -0.0337871    0.10834   0.727474
-0.0419423   0.116213       0.73 -0.0337179   0.108282   0.727488
-0.0419221   0.116211       0.73 -0.0336481   0.108224     0.7275
-0.0419015    0.11621       0.73 -0.0335777   0.108166   0.727512
-0.0418807   0.116208       0.73 -0.0335066   0.108108   0.727523
-0.0418597   0.116207       0.73 -0.033435  0.108051  0.727534
-0.0418383   0.116205       0.73 -0.0333627   0.107993   0.727545
-0.0418167   0.116204       0.73 -0.03329 0.107936 0.727555
-0.0417948   0.116202       0.73 -0.0332167   0.107879   0.727565
-0.0417726   0.116201       0.73 -0.0331428   0.107822   0.727574
-0.0417501   0.116199       0.73 -0.0330685   0.107765   0.727584
-0.0417274   0.116197       0.73 -0.0329936   0.107708   0.727593
-0.0417043   0.116196       0.73 -0.0329181   0.107652   0.727601
-0.041681  0.116194      0.73 -0.0328421   0.107595    0.72761
-0.0416574   0.116192       0.73 -0.0327656   0.107539   0.727618
-0.0416335   0.116191       0.73 -0.0326886   0.107483   0.727626
-0.0416093   0.116189       0.73 -0.0326111   0.107427   0.727634
-0.0415849   0.116187       0.73 -0.0325331   0.107371   0.727642
-0.0415601   0.116186       0.73 -0.0324546   0.107316   0.727649
-0.041535  0.116184      0.73 -0.0323757    0.10726   0.727657
-0.0415097   0.116182       0.73 -0.0322962   0.107205   0.727664
-0.0414841    0.11618       0.73 -0.0322163    0.10715   0.727671
-0.0414581   0.116178       0.73 -0.032136  0.107095  0.727679
-0.0414319   0.116176       0.73 -0.0320552    0.10704   0.727686
-0.0414054   0.116175       0.73 -0.031974  0.106986  0.727693
-0.0413786   0.116173       0.73 -0.0318923   0.106932     0.7277
-0.0413515   0.116171       0.73 -0.0318103   0.106877   0.727707
-0.0413241   0.116169       0.73 -0.0317279   0.106824   0.727714
-0.0412964   0.116167       0.73 -0.031645   0.10677  0.727721
-0.0412684   0.116165       0.73 -0.0315618   0.106716   0.727728
-0.04124 0.116163     0.73 -0.0314783   0.106663   0.727735
-0.0412114   0.116161       0.73 -0.0313943    0.10661   0.727742
-0.0411825   0.116159       0.73 -0.03131 0.106557 0.727749
-0.0411533   0.116157       0.73 -0.0312255   0.106504   0.727757
-0.0411238   0.116154       0.73 -0.0311405   0.106451   0.727764
-0.041094  0.116152      0.73 -0.0310553   0.106399   0.727772
-0.0410638    0.11615       0.73 -0.0309698   0.106347   0.727779
-0.0410334   0.116148       0.73 -0.030884  0.106294  0.727787
-0.0410026   0.116146       0.73 -0.0307979   0.106243   0.727795
-0.0409716   0.116144       0.73 -0.0307115   0.106191   0.727803
-0.0409402   0.116141       0.73 -0.0306249   0.106139   0.727812
-0.0409085   0.116139       0.73 -0.0305381   0.106088    0.72782
-0.0408766   0.116137       0.73 -0.0304509   0.106037   0.727829
-0.0408443   0.116135       0.73 -0.0303636   0.105986   0.727838
-0.0408117   0.116132       0.73 -0.030276  0.105935  0.727847
-0.0407788    0.11613       0.73 -0.0301881   0.105885   0.727856
-0.0407455   0.116128       0.73  -0.0301 0.105835 0.727865
-0.040712  0.116125      0.73 -0.0300117   0.105784   0.727875
-0.0406781   0.116123       0.73 -0.0299232   0.105735   0.727885
-0.040644   0.11612      0.73 -0.0298344   0.105685   0.727895
-0.0406095   0.116118       0.73 -0.0297455   0.105636   0.727906
-0.0405747   0.116115       0.73 -0.0296564   0.105587   0.727916
-0.0405396   0.116113       0.73 -0.0295671   0.105538   0.727927
-0.0405042    0.11611       0.73 -0.0294776    0.10549   0.727939
-0.0404685   0.116108       0.73 -0.029388  0.105441  0.727951
-0.0404324   0.116105       0.73 -0.0292982   0.105393   0.727963
-0.040396  0.116103      0.73 -0.0292082   0.105346   0.727975
-0.0403594     0.1161       0.73 -0.0291181   0.105298   0.727988
-0.0403224   0.116097       0.73 -0.0290278   0.105251   0.728001
-0.040285  0.116095      0.73 -0.0289374   0.105204   0.728015
-0.0402474   0.116092       0.73 -0.0288468   0.105158   0.728029
-0.0402095   0.116089       0.73 -0.028756  0.105111  0.728043
-0.0401712   0.116087       0.73 -0.0286651   0.105065   0.728058
-0.0401326   0.116084       0.73 -0.028574  0.105019  0.728073
-0.0400937   0.116081       0.73 -0.0284828   0.104973   0.728088
-0.0400545   0.116078       0.73 -0.0283914   0.104928   0.728104
-0.040015  0.116076      0.73 -0.0282999   0.104883    0.72812
-0.0399751   0.116073       0.73 -0.0282082   0.104838   0.728136
-0.039935   0.11607      0.73 -0.0281164   0.104793   0.728153
-0.0398945   0.116067       0.73 -0.0280244   0.104748    0.72817
-0.0398537   0.116064       0.73 -0.0279323   0.104704   0.728187
-0.0398126   0.116061       0.73 -0.02784  0.10466 0.728205
-0.0397711   0.116058       0.73 -0.0277476   0.104616   0.728223
-0.0397294   0.116055       0.73 -0.0276551   0.104572   0.728241
-0.0396873   0.116052       0.73 -0.0275624   0.104528    0.72826
-0.0396449   0.116049       0.73 -0.0274696   0.104485   0.728278
-0.0396023   0.116046       0.73 -0.0273766   0.104442   0.728297
-0.0395592   0.116043       0.73 -0.0272835   0.104399   0.728317
-0.0395159    0.11604       0.73 -0.0271903   0.104356   0.728336
-0.0394723   0.116037       0.73 -0.0270969   0.104313   0.728356
-0.0394283   0.116034       0.73 -0.0270034   0.104271   0.728376
-0.039384  0.116031      0.73 -0.0269098   0.104228   0.728397
-0.0393394   0.116028       0.73 -0.026816  0.104186  0.728417
-0.0392945   0.116024       0.73 -0.0267221   0.104144   0.728438
-0.0392493   0.116021       0.73 -0.0266281   0.104102   0.728459
-0.0392038   0.116018       0.73 -0.0265339   0.104061    0.72848
-0.0391579   0.116015       0.73 -0.0264396   0.104019   0.728502
-0.0391118   0.116011       0.73 -0.0263452   0.103978   0.728523
-0.0390653   0.116008       0.73 -0.0262507   0.103937   0.728545
-0.0390185   0.116005       0.73 -0.026156  0.103896  0.728567
-0.0389714   0.116001       0.73 -0.0260612   0.103855   0.728589
-0.038924  0.115998      0.73 -0.0259662   0.103814   0.728612
-0.0388763   0.115995       0.73 -0.0258712   0.103773   0.728634
-0.0388283   0.115991       0.73 -0.025776  0.103733  0.728657
-0.03878 0.115988     0.73 -0.0256807   0.103692    0.72868
-0.0387313   0.115984       0.73 -0.0255852   0.103652   0.728703
-0.0386824   0.115981       0.73 -0.0254896   0.103612   0.728726
-0.0386331   0.115977       0.73 -0.025394  0.103572  0.728749
-0.0385835   0.115974       0.73 -0.0252981   0.103532   0.728773
-0.0385336    0.11597       0.73 -0.0252022   0.103493   0.728796
-0.0384834   0.115967       0.73 -0.0251061   0.103453    0.72882
-0.0384329   0.115963       0.73 -0.02501 0.103413 0.728844
-0.0383821    0.11596       0.73 -0.0249137   0.103374   0.728867
-0.038331  0.115956      0.73 -0.0248173   0.103335   0.728891
-0.0382796   0.115952       0.73 -0.0247207   0.103296   0.728916
-0.0382278   0.115949       0.73 -0.0246241   0.103257    0.72894
-0.0381758   0.115945       0.73 -0.0245273   0.103218   0.728964
-0.0381235   0.115941       0.73 -0.0244305   0.103179   0.728988
-0.0380708   0.115937       0.73 -0.0243335    0.10314   0.729013
-0.0380179   0.115934       0.73 -0.0242365   0.103102   0.729037
-0.0379646    0.11593       0.73 -0.0241393   0.103063   0.729062
-0.037911  0.115926      0.73 -0.024042  0.103025  0.729086
-0.0378572   0.115922       0.73 -0.0239446   0.102987   0.729111
-0.037803  0.115918      0.73 -0.0238471   0.102949   0.729136
-0.0377485   0.115914       0.73 -0.0237494   0.102911   0.729161
-0.0376937   0.115911       0.73 -0.0236517   0.102873   0.729186
-0.0376387   0.115907       0.73 -0.0235539   0.102835   0.729211
-0.0375833   0.115903       0.73 -0.023456  0.102797  0.729235
-0.0375276   0.115899       0.73 -0.023358   0.10276   0.72926
-0.0374716   0.115895       0.73 -0.0232599   0.102722   0.729285
-0.0374153   0.115891       0.73 -0.0231617   0.102685   0.729311
-0.0373587   0.115887       0.73 -0.0230633   0.102648   0.729336
-0.0373018   0.115883       0.73 -0.0229649   0.102611   0.729361
-0.0372445   0.115879       0.73 -0.0228664   0.102574   0.729386
-0.037187  0.115875      0.73 -0.0227678   0.102537   0.729411
-0.0371292    0.11587       0.73 -0.0226691   0.102501   0.729436
-0.0370711   0.115866       0.73 -0.0225703   0.102464   0.729461
-0.0370126   0.115862       0.73 -0.0224713   0.102428   0.729486
-0.0369539   0.115858       0.73 -0.0223723   0.102392   0.729511
-0.0368949   0.115854       0.73 -0.0222732   0.102355   0.729537
-0.0368355    0.11585       0.73 -0.022174  0.102319  0.729562
-0.0367759   0.115845       0.73 -0.0220747   0.102284   0.729587
-0.0367159   0.115841       0.73 -0.0219754   0.102248   0.729612
-0.0366557   0.115837       0.73 -0.0218759   0.102212   0.729637
-0.0365951   0.115832       0.73 -0.0217763   0.102177   0.729662
-0.0365343   0.115828       0.73 -0.0216766   0.102142   0.729687
-0.0364731   0.115824       0.73 -0.0215768   0.102106   0.729712
-0.0364116   0.115819       0.73 -0.021477  0.102071  0.729737
-0.0363498   0.115815       0.73 -0.021377  0.102037  0.729762
-0.0362877   0.115811       0.73 -0.021277  0.102002  0.729787
-0.0362254   0.115806       0.73 -0.0211768   0.101967   0.729812
-0.0361627   0.115802       0.73 -0.0210766   0.101933   0.729837
-0.0360996   0.115797       0.73 -0.0209762   0.101899   0.729862
-0.0360363   0.115793       0.73 -0.0208758   0.101864   0.729887
-0.0359727   0.115788       0.73 -0.0207753    0.10183   0.729911
-0.0359088   0.115784       0.73 -0.0206747   0.101797   0.729936
-0.0358445   0.115779       0.73 -0.020574  0.101763  0.729961
-0.03578 0.115775     0.73 -0.0204732   0.101729   0.729985
-0.0357151    0.11577       0.73 -0.0203723   0.101696    0.73001
-0.03565 0.115765     0.73 -0.0202713   0.101662   0.730035
-0.0355845   0.115761       0.73 -0.0201702   0.101629   0.730059
-0.0355187   0.115756       0.73 -0.0200691   0.101596   0.730083
-0.0354526   0.115751       0.73 -0.0199678   0.101563   0.730108
-0.0353862   0.115747       0.73 -0.0198664   0.101531   0.730132
-0.0353195   0.115742       0.73 -0.019765  0.101498  0.730156
-0.0352525   0.115737       0.73 -0.0196635   0.101466    0.73018
-0.0351852   0.115732       0.73 -0.0195618   0.101433   0.730204
-0.0351175   0.115727       0.73 -0.0194601   0.101401   0.730228
-0.0350496   0.115723       0.73 -0.0193583   0.101369   0.730252
-0.0349813   0.115718       0.73 -0.0192564   0.101337   0.730276
-0.0349127   0.115713       0.73 -0.0191543   0.101305     0.7303
-0.0348438   0.115708       0.73 -0.0190522   0.101273   0.730324
-0.0347746   0.115703       0.73 -0.01895 0.101242 0.730347
-0.0347051   0.115698       0.73 -0.0188477    0.10121   0.730371
-0.0346353   0.115693       0.73 -0.0187453   0.101179   0.730394
-0.0345651   0.115688       0.73 -0.0186429   0.101148   0.730418
-0.0344947   0.115683       0.73 -0.0185403   0.101117   0.730441
-0.0344239   0.115678       0.73 -0.0184376   0.101086   0.730464
-0.0343528   0.115673       0.73 -0.0183348   0.101055   0.730487
-0.0342814   0.115668       0.73 -0.018232  0.101024   0.73051
-0.0342097   0.115663       0.73 -0.018129  0.100994  0.730533
-0.0341377   0.115658       0.73 -0.0180259   0.100963   0.730556
-0.0340653   0.115653       0.73 -0.0179228   0.100933   0.730579
-0.0339926   0.115647       0.73 -0.0178195   0.100903   0.730602
-0.0339197   0.115642       0.73 -0.0177161   0.100873   0.730624
-0.0338464   0.115637       0.73 -0.0176127   0.100843   0.730647
-0.0337728   0.115632       0.73 -0.0175091   0.100813   0.730669
-0.0336989   0.115627       0.73 -0.0174055   0.100783   0.730692
-0.0336246   0.115621       0.73 -0.0173017   0.100754   0.730714
-0.0335501   0.115616       0.73 -0.0171978   0.100724   0.730736
-0.0334752   0.115611       0.73 -0.0170939   0.100695   0.730758
 -0.0334 0.115605     0.73 -0.0169898   0.100665    0.73078
-0.0333245     0.1156       0.73 -0.0168857   0.100636   0.730802
-0.0332487   0.115595       0.73 -0.0167815   0.100607   0.730824
-0.0331726   0.115589       0.73 -0.0166771   0.100578   0.730846
-0.0330962   0.115584       0.73 -0.0165727   0.100549   0.730867
-0.0330194   0.115578       0.73 -0.0164681   0.100521   0.730889
-0.0329424   0.115573       0.73 -0.0163635   0.100492    0.73091
-0.032865  0.115567      0.73 -0.0162587   0.100464   0.730932
-0.0327873   0.115562       0.73 -0.0161539   0.100435   0.730953
-0.0327093   0.115556       0.73 -0.016049  0.100407  0.730974
-0.0326309   0.115551       0.73 -0.0159439   0.100379   0.730995
-0.0325523   0.115545       0.73 -0.0158388   0.100351   0.731016
-0.0324733   0.115539       0.73 -0.0157335   0.100323   0.731037
-0.0323941   0.115534       0.73 -0.0156282   0.100296   0.731057
-0.0323145   0.115528       0.73 -0.0155228   0.100268   0.731078
-0.0322346   0.115522       0.73 -0.0154173   0.100241   0.731099
-0.0321544   0.115517       0.73 -0.0153117   0.100213   0.731119
-0.0320739   0.115511       0.73 -0.0152059   0.100186   0.731139
-0.0319931   0.115505       0.73 -0.0151001   0.100159    0.73116
-0.0319119   0.115499       0.73 -0.0149942   0.100132    0.73118
-0.0318305   0.115494       0.73 -0.0148882   0.100105     0.7312
-0.0317487   0.115488       0.73 -0.0147821   0.100078    0.73122
-0.0316666   0.115482       0.73 -0.0146759   0.100052   0.731239
-0.0315842   0.115476       0.73 -0.0145696   0.100025   0.731259
-0.0315016    0.11547       0.73 -0.0144632  0.0999991   0.731279
-0.0314185   0.115464       0.73 -0.0143567  0.0999729   0.731298
-0.0313352   0.115458       0.73 -0.0142502  0.0999468   0.731318
-0.0312516   0.115453       0.73 -0.0141435  0.0999209   0.731337
-0.0311677   0.115447       0.73 -0.0140367  0.0998951   0.731356
-0.0310834   0.115441       0.73 -0.0139298  0.0998694   0.731375
-0.0309989   0.115435       0.73 -0.0138228  0.0998438   0.731394
-0.030914  0.115429      0.73 -0.0137158  0.0998184   0.731413
-0.0308289   0.115422       0.73 -0.0136086  0.0997931   0.731432
-0.0307434   0.115416       0.73 -0.0135014  0.0997679    0.73145
-0.0306577    0.11541       0.73 -0.013394 0.0997429  0.731469
-0.0305716   0.115404       0.73 -0.0132866   0.099718   0.731487
-0.0304852   0.115398       0.73 -0.013179 0.0996932  0.731506
-0.0303985   0.115392       0.73 -0.0130714  0.0996686   0.731524
-0.0303115   0.115386       0.73 -0.0129637  0.0996441   0.731542
-0.0302243   0.115379       0.73 -0.0128559  0.0996197    0.73156
-0.0301367   0.115373       0.73 -0.0127479  0.0995955   0.731578
-0.0300488   0.115367       0.73 -0.0126399  0.0995714   0.731596
-0.0299606   0.115361       0.73 -0.0125318  0.0995474   0.731614
-0.0298721   0.115354       0.73 -0.0124236  0.0995235   0.731631
-0.0297833   0.115348       0.73 -0.0123153  0.0994998   0.731649
-0.0296942   0.115342       0.73 -0.0122069  0.0994763   0.731666
-0.0296048   0.115335       0.73 -0.0120984  0.0994528   0.731684
-0.0295152   0.115329       0.73 -0.0119899  0.0994295   0.731701
-0.0294252   0.115323       0.73 -0.0118812  0.0994063   0.731718
-0.0293349   0.115316       0.73 -0.0117724  0.0993833   0.731735
-0.0292443    0.11531       0.73 -0.0116636  0.0993604   0.731752
-0.0291535   0.115303       0.73 -0.0115546  0.0993376   0.731769
-0.0290623   0.115297       0.73 -0.0114456  0.0993149   0.731785
-0.0289708    0.11529       0.73 -0.0113365  0.0992924   0.731802
-0.0288791   0.115284       0.73 -0.0112272    0.09927   0.731818
-0.0287871   0.115277       0.73 -0.0111179  0.0992478   0.731835
-0.0286947   0.115271       0.73 -0.0110085  0.0992257   0.731851
-0.0286021   0.115264       0.73 -0.010899 0.0992037  0.731867
-0.0285092   0.115258       0.73 -0.0107894  0.0991818   0.731883
-0.028416  0.115251      0.73 -0.0106797  0.0991601   0.731899
-0.0283225   0.115244       0.73 -0.0105699  0.0991385   0.731915
-0.0282288   0.115238       0.73 -0.01046 0.099117 0.731931
-0.0281347   0.115231       0.73  -0.01035 0.0990957  0.731946
-0.0280404   0.115224       0.73  -0.01024 0.0990745  0.731962
-0.0279457   0.115217       0.73 -0.0101298  0.0990535   0.731977
-0.0278508   0.115211       0.73 -0.0100195  0.0990325   0.731993
-0.0277556   0.115204       0.73 -0.0099092  0.0990117   0.732008
-0.0276602   0.115197       0.73 -0.00979876    0.098991    0.732023
-0.0275644    0.11519       0.73 -0.00968822   0.0989705    0.732038
-0.0274684   0.115184       0.73 -0.0095776  0.0989501   0.732053
-0.0273721   0.115177       0.73 -0.00946688   0.0989298    0.732068
-0.0272755    0.11517       0.73 -0.00935606   0.0989097    0.732083
-0.0271786   0.115163       0.73 -0.00924517   0.0988896    0.732097
-0.0270814   0.115156       0.73 -0.00913418   0.0988697    0.732112
-0.026984  0.115149      0.73 -0.00902306     0.09885    0.732126
-0.0268863   0.115142       0.73 -0.00891188   0.0988303     0.73214
-0.0267883   0.115135       0.73 -0.0088006  0.0988108   0.732155
-0.0266901   0.115128       0.73 -0.00868923   0.0987915    0.732169
-0.0265916   0.115121       0.73 -0.00857777   0.0987722    0.732183
-0.0264928   0.115114       0.73 -0.0084662  0.0987531   0.732197
-0.0263937   0.115107       0.73 -0.00835457   0.0987341     0.73221
-0.0262944     0.1151       0.73 -0.00824283   0.0987153    0.732224
-0.0261948   0.115093       0.73 -0.00813099   0.0986966    0.732238
-0.0260949   0.115086       0.73 -0.00801908    0.098678    0.732251
-0.0259948   0.115079       0.73 -0.00790705   0.0986595    0.732265
-0.0258944   0.115072       0.73 -0.00779493   0.0986412    0.732278
-0.0257937   0.115064       0.73 -0.00768273   0.0986229    0.732291
-0.0256928   0.115057       0.73 -0.00757043   0.0986049    0.732304
-0.0255916    0.11505       0.73 -0.00745803   0.0985869    0.732317
-0.0254902   0.115043       0.73 -0.00734556   0.0985691     0.73233
-0.0253884   0.115036       0.73 -0.00723296   0.0985514    0.732343
-0.0252865   0.115028       0.73 -0.00712031   0.0985338    0.732355
-0.0251842   0.115021       0.73 -0.00700755   0.0985164    0.732368
-0.0250817   0.115014       0.73 -0.00689468   0.0984991    0.732381
-0.024979  0.115007      0.73 -0.00678173   0.0984819    0.732393
-0.024876  0.114999      0.73 -0.00666869   0.0984649    0.732405
-0.0247727   0.114992       0.73 -0.00655556    0.098448    0.732417
-0.0246692   0.114985       0.73 -0.00644233   0.0984312     0.73243
-0.0245655   0.114977       0.73 -0.00632901   0.0984145    0.732441
-0.0244614    0.11497       0.73 -0.00621561    0.098398    0.732453
-0.0243572   0.114962       0.73 -0.00610208   0.0983815    0.732465
-0.0242527   0.114955       0.73 -0.00598849   0.0983653    0.732477
-0.0241479   0.114947       0.73 -0.00587481   0.0983491    0.732488
-0.0240429    0.11494       0.73 -0.00576102   0.0983331      0.7325
-0.0239376   0.114932       0.73 -0.00564715   0.0983172    0.732511
-0.0238321   0.114925       0.73 -0.00553317   0.0983014    0.732523
-0.0237264   0.114917       0.73 -0.00541912   0.0982858    0.732534
-0.0236204    0.11491       0.73 -0.00530497   0.0982703    0.732545
-0.0235141   0.114902       0.73 -0.00519072   0.0982549    0.732556
-0.0234076   0.114895       0.73 -0.00507636   0.0982396    0.732567
-0.0233009   0.114887       0.73 -0.00496195   0.0982245    0.732578
-0.023194   0.11488      0.73 -0.00484742   0.0982095    0.732588
-0.0230868   0.114872       0.73 -0.0047328  0.0981946   0.732599
-0.0229793   0.114864       0.73 -0.00461807   0.0981799     0.73261
-0.0228717   0.114857       0.73 -0.00450328   0.0981653     0.73262
-0.0227638   0.114849       0.73 -0.00438839   0.0981508     0.73263
-0.0226556   0.114841       0.73 -0.0042734  0.0981364   0.732641
-0.0225473   0.114834       0.73 -0.00415831   0.0981222    0.732651
-0.0224387   0.114826       0.73 -0.00404314   0.0981081    0.732661
-0.0223298   0.114818       0.73 -0.00392788   0.0980941    0.732671
-0.0222208    0.11481       0.73 -0.00381253   0.0980803    0.732681
-0.0221115   0.114803       0.73 -0.00369707   0.0980666     0.73269
-0.022002  0.114795      0.73 -0.00358152    0.098053      0.7327
-0.0218922   0.114787       0.73 -0.00346589   0.0980395     0.73271
-0.0217822   0.114779       0.73 -0.00335018   0.0980262    0.732719
-0.0216721   0.114771       0.73 -0.00323436    0.098013    0.732728
-0.0215616   0.114764       0.73 -0.00311843   0.0979999    0.732738
-0.021451  0.114756      0.73 -0.00300244   0.0979869    0.732747
-0.0213401   0.114748       0.73 -0.00288633   0.0979741    0.732756
-0.0212291    0.11474       0.73 -0.00277014   0.0979614    0.732765
-0.0211178   0.114732       0.73 -0.00265386   0.0979488    0.732774
-0.0210063   0.114724       0.73 -0.00253751   0.0979363    0.732783
-0.0208945   0.114716       0.73 -0.00242104    0.097924    0.732791
-0.0207826   0.114708       0.73 -0.00230448   0.0979118      0.7328
-0.0206705     0.1147       0.73 -0.00218785   0.0978997    0.732808
-0.0205581   0.114692       0.73 -0.00207112   0.0978878    0.732817
-0.0204455   0.114684       0.73 -0.00195429    0.097876    0.732825
-0.0203327   0.114676       0.73 -0.00183737   0.0978643    0.732833
-0.0202197   0.114668       0.73 -0.00172036   0.0978527    0.732842
-0.0201065    0.11466       0.73 -0.00160326   0.0978413     0.73285
-0.0199931   0.114652       0.73 -0.00148608     0.09783    0.732858
-0.0198795   0.114644       0.73 -0.0013688  0.0978188   0.732865
-0.0197657   0.114636       0.73 -0.00125143   0.0978077    0.732873
-0.0196517   0.114628       0.73 -0.00113398   0.0977968    0.732881
-0.0195374    0.11462       0.73 -0.00101642    0.097786    0.732889
-0.019423  0.114611      0.73 -0.000898768    0.0977753     0.732896
-0.0193084   0.114603       0.73 -0.000781055    0.0977648     0.732903
-0.0191936   0.114595       0.73 -0.000663236    0.0977544     0.732911
-0.0190786   0.114587       0.73 -0.000545316    0.0977441     0.732918
-0.0189634   0.114579       0.73 -0.00042733   0.0977339    0.732925
-0.0188479   0.114571       0.73 -0.000309244    0.0977239     0.732932
-0.0187323   0.114562       0.73 -0.000191074     0.097714     0.732939
-0.0186166   0.114554       0.73 -7.2807e-05   0.0977042    0.732946
-0.0185006   0.114546       0.73 4.55461e-05   0.0976945    0.732953
-0.0183844   0.114538       0.73 0.000163996    0.097685    0.732959
-0.018268  0.114529      0.73 0.000282507   0.0976756    0.732966
-0.0181515   0.114521       0.73 0.000401137   0.0976664    0.732972
-0.0180348   0.114513       0.73 0.000519848   0.0976572    0.732978
-0.0179179   0.114504       0.73 0.000638634   0.0976482    0.732985
-0.0178008   0.114496       0.73 0.00075752  0.0976394   0.732991
-0.0176835   0.114488       0.73 0.000876485   0.0976306    0.732997
-0.017566  0.114479      0.73 0.00099553   0.097622   0.733003
-0.0174484   0.114471       0.73 0.00111469  0.0976135   0.733009
-0.0173305   0.114463       0.73 0.0012339 0.0976051  0.733015
-0.0172125   0.114454       0.73 0.00135322  0.0975969    0.73302
-0.0170944   0.114446       0.73 0.00147263  0.0975888   0.733026
-0.016976  0.114437      0.73 0.00159211  0.0975808   0.733031
-0.0168575   0.114429       0.73 0.00171169  0.0975729   0.733037
-0.0167388   0.114421       0.73 0.00183135  0.0975652   0.733042
-0.01662 0.114412     0.73 0.00195109  0.0975576   0.733047
-0.0165009   0.114404       0.73 0.00207091  0.0975501   0.733052
-0.0163817   0.114395       0.73 0.00219082  0.0975427   0.733057
-0.0162624   0.114387       0.73 0.00231082  0.0975355   0.733062
-0.0161428   0.114378       0.73 0.00243088  0.0975284   0.733067
-0.0160231    0.11437       0.73 0.00255104  0.0975214   0.733072
-0.0159033   0.114361       0.73 0.00267129  0.0975145   0.733076
-0.0157832   0.114353       0.73 0.00279161  0.0975078   0.733081
-0.0156631   0.114344       0.73  0.002912 0.0975012  0.733085
-0.0155427   0.114336       0.73 0.0030325 0.0974947  0.733089
-0.0154222   0.114327       0.73 0.00315308  0.0974883   0.733094
-0.0153016   0.114318       0.73 0.00327372  0.0974821   0.733098
-0.0151808    0.11431       0.73 0.00339446  0.0974759   0.733102
-0.0150598   0.114301       0.73 0.00351528  0.0974699   0.733106
-0.0149387   0.114293       0.73 0.00363616  0.0974641   0.733109
-0.0148174   0.114284       0.73 0.00375714  0.0974583   0.733113
-0.014696  0.114275      0.73 0.00387819  0.0974527   0.733117
-0.0145744   0.114267       0.73 0.00399932  0.0974471    0.73312
-0.0144527   0.114258       0.73 0.00412056  0.0974417   0.733124
-0.0143308   0.114249       0.73 0.00424185  0.0974365   0.733127
-0.0142088   0.114241       0.73 0.00436322  0.0974313   0.733131
-0.0140867   0.114232       0.73 0.00448466  0.0974263   0.733134
-0.0139644   0.114223       0.73 0.00460622  0.0974213   0.733137
-0.0138419   0.114215       0.73 0.00472782  0.0974165    0.73314
-0.0137194   0.114206       0.73 0.00484951  0.0974118   0.733143
-0.0135967   0.114197       0.73 0.00497128  0.0974073   0.733146
-0.0134738   0.114188       0.73 0.00509314  0.0974028   0.733148
-0.0133508    0.11418       0.73 0.00521504  0.0973985   0.733151
-0.0132277   0.114171       0.73 0.00533705  0.0973943   0.733154
-0.0131045   0.114162       0.73 0.00545915  0.0973902   0.733156
-0.0129811   0.114153       0.73 0.00558129  0.0973862   0.733159
-0.0128576   0.114145       0.73 0.00570352  0.0973823   0.733161
-0.0127339   0.114136       0.73 0.00582585  0.0973786   0.733163
-0.0126102   0.114127       0.73 0.00594824  0.0973749   0.733165
-0.0124863   0.114118       0.73 0.0060707 0.0973714  0.733167
-0.0123622   0.114109       0.73 0.00619322   0.097368   0.733169
-0.0122381   0.114101       0.73 0.00631585  0.0973647   0.733171
-0.0121138   0.114092       0.73 0.00643855  0.0973615   0.733173
-0.0119894   0.114083       0.73 0.00656131  0.0973585   0.733175
-0.0118649   0.114074       0.73 0.00668416  0.0973555   0.733177
-0.0117403   0.114065       0.73 0.00680707  0.0973527   0.733178
-0.0116156   0.114056       0.73 0.00693008    0.09735    0.73318
-0.0114907   0.114047       0.73 0.00705314  0.0973474   0.733181
-0.0113657   0.114039       0.73 0.00717629  0.0973449   0.733182
-0.0112406    0.11403       0.73 0.00729949  0.0973425   0.733184
-0.0111154   0.114021       0.73 0.00742279  0.0973403   0.733185
-0.0109901   0.114012       0.73 0.00754615  0.0973382   0.733186
-0.0108647   0.114003       0.73 0.00766958  0.0973361   0.733187
-0.0107392   0.113994       0.73 0.00779309  0.0973342   0.733188
-0.0106136   0.113985       0.73 0.00791669  0.0973324   0.733188
-0.0104878   0.113976       0.73 0.00804035  0.0973308   0.733189
-0.010362  0.113967      0.73 0.00816407  0.0973292    0.73319
-0.010236  0.113958      0.73 0.00828787  0.0973278    0.73319
-0.01011 0.113949     0.73 0.00841173  0.0973264   0.733191
-0.00998387     0.11394        0.73 0.00853568  0.0973252   0.733191
-0.00985763    0.113931        0.73 0.00865969  0.0973241   0.733192
-0.00973129    0.113922        0.73 0.00878378  0.0973232   0.733192
-0.00960486    0.113913        0.73 0.00890794  0.0973223   0.733192
-0.00947834    0.113904        0.73 0.00903214  0.0973216   0.733192
-0.00935172    0.113895        0.73 0.00915646  0.0973209   0.733192
-0.00922502    0.113886        0.73 0.00928081  0.0973204   0.733192
-0.00909822    0.113877        0.73 0.00940524    0.09732   0.733192
-0.00897133    0.113868        0.73 0.00952974  0.0973197   0.733191
-0.00884436    0.113859        0.73 0.00965431  0.0973196   0.733191
-0.0087173    0.11385       0.73 0.00977895  0.0973195   0.733191
-0.00859016    0.113841        0.73 0.00990364  0.0973196    0.73319
-0.00846294    0.113832        0.73 0.0100284 0.0973198   0.73319
-0.00833563    0.113823        0.73 0.0101533 0.0973201  0.733189
-0.00820824    0.113814        0.73 0.0102781 0.0973205  0.733188
-0.00808078    0.113805        0.73 0.0104031 0.0973211  0.733187
-0.00795324    0.113796        0.73 0.0105282 0.0973217  0.733187
-0.00782562    0.113787        0.73 0.0106533 0.0973225  0.733186
-0.00769792    0.113778        0.73 0.0107784 0.0973234  0.733185
-0.00757016    0.113769        0.73 0.0109036 0.0973244  0.733183
-0.00744232     0.11376        0.73 0.0110289 0.0973255  0.733182
-0.00731441    0.113751        0.73 0.0111543 0.0973268  0.733181
-0.00718643    0.113741        0.73 0.0112797 0.0973281   0.73318
-0.00705839    0.113732        0.73 0.0114051 0.0973296  0.733178
-0.00693028    0.113723        0.73 0.0115307 0.0973312  0.733177
-0.0068021   0.113714       0.73 0.0116563 0.0973329  0.733175
-0.00667386    0.113705        0.73 0.0117819 0.0973347  0.733173
-0.00654556    0.113696        0.73 0.0119076 0.0973366  0.733171
-0.0064172   0.113687       0.73 0.0120334 0.0973387   0.73317
-0.00628878    0.113678        0.73 0.0121592 0.0973408  0.733168
-0.0061603   0.113668       0.73 0.0122851 0.0973431  0.733166
-0.00603176    0.113659        0.73  0.012411 0.0973455  0.733164
-0.00590317     0.11365        0.73 0.012537 0.097348 0.733161
-0.00577452    0.113641        0.73 0.0126631 0.0973506  0.733159
-0.00564583    0.113632        0.73 0.0127892 0.0973533  0.733157
-0.00551708    0.113623        0.73 0.0129153 0.0973562  0.733154
-0.00538828    0.113614        0.73 0.0130415 0.0973592  0.733152
-0.00525943    0.113604        0.73 0.0131678 0.0973622  0.733149
-0.00513054    0.113595        0.73 0.0132941 0.0973654  0.733147
-0.0050016   0.113586       0.73 0.0134205 0.0973687  0.733144
-0.00487262    0.113577        0.73 0.0135469 0.0973721  0.733141
-0.0047436   0.113568       0.73 0.0136733 0.0973756  0.733138
-0.00461453    0.113559        0.73 0.0137999 0.0973792  0.733135
-0.00448542    0.113549        0.73 0.0139264 0.0973829  0.733132
-0.00435628     0.11354        0.73  0.014053 0.0973867  0.733129
-0.0042271   0.113531       0.73 0.0141797 0.0973907  0.733126
-0.00409788    0.113522        0.73 0.0143064 0.0973947  0.733122
-0.00396863    0.113513        0.73 0.0144331 0.0973988  0.733119
-0.00383935    0.113503        0.73 0.0145599  0.097403  0.733115
-0.00371003    0.113494        0.73 0.0146868 0.0974074  0.733112
-0.00358068    0.113485        0.73 0.0148136 0.0974118  0.733108
-0.00345131    0.113476        0.73 0.0149406 0.0974163  0.733104
-0.00332191    0.113467        0.73 0.0150676 0.0974209  0.733101
-0.00319248    0.113457        0.73 0.0151946 0.0974256  0.733097
-0.00306303    0.113448        0.73 0.0153217 0.0974305  0.733093
-0.00293355    0.113439        0.73 0.0154488 0.0974354  0.733089
-0.00280406     0.11343        0.73 0.0155759 0.0974404  0.733084
-0.00267454    0.113421        0.73 0.0157032 0.0974455   0.73308
-0.002545  0.113411      0.73 0.0158304 0.0974507  0.733076
-0.00241545    0.113402        0.73 0.0159577 0.0974559  0.733071
-0.00228588    0.113393        0.73  0.016085 0.0974613  0.733067
-0.00215629    0.113384        0.73 0.0162124 0.0974668  0.733062
-0.0020267   0.113375       0.73 0.0163398 0.0974724  0.733057
-0.00189709    0.113365        0.73 0.0164673  0.097478  0.733053
-0.00176747    0.113356        0.73 0.0165947 0.0974838  0.733048
-0.00163784    0.113347        0.73 0.0167222 0.0974896  0.733043
-0.0015082   0.113338       0.73 0.0168498 0.0974956  0.733038
-0.00137856    0.113328        0.73 0.0169774 0.0975016  0.733033
-0.00124891    0.113319        0.73  0.017105 0.0975077  0.733027
-0.00111926     0.11331        0.73 0.0172326 0.0975139  0.733022
-0.000989601     0.113301         0.73 0.0173603 0.0975202  0.733017
-0.000859945     0.113292         0.73  0.017488 0.0975266  0.733011
-0.000730291     0.113282         0.73 0.0176157 0.0975331  0.733006
-0.000600638     0.113273         0.73 0.0177435 0.0975397     0.733
-0.000470989     0.113264         0.73 0.0178712 0.0975464  0.732995
-0.000341345     0.113255         0.73  0.017999 0.0975531  0.732989
-0.000211706     0.113246         0.73 0.0181269   0.09756  0.732983
-8.20754e-05     0.113236         0.73 0.0182547 0.0975669  0.732977
4.75465e-05    0.113227        0.73 0.0183826 0.0975739  0.732972
0.000177158    0.113218        0.73 0.0185105  0.097581  0.732966
0.000306758    0.113209        0.73 0.0186384 0.0975882  0.732959
0.000436345    0.113199        0.73 0.0187663 0.0975955  0.732953
0.000565917     0.11319        0.73 0.0188943 0.0976029  0.732947
0.000695473    0.113181        0.73 0.0190222 0.0976103  0.732941
0.000825012    0.113172        0.73 0.0191502 0.0976179  0.732935
0.000954533    0.113163        0.73 0.0192782 0.0976255  0.732928
0.00108403   0.113153       0.73 0.0194062 0.0976333  0.732922
0.00121351   0.113144       0.73 0.0195342 0.0976411  0.732915
0.00134297   0.113135       0.73 0.0196623  0.097649  0.732909
0.0014724  0.113126      0.73 0.0197903  0.097657  0.732902
0.00160181   0.113117       0.73 0.0199184  0.097665  0.732895
0.00173119   0.113107       0.73 0.0200464 0.0976732  0.732889
0.00186054   0.113098       0.73 0.0201745 0.0976814  0.732882
0.00198986   0.113089       0.73 0.0203026 0.0976898  0.732875
0.00211915    0.11308       0.73 0.0204307 0.0976982  0.732868
0.00224841   0.113071       0.73 0.0205588 0.0977067  0.732861
0.00237763   0.113061       0.73 0.0206869 0.0977153  0.732854
0.00250682   0.113052       0.73 0.020815 0.097724 0.732847
0.00263597   0.113043       0.73 0.0209431 0.0977328   0.73284
0.00276509   0.113034       0.73 0.0210712 0.0977416  0.732833
0.00289416   0.113025       0.73 0.0211993 0.0977506  0.732825
0.0030232  0.113015      0.73 0.0213274 0.0977596  0.732818
0.00315219   0.113006       0.73 0.0214555 0.0977687  0.732811
0.00328114   0.112997       0.73 0.0215837 0.0977779  0.732803
0.00341004   0.112988       0.73 0.0217118 0.0977872  0.732796
0.0035389  0.112979      0.73 0.0218399 0.0977966  0.732788
0.00366771    0.11297       0.73 0.021968 0.097806 0.732781
0.00379647   0.112961       0.73 0.0220961 0.0978156  0.732773
0.00392518   0.112951       0.73 0.0222242 0.0978252  0.732765
0.00405384   0.112942       0.73 0.0223523 0.0978349  0.732758
0.00418244   0.112933       0.73 0.0224804 0.0978447   0.73275
0.00431099   0.112924       0.73 0.0226085 0.0978546  0.732742
0.00443949   0.112915       0.73 0.0227365 0.0978645  0.732734
0.00456793   0.112906       0.73 0.0228646 0.0978746  0.732726
0.0046963  0.112897      0.73 0.0229927 0.0978847  0.732718
0.00482462   0.112887       0.73 0.0231207 0.0978949   0.73271
0.00495288   0.112878       0.73 0.0232488 0.0979052  0.732702
0.00508108   0.112869       0.73 0.0233768 0.0979156  0.732693
0.00520921    0.11286       0.73 0.0235049 0.0979261  0.732685
0.00533727   0.112851       0.73 0.0236329 0.0979367  0.732677
0.00546527   0.112842       0.73 0.0237609 0.0979473  0.732668
0.0055932  0.112833      0.73 0.023889 0.097958  0.73266
0.00572106   0.112824       0.73  0.024017 0.0979689  0.732651
0.00584885   0.112815       0.73  0.024145 0.0979798  0.732643
0.00597657   0.112805       0.73  0.024273 0.0979908  0.732634
0.00610422   0.112796       0.73  0.024401 0.0980018  0.732625
0.00623179   0.112787       0.73 0.0245289  0.098013  0.732617
0.00635928   0.112778       0.73 0.0246569 0.0980243  0.732608
0.00648669   0.112769       0.73 0.0247849 0.0980356  0.732599
0.00661403    0.11276       0.73 0.0249128  0.098047   0.73259
0.00674128   0.112751       0.73 0.0250407 0.0980585  0.732581
0.00686846   0.112742       0.73 0.0251686 0.0980701  0.732572
0.00699555   0.112733       0.73 0.0252965 0.0980818  0.732563
0.00712255   0.112724       0.73 0.0254244 0.0980936  0.732554
0.00724947   0.112715       0.73 0.0255523 0.0981055  0.732545
0.00737631   0.112706       0.73 0.0256801 0.0981174  0.732535
0.00750305   0.112697       0.73  0.025808 0.0981295  0.732526
0.0076297  0.112688      0.73 0.0259358 0.0981416  0.732517
0.00775627   0.112679       0.73 0.0260636 0.0981538  0.732507
0.00788274    0.11267       0.73 0.0261914 0.0981661  0.732498
0.00800911   0.112661       0.73 0.0263191 0.0981785  0.732488
0.00813539   0.112652       0.73 0.0264469  0.098191  0.732479
0.00826158   0.112643       0.73 0.0265746 0.0982035  0.732469
0.00838766   0.112634       0.73 0.0267023 0.0982162   0.73246
0.00851365   0.112625       0.73   0.02683 0.0982289   0.73245
0.00863953   0.112616       0.73 0.0269577 0.0982417   0.73244
0.00876532   0.112607       0.73 0.0270853 0.0982546  0.732431
0.00889099   0.112598       0.73 0.0272129 0.0982676  0.732421
0.00901657   0.112589       0.73 0.0273405 0.0982807  0.732411
0.00914204    0.11258       0.73 0.0274681 0.0982939  0.732401
0.0092674  0.112572      0.73 0.0275956 0.0983072  0.732391
0.00939265   0.112563       0.73 0.0277231 0.0983205  0.732381
0.00951779   0.112554       0.73 0.0278506 0.0983339  0.732371
0.00964282   0.112545       0.73 0.0279781 0.0983475  0.732361
0.00976773   0.112536       0.73 0.0281056 0.0983611  0.732351
0.00989253   0.112527       0.73  0.028233 0.0983747  0.732341
0.0100172  0.112518      0.73 0.0283604 0.0983885  0.732331
0.0101418  0.112509      0.73 0.0284878 0.0984024   0.73232
0.0102662    0.1125      0.73 0.0286151 0.0984163   0.73231
0.0103906  0.112492      0.73 0.0287424 0.0984304    0.7323
0.0105148  0.112483      0.73 0.0288697 0.0984445  0.732289
0.0106389  0.112474      0.73  0.028997 0.0984587  0.732279
0.0107628  0.112465      0.73 0.0291242  0.098473  0.732269
0.0108866  0.112456      0.73 0.0292514 0.0984873  0.732258
0.0110104  0.112448      0.73 0.0293786 0.0985018  0.732248
0.0111339  0.112439      0.73 0.0295057 0.0985163  0.732237
0.0112574   0.11243      0.73 0.0296329  0.098531  0.732227
0.0113807  0.112421      0.73 0.0297599 0.0985457  0.732216
0.0115039  0.112412      0.73  0.029887 0.0985605  0.732205
0.0116269  0.112404      0.73  0.030014 0.0985753  0.732195
0.0117499  0.112395      0.73  0.030141 0.0985903  0.732184
0.0118726  0.112386      0.73  0.030268 0.0986054  0.732173
0.0119953  0.112378      0.73 0.0303949 0.0986205  0.732162
0.0121178  0.112369      0.73 0.0305218 0.0986357  0.732151
0.0122402   0.11236      0.73 0.0306487  0.098651  0.732141
0.0123624  0.112351      0.73 0.0307755 0.0986664   0.73213
0.0124845  0.112343      0.73 0.0309023 0.0986819  0.732119
0.0126064  0.112334      0.73  0.031029 0.0986974  0.732108
0.0127282  0.112325      0.73 0.0311557 0.0987131  0.732097
0.0128498  0.112317      0.73 0.0312824 0.0987288  0.732085
0.0129713  0.112308      0.73 0.0314091 0.0987447  0.732074
0.0130926    0.1123      0.73 0.0315357 0.0987606  0.732063
0.0132138  0.112291      0.73 0.0316622 0.0987766  0.732052
0.0133349  0.112282      0.73 0.0317888 0.0987927   0.73204
0.0134557  0.112274      0.73 0.0319152 0.0988089  0.732029
0.0135765  0.112265      0.73 0.0320417 0.0988251  0.732018
0.013697 0.112257     0.73 0.0321681 0.0988415  0.732006
0.0138174  0.112248      0.73 0.0322944 0.0988579  0.731995
0.0139377  0.112239      0.73 0.0324208 0.0988745  0.731983
0.0140578  0.112231      0.73  0.032547 0.0988911  0.731972
0.0141777  0.112222      0.73 0.0326733 0.0989078   0.73196
0.0142975  0.112214      0.73 0.0327995 0.0989246  0.731948
0.014417 0.112205     0.73 0.0329256 0.0989415  0.731937
0.0145365  0.112197      0.73 0.0330517 0.0989584  0.731925
0.0146557  0.112188      0.73 0.0331778 0.0989755  0.731913
0.0147748   0.11218      0.73 0.0333038 0.0989926  0.731901
0.0148937  0.112171      0.73 0.0334298 0.0990099  0.731889
0.0150125  0.112163      0.73 0.0335557 0.0990272  0.731877
0.015131 0.112155     0.73 0.0336816 0.0990446  0.731865
0.0152494  0.112146      0.73 0.0338074 0.0990621  0.731853
0.0153676  0.112138      0.73 0.0339332 0.0990797  0.731841
0.0154856  0.112129      0.73  0.034059 0.0990974  0.731829
0.0156035  0.112121      0.73 0.0341846 0.0991151  0.731817
0.0157212  0.112113      0.73 0.0343103  0.099133  0.731805
0.0158387  0.112104      0.73 0.0344359 0.0991509  0.731792
0.015956 0.112096     0.73 0.0345614 0.0991689   0.73178
0.0160731  0.112088      0.73 0.0346869  0.099187  0.731768
 0.01619 0.112079     0.73 0.0348123 0.0992052  0.731755
0.0163067  0.112071      0.73 0.0349377 0.0992235  0.731743
0.0164233  0.112063      0.73  0.035063 0.0992418   0.73173
0.0165396  0.112054      0.73 0.0351883 0.0992603  0.731718
0.0166558  0.112046      0.73 0.0353135 0.0992788  0.731705
0.0167718  0.112038      0.73 0.0354387 0.0992974  0.731692
0.0168875   0.11203      0.73 0.0355638 0.0993162   0.73168
0.0170031  0.112021      0.73 0.0356888 0.0993349  0.731667
0.0171185  0.112013      0.73 0.0358138 0.0993538  0.731654
0.0172336  0.112005      0.73 0.0359388 0.0993728  0.731641
0.0173486  0.111997      0.73 0.0360637 0.0993918  0.731628
0.0174633  0.111989      0.73 0.0361885 0.0994109  0.731615
0.0175779  0.111981      0.73 0.0363132 0.0994302  0.731602
0.0176922  0.111972      0.73 0.0364379 0.0994495  0.731589
0.0178064  0.111964      0.73 0.0365626 0.0994688  0.731576
0.0179203  0.111956      0.73 0.0366872 0.0994883  0.731563
0.018034 0.111948     0.73 0.0368117 0.0995079   0.73155
0.0181475   0.11194      0.73 0.0369361 0.0995275  0.731536
0.0182608  0.111932      0.73 0.0370605 0.0995472  0.731523
0.0183739  0.111924      0.73 0.0371849  0.099567   0.73151
0.0184867  0.111916      0.73 0.0373091 0.0995869  0.731496
0.0185994  0.111908      0.73 0.0374333 0.0996069  0.731483
0.0187118    0.1119      0.73 0.0375575 0.0996269  0.731469
0.018824 0.111892     0.73 0.0376816 0.0996471  0.731456
0.0189359  0.111884      0.73 0.0378056 0.0996673  0.731442
0.0190476  0.111876      0.73 0.0379295 0.0996876  0.731429
0.0191592  0.111868      0.73 0.0380534  0.099708  0.731415
0.0192704   0.11186      0.73 0.0381773 0.0997284  0.731402
0.0193815  0.111852      0.73 0.038301 0.099749 0.731388
0.0194923  0.111844      0.73 0.0384247 0.0997696  0.731374
0.0196029  0.111837      0.73 0.0385483 0.0997903   0.73136
0.0197132  0.111829      0.73 0.0386718 0.0998111  0.731347
0.0198233  0.111821      0.73 0.0387953  0.099832  0.731333
0.0199332  0.111813      0.73 0.0389187  0.099853  0.731319
0.0200428  0.111805      0.73 0.0390421  0.099874  0.731305
0.0201522  0.111798      0.73 0.0391653 0.0998951  0.731291
0.0202613   0.11179      0.73 0.0392885 0.0999163  0.731277
0.0203702  0.111782      0.73 0.0394116 0.0999376  0.731263
0.0204789  0.111774      0.73 0.0395347 0.0999589  0.731249
0.0205873  0.111767      0.73 0.0396576 0.0999804  0.731235
0.0206954  0.111759      0.73 0.0397805  0.100002  0.731221
0.0208033  0.111751      0.73 0.0399033  0.100024  0.731207
0.0209109  0.111744      0.73 0.0400261  0.100045  0.731193
0.0210183  0.111736      0.73 0.0401487  0.100067  0.731179
0.0211255  0.111728      0.73 0.0402713  0.100089  0.731165
0.0212323  0.111721      0.73 0.0403938  0.100111  0.731151
0.0213389  0.111713      0.73 0.0405162  0.100133  0.731137
0.0214453  0.111706      0.73 0.0406385  0.100155  0.731122
0.0215514  0.111698      0.73 0.0407608  0.100177  0.731108
0.0216572  0.111691      0.73 0.0408829  0.100199  0.731094
0.0217627  0.111683      0.73 0.041005 0.100221  0.73108
0.021868 0.111676     0.73 0.041127 0.100244 0.731066
0.021973 0.111668     0.73 0.0412489  0.100266  0.731051
0.0220778  0.111661      0.73 0.0413708  0.100289  0.731037
0.0221822  0.111653      0.73 0.0414925  0.100311  0.731023
0.0222864  0.111646      0.73 0.0416141  0.100334  0.731008
0.0223903  0.111638      0.73 0.0417357  0.100357  0.730994
0.022494 0.111631     0.73 0.0418571   0.10038   0.73098
0.0225973  0.111624      0.73 0.0419785  0.100403  0.730965
0.0227004  0.111616      0.73 0.0420998  0.100426  0.730951
0.0228032  0.111609      0.73 0.042221 0.100449 0.730936
0.0229057  0.111602      0.73 0.0423421  0.100472  0.730922
0.0230079  0.111595      0.73 0.0424631  0.100495  0.730908
0.0231099  0.111587      0.73 0.042584 0.100519 0.730893
0.0232115   0.11158      0.73 0.0427047  0.100542  0.730879
0.0233129  0.111573      0.73 0.0428254  0.100566  0.730864
0.0234139  0.111566      0.73 0.042946 0.100589  0.73085
0.0235147  0.111558      0.73 0.0430665  0.100613  0.730835
0.0236152  0.111551      0.73 0.0431869  0.100637   0.73082
0.0237154  0.111544      0.73 0.0433072  0.100661  0.730806
0.0238152  0.111537      0.73 0.0434274  0.100685  0.730791
0.0239148   0.11153      0.73 0.0435475  0.100709  0.730777
0.0240141  0.111523      0.73 0.0436674  0.100733  0.730762
0.0241131  0.111516      0.73 0.0437873  0.100757  0.730747
0.0242117  0.111509      0.73 0.0439071  0.100781  0.730733
0.0243101  0.111502      0.73 0.0440267  0.100806  0.730718
0.0244081  0.111495      0.73 0.0441462   0.10083  0.730703
0.0245059  0.111488      0.73 0.0442657  0.100855  0.730689
0.0246033  0.111481      0.73 0.044385 0.100879 0.730674
0.0247004  0.111474      0.73 0.0445042  0.100904  0.730659
0.0247972  0.111467      0.73 0.0446233  0.100929  0.730644
0.0248937   0.11146      0.73 0.0447422  0.100954   0.73063
0.0249899  0.111454      0.73 0.0448611  0.100979  0.730615
0.0250858  0.111447      0.73 0.0449798  0.101004    0.7306
0.0251813   0.11144      0.73 0.0450984  0.101029  0.730585
0.0252765  0.111433      0.73 0.0452169  0.101054   0.73057
0.0253714  0.111426      0.73 0.0453353   0.10108  0.730555
0.025466  0.11142     0.73 0.0454536  0.101105   0.73054
0.0255603  0.111413      0.73 0.0455717   0.10113  0.730526
0.0256542  0.111406      0.73 0.0456897  0.101156  0.730511
0.0257478    0.1114      0.73 0.0458076  0.101182  0.730496
0.0258411  0.111393      0.73 0.0459253  0.101208  0.730481
0.025934 0.111386     0.73 0.0460429  0.101233  0.730466
0.0260266   0.11138      0.73 0.0461605  0.101259  0.730451
0.0261189  0.111373      0.73 0.0462778  0.101285  0.730436
0.0262109  0.111367      0.73 0.0463951  0.101312   0.73042
0.0263025   0.11136      0.73 0.0465122  0.101338  0.730405
0.0263938  0.111354      0.73 0.0466292  0.101364   0.73039
0.0264847  0.111347      0.73 0.046746  0.10139 0.730375
0.0265753  0.111341      0.73 0.0468627  0.101417   0.73036
0.0266656  0.111334      0.73 0.0469793  0.101443  0.730345
0.0267555  0.111328      0.73 0.0470958   0.10147  0.730329
0.0268451  0.111322      0.73 0.0472121  0.101497  0.730314
0.0269344  0.111315      0.73 0.0473282  0.101524  0.730299
0.0270233  0.111309      0.73 0.0474443  0.101551  0.730283
0.0271118  0.111303      0.73 0.0475602  0.101578  0.730268
0.0272001  0.111296      0.73 0.0476759  0.101605  0.730253
0.0272879   0.11129      0.73 0.0477915  0.101632  0.730237
0.0273755  0.111284      0.73 0.0479069  0.101659  0.730222
0.0274627  0.111278      0.73 0.0480222  0.101687  0.730206
0.0275495  0.111272      0.73 0.0481374  0.101714  0.730191
0.027636 0.111265     0.73 0.0482524  0.101742  0.730175
0.0277222  0.111259      0.73 0.0483673  0.101769  0.730159
0.027808 0.111253     0.73 0.048482 0.101797 0.730144
0.0278934  0.111247      0.73 0.0485966  0.101825  0.730128
0.0279785  0.111241      0.73 0.048711 0.101853 0.730112
0.0280633  0.111235      0.73 0.0488252  0.101881  0.730097
0.0281477  0.111229      0.73 0.0489393  0.101909  0.730081
0.0282317  0.111223      0.73 0.0490533  0.101937  0.730065
0.0283154  0.111217      0.73 0.0491671  0.101965  0.730049
0.0283987  0.111211      0.73 0.0492807  0.101994  0.730033
0.0284817  0.111205      0.73 0.0493942  0.102022  0.730017
0.0285644  0.111199      0.73 0.0495075  0.102051  0.730001
0.0286467  0.111194      0.73 0.0496207  0.102079  0.729985
0.0287286  0.111188      0.73 0.0497337  0.102108  0.729969
0.0288102  0.111182      0.73 0.0498466  0.102137  0.729953
0.0288914  0.111176      0.73 0.0499593  0.102166  0.729937
0.0289723   0.11117      0.73 0.0500718  0.102195  0.729921
0.0290528  0.111165      0.73 0.0501841  0.102224  0.729904
0.0291329  0.111159      0.73 0.0502963  0.102253  0.729888
0.0292127  0.111153      0.73 0.0504084  0.102282  0.729872
0.0292922  0.111148      0.73 0.0505202  0.102312  0.729856
0.0293713  0.111142      0.73 0.050632 0.102341 0.729839
 0.02945 0.111136     0.73 0.0507435  0.102371  0.729823
0.0295284  0.111131      0.73 0.0508549    0.1024  0.729806
0.0296064  0.111125      0.73 0.0509661   0.10243   0.72979
0.0296841   0.11112      0.73 0.0510771   0.10246  0.729773
0.0297614  0.111114      0.73 0.051188  0.10249 0.729757
0.0298384  0.111109      0.73 0.0512987   0.10252   0.72974
0.029915 0.111103     0.73 0.0514092   0.10255  0.729723
0.0299912  0.111098      0.73 0.0515195   0.10258  0.729707
0.0300671  0.111093      0.73 0.0516297   0.10261   0.72969
0.0301426  0.111087      0.73 0.0517397  0.102641  0.729673
0.0302178  0.111082      0.73 0.0518495  0.102671  0.729656
0.0302926  0.111077      0.73 0.0519592  0.102702   0.72964
0.0303671  0.111071      0.73 0.0520687  0.102732  0.729623
0.0304412  0.111066      0.73 0.052178 0.102763 0.729606
0.030515 0.111061     0.73 0.0522871  0.102794  0.729589
0.0305884  0.111056      0.73 0.052396 0.102825 0.729572
0.0306615   0.11105      0.73 0.0525048  0.102856  0.729555
0.0307342  0.111045      0.73 0.0526134  0.102887  0.729537
0.0308065   0.11104      0.73 0.0527218  0.102918   0.72952
0.0308785  0.111035      0.73  0.05283 0.102949 0.729503
0.0309501   0.11103      0.73 0.052938  0.10298 0.729486
0.0310214  0.111025      0.73 0.0530458  0.103012  0.729468
0.0310924   0.11102      0.73 0.0531535  0.103043  0.729451
0.031163 0.111015     0.73 0.053261 0.103075 0.729433
0.0312332   0.11101      0.73 0.0533682  0.103107  0.729416
0.0313031  0.111005      0.73 0.0534753  0.103139  0.729398
0.0313726     0.111      0.73 0.0535822  0.103171  0.729381
0.0314418  0.110995      0.73 0.0536889  0.103203  0.729363
0.0315107   0.11099      0.73 0.0537955  0.103236  0.729345
0.0315792  0.110985      0.73 0.0539018  0.103268  0.729328
0.0316473   0.11098      0.73 0.0540079  0.103301   0.72931
0.0317151  0.110975      0.73 0.0541139  0.103335  0.729292
0.0317826  0.110971      0.73 0.0542196  0.103368  0.729274
0.0318497  0.110966      0.73 0.0543252  0.103402  0.729256
0.0319164  0.110961      0.73 0.0544306  0.103436  0.729238
0.0319829  0.110956      0.73 0.0545357   0.10347   0.72922
0.0320489  0.110952      0.73 0.0546407  0.103505  0.729202
0.0321147  0.110947      0.73 0.0547455   0.10354  0.729184
0.0321801  0.110942      0.73  0.05485 0.103575 0.729166
0.0322451  0.110938      0.73 0.0549544   0.10361  0.729148
0.0323098  0.110933      0.73 0.0550586  0.103646   0.72913
0.0323742  0.110929      0.73 0.0551625  0.103682  0.729111
0.0324382  0.110924      0.73 0.0552663  0.103718  0.729093
0.0325019  0.110919      0.73 0.0553699  0.103755  0.729075
0.0325652  0.110915      0.73 0.0554733  0.103792  0.729056
0.0326282   0.11091      0.73 0.0555764  0.103829  0.729038
0.0326909  0.110906      0.73 0.0556794  0.103866   0.72902
0.0327532  0.110902      0.73 0.0557822  0.103904  0.729001
0.0328152  0.110897      0.73 0.0558847  0.103941  0.728982
0.0328769  0.110893      0.73 0.0559871  0.103979  0.728964
0.0329382  0.110888      0.73 0.0560892  0.104018  0.728945
0.0329992  0.110884      0.73 0.0561911  0.104056  0.728927
0.0330598   0.11088      0.73 0.0562929  0.104095  0.728908
0.0331202  0.110876      0.73 0.0563944  0.104134  0.728889
0.0331802  0.110871      0.73 0.0564957  0.104173   0.72887
0.0332398  0.110867      0.73 0.0565969  0.104212  0.728852
0.0332991  0.110863      0.73 0.0566978  0.104252  0.728833
0.0333581  0.110859      0.73 0.0567985  0.104292  0.728814
0.0334168  0.110854      0.73 0.056899 0.104332 0.728795
0.0334751   0.11085      0.73 0.0569993  0.104372  0.728776
0.0335332  0.110846      0.73 0.0570994  0.104412  0.728757
0.0335908  0.110842      0.73 0.0571992  0.104453  0.728738
0.0336482  0.110838      0.73 0.0572989  0.104494  0.728719
0.0337052  0.110834      0.73 0.0573984  0.104535    0.7287
0.0337619   0.11083      0.73 0.0574976  0.104576  0.728681
0.0338183  0.110826      0.73 0.0575967  0.104617  0.728662
0.0338744  0.110822      0.73 0.0576955  0.104658  0.728643
0.0339301  0.110818      0.73 0.0577941    0.1047  0.728624
0.0339855  0.110814      0.73 0.0578925  0.104742  0.728605
0.0340406   0.11081      0.73 0.0579907  0.104784  0.728585
0.0340953  0.110806      0.73 0.0580887  0.104826  0.728566
0.0341498  0.110802      0.73 0.0581865  0.104868  0.728547
0.0342039  0.110798      0.73 0.0582841  0.104911  0.728528
0.0342577  0.110795      0.73 0.0583815  0.104953  0.728508
0.0343112  0.110791      0.73 0.0584786  0.104996  0.728489
0.0343644  0.110787      0.73 0.0585756  0.105039   0.72847
0.0344172  0.110783      0.73 0.0586723  0.105082  0.728451
0.0344697   0.11078      0.73 0.0587688  0.105125  0.728431
0.0345219  0.110776      0.73 0.0588651  0.105169  0.728412
0.0345738  0.110772      0.73 0.0589612  0.105212  0.728393
0.0346254  0.110768      0.73 0.0590571  0.105256  0.728373
0.0346767  0.110765      0.73 0.0591528  0.105299  0.728354
0.0347276  0.110761      0.73 0.0592483  0.105343  0.728334
0.0347783  0.110758      0.73 0.0593435  0.105387  0.728315
0.0348286  0.110754      0.73 0.0594385  0.105432  0.728296
0.0348786   0.11075      0.73 0.0595334  0.105476  0.728276
0.0349283  0.110747      0.73 0.059628 0.105521 0.728257
0.0349777  0.110743      0.73 0.0597224  0.105565  0.728237
0.0350267   0.11074      0.73 0.0598166   0.10561  0.728218
0.0350755  0.110736      0.73 0.0599105  0.105655  0.728199
0.0351239  0.110733      0.73 0.0600043    0.1057  0.728179
0.0351721   0.11073      0.73 0.0600979  0.105745   0.72816
0.0352199  0.110726      0.73 0.0601912   0.10579   0.72814
0.0352674  0.110723      0.73 0.0602843  0.105836  0.728121
0.0353147  0.110719      0.73 0.0603773  0.105882  0.728102
0.0353616  0.110716      0.73  0.06047 0.105927 0.728082
0.0354082  0.110713      0.73 0.0605625  0.105973  0.728063
0.0354545   0.11071      0.73 0.0606548  0.106019  0.728043
0.0355005  0.110706      0.73 0.0607469  0.106065  0.728024
0.0355461  0.110703      0.73 0.0608388  0.106112  0.728005
0.0355915    0.1107      0.73 0.0609305  0.106158  0.727985
0.0356366  0.110697      0.73 0.0610219  0.106205  0.727966
0.0356814  0.110693      0.73 0.0611132  0.106251  0.727947
0.0357258   0.11069      0.73 0.0612043  0.106298  0.727928
 0.03577 0.110687     0.73 0.0612951  0.106345  0.727908
0.0358139  0.110684      0.73 0.0613857  0.106392  0.727889
0.0358574  0.110681      0.73 0.0614762  0.106439   0.72787
0.0359007  0.110678      0.73 0.0615664  0.106486  0.727851
0.0359437  0.110675      0.73 0.0616565  0.106533  0.727832
0.0359863  0.110672      0.73 0.0617464  0.106581  0.727813
0.0360287  0.110669      0.73 0.061836 0.106628 0.727794
0.0360707  0.110666      0.73 0.0619255  0.106676  0.727775
0.0361125  0.110663      0.73 0.0620148  0.106723  0.727756
0.036154  0.11066     0.73 0.0621039  0.106771  0.727737
0.0361951  0.110657      0.73 0.0621929  0.106818  0.727718
0.036236 0.110654     0.73 0.0622816  0.106866  0.727699
0.0362766  0.110651      0.73 0.0623702  0.106914   0.72768
0.0363168  0.110648      0.73 0.0624586  0.106962  0.727661
0.0363568  0.110645      0.73 0.0625467   0.10701  0.727643
0.0363965  0.110643      0.73 0.0626347  0.107058  0.727624
0.0364359   0.11064      0.73 0.0627225  0.107106  0.727605
0.036475 0.110637     0.73 0.0628101  0.107154  0.727587
0.0365138  0.110634      0.73 0.0628975  0.107202  0.727568
0.0365523  0.110631      0.73 0.0629847   0.10725  0.727549
0.0365905  0.110629      0.73 0.0630718  0.107299  0.727531
0.0366284  0.110626      0.73 0.0631586  0.107347  0.727513
0.036666 0.110623     0.73 0.0632453  0.107395  0.727494
0.0367034  0.110621      0.73 0.0633318  0.107444  0.727476
0.0367404  0.110618      0.73 0.0634181  0.107492  0.727458
0.0367772  0.110615      0.73 0.0635042  0.107541  0.727439
0.0368136  0.110613      0.73 0.0635901   0.10759  0.727421
0.0368498   0.11061      0.73 0.0636759  0.107638  0.727403
0.0368857  0.110608      0.73 0.0637615  0.107687  0.727385
0.0369213  0.110605      0.73 0.0638469  0.107736  0.727367
0.0369566  0.110603      0.73 0.0639321  0.107785  0.727349
0.0369916    0.1106      0.73 0.0640171  0.107834  0.727331
0.0370263  0.110598      0.73 0.0641019  0.107883  0.727313
0.0370608  0.110595      0.73 0.0641866  0.107932  0.727296
0.0370949  0.110593      0.73 0.0642711  0.107981  0.727278
0.0371288   0.11059      0.73 0.0643554   0.10803   0.72726
0.0371624  0.110588      0.73 0.0644395  0.108079  0.727243
0.0371957  0.110586      0.73 0.0645235  0.108128  0.727225
0.0372287  0.110583      0.73 0.0646072  0.108178  0.727208
0.0372615  0.110581      0.73 0.0646908  0.108227   0.72719
0.0372939  0.110579      0.73 0.0647742  0.108277  0.727173
0.0373261  0.110576      0.73 0.0648574  0.108326  0.727156
0.037358 0.110574     0.73 0.0649404  0.108376  0.727139
0.0373896  0.110572      0.73 0.0650231  0.108426  0.727121
0.0374209   0.11057      0.73 0.0651057  0.108475  0.727104
0.0374519  0.110567      0.73 0.0651881  0.108525  0.727087
0.0374827  0.110565      0.73 0.0652703  0.108575   0.72707
0.0375132  0.110563      0.73 0.0653523  0.108625  0.727053
0.0375434  0.110561      0.73 0.0654341  0.108675  0.727037
0.0375733  0.110559      0.73 0.0655157  0.108725   0.72702
0.037603 0.110557     0.73 0.0655971  0.108775  0.727003
0.0376324  0.110555      0.73 0.0656784  0.108826  0.726987
0.0376615  0.110553      0.73 0.0657594  0.108876   0.72697
0.0376903  0.110551      0.73 0.0658403  0.108926  0.726953
0.0377189  0.110549      0.73 0.0659209  0.108977  0.726937
0.0377472  0.110547      0.73 0.0660014  0.109027  0.726921
0.0377752  0.110545      0.73 0.0660817  0.109078  0.726904
0.0378029  0.110543      0.73 0.0661617  0.109129  0.726888
0.0378304  0.110541      0.73 0.0662416  0.109179  0.726872
0.0378576  0.110539      0.73 0.0663213   0.10923  0.726855
0.0378845  0.110537      0.73 0.0664008  0.109281  0.726839
0.0379111  0.110535      0.73 0.0664801  0.109332  0.726823
0.0379375  0.110533      0.73 0.0665592  0.109383  0.726807
0.0379636  0.110531      0.73 0.0666382  0.109434  0.726791
0.0379895  0.110529      0.73 0.0667169  0.109485  0.726775
0.038015 0.110527     0.73 0.0667954  0.109536  0.726759
0.0380404  0.110526      0.73 0.0668738  0.109587  0.726744
0.0380654  0.110524      0.73 0.0669519  0.109639  0.726728
0.0380902  0.110522      0.73 0.0670299   0.10969  0.726712
0.0381147   0.11052      0.73 0.0671076  0.109741  0.726696
0.038139 0.110519     0.73 0.0671852  0.109793  0.726681
0.038163 0.110517     0.73 0.0672626  0.109844  0.726665
0.0381867  0.110515      0.73 0.0673398  0.109896  0.726649
0.0382102  0.110514      0.73 0.0674168  0.109948  0.726634
0.0382334  0.110512      0.73 0.0674936  0.109999  0.726618
0.0382563   0.11051      0.73 0.0675702  0.110051  0.726603
0.038279 0.110509     0.73 0.0676466  0.110103  0.726588
0.0383015  0.110507      0.73 0.0677228  0.110155  0.726572
0.0383236  0.110506      0.73 0.0677988  0.110207  0.726557
0.0383456  0.110504      0.73 0.0678747  0.110259  0.726542
0.0383672  0.110502      0.73 0.0679503  0.110311  0.726526
0.0383887  0.110501      0.73 0.0680258  0.110363  0.726511
0.0384098  0.110499      0.73 0.068101 0.110415 0.726496
0.0384307  0.110498      0.73 0.0681761  0.110468  0.726481
0.0384514  0.110496      0.73 0.0682509   0.11052  0.726466
0.0384718  0.110495      0.73 0.0683256  0.110572  0.726451
0.038492 0.110494     0.73 0.0684001  0.110625  0.726436
0.0385119  0.110492      0.73 0.0684743  0.110677  0.726421
0.0385315  0.110491      0.73 0.0685484   0.11073  0.726406
0.0385509  0.110489      0.73 0.0686222  0.110783  0.726391
0.0385701  0.110488      0.73 0.0686958  0.110835  0.726376
0.0385891  0.110487      0.73 0.0687692  0.110888  0.726361
0.0386077  0.110485      0.73 0.0688423  0.110941  0.726346
0.0386262  0.110484      0.73 0.0689151  0.110994  0.726332
0.0386444  0.110483      0.73 0.0689877  0.111047  0.726317
0.0386623  0.110481      0.73  0.06906   0.1111 0.726303
0.0386801   0.11048      0.73 0.069132 0.111153 0.726288
0.0386975  0.110479      0.73 0.0692037  0.111206  0.726274
0.0387148  0.110478      0.73 0.0692752  0.111259  0.726259
0.0387318  0.110476      0.73 0.0693464  0.111313  0.726245
0.0387486  0.110475      0.73 0.0694174  0.111366  0.726231
0.0387651  0.110474      0.73 0.0694881  0.111419  0.726217
0.0387814  0.110473      0.73 0.0695586  0.111473  0.726203
0.0387975  0.110472      0.73 0.0696288  0.111526  0.726189
0.0388134  0.110471      0.73 0.0696988   0.11158  0.726175
0.038829  0.11047     0.73 0.0697686  0.111634  0.726161
0.0388444  0.110468      0.73 0.0698382  0.111688  0.726147
0.0388595  0.110467      0.73 0.0699075  0.111741  0.726133
0.0388745  0.110466      0.73 0.0699766  0.111795  0.726119
0.0388892  0.110465      0.73 0.0700455  0.111849  0.726105
0.0389037  0.110464      0.73 0.0701141  0.111904  0.726091
0.0389179  0.110463      0.73 0.0701826  0.111958  0.726078
0.038932 0.110462     0.73 0.0702508  0.112012  0.726064
0.0389458  0.110461      0.73 0.0703188  0.112067   0.72605
0.0389594   0.11046      0.73 0.0703866  0.112121  0.726036
0.0389728  0.110459      0.73 0.0704542  0.112176  0.726023
0.038986 0.110458     0.73 0.0705216   0.11223  0.726009
0.0389989  0.110458      0.73 0.0705887  0.112285  0.725995
0.0390117  0.110457      0.73 0.0706557   0.11234  0.725982
0.0390242  0.110456      0.73 0.0707224  0.112395  0.725968
0.0390366  0.110455      0.73 0.0707889   0.11245  0.725955
0.0390487  0.110454      0.73 0.0708553  0.112505  0.725941
0.0390606  0.110453      0.73 0.0709214   0.11256  0.725927
0.0390723  0.110452      0.73 0.0709873  0.112615  0.725914
0.0390838  0.110451      0.73 0.0710531  0.112671    0.7259
0.0390951  0.110451      0.73 0.0711186  0.112726  0.725887
0.0391062   0.11045      0.73 0.0711839  0.112782  0.725873
0.0391171  0.110449      0.73 0.071249 0.112837  0.72586
0.0391278  0.110448      0.73 0.071314 0.112893 0.725846
0.0391383  0.110448      0.73 0.0713787  0.112949  0.725833
0.0391486  0.110447      0.73 0.0714432  0.113005  0.725819
0.0391587  0.110446      0.73 0.0715076  0.113061  0.725806
0.0391686  0.110445      0.73 0.0715717  0.113117  0.725792
0.0391783  0.110445      0.73 0.0716357  0.113173  0.725779
0.0391879  0.110444      0.73 0.0716994  0.113229  0.725765
0.0391972  0.110443      0.73 0.071763 0.113286 0.725752
0.0392064  0.110443      0.73 0.0718264  0.113342  0.725738
0.0392153  0.110442      0.73 0.0718896  0.113398  0.725725
0.0392241  0.110441      0.73 0.0719526  0.113455  0.725711
0.0392327  0.110441      0.73 0.0720154  0.113512  0.725698
0.0392412   0.11044      0.73 0.072078 0.113569 0.725684
0.0392494   0.11044      0.73 0.0721405  0.113625  0.725671
0.0392575  0.110439      0.73 0.0722027  0.113682  0.725658
0.0392654  0.110439      0.73 0.0722648   0.11374  0.725644
0.0392731  0.110438      0.73 0.0723267  0.113797  0.725631
0.0392806  0.110437      0.73 0.0723884  0.113854  0.725617
0.039288 0.110437     0.73 0.0724499  0.113911  0.725604
0.0392952  0.110436      0.73 0.0725112  0.113969  0.725591
0.0393023  0.110436      0.73 0.0725724  0.114026  0.725577
0.0393091  0.110435      0.73 0.0726333  0.114084  0.725564
0.0393158  0.110435      0.73 0.0726941  0.114142   0.72555
0.0393224  0.110435      0.73 0.0727547  0.114199  0.725537
0.0393288  0.110434      0.73 0.0728151  0.114257  0.725524
0.039335 0.110434     0.73 0.0728754  0.114315   0.72551
0.0393411  0.110433      0.73 0.0729354  0.114374  0.725497
0.039347 0.110433     0.73 0.0729953  0.114432  0.725483
0.0393528  0.110432      0.73 0.073055  0.11449  0.72547
0.0393584  0.110432      0.73 0.0731145  0.114548  0.725457
0.0393639  0.110432      0.73 0.0731738  0.114607  0.725443
0.0393692  0.110431      0.73 0.0732329  0.114665   0.72543
0.0393744  0.110431      0.73 0.0732919  0.114724  0.725417
0.0393794   0.11043      0.73 0.0733507  0.114783  0.725403
0.0393843   0.11043      0.73 0.0734093  0.114842   0.72539
0.039389  0.11043     0.73 0.0734677  0.114901  0.725377
0.0393937  0.110429      0.73 0.0735259   0.11496  0.725363
0.0393981  0.110429      0.73 0.073584 0.115019  0.72535
0.0394025  0.110429      0.73 0.0736419  0.115078  0.725337
0.0394067  0.110429      0.73 0.0736996  0.115137  0.725323
0.0394108  0.110428      0.73 0.0737571  0.115197   0.72531
0.0394147  0.110428      0.73 0.0738144  0.115256  0.725297
0.0394186  0.110428      0.73 0.0738716  0.115316  0.725283
0.0394223  0.110427      0.73 0.0739286  0.115376   0.72527
0.0394259  0.110427      0.73 0.0739854  0.115436  0.725257
0.0394293  0.110427      0.73 0.074042 0.115496 0.725243
0.0394327  0.110427      0.73 0.0740984  0.115556   0.72523
0.0394359  0.110426      0.73 0.0741547  0.115616  0.725217
0.039439 0.110426     0.73 0.0742108  0.115676  0.725204
0.039442 0.110426     0.73 0.0742667  0.115736   0.72519
0.0394449  0.110426      0.73 0.0743224  0.115797  0.725177
0.0394477  0.110426      0.73 0.0743779  0.115857  0.725164
0.0394504  0.110425      0.73 0.0744333  0.115918   0.72515
0.039453 0.110425     0.73 0.0744885  0.115978  0.725137
0.0394555  0.110425      0.73 0.0745435  0.116039  0.725124
0.0394579  0.110425      0.73 0.0745983    0.1161  0.725111
0.0394602  0.110425      0.73 0.0746529  0.116161  0.725097
0.0394624  0.110425      0.73 0.0747074  0.116222  0.725084
0.0394645  0.110424      0.73 0.0747617  0.116283  0.725071
0.0394665  0.110424      0.73 0.0748158  0.116345  0.725058
0.0394684  0.110424      0.73 0.0748697  0.116406  0.725044
0.0394703  0.110424      0.73 0.0749235  0.116468  0.725031
0.039472 0.110424     0.73 0.074977 0.116529 0.725018
0.0394737  0.110424      0.73 0.0750304  0.116591  0.725005
0.0394753  0.110424      0.73 0.0750836  0.116653  0.724992
0.0394769  0.110424      0.73 0.0751367  0.116715  0.724978
0.0394783  0.110423      0.73 0.0751896  0.116777  0.724965
0.0394797  0.110423      0.73 0.0752423  0.116839  0.724952
0.039481 0.110423     0.73 0.0752948  0.116901  0.724939
0.0394823  0.110423      0.73 0.0753471  0.116963  0.724926
0.0394835  0.110423      0.73 0.0753993  0.117025  0.724912
0.0394846  0.110423      0.73 0.0754513  0.117088  0.724899
0.0394857  0.110423      0.73 0.0755031  0.117151  0.724886
0.0394867  0.110423      0.73 0.0755547  0.117213  0.724873
0.0394877  0.110423      0.73 0.0756062  0.117276  0.724859
0.0394886  0.110423      0.73 0.0756575  0.117339  0.724846
0.0394895  0.110423      0.73 0.0757086  0.117402  0.724833
0.0394903  0.110423      0.73 0.0757596  0.117465   0.72482
0.0394911  0.110423      0.73 0.0758104  0.117528  0.724807
0.0394918  0.110422      0.73 0.075861 0.117592 0.724794
0.0394925  0.110422      0.73 0.0759114  0.117655   0.72478
0.0394932  0.110422      0.73 0.0759617  0.117718  0.724767
0.0394938  0.110422      0.73 0.0760118  0.117782  0.724754
0.0394944  0.110422      0.73 0.0760617  0.117846  0.724741
0.039495 0.110422     0.73 0.0761115  0.117909  0.724728
0.0394955  0.110422      0.73 0.0761611  0.117973  0.724714
0.0394961  0.110422      0.73 0.0762105  0.118037  0.724701
0.0394966  0.110422      0.73 0.0762598  0.118101  0.724688
0.0394971  0.110422      0.73 0.0763088  0.118166  0.724675
0.0394975  0.110422      0.73 0.0763577   0.11823  0.724662
0.039498 0.110422     0.73 0.0764065  0.118294  0.724649
0.0394985  0.110422      0.73 0.0764551  0.118359  0.724635
-0.0433291  -0.111218       0.73 -0.0433291  -0.111218   0.719278
-0.0433291  -0.111218       0.73 -0.043319 -0.111148  0.719407
-0.0433291  -0.111218       0.73 -0.043308 -0.111078  0.719536
-0.0433291  -0.111218       0.73 -0.043296 -0.111008  0.719665
-0.0433291  -0.111218       0.73 -0.0432832  -0.110937   0.719794
-0.043329 -0.111218      0.73 -0.0432695  -0.110867   0.719924
-0.043329 -0.111218      0.73 -0.0432549  -0.110796   0.720054
-0.043329 -0.111218      0.73 -0.0432393  -0.110725   0.720184
-0.0433289  -0.111218       0.73 -0.0432229  -0.110654   0.720315
-0.0433288  -0.111218       0.73 -0.0432055  -0.110582   0.720445
-0.0433287  -0.111218       0.73 -0.0431872   -0.11051   0.720576
-0.0433285  -0.111218       0.73 -0.043168 -0.110438  0.720707
-0.0433283  -0.111218       0.73 -0.0431479  -0.110366   0.720838
-0.0433281  -0.111218       0.73 -0.0431268  -0.110294    0.72097
-0.0433279  -0.111218       0.73 -0.0431048  -0.110221   0.721101
-0.0433276  -0.111218       0.73 -0.0430818  -0.110148   0.721233
-0.0433273  -0.111218       0.73 -0.0430579  -0.110075   0.721365
-0.0433269  -0.111218       0.73 -0.043033 -0.110002  0.721497
-0.0433265  -0.111218       0.73 -0.0430071  -0.109928    0.72163
-0.043326 -0.111218      0.73 -0.0429803  -0.109855   0.721762
-0.0433255  -0.111218       0.73 -0.0429524  -0.109781   0.721895
-0.0433249  -0.111218       0.73 -0.0429236  -0.109707   0.722027
-0.0433243  -0.111217       0.73 -0.0428937  -0.109633    0.72216
-0.0433236  -0.111217       0.73 -0.0428629  -0.109558   0.722293
-0.0433229  -0.111217       0.73 -0.042831 -0.109484  0.722426
-0.043322 -0.111217      0.73 -0.0427981  -0.109409    0.72256
-0.0433212  -0.111217       0.73 -0.0427669  -0.109331    0.72269
-0.0433202  -0.111217       0.73 -0.0427375   -0.10925   0.722819
-0.0433192  -0.111217       0.73 -0.0427097  -0.109167   0.722944
-0.0433181  -0.111217       0.73 -0.0426836  -0.109081   0.723068
-0.0433169  -0.111217       0.73 -0.042659 -0.108992  0.723189
-0.0433156  -0.111217       0.73 -0.042636   -0.1089  0.723308
-0.0433143  -0.111217       0.73 -0.0426144  -0.108805   0.723424
-0.0433129  -0.111217       0.73 -0.042595 -0.108711  0.723538
-0.0433114  -0.111217       0.73 -0.0425775  -0.108617   0.723649
-0.0433097  -0.111217       0.73 -0.042562 -0.108524  0.723756
-0.0433081  -0.111217       0.73 -0.0425483  -0.108431   0.723861
-0.0433063  -0.111217       0.73 -0.0425363  -0.108338   0.723963
-0.0433044  -0.111217       0.73 -0.042526 -0.108246  0.724063
-0.0433024  -0.111217       0.73 -0.0425171  -0.108154   0.724159
-0.0433003  -0.111217       0.73 -0.0425097  -0.108063   0.724254
-0.0432981  -0.111217       0.73 -0.0425037  -0.107972   0.724346
-0.0432958  -0.111216       0.73 -0.0424989  -0.107882   0.724435
-0.0432934  -0.111216       0.73 -0.0424951  -0.107792   0.724522
-0.0432908  -0.111216       0.73 -0.0424925  -0.107703   0.724606
-0.0432882  -0.111216       0.73 -0.0424907  -0.107614   0.724689
-0.0432854  -0.111216       0.73 -0.0424898  -0.107526   0.724769
-0.0432826  -0.111216       0.73 -0.0424873  -0.107437   0.724845
-0.0432796  -0.111216       0.73 -0.0424831   -0.10735   0.724918
-0.0432764  -0.111216       0.73 -0.0424774  -0.107262   0.724988
-0.0432732  -0.111216       0.73 -0.0424701  -0.107175   0.725054
-0.0432698  -0.111215       0.73 -0.0424612  -0.107088   0.725116
-0.0432663  -0.111215       0.73 -0.0424507  -0.107001   0.725176
-0.0432627  -0.111215       0.73 -0.0424386  -0.106915   0.725233
-0.0432589  -0.111215       0.73 -0.042425 -0.106829  0.725286
-0.043255 -0.111215      0.73 -0.0424099  -0.106744   0.725338
-0.043251 -0.111215      0.73 -0.0423935  -0.106659   0.725386
-0.0432468  -0.111215       0.73 -0.0423758  -0.106574   0.725432
-0.0432424  -0.111214       0.73 -0.042357  -0.10649  0.725476
-0.043238 -0.111214      0.73 -0.042337 -0.106406  0.725517
-0.0432333  -0.111214       0.73 -0.0423159  -0.106322   0.725556
-0.0432286  -0.111214       0.73 -0.0422939  -0.106238   0.725594
-0.0432236  -0.111214       0.73 -0.0422709  -0.106155   0.725629
-0.0432185  -0.111214       0.73 -0.042247 -0.106072  0.725663
-0.0432133  -0.111213       0.73 -0.0422224  -0.105989   0.725695
-0.0432079  -0.111213       0.73 -0.0421969  -0.105907   0.725725
-0.0432023  -0.111213       0.73 -0.0421707  -0.105825   0.725754
-0.0431966  -0.111213       0.73 -0.0421439  -0.105743   0.725781
-0.0431907  -0.111212       0.73 -0.0421164  -0.105661   0.725807
-0.0431847  -0.111212       0.73 -0.0420883   -0.10558   0.725831
-0.0431785  -0.111212       0.73 -0.0420594  -0.105498   0.725855
-0.0431721  -0.111212       0.73 -0.0420299  -0.105417   0.725876
-0.0431655  -0.111212       0.73 -0.0419997  -0.105336   0.725897
-0.0431588  -0.111211       0.73 -0.0419689  -0.105256   0.725917
-0.0431519  -0.111211       0.73 -0.0419375  -0.105175   0.725935
-0.0431448  -0.111211       0.73 -0.0419055  -0.105095   0.725953
-0.0431375   -0.11121       0.73 -0.0418729  -0.105014    0.72597
-0.04313 -0.11121     0.73 -0.0418397  -0.104934   0.725985
-0.0431224   -0.11121       0.73 -0.0418059  -0.104855      0.726
-0.0431146   -0.11121       0.73 -0.0417716  -0.104775   0.726014
-0.0431065  -0.111209       0.73 -0.0417367  -0.104695   0.726027
-0.0430983  -0.111209       0.73 -0.0417013  -0.104616    0.72604
-0.0430899  -0.111209       0.73 -0.0416654  -0.104536   0.726051
-0.0430813  -0.111208       0.73 -0.041629 -0.104457  0.726062
-0.0430726  -0.111208       0.73 -0.0415922  -0.104378   0.726072
-0.0430636  -0.111208       0.73 -0.0415551  -0.104299   0.726081
-0.0430544  -0.111207       0.73 -0.0415176  -0.104221    0.72609
-0.043045 -0.111207      0.73 -0.0414798  -0.104142   0.726098
-0.0430354  -0.111207       0.73 -0.0414416  -0.104064   0.726106
-0.0430256  -0.111206       0.73 -0.0414032  -0.103985   0.726113
-0.0430156  -0.111206       0.73 -0.0413645  -0.103907   0.726119
-0.0430054  -0.111206       0.73 -0.0413255  -0.103829   0.726125
-0.0429949  -0.111205       0.73 -0.0412863  -0.103751    0.72613
-0.0429843  -0.111205       0.73 -0.0412467  -0.103673   0.726136
-0.0429735  -0.111204       0.73 -0.0412069  -0.103596    0.72614
-0.0429624  -0.111204       0.73 -0.0411668  -0.103518   0.726144
-0.0429511  -0.111203       0.73 -0.0411265  -0.103441   0.726148
-0.0429396  -0.111203       0.73 -0.0410859  -0.103364   0.726152
-0.0429279  -0.111203       0.73 -0.0410452  -0.103286   0.726155
-0.0429159  -0.111202       0.73 -0.0410042   -0.10321   0.726158
-0.0429038  -0.111202       0.73 -0.040963 -0.103133  0.726161
-0.0428914  -0.111201       0.73 -0.0409216  -0.103056   0.726163
-0.0428787  -0.111201       0.73 -0.04088 -0.10298 0.726166
-0.0428659    -0.1112       0.73 -0.0408381  -0.102903   0.726168
-0.0428528    -0.1112       0.73 -0.0407961  -0.102827   0.726169
-0.0428395  -0.111199       0.73 -0.0407538  -0.102751   0.726171
-0.0428259  -0.111199       0.73 -0.0407113  -0.102675   0.726173
-0.0428121  -0.111198       0.73 -0.0406685  -0.102599   0.726174
-0.0427981  -0.111198       0.73 -0.0406256  -0.102524   0.726176
-0.0427838  -0.111197       0.73 -0.0405824  -0.102448   0.726177
-0.0427693  -0.111197       0.73 -0.040539 -0.102373  0.726178
-0.0427546  -0.111196       0.73 -0.0404954  -0.102298   0.726179
-0.0427396  -0.111196       0.73 -0.0404515  -0.102223    0.72618
-0.0427243  -0.111195       0.73 -0.0404075  -0.102148   0.726181
-0.0427089  -0.111194       0.73 -0.0403632  -0.102074   0.726182
-0.0426931  -0.111194       0.73 -0.0403186  -0.101999   0.726183
-0.0426771  -0.111193       0.73 -0.0402739  -0.101925   0.726184
-0.0426609  -0.111193       0.73 -0.040229 -0.101851  0.726185
-0.0426444  -0.111192       0.73 -0.0401838  -0.101776   0.726186
-0.0426277  -0.111191       0.73 -0.0401384  -0.101703   0.726188
-0.0426107  -0.111191       0.73 -0.0400928  -0.101629   0.726189
-0.0425934   -0.11119       0.73 -0.040047 -0.101555   0.72619
-0.0425759  -0.111189       0.73 -0.0400009  -0.101482   0.726191
-0.0425581  -0.111189       0.73 -0.0399547  -0.101409   0.726193
-0.0425401  -0.111188       0.73 -0.0399082  -0.101336   0.726194
-0.0425218  -0.111187       0.73 -0.0398616  -0.101263   0.726196
-0.0425032  -0.111187       0.73 -0.0398147   -0.10119   0.726198
-0.0424844  -0.111186       0.73 -0.0397677  -0.101118   0.726199
-0.0424653  -0.111185       0.73 -0.0397204  -0.101045   0.726201
-0.0424459  -0.111185       0.73 -0.039673 -0.100973  0.726204
-0.0424263  -0.111184       0.73 -0.0396253  -0.100901   0.726206
-0.0424064  -0.111183       0.73 -0.0395775   -0.10083   0.726208
-0.0423862  -0.111182       0.73 -0.0395294  -0.100758   0.726211
-0.0423658  -0.111182       0.73 -0.0394812  -0.100687   0.726214
-0.042345 -0.111181      0.73 -0.0394329  -0.100616   0.726216
-0.042324  -0.11118      0.73 -0.0393844  -0.100545    0.72622
-0.0423027  -0.111179       0.73 -0.0393357  -0.100474   0.726223
-0.0422812  -0.111178       0.73 -0.0392869  -0.100404   0.726226
-0.0422593  -0.111178       0.73 -0.039238 -0.100333   0.72623
-0.0422372  -0.111177       0.73 -0.0391889  -0.100263   0.726234
-0.0422148  -0.111176       0.73 -0.0391397  -0.100193   0.726238
-0.0421921  -0.111175       0.73 -0.0390903  -0.100124   0.726242
-0.0421692  -0.111174       0.73 -0.0390408  -0.100054   0.726246
-0.0421459  -0.111173       0.73  -0.038991 -0.0999851   0.726251
-0.0421224  -0.111172       0.73 -0.0389411 -0.0999163   0.726256
-0.0420985  -0.111172       0.73 -0.0388909 -0.0998477   0.726261
-0.0420744  -0.111171       0.73 -0.0388406 -0.0997793   0.726267
-0.04205 -0.11117     0.73   -0.03879 -0.0997113   0.726272
-0.0420253  -0.111169       0.73 -0.0387394 -0.0996435   0.726278
-0.0420003  -0.111168       0.73 -0.0386885 -0.0995759   0.726284
-0.041975 -0.111167      0.73 -0.0386375 -0.0995086   0.726291
-0.0419494  -0.111166       0.73 -0.0385864 -0.0994416   0.726298
-0.0419235  -0.111165       0.73 -0.0385351 -0.0993748   0.726305
-0.0418974  -0.111164       0.73 -0.0384836 -0.0993083   0.726312
-0.0418709  -0.111163       0.73 -0.038432 -0.099242   0.72632
-0.0418441  -0.111162       0.73 -0.0383803 -0.0991761   0.726328
-0.041817 -0.111161      0.73 -0.0383284 -0.0991103   0.726336
-0.0417897   -0.11116       0.73 -0.0382764 -0.0990449   0.726345
-0.041762 -0.111159      0.73 -0.0382242 -0.0989797   0.726354
-0.041734 -0.111158      0.73 -0.0381718 -0.0989148   0.726363
-0.0417057  -0.111157       0.73 -0.0381193 -0.0988502   0.726373
-0.0416772  -0.111156       0.73 -0.0380666 -0.0987858   0.726383
-0.0416483  -0.111155       0.73 -0.0380137 -0.0987217   0.726394
-0.0416191  -0.111154       0.73 -0.0379608 -0.0986579   0.726405
-0.0415896  -0.111152       0.73 -0.0379077 -0.0985944   0.726417
-0.0415598  -0.111151       0.73 -0.0378544 -0.0985311   0.726429
-0.0415297   -0.11115       0.73  -0.037801 -0.0984682   0.726442
-0.0414992  -0.111149       0.73 -0.0377475 -0.0984055   0.726455
-0.0414685  -0.111148       0.73 -0.0376938  -0.098343   0.726468
-0.0414375  -0.111147       0.73   -0.03764 -0.0982809   0.726482
-0.0414061  -0.111146       0.73 -0.037586 -0.098219  0.726497
-0.0413745  -0.111144       0.73 -0.0375319 -0.0981574   0.726512
-0.0413425  -0.111143       0.73 -0.0374777  -0.098096   0.726527
-0.0413102  -0.111142       0.73 -0.0374233 -0.0980349   0.726543
-0.0412776  -0.111141       0.73 -0.0373688 -0.0979741   0.726559
-0.0412447   -0.11114       0.73 -0.0373141 -0.0979135   0.726576
-0.0412114  -0.111138       0.73 -0.0372593 -0.0978532   0.726594
-0.0411779  -0.111137       0.73 -0.0372044 -0.0977932   0.726611
-0.041144 -0.111136      0.73 -0.0371494 -0.0977334    0.72663
-0.0411099  -0.111135       0.73 -0.0370942 -0.0976739   0.726648
-0.0410754  -0.111133       0.73 -0.0370389 -0.0976146   0.726667
-0.0410406  -0.111132       0.73 -0.0369835 -0.0975556   0.726687
-0.0410054  -0.111131       0.73 -0.0369279 -0.0974968   0.726707
 -0.04097 -0.111129      0.73 -0.0368722 -0.0974383   0.726727
-0.0409342  -0.111128       0.73 -0.0368164 -0.0973801   0.726748
-0.0408982  -0.111127       0.73 -0.0367604  -0.097322   0.726769
-0.0408618  -0.111125       0.73 -0.0367044 -0.0972643    0.72679
-0.040825 -0.111124      0.73 -0.0366482 -0.0972068   0.726812
-0.040788 -0.111122      0.73 -0.0365919 -0.0971495   0.726834
-0.0407507  -0.111121       0.73 -0.0365354 -0.0970925   0.726857
-0.040713  -0.11112      0.73 -0.0364788 -0.0970357   0.726879
-0.040675 -0.111118      0.73 -0.0364221 -0.0969792   0.726903
-0.0406367  -0.111117       0.73 -0.0363653 -0.0969229   0.726926
-0.040598 -0.111115      0.73 -0.0363083 -0.0968669    0.72695
-0.0405591  -0.111114       0.73 -0.0362513 -0.0968111   0.726974
-0.0405198  -0.111112       0.73 -0.0361941 -0.0967556   0.726998
-0.0404802  -0.111111       0.73 -0.0361367 -0.0967003   0.727023
-0.0404403  -0.111109       0.73 -0.0360793 -0.0966453   0.727048
-0.0404001  -0.111108       0.73 -0.0360217 -0.0965905   0.727073
-0.0403595  -0.111106       0.73 -0.035964 -0.096536  0.727099
-0.0403187  -0.111105       0.73 -0.0359061 -0.0964818   0.727124
-0.0402775  -0.111103       0.73 -0.0358482 -0.0964279    0.72715
-0.040236 -0.111102      0.73 -0.0357901 -0.0963742   0.727176
-0.0401941    -0.1111       0.73 -0.0357319 -0.0963209   0.727203
-0.040152 -0.111099      0.73 -0.0356736  -0.096268   0.727229
-0.0401095  -0.111097       0.73 -0.0356151 -0.0962153   0.727256
-0.0400667  -0.111095       0.73 -0.0355566 -0.0961629   0.727283
-0.0400236  -0.111094       0.73 -0.0354979 -0.0961109    0.72731
-0.0399802  -0.111092       0.73  -0.035439 -0.0960592   0.727337
-0.0399364  -0.111091       0.73 -0.0353801 -0.0960079   0.727364
-0.0398924  -0.111089       0.73  -0.035321 -0.0959568   0.727392
-0.039848 -0.111087      0.73 -0.0352618 -0.0959061   0.727419
-0.0398033  -0.111086       0.73 -0.0352025 -0.0958557   0.727447
-0.0397583  -0.111084       0.73 -0.0351431 -0.0958055   0.727475
-0.0397129  -0.111082       0.73 -0.0350835 -0.0957557   0.727503
-0.0396673   -0.11108       0.73 -0.0350238 -0.0957062   0.727531
-0.0396213  -0.111079       0.73  -0.034964 -0.0956569   0.727559
-0.039575 -0.111077      0.73 -0.0349041 -0.0956079   0.727587
-0.0395284  -0.111075       0.73  -0.034844 -0.0955591   0.727615
-0.0394815  -0.111073       0.73 -0.0347838 -0.0955107   0.727644
-0.0394343  -0.111072       0.73 -0.0347234 -0.0954624   0.727672
-0.0393867   -0.11107       0.73  -0.034663 -0.0954144   0.727701
-0.0393389  -0.111068       0.73 -0.0346024 -0.0953667   0.727729
-0.0392907  -0.111066       0.73 -0.0345416 -0.0953191   0.727758
-0.0392422  -0.111065       0.73 -0.0344808 -0.0952718   0.727787
-0.0391934  -0.111063       0.73 -0.0344198 -0.0952247   0.727815
-0.0391443  -0.111061       0.73 -0.0343587 -0.0951778   0.727844
-0.0390949  -0.111059       0.73 -0.0342975 -0.0951311   0.727873
-0.0390451  -0.111057       0.73 -0.0342362 -0.0950845   0.727901
-0.0389951  -0.111055       0.73 -0.0341747 -0.0950381    0.72793
-0.0389447  -0.111053       0.73 -0.0341131 -0.0949919   0.727959
-0.038894 -0.111051      0.73 -0.0340514 -0.0949458   0.727988
-0.038843  -0.11105      0.73 -0.0339896 -0.0948999   0.728016
-0.0387917  -0.111048       0.73 -0.0339276 -0.0948542   0.728045
-0.0387401  -0.111046       0.73 -0.0338655 -0.0948086   0.728074
-0.0386882  -0.111044       0.73 -0.0338033 -0.0947631   0.728103
-0.038636 -0.111042      0.73  -0.033741 -0.0947178   0.728131
-0.0385835   -0.11104       0.73 -0.0336786 -0.0946726    0.72816
-0.0385306  -0.111038       0.73  -0.033616 -0.0946275   0.728189
-0.0384775  -0.111036       0.73 -0.0335533 -0.0945826   0.728218
-0.038424 -0.111034      0.73 -0.0334905 -0.0945378   0.728246
-0.0383702  -0.111032       0.73 -0.0334276 -0.0944932   0.728275
-0.0383161   -0.11103       0.73 -0.0333645 -0.0944486   0.728303
-0.0382618  -0.111028       0.73 -0.0333013 -0.0944042   0.728332
-0.0382071  -0.111026       0.73 -0.033238  -0.09436   0.72836
-0.0381521  -0.111024       0.73 -0.0331746 -0.0943159   0.728389
-0.0380968  -0.111022       0.73 -0.0331111 -0.0942719   0.728417
-0.0380411   -0.11102       0.73 -0.0330474  -0.094228   0.728446
-0.0379852  -0.111017       0.73 -0.0329836 -0.0941843   0.728474
-0.037929 -0.111015      0.73 -0.0329197 -0.0941407   0.728502
-0.0378724  -0.111013       0.73 -0.0328557 -0.0940972    0.72853
-0.0378156  -0.111011       0.73 -0.0327915 -0.0940539   0.728559
-0.0377584  -0.111009       0.73 -0.0327273 -0.0940108   0.728587
-0.037701 -0.111007      0.73 -0.0326629 -0.0939677   0.728615
-0.0376432  -0.111005       0.73 -0.0325984 -0.0939248   0.728643
-0.0375852  -0.111002       0.73 -0.0325337 -0.0938821    0.72867
-0.0375268     -0.111       0.73  -0.032469 -0.0938394   0.728698
-0.0374681  -0.110998       0.73 -0.0324041  -0.093797   0.728726
-0.0374091  -0.110996       0.73 -0.0323391 -0.0937546   0.728754
-0.0373498  -0.110994       0.73  -0.032274 -0.0937125   0.728781
-0.0372902  -0.110991       0.73 -0.0322087 -0.0936704   0.728809
-0.0372303  -0.110989       0.73 -0.0321434 -0.0936285   0.728836
-0.0371701  -0.110987       0.73 -0.0320779 -0.0935868   0.728863
-0.0371095  -0.110985       0.73 -0.0320123 -0.0935452   0.728891
-0.0370487  -0.110982       0.73 -0.0319465 -0.0935038   0.728918
-0.0369876   -0.11098       0.73 -0.0318807 -0.0934625   0.728945
-0.0369261  -0.110978       0.73 -0.0318147 -0.0934214   0.728972
-0.0368644  -0.110975       0.73 -0.0317486 -0.0933804   0.728999
-0.0368023  -0.110973       0.73 -0.0316824 -0.0933396   0.729025
-0.0367399  -0.110971       0.73  -0.031616 -0.0932989   0.729052
-0.0366772  -0.110968       0.73 -0.0315496 -0.0932584   0.729079
-0.0366142  -0.110966       0.73 -0.031483 -0.093218  0.729105
-0.0365509  -0.110964       0.73 -0.0314163 -0.0931778   0.729132
-0.0364873  -0.110961       0.73 -0.0313494 -0.0931377   0.729158
-0.0364234  -0.110959       0.73 -0.0312824 -0.0930978   0.729184
-0.0363592  -0.110956       0.73 -0.0312153  -0.093058    0.72921
-0.0362946  -0.110954       0.73 -0.0311481 -0.0930184   0.729236
-0.0362298  -0.110952       0.73 -0.0310807 -0.0929789   0.729262
-0.0361646  -0.110949       0.73 -0.0310132 -0.0929396   0.729288
-0.0360991  -0.110947       0.73 -0.0309456 -0.0929004   0.729314
-0.0360333  -0.110944       0.73 -0.0308778 -0.0928613    0.72934
-0.0359672  -0.110942       0.73 -0.0308099 -0.0928224   0.729365
-0.0359008  -0.110939       0.73 -0.0307419 -0.0927836    0.72939
-0.0358341  -0.110937       0.73 -0.0306738  -0.092745   0.729416
-0.035767 -0.110934      0.73 -0.0306055 -0.0927064   0.729441
-0.0356997  -0.110932       0.73 -0.030537 -0.092668  0.729466
-0.035632 -0.110929      0.73 -0.0304685 -0.0926298   0.729491
-0.035564 -0.110927      0.73 -0.0303998 -0.0925916   0.729516
-0.0354958  -0.110924       0.73 -0.0303309 -0.0925536   0.729541
-0.0354271  -0.110922       0.73  -0.030262 -0.0925158   0.729565
-0.0353582  -0.110919       0.73 -0.0301928  -0.092478    0.72959
-0.035289 -0.110916      0.73 -0.0301236 -0.0924404   0.729614
-0.0352194  -0.110914       0.73 -0.0300542 -0.0924029   0.729639
-0.0351495  -0.110911       0.73 -0.0299847 -0.0923655   0.729663
-0.0350794  -0.110909       0.73  -0.029915 -0.0923283   0.729687
-0.0350089  -0.110906       0.73 -0.0298452 -0.0922911   0.729711
-0.034938 -0.110903      0.73 -0.0297753 -0.0922541   0.729735
-0.0348669  -0.110901       0.73 -0.0297052 -0.0922173   0.729759
-0.0347954  -0.110898       0.73 -0.0296349 -0.0921805   0.729782
-0.0347237  -0.110895       0.73 -0.0295646 -0.0921439   0.729806
-0.0346516  -0.110892       0.73 -0.0294941 -0.0921074   0.729829
-0.0345792   -0.11089       0.73 -0.0294234  -0.092071   0.729853
-0.0345065  -0.110887       0.73 -0.0293526 -0.0920348   0.729876
-0.0344334  -0.110884       0.73 -0.0292817 -0.0919987   0.729899
-0.0343601  -0.110882       0.73 -0.0292107 -0.0919627   0.729922
-0.0342864  -0.110879       0.73 -0.0291395 -0.0919268   0.729945
-0.0342124  -0.110876       0.73 -0.0290682  -0.091891   0.729968
-0.0341381  -0.110873       0.73 -0.0289968 -0.0918553   0.729991
-0.0340634   -0.11087       0.73 -0.0289252 -0.0918198   0.730013
-0.0339885  -0.110868       0.73 -0.0288536 -0.0917844   0.730036
-0.0339132  -0.110865       0.73 -0.0287818  -0.091749   0.730058
-0.0338377  -0.110862       0.73 -0.0287099 -0.0917138    0.73008
-0.0337617  -0.110859       0.73 -0.0286379 -0.0916788   0.730102
-0.0336855  -0.110856       0.73 -0.0285658 -0.0916438   0.730124
-0.033609 -0.110853      0.73 -0.0284935  -0.091609   0.730146
-0.0335321  -0.110851       0.73 -0.0284212 -0.0915742   0.730168
-0.033455 -0.110848      0.73 -0.0283487 -0.0915396    0.73019
-0.0333775  -0.110845       0.73 -0.0282761 -0.0915052   0.730211
-0.0332997  -0.110842       0.73 -0.0282034 -0.0914708   0.730233
-0.0332215  -0.110839       0.73 -0.0281306 -0.0914365   0.730254
-0.0331431  -0.110836       0.73 -0.0280576 -0.0914024   0.730275
-0.0330643  -0.110833       0.73 -0.0279846 -0.0913684   0.730296
-0.0329853   -0.11083       0.73 -0.0279114 -0.0913345   0.730317
-0.0329059  -0.110827       0.73 -0.0278381 -0.0913008   0.730338
-0.0328261  -0.110824       0.73 -0.0277647 -0.0912672   0.730359
-0.0327461  -0.110821       0.73 -0.0276911 -0.0912336    0.73038
-0.0326658  -0.110818       0.73 -0.0276175 -0.0912003     0.7304
-0.0325851  -0.110815       0.73 -0.0275437  -0.091167   0.730421
-0.0325041  -0.110812       0.73 -0.0274698 -0.0911338   0.730441
-0.0324228  -0.110809       0.73 -0.0273958 -0.0911008   0.730461
-0.0323412  -0.110806       0.73 -0.0273216 -0.0910679   0.730481
-0.0322593  -0.110803       0.73 -0.0272473 -0.0910352   0.730501
-0.0321771    -0.1108       0.73  -0.027173 -0.0910025   0.730521
-0.0320945  -0.110797       0.73 -0.0270985   -0.09097   0.730541
-0.0320117  -0.110794       0.73 -0.0270238 -0.0909376   0.730561
-0.0319285   -0.11079       0.73 -0.0269491 -0.0909053    0.73058
-0.031845 -0.110787      0.73 -0.0268742 -0.0908732     0.7306
-0.0317612  -0.110784       0.73 -0.0267992 -0.0908412   0.730619
-0.0316771  -0.110781       0.73  -0.026724 -0.0908093   0.730638
-0.0315927  -0.110778       0.73 -0.0266488 -0.0907775   0.730658
-0.0315079  -0.110775       0.73 -0.0265734 -0.0907459   0.730677
-0.0314229  -0.110771       0.73 -0.0264979 -0.0907144   0.730695
-0.0313375  -0.110768       0.73 -0.0264223  -0.090683   0.730714
-0.0312518  -0.110765       0.73 -0.0263465 -0.0906517   0.730733
-0.0311659  -0.110762       0.73 -0.0262706 -0.0906206   0.730752
-0.0310796  -0.110759       0.73 -0.0261946 -0.0905895    0.73077
-0.030993 -0.110755      0.73 -0.0261184 -0.0905587   0.730788
-0.0309061  -0.110752       0.73 -0.0260421 -0.0905279   0.730807
-0.0308189  -0.110749       0.73 -0.0259657 -0.0904972   0.730825
-0.0307314  -0.110746       0.73 -0.0258892 -0.0904667   0.730843
-0.0306435  -0.110742       0.73 -0.0258125 -0.0904363   0.730861
-0.0305554  -0.110739       0.73 -0.0257357 -0.0904061   0.730879
-0.030467 -0.110736      0.73 -0.0256588 -0.0903759   0.730896
-0.0303783  -0.110732       0.73 -0.0255817 -0.0903459   0.730914
-0.0302892  -0.110729       0.73 -0.0255045  -0.090316   0.730931
-0.0301999  -0.110726       0.73 -0.0254272 -0.0902863   0.730949
-0.0301102  -0.110722       0.73 -0.0253497 -0.0902566   0.730966
-0.0300203  -0.110719       0.73 -0.0252721 -0.0902271   0.730983
 -0.02993 -0.110716      0.73 -0.0251944 -0.0901977      0.731
-0.0298395  -0.110712       0.73 -0.0251165 -0.0901684   0.731017
-0.0297486  -0.110709       0.73 -0.0250385 -0.0901392   0.731034
-0.0296575  -0.110705       0.73 -0.0249603 -0.0901101   0.731051
-0.0295661  -0.110702       0.73 -0.0248821 -0.0900812   0.731067
-0.0294743  -0.110698       0.73 -0.0248037 -0.0900523   0.731084
-0.0293823  -0.110695       0.73 -0.0247251 -0.0900236     0.7311
 -0.02929 -0.110692      0.73 -0.0246464  -0.089995   0.731117
-0.0291973  -0.110688       0.73 -0.0245676 -0.0899665   0.731133
-0.0291044  -0.110685       0.73 -0.0244887 -0.0899381   0.731149
-0.0290112  -0.110681       0.73 -0.0244095 -0.0899098   0.731165
-0.0289177  -0.110678       0.73 -0.0243303 -0.0898816   0.731181
-0.0288239  -0.110674       0.73 -0.0242509 -0.0898535   0.731197
-0.0287298  -0.110671       0.73 -0.0241714 -0.0898256   0.731212
-0.0286354  -0.110667       0.73 -0.0240918 -0.0897978   0.731228
-0.0285407  -0.110663       0.73  -0.024012 -0.0897701   0.731243
-0.0284458   -0.11066       0.73 -0.0239321 -0.0897424   0.731259
-0.0283505  -0.110656       0.73 -0.023852 -0.089715  0.731274
-0.028255 -0.110653      0.73 -0.0237718 -0.0896876   0.731289
-0.0281592  -0.110649       0.73 -0.0236915 -0.0896603   0.731304
-0.0280631  -0.110646       0.73  -0.023611 -0.0896332   0.731319
-0.0279667  -0.110642       0.73 -0.0235304 -0.0896061   0.731334
 -0.02787 -0.110638      0.73 -0.0234496 -0.0895792   0.731349
-0.027773 -0.110635      0.73 -0.0233687 -0.0895524   0.731363
-0.0276758  -0.110631       0.73 -0.0232877 -0.0895257   0.731378
-0.0275783  -0.110627       0.73 -0.0232065 -0.0894992   0.731392
-0.0274805  -0.110624       0.73 -0.0231252 -0.0894727   0.731406
-0.0273824   -0.11062       0.73 -0.0230437 -0.0894464   0.731421
-0.027284 -0.110616      0.73 -0.0229621 -0.0894202   0.731435
-0.0271854  -0.110613       0.73 -0.0228804 -0.0893942   0.731449
-0.0270865  -0.110609       0.73 -0.0227985 -0.0893682   0.731463
-0.0269873  -0.110605       0.73 -0.0227164 -0.0893424   0.731476
-0.0268878  -0.110602       0.73 -0.0226343 -0.0893167    0.73149
-0.0267881  -0.110598       0.73  -0.022552 -0.0892911   0.731504
-0.026688 -0.110594      0.73 -0.0224695 -0.0892657   0.731517
-0.0265878   -0.11059       0.73 -0.0223869 -0.0892403    0.73153
-0.0264872  -0.110587       0.73 -0.0223041 -0.0892151   0.731544
-0.0263864  -0.110583       0.73 -0.0222212 -0.0891901   0.731557
-0.0262853  -0.110579       0.73 -0.0221382 -0.0891651    0.73157
-0.0261839  -0.110575       0.73  -0.022055 -0.0891403   0.731583
-0.0260823  -0.110571       0.73 -0.0219716 -0.0891157   0.731596
-0.0259804  -0.110568       0.73 -0.0218882 -0.0890911   0.731608
-0.0258782  -0.110564       0.73 -0.0218045 -0.0890667   0.731621
-0.0257758   -0.11056       0.73 -0.0217208 -0.0890424   0.731633
-0.0256731  -0.110556       0.73 -0.0216369 -0.0890183   0.731646
-0.0255701  -0.110552       0.73 -0.0215528 -0.0889942   0.731658
-0.0254669  -0.110548       0.73 -0.0214686 -0.0889703    0.73167
-0.0253634  -0.110544       0.73 -0.0213842 -0.0889466   0.731683
-0.0252597  -0.110541       0.73 -0.0212997 -0.0889229   0.731695
-0.0251557  -0.110537       0.73  -0.021215 -0.0888994   0.731706
-0.0250515  -0.110533       0.73 -0.0211302 -0.0888761   0.731718
-0.024947 -0.110529      0.73 -0.0210453 -0.0888528    0.73173
-0.0248422  -0.110525       0.73 -0.0209601 -0.0888297   0.731741
-0.0247372  -0.110521       0.73 -0.0208749 -0.0888068   0.731753
-0.0246319  -0.110517       0.73 -0.0207894 -0.0887839   0.731764
-0.0245264  -0.110513       0.73 -0.0207038 -0.0887612   0.731775
-0.0244206  -0.110509       0.73 -0.0206181 -0.0887386   0.731786
-0.0243146  -0.110505       0.73 -0.0205322 -0.0887162   0.731797
-0.0242083  -0.110501       0.73 -0.0204461 -0.0886939   0.731808
-0.0241018  -0.110497       0.73 -0.0203599 -0.0886717   0.731819
-0.023995 -0.110493      0.73 -0.0202735 -0.0886497   0.731829
-0.023888 -0.110489      0.73  -0.020187 -0.0886278    0.73184
-0.0237807  -0.110485       0.73 -0.0201003  -0.088606    0.73185
-0.0236732  -0.110481       0.73 -0.0200134 -0.0885844    0.73186
-0.0235655  -0.110477       0.73 -0.0199265 -0.0885629    0.73187
-0.0234575  -0.110473       0.73 -0.0198393 -0.0885415    0.73188
-0.0233493  -0.110469       0.73  -0.019752 -0.0885202    0.73189
-0.0232408  -0.110465       0.73 -0.0196645 -0.0884991     0.7319
-0.0231321  -0.110461       0.73 -0.0195769 -0.0884782   0.731909
-0.0230232  -0.110457       0.73 -0.0194892 -0.0884573   0.731919
-0.022914 -0.110453      0.73 -0.0194012 -0.0884366   0.731928
-0.0228046  -0.110449       0.73 -0.0193132  -0.088416   0.731938
-0.0226949  -0.110444       0.73  -0.019225 -0.0883956   0.731947
-0.0225851   -0.11044       0.73 -0.0191366 -0.0883752   0.731956
-0.0224749  -0.110436       0.73 -0.0190481  -0.088355   0.731965
-0.0223646  -0.110432       0.73 -0.0189594  -0.088335   0.731973
-0.022254 -0.110428      0.73 -0.0188706 -0.0883151   0.731982
-0.0221432  -0.110424       0.73 -0.0187817 -0.0882953   0.731991
-0.0220322   -0.11042       0.73 -0.0186926 -0.0882756   0.731999
-0.021921 -0.110415      0.73 -0.0186033  -0.088256   0.732008
-0.0218095  -0.110411       0.73 -0.0185139 -0.0882366   0.732016
-0.0216978  -0.110407       0.73 -0.0184244 -0.0882173   0.732024
-0.0215859  -0.110403       0.73 -0.0183347 -0.0881982   0.732032
-0.0214737  -0.110399       0.73 -0.0182449 -0.0881792    0.73204
-0.0213613  -0.110394       0.73  -0.018155 -0.0881603   0.732048
-0.0212488   -0.11039       0.73 -0.0180649 -0.0881415   0.732056
-0.021136 -0.110386      0.73 -0.0179746 -0.0881228   0.732064
-0.0210229  -0.110382       0.73 -0.0178843 -0.0881043   0.732072
-0.0209097  -0.110378       0.73 -0.0177938 -0.0880859   0.732079
-0.0207963  -0.110373       0.73 -0.0177031 -0.0880676   0.732087
-0.0206826  -0.110369       0.73 -0.0176123 -0.0880495   0.732094
-0.0205687  -0.110365       0.73 -0.0175214 -0.0880315   0.732101
-0.0204547   -0.11036       0.73 -0.0174303 -0.0880136   0.732109
-0.0203404  -0.110356       0.73 -0.0173391 -0.0879958   0.732116
-0.0202259  -0.110352       0.73 -0.0172477 -0.0879782   0.732123
-0.0201112  -0.110348       0.73 -0.0171563 -0.0879607    0.73213
-0.0199962  -0.110343       0.73 -0.0170647 -0.0879433   0.732137
-0.0198811  -0.110339       0.73 -0.0169729 -0.0879261   0.732144
-0.0197658  -0.110335       0.73 -0.016881 -0.087909   0.73215
-0.0196503   -0.11033       0.73  -0.016789 -0.0878919   0.732157
-0.0195346  -0.110326       0.73 -0.0166969 -0.0878751   0.732164
-0.0194186  -0.110322       0.73 -0.0166046 -0.0878583    0.73217
-0.0193025  -0.110317       0.73 -0.0165122 -0.0878417   0.732177
-0.0191862  -0.110313       0.73 -0.0164196 -0.0878252   0.732183
-0.0190697  -0.110309       0.73 -0.0163269 -0.0878088   0.732189
-0.018953 -0.110304      0.73 -0.0162341 -0.0877926   0.732195
-0.0188361    -0.1103       0.73 -0.0161412 -0.0877765   0.732202
-0.018719 -0.110295      0.73 -0.0160481 -0.0877605   0.732208
-0.0186017  -0.110291       0.73 -0.0159549 -0.0877446   0.732214
-0.0184842  -0.110287       0.73 -0.0158616 -0.0877289    0.73222
-0.0183665  -0.110282       0.73 -0.0157681 -0.0877133   0.732225
-0.0182487  -0.110278       0.73 -0.0156745 -0.0876978   0.732231
-0.0181306  -0.110273       0.73 -0.0155808 -0.0876825   0.732237
-0.0180124  -0.110269       0.73  -0.015487 -0.0876672   0.732243
-0.017894 -0.110265      0.73  -0.015393 -0.0876521   0.732248
-0.0177754   -0.11026       0.73 -0.0152989 -0.0876372   0.732254
-0.0176566  -0.110256       0.73 -0.0152047 -0.0876223   0.732259
-0.0175377  -0.110251       0.73 -0.0151103 -0.0876076   0.732265
-0.0174186  -0.110247       0.73 -0.0150158  -0.087593    0.73227
-0.0172992  -0.110242       0.73 -0.0149212 -0.0875786   0.732275
-0.0171798  -0.110238       0.73 -0.0148265 -0.0875643   0.732281
-0.0170601  -0.110233       0.73 -0.0147317 -0.0875501   0.732286
-0.0169403  -0.110229       0.73 -0.0146367  -0.087536   0.732291
-0.0168203  -0.110224       0.73 -0.0145416 -0.0875221   0.732296
-0.0167001   -0.11022       0.73 -0.0144464 -0.0875082   0.732301
-0.0165797  -0.110215       0.73  -0.014351 -0.0874946   0.732306
-0.0164592  -0.110211       0.73 -0.0142556  -0.087481   0.732311
-0.0163385  -0.110206       0.73   -0.01416 -0.0874676   0.732316
-0.0162177  -0.110202       0.73 -0.0140643 -0.0874543   0.732321
-0.0160967  -0.110197       0.73 -0.0139685 -0.0874411   0.732325
-0.0159755  -0.110193       0.73 -0.0138725 -0.0874281    0.73233
-0.0158542  -0.110188       0.73 -0.0137765 -0.0874152   0.732335
-0.0157327  -0.110184       0.73 -0.0136803 -0.0874024   0.732339
-0.015611 -0.110179      0.73  -0.013584 -0.0873898   0.732344
-0.0154892  -0.110174       0.73 -0.0134875 -0.0873773   0.732348
-0.0153672   -0.11017       0.73  -0.013391 -0.0873649   0.732353
-0.0152451  -0.110165       0.73 -0.0132943 -0.0873527   0.732357
-0.0151228  -0.110161       0.73 -0.0131976 -0.0873406   0.732361
-0.0150004  -0.110156       0.73 -0.0131006 -0.0873286   0.732365
-0.0148778  -0.110151       0.73 -0.0130036 -0.0873168    0.73237
-0.014755 -0.110147      0.73 -0.0129065 -0.0873051   0.732374
-0.0146322  -0.110142       0.73 -0.0128092 -0.0872935   0.732378
-0.0145091  -0.110138       0.73 -0.0127118 -0.0872821   0.732382
-0.0143859  -0.110133       0.73 -0.0126144 -0.0872708   0.732386
-0.0142626  -0.110128       0.73 -0.0125167 -0.0872596    0.73239
-0.0141391  -0.110124       0.73  -0.012419 -0.0872486   0.732394
-0.0140155  -0.110119       0.73 -0.0123212 -0.0872377   0.732397
-0.0138918  -0.110115       0.73 -0.0122232 -0.0872269   0.732401
-0.0137679   -0.11011       0.73 -0.0121251 -0.0872163   0.732405
-0.0136439  -0.110105       0.73 -0.0120269 -0.0872058   0.732409
-0.0135197  -0.110101       0.73 -0.0119286 -0.0871954   0.732412
-0.0133954  -0.110096       0.73 -0.0118302 -0.0871852   0.732416
-0.013271 -0.110091      0.73 -0.0117317 -0.0871751   0.732419
-0.0131464  -0.110087       0.73  -0.011633 -0.0871652   0.732423
-0.0130217  -0.110082       0.73 -0.0115343 -0.0871554   0.732426
-0.0128968  -0.110077       0.73 -0.0114354 -0.0871457   0.732429
-0.0127719  -0.110073       0.73 -0.0113364 -0.0871362   0.732433
-0.0126468  -0.110068       0.73 -0.0112373 -0.0871268   0.732436
-0.0125216  -0.110063       0.73  -0.011138 -0.0871175   0.732439
-0.0123962  -0.110058       0.73 -0.0110387 -0.0871084   0.732442
-0.0122708  -0.110054       0.73 -0.0109393 -0.0870994   0.732445
-0.0121452  -0.110049       0.73 -0.0108397 -0.0870905   0.732448
-0.0120195  -0.110044       0.73   -0.01074 -0.0870818   0.732451
-0.0118937   -0.11004       0.73 -0.0106402 -0.0870732   0.732454
-0.0117677  -0.110035       0.73 -0.0105403 -0.0870648   0.732457
-0.0116417   -0.11003       0.73 -0.0104403 -0.0870565    0.73246
-0.0115155  -0.110025       0.73 -0.0103402 -0.0870483   0.732463
-0.0113892  -0.110021       0.73   -0.01024 -0.0870402   0.732466
-0.0112628  -0.110016       0.73 -0.0101396 -0.0870323   0.732468
-0.0111363  -0.110011       0.73 -0.0100392 -0.0870245   0.732471
-0.0110097  -0.110007       0.73 -0.00993859  -0.0870168    0.732474
-0.0108829  -0.110002       0.73 -0.00983792  -0.0870092    0.732476
-0.0107561  -0.109997       0.73 -0.00973713  -0.0870018    0.732479
-0.0106291  -0.109992       0.73 -0.00963623  -0.0869945    0.732481
-0.0105021  -0.109988       0.73 -0.00953523  -0.0869873    0.732484
-0.0103749  -0.109983       0.73 -0.00943413  -0.0869803    0.732486
-0.0102477  -0.109978       0.73 -0.0093329 -0.0869733   0.732488
-0.0101203  -0.109973       0.73 -0.00923156  -0.0869665     0.73249
-0.00999289   -0.109968        0.73 -0.00913013  -0.0869598    0.732493
-0.00986534   -0.109964        0.73 -0.00902858  -0.0869533    0.732495
-0.00973769   -0.109959        0.73 -0.0089269 -0.0869468   0.732497
-0.00960995   -0.109954        0.73 -0.00882514  -0.0869405    0.732499
-0.00948212   -0.109949        0.73 -0.00872326  -0.0869343    0.732501
-0.00935419   -0.109944        0.73 -0.00862128  -0.0869282    0.732503
-0.00922617    -0.10994        0.73 -0.00851919  -0.0869223    0.732505
-0.00909807   -0.109935        0.73 -0.00841699  -0.0869164    0.732506
-0.00896987    -0.10993        0.73 -0.00831469  -0.0869107    0.732508
-0.00884159   -0.109925        0.73 -0.0082123 -0.0869052    0.73251
-0.00871323    -0.10992        0.73 -0.00810978  -0.0868997    0.732512
-0.00858478   -0.109916        0.73 -0.00800714  -0.0868944    0.732513
-0.00845625   -0.109911        0.73 -0.00790441  -0.0868892    0.732515
-0.00832764   -0.109906        0.73 -0.00780157  -0.0868841    0.732516
-0.00819895   -0.109901        0.73 -0.00769864  -0.0868791    0.732518
-0.00807018   -0.109896        0.73 -0.00759558  -0.0868743    0.732519
-0.00794133   -0.109892        0.73 -0.00749245  -0.0868695     0.73252
-0.00781241   -0.109887        0.73 -0.00738919  -0.0868649    0.732522
-0.00768342   -0.109882        0.73 -0.00728583  -0.0868605    0.732523
-0.00755435   -0.109877        0.73 -0.00718236  -0.0868561    0.732524
-0.00742521   -0.109872        0.73 -0.00707879  -0.0868519    0.732525
-0.007296 -0.109867      0.73 -0.00697513  -0.0868478    0.732526
-0.00716672   -0.109863        0.73 -0.00687134  -0.0868438    0.732527
-0.00703738   -0.109858        0.73 -0.00676746  -0.0868399    0.732528
-0.00690797   -0.109853        0.73 -0.00666347  -0.0868362    0.732529
-0.0067785  -0.109848       0.73 -0.00655938  -0.0868325     0.73253
-0.00664896   -0.109843        0.73 -0.00645521   -0.086829    0.732531
-0.00651937   -0.109838        0.73 -0.00635091  -0.0868256    0.732531
-0.00638971   -0.109833        0.73 -0.00624651  -0.0868223    0.732532
-0.00625999   -0.109829        0.73 -0.00614203  -0.0868192    0.732533
-0.00613022   -0.109824        0.73 -0.00603743  -0.0868161    0.732533
-0.00600039   -0.109819        0.73 -0.00593272  -0.0868132    0.732534
-0.00587051   -0.109814        0.73 -0.00582793  -0.0868103    0.732534
-0.00574057   -0.109809        0.73 -0.00572302  -0.0868076    0.732535
-0.00561059   -0.109804        0.73 -0.00561802   -0.086805    0.732535
-0.00548055   -0.109799        0.73 -0.00551291  -0.0868025    0.732535
-0.00535047   -0.109794        0.73 -0.00540771  -0.0868001    0.732535
-0.00522033    -0.10979        0.73 -0.00530242  -0.0867979    0.732536
-0.00509015   -0.109785        0.73 -0.00519701  -0.0867957    0.732536
-0.00495993    -0.10978        0.73 -0.0050915 -0.0867936   0.732536
-0.00482967   -0.109775        0.73 -0.00498591  -0.0867917    0.732536
-0.00469936    -0.10977        0.73 -0.0048802 -0.0867899   0.732536
-0.00456901   -0.109765        0.73 -0.00477441  -0.0867881    0.732536
-0.00443862    -0.10976        0.73 -0.0046685 -0.0867865   0.732535
-0.0043082  -0.109755       0.73 -0.00456251   -0.086785    0.732535
-0.00417774   -0.109751        0.73 -0.00445639  -0.0867836    0.732535
-0.00404724   -0.109746        0.73 -0.0043502 -0.0867823   0.732534
-0.00391672   -0.109741        0.73 -0.0042439 -0.0867811   0.732534
-0.00378616   -0.109736        0.73 -0.00413752    -0.08678    0.732533
-0.00365557   -0.109731        0.73 -0.00403103   -0.086779    0.732533
-0.00352495   -0.109726        0.73 -0.00392443  -0.0867781    0.732532
-0.0033943  -0.109721       0.73 -0.00381773  -0.0867773    0.732531
-0.00326363   -0.109716        0.73 -0.00371096  -0.0867766    0.732531
-0.00313293   -0.109711        0.73 -0.00360408   -0.086776     0.73253
-0.00300221   -0.109706        0.73 -0.0034971 -0.0867756   0.732529
-0.00287147   -0.109702        0.73 -0.00339003  -0.0867752    0.732528
-0.00274071   -0.109697        0.73 -0.00328285  -0.0867749    0.732527
-0.00260992   -0.109692        0.73 -0.00317559  -0.0867748    0.732526
-0.00247912   -0.109687        0.73 -0.00306823  -0.0867747    0.732524
-0.00234831   -0.109682        0.73 -0.00296076  -0.0867747    0.732523
-0.00221748   -0.109677        0.73 -0.0028532 -0.0867749   0.732522
-0.00208663   -0.109672        0.73 -0.00274556  -0.0867751     0.73252
-0.00195578   -0.109667        0.73 -0.0026378 -0.0867755   0.732519
-0.00182491   -0.109662        0.73 -0.00252997  -0.0867759    0.732518
-0.00169403   -0.109657        0.73 -0.00242205  -0.0867765    0.732516
-0.00156315   -0.109653        0.73 -0.00231402  -0.0867771    0.732514
-0.00143226   -0.109648        0.73 -0.00220591  -0.0867779    0.732513
-0.00130136   -0.109643        0.73 -0.00209768  -0.0867787    0.732511
-0.00117046   -0.109638        0.73 -0.00198938  -0.0867796    0.732509
-0.00103956   -0.109633        0.73 -0.00188098  -0.0867807    0.732508
-0.000908658    -0.109628         0.73 -0.0017725 -0.0867818   0.732506
-0.000777757    -0.109623         0.73 -0.00166391  -0.0867831    0.732504
-0.000646857    -0.109618         0.73 -0.00155524  -0.0867844    0.732502
-0.000515961    -0.109613         0.73 -0.00144648  -0.0867859      0.7325
-0.000385069    -0.109608         0.73 -0.00133762  -0.0867874    0.732498
-0.000254184    -0.109603         0.73 -0.00122867  -0.0867891    0.732495
-0.000123306    -0.109599         0.73 -0.00111963  -0.0867908    0.732493
7.56249e-06   -0.109594        0.73 -0.0010105 -0.0867926   0.732491
0.000138421   -0.109589        0.73 -0.000901289   -0.0867946     0.732489
0.000269267   -0.109584        0.73 -0.000791996   -0.0867966     0.732486
0.0004001 -0.109579      0.73 -0.000682589   -0.0867987     0.732484
0.000530919   -0.109574        0.73 -0.000573101    -0.086801     0.732482
0.000661721   -0.109569        0.73 -0.000463537   -0.0868033     0.732479
0.000792507   -0.109564        0.73 -0.000353874   -0.0868057     0.732476
0.000923273   -0.109559        0.73 -0.000244133   -0.0868082     0.732474
0.00105402  -0.109554       0.73 -0.000134298   -0.0868108     0.732471
0.00118474   -0.10955       0.73 -2.43694e-05   -0.0868136     0.732469
0.00131544  -0.109545       0.73 8.56381e-05  -0.0868164    0.732466
0.00144612   -0.10954       0.73 0.000195723  -0.0868193    0.732463
0.00157677  -0.109535       0.73 0.000305916  -0.0868223     0.73246
0.0017074  -0.10953      0.73 0.000416187  -0.0868254    0.732457
0.00183799  -0.109525       0.73 0.000526535  -0.0868286    0.732454
0.00196856   -0.10952       0.73 0.000636975  -0.0868319    0.732451
0.00209909  -0.109515       0.73 0.000747508  -0.0868353    0.732448
0.00222959   -0.10951       0.73 0.000858103  -0.0868388    0.732445
0.00236006  -0.109506       0.73 0.000968787  -0.0868423    0.732442
0.00249049  -0.109501       0.73 0.00107959  -0.086846   0.732439
0.00262089  -0.109496       0.73 0.00119042 -0.0868498   0.732435
0.00275124  -0.109491       0.73 0.00130137 -0.0868537   0.732432
0.00288156  -0.109486       0.73  0.0014124 -0.0868576   0.732429
0.00301183  -0.109481       0.73 0.00152351 -0.0868617   0.732425
0.00314207  -0.109476       0.73 0.00163471 -0.0868659   0.732422
0.00327226  -0.109471       0.73 0.00174597 -0.0868701   0.732418
0.0034024 -0.109466      0.73 0.00185732 -0.0868745   0.732415
0.0035325 -0.109462      0.73 0.00196875 -0.0868789   0.732411
0.00366254  -0.109457       0.73 0.00208025 -0.0868834   0.732407
0.00379254  -0.109452       0.73 0.00219185 -0.0868881   0.732403
0.00392249  -0.109447       0.73 0.00230351 -0.0868928     0.7324
0.00405239  -0.109442       0.73 0.00241524 -0.0868976   0.732396
0.00418223  -0.109437       0.73 0.00252709 -0.0869025   0.732392
0.00431202  -0.109432       0.73 0.00263896 -0.0869076   0.732388
0.00444175  -0.109428       0.73 0.00275094 -0.0869127   0.732384
0.00457142  -0.109423       0.73 0.00286298 -0.0869179    0.73238
0.00470104  -0.109418       0.73 0.00297511 -0.0869232   0.732376
0.00483059  -0.109413       0.73 0.00308729 -0.0869285   0.732372
0.00496008  -0.109408       0.73 0.00319957  -0.086934   0.732367
0.00508951  -0.109403       0.73  0.0033119 -0.0869396   0.732363
0.00521887  -0.109398       0.73 0.00342429 -0.0869453   0.732359
0.00534817  -0.109394       0.73 0.00353678  -0.086951   0.732355
0.0054774 -0.109389      0.73 0.00364933 -0.0869569    0.73235
0.00560656  -0.109384       0.73 0.00376196 -0.0869628   0.732346
0.00573565  -0.109379       0.73 0.00387464 -0.0869689   0.732341
0.00586467  -0.109374       0.73 0.00398739  -0.086975   0.732336
0.00599362  -0.109369       0.73 0.00410023 -0.0869813   0.732332
0.00612249  -0.109365       0.73 0.00421311 -0.0869876   0.732327
0.00625129   -0.10936       0.73 0.00432606  -0.086994   0.732322
0.00638001  -0.109355       0.73 0.00443909 -0.0870005   0.732318
0.00650865   -0.10935       0.73 0.00455218 -0.0870071   0.732313
0.00663721  -0.109345       0.73 0.00466533 -0.0870138   0.732308
0.00676569   -0.10934       0.73 0.00477854 -0.0870206   0.732303
0.00689408  -0.109336       0.73 0.00489182 -0.0870275   0.732298
0.0070224 -0.109331      0.73 0.00500516 -0.0870345   0.732293
0.00715062  -0.109326       0.73 0.00511854 -0.0870415   0.732288
0.00727876  -0.109321       0.73 0.00523199 -0.0870487   0.732283
0.00740682  -0.109316       0.73 0.00534552  -0.087056   0.732278
0.00753478  -0.109312       0.73 0.00545907 -0.0870633   0.732272
0.00766265  -0.109307       0.73 0.00557271 -0.0870708   0.732267
0.00779043  -0.109302       0.73 0.00568638 -0.0870783   0.732262
0.00791812  -0.109297       0.73  0.0058001 -0.0870859   0.732257
0.00804571  -0.109292       0.73  0.0059139 -0.0870936   0.732251
0.0081732 -0.109288      0.73 0.00602774 -0.0871014   0.732246
0.0083006 -0.109283      0.73 0.00614164 -0.0871093   0.732241
0.0084279 -0.109278      0.73 0.00625558 -0.0871173   0.732235
0.0085551 -0.109273      0.73 0.00636959 -0.0871254    0.73223
0.00868219  -0.109269       0.73 0.00648365 -0.0871336   0.732224
0.00880919  -0.109264       0.73 0.00659775 -0.0871419   0.732219
0.00893607  -0.109259       0.73 0.00671191 -0.0871502   0.732213
0.00906286  -0.109254       0.73 0.00682611 -0.0871587   0.732208
0.00918953   -0.10925       0.73 0.00694037 -0.0871672   0.732202
0.0093161 -0.109245      0.73 0.00705467 -0.0871759   0.732196
0.00944255   -0.10924       0.73 0.00716903 -0.0871846   0.732191
0.0095689 -0.109235      0.73 0.00728344 -0.0871934   0.732185
0.00969513  -0.109231       0.73  0.0073979 -0.0872023   0.732179
0.00982124  -0.109226       0.73 0.00751242 -0.0872114   0.732173
0.00994724  -0.109221       0.73   0.007627 -0.0872205   0.732167
0.0100731 -0.109216      0.73 0.00774161 -0.0872296   0.732162
0.0101989 -0.109212      0.73 0.00785629 -0.0872389   0.732156
0.0103245 -0.109207      0.73 0.00797103 -0.0872483    0.73215
0.0104501 -0.109202      0.73  0.0080858 -0.0872578   0.732144
0.0105755 -0.109198      0.73 0.00820065 -0.0872673   0.732138
0.0107007 -0.109193      0.73 0.00831555  -0.087277   0.732132
0.0108259 -0.109188      0.73 0.00843049 -0.0872867   0.732126
0.0109509 -0.109184      0.73 0.00854549 -0.0872965    0.73212
0.0110758 -0.109179      0.73 0.00866054 -0.0873064   0.732113
0.0112006 -0.109174      0.73 0.00877565 -0.0873164   0.732107
0.0113252  -0.10917      0.73 0.00889082 -0.0873265   0.732101
0.0114497 -0.109165      0.73 0.00900604 -0.0873367   0.732095
0.0115741  -0.10916      0.73 0.0091213 -0.087347  0.732088
0.0116983 -0.109156      0.73 0.00923663 -0.0873573   0.732082
0.0118224 -0.109151      0.73   0.009352 -0.0873678   0.732076
0.0119464 -0.109146      0.73 0.00946743 -0.0873783   0.732069
0.0120702 -0.109142      0.73 0.00958293 -0.0873889   0.732063
0.0121939 -0.109137      0.73 0.00969846 -0.0873997   0.732056
0.0123175 -0.109132      0.73 0.00981404 -0.0874105    0.73205
0.0124408 -0.109128      0.73  0.0099297 -0.0874214   0.732043
0.0125641 -0.109123      0.73  0.0100454 -0.0874323   0.732036
0.0126872 -0.109119      0.73  0.0101611 -0.0874434    0.73203
0.0128102 -0.109114      0.73  0.0102769 -0.0874545   0.732023
 0.012933 -0.109109      0.73  0.0103928 -0.0874658   0.732016
0.0130556 -0.109105      0.73  0.0105087 -0.0874771   0.732009
0.0131781   -0.1091      0.73  0.0106247 -0.0874885   0.732002
0.0133005 -0.109096      0.73 0.0107407   -0.0875  0.731995
0.0134227 -0.109091      0.73  0.0108567 -0.0875116   0.731988
0.0135447 -0.109086      0.73  0.0109728 -0.0875232   0.731981
0.0136666 -0.109082      0.73 0.0110889 -0.087535  0.731974
0.0137883 -0.109077      0.73  0.0112051 -0.0875468   0.731967
0.0139099 -0.109073      0.73  0.0113214 -0.0875587    0.73196
0.0140313 -0.109068      0.73  0.0114377 -0.0875707   0.731953
0.0141525 -0.109064      0.73   0.011554 -0.0875828   0.731946
0.0142736 -0.109059      0.73 0.0116703 -0.087595  0.731939
0.0143945 -0.109055      0.73  0.0117868 -0.0876073   0.731931
0.0145153  -0.10905      0.73  0.0119032 -0.0876196   0.731924
0.0146358 -0.109046      0.73  0.0120197 -0.0876321   0.731917
0.0147562 -0.109041      0.73  0.0121363 -0.0876446   0.731909
0.0148765 -0.109036      0.73  0.0122528 -0.0876572   0.731902
0.0149965 -0.109032      0.73  0.0123694 -0.0876699   0.731894
0.0151164 -0.109027      0.73  0.0124861 -0.0876827   0.731887
0.0152361 -0.109023      0.73  0.0126028 -0.0876955   0.731879
0.0153556 -0.109019      0.73  0.0127195 -0.0877085   0.731872
 0.015475 -0.109014      0.73  0.0128363 -0.0877215   0.731864
0.0155942  -0.10901      0.73  0.0129531 -0.0877346   0.731856
0.0157131 -0.109005      0.73    0.01307 -0.0877478   0.731848
0.0158319 -0.109001      0.73  0.0131869 -0.0877611   0.731841
0.0159506 -0.108996      0.73  0.0133038 -0.0877745   0.731833
 0.016069 -0.108992      0.73  0.0134208 -0.0877879   0.731825
0.0161872 -0.108987      0.73  0.0135378 -0.0878015   0.731817
0.0163053 -0.108983      0.73  0.0136548 -0.0878151   0.731809
0.0164231 -0.108979      0.73  0.0137719 -0.0878288   0.731801
0.0165408 -0.108974      0.73   0.013889 -0.0878426   0.731793
0.0166583  -0.10897      0.73  0.0140061 -0.0878564   0.731785
0.0167756 -0.108965      0.73  0.0141233 -0.0878704   0.731777
0.0168926 -0.108961      0.73  0.0142405 -0.0878844   0.731769
0.0170095 -0.108957      0.73  0.0143577 -0.0878986    0.73176
0.0171262 -0.108952      0.73   0.014475 -0.0879128   0.731752
0.0172427 -0.108948      0.73  0.0145923 -0.0879271   0.731744
 0.017359 -0.108943      0.73  0.0147096 -0.0879414   0.731735
 0.017475 -0.108939      0.73   0.014827 -0.0879559   0.731727
0.0175909 -0.108935      0.73  0.0149444 -0.0879704   0.731719
0.0177065  -0.10893      0.73  0.0150618 -0.0879851    0.73171
 0.017822 -0.108926      0.73  0.0151793 -0.0879998   0.731702
0.0179372 -0.108922      0.73  0.0152967 -0.0880146   0.731693
0.0180522 -0.108917      0.73  0.0154142 -0.0880294   0.731685
0.0181671 -0.108913      0.73  0.0155317 -0.0880444   0.731676
0.0182816 -0.108909      0.73  0.0156493 -0.0880594   0.731667
 0.018396 -0.108905      0.73  0.0157669 -0.0880746   0.731659
0.0185102   -0.1089      0.73  0.0158845 -0.0880898    0.73165
0.0186241 -0.108896      0.73  0.0160021 -0.0881051   0.731641
0.0187378 -0.108892      0.73  0.0161197 -0.0881204   0.731633
0.0188513 -0.108888      0.73  0.0162374 -0.0881359   0.731624
0.0189646 -0.108883      0.73   0.016355 -0.0881514   0.731615
0.0190776 -0.108879      0.73 0.0164727 -0.088167  0.731606
0.0191904 -0.108875      0.73  0.0165905 -0.0881827   0.731597
 0.019303 -0.108871      0.73  0.0167082 -0.0881985   0.731589
0.0194153 -0.108866      0.73   0.016826 -0.0882144    0.73158
0.0195275 -0.108862      0.73  0.0169437 -0.0882303   0.731571
0.0196393 -0.108858      0.73  0.0170615 -0.0882463   0.731562
 0.019751 -0.108854      0.73  0.0171793 -0.0882624   0.731553
0.0198624  -0.10885      0.73  0.0172972 -0.0882786   0.731544
0.0199735 -0.108845      0.73   0.017415 -0.0882949   0.731535
0.0200845 -0.108841      0.73  0.0175328 -0.0883113   0.731526
0.0201951 -0.108837      0.73  0.0176507 -0.0883277   0.731517
0.0203056 -0.108833      0.73  0.0177686 -0.0883442   0.731509
0.0204158 -0.108829      0.73  0.0178865 -0.0883608     0.7315
0.0205257 -0.108825      0.73  0.0180044 -0.0883775   0.731491
0.0206354 -0.108821      0.73  0.0181223 -0.0883942   0.731482
0.0207448 -0.108817      0.73  0.0182402 -0.0884111   0.731473
 0.020854 -0.108812      0.73 0.0183581 -0.088428  0.731464
 0.020963 -0.108808      0.73  0.018476 -0.088445  0.731455
0.0210716 -0.108804      0.73  0.018594 -0.088462  0.731446
0.0211801   -0.1088      0.73  0.0187119 -0.0884792   0.731437
0.0212882 -0.108796      0.73  0.0188299 -0.0884964   0.731428
0.0213961 -0.108792      0.73  0.0189479 -0.0885137   0.731419
0.0215037 -0.108788      0.73  0.0190658 -0.0885311    0.73141
0.0216111 -0.108784      0.73  0.0191838 -0.0885486   0.731401
0.0217182  -0.10878      0.73  0.0193018 -0.0885662   0.731392
0.0218251 -0.108776      0.73  0.0194198 -0.0885838   0.731383
0.0219316 -0.108772      0.73  0.0195378 -0.0886015   0.731374
0.0220379 -0.108768      0.73  0.0196557 -0.0886193   0.731364
0.0221439 -0.108764      0.73  0.0197737 -0.0886372   0.731355
0.0222497  -0.10876      0.73  0.0198917 -0.0886552   0.731346
0.0223552 -0.108756      0.73  0.0200097 -0.0886732   0.731337
0.0224604 -0.108752      0.73  0.0201277 -0.0886913   0.731328
0.0225653 -0.108748      0.73  0.0202457 -0.0887095   0.731319
0.0226699 -0.108744      0.73  0.0203637 -0.0887278    0.73131
0.0227743 -0.108741      0.73  0.0204817 -0.0887462   0.731301
0.0228783 -0.108737      0.73  0.0205997 -0.0887646   0.731292
0.0229821 -0.108733      0.73  0.0207177 -0.0887831   0.731283
0.0230856 -0.108729      0.73  0.0208357 -0.0888017   0.731274
0.0231888 -0.108725      0.73  0.0209537 -0.0888204   0.731265
0.0232917 -0.108721      0.73  0.0210717 -0.0888392   0.731255
0.0233944 -0.108717      0.73 0.0211897 -0.088858  0.731246
0.0234967 -0.108713      0.73  0.0213077 -0.0888769   0.731237
0.0235987  -0.10871      0.73  0.0214257 -0.0888959   0.731228
0.0237005 -0.108706      0.73 0.0215437 -0.088915  0.731219
0.0238019 -0.108702      0.73  0.0216616 -0.0889342    0.73121
 0.023903 -0.108698      0.73  0.0217796 -0.0889534   0.731201
0.0240039 -0.108694      0.73  0.0218976 -0.0889727   0.731191
0.0241044 -0.108691      0.73  0.0220155 -0.0889922   0.731182
0.0242046 -0.108687      0.73  0.0221335 -0.0890116   0.731173
0.0243046 -0.108683      0.73  0.0222514 -0.0890312   0.731164
0.0244042 -0.108679      0.73  0.0223694 -0.0890508   0.731155
0.0245035 -0.108676      0.73  0.0224873 -0.0890706   0.731145
0.0246025 -0.108672      0.73  0.0226052 -0.0890904   0.731136
0.0247012 -0.108668      0.73  0.0227231 -0.0891103   0.731127
0.0247995 -0.108665      0.73   0.022841 -0.0891302   0.731118
0.0248976 -0.108661      0.73  0.0229589 -0.0891503   0.731108
0.0249953 -0.108657      0.73  0.0230768 -0.0891704   0.731099
0.0250927 -0.108654      0.73  0.0231947 -0.0891906    0.73109
0.0251898  -0.10865      0.73  0.0233125 -0.0892109   0.731081
0.0252866 -0.108646      0.73  0.0234304 -0.0892312   0.731071
0.0253831 -0.108643      0.73  0.0235482 -0.0892517   0.731062
0.0254792 -0.108639      0.73   0.023666 -0.0892722   0.731053
 0.025575 -0.108636      0.73  0.0237838 -0.0892928   0.731043
0.0256705 -0.108632      0.73  0.0239015 -0.0893135   0.731034
0.0257657 -0.108628      0.73  0.0240193 -0.0893342   0.731025
0.0258605 -0.108625      0.73   0.024137 -0.0893551   0.731015
 0.025955 -0.108621      0.73 0.0242547 -0.089376  0.731006
0.0260492 -0.108618      0.73 0.0243724 -0.089397  0.730997
 0.026143 -0.108614      0.73  0.0244901 -0.0894181   0.730987
0.0262365 -0.108611      0.73  0.0246077 -0.0894392   0.730978
0.0263297 -0.108607      0.73  0.0247253 -0.0894605   0.730969
0.0264225 -0.108604      0.73  0.0248429 -0.0894818   0.730959
0.026515  -0.1086     0.73  0.0249605 -0.0895032    0.73095
0.0266072 -0.108597      0.73   0.025078 -0.0895246    0.73094
 0.026699 -0.108593      0.73  0.0251955 -0.0895462   0.730931
0.0267905  -0.10859      0.73   0.025313 -0.0895678   0.730922
0.0268816 -0.108587      0.73  0.0254305 -0.0895895   0.730912
0.0269724 -0.108583      0.73  0.0255479 -0.0896113   0.730903
0.0270629  -0.10858      0.73  0.0256653 -0.0896332   0.730893
 0.027153 -0.108576      0.73  0.0257827 -0.0896551   0.730884
0.0272428 -0.108573      0.73     0.0259 -0.0896771   0.730874
0.0273322  -0.10857      0.73  0.0260173 -0.0896992   0.730865
0.0274212 -0.108566      0.73  0.0261346 -0.0897214   0.730855
  0.02751 -0.108563      0.73  0.0262518 -0.0897436   0.730846
0.0275984  -0.10856      0.73  0.026369 -0.089766  0.730836
0.0276864 -0.108556      0.73  0.0264861 -0.0897884   0.730827
0.0277741 -0.108553      0.73  0.0266032 -0.0898109   0.730817
0.0278614  -0.10855      0.73  0.0267203 -0.0898334   0.730808
0.0279484 -0.108547      0.73  0.0268374 -0.0898561   0.730798
 0.028035 -0.108543      0.73  0.0269543 -0.0898788   0.730789
0.0281213  -0.10854      0.73  0.0270713 -0.0899016   0.730779
0.0282072 -0.108537      0.73  0.0271882 -0.0899245    0.73077
0.0282928 -0.108534      0.73  0.0273051 -0.0899474    0.73076
 0.028378 -0.108531      0.73  0.0274219 -0.0899704    0.73075
0.0284628 -0.108527      0.73  0.0275386 -0.0899936   0.730741
0.0285473 -0.108524      0.73  0.0276554 -0.0900167   0.730731
0.0286315 -0.108521      0.73 0.027772 -0.09004 0.730721
0.0287153 -0.108518      0.73  0.0278887 -0.0900633   0.730712
0.0287987 -0.108515      0.73  0.0280052 -0.0900868   0.730702
0.0288818 -0.108512      0.73  0.0281217 -0.0901103   0.730692
0.0289645 -0.108509      0.73  0.0282382 -0.0901338   0.730682
0.0290469 -0.108505      0.73  0.0283546 -0.0901575   0.730673
0.0291289 -0.108502      0.73  0.0284709 -0.0901812   0.730663
0.0292105 -0.108499      0.73  0.0285872 -0.0902051   0.730653
0.0292918 -0.108496      0.73  0.0287034 -0.0902289   0.730643
0.0293727 -0.108493      0.73  0.0288196 -0.0902529   0.730633
0.0294533  -0.10849      0.73 0.0289357 -0.090277  0.730623
0.0295335 -0.108487      0.73  0.0309002 -0.0906977   0.730451
0.0296134 -0.108484      0.73  0.0310152 -0.0907231    0.73044
0.0296928 -0.108481      0.73  0.0311302 -0.0907487    0.73043
 0.029772 -0.108478      0.73  0.0312451 -0.0907742   0.730419
0.0298508 -0.108475      0.73  0.0313599 -0.0907999   0.730409
0.0299292 -0.108472      0.73  0.0314747 -0.0908257   0.730398
0.0300072 -0.108469      0.73  0.0315893 -0.0908515   0.730388
0.0300849 -0.108467      0.73  0.0317039 -0.0908775   0.730377
0.0301623 -0.108464      0.73  0.0318183 -0.0909035   0.730366
0.0302392 -0.108461      0.73  0.0319327 -0.0909296   0.730355
0.0303159 -0.108458      0.73  0.0320469 -0.0909559   0.730344
0.0303921 -0.108455      0.73  0.0321611 -0.0909822   0.730334
 0.030468 -0.108452      0.73  0.0322752 -0.0910086   0.730323
0.0305436 -0.108449      0.73 0.0323891 -0.091035  0.730311
0.0306188 -0.108447      0.73   0.032503 -0.0910616     0.7303
0.0306936 -0.108444      0.73  0.0326167 -0.0910883   0.730289
0.0307681 -0.108441      0.73 0.0327303 -0.091115  0.730278
0.0308422 -0.108438      0.73  0.0328439 -0.0911419   0.730267
0.0309159 -0.108435      0.73  0.0329573 -0.0911688   0.730255
0.0309893 -0.108433      0.73  0.0330706 -0.0911958   0.730244
0.0310624  -0.10843      0.73  0.0331838 -0.0912229   0.730232
0.0311351 -0.108427      0.73  0.0332969 -0.0912501   0.730221
0.0312074 -0.108425      0.73  0.0334099 -0.0912774   0.730209
0.0312794 -0.108422      0.73  0.0335228 -0.0913048   0.730198
 0.031351 -0.108419      0.73  0.0336356 -0.0913322   0.730186
0.0314223 -0.108416      0.73  0.0337482 -0.0913598   0.730174
0.0314932 -0.108414      0.73  0.0338607 -0.0913874   0.730163
0.0315638 -0.108411      0.73  0.0339731 -0.0914152   0.730151
 0.031634 -0.108409      0.73 0.0340854 -0.091443  0.730139
0.0317038 -0.108406      0.73 0.0341976 -0.091471  0.730127
0.0317733 -0.108403      0.73  0.0343097 -0.0914992   0.730115
0.0318425 -0.108401      0.73  0.0344217 -0.0915276   0.730103
0.0319113 -0.108398      0.73  0.0345335 -0.0915562   0.730091
0.0319797 -0.108396      0.73 0.0346452 -0.091585  0.730079
0.0320478 -0.108393      0.73  0.0347568 -0.0916141   0.730067
0.0321156  -0.10839      0.73  0.0348682 -0.0916434   0.730055
 0.032183 -0.108388      0.73  0.0349796 -0.0916731   0.730043
0.0322501 -0.108385      0.73 0.0350908 -0.091703  0.730031
0.0323168 -0.108383      0.73  0.0352019 -0.0917332   0.730018
0.0323831  -0.10838      0.73  0.0353129 -0.0917637   0.730006
0.0324491 -0.108378      0.73  0.0354237 -0.0917946   0.729994
0.0325148 -0.108376      0.73  0.0355344 -0.0918257   0.729982
0.0325801 -0.108373      0.73   0.035645 -0.0918571   0.729969
0.0326451 -0.108371      0.73  0.0357555 -0.0918889   0.729957
0.0327098 -0.108368      0.73 0.0358658 -0.091921  0.729944
0.0327741 -0.108366      0.73   0.035976 -0.0919533   0.729932
 0.032838 -0.108363      0.73 0.0360861 -0.091986  0.729919
0.0329016 -0.108361      0.73  0.0361961 -0.0920189   0.729907
0.0329649 -0.108359      0.73  0.0363058 -0.0920522   0.729894
0.0330278 -0.108356      0.73  0.0364155 -0.0920857   0.729881
0.0330904 -0.108354      0.73   0.036525 -0.0921195   0.729869
0.0331527 -0.108352      0.73  0.0366344 -0.0921536   0.729856
0.0332146 -0.108349      0.73 0.0367437 -0.092188  0.729843
0.0332762 -0.108347      0.73  0.0368528 -0.0922226   0.729831
0.0333374 -0.108345      0.73  0.0369618 -0.0922575   0.729818
0.0333983 -0.108342      0.73  0.0370707 -0.0922926   0.729805
0.0334589  -0.10834      0.73  0.0371794 -0.0923279   0.729792
0.0335191 -0.108338      0.73   0.037288 -0.0923635   0.729779
 0.033579 -0.108336      0.73  0.0373964 -0.0923994   0.729766
0.0336386 -0.108333      0.73  0.0375047 -0.0924354   0.729754
0.0336978 -0.108331      0.73  0.0376128 -0.0924717   0.729741
0.0337567 -0.108329      0.73  0.0377208 -0.0925081   0.729728
0.0338153 -0.108327      0.73  0.0378287 -0.0925448   0.729715
0.0338735 -0.108325      0.73  0.0379364 -0.0925817   0.729702
0.0339314 -0.108322      0.73   0.038044 -0.0926187   0.729689
0.033989 -0.10832     0.73 0.0381514 -0.092656  0.729675
0.0340462 -0.108318      0.73  0.0382587 -0.0926934   0.729662
0.0341032 -0.108316      0.73 0.0383658 -0.092731  0.729649
0.0341598 -0.108314      0.73  0.0384728 -0.0927688   0.729636
 0.034216 -0.108312      0.73  0.0385796 -0.0928067   0.729623
0.034272 -0.10831     0.73  0.0386863 -0.0928448    0.72961
0.0343276 -0.108308      0.73 0.0387928 -0.092883  0.729597
0.0343829 -0.108306      0.73  0.0388992 -0.0929214   0.729583
0.0344378 -0.108303      0.73 0.0390055  -0.09296   0.72957
0.0344925 -0.108301      0.73  0.0391116 -0.0929987   0.729557
0.0345468 -0.108299      0.73  0.0392175 -0.0930375   0.729544
0.0346008 -0.108297      0.73  0.0393233 -0.0930765    0.72953
0.0346545 -0.108295      0.73  0.0394289 -0.0931156   0.729517
0.0347078 -0.108293      0.73  0.0395344 -0.0931548   0.729504
0.0347608 -0.108291      0.73  0.0396397 -0.0931942    0.72949
0.0348136 -0.108289      0.73  0.0397449 -0.0932337   0.729477
0.0348659 -0.108287      0.73    0.03985 -0.0932733   0.729464
 0.034918 -0.108285      0.73  0.0399548 -0.0933131    0.72945
0.0349698 -0.108284      0.73 0.0400595 -0.093353  0.729437
0.0350212 -0.108282      0.73  0.0401641 -0.0933929   0.729423
0.0350723  -0.10828      0.73  0.0402685 -0.0934331    0.72941
0.0351231 -0.108278      0.73  0.0403727 -0.0934733   0.729397
0.0351736 -0.108276      0.73  0.0404768 -0.0935136   0.729383
0.0352238 -0.108274      0.73  0.0405808 -0.0935541    0.72937
0.0352737 -0.108272      0.73  0.0406846 -0.0935946   0.729356
0.0353232  -0.10827      0.73  0.0407882 -0.0936353   0.729343
0.0353724 -0.108268      0.73  0.0408917 -0.0936761   0.729329
0.0354214 -0.108267      0.73  0.040995 -0.093717  0.729316
  0.03547 -0.108265      0.73 0.0410982 -0.093758  0.729302
0.0355183 -0.108263      0.73  0.0412012 -0.0937992   0.729289
0.0355662 -0.108261      0.73   0.041304 -0.0938404   0.729276
0.0356139 -0.108259      0.73  0.0414068 -0.0938817   0.729262
0.0356613 -0.108258      0.73  0.0415093 -0.0939232   0.729249
0.0357083 -0.108256      0.73  0.0416117 -0.0939647   0.729235
0.0357551 -0.108254      0.73   0.041714 -0.0940064   0.729222
0.0358015 -0.108252      0.73  0.0418161 -0.0940482   0.729209
0.0358476 -0.108251      0.73   0.041918 -0.0940901   0.729195
0.0358934 -0.108249      0.73  0.0420198 -0.0941321   0.729182
0.0359389 -0.108247      0.73  0.0421215 -0.0941742   0.729169
0.0359841 -0.108246      0.73   0.042223 -0.0942164   0.729155
 0.036029 -0.108244      0.73  0.0423243 -0.0942587   0.729142
0.0360736 -0.108242      0.73  0.0424255 -0.0943012   0.729129
0.0361179  -0.10824      0.73  0.0425266 -0.0943437   0.729116
0.0361619 -0.108239      0.73  0.0426275 -0.0943864   0.729102
0.0362056 -0.108237      0.73  0.0427282 -0.0944291   0.729089
 0.036249 -0.108236      0.73 0.0428288 -0.094472  0.729076
 0.036292 -0.108234      0.73 0.0429293 -0.094515  0.729063
0.0363348 -0.108232      0.73  0.0430296 -0.0945581    0.72905
0.0363773 -0.108231      0.73  0.0431298 -0.0946013   0.729037
0.0364194 -0.108229      0.73  0.0432298 -0.0946446   0.729024
0.0364613 -0.108228      0.73 0.0433297 -0.094688  0.729012
0.0365028 -0.108226      0.73  0.0434295 -0.0947316   0.728999
0.0365441 -0.108225      0.73  0.0435291 -0.0947752   0.728986
0.0365851 -0.108223      0.73 0.0436286 -0.094819  0.728973
0.0366257 -0.108221      0.73  0.0437279 -0.0948629   0.728961
0.0366661  -0.10822      0.73  0.0438271 -0.0949068   0.728948
0.0367061 -0.108218      0.73  0.0439261 -0.0949509   0.728936
0.0367459 -0.108217      0.73   0.044025 -0.0949951   0.728923
0.0367854 -0.108215      0.73  0.0441238 -0.0950395   0.728911
0.0368245 -0.108214      0.73  0.0442224 -0.0950839   0.728899
0.0368634 -0.108213      0.73  0.0443209 -0.0951285   0.728887
 0.036902 -0.108211      0.73  0.0444193 -0.0951731   0.728874
0.0369403  -0.10821      0.73  0.0445175 -0.0952179   0.728862
0.0369783 -0.108208      0.73  0.0446156 -0.0952628    0.72885
 0.037016 -0.108207      0.73  0.0447136 -0.0953078   0.728839
0.0370534 -0.108205      0.73 0.0448114 -0.095353  0.728827
0.0370905 -0.108204      0.73  0.0449091 -0.0953982   0.728815
0.0371273 -0.108203      0.73  0.0450067 -0.0954436   0.728803
0.0371638 -0.108201      0.73  0.0451041 -0.0954891   0.728792
 0.0372 -0.1082    0.73  0.0452014 -0.0955347    0.72878
 0.037236 -0.108199      0.73  0.0452986 -0.0955804   0.728769
0.0372716 -0.108197      0.73  0.0453957 -0.0956263   0.728758
 0.037307 -0.108196      0.73  0.0454926 -0.0956722   0.728746
 0.037342 -0.108195      0.73  0.0455894 -0.0957183   0.728735
0.0373768 -0.108193      0.73  0.0456861 -0.0957645   0.728724
0.0374113 -0.108192      0.73  0.0457827 -0.0958108   0.728713
0.0374455 -0.108191      0.73  0.0458791 -0.0958572   0.728703
0.0374794 -0.108189      0.73  0.0459754 -0.0959037   0.728692
 0.037513 -0.108188      0.73  0.0460716 -0.0959504   0.728681
0.0375464 -0.108187      0.73  0.0461676 -0.0959971   0.728671
0.0375794 -0.108186      0.73 0.0462636 -0.096044   0.72866
0.0376122 -0.108184      0.73 0.0463594 -0.096091   0.72865
0.0376447 -0.108183      0.73  0.0464551 -0.0961381    0.72864
0.0376769 -0.108182      0.73  0.0465507 -0.0961853    0.72863
0.0377088 -0.108181      0.73  0.0466462 -0.0962326    0.72862
0.0377404  -0.10818      0.73 0.0467415  -0.09628   0.72861
0.0377717 -0.108179      0.73  0.0468367 -0.0963276     0.7286
0.0378028 -0.108177      0.73  0.0469318 -0.0963752    0.72859
0.0378336 -0.108176      0.73  0.0470268 -0.0964229   0.728581
0.0378641 -0.108175      0.73  0.0471216 -0.0964708   0.728571
0.0378943 -0.108174      0.73  0.0472164 -0.0965188   0.728562
0.0379243 -0.108173      0.73   0.047311 -0.0965669   0.728553
0.0379539 -0.108172      0.73 0.0474055 -0.096615  0.728543
0.0379833 -0.108171      0.73  0.0474999 -0.0966633   0.728534
0.0380124 -0.108169      0.73  0.0475942 -0.0967117   0.728525
0.0380412 -0.108168      0.73  0.0476883 -0.0967602   0.728517
0.0380698 -0.108167      0.73  0.0477824 -0.0968088   0.728508
0.0380981 -0.108166      0.73  0.0478763 -0.0968575   0.728499
0.0381261 -0.108165      0.73  0.0479701 -0.0969062   0.728491
0.0381538 -0.108164      0.73  0.0480638 -0.0969551   0.728482
0.0381813 -0.108163      0.73 0.0481574 -0.097004  0.728474
0.0382084 -0.108162      0.73 0.0482509 -0.097053  0.728466
0.0382353 -0.108161      0.73 0.0483442 -0.097102  0.728458
0.038262 -0.10816     0.73  0.0484375 -0.0971512    0.72845
0.0382883 -0.108159      0.73  0.0485307 -0.0972004   0.728442
0.0383144 -0.108158      0.73  0.0486237 -0.0972496   0.728434
0.0383403 -0.108157      0.73 0.0487166 -0.097299  0.728426
0.0383658 -0.108156      0.73  0.0488095 -0.0973484   0.728419
0.0383911 -0.108155      0.73  0.0489022 -0.0973978   0.728411
0.0384161 -0.108154      0.73  0.0489948 -0.0974473   0.728404
0.0384409 -0.108153      0.73  0.0490873 -0.0974969   0.728396
0.0384654 -0.108153      0.73  0.0491795 -0.0975465   0.728389
0.0384896 -0.108152      0.73  0.0492716 -0.0975961   0.728382
0.0385136 -0.108151      0.73  0.0493635 -0.0976458   0.728376
0.0385373  -0.10815      0.73  0.0494552 -0.0976956   0.728369
0.0385607 -0.108149      0.73  0.0495468 -0.0977454   0.728362
0.0385839 -0.108148      0.73  0.0496381 -0.0977952   0.728356
0.0386068 -0.108147      0.73  0.0497293 -0.0978451   0.728349
0.0386294 -0.108146      0.73 0.0498203 -0.097895  0.728343
0.0386518 -0.108146      0.73 0.0499111 -0.097945  0.728337
 0.038674 -0.108145      0.73 0.0500018 -0.097995  0.728331
0.0386958 -0.108144      0.73 0.0500924 -0.098045  0.728325
0.0387175 -0.108143      0.73  0.0501828 -0.0980951   0.728319
0.0387388 -0.108142      0.73  0.0502731 -0.0981452   0.728313
0.0387599 -0.108141      0.73  0.0503633 -0.0981953   0.728308
0.0387808 -0.108141      0.73  0.0504534 -0.0982455   0.728302
0.0388014  -0.10814      0.73  0.0505433 -0.0982957   0.728297
0.0388218 -0.108139      0.73 0.0506332 -0.098346  0.728291
0.0388419 -0.108138      0.73  0.0507229 -0.0983962   0.728285
0.0388617 -0.108138      0.73  0.0508126 -0.0984466    0.72828
0.0388813 -0.108137      0.73 0.0509021 -0.098497  0.728275
0.0389007 -0.108136      0.73  0.0509916 -0.0985474   0.728269
0.0389198 -0.108135      0.73   0.051081 -0.0985978   0.728264
0.0389387 -0.108135      0.73  0.0511703 -0.0986483   0.728259
0.0389573 -0.108134      0.73  0.0512595 -0.0986989   0.728253
0.0389757 -0.108133      0.73  0.0513487 -0.0987494   0.728248
0.0389938 -0.108133      0.73  0.0514378 -0.0988001   0.728243
0.0390117 -0.108132      0.73  0.0515268 -0.0988507   0.728238
0.0390293 -0.108131      0.73  0.0516158 -0.0989015   0.728233
