-0.0749266  -0.102506   0.767549 -0.0749266  -0.102506   0.767549
-0.0749266  -0.102506   0.767549 -0.0749269  -0.102506   0.767549
-0.0749266  -0.102506   0.767549 -0.0749271  -0.102506   0.767549
-0.0749266  -0.102506   0.767549 -0.0749274  -0.102506   0.767549
-0.0749266  -0.102506   0.767549 -0.0749276  -0.102506   0.767549
-0.0749266  -0.102506   0.767549 -0.0749279  -0.102506   0.767549
-0.0749266  -0.102506   0.767549 -0.0749282  -0.102506   0.767549
-0.0749266  -0.102506   0.767549 -0.0749285  -0.102506   0.767549
-0.0749266  -0.102506   0.767549 -0.0749288  -0.102506   0.767549
-0.0749266  -0.102506   0.767549 -0.0749291  -0.102506   0.767549
-0.0749266  -0.102506   0.767549 -0.0749294  -0.102506   0.767549
-0.0749266  -0.102506   0.767549 -0.0749298  -0.102506   0.767549
-0.0749266  -0.102506   0.767549 -0.0749301  -0.102506   0.767549
-0.0749266  -0.102506   0.767549 -0.0749305  -0.102506   0.767549
-0.0749266  -0.102506   0.767549 -0.0749308  -0.102506   0.767549
-0.0749266  -0.102506   0.767549 -0.0749312  -0.102506   0.767549
-0.0749266  -0.102506   0.767549 -0.0749316  -0.102506   0.767549
-0.0749266  -0.102506   0.767549 -0.074932 -0.102506  0.767549
-0.0749266  -0.102506   0.767549 -0.0749324  -0.102506   0.767549
-0.0749266  -0.102506   0.767549 -0.0749328  -0.102506   0.767549
-0.0749266  -0.102506   0.767549 -0.0749333  -0.102506   0.767549
-0.0749266  -0.102506   0.767549 -0.0749337  -0.102506   0.767549
-0.0749266  -0.102506   0.767549 -0.0749342  -0.102506   0.767549
-0.0749266  -0.102506   0.767549 -0.0749346  -0.102506   0.767549
-0.0749266  -0.102506   0.767549 -0.0749351  -0.102506   0.767549
-0.0749265  -0.102506   0.767549 -0.0749355  -0.102506   0.767549
-0.0749265  -0.102506   0.767549 -0.074936 -0.102506  0.767549
-0.0749265  -0.102506   0.767549 -0.0749365  -0.102506   0.767549
-0.0749265  -0.102506   0.767549 -0.074937 -0.102506  0.767549
-0.0749265  -0.102506   0.767549 -0.0749375  -0.102506   0.767549
-0.0749265  -0.102506   0.767549 -0.0749381  -0.102506   0.767549
-0.0749265  -0.102506   0.767549 -0.0749386  -0.102506   0.767549
-0.0749264  -0.102505   0.767549 -0.0749391  -0.102506   0.767549
-0.0749264  -0.102505   0.767549 -0.0749397  -0.102506   0.767549
-0.0749264  -0.102505   0.767549 -0.0749402  -0.102506   0.767549
-0.0749264  -0.102505   0.767549 -0.0749408  -0.102506   0.767549
-0.0749264  -0.102505   0.767549 -0.0749414  -0.102506   0.767549
-0.0749263  -0.102505   0.767549 -0.074942 -0.102506  0.767549
-0.0749263  -0.102505   0.767549 -0.0749426  -0.102507   0.767549
-0.0749263  -0.102505   0.767549 -0.0749432  -0.102507   0.767549
-0.0749263  -0.102505   0.767549 -0.0749438  -0.102507   0.767549
-0.0749262  -0.102505   0.767549 -0.0749444  -0.102507   0.767548
-0.0749262  -0.102505   0.767549 -0.074945 -0.102507  0.767548
-0.0749262  -0.102505   0.767549 -0.0749456  -0.102507   0.767548
-0.0749261  -0.102505   0.767549 -0.0749463  -0.102507   0.767548
-0.0749261  -0.102505   0.767549 -0.0749469  -0.102507   0.767548
-0.0749261  -0.102505   0.767549 -0.0749476  -0.102507   0.767548
-0.074926 -0.102505  0.767549 -0.0749482  -0.102507   0.767548
-0.074926 -0.102504  0.767549 -0.0749489  -0.102507   0.767548
-0.074926 -0.102504  0.767549 -0.0749496  -0.102507   0.767548
-0.0749259  -0.102504   0.767549 -0.0749503  -0.102507   0.767548
-0.0749259  -0.102504   0.767549 -0.074951 -0.102507  0.767548
-0.0749258  -0.102504   0.767549 -0.0749517  -0.102507   0.767548
-0.0749258  -0.102504   0.767549 -0.0749524  -0.102507   0.767548
-0.0749257  -0.102504   0.767549 -0.0749531  -0.102507   0.767548
-0.0749257  -0.102504   0.767549 -0.0749538  -0.102507   0.767548
-0.0749256  -0.102504   0.767549 -0.0749545  -0.102507   0.767548
-0.0749256  -0.102503   0.767549 -0.0749553  -0.102507   0.767548
-0.0749255  -0.102503   0.767549 -0.074956 -0.102507  0.767548
-0.0749255  -0.102503   0.767549 -0.0749568  -0.102507   0.767548
-0.0749254  -0.102503   0.767549 -0.0749575  -0.102507   0.767548
-0.0749253  -0.102503   0.767549 -0.0749583  -0.102507   0.767548
-0.0749253  -0.102503   0.767549 -0.074959 -0.102507  0.767548
-0.0749252  -0.102503   0.767549 -0.0749598  -0.102507   0.767548
-0.0749251  -0.102502   0.767549 -0.0749606  -0.102507   0.767548
-0.0749251  -0.102502   0.767549 -0.0749614  -0.102507   0.767548
-0.074925 -0.102502  0.767549 -0.0749622  -0.102507   0.767548
-0.0749249  -0.102502   0.767549 -0.074963 -0.102508  0.767547
-0.0749248  -0.102502   0.767549 -0.0749638  -0.102508   0.767547
-0.0749248  -0.102502   0.767549 -0.0749647  -0.102508   0.767547
-0.0749247  -0.102501   0.767549 -0.0749655  -0.102508   0.767547
-0.0749246  -0.102501   0.767549 -0.0749663  -0.102508   0.767547
-0.0749245  -0.102501   0.767549 -0.0749671  -0.102508   0.767547
-0.0749244  -0.102501   0.767549 -0.074968 -0.102508  0.767547
-0.0749243  -0.102501   0.767549 -0.0749688  -0.102508   0.767547
-0.0749242    -0.1025   0.767549 -0.0749697  -0.102508   0.767547
-0.0749241    -0.1025   0.767549 -0.0749706  -0.102508   0.767547
-0.074924   -0.1025  0.767549 -0.0749714  -0.102508   0.767547
-0.0749239    -0.1025   0.767549 -0.0749723  -0.102508   0.767547
-0.0749238  -0.102499   0.767549 -0.0749732  -0.102508   0.767547
-0.0749237  -0.102499   0.767549 -0.0749741  -0.102508   0.767547
-0.0749236  -0.102499   0.767549 -0.074975 -0.102508  0.767547
-0.0749235  -0.102499   0.767549 -0.0749759  -0.102508   0.767547
-0.0749234  -0.102498   0.767549 -0.0749768  -0.102508   0.767547
-0.0749233  -0.102498   0.767549 -0.0749777  -0.102508   0.767547
-0.0749232  -0.102498   0.767549 -0.0749786  -0.102508   0.767547
-0.074923 -0.102498  0.767549 -0.0749795  -0.102508   0.767546
-0.0749229  -0.102497   0.767549 -0.0749804  -0.102508   0.767546
-0.0749228  -0.102497   0.767549 -0.0749814  -0.102508   0.767546
-0.0749226  -0.102497   0.767549 -0.0749823  -0.102508   0.767546
-0.0749225  -0.102496   0.767549 -0.0749833  -0.102509   0.767546
-0.0749224  -0.102496   0.767549 -0.0749842  -0.102509   0.767546
-0.0749222  -0.102496   0.767549 -0.0749851  -0.102509   0.767546
-0.0749221  -0.102495   0.767549 -0.0749861  -0.102509   0.767546
-0.0749219  -0.102495   0.767549 -0.0749871  -0.102509   0.767546
-0.0749218  -0.102495   0.767549 -0.074988 -0.102509  0.767546
-0.0749216  -0.102494   0.767549 -0.074989 -0.102509  0.767546
-0.0749215  -0.102494   0.767549  -0.07499 -0.102509  0.767546
-0.0749213  -0.102494   0.767549 -0.074991 -0.102509  0.767546
-0.0749212  -0.102493   0.767549 -0.074992 -0.102509  0.767546
-0.074921 -0.102493  0.767549 -0.074993 -0.102509  0.767546
-0.0749208  -0.102493   0.767549 -0.074994 -0.102509  0.767546
-0.0749207  -0.102492   0.767549 -0.074995 -0.102509  0.767545
-0.0749205  -0.102492   0.767549 -0.074996 -0.102509  0.767545
-0.0749203  -0.102491   0.767549 -0.074997 -0.102509  0.767545
-0.0749201  -0.102491   0.767549 -0.074998 -0.102509  0.767545
-0.0749199   -0.10249   0.767549 -0.074999 -0.102509  0.767545
-0.0749198   -0.10249   0.767549 -0.0750001  -0.102509   0.767545
-0.0749196   -0.10249   0.767549 -0.0750011  -0.102509   0.767545
-0.0749194  -0.102489   0.767549 -0.0750022  -0.102509   0.767545
-0.0749192  -0.102489   0.767549 -0.0750032  -0.102509   0.767545
-0.074919 -0.102488  0.767549 -0.0750042  -0.102509   0.767545
-0.0749188  -0.102488   0.767549 -0.0750053  -0.102509   0.767545
-0.0749185  -0.102487   0.767549 -0.0750063  -0.102509   0.767545
-0.0749183  -0.102487   0.767549 -0.0750074  -0.102509   0.767545
-0.0749181  -0.102486   0.767549 -0.0750085   -0.10251   0.767545
-0.0749179  -0.102486   0.767549 -0.0750095   -0.10251   0.767545
-0.0749177  -0.102485   0.767549 -0.0750106   -0.10251   0.767544
-0.0749174  -0.102485   0.767549 -0.0750117   -0.10251   0.767544
-0.0749172  -0.102484   0.767549 -0.0750128   -0.10251   0.767544
-0.074917 -0.102484  0.767549 -0.0750138   -0.10251   0.767544
-0.0749167  -0.102483   0.767549 -0.0750149   -0.10251   0.767544
-0.0749165  -0.102483   0.767549 -0.075016  -0.10251  0.767544
-0.0749162  -0.102482   0.767549 -0.0750171   -0.10251   0.767544
-0.074916 -0.102481  0.767549 -0.0750182   -0.10251   0.767544
-0.0749157  -0.102481   0.767549 -0.0750193   -0.10251   0.767544
-0.0749155   -0.10248   0.767549 -0.0750204   -0.10251   0.767544
-0.0749152   -0.10248   0.767549 -0.0750215   -0.10251   0.767544
-0.0749149  -0.102479   0.767549 -0.0750226   -0.10251   0.767544
-0.0749147  -0.102478   0.767549 -0.0750238   -0.10251   0.767544
-0.0749144  -0.102478   0.767548 -0.0750249   -0.10251   0.767544
-0.0749141  -0.102477   0.767548 -0.075026  -0.10251  0.767543
-0.0749138  -0.102476   0.767548 -0.0750271   -0.10251   0.767543
-0.0749135  -0.102476   0.767548 -0.0750283   -0.10251   0.767543
-0.0749133  -0.102475   0.767548 -0.0750294   -0.10251   0.767543
-0.074913 -0.102474  0.767548 -0.0750305   -0.10251   0.767543
-0.0749127  -0.102474   0.767548 -0.0750317   -0.10251   0.767543
-0.0749123  -0.102473   0.767548 -0.0750328   -0.10251   0.767543
-0.074912 -0.102472  0.767548 -0.0750339   -0.10251   0.767543
-0.0749117  -0.102472   0.767548 -0.0750351   -0.10251   0.767543
-0.0749114  -0.102471   0.767548 -0.0750363   -0.10251   0.767543
-0.0749111   -0.10247   0.767548 -0.0750374   -0.10251   0.767543
-0.0749108  -0.102469   0.767548 -0.0750386   -0.10251   0.767543
-0.0749104  -0.102469   0.767548 -0.0750397   -0.10251   0.767543
-0.0749101  -0.102468   0.767548 -0.0750409   -0.10251   0.767542
-0.0749097  -0.102467   0.767548 -0.0750421   -0.10251   0.767542
-0.0749094  -0.102466   0.767548 -0.0750432   -0.10251   0.767542
-0.0749091  -0.102465   0.767548 -0.0750444   -0.10251   0.767542
-0.0749087  -0.102465   0.767548 -0.0750456   -0.10251   0.767542
-0.0749083  -0.102464   0.767548 -0.0750467   -0.10251   0.767542
-0.074908 -0.102463  0.767548 -0.0750479   -0.10251   0.767542
-0.0749076  -0.102462   0.767548 -0.0750491   -0.10251   0.767542
-0.0749072  -0.102461   0.767548 -0.0750503   -0.10251   0.767542
-0.0749069   -0.10246   0.767548 -0.0750515   -0.10251   0.767542
-0.0749065  -0.102459   0.767548 -0.0750526   -0.10251   0.767542
-0.0749061  -0.102459   0.767548 -0.0750538   -0.10251   0.767542
-0.0749057  -0.102458   0.767548 -0.075055  -0.10251  0.767542
-0.0749053  -0.102457   0.767548 -0.0750562   -0.10251   0.767541
-0.0749049  -0.102456   0.767548 -0.0750574   -0.10251   0.767541
-0.0749045  -0.102455   0.767548 -0.0750586   -0.10251   0.767541
-0.0749041  -0.102454   0.767548 -0.0750598   -0.10251   0.767541
-0.0749037  -0.102453   0.767548 -0.075061  -0.10251  0.767541
-0.0749032  -0.102452   0.767548 -0.0750622   -0.10251   0.767541
-0.0749028  -0.102451   0.767548 -0.0750634   -0.10251   0.767541
-0.0749024   -0.10245   0.767548 -0.0750646   -0.10251   0.767541
-0.0749019  -0.102449   0.767548 -0.0750658   -0.10251   0.767541
-0.0749015  -0.102448   0.767548 -0.075067  -0.10251  0.767541
-0.0749011  -0.102447   0.767548 -0.0750682   -0.10251   0.767541
-0.0749006  -0.102446   0.767548 -0.0750694   -0.10251   0.767541
-0.0749001  -0.102445   0.767548 -0.0750706   -0.10251    0.76754
-0.0748997  -0.102444   0.767547 -0.0750718   -0.10251    0.76754
-0.0748992  -0.102443   0.767547 -0.075073  -0.10251   0.76754
-0.0748987  -0.102442   0.767547 -0.0750743   -0.10251    0.76754
-0.0748983  -0.102441   0.767547 -0.0750755   -0.10251    0.76754
-0.0748978  -0.102439   0.767547 -0.0750767   -0.10251    0.76754
-0.0748973  -0.102438   0.767547 -0.0750779   -0.10251    0.76754
-0.0748968  -0.102437   0.767547 -0.0750791   -0.10251    0.76754
-0.0748963  -0.102436   0.767547 -0.0750803   -0.10251    0.76754
-0.0748958  -0.102435   0.767547 -0.0750815  -0.102509    0.76754
-0.0748953  -0.102434   0.767547 -0.0750827  -0.102509   0.767539
-0.0748948  -0.102433   0.767547 -0.0750839  -0.102509   0.767539
-0.0748942  -0.102431   0.767547 -0.0750851  -0.102509   0.767539
-0.0748937   -0.10243   0.767547 -0.0750864  -0.102509   0.767539
-0.0748932  -0.102429   0.767547 -0.0750876  -0.102509   0.767539
-0.0748926  -0.102428   0.767547 -0.0750888  -0.102509   0.767539
-0.0748921  -0.102426   0.767547  -0.07509 -0.102509  0.767539
-0.0748915  -0.102425   0.767547 -0.0750912  -0.102509   0.767539
-0.074891 -0.102424  0.767547 -0.0750924  -0.102509   0.767539
-0.0748904  -0.102423   0.767547 -0.0750936  -0.102509   0.767539
-0.0748899  -0.102421   0.767547 -0.0750949  -0.102509   0.767538
-0.0748893   -0.10242   0.767547 -0.0750961  -0.102509   0.767538
-0.0748887  -0.102419   0.767547 -0.0750973  -0.102508   0.767538
-0.0748881  -0.102417   0.767547 -0.0750985  -0.102508   0.767538
-0.0748875  -0.102416   0.767547 -0.0750997  -0.102508   0.767538
-0.0748869  -0.102415   0.767547 -0.0751009  -0.102508   0.767538
-0.0748863  -0.102413   0.767547 -0.0751021  -0.102508   0.767538
-0.0748857  -0.102412   0.767547 -0.0751033  -0.102508   0.767538
-0.0748851   -0.10241   0.767546 -0.0751045  -0.102508   0.767538
-0.0748845  -0.102409   0.767546 -0.0751057  -0.102508   0.767538
-0.0748839  -0.102407   0.767546 -0.0751069  -0.102508   0.767537
-0.0748833  -0.102406   0.767546 -0.0751082  -0.102507   0.767537
-0.0748826  -0.102405   0.767546 -0.0751094  -0.102507   0.767537
-0.074882 -0.102403  0.767546 -0.0751105  -0.102507   0.767537
-0.0748813  -0.102402   0.767546 -0.0751118  -0.102507   0.767537
-0.0748807    -0.1024   0.767546 -0.075113 -0.102507  0.767537
 -0.07488 -0.102399  0.767546 -0.0751141  -0.102507   0.767537
-0.0748793  -0.102397   0.767546 -0.0751154  -0.102507   0.767537
-0.0748787  -0.102395   0.767546 -0.0751166  -0.102507   0.767537
-0.074878 -0.102394  0.767546 -0.0751178  -0.102506   0.767536
-0.0748773  -0.102392   0.767546 -0.0751189  -0.102506   0.767536
-0.0748766  -0.102391   0.767546 -0.0751201  -0.102506   0.767536
-0.0748759  -0.102389   0.767546 -0.0751213  -0.102506   0.767536
-0.0748752  -0.102387   0.767546 -0.0751225  -0.102506   0.767536
-0.0748745  -0.102386   0.767546 -0.0751237  -0.102506   0.767536
-0.0748738  -0.102384   0.767546 -0.0751249  -0.102505   0.767536
-0.0748731  -0.102383   0.767546 -0.0751261  -0.102505   0.767536
-0.0748723  -0.102381   0.767546 -0.0751273  -0.102505   0.767536
-0.0748716  -0.102379   0.767546 -0.0751284  -0.102505   0.767535
-0.0748708  -0.102377   0.767546 -0.0751296  -0.102505   0.767535
-0.0748701  -0.102376   0.767545 -0.0751308  -0.102504   0.767535
-0.0748693  -0.102374   0.767545 -0.075132 -0.102504  0.767535
-0.0748686  -0.102372   0.767545 -0.0751331  -0.102504   0.767535
-0.0748678   -0.10237   0.767545 -0.0751343  -0.102504   0.767535
-0.074867 -0.102369  0.767545 -0.0751355  -0.102504   0.767535
-0.0748662  -0.102367   0.767545 -0.0751366  -0.102503   0.767535
-0.0748655  -0.102365   0.767545 -0.0751378  -0.102503   0.767535
-0.0748647  -0.102363   0.767545 -0.075139 -0.102503  0.767534
-0.0748639  -0.102361   0.767545 -0.0751401  -0.102503   0.767534
-0.0748631   -0.10236   0.767545 -0.0751413  -0.102502   0.767534
-0.0748622  -0.102358   0.767545 -0.0751424  -0.102502   0.767534
-0.0748614  -0.102356   0.767545 -0.0751436  -0.102502   0.767534
-0.0748606  -0.102354   0.767545 -0.0751447  -0.102502   0.767534
-0.0748598  -0.102352   0.767545 -0.0751459  -0.102501   0.767534
-0.0748589   -0.10235   0.767545 -0.075147 -0.102501  0.767534
-0.0748581  -0.102348   0.767545 -0.0751482  -0.102501   0.767534
-0.0748572  -0.102346   0.767545 -0.0751493    -0.1025   0.767533
-0.0748563  -0.102344   0.767545 -0.0751504    -0.1025   0.767533
-0.0748555  -0.102342   0.767544 -0.0751516    -0.1025   0.767533
-0.0748546   -0.10234   0.767544 -0.0751527    -0.1025   0.767533
-0.0748537  -0.102338   0.767544 -0.0751538  -0.102499   0.767533
-0.0748528  -0.102336   0.767544 -0.0751549  -0.102499   0.767533
-0.0748519  -0.102334   0.767544 -0.0751561  -0.102499   0.767533
-0.074851 -0.102332  0.767544 -0.0751572  -0.102498   0.767533
-0.0748501   -0.10233   0.767544 -0.0751583  -0.102498   0.767533
-0.0748492  -0.102328   0.767544 -0.0751594  -0.102498   0.767533
-0.0748483  -0.102325   0.767544 -0.0751605  -0.102497   0.767532
-0.0748473  -0.102323   0.767544 -0.0751616  -0.102497   0.767532
-0.0748464  -0.102321   0.767544 -0.0751627  -0.102497   0.767532
-0.0748454  -0.102319   0.767544 -0.0751638  -0.102496   0.767532
-0.0748445  -0.102317   0.767544 -0.0751649  -0.102496   0.767532
-0.0748435  -0.102315   0.767544 -0.075166 -0.102496  0.767532
-0.0748426  -0.102312   0.767544 -0.0751671  -0.102495   0.767532
-0.0748416   -0.10231   0.767544 -0.0751682  -0.102495   0.767532
-0.0748406  -0.102308   0.767543 -0.0751692  -0.102494   0.767532
-0.0748396  -0.102306   0.767543 -0.0751703  -0.102494   0.767532
-0.0748386  -0.102303   0.767543 -0.0751714  -0.102494   0.767532
-0.0748376  -0.102301   0.767543 -0.0751725  -0.102493   0.767531
-0.0748366  -0.102299   0.767543 -0.0751735  -0.102493   0.767531
-0.0748356  -0.102296   0.767543 -0.0751746  -0.102492   0.767531
-0.0748346  -0.102294   0.767543 -0.0751756  -0.102492   0.767531
-0.0748335  -0.102292   0.767543 -0.0751767  -0.102492   0.767531
-0.0748325  -0.102289   0.767543 -0.0751777  -0.102491   0.767531
-0.0748314  -0.102287   0.767543 -0.0751788  -0.102491   0.767531
-0.0748304  -0.102284   0.767543 -0.0751798   -0.10249   0.767531
-0.0748293  -0.102282   0.767543 -0.0751808   -0.10249   0.767531
-0.0748282  -0.102279   0.767543 -0.0751819  -0.102489   0.767531
-0.0748272  -0.102277   0.767543 -0.0751829  -0.102489   0.767531
-0.0748261  -0.102274   0.767542 -0.0751839  -0.102488   0.767531
-0.074825 -0.102272  0.767542 -0.0751849  -0.102488   0.767531
-0.0748239  -0.102269   0.767542 -0.0751859  -0.102487    0.76753
-0.0748228  -0.102267   0.767542 -0.0751869  -0.102487    0.76753
-0.0748217  -0.102264   0.767542 -0.0751879  -0.102486    0.76753
-0.0748205  -0.102262   0.767542 -0.0751889  -0.102486    0.76753
-0.0748194  -0.102259   0.767542 -0.0751899  -0.102485    0.76753
-0.0748183  -0.102256   0.767542 -0.0751909  -0.102485    0.76753
-0.0748171  -0.102254   0.767542 -0.0751919  -0.102484    0.76753
-0.074816 -0.102251  0.767542 -0.0751929  -0.102484    0.76753
-0.0748148  -0.102248   0.767542 -0.0751938  -0.102483    0.76753
-0.0748136  -0.102246   0.767542 -0.0751948  -0.102482    0.76753
-0.0748124  -0.102243   0.767542 -0.0751957  -0.102482    0.76753
-0.0748113   -0.10224   0.767541 -0.0751967  -0.102481    0.76753
-0.0748101  -0.102238   0.767541 -0.0751976  -0.102481    0.76753
-0.0748089  -0.102235   0.767541 -0.0751986   -0.10248    0.76753
-0.0748076  -0.102232   0.767541 -0.0751995   -0.10248    0.76753
-0.0748064  -0.102229   0.767541 -0.0752005  -0.102479    0.76753
-0.0748052  -0.102226   0.767541 -0.0752014  -0.102478    0.76753
-0.074804 -0.102223  0.767541 -0.0752023  -0.102478    0.76753
-0.0748027  -0.102221   0.767541 -0.0752032  -0.102477    0.76753
-0.0748015  -0.102218   0.767541 -0.0752041  -0.102476   0.767529
-0.0748002  -0.102215   0.767541 -0.075205 -0.102476  0.767529
-0.0747989  -0.102212   0.767541 -0.0752059  -0.102475   0.767529
-0.0747977  -0.102209   0.767541 -0.0752068  -0.102474   0.767529
-0.0747964  -0.102206    0.76754 -0.0752077  -0.102474   0.767529
-0.0747951  -0.102203    0.76754 -0.0752086  -0.102473   0.767529
-0.0747938    -0.1022    0.76754 -0.0752094  -0.102472   0.767529
-0.0747925  -0.102197    0.76754 -0.0752103  -0.102472   0.767529
-0.0747912  -0.102194    0.76754 -0.0752112  -0.102471   0.767529
-0.0747899  -0.102191    0.76754 -0.075212  -0.10247  0.767529
-0.0747885  -0.102188    0.76754 -0.0752129  -0.102469   0.767529
-0.0747872  -0.102185    0.76754 -0.0752137  -0.102469   0.767529
-0.0747858  -0.102182    0.76754 -0.0752145  -0.102468   0.767529
-0.0747845  -0.102179    0.76754 -0.0752154  -0.102467   0.767529
-0.0747831  -0.102175    0.76754 -0.0752162  -0.102466   0.767529
-0.0747817  -0.102172   0.767539 -0.075217 -0.102466  0.767529
-0.0747804  -0.102169   0.767539 -0.0752178  -0.102465   0.767529
-0.074779 -0.102166  0.767539 -0.0752186  -0.102464   0.767529
-0.0747776  -0.102163   0.767539 -0.0752194  -0.102463   0.767529
-0.0747762  -0.102159   0.767539 -0.0752202  -0.102462   0.767529
-0.0747748  -0.102156   0.767539 -0.0752209  -0.102461   0.767529
-0.0747733  -0.102153   0.767539 -0.0752217  -0.102461   0.767529
-0.0747719   -0.10215   0.767539 -0.0752225   -0.10246   0.767529
-0.0747705  -0.102146   0.767539 -0.0752232  -0.102459   0.767529
-0.074769 -0.102143  0.767539 -0.075224 -0.102458  0.767529
-0.0747675   -0.10214   0.767538 -0.0752247  -0.102457   0.767529
-0.0747661  -0.102136   0.767538 -0.0752254  -0.102456   0.767529
-0.0747646  -0.102133   0.767538 -0.0752262  -0.102455   0.767529
-0.0747631  -0.102129   0.767538 -0.0752269  -0.102454   0.767529
-0.0747616  -0.102126   0.767538 -0.0752276  -0.102453   0.767529
-0.0747601  -0.102123   0.767538 -0.0752283  -0.102452   0.767529
-0.0747586  -0.102119   0.767538 -0.075229 -0.102452  0.767529
-0.0747571  -0.102116   0.767538 -0.0752297  -0.102451   0.767529
-0.0747556  -0.102112   0.767538 -0.0752303   -0.10245   0.767529
-0.074754 -0.102109  0.767538 -0.075231 -0.102449  0.767529
-0.0747525  -0.102105   0.767537 -0.0752317  -0.102448   0.767529
-0.0747509  -0.102101   0.767537 -0.0752323  -0.102447   0.767529
-0.0747494  -0.102098   0.767537 -0.075233 -0.102446  0.767529
-0.0747478  -0.102094   0.767537 -0.0752336  -0.102445   0.767529
-0.0747462  -0.102091   0.767537 -0.0752342  -0.102444    0.76753
-0.0747447  -0.102087   0.767537 -0.0752348  -0.102443    0.76753
-0.0747431  -0.102083   0.767537 -0.0752354  -0.102441    0.76753
-0.0747414   -0.10208   0.767537 -0.075236  -0.10244   0.76753
-0.0747398  -0.102076   0.767537 -0.0752366  -0.102439    0.76753
-0.0747382  -0.102072   0.767536 -0.0752372  -0.102438    0.76753
-0.0747366  -0.102068   0.767536 -0.0752378  -0.102437    0.76753
-0.0747349  -0.102065   0.767536 -0.0752383  -0.102436    0.76753
-0.0747333  -0.102061   0.767536 -0.0752389  -0.102435    0.76753
-0.0747316  -0.102057   0.767536 -0.0752395  -0.102434    0.76753
 -0.07473 -0.102053  0.767536  -0.07524 -0.102433   0.76753
-0.0747283  -0.102049   0.767536 -0.0752405  -0.102431    0.76753
-0.0747266  -0.102045   0.767536 -0.075241  -0.10243   0.76753
-0.0747249  -0.102041   0.767536 -0.0752415  -0.102429    0.76753
-0.0747232  -0.102038   0.767535 -0.0752421  -0.102428    0.76753
-0.0747215  -0.102034   0.767535 -0.0752426  -0.102427    0.76753
-0.0747198   -0.10203   0.767535 -0.075243 -0.102425  0.767531
-0.074718 -0.102026  0.767535 -0.0752435  -0.102424   0.767531
-0.0747163  -0.102022   0.767535 -0.075244 -0.102423  0.767531
-0.0747145  -0.102018   0.767535 -0.0752444  -0.102422   0.767531
-0.0747128  -0.102014   0.767535 -0.0752449   -0.10242   0.767531
-0.074711 -0.102009  0.767535 -0.0752453  -0.102419   0.767531
-0.0747092  -0.102005   0.767535 -0.0752457  -0.102418   0.767531
-0.0747074  -0.102001   0.767534 -0.0752461  -0.102416   0.767531
-0.0747057  -0.101997   0.767534 -0.0752465  -0.102415   0.767531
-0.0747038  -0.101993   0.767534 -0.0752469  -0.102414   0.767531
-0.074702 -0.101989  0.767534 -0.0752473  -0.102412   0.767532
-0.0747002  -0.101985   0.767534 -0.0752477  -0.102411   0.767532
-0.0746984   -0.10198   0.767534 -0.075248  -0.10241  0.767532
-0.0746965  -0.101976   0.767534 -0.0752484  -0.102408   0.767532
-0.0746947  -0.101972   0.767534 -0.0752487  -0.102407   0.767532
-0.0746928  -0.101968   0.767533 -0.075249 -0.102405  0.767532
-0.074691 -0.101963  0.767533 -0.0752494  -0.102404   0.767532
-0.0746891  -0.101959   0.767533 -0.0752497  -0.102402   0.767532
-0.0746872  -0.101955   0.767533  -0.07525 -0.102401  0.767532
-0.0746853   -0.10195   0.767533 -0.0752503  -0.102399   0.767532
-0.0746834  -0.101946   0.767533 -0.0752505  -0.102398   0.767532
-0.0746815  -0.101941   0.767533 -0.0752508  -0.102396   0.767533
-0.0746795  -0.101937   0.767533 -0.0752511  -0.102394   0.767533
-0.0746776  -0.101933   0.767532 -0.0752513  -0.102393   0.767533
-0.0746756  -0.101928   0.767532 -0.0752515  -0.102391   0.767533
-0.0746737  -0.101924   0.767532 -0.0752517  -0.102389   0.767533
-0.0746717  -0.101919   0.767532 -0.075252 -0.102388  0.767533
-0.0746698  -0.101914   0.767532 -0.0752522  -0.102386   0.767533
-0.0746678   -0.10191   0.767532 -0.0752524  -0.102384   0.767533
-0.0746658  -0.101905   0.767532 -0.0752525  -0.102382   0.767533
-0.0746638  -0.101901   0.767531 -0.0752527   -0.10238   0.767533
-0.0746618  -0.101896   0.767531 -0.0752528  -0.102378   0.767533
-0.0746597  -0.101891   0.767531 -0.075253 -0.102376  0.767533
-0.0746577  -0.101887   0.767531 -0.0752531  -0.102375   0.767533
-0.0746557  -0.101882   0.767531 -0.0752533  -0.102373   0.767533
-0.0746536  -0.101877   0.767531 -0.0752534  -0.102371   0.767533
-0.0746515  -0.101873   0.767531 -0.0752535  -0.102368   0.767533
-0.0746495  -0.101868    0.76753 -0.0752535  -0.102366   0.767533
-0.0746474  -0.101863    0.76753 -0.0752536  -0.102364   0.767533
-0.0746453  -0.101858    0.76753 -0.0752537  -0.102362   0.767533
-0.0746432  -0.101853    0.76753 -0.0752537   -0.10236   0.767533
-0.0746411  -0.101848    0.76753 -0.0752538  -0.102358   0.767533
-0.074639 -0.101844   0.76753 -0.0752538  -0.102355   0.767533
-0.0746368  -0.101839    0.76753 -0.0752538  -0.102353   0.767533
-0.0746347  -0.101834   0.767529 -0.0752538  -0.102351   0.767533
-0.0746325  -0.101829   0.767529 -0.0752538  -0.102348   0.767533
-0.0746304  -0.101824   0.767529 -0.0752537  -0.102346   0.767533
-0.0746282  -0.101819   0.767529 -0.0752537  -0.102344   0.767533
-0.074626 -0.101814  0.767529 -0.0752537  -0.102341   0.767533
-0.0746238  -0.101809   0.767529 -0.0752536  -0.102339   0.767533
-0.0746216  -0.101804   0.767529 -0.0752535  -0.102336   0.767533
-0.0746194  -0.101799   0.767528 -0.0752534  -0.102333   0.767533
-0.0746172  -0.101793   0.767528 -0.0752533  -0.102331   0.767533
-0.074615 -0.101788  0.767528 -0.0752532  -0.102328   0.767533
-0.0746127  -0.101783   0.767528 -0.0752531  -0.102326   0.767533
-0.0746105  -0.101778   0.767528 -0.075253 -0.102323  0.767533
-0.0746082  -0.101773   0.767528 -0.0752528   -0.10232   0.767533
-0.074606 -0.101768  0.767527 -0.0752527  -0.102317   0.767533
-0.0746037  -0.101762   0.767527 -0.0752525  -0.102314   0.767533
-0.0746014  -0.101757   0.767527 -0.0752523  -0.102312   0.767533
-0.0745991  -0.101752   0.767527 -0.0752521  -0.102309   0.767533
-0.0745968  -0.101746   0.767527 -0.0752519  -0.102306   0.767532
-0.0745944  -0.101741   0.767527 -0.0752516  -0.102303   0.767532
-0.0745921  -0.101736   0.767527 -0.0752514    -0.1023   0.767532
-0.0745898   -0.10173   0.767526 -0.0752511  -0.102297   0.767532
-0.0745874  -0.101725   0.767526 -0.0752509  -0.102294   0.767532
-0.0745851  -0.101719   0.767526 -0.0752506  -0.102291   0.767532
-0.0745827  -0.101714   0.767526 -0.0752503  -0.102287   0.767532
-0.0745803  -0.101709   0.767526  -0.07525 -0.102284  0.767532
-0.0745779  -0.101703   0.767526 -0.0752496  -0.102281   0.767532
-0.0745755  -0.101697   0.767525 -0.0752493  -0.102278   0.767532
-0.0745731  -0.101692   0.767525 -0.075249 -0.102274  0.767532
-0.0745707  -0.101686   0.767525 -0.0752486  -0.102271   0.767531
-0.0745682  -0.101681   0.767525 -0.0752482  -0.102268   0.767531
-0.0745658  -0.101675   0.767525 -0.0752478  -0.102264   0.767531
-0.0745633  -0.101669   0.767525 -0.0752474  -0.102261   0.767531
-0.0745609  -0.101664   0.767524 -0.075247 -0.102257  0.767531
-0.0745584  -0.101658   0.767524 -0.0752465  -0.102254   0.767531
-0.0745559  -0.101652   0.767524 -0.0752461   -0.10225   0.767531
-0.0745534  -0.101647   0.767524 -0.0752456  -0.102247   0.767531
-0.0745509  -0.101641   0.767524 -0.0752451  -0.102243   0.767531
-0.0745484  -0.101635   0.767524 -0.0752447   -0.10224   0.767531
-0.0745459  -0.101629   0.767523 -0.0752441  -0.102236    0.76753
-0.0745433  -0.101623   0.767523 -0.0752436  -0.102232    0.76753
-0.0745408  -0.101618   0.767523 -0.0752431  -0.102228    0.76753
-0.0745382  -0.101612   0.767523 -0.0752425  -0.102225    0.76753
-0.0745356  -0.101606   0.767523 -0.0752419  -0.102221    0.76753
-0.0745331    -0.1016   0.767523 -0.0752414  -0.102217    0.76753
-0.0745305  -0.101594   0.767522 -0.0752408  -0.102213    0.76753
-0.0745279  -0.101588   0.767522 -0.0752401  -0.102209    0.76753
-0.0745252  -0.101582   0.767522 -0.0752395  -0.102205   0.767529
-0.0745226  -0.101576   0.767522 -0.0752389  -0.102201   0.767529
-0.07452 -0.10157 0.767522 -0.0752382  -0.102197   0.767529
-0.0745173  -0.101564   0.767521 -0.0752375  -0.102193   0.767529
-0.0745147  -0.101557   0.767521 -0.0752368  -0.102189   0.767529
-0.074512 -0.101551  0.767521 -0.0752361  -0.102185   0.767529
-0.0745093  -0.101545   0.767521 -0.0752354   -0.10218   0.767529
-0.0745067  -0.101539   0.767521 -0.0752347  -0.102176   0.767529
-0.074504 -0.101533  0.767521 -0.0752339  -0.102172   0.767529
-0.0745012  -0.101527    0.76752 -0.0752332  -0.102168   0.767528
-0.0744985   -0.10152    0.76752 -0.0752324  -0.102163   0.767528
-0.0744958  -0.101514    0.76752 -0.0752316  -0.102159   0.767528
-0.0744931  -0.101508    0.76752 -0.0752307  -0.102154   0.767528
-0.0744903  -0.101501    0.76752 -0.0752299   -0.10215   0.767528
-0.0744875  -0.101495   0.767519 -0.0752291  -0.102145   0.767528
-0.0744848  -0.101489   0.767519 -0.0752282  -0.102141   0.767528
-0.074482 -0.101482  0.767519 -0.0752273  -0.102136   0.767528
-0.0744792  -0.101476   0.767519 -0.0752264  -0.102132   0.767528
-0.0744764  -0.101469   0.767519 -0.0752255  -0.102127   0.767527
-0.0744736  -0.101463   0.767518 -0.0752246  -0.102122   0.767527
-0.0744707  -0.101456   0.767518 -0.0752236  -0.102118   0.767527
-0.0744679   -0.10145   0.767518 -0.0752227  -0.102113   0.767527
-0.074465 -0.101443  0.767518 -0.0752217  -0.102108   0.767527
-0.0744622  -0.101437   0.767518 -0.0752207  -0.102103   0.767527
-0.0744593   -0.10143   0.767518 -0.0752197  -0.102099   0.767527
-0.0744564  -0.101423   0.767517 -0.0752186  -0.102094   0.767527
-0.0744535  -0.101417   0.767517 -0.0752176  -0.102089   0.767527
-0.0744506   -0.10141   0.767517 -0.0752165  -0.102084   0.767527
-0.0744477  -0.101403   0.767517 -0.0752154  -0.102079   0.767526
-0.0744448  -0.101397   0.767517 -0.0752143  -0.102074   0.767526
-0.0744419   -0.10139   0.767516 -0.0752132  -0.102069   0.767526
-0.0744389  -0.101383   0.767516 -0.0752121  -0.102064   0.767526
-0.0744359  -0.101376   0.767516 -0.0752109  -0.102058   0.767526
-0.074433 -0.101369  0.767516 -0.0752098  -0.102053   0.767526
 -0.07443 -0.101362  0.767516 -0.0752085  -0.102048   0.767526
-0.074427 -0.101356  0.767515 -0.0752073  -0.102043   0.767526
-0.074424 -0.101349  0.767515 -0.0752061  -0.102037   0.767526
-0.074421 -0.101342  0.767515 -0.0752049  -0.102032   0.767526
-0.0744179  -0.101335   0.767515 -0.0752036  -0.102027   0.767526
-0.0744149  -0.101328   0.767514 -0.0752023  -0.102021   0.767526
-0.0744119  -0.101321   0.767514 -0.075201 -0.102016  0.767526
-0.0744088  -0.101314   0.767514 -0.0751997   -0.10201   0.767526
-0.0744057  -0.101307   0.767514 -0.0751983  -0.102005   0.767525
-0.0744026    -0.1013   0.767514 -0.075197 -0.101999  0.767525
-0.0743996  -0.101292   0.767513 -0.0751956  -0.101994   0.767525
-0.0743964  -0.101285   0.767513 -0.0751942  -0.101988   0.767525
-0.0743933  -0.101278   0.767513 -0.0751928  -0.101982   0.767525
-0.0743902  -0.101271   0.767513 -0.0751914  -0.101977   0.767525
-0.0743871  -0.101264   0.767513 -0.0751899  -0.101971   0.767525
-0.0743839  -0.101256   0.767512 -0.0751884  -0.101965   0.767525
-0.0743808  -0.101249   0.767512 -0.0751869  -0.101959   0.767525
-0.0743776  -0.101242   0.767512 -0.0751854  -0.101953   0.767525
-0.0743744  -0.101234   0.767512 -0.0751839  -0.101947   0.767525
-0.0743712  -0.101227   0.767512 -0.0751823  -0.101941   0.767525
-0.074368  -0.10122  0.767511 -0.0751808  -0.101935   0.767525
-0.0743648  -0.101212   0.767511 -0.0751792  -0.101929   0.767525
-0.0743615  -0.101205   0.767511 -0.0751776  -0.101923   0.767525
-0.0743583  -0.101197   0.767511 -0.0751759  -0.101917   0.767525
-0.0743551   -0.10119    0.76751 -0.0751743  -0.101911   0.767525
-0.0743518  -0.101182    0.76751 -0.0751726  -0.101905   0.767525
-0.0743485  -0.101175    0.76751 -0.0751709  -0.101899   0.767525
-0.0743452  -0.101167    0.76751 -0.0751691  -0.101892   0.767525
-0.0743419   -0.10116    0.76751 -0.0751674  -0.101886   0.767525
-0.0743386  -0.101152   0.767509 -0.0751656   -0.10188   0.767525
-0.0743353  -0.101144   0.767509 -0.0751638  -0.101873   0.767525
-0.074332 -0.101137  0.767509 -0.075162 -0.101867  0.767525
-0.0743286  -0.101129   0.767509 -0.0751601   -0.10186   0.767525
-0.0743253  -0.101121   0.767508 -0.0751582  -0.101854   0.767525
-0.0743219  -0.101114   0.767508 -0.0751563  -0.101847   0.767525
-0.0743185  -0.101106   0.767508 -0.0751543  -0.101841   0.767525
-0.0743151  -0.101098   0.767508 -0.0751523  -0.101834   0.767525
-0.0743117   -0.10109   0.767507 -0.0751502  -0.101827   0.767525
-0.0743083  -0.101082   0.767507 -0.0751481  -0.101821   0.767525
-0.0743049  -0.101074   0.767507 -0.0751459  -0.101814   0.767524
-0.0743015  -0.101067   0.767507 -0.0751437  -0.101807   0.767524
-0.074298 -0.101059  0.767507 -0.0751414    -0.1018   0.767524
-0.0742945  -0.101051   0.767506 -0.075139 -0.101793  0.767524
-0.0742911  -0.101043   0.767506 -0.0751366  -0.101786   0.767524
-0.0742876  -0.101035   0.767506 -0.0751341  -0.101779   0.767524
-0.0742841  -0.101027   0.767506 -0.0751315  -0.101772   0.767524
-0.0742806  -0.101019   0.767505 -0.0751289  -0.101765   0.767524
-0.0742771   -0.10101   0.767505 -0.0751262  -0.101758   0.767524
-0.0742735  -0.101002   0.767505 -0.0751235  -0.101751   0.767523
 -0.07427 -0.100994  0.767505 -0.0751207  -0.101744   0.767523
-0.0742665  -0.100986   0.767504 -0.0751179  -0.101737   0.767523
-0.0742629  -0.100978   0.767504 -0.0751151   -0.10173   0.767523
-0.0742593   -0.10097   0.767504 -0.0751121  -0.101722   0.767523
-0.0742557  -0.100961   0.767504 -0.0751092  -0.101715   0.767523
-0.0742521  -0.100953   0.767503 -0.0751062  -0.101708   0.767523
-0.0742485  -0.100945   0.767503 -0.0751032    -0.1017   0.767522
-0.0742449  -0.100936   0.767503 -0.0751001  -0.101693   0.767522
-0.0742413  -0.100928   0.767503 -0.075097 -0.101685  0.767522
-0.0742376   -0.10092   0.767502 -0.0750939  -0.101678   0.767522
-0.0742339  -0.100911   0.767502 -0.0750907   -0.10167   0.767522
-0.0742303  -0.100903   0.767502 -0.0750875  -0.101662   0.767522
-0.0742266  -0.100894   0.767502 -0.0750842  -0.101655   0.767522
-0.0742229  -0.100886   0.767501 -0.075081 -0.101647  0.767521
-0.0742192  -0.100877   0.767501 -0.0750777  -0.101639   0.767521
-0.0742155  -0.100869   0.767501 -0.0750743  -0.101631   0.767521
-0.0742117   -0.10086   0.767501 -0.0750709  -0.101623   0.767521
-0.074208 -0.100851    0.7675 -0.0750676  -0.101616   0.767521
-0.0742042  -0.100843     0.7675 -0.0750641  -0.101608   0.767521
-0.0742005  -0.100834     0.7675 -0.0750607    -0.1016    0.76752
-0.0741967  -0.100825     0.7675 -0.0750572  -0.101592    0.76752
-0.0741929  -0.100817   0.767499 -0.0750537  -0.101584    0.76752
-0.0741891  -0.100808   0.767499 -0.0750502  -0.101575    0.76752
-0.0741853  -0.100799   0.767499 -0.0750467  -0.101567    0.76752
-0.0741815   -0.10079   0.767499 -0.0750431  -0.101559    0.76752
-0.0741776  -0.100781   0.767498 -0.0750395  -0.101551   0.767519
-0.0741738  -0.100773   0.767498 -0.0750359  -0.101542   0.767519
-0.0741699  -0.100764   0.767498 -0.0750322  -0.101534   0.767519
-0.0741661  -0.100755   0.767498 -0.0750286  -0.101526   0.767519
-0.0741622  -0.100746   0.767497 -0.0750249  -0.101517   0.767519
-0.0741583  -0.100737   0.767497 -0.0750212  -0.101509   0.767519
-0.0741544  -0.100728   0.767497 -0.0750174    -0.1015   0.767518
-0.0741504  -0.100719   0.767497 -0.0750137  -0.101492   0.767518
-0.0741465   -0.10071   0.767496 -0.0750099  -0.101483   0.767518
-0.0741426  -0.100701   0.767496 -0.0750061  -0.101474   0.767518
-0.0741386  -0.100692   0.767496 -0.0750023  -0.101466   0.767518
-0.0741346  -0.100682   0.767495 -0.0749984  -0.101457   0.767518
-0.0741306  -0.100673   0.767495 -0.0749946  -0.101448   0.767518
-0.0741267  -0.100664   0.767495 -0.0749907  -0.101439   0.767517
-0.0741226  -0.100655   0.767495 -0.0749868   -0.10143   0.767517
-0.0741186  -0.100646   0.767494 -0.0749829  -0.101421   0.767517
-0.0741146  -0.100636   0.767494 -0.0749789  -0.101412   0.767517
-0.0741106  -0.100627   0.767494 -0.074975 -0.101403  0.767517
-0.0741065  -0.100618   0.767494 -0.074971 -0.101394  0.767517
-0.0741024  -0.100608   0.767493 -0.074967 -0.101385  0.767517
-0.0740984  -0.100599   0.767493 -0.074963 -0.101376  0.767516
-0.0740943   -0.10059   0.767493 -0.0749589  -0.101367   0.767516
-0.0740902   -0.10058   0.767492 -0.0749549  -0.101358   0.767516
-0.074086 -0.100571  0.767492 -0.0749508  -0.101348   0.767516
-0.0740819  -0.100561   0.767492 -0.0749467  -0.101339   0.767516
-0.0740778  -0.100552   0.767492 -0.0749426  -0.101329   0.767516
-0.0740736  -0.100542   0.767491 -0.0749384   -0.10132   0.767516
-0.0740695  -0.100532   0.767491 -0.0749343   -0.10131   0.767516
-0.0740653  -0.100523   0.767491 -0.0749301  -0.101301   0.767515
-0.0740611  -0.100513    0.76749 -0.0749259  -0.101291   0.767515
-0.0740569  -0.100503    0.76749 -0.0749217  -0.101282   0.767515
-0.0740527  -0.100494    0.76749 -0.0749175  -0.101272   0.767515
-0.0740485  -0.100484    0.76749 -0.0749133  -0.101262   0.767515
-0.0740442  -0.100474   0.767489 -0.074909 -0.101252  0.767515
 -0.07404 -0.100464  0.767489 -0.0749047  -0.101241   0.767515
-0.0740357  -0.100455   0.767489 -0.0749004  -0.101231   0.767515
-0.0740314  -0.100445   0.767488 -0.0748961  -0.101221   0.767514
-0.0740271  -0.100435   0.767488 -0.0748917   -0.10121   0.767514
-0.0740228  -0.100425   0.767488 -0.0748874  -0.101199   0.767514
-0.0740185  -0.100415   0.767488 -0.074883 -0.101189  0.767514
-0.0740142  -0.100405   0.767487 -0.0748786  -0.101178   0.767514
-0.0740099  -0.100395   0.767487 -0.0748741  -0.101167   0.767514
-0.0740055  -0.100385   0.767487 -0.0748697  -0.101155   0.767514
-0.0740012  -0.100375   0.767486 -0.0748652  -0.101144   0.767514
-0.0739968  -0.100365   0.767486 -0.0748607  -0.101133   0.767514
-0.0739924  -0.100355   0.767486 -0.0748561  -0.101122   0.767513
-0.073988 -0.100345  0.767485 -0.0748516   -0.10111   0.767513
-0.0739836  -0.100335   0.767485 -0.074847 -0.101099  0.767513
-0.0739792  -0.100324   0.767485 -0.0748424  -0.101087   0.767513
-0.0739747  -0.100314   0.767485 -0.0748378  -0.101075   0.767513
-0.0739703  -0.100304   0.767484 -0.0748331  -0.101064   0.767513
-0.0739658  -0.100294   0.767484 -0.0748285  -0.101052   0.767513
-0.0739613  -0.100283   0.767484 -0.0748238   -0.10104   0.767513
-0.0739568  -0.100273   0.767483 -0.0748191  -0.101028   0.767513
-0.0739523  -0.100263   0.767483 -0.0748143  -0.101016   0.767513
-0.0739478  -0.100252   0.767483 -0.0748096  -0.101004   0.767513
-0.0739433  -0.100242   0.767482 -0.0748048  -0.100992   0.767513
-0.0739388  -0.100232   0.767482   -0.0748 -0.100979  0.767513
-0.0739342  -0.100221   0.767482 -0.0747952  -0.100967   0.767513
-0.0739297  -0.100211   0.767481 -0.0747904  -0.100955   0.767513
-0.0739251    -0.1002   0.767481 -0.0747855  -0.100943   0.767513
-0.0739205  -0.100189   0.767481 -0.0747807   -0.10093   0.767512
-0.0739159  -0.100179   0.767481 -0.0747758  -0.100918   0.767512
-0.0739113  -0.100168    0.76748 -0.0747709  -0.100905   0.767512
-0.0739067  -0.100158    0.76748 -0.074766 -0.100893  0.767512
-0.073902 -0.100147   0.76748 -0.074761  -0.10088  0.767512
-0.0738974  -0.100136   0.767479 -0.0747561  -0.100868   0.767512
-0.0738927  -0.100126   0.767479 -0.0747511  -0.100855   0.767512
-0.0738881  -0.100115   0.767479 -0.0747461  -0.100842   0.767512
-0.0738834  -0.100104   0.767478 -0.0747411   -0.10083   0.767512
-0.0738787  -0.100093   0.767478 -0.0747361  -0.100817   0.767512
-0.073874 -0.100082  0.767478 -0.0747311  -0.100804   0.767512
-0.0738692  -0.100071   0.767477 -0.074726 -0.100791  0.767512
-0.0738645   -0.10006   0.767477 -0.074721 -0.100778  0.767513
-0.0738597   -0.10005   0.767477 -0.0747159  -0.100765   0.767513
-0.073855 -0.100039  0.767476 -0.0747108  -0.100752   0.767513
-0.0738502  -0.100028   0.767476 -0.0747057  -0.100739   0.767513
-0.0738454  -0.100017   0.767476 -0.0747006  -0.100726   0.767513
-0.0738406  -0.100006   0.767475 -0.0746955  -0.100713   0.767513
-0.0738358 -0.0999944   0.767475 -0.0746903    -0.1007   0.767513
 -0.073831 -0.0999833   0.767475 -0.0746851  -0.100687   0.767513
-0.0738261 -0.0999722   0.767474  -0.07468 -0.100674  0.767513
-0.0738213  -0.099961   0.767474 -0.0746748  -0.100661   0.767513
-0.0738164 -0.0999498   0.767474 -0.0746696  -0.100648   0.767513
-0.0738115 -0.0999386   0.767473 -0.0746644  -0.100634   0.767513
-0.0738066 -0.0999273   0.767473 -0.0746592  -0.100621   0.767513
-0.0738017  -0.099916   0.767473 -0.0746539  -0.100608   0.767513
-0.0737968 -0.0999047   0.767472 -0.0746487  -0.100595   0.767513
-0.0737919 -0.0998934   0.767472 -0.0746434  -0.100581   0.767513
-0.073787 -0.099882  0.767472 -0.0746382  -0.100568   0.767513
 -0.073782 -0.0998706   0.767471 -0.0746329  -0.100555   0.767514
 -0.073777 -0.0998592   0.767471 -0.0746276  -0.100541   0.767514
-0.0737721 -0.0998477   0.767471 -0.0746222  -0.100528   0.767514
-0.0737671 -0.0998362    0.76747 -0.0746169  -0.100514   0.767514
-0.0737621 -0.0998247    0.76747 -0.0746116  -0.100501   0.767514
 -0.073757 -0.0998131    0.76747 -0.0746062  -0.100487   0.767514
 -0.073752 -0.0998015   0.767469 -0.0746009  -0.100474   0.767514
 -0.073747 -0.0997899   0.767469 -0.0745955   -0.10046   0.767514
-0.0737419 -0.0997783   0.767469 -0.0745901  -0.100447   0.767514
-0.0737368 -0.0997666   0.767468 -0.0745847  -0.100433   0.767514
-0.0737318 -0.0997549   0.767468 -0.0745793  -0.100419   0.767514
-0.0737267 -0.0997432   0.767468 -0.0745739  -0.100406   0.767515
-0.0737216 -0.0997314   0.767467 -0.0745685  -0.100392   0.767515
-0.0737164 -0.0997196   0.767467 -0.074563 -0.100379  0.767515
-0.0737113 -0.0997078   0.767467 -0.0745576  -0.100365   0.767515
-0.0737062  -0.099696   0.767466 -0.0745521  -0.100351   0.767515
 -0.073701 -0.0996841   0.767466 -0.0745466  -0.100337   0.767515
-0.0736958 -0.0996722   0.767466 -0.0745411  -0.100324   0.767515
-0.0736907 -0.0996603   0.767465 -0.0745356   -0.10031   0.767515
-0.0736855 -0.0996483   0.767465 -0.0745301  -0.100296   0.767515
-0.0736802 -0.0996363   0.767465 -0.0745246  -0.100282   0.767516
 -0.073675 -0.0996243   0.767464 -0.074519 -0.100269  0.767516
-0.0736698 -0.0996122   0.767464 -0.0745135  -0.100255   0.767516
-0.0736645 -0.0996001   0.767463 -0.0745079  -0.100241   0.767516
-0.0736593  -0.099588   0.767463 -0.0745023  -0.100227   0.767516
 -0.073654 -0.0995759   0.767463 -0.0744968  -0.100213   0.767516
-0.0736487 -0.0995637   0.767462 -0.0744912  -0.100199   0.767516
-0.0736434 -0.0995515   0.767462 -0.0744856  -0.100185   0.767516
-0.0736381 -0.0995393   0.767462 -0.0744799  -0.100171   0.767516
-0.0736328  -0.099527   0.767461 -0.0744743  -0.100157   0.767517
-0.0736274 -0.0995147   0.767461 -0.0744686  -0.100143   0.767517
-0.0736221 -0.0995024   0.767461 -0.074463 -0.100129  0.767517
-0.0736167   -0.09949    0.76746 -0.0744573  -0.100115   0.767517
-0.0736113 -0.0994776    0.76746 -0.0744516  -0.100101   0.767517
-0.0736059 -0.0994652   0.767459 -0.074446 -0.100087  0.767517
-0.0736005 -0.0994528   0.767459 -0.0744402  -0.100073   0.767517
-0.0735951 -0.0994403   0.767459 -0.0744345  -0.100059   0.767517
-0.0735897 -0.0994278   0.767458 -0.0744288  -0.100045   0.767517
-0.0735842 -0.0994153   0.767458 -0.0744231  -0.100031   0.767517
-0.0735788 -0.0994027   0.767458 -0.0744173  -0.100017   0.767517
-0.0735733 -0.0993901   0.767457 -0.0744115  -0.100003   0.767518
-0.0735678 -0.0993775   0.767457 -0.0744058 -0.0999884   0.767518
-0.0735623 -0.0993648   0.767456    -0.0744 -0.0999742   0.767518
-0.0735568 -0.0993521   0.767456 -0.0743942   -0.09996   0.767518
-0.0735513 -0.0993394   0.767456 -0.0743884 -0.0999458   0.767518
-0.0735458 -0.0993267   0.767455 -0.0743826 -0.0999316   0.767518
-0.0735402 -0.0993139   0.767455 -0.0743767 -0.0999173   0.767518
-0.0735347 -0.0993011   0.767455 -0.0743709 -0.0999031   0.767518
-0.0735291 -0.0992883   0.767454 -0.0743651 -0.0998888   0.767518
-0.0735235 -0.0992754   0.767454 -0.0743592 -0.0998745   0.767518
-0.0735179 -0.0992625   0.767453 -0.0743533 -0.0998602   0.767518
-0.0735123 -0.0992496   0.767453 -0.0743474 -0.0998459   0.767518
-0.0735067 -0.0992366   0.767453 -0.0743415 -0.0998316   0.767518
 -0.073501 -0.0992237   0.767452 -0.0743356 -0.0998173   0.767518
-0.0734954 -0.0992106   0.767452 -0.0743297 -0.0998029   0.767519
-0.0734897 -0.0991976   0.767452 -0.0743238 -0.0997885   0.767519
 -0.073484 -0.0991845   0.767451 -0.0743178 -0.0997741   0.767519
-0.0734783 -0.0991714   0.767451 -0.0743119 -0.0997597   0.767519
-0.0734726 -0.0991583    0.76745 -0.0743059 -0.0997453   0.767519
-0.0734669 -0.0991451    0.76745 -0.0742999 -0.0997309   0.767519
-0.0734612 -0.0991319    0.76745 -0.0742939 -0.0997165   0.767519
-0.0734554 -0.0991187   0.767449 -0.0742879  -0.099702   0.767519
-0.0734497 -0.0991054   0.767449 -0.0742819 -0.0996875   0.767519
-0.0734439 -0.0990921   0.767448 -0.0742759 -0.0996731   0.767519
-0.0734381 -0.0990788   0.767448 -0.0742698 -0.0996586   0.767519
-0.0734323 -0.0990655   0.767448 -0.0742638 -0.0996441   0.767519
-0.0734265 -0.0990521   0.767447 -0.0742578 -0.0996295   0.767519
-0.0734207 -0.0990387   0.767447 -0.0742517  -0.099615   0.767519
-0.0734148 -0.0990253   0.767446 -0.0742456 -0.0996005   0.767519
 -0.073409 -0.0990118   0.767446 -0.0742395 -0.0995859   0.767519
-0.0734031 -0.0989983   0.767446 -0.0742334 -0.0995713   0.767519
-0.0733973 -0.0989848   0.767445 -0.0742273 -0.0995567   0.767519
-0.0733914 -0.0989712   0.767445 -0.0742212 -0.0995421   0.767519
-0.0733855 -0.0989576   0.767444  -0.074215 -0.0995275   0.767519
-0.0733795  -0.098944   0.767444 -0.0742089 -0.0995129   0.767519
-0.0733736 -0.0989303   0.767444 -0.0742027 -0.0994983   0.767519
-0.0733677 -0.0989167   0.767443 -0.0741966 -0.0994836   0.767519
-0.0733617 -0.0989029   0.767443 -0.0741904  -0.099469   0.767519
-0.0733557 -0.0988892   0.767442 -0.0741842 -0.0994543   0.767519
-0.0733498 -0.0988754   0.767442  -0.074178 -0.0994396   0.767519
-0.0733438 -0.0988616   0.767442 -0.0741717 -0.0994249   0.767519
-0.0733378 -0.0988478   0.767441 -0.0741655 -0.0994102   0.767519
-0.0733317 -0.0988339   0.767441 -0.0741593 -0.0993955   0.767519
-0.0733257   -0.09882    0.76744  -0.074153 -0.0993808   0.767518
-0.0733197 -0.0988061    0.76744 -0.0741468  -0.099366   0.767518
-0.0733136 -0.0987922    0.76744 -0.0741405 -0.0993513   0.767518
-0.0733075 -0.0987782   0.767439 -0.0741342 -0.0993365   0.767518
-0.0733014 -0.0987642   0.767439 -0.0741279 -0.0993217   0.767518
-0.0732953 -0.0987501   0.767438 -0.0741216 -0.0993069   0.767518
-0.0732892  -0.098736   0.767438 -0.0741153 -0.0992921   0.767518
-0.0732831 -0.0987219   0.767437 -0.0741089 -0.0992773   0.767518
-0.0732769 -0.0987078   0.767437 -0.0741026 -0.0992625   0.767518
-0.0732708 -0.0986936   0.767437 -0.0740963 -0.0992476   0.767518
-0.0732646 -0.0986794   0.767436 -0.0740899 -0.0992328   0.767518
-0.0732584 -0.0986652   0.767436 -0.0740835 -0.0992179   0.767518
-0.0732522 -0.0986509   0.767435 -0.0740771 -0.0992031   0.767517
 -0.073246 -0.0986366   0.767435 -0.0740707 -0.0991882   0.767517
-0.0732398 -0.0986223   0.767435 -0.0740643 -0.0991733   0.767517
-0.0732336 -0.0986079   0.767434 -0.0740579 -0.0991584   0.767517
-0.0732273 -0.0985936   0.767434 -0.0740515 -0.0991435   0.767517
-0.0732211 -0.0985792   0.767433  -0.074045 -0.0991285   0.767517
-0.0732148 -0.0985647   0.767433 -0.0740386 -0.0991136   0.767517
-0.0732085 -0.0985502   0.767432 -0.0740321 -0.0990986   0.767517
-0.0732022 -0.0985357   0.767432 -0.0740257 -0.0990837   0.767516
-0.0731959 -0.0985212   0.767432 -0.0740192 -0.0990687   0.767516
-0.0731896 -0.0985066   0.767431 -0.0740127 -0.0990537   0.767516
-0.0731832  -0.098492   0.767431 -0.0740062 -0.0990387   0.767516
-0.0731769 -0.0984774    0.76743 -0.0739997 -0.0990237   0.767516
-0.0731705 -0.0984627    0.76743 -0.0739932 -0.0990087   0.767516
-0.0731641  -0.098448   0.767429 -0.0739867 -0.0989937   0.767516
-0.0731577 -0.0984333   0.767429 -0.0739801 -0.0989786   0.767515
-0.0731513 -0.0984186   0.767429 -0.0739736 -0.0989636   0.767515
-0.0731449 -0.0984038   0.767428  -0.073967 -0.0989485   0.767515
-0.0731385  -0.098389   0.767428 -0.0739605 -0.0989335   0.767515
 -0.073132 -0.0983741   0.767427 -0.0739539 -0.0989184   0.767515
-0.0731256 -0.0983593   0.767427 -0.0739473 -0.0989033   0.767514
-0.0731191 -0.0983443   0.767426 -0.0739407 -0.0988882   0.767514
-0.0731126 -0.0983294   0.767426 -0.0739341 -0.0988731   0.767514
-0.0731061 -0.0983144   0.767425 -0.0739275 -0.0988579   0.767514
-0.0730996 -0.0982994   0.767425 -0.0739209 -0.0988428   0.767514
-0.0730931 -0.0982844   0.767425 -0.0739142 -0.0988277   0.767513
-0.0730865 -0.0982694   0.767424 -0.0739076 -0.0988125   0.767513
  -0.07308 -0.0982543   0.767424 -0.0739009 -0.0987973   0.767513
-0.0730734 -0.0982391   0.767423 -0.0738943 -0.0987822   0.767513
-0.0730668  -0.098224   0.767423 -0.0738876  -0.098767   0.767513
-0.0730602 -0.0982088   0.767422 -0.0738809 -0.0987518   0.767512
-0.0730536 -0.0981936   0.767422 -0.0738742 -0.0987366   0.767512
 -0.073047 -0.0981783   0.767421 -0.0738676 -0.0987213   0.767512
-0.0730404 -0.0981631   0.767421 -0.0738608 -0.0987061   0.767512
-0.0730337 -0.0981478   0.767421 -0.0738541 -0.0986909   0.767511
 -0.073027 -0.0981324    0.76742 -0.0738474 -0.0986756   0.767511
-0.0730204 -0.0981171    0.76742 -0.0738407 -0.0986603   0.767511
-0.0730137 -0.0981017   0.767419 -0.0738339 -0.0986451   0.767511
 -0.073007 -0.0980862   0.767419 -0.0738272 -0.0986298    0.76751
-0.0730003 -0.0980708   0.767418 -0.0738204 -0.0986145    0.76751
-0.0729935 -0.0980553   0.767418 -0.0738136 -0.0985992    0.76751
-0.0729868 -0.0980398   0.767417 -0.0738069 -0.0985838   0.767509
  -0.07298 -0.0980242   0.767417 -0.0738001 -0.0985685   0.767509
-0.0729733 -0.0980086   0.767416 -0.0737933 -0.0985532   0.767509
-0.0729665  -0.097993   0.767416 -0.0737865 -0.0985378   0.767509
-0.0729597 -0.0979774   0.767415 -0.0737797 -0.0985225   0.767508
-0.0729529 -0.0979617   0.767415 -0.0737729 -0.0985071   0.767508
-0.0729461  -0.097946   0.767415  -0.073766 -0.0984917   0.767508
-0.0729392 -0.0979302   0.767414 -0.0737592 -0.0984763   0.767507
-0.0729324 -0.0979145   0.767414 -0.0737523 -0.0984609   0.767507
-0.0729255 -0.0978987   0.767413 -0.0737455 -0.0984455   0.767507
-0.0729186 -0.0978828   0.767413 -0.0737386 -0.0984301   0.767506
-0.0729117  -0.097867   0.767412 -0.0737317 -0.0984146   0.767506
-0.0729048 -0.0978511   0.767412 -0.0737249 -0.0983992   0.767506
-0.0728979 -0.0978351   0.767411  -0.073718 -0.0983837   0.767505
 -0.072891 -0.0978192   0.767411 -0.0737111 -0.0983682   0.767505
-0.0728841 -0.0978032    0.76741 -0.0737042 -0.0983527   0.767505
-0.0728771 -0.0977872    0.76741 -0.0736972 -0.0983373   0.767504
-0.0728701 -0.0977711   0.767409 -0.0736903 -0.0983217   0.767504
-0.0728631 -0.0977551   0.767409 -0.0736834 -0.0983062   0.767504
-0.0728561 -0.0977389   0.767408 -0.0736764 -0.0982907   0.767503
-0.0728491 -0.0977228   0.767408 -0.0736695 -0.0982752   0.767503
-0.0728421 -0.0977066   0.767407 -0.0736625 -0.0982596   0.767502
-0.0728351 -0.0976904   0.767407 -0.0736556  -0.098244   0.767502
 -0.072828 -0.0976742   0.767407 -0.0736486 -0.0982285   0.767502
 -0.072821 -0.0976579   0.767406 -0.0736416 -0.0982129   0.767501
-0.0728139 -0.0976416   0.767406 -0.0736346 -0.0981973   0.767501
-0.0728068 -0.0976253   0.767405 -0.0736276 -0.0981817     0.7675
-0.0727997 -0.0976089   0.767405 -0.0736206 -0.0981661     0.7675
-0.0727926 -0.0975926   0.767404 -0.0736136 -0.0981504     0.7675
-0.0727854 -0.0975761   0.767404 -0.0736065 -0.0981348   0.767499
-0.0727783 -0.0975597   0.767403 -0.0735995 -0.0981191   0.767499
-0.0727711 -0.0975432   0.767403 -0.0735925 -0.0981035   0.767498
-0.0727639 -0.0975267   0.767402 -0.0735854 -0.0980878   0.767498
-0.0727568 -0.0975101   0.767402 -0.0735784 -0.0980721   0.767498
-0.0727496 -0.0974936   0.767401 -0.0735713 -0.0980564   0.767497
-0.0727423  -0.097477   0.767401 -0.0735642 -0.0980407   0.767497
-0.0727351 -0.0974603     0.7674 -0.0735571  -0.098025   0.767496
-0.0727279 -0.0974437     0.7674   -0.07355 -0.0980092   0.767496
-0.0727206  -0.097427   0.767399  -0.073543 -0.0979935   0.767495
-0.0727134 -0.0974102   0.767399 -0.0735358 -0.0979777   0.767495
-0.0727061 -0.0973935   0.767398 -0.0735287 -0.0979619   0.767494
-0.0726988 -0.0973767   0.767398 -0.0735216 -0.0979461   0.767494
-0.0726915 -0.0973598   0.767397 -0.0735145 -0.0979303   0.767494
-0.0726842  -0.097343   0.767397 -0.0735073 -0.0979145   0.767493
-0.0726768 -0.0973261   0.767396 -0.0735002 -0.0978987   0.767493
-0.0726695 -0.0973092   0.767396  -0.073493 -0.0978829   0.767492
-0.0726621 -0.0972922   0.767395 -0.0734859  -0.097867   0.767492
-0.0726547 -0.0972752   0.767395 -0.0734787 -0.0978511   0.767491
-0.0726473 -0.0972582   0.767394 -0.0734715 -0.0978353   0.767491
-0.0726399 -0.0972412   0.767394 -0.0734643 -0.0978194    0.76749
-0.0726325 -0.0972241   0.767393 -0.0734571 -0.0978035    0.76749
-0.0726251  -0.097207   0.767393 -0.0734499 -0.0977876   0.767489
-0.0726177 -0.0971899   0.767392 -0.0734427 -0.0977716   0.767489
-0.0726102 -0.0971727   0.767392 -0.0734355 -0.0977557   0.767488
-0.0726027 -0.0971555   0.767391 -0.0734283 -0.0977397   0.767488
-0.0725953 -0.0971383   0.767391  -0.073421 -0.0977238   0.767487
-0.0725878  -0.097121    0.76739 -0.0734138 -0.0977078   0.767487
-0.0725802 -0.0971037    0.76739 -0.0734065 -0.0976918   0.767486
-0.0725727 -0.0970864   0.767389 -0.0733993 -0.0976758   0.767485
-0.0725652 -0.0970691   0.767389  -0.073392 -0.0976598   0.767485
-0.0725576 -0.0970517   0.767388 -0.0733847 -0.0976437   0.767484
-0.0725501 -0.0970343   0.767388 -0.0733774 -0.0976277   0.767484
-0.0725425 -0.0970168   0.767387 -0.0733701 -0.0976116   0.767483
-0.0725349 -0.0969993   0.767387 -0.0733629 -0.0975955   0.767483
-0.0725273 -0.0969818   0.767386 -0.0733555 -0.0975795   0.767482
-0.0725197 -0.0969643   0.767386 -0.0733482 -0.0975634   0.767482
 -0.072512 -0.0969467   0.767385 -0.0733409 -0.0975472   0.767481
-0.0725044 -0.0969291   0.767384 -0.0733336 -0.0975311    0.76748
-0.0724967 -0.0969115   0.767384 -0.0733262  -0.097515    0.76748
-0.0724891 -0.0968938   0.767383 -0.0733189 -0.0974988   0.767479
-0.0724814 -0.0968761   0.767383 -0.0733115 -0.0974826   0.767479
-0.0724737 -0.0968584   0.767382 -0.0733042 -0.0974664   0.767478
 -0.072466 -0.0968406   0.767382 -0.0732968 -0.0974502   0.767478
-0.0724582 -0.0968229   0.767381 -0.0732894  -0.097434   0.767477
-0.0724505  -0.096805   0.767381  -0.073282 -0.0974178   0.767476
-0.0724427 -0.0967872    0.76738 -0.0732747 -0.0974015   0.767476
 -0.072435 -0.0967693    0.76738 -0.0732672 -0.0973852   0.767475
-0.0724272 -0.0967514   0.767379 -0.0732598  -0.097369   0.767475
-0.0724194 -0.0967334   0.767379 -0.0732524 -0.0973527   0.767474
-0.0724116 -0.0967155   0.767378  -0.073245 -0.0973364   0.767473
-0.0724038 -0.0966975   0.767378 -0.0732376   -0.09732   0.767473
-0.0723959 -0.0966794   0.767377 -0.0732301 -0.0973037   0.767472
-0.0723881 -0.0966614   0.767377 -0.0732227 -0.0972873   0.767471
-0.0723802 -0.0966433   0.767376 -0.0732152  -0.097271   0.767471
-0.0723724 -0.0966251   0.767376 -0.0732078 -0.0972546    0.76747
-0.0723645  -0.096607   0.767375 -0.0732003 -0.0972382   0.767469
-0.0723566 -0.0965888   0.767374 -0.0731928 -0.0972217   0.767469
-0.0723487 -0.0965705   0.767374 -0.0731853 -0.0972053   0.767468
-0.0723407 -0.0965523   0.767373 -0.0731778 -0.0971889   0.767468
-0.0723328  -0.096534   0.767373 -0.0731703 -0.0971724   0.767467
-0.0723248 -0.0965157   0.767372 -0.0731628 -0.0971559   0.767466
-0.0723169 -0.0964973   0.767372 -0.0731553 -0.0971394   0.767466
-0.0723089 -0.0964789   0.767371 -0.0731478 -0.0971229   0.767465
-0.0723009 -0.0964605   0.767371 -0.0731403 -0.0971063   0.767464
-0.0722929 -0.0964421    0.76737 -0.0731327 -0.0970898   0.767464
-0.0722848 -0.0964236    0.76737 -0.0731252 -0.0970732   0.767463
-0.0722768 -0.0964051   0.767369 -0.0731176 -0.0970566   0.767462
-0.0722688 -0.0963866   0.767368 -0.0731101   -0.09704   0.767461
-0.0722607  -0.096368   0.767368 -0.0731025 -0.0970234   0.767461
-0.0722526 -0.0963494   0.767367 -0.0730949 -0.0970068    0.76746
-0.0722445 -0.0963308   0.767367 -0.0730873 -0.0969901   0.767459
-0.0722364 -0.0963121   0.767366 -0.0730797 -0.0969735   0.767459
-0.0722283 -0.0962934   0.767366 -0.0730721 -0.0969568   0.767458
-0.0722202 -0.0962747   0.767365 -0.0730645 -0.0969401   0.767457
-0.072212 -0.096256  0.767365 -0.0730569 -0.0969233   0.767456
-0.0722039 -0.0962372   0.767364 -0.0730493 -0.0969066   0.767456
-0.0721957 -0.0962184   0.767363 -0.0730416 -0.0968898   0.767455
-0.0721875 -0.0961995   0.767363 -0.073034 -0.096873  0.767454
-0.0721793 -0.0961806   0.767362 -0.0730264 -0.0968563   0.767454
-0.0721711 -0.0961617   0.767362 -0.0730187 -0.0968394   0.767453
-0.0721629 -0.0961428   0.767361  -0.073011 -0.0968226   0.767452
-0.0721546 -0.0961238   0.767361 -0.0730034 -0.0968057   0.767451
-0.0721464 -0.0961048    0.76736 -0.0729957 -0.0967889   0.767451
-0.0721381 -0.0960858    0.76736 -0.072988 -0.096772   0.76745
-0.0721298 -0.0960667   0.767359 -0.0729803 -0.0967551   0.767449
-0.0721215 -0.0960476   0.767358 -0.0729726 -0.0967381   0.767448
-0.0721132 -0.0960285   0.767358 -0.0729649 -0.0967212   0.767448
-0.0721049 -0.0960093   0.767357 -0.0729572 -0.0967042   0.767447
-0.0720966 -0.0959901   0.767357 -0.0729495 -0.0966872   0.767446
-0.0720882 -0.0959709   0.767356 -0.0729418 -0.0966702   0.767445
-0.0720799 -0.0959517   0.767356 -0.0729341 -0.0966532   0.767444
-0.0720715 -0.0959324   0.767355 -0.0729263 -0.0966362   0.767444
-0.0720631 -0.0959131   0.767354 -0.0729186 -0.0966191   0.767443
-0.0720547 -0.0958937   0.767354 -0.0729108  -0.096602   0.767442
-0.0720463 -0.0958744   0.767353 -0.0729031 -0.0965849   0.767441
-0.0720378  -0.095855   0.767353 -0.0728953 -0.0965678    0.76744
-0.0720294 -0.0958355   0.767352 -0.0728875 -0.0965506    0.76744
-0.0720209  -0.095816   0.767352 -0.0728798 -0.0965335   0.767439
-0.0720125 -0.0957966   0.767351  -0.072872 -0.0965163   0.767438
-0.072004 -0.095777   0.76735 -0.0728642 -0.0964991   0.767437
-0.0719955 -0.0957575    0.76735 -0.0728564 -0.0964819   0.767436
 -0.071987 -0.0957379   0.767349 -0.0728486 -0.0964646   0.767436
-0.0719785 -0.0957182   0.767349 -0.0728408 -0.0964473   0.767435
-0.0719699 -0.0956986   0.767348  -0.072833 -0.0964301   0.767434
-0.0719614 -0.0956789   0.767348 -0.0728251 -0.0964127   0.767433
-0.0719528 -0.0956592   0.767347 -0.0728173 -0.0963954   0.767432
-0.0719442 -0.0956394   0.767346 -0.0728095 -0.0963781   0.767431
-0.0719356 -0.0956197   0.767346 -0.0728016 -0.0963607    0.76743
 -0.071927 -0.0955999   0.767345 -0.0727937 -0.0963433    0.76743
-0.0719184   -0.09558   0.767345 -0.0727859 -0.0963259   0.767429
-0.0719098 -0.0955601   0.767344  -0.072778 -0.0963084   0.767428
-0.0719011 -0.0955402   0.767343 -0.0727701  -0.096291   0.767427
-0.0718925 -0.0955203   0.767343 -0.0727623 -0.0962735   0.767426
-0.0718838 -0.0955003   0.767342 -0.0727544  -0.096256   0.767425
-0.0718751 -0.0954803   0.767342 -0.0727465 -0.0962385   0.767424
-0.0718664 -0.0954603   0.767341 -0.0727385 -0.0962209   0.767424
-0.0718577 -0.0954403    0.76734 -0.0727306 -0.0962034   0.767423
 -0.071849 -0.0954202    0.76734 -0.0727227 -0.0961858   0.767422
-0.0718403 -0.0954001   0.767339 -0.0727148 -0.0961682   0.767421
-0.0718315 -0.0953799   0.767339 -0.0727068 -0.0961505    0.76742
-0.0718227 -0.0953597   0.767338 -0.0726989 -0.0961329   0.767419
 -0.071814 -0.0953395   0.767338 -0.0726909 -0.0961152   0.767418
-0.0718052 -0.0953193   0.767337  -0.072683 -0.0960975   0.767417
-0.0717964  -0.095299   0.767336  -0.072675 -0.0960797   0.767416
-0.0717875 -0.0952787   0.767336 -0.072667 -0.096062  0.767415
-0.0717787 -0.0952583   0.767335  -0.072659 -0.0960442   0.767415
-0.0717699  -0.095238   0.767335  -0.072651 -0.0960264   0.767414
 -0.071761 -0.0952176   0.767334  -0.072643 -0.0960086   0.767413
-0.0717521 -0.0951972   0.767333  -0.072635 -0.0959908   0.767412
-0.0717432 -0.0951767   0.767333  -0.072627 -0.0959729   0.767411
-0.0717343 -0.0951562   0.767332 -0.072619 -0.095955   0.76741
-0.0717254 -0.0951357   0.767331 -0.0726109 -0.0959371   0.767409
-0.0717165 -0.0951151   0.767331 -0.0726029 -0.0959192   0.767408
-0.0717076 -0.0950945    0.76733 -0.0725949 -0.0959012   0.767407
-0.0716986 -0.0950739    0.76733 -0.0725868 -0.0958832   0.767406
-0.0716896 -0.0950533   0.767329 -0.0725787 -0.0958652   0.767405
-0.0716807 -0.0950326   0.767328 -0.0725707 -0.0958472   0.767404
-0.0716717 -0.0950119   0.767328 -0.0725626 -0.0958291   0.767403
-0.0716627 -0.0949912   0.767327 -0.0725545  -0.095811   0.767402
-0.0716536 -0.0949704   0.767327 -0.0725464 -0.0957929   0.767401
-0.0716446 -0.0949496   0.767326 -0.0725383 -0.0957748     0.7674
-0.0716356 -0.0949288   0.767325 -0.0725302 -0.0957566   0.767399
-0.0716265 -0.0949079   0.767325 -0.0725221 -0.0957385   0.767398
-0.0716174  -0.094887   0.767324 -0.0725139 -0.0957202   0.767397
-0.0716083 -0.0948661   0.767324 -0.0725058  -0.095702   0.767397
-0.0715992 -0.0948451   0.767323 -0.0724977 -0.0956838   0.767396
-0.0715901 -0.0948242   0.767322 -0.0724895 -0.0956655   0.767395
 -0.071581 -0.0948031   0.767322 -0.0724814 -0.0956472   0.767394
-0.0715719 -0.0947821   0.767321 -0.0724732 -0.0956288   0.767393
-0.0715627  -0.094761    0.76732  -0.072465 -0.0956105   0.767392
-0.0715535 -0.0947399    0.76732 -0.0724568 -0.0955921   0.767391
-0.0715444 -0.0947188   0.767319 -0.0724486 -0.0955737    0.76739
-0.0715352 -0.0946976   0.767319 -0.0724404 -0.0955553   0.767389
 -0.071526 -0.0946764   0.767318 -0.0724322 -0.0955368   0.767388
-0.0715167 -0.0946552   0.767317  -0.072424 -0.0955183   0.767386
-0.0715075 -0.0946339   0.767317 -0.0724157 -0.0954998   0.767385
-0.0714982 -0.0946126   0.767316 -0.0724075 -0.0954813   0.767384
 -0.071489 -0.0945913   0.767315 -0.0723993 -0.0954627   0.767383
-0.0714797   -0.09457   0.767315  -0.072391 -0.0954441   0.767382
-0.0714704 -0.0945486   0.767314 -0.0723828 -0.0954255   0.767381
-0.0714611 -0.0945272   0.767313 -0.0723745 -0.0954068    0.76738
-0.0714518 -0.0945057   0.767313 -0.0723662 -0.0953882   0.767379
-0.0714425 -0.0944842   0.767312 -0.0723579 -0.0953695   0.767378
-0.0714331 -0.0944627   0.767312 -0.0723496 -0.0953507   0.767377
-0.0714238 -0.0944412   0.767311 -0.0723413  -0.095332   0.767376
-0.0714144 -0.0944196    0.76731  -0.072333 -0.0953132   0.767375
-0.071405 -0.094398   0.76731 -0.0723247 -0.0952944   0.767374
-0.0713956 -0.0943764   0.767309 -0.0723164 -0.0952755   0.767373
-0.0713862 -0.0943547   0.767308  -0.072308 -0.0952567   0.767372
-0.0713768  -0.094333   0.767308 -0.0722997 -0.0952378   0.767371
-0.0713674 -0.0943113   0.767307 -0.0722913 -0.0952189    0.76737
-0.0713579 -0.0942896   0.767306 -0.0722829 -0.0951999   0.767369
-0.0713485 -0.0942678   0.767306 -0.0722746  -0.095181   0.767368
-0.071339 -0.094246  0.767305 -0.0722662  -0.095162   0.767367
-0.0713295 -0.0942241   0.767305 -0.0722578 -0.0951429   0.767365
  -0.07132 -0.0942023   0.767304 -0.0722494 -0.0951239   0.767364
-0.0713105 -0.0941803   0.767303  -0.072241 -0.0951048   0.767363
 -0.071301 -0.0941584   0.767303 -0.0722326 -0.0950857   0.767362
-0.0712914 -0.0941364   0.767302 -0.0722242 -0.0950665   0.767361
-0.0712819 -0.0941144   0.767301 -0.0722157 -0.0950474    0.76736
-0.0712723 -0.0940924   0.767301 -0.0722073 -0.0950282   0.767359
-0.0712627 -0.0940704     0.7673 -0.0721988 -0.0950089   0.767358
-0.0712531 -0.0940483   0.767299 -0.0721904 -0.0949897   0.767357
-0.0712435 -0.0940262   0.767299 -0.0721819 -0.0949704   0.767356
-0.0712339  -0.094004   0.767298 -0.0721734 -0.0949511   0.767354
-0.0712243 -0.0939818   0.767297 -0.0721649 -0.0949317   0.767353
-0.0712146 -0.0939596   0.767297 -0.0721564 -0.0949123   0.767352
 -0.071205 -0.0939374   0.767296 -0.0721479 -0.0948929   0.767351
-0.0711953 -0.0939151   0.767295 -0.0721394 -0.0948735    0.76735
-0.0711856 -0.0938928   0.767295 -0.0721309 -0.0948541   0.767349
-0.0711759 -0.0938705   0.767294 -0.0721224 -0.0948346   0.767348
-0.0711662 -0.0938481   0.767293 -0.0721138  -0.094815   0.767346
-0.0711565 -0.0938257   0.767293 -0.0721053 -0.0947955   0.767345
-0.0711467 -0.0938033   0.767292 -0.0720967 -0.0947759   0.767344
 -0.071137 -0.0937808   0.767291 -0.0720882 -0.0947563   0.767343
-0.0711272 -0.0937584   0.767291 -0.0720796 -0.0947367   0.767342
-0.0711174 -0.0937358    0.76729 -0.072071 -0.094717  0.767341
-0.0711076 -0.0937133   0.767289 -0.0720624 -0.0946973    0.76734
-0.0710978 -0.0936907   0.767289 -0.0720538 -0.0946776   0.767338
 -0.071088 -0.0936681   0.767288 -0.0720452 -0.0946578   0.767337
-0.0710782 -0.0936455   0.767287 -0.0720366  -0.094638   0.767336
-0.0710683 -0.0936228   0.767287 -0.0720279 -0.0946182   0.767335
-0.0710585 -0.0936001   0.767286 -0.0720193 -0.0945983   0.767334
-0.0710486 -0.0935774   0.767285 -0.0720107 -0.0945785   0.767333
-0.0710387 -0.0935546   0.767285  -0.072002 -0.0945585   0.767331
-0.0710288 -0.0935318   0.767284 -0.0719934 -0.0945386    0.76733
-0.0710189  -0.093509   0.767283 -0.0719847 -0.0945186   0.767329
 -0.071009 -0.0934862   0.767283  -0.071976 -0.0944986   0.767328
 -0.070999 -0.0934633   0.767282 -0.0719673 -0.0944786   0.767327
-0.0709891 -0.0934404   0.767281 -0.0719586 -0.0944585   0.767325
-0.0709791 -0.0934174   0.767281 -0.0719499 -0.0944384   0.767324
-0.0709692 -0.0933945    0.76728 -0.0719412 -0.0944183   0.767323
-0.0709592 -0.0933715   0.767279 -0.0719324 -0.0943981   0.767322
-0.0709492 -0.0933484   0.767279 -0.0719237 -0.0943779   0.767321
-0.0709391 -0.0933254   0.767278 -0.0719149 -0.0943577   0.767319
-0.0709291 -0.0933023   0.767277 -0.0719062 -0.0943374   0.767318
-0.0709191 -0.0932792   0.767277 -0.0718974 -0.0943172   0.767317
-0.070909 -0.093256  0.767276 -0.0718886 -0.0942968   0.767316
-0.0708989 -0.0932328   0.767275 -0.0718799 -0.0942765   0.767315
-0.0708889 -0.0932096   0.767275  -0.071871 -0.0942561   0.767313
-0.0708788 -0.0931864   0.767274 -0.0718623 -0.0942357   0.767312
-0.0708687 -0.0931631   0.767273 -0.0718534 -0.0942152   0.767311
-0.0708585 -0.0931398   0.767272 -0.0718446 -0.0941948    0.76731
-0.0708484 -0.0931165   0.767272 -0.0718358 -0.0941742   0.767308
-0.0708383 -0.0930931   0.767271 -0.0718269 -0.0941537   0.767307
-0.0708281 -0.0930697    0.76727 -0.0718181 -0.0941331   0.767306
-0.0708179 -0.0930463    0.76727 -0.0718092 -0.0941125   0.767305
-0.0708077 -0.0930229   0.767269 -0.0718004 -0.0940919   0.767303
-0.0707975 -0.0929994   0.767268 -0.0717915 -0.0940712   0.767302
-0.0707873 -0.0929759   0.767268 -0.0717826 -0.0940505   0.767301
-0.0707771 -0.0929523   0.767267 -0.0717737 -0.0940298     0.7673
-0.0707669 -0.0929287   0.767266 -0.0717648  -0.094009   0.767298
-0.0707566 -0.0929051   0.767266 -0.0717559 -0.0939882   0.767297
-0.0707464 -0.0928815   0.767265 -0.0717469 -0.0939673   0.767296
-0.0707361 -0.0928578   0.767264  -0.071738 -0.0939465   0.767295
-0.0707258 -0.0928342   0.767263  -0.071729 -0.0939256   0.767293
-0.0707155 -0.0928104   0.767263 -0.0717201 -0.0939046   0.767292
-0.0707052 -0.0927867   0.767262 -0.0717111 -0.0938836   0.767291
-0.0706948 -0.0927629   0.767261 -0.0717021 -0.0938626    0.76729
-0.0706845 -0.0927391   0.767261 -0.0716931 -0.0938416   0.767288
-0.0706741 -0.0927152    0.76726 -0.0716842 -0.0938205   0.767287
-0.0706638 -0.0926914   0.767259 -0.0716751 -0.0937994   0.767286
-0.0706534 -0.0926675   0.767259 -0.0716661 -0.0937783   0.767284
 -0.070643 -0.0926435   0.767258 -0.0716571 -0.0937571   0.767283
-0.0706326 -0.0926196   0.767257 -0.0716481 -0.0937359   0.767282
-0.0706222 -0.0925956   0.767256  -0.071639 -0.0937147    0.76728
-0.0706117 -0.0925716   0.767256   -0.07163 -0.0936934   0.767279
-0.0706013 -0.0925475   0.767255 -0.0716209 -0.0936721   0.767278
-0.0705908 -0.0925234   0.767254 -0.0716118 -0.0936507   0.767277
-0.0705804 -0.0924993   0.767254 -0.0716027 -0.0936294   0.767275
-0.0705699 -0.0924752   0.767253 -0.0715936  -0.093608   0.767274
-0.0705594  -0.092451   0.767252 -0.0715845 -0.0935865   0.767273
-0.0705489 -0.0924268   0.767251 -0.0715754  -0.093565   0.767271
-0.0705383 -0.0924026   0.767251 -0.0715663 -0.0935435    0.76727
-0.0705278 -0.0923783    0.76725 -0.0715571  -0.093522   0.767269
-0.0705172  -0.092354   0.767249  -0.071548 -0.0935004   0.767267
-0.0705067 -0.0923297   0.767249 -0.0715388 -0.0934788   0.767266
-0.0704961 -0.0923054   0.767248 -0.0715296 -0.0934571   0.767265
-0.0704855  -0.092281   0.767247 -0.0715205 -0.0934354   0.767263
-0.0704749 -0.0922566   0.767246 -0.0715113 -0.0934137   0.767262
-0.0704643 -0.0922321   0.767246 -0.0715021  -0.093392   0.767261
-0.0704537 -0.0922077   0.767245 -0.0714929 -0.0933702   0.767259
 -0.070443 -0.0921832   0.767244 -0.0714837 -0.0933484   0.767258
-0.0704324 -0.0921586   0.767243 -0.0714744 -0.0933265   0.767257
-0.0704217 -0.0921341   0.767243 -0.0714652 -0.0933046   0.767255
 -0.070411 -0.0921095   0.767242 -0.0714559 -0.0932827   0.767254
-0.0704003 -0.0920849   0.767241 -0.0714467 -0.0932607   0.767253
-0.0703896 -0.0920602   0.767241 -0.0714374 -0.0932387   0.767251
-0.0703789 -0.0920356    0.76724 -0.0714281 -0.0932167    0.76725
-0.0703682 -0.0920109   0.767239 -0.0714188 -0.0931946   0.767249
-0.0703575 -0.0919861   0.767238 -0.0714095 -0.0931725   0.767247
-0.0703467 -0.0919614   0.767238 -0.0714002 -0.0931504   0.767246
-0.0703359 -0.0919366   0.767237 -0.0713909 -0.0931282   0.767244
-0.0703251 -0.0919118   0.767236 -0.0713816  -0.093106   0.767243
-0.0703144 -0.0918869   0.767235 -0.0713722 -0.0930837   0.767242
-0.0703035  -0.091862   0.767235 -0.0713629 -0.0930614    0.76724
-0.0702927 -0.0918371   0.767234 -0.0713535 -0.0930391   0.767239
-0.0702819 -0.0918122   0.767233 -0.0713441 -0.0930168   0.767238
 -0.070271 -0.0917872   0.767233 -0.0713347 -0.0929944   0.767236
-0.0702602 -0.0917622   0.767232 -0.0713253  -0.092972   0.767235
-0.0702493 -0.0917372   0.767231 -0.0713159 -0.0929495   0.767233
-0.0702384 -0.0917121    0.76723 -0.0713065  -0.092927   0.767232
-0.0702275  -0.091687    0.76723 -0.0712971 -0.0929045   0.767231
-0.0702166 -0.0916619   0.767229 -0.0712876 -0.0928819   0.767229
-0.0702057 -0.0916368   0.767228 -0.0712782 -0.0928593   0.767228
-0.0701948 -0.0916116   0.767227 -0.0712687 -0.0928367   0.767226
-0.0701838 -0.0915864   0.767227 -0.0712593  -0.092814   0.767225
-0.0701729 -0.0915612   0.767226 -0.0712498 -0.0927913   0.767224
-0.0701619 -0.0915359   0.767225 -0.0712403 -0.0927685   0.767222
-0.0701509 -0.0915106   0.767224 -0.0712308 -0.0927457   0.767221
-0.0701399 -0.0914853   0.767224 -0.0712213 -0.0927229   0.767219
-0.0701289 -0.0914599   0.767223 -0.0712117 -0.0927001   0.767218
-0.0701179 -0.0914346   0.767222 -0.0712022 -0.0926772   0.767216
-0.0701068 -0.0914091   0.767221 -0.0711926 -0.0926542   0.767215
-0.0700958 -0.0913837   0.767221 -0.0711831 -0.0926313   0.767214
-0.0700847 -0.0913582    0.76722 -0.0711735 -0.0926083   0.767212
-0.0700737 -0.0913327   0.767219 -0.0711639 -0.0925852   0.767211
-0.0700626 -0.0913072   0.767218 -0.0711543 -0.0925621   0.767209
-0.0700515 -0.0912817   0.767218 -0.0711447  -0.092539   0.767208
-0.0700404 -0.0912561   0.767217 -0.0711351 -0.0925159   0.767206
-0.0700292 -0.0912305   0.767216 -0.0711255 -0.0924927   0.767205
-0.0700181 -0.0912048   0.767215 -0.0711158 -0.0924695   0.767204
-0.0700069 -0.0911792   0.767215 -0.0711062 -0.0924462   0.767202
-0.0699958 -0.0911535   0.767214 -0.0710965 -0.0924229   0.767201
-0.0699846 -0.0911277   0.767213 -0.0710869 -0.0923996   0.767199
-0.0699734  -0.091102   0.767212 -0.0710772 -0.0923762   0.767198
-0.0699622 -0.0910762   0.767211 -0.0710675 -0.0923528   0.767196
 -0.069951 -0.0910504   0.767211 -0.0710578 -0.0923294   0.767195
-0.0699398 -0.0910245    0.76721 -0.0710481 -0.0923059   0.767193
-0.0699285 -0.0909986   0.767209 -0.0710383 -0.0922824   0.767192
-0.0699173 -0.0909727   0.767208 -0.0710286 -0.0922588    0.76719
 -0.069906 -0.0909468   0.767208 -0.0710188 -0.0922353   0.767189
-0.0698948 -0.0909208   0.767207 -0.0710091 -0.0922116   0.767188
-0.0698835 -0.0908949   0.767206 -0.0709993  -0.092188   0.767186
-0.0698722 -0.0908688   0.767205 -0.0709895 -0.0921643   0.767185
-0.0698609 -0.0908428   0.767205 -0.0709797 -0.0921405   0.767183
-0.0698495 -0.0908167   0.767204 -0.0709699 -0.0921168   0.767182
-0.0698382 -0.0907906   0.767203 -0.0709601 -0.0920929    0.76718
-0.0698268 -0.0907645   0.767202 -0.0709503 -0.0920691   0.767179
-0.0698155 -0.0907383   0.767202 -0.0709404 -0.0920452   0.767177
-0.0698041 -0.0907121   0.767201 -0.0709306 -0.0920213   0.767176
-0.0697927 -0.0906859     0.7672 -0.0709207 -0.0919973   0.767174
-0.0697813 -0.0906597   0.767199 -0.0709108 -0.0919733   0.767173
-0.0697699 -0.0906334   0.767198 -0.0709009 -0.0919493   0.767171
-0.0697585 -0.0906071   0.767198  -0.070891 -0.0919252    0.76717
 -0.069747 -0.0905807   0.767197 -0.0708811 -0.0919011   0.767168
-0.0697356 -0.0905544   0.767196 -0.0708712  -0.091877   0.767167
-0.0697241  -0.090528   0.767195 -0.0708613 -0.0918528   0.767165
-0.0697126 -0.0905016   0.767195 -0.0708513 -0.0918286   0.767164
-0.0697012 -0.0904751   0.767194 -0.0708414 -0.0918043   0.767162
-0.0696897 -0.0904486   0.767193 -0.0708314   -0.09178   0.767161
-0.0696781 -0.0904221   0.767192 -0.0708214 -0.0917557   0.767159
-0.0696666 -0.0903956   0.767191 -0.0708114 -0.0917313   0.767158
-0.0696551  -0.090369   0.767191 -0.0708014 -0.0917069   0.767156
-0.0696435 -0.0903424    0.76719 -0.0707914 -0.0916825   0.767155
 -0.069632 -0.0903158   0.767189 -0.0707814  -0.091658   0.767153
-0.0696204 -0.0902892   0.767188 -0.0707713 -0.0916335   0.767151
-0.0696088 -0.0902625   0.767187 -0.0707613 -0.0916089    0.76715
-0.0695972 -0.0902358   0.767187 -0.0707512 -0.0915843   0.767148
-0.0695856 -0.0902091   0.767186 -0.0707411 -0.0915597   0.767147
 -0.069574 -0.0901823   0.767185 -0.0707311  -0.091535   0.767145
-0.0695623 -0.0901555   0.767184  -0.070721 -0.0915103   0.767144
-0.0695507 -0.0901287   0.767183 -0.0707109 -0.0914856   0.767142
 -0.069539 -0.0901018   0.767183 -0.0707007 -0.0914608   0.767141
-0.0695273  -0.090075   0.767182 -0.0706906  -0.091436   0.767139
-0.0695157 -0.0900481   0.767181 -0.0706804 -0.0914111   0.767138
 -0.069504 -0.0900211    0.76718 -0.0706703 -0.0913862   0.767136
-0.0694923 -0.0899942    0.76718 -0.0706601 -0.0913613   0.767134
-0.0694805 -0.0899672   0.767179 -0.0706499 -0.0913363   0.767133
-0.0694688 -0.0899402   0.767178 -0.0706397 -0.0913113   0.767131
 -0.069457 -0.0899131   0.767177 -0.0706295 -0.0912863    0.76713
-0.0694453  -0.089886   0.767176 -0.0706193 -0.0912612   0.767128
-0.0694335 -0.0898589   0.767176 -0.0706091 -0.0912361   0.767127
-0.0694217 -0.0898318   0.767175 -0.0705988 -0.0912109   0.767125
-0.0694099 -0.0898046   0.767174 -0.0705886 -0.0911857   0.767123
-0.0693981 -0.0897775   0.767173 -0.0705783 -0.0911605   0.767122
-0.0693863 -0.0897502   0.767172  -0.070568 -0.0911353    0.76712
-0.0693745  -0.089723   0.767172 -0.0705577 -0.0911099   0.767119
-0.0693626 -0.0896957   0.767171 -0.0705474 -0.0910846   0.767117
-0.0693508 -0.0896684    0.76717 -0.0705371 -0.0910592   0.767116
-0.0693389 -0.0896411   0.767169 -0.0705268 -0.0910338   0.767114
 -0.069327 -0.0896137   0.767168 -0.0705165 -0.0910084   0.767112
-0.0693151 -0.0895864   0.767167 -0.0705061  -0.090983   0.767111
-0.0693032  -0.089559   0.767167 -0.0704958 -0.0909575   0.767109
-0.0692913 -0.0895315   0.767166 -0.0704854  -0.090932   0.767108
-0.0692794  -0.089504   0.767165  -0.070475 -0.0909065   0.767106
-0.0692674 -0.0894766   0.767164 -0.0704646  -0.090881   0.767104
-0.0692555  -0.089449   0.767163 -0.0704542 -0.0908554   0.767103
-0.0692435 -0.0894215   0.767163 -0.0704438 -0.0908297   0.767101
-0.0692315 -0.0893939   0.767162 -0.0704334  -0.090804     0.7671
-0.0692195 -0.0893663   0.767161  -0.070423 -0.0907783   0.767098
-0.0692075 -0.0893387    0.76716 -0.0704125 -0.0907524   0.767096
-0.0691955  -0.089311   0.767159  -0.070402 -0.0907266   0.767095
-0.0691835 -0.0892833   0.767159 -0.0703915 -0.0907006   0.767093
-0.0691715 -0.0892556   0.767158  -0.070381 -0.0906747   0.767092
-0.0691594 -0.0892278   0.767157 -0.0703705 -0.0906487    0.76709
-0.0691473 -0.0892001   0.767156   -0.07036 -0.0906227   0.767088
-0.0691353 -0.0891723   0.767155 -0.0703495 -0.0905966   0.767087
-0.0691232 -0.0891444   0.767154 -0.0703389 -0.0905705   0.767085
-0.0691111 -0.0891166   0.767154 -0.0703283 -0.0905444   0.767083
 -0.069099 -0.0890887   0.767153 -0.0703178 -0.0905182   0.767082
-0.0690868 -0.0890608   0.767152 -0.0703072  -0.090492    0.76708
-0.0690747 -0.0890328   0.767151 -0.0702966 -0.0904657   0.767079
-0.0690626 -0.0890049    0.76715  -0.070286 -0.0904395   0.767077
-0.0690504 -0.0889769   0.767149 -0.0702754 -0.0904131   0.767075
-0.0690382 -0.0889489   0.767149 -0.0702647 -0.0903868   0.767074
-0.0690261 -0.0889208   0.767148 -0.0702541 -0.0903604   0.767072
-0.0690139 -0.0888927   0.767147 -0.0702434 -0.0903339    0.76707
-0.0690017 -0.0888646   0.767146 -0.0702327 -0.0903075   0.767069
-0.0689894 -0.0888365   0.767145 -0.070222 -0.090281  0.767067
-0.0689772 -0.0888083   0.767144 -0.0702113 -0.0902544   0.767065
 -0.068965 -0.0887802   0.767144 -0.0702006 -0.0902278   0.767064
-0.0689527 -0.0887519   0.767143 -0.0701899 -0.0902012   0.767062
-0.0689404 -0.0887237   0.767142 -0.0701791 -0.0901745    0.76706
-0.0689282 -0.0886954   0.767141 -0.0701684 -0.0901478   0.767059
-0.0689159 -0.0886671    0.76714 -0.0701576 -0.0901211   0.767057
-0.0689036 -0.0886388   0.767139 -0.0701468 -0.0900943   0.767055
-0.0688913 -0.0886105   0.767139  -0.070136 -0.0900675   0.767054
-0.0688789 -0.0885821   0.767138 -0.0701253 -0.0900406   0.767052
-0.0688666 -0.0885537   0.767137 -0.0701144 -0.0900137    0.76705
-0.0688542 -0.0885252   0.767136 -0.0701036 -0.0899868   0.767049
-0.0688419 -0.0884968   0.767135 -0.0700928 -0.0899599   0.767047
-0.0688295 -0.0884683   0.767134 -0.0700819 -0.0899329   0.767045
-0.0688171 -0.0884398   0.767134  -0.070071 -0.0899058   0.767043
-0.0688047 -0.0884112   0.767133 -0.0700602 -0.0898788   0.767042
-0.0687923 -0.0883827   0.767132 -0.0700493 -0.0898517    0.76704
-0.0687799 -0.0883541   0.767131 -0.0700384 -0.0898245   0.767038
-0.0687675 -0.0883255    0.76713 -0.0700274 -0.0897974   0.767037
 -0.068755 -0.0882968   0.767129 -0.0700165 -0.0897702   0.767035
-0.0687426 -0.0882681   0.767129 -0.0700056 -0.0897429   0.767033
-0.0687301 -0.0882394   0.767128 -0.0699946 -0.0897156   0.767032
-0.0687176 -0.0882107   0.767127 -0.0699836 -0.0896883    0.76703
-0.0687051 -0.0881819   0.767126 -0.0699727  -0.089661   0.767028
-0.0686926 -0.0881531   0.767125 -0.0699617 -0.0896336   0.767026
-0.0686801 -0.0881243   0.767124 -0.0699507 -0.0896062   0.767025
-0.0686676 -0.0880955   0.767123 -0.0699396 -0.0895787   0.767023
 -0.068655 -0.0880666   0.767123 -0.0699286 -0.0895512   0.767021
-0.0686425 -0.0880377   0.767122 -0.0699175 -0.0895237   0.767019
-0.0686299 -0.0880088   0.767121 -0.0699065 -0.0894961   0.767018
-0.0686174 -0.0879799    0.76712 -0.0698954 -0.0894685   0.767016
-0.0686048 -0.0879509   0.767119 -0.0698843 -0.0894408   0.767014
-0.0685922 -0.0879219   0.767118 -0.0698733 -0.0894131   0.767012
-0.0685796 -0.0878929   0.767117 -0.0698621 -0.0893854   0.767011
 -0.068567 -0.0878638   0.767117  -0.069851 -0.0893576   0.767009
-0.0685543 -0.0878347   0.767116 -0.0698399 -0.0893298   0.767007
-0.0685417 -0.0878056   0.767115 -0.0698287  -0.089302   0.767005
 -0.068529 -0.0877765   0.767114 -0.0698175 -0.0892741   0.767004
-0.0685164 -0.0877473   0.767113 -0.0698064 -0.0892462   0.767002
-0.0685037 -0.0877181   0.767112 -0.0697952 -0.0892182      0.767
 -0.068491 -0.0876889   0.767111  -0.069784 -0.0891902   0.766998
-0.0684783 -0.0876597   0.767111 -0.0697727 -0.0891622   0.766997
-0.0684656 -0.0876304    0.76711 -0.0697615 -0.0891342   0.766995
-0.0684529 -0.0876011   0.767109 -0.0697503 -0.0891061   0.766993
-0.0684401 -0.0875718   0.767108 -0.069739 -0.089078  0.766991
-0.0684274 -0.0875425   0.767107 -0.0697277 -0.0890498   0.766989
-0.0684146 -0.0875131   0.767106 -0.0697164 -0.0890216   0.766988
-0.0684018 -0.0874837   0.767105 -0.0697051 -0.0889934   0.766986
-0.0683891 -0.0874543   0.767104 -0.0696938 -0.0889651   0.766984
-0.0683763 -0.0874248   0.767104 -0.0696825 -0.0889368   0.766982
-0.0683635 -0.0873953   0.767103 -0.0696712 -0.0889084   0.766981
-0.0683507 -0.0873658   0.767102 -0.0696598   -0.08888   0.766979
-0.0683378 -0.0873363   0.767101 -0.0696485 -0.0888516   0.766977
 -0.068325 -0.0873067     0.7671 -0.0696371 -0.0888231   0.766975
-0.0683121 -0.0872771   0.767099 -0.0696257 -0.0887946   0.766973
-0.0682993 -0.0872475   0.767098 -0.0696143 -0.0887661   0.766972
-0.0682864 -0.0872179   0.767097 -0.0696029 -0.0887375    0.76697
-0.0682735 -0.0871882   0.767097 -0.0695914 -0.0887089   0.766968
-0.0682606 -0.0871585   0.767096   -0.06958 -0.0886803   0.766966
-0.0682477 -0.0871288   0.767095 -0.0695686 -0.0886516   0.766964
-0.0682348 -0.0870991   0.767094 -0.0695571 -0.0886229   0.766963
-0.0682219 -0.0870693   0.767093 -0.0695456 -0.0885941   0.766961
-0.0682089 -0.0870395   0.767092 -0.0695341 -0.0885653   0.766959
 -0.068196 -0.0870097   0.767091 -0.0695226 -0.0885365   0.766958
 -0.068183 -0.0869799    0.76709 -0.0695111 -0.0885077   0.766956
-0.06817 -0.08695  0.76709 -0.0694995 -0.0884788   0.766954
-0.0681571 -0.0869201   0.767089 -0.0694879 -0.0884498   0.766953
-0.0681441 -0.0868902   0.767088 -0.0694763 -0.0884209   0.766951
 -0.068131 -0.0868602   0.767087 -0.0694647 -0.0883919   0.766949
 -0.068118 -0.0868302   0.767086 -0.0694531 -0.0883628   0.766948
 -0.068105 -0.0868002   0.767085 -0.0694414 -0.0883338   0.766946
 -0.068092 -0.0867702   0.767084 -0.0694297 -0.0883047   0.766945
-0.0680789 -0.0867402   0.767083 -0.0694181 -0.0882755   0.766943
-0.0680658 -0.0867101   0.767082 -0.0694063 -0.0882463   0.766941
-0.0680528   -0.08668   0.767082 -0.0693946 -0.0882171    0.76694
-0.0680397 -0.0866498   0.767081 -0.0693828 -0.0881879   0.766938
-0.0680266 -0.0866197    0.76708 -0.0693711 -0.0881586   0.766937
-0.0680135 -0.0865895   0.767079 -0.0693593 -0.0881293   0.766935
-0.0680003 -0.0865593   0.767078 -0.0693475 -0.0880999   0.766934
-0.0679872 -0.0865291   0.767077 -0.0693356 -0.0880705   0.766932
-0.0679741 -0.0864988   0.767076 -0.0693238 -0.0880411   0.766931
-0.0679609 -0.0864685   0.767075 -0.0693119 -0.0880117   0.766929
-0.0679477 -0.0864382   0.767074    -0.0693 -0.0879822   0.766928
-0.0679346 -0.0864079   0.767074 -0.0692881 -0.0879526   0.766926
-0.0679214 -0.0863775   0.767073 -0.0692762 -0.0879231   0.766925
-0.0679082 -0.0863471   0.767072 -0.0692643 -0.0878935   0.766924
 -0.067895 -0.0863167   0.767071 -0.0692523 -0.0878638   0.766922
-0.0678817 -0.0862863    0.76707 -0.0692403 -0.0878342   0.766921
-0.0678685 -0.0862558   0.767069 -0.0692283 -0.0878045   0.766919
-0.0678553 -0.0862253   0.767068 -0.0692163 -0.0877747   0.766918
 -0.067842 -0.0861948   0.767067 -0.0692043 -0.0877449   0.766917
-0.0678288 -0.0861642   0.767066 -0.0691922 -0.0877151   0.766915
-0.0678155 -0.0861337   0.767065 -0.0691802 -0.0876853   0.766914
-0.0678022 -0.0861031   0.767065 -0.0691681 -0.0876554   0.766913
-0.0677889 -0.0860725   0.767064  -0.069156 -0.0876255   0.766911
-0.0677756 -0.0860418   0.767063 -0.0691438 -0.0875955    0.76691
-0.0677623 -0.0860111   0.767062 -0.0691317 -0.0875655   0.766909
-0.0677489 -0.0859805   0.767061 -0.0691196 -0.0875355   0.766907
-0.0677356 -0.0859497    0.76706 -0.0691074 -0.0875054   0.766906
-0.0677222  -0.085919   0.767059 -0.0690952 -0.0874754   0.766905
-0.0677089 -0.0858882   0.767058  -0.069083 -0.0874452   0.766904
-0.0676955 -0.0858574   0.767057 -0.0690708 -0.0874151   0.766902
-0.0676821 -0.0858266   0.767056 -0.0690585 -0.0873849   0.766901
-0.0676687 -0.0857958   0.767055 -0.0690463 -0.0873546     0.7669
-0.0676553 -0.0857649   0.767055  -0.069034 -0.0873243   0.766899
-0.0676419  -0.085734   0.767054 -0.0690217  -0.087294   0.766897
-0.0676285 -0.0857031   0.767053 -0.0690094 -0.0872637   0.766896
 -0.067615 -0.0856721   0.767052 -0.0689971 -0.0872333   0.766895
-0.0676016 -0.0856412   0.767051 -0.0689847 -0.0872029   0.766894
-0.0675881 -0.0856102    0.76705 -0.0689724 -0.0871725   0.766893
-0.0675746 -0.0855791   0.767049  -0.06896 -0.087142  0.766891
-0.0675611 -0.0855481   0.767048 -0.0689476 -0.0871115    0.76689
-0.0675476  -0.085517   0.767047 -0.0689351 -0.0870809   0.766889
-0.0675341 -0.0854859   0.767046 -0.0689227 -0.0870504   0.766888
-0.0675206 -0.0854548   0.767045 -0.0689102 -0.0870197   0.766887
-0.0675071 -0.0854237   0.767044 -0.0688978 -0.0869891   0.766885
-0.0674936 -0.0853925   0.767044 -0.0688853 -0.0869584   0.766884
  -0.06748 -0.0853613   0.767043 -0.0688728 -0.0869277   0.766883
-0.0674664 -0.0853301   0.767042 -0.0688602 -0.0868969   0.766882
-0.0674529 -0.0852988   0.767041 -0.0688477 -0.0868661   0.766881
-0.0674393 -0.0852676    0.76704 -0.0688352 -0.0868353    0.76688
-0.0674257 -0.0852363   0.767039 -0.0688226 -0.0868044   0.766878
-0.0674121  -0.085205   0.767038 -0.0688101 -0.0867735   0.766877
-0.0673985 -0.0851736   0.767037 -0.0687975 -0.0867426   0.766876
-0.0673849 -0.0851423   0.767036 -0.0687849 -0.0867116   0.766875
-0.0673712 -0.0851109   0.767035 -0.0687723 -0.0866806   0.766874
-0.0673576 -0.0850794   0.767034 -0.0687597 -0.0866495   0.766873
-0.0673439  -0.085048   0.767033  -0.068747 -0.0866185   0.766872
-0.0673303 -0.0850165   0.767032 -0.0687344 -0.0865874    0.76687
-0.0673166 -0.0849851   0.767031 -0.0687218 -0.0865562   0.766869
-0.0673029 -0.0849535   0.767031 -0.0687091  -0.086525   0.766868
-0.0672892  -0.084922    0.76703 -0.0686965 -0.0864938   0.766867
-0.0672755 -0.0848904   0.767029 -0.0686837 -0.0864625   0.766866
-0.0672618 -0.0848589   0.767028  -0.068671 -0.0864312   0.766865
 -0.067248 -0.0848272   0.767027 -0.0686583 -0.0863999   0.766863
-0.0672343 -0.0847956   0.767026 -0.0686456 -0.0863685   0.766862
-0.0672205 -0.0847639   0.767025 -0.0686329 -0.0863372   0.766861
-0.0672068 -0.0847323   0.767024 -0.0686202 -0.0863059    0.76686
 -0.067193 -0.0847006   0.767023 -0.0686076 -0.0862745   0.766859
-0.0671792 -0.0846688   0.767022 -0.0685949 -0.0862432   0.766858
-0.0671654 -0.0846371   0.767021 -0.0685823 -0.0862118   0.766857
-0.0671516 -0.0846053    0.76702 -0.0685697 -0.0861803   0.766856
-0.0671378 -0.0845735   0.767019  -0.068557 -0.0861488   0.766855
 -0.067124 -0.0845416   0.767018 -0.0685443 -0.0861173   0.766854
-0.0671102 -0.0845098   0.767017 -0.0685317 -0.0860857   0.766853
-0.0670963 -0.0844779   0.767016  -0.068519 -0.0860541   0.766852
-0.0670825  -0.084446   0.767016 -0.0685063 -0.0860224   0.766851
-0.0670686 -0.0844141   0.767015 -0.0684936 -0.0859906    0.76685
-0.0670547 -0.0843821   0.767014 -0.0684809 -0.0859589   0.766849
-0.0670408 -0.0843502   0.767013 -0.0684682 -0.0859271   0.766848
-0.0670269 -0.0843182   0.767012 -0.0684554 -0.0858953   0.766847
 -0.067013 -0.0842861   0.767011 -0.0684426 -0.0858634   0.766846
-0.0669991 -0.0842541    0.76701 -0.0684298 -0.0858315   0.766845
-0.0669852  -0.084222   0.767009  -0.068417 -0.0857995   0.766844
-0.0669712 -0.0841899   0.767008 -0.0684041 -0.0857676   0.766843
-0.0669573 -0.0841578   0.767007 -0.0683913 -0.0857356   0.766842
-0.0669433 -0.0841257   0.767006 -0.0683784 -0.0857035   0.766841
-0.0669294 -0.0840935   0.767005 -0.0683655 -0.0856714   0.766839
-0.0669154 -0.0840613   0.767004 -0.0683526 -0.0856394   0.766838
-0.0669014 -0.0840291   0.767003 -0.0683397 -0.0856073   0.766837
-0.0668874 -0.0839969   0.767002 -0.0683267 -0.0855752   0.766837
-0.0668734 -0.0839646   0.767001 -0.0683138  -0.085543   0.766836
-0.0668593 -0.0839323      0.767 -0.0683009 -0.0855109   0.766835
-0.0668453    -0.0839   0.766999 -0.0682879 -0.0854787   0.766834
-0.0668313 -0.0838677   0.766998  -0.068275 -0.0854464   0.766833
-0.0668172 -0.0838354   0.766997  -0.068262 -0.0854141   0.766832
-0.0668032  -0.083803   0.766997  -0.068249 -0.0853818   0.766831
-0.0667891 -0.0837706   0.766996  -0.068236 -0.0853495    0.76683
 -0.066775 -0.0837382   0.766995  -0.068223 -0.0853171   0.766829
-0.0667609 -0.0837057   0.766994 -0.0682099 -0.0852847   0.766828
-0.0667468 -0.0836732   0.766993 -0.0681969 -0.0852522   0.766827
-0.0667327 -0.0836407   0.766992 -0.0681838 -0.0852197   0.766826
-0.0667186 -0.0836082   0.766991 -0.0681707 -0.0851872   0.766825
-0.0667044 -0.0835757    0.76699 -0.0681576 -0.0851546   0.766824
-0.0666903 -0.0835431   0.766989 -0.0681444 -0.0851221   0.766823
-0.0666761 -0.0835105   0.766988 -0.0681313 -0.0850894   0.766822
 -0.066662 -0.0834779   0.766987 -0.0681181 -0.0850568   0.766822
-0.0666478 -0.0834453   0.766986 -0.0681049 -0.0850241   0.766821
-0.0666336 -0.0834126   0.766985 -0.0680916 -0.0849914    0.76682
-0.0666194   -0.08338   0.766984 -0.0680784 -0.0849587   0.766819
-0.0666052 -0.0833473   0.766983 -0.0680651 -0.0849259   0.766818
 -0.066591 -0.0833145   0.766982 -0.0680519 -0.0848931   0.766817
-0.0665768 -0.0832818   0.766981 -0.0680386 -0.0848603   0.766816
-0.0665626  -0.083249    0.76698 -0.0680253 -0.0848274   0.766815
-0.0665483 -0.0832162   0.766979 -0.0680119 -0.0847946   0.766814
-0.0665341 -0.0831834   0.766978 -0.0679986 -0.0847617   0.766813
-0.0665198 -0.0831506   0.766977 -0.0679852 -0.0847287   0.766812
-0.0665055 -0.0831177   0.766976 -0.0679718 -0.0846957   0.766812
-0.0664912 -0.0830848   0.766975 -0.0679584 -0.0846628   0.766811
-0.0664769 -0.0830519   0.766974  -0.067945 -0.0846297    0.76681
-0.0664626  -0.083019   0.766973 -0.0679316 -0.0845967   0.766809
-0.0664483  -0.082986   0.766972 -0.0679181 -0.0845636   0.766808
-0.066434 -0.082953  0.766971 -0.0679046 -0.0845305   0.766807
-0.0664197   -0.08292    0.76697 -0.0678911 -0.0844973   0.766806
-0.0664053  -0.082887   0.766969 -0.0678776 -0.0844642   0.766805
-0.066391 -0.082854  0.766968 -0.0678641  -0.084431   0.766804
-0.0663766 -0.0828209   0.766968 -0.0678506 -0.0843978   0.766803
-0.0663622 -0.0827878   0.766967  -0.067837 -0.0843645   0.766802
-0.0663479 -0.0827547   0.766966 -0.0678234 -0.0843312   0.766802
-0.0663335 -0.0827216   0.766965 -0.0678098 -0.0842979   0.766801
-0.0663191 -0.0826884   0.766964 -0.0677962 -0.0842646     0.7668
-0.0663046 -0.0826552   0.766963 -0.0677826 -0.0842312   0.766799
-0.0662902  -0.082622   0.766962 -0.0677689 -0.0841978   0.766798
-0.0662758 -0.0825888   0.766961 -0.0677553 -0.0841644   0.766797
-0.0662614 -0.0825556    0.76696 -0.0677416  -0.084131   0.766796
-0.0662469 -0.0825223   0.766959 -0.0677279 -0.0840975   0.766795
-0.0662324  -0.082489   0.766958 -0.0677142  -0.084064   0.766794
 -0.066218 -0.0824557   0.766957 -0.0677004 -0.0840305   0.766794
-0.0662035 -0.0824223   0.766956 -0.0676867 -0.0839969   0.766793
-0.066189 -0.082389  0.766955 -0.0676729 -0.0839633   0.766792
-0.0661745 -0.0823556   0.766954 -0.0676591 -0.0839297   0.766791
  -0.06616 -0.0823222   0.766953 -0.0676453 -0.0838961    0.76679
-0.0661455 -0.0822888   0.766952 -0.0676315 -0.0838624   0.766789
-0.0661309 -0.0822553   0.766951 -0.0676177 -0.0838288   0.766788
-0.0661164 -0.0822219    0.76695 -0.0676039  -0.083795   0.766787
-0.0661019 -0.0821884   0.766949   -0.06759 -0.0837613   0.766786
-0.0660873 -0.0821549   0.766948 -0.0675761 -0.0837275   0.766786
-0.0660727 -0.0821213   0.766947 -0.0675622 -0.0836937   0.766785
-0.0660582 -0.0820878   0.766946 -0.0675483 -0.0836599   0.766784
-0.0660436 -0.0820542   0.766945 -0.0675344 -0.0836261   0.766783
 -0.066029 -0.0820206   0.766944 -0.0675204 -0.0835922   0.766782
-0.0660144  -0.081987   0.766943 -0.0675064 -0.0835583   0.766781
-0.0659998 -0.0819533   0.766942 -0.0674925 -0.0835244    0.76678
-0.0659851 -0.0819196   0.766941 -0.0674785 -0.0834905   0.766779
-0.0659705  -0.081886    0.76694 -0.0674644 -0.0834565   0.766778
-0.0659559 -0.0818522   0.766939 -0.0674504 -0.0834225   0.766777
-0.0659412 -0.0818185   0.766938 -0.0674364 -0.0833885   0.766777
-0.0659266 -0.0817848   0.766937 -0.0674223 -0.0833544   0.766776
-0.0659119  -0.081751   0.766936 -0.0674082 -0.0833203   0.766775
-0.0658972 -0.0817172   0.766935 -0.0673941 -0.0832862   0.766774
-0.0658825 -0.0816834   0.766934   -0.06738 -0.0832521   0.766773
-0.0658678 -0.0816495   0.766933 -0.0673658  -0.083218   0.766772
-0.0658531 -0.0816157   0.766932 -0.0673517 -0.0831838   0.766771
-0.0658384 -0.0815818   0.766931 -0.0673375 -0.0831496    0.76677
-0.0658237 -0.0815479    0.76693 -0.0673233 -0.0831153   0.766769
-0.0658089 -0.0815139   0.766929 -0.0673091 -0.0830811   0.766769
-0.0657942   -0.08148   0.766928 -0.0672949 -0.0830468   0.766768
-0.0657794  -0.081446   0.766927 -0.0672806 -0.0830125   0.766767
-0.0657647  -0.081412   0.766926 -0.0672664 -0.0829782   0.766766
-0.0657499  -0.081378   0.766925 -0.0672521 -0.0829438   0.766765
-0.0657351  -0.081344   0.766924 -0.0672378 -0.0829095   0.766764
-0.0657203 -0.0813099   0.766923 -0.0672235 -0.0828751   0.766763
-0.0657055 -0.0812758   0.766922 -0.0672092 -0.0828406   0.766762
-0.0656907 -0.0812417   0.766921 -0.0671948 -0.0828062   0.766761
-0.0656759 -0.0812076    0.76692 -0.0671804 -0.0827717   0.766761
-0.0656611 -0.0811735   0.766919 -0.0671661 -0.0827372    0.76676
-0.0656462 -0.0811393   0.766918 -0.0671517 -0.0827027   0.766759
-0.0656314 -0.0811051   0.766917 -0.0671372 -0.0826682   0.766758
-0.0656165 -0.0810709   0.766916 -0.0671228 -0.0826336   0.766757
-0.0656017 -0.0810367   0.766915 -0.0671083  -0.082599   0.766756
-0.0655868 -0.0810025   0.766914 -0.0670939 -0.0825644   0.766755
-0.0655719 -0.0809682   0.766913 -0.0670794 -0.0825298   0.766754
 -0.065557 -0.0809339   0.766912 -0.0670649 -0.0824951   0.766753
-0.0655421 -0.0808996   0.766911 -0.0670504 -0.0824604   0.766753
-0.0655272 -0.0808653    0.76691 -0.0670358 -0.0824257   0.766752
-0.0655123 -0.0808309   0.766909 -0.0670213  -0.082391   0.766751
-0.0654973 -0.0807966   0.766908 -0.0670067 -0.0823562    0.76675
-0.0654824 -0.0807622   0.766907 -0.0669921 -0.0823214   0.766749
-0.0654675 -0.0807278   0.766906 -0.0669775 -0.0822866   0.766748
-0.0654525 -0.0806933   0.766905 -0.0669629 -0.0822518   0.766747
-0.0654375 -0.0806589   0.766904 -0.0669482  -0.082217   0.766746
-0.0654226 -0.0806244   0.766903 -0.0669336 -0.0821821   0.766745
-0.0654076 -0.0805899   0.766902 -0.0669189 -0.0821472   0.766745
-0.0653926 -0.0805554   0.766901 -0.0669042 -0.0821123   0.766744
-0.0653776 -0.0805208     0.7669 -0.0668895 -0.0820774   0.766743
-0.0653626 -0.0804863   0.766899 -0.0668748 -0.0820424   0.766742
-0.0653476 -0.0804517   0.766897   -0.06686 -0.0820074   0.766741
-0.0653325 -0.0804171   0.766896 -0.0668453 -0.0819724    0.76674
-0.0653175 -0.0803825   0.766895 -0.0668305 -0.0819374   0.766739
-0.0653024 -0.0803478   0.766894 -0.0668157 -0.0819023   0.766738
-0.0652874 -0.0803132   0.766893 -0.0668009 -0.0818673   0.766737
-0.0652723 -0.0802785   0.766892  -0.066786 -0.0818322   0.766737
-0.0652573 -0.0802438   0.766891 -0.0667712  -0.081797   0.766736
-0.0652422 -0.0802091    0.76689 -0.0667563 -0.0817619   0.766735
-0.0652271 -0.0801743   0.766889 -0.0667414 -0.0817267   0.766734
 -0.065212 -0.0801396   0.766888 -0.0667265 -0.0816916   0.766733
-0.0651969 -0.0801048   0.766887 -0.0667116 -0.0816564   0.766732
-0.0651818   -0.08007   0.766886 -0.0666967 -0.0816211   0.766731
-0.0651666 -0.0800352   0.766885 -0.0666817 -0.0815859    0.76673
-0.0651515 -0.0800003   0.766884 -0.0666668 -0.0815506    0.76673
-0.0651364 -0.0799655   0.766883 -0.0666518 -0.0815153   0.766729
-0.0651212 -0.0799306   0.766882 -0.0666368   -0.08148   0.766728
-0.0651061 -0.0798957   0.766881 -0.0666218 -0.0814447   0.766727
-0.0650909 -0.0798608    0.76688 -0.0666067 -0.0814094   0.766726
-0.0650757 -0.0798258   0.766879 -0.0665917  -0.081374   0.766725
-0.0650605 -0.0797909   0.766878 -0.0665766 -0.0813387   0.766724
-0.0650453 -0.0797559   0.766877 -0.0665615 -0.0813034   0.766723
-0.0650301 -0.0797209   0.766876 -0.0665464 -0.0812681   0.766722
-0.0650149 -0.0796859   0.766875 -0.0665313 -0.0812327   0.766721
-0.0649997 -0.0796508   0.766874 -0.0665162 -0.0811974    0.76672
-0.0649845 -0.0796158   0.766873 -0.066501 -0.081162  0.766719
-0.0649692 -0.0795807   0.766872 -0.0664859 -0.0811265   0.766719
 -0.064954 -0.0795456   0.766871 -0.0664708 -0.0810911   0.766718
-0.0649387 -0.0795105    0.76687 -0.0664556 -0.0810555   0.766717
-0.0649235 -0.0794753   0.766869 -0.0664404   -0.08102   0.766716
-0.0649082 -0.0794402   0.766868 -0.0664253 -0.0809843   0.766715
-0.0648929  -0.079405   0.766867 -0.0664101 -0.0809487   0.766714
-0.0648776 -0.0793698   0.766866 -0.0663948  -0.080913   0.766714
-0.0648623 -0.0793346   0.766864 -0.0663796 -0.0808773   0.766713
 -0.064847 -0.0792993   0.766863 -0.0663643 -0.0808416   0.766712
-0.0648317 -0.0792641   0.766862 -0.0663489 -0.0808059   0.766711
-0.0648164 -0.0792288   0.766861 -0.0663336 -0.0807701    0.76671
-0.0648011 -0.0791935    0.76686 -0.0663182 -0.0807344   0.766709
-0.0647857 -0.0791582   0.766859 -0.0663028 -0.0806986   0.766708
-0.0647704 -0.0791228   0.766858 -0.0662875 -0.0806628   0.766707
 -0.064755 -0.0790875   0.766857 -0.066272 -0.080627  0.766707
-0.0647397 -0.0790521   0.766856 -0.0662566 -0.0805912   0.766706
-0.0647243 -0.0790167   0.766855 -0.0662412 -0.0805553   0.766705
-0.0647089 -0.0789813   0.766854 -0.0662257 -0.0805195   0.766704
-0.0646935 -0.0789459   0.766853 -0.0662102 -0.0804836   0.766703
-0.0646781 -0.0789104   0.766852 -0.0661947 -0.0804476   0.766702
-0.0646627  -0.078875   0.766851 -0.0661792 -0.0804117   0.766702
-0.0646473 -0.0788395    0.76685 -0.0661637 -0.0803758   0.766701
-0.0646319  -0.078804   0.766849 -0.0661482 -0.0803398     0.7667
-0.0646165 -0.0787685   0.766848 -0.0661326 -0.0803038   0.766699
 -0.064601 -0.0787329   0.766847  -0.066117 -0.0802678   0.766698
-0.0645856 -0.0786973   0.766846 -0.0661014 -0.0802318   0.766697
-0.0645701 -0.0786618   0.766845 -0.0660858 -0.0801957   0.766696
-0.0645546 -0.0786262   0.766844 -0.0660702 -0.0801597   0.766696
-0.0645392 -0.0785905   0.766842 -0.0660546 -0.0801236   0.766695
-0.0645237 -0.0785549   0.766841 -0.0660389 -0.0800875   0.766694
-0.0645082 -0.0785192    0.76684 -0.0660233 -0.0800513   0.766693
-0.0644927 -0.0784836   0.766839 -0.0660076 -0.0800152   0.766692
-0.0644772 -0.0784479   0.766838 -0.0659919  -0.079979   0.766691
-0.0644617 -0.0784122   0.766837 -0.0659761 -0.0799429    0.76669
-0.0644462 -0.0783764   0.766836 -0.0659604 -0.0799067    0.76669
-0.0644306 -0.0783407   0.766835 -0.0659447 -0.0798705   0.766689
-0.0644151 -0.0783049   0.766834 -0.0659289 -0.0798342   0.766688
-0.0643996 -0.0782691   0.766833 -0.0659131  -0.079798   0.766687
 -0.064384 -0.0782333   0.766832 -0.0658973 -0.0797617   0.766686
-0.0643685 -0.0781975   0.766831 -0.0658815 -0.0797254   0.766685
-0.0643529 -0.0781616    0.76683 -0.0658657 -0.0796891   0.766684
-0.0643373 -0.0781258   0.766829 -0.0658498 -0.0796528   0.766684
-0.0643217 -0.0780899   0.766828  -0.065834 -0.0796164   0.766683
-0.0643061  -0.078054   0.766827 -0.0658181 -0.0795801   0.766682
-0.0642905 -0.0780181   0.766826 -0.0658022 -0.0795437   0.766681
-0.0642749 -0.0779821   0.766824 -0.0657863 -0.0795073    0.76668
-0.0642593 -0.0779462   0.766823 -0.0657704 -0.0794709   0.766679
-0.0642437 -0.0779102   0.766822 -0.0657544 -0.0794344   0.766678
-0.0642281 -0.0778742   0.766821 -0.0657385  -0.079398   0.766678
-0.0642124 -0.0778382    0.76682 -0.0657225 -0.0793615   0.766677
-0.0641968 -0.0778022   0.766819 -0.0657066  -0.079325   0.766676
-0.0641811 -0.0777662   0.766818 -0.0656906 -0.0792885   0.766675
-0.0641654 -0.0777301   0.766817 -0.0656745  -0.079252   0.766674
-0.0641498  -0.077694   0.766816 -0.0656585 -0.0792155   0.766673
-0.0641341 -0.0776579   0.766815 -0.0656425 -0.0791789   0.766672
-0.0641184 -0.0776218   0.766814 -0.0656264 -0.0791423   0.766672
-0.0641027 -0.0775857   0.766813 -0.0656103 -0.0791057   0.766671
 -0.064087 -0.0775495   0.766812 -0.0655942 -0.0790691    0.76667
-0.0640713 -0.0775133   0.766811 -0.0655781 -0.0790325   0.766669
-0.0640556 -0.0774772    0.76681  -0.065562 -0.0789958   0.766668
-0.0640399  -0.077441   0.766808 -0.0655459 -0.0789592   0.766667
-0.0640241 -0.0774047   0.766807 -0.0655297 -0.0789225   0.766667
-0.0640084 -0.0773685   0.766806 -0.0655135 -0.0788858   0.766666
-0.0639926 -0.0773322   0.766805 -0.0654974 -0.0788491   0.766665
-0.0639769  -0.077296   0.766804 -0.0654812 -0.0788123   0.766664
-0.0639611 -0.0772597   0.766803 -0.0654649 -0.0787756   0.766663
-0.0639454 -0.0772234   0.766802 -0.0654487 -0.0787388   0.766662
-0.0639296  -0.077187   0.766801 -0.0654325  -0.078702   0.766661
-0.0639138 -0.0771507     0.7668 -0.0654162 -0.0786652   0.766661
 -0.063898 -0.0771143   0.766799 -0.0653999 -0.0786284    0.76666
-0.0638822 -0.0770779   0.766798 -0.0653837 -0.0785916   0.766659
-0.0638664 -0.0770415   0.766797 -0.0653673 -0.0785547   0.766658
-0.0638506 -0.0770051   0.766796  -0.065351 -0.0785178   0.766657
-0.0638347 -0.0769687   0.766795 -0.0653347  -0.078481   0.766656
-0.0638189 -0.0769322   0.766793 -0.0653183 -0.0784441   0.766656
-0.0638031 -0.0768958   0.766792  -0.065302 -0.0784071   0.766655
-0.0637872 -0.0768593   0.766791 -0.0652856 -0.0783702   0.766654
-0.0637714 -0.0768228    0.76679 -0.0652692 -0.0783332   0.766653
-0.0637555 -0.0767863   0.766789 -0.0652528 -0.0782963   0.766652
-0.0637396 -0.0767497   0.766788 -0.0652364 -0.0782593   0.766651
-0.0637238 -0.0767132   0.766787 -0.0652199 -0.0782223   0.766651
-0.0637079 -0.0766766   0.766786 -0.0652035 -0.0781853    0.76665
-0.063692  -0.07664  0.766785  -0.065187 -0.0781482   0.766649
-0.0636761 -0.0766034   0.766784 -0.0651705 -0.0781112   0.766648
-0.0636602 -0.0765668   0.766783  -0.065154 -0.0780741   0.766647
-0.0636443 -0.0765302   0.766782 -0.0651375  -0.078037   0.766646
-0.0636283 -0.0764935    0.76678  -0.065121 -0.0779999   0.766645
-0.0636124 -0.0764568   0.766779 -0.0651045 -0.0779628   0.766645
-0.0635965 -0.0764202   0.766778 -0.0650879 -0.0779257   0.766644
-0.0635805 -0.0763835   0.766777 -0.0650713 -0.0778885   0.766643
-0.0635646 -0.0763467   0.766776 -0.0650547 -0.0778513   0.766642
-0.0635486   -0.07631   0.766775 -0.0650382 -0.0778142   0.766641
-0.0635327 -0.0762732   0.766774 -0.0650215  -0.077777    0.76664
-0.0635167 -0.0762365   0.766773 -0.0650049 -0.0777397    0.76664
-0.0635007 -0.0761997   0.766772 -0.0649883 -0.0777025   0.766639
-0.0634847 -0.0761629   0.766771 -0.0649716 -0.0776653   0.766638
-0.0634687 -0.0761261    0.76677 -0.064955 -0.077628  0.766637
-0.0634527 -0.0760892   0.766769 -0.0649383 -0.0775907   0.766636
-0.0634367 -0.0760524   0.766767 -0.0649216 -0.0775534   0.766636
-0.0634207 -0.0760155   0.766766 -0.0649048 -0.0775161   0.766635
-0.0634047 -0.0759786   0.766765 -0.0648881 -0.0774788   0.766634
-0.0633887 -0.0759417   0.766764 -0.0648714 -0.0774414   0.766633
-0.0633726 -0.0759048   0.766763 -0.0648546 -0.0774041   0.766632
-0.0633566 -0.0758678   0.766762 -0.0648379 -0.0773667   0.766631
-0.0633405 -0.0758309   0.766761 -0.0648211 -0.0773293   0.766631
-0.0633245 -0.0757939    0.76676 -0.0648043 -0.0772919    0.76663
-0.0633084 -0.0757569   0.766759 -0.0647875 -0.0772545   0.766629
-0.0632924 -0.0757199   0.766758 -0.0647707 -0.0772171   0.766628
-0.0632763 -0.0756829   0.766757 -0.0647538 -0.0771796   0.766627
-0.0632602 -0.0756459   0.766755  -0.064737 -0.0771422   0.766626
-0.0632441 -0.0756088   0.766754 -0.0647201 -0.0771047   0.766626
 -0.063228 -0.0755718   0.766753 -0.0647032 -0.0770672   0.766625
-0.0632119 -0.0755347   0.766752 -0.0646863 -0.0770297   0.766624
-0.0631958 -0.0754976   0.766751 -0.0646694 -0.0769921   0.766623
-0.0631797 -0.0754605    0.76675 -0.0646525 -0.0769546   0.766622
-0.0631635 -0.0754234   0.766749 -0.0646356  -0.076917   0.766622
-0.0631474 -0.0753862   0.766748 -0.0646186 -0.0768795   0.766621
-0.0631313 -0.0753491   0.766747 -0.0646016 -0.0768419    0.76662
-0.0631151 -0.0753119   0.766746 -0.0645847 -0.0768043   0.766619
 -0.063099 -0.0752747   0.766744 -0.0645677 -0.0767667   0.766618
-0.0630828 -0.0752375   0.766743 -0.0645507  -0.076729   0.766617
-0.0630666 -0.0752003   0.766742 -0.0645337 -0.0766914   0.766617
-0.0630505  -0.075163   0.766741 -0.0645166 -0.0766537   0.766616
-0.0630343 -0.0751258    0.76674 -0.0644996  -0.076616   0.766615
-0.0630181 -0.0750885   0.766739 -0.0644825 -0.0765783   0.766614
-0.0630019 -0.0750512   0.766738 -0.0644654 -0.0765406   0.766613
-0.0629857 -0.0750139   0.766737 -0.0644484 -0.0765029   0.766613
-0.0629695 -0.0749766   0.766736 -0.0644313 -0.0764652   0.766612
-0.0629533 -0.0749393   0.766735 -0.0644141 -0.0764274   0.766611
-0.0629371 -0.0749019   0.766733  -0.064397 -0.0763897    0.76661
-0.0629208 -0.0748646   0.766732 -0.0643799 -0.0763519   0.766609
-0.0629046 -0.0748272   0.766731 -0.0643627 -0.0763141   0.766608
-0.0628884 -0.0747898    0.76673 -0.0643456 -0.0762763   0.766608
-0.0628721 -0.0747524   0.766729 -0.0643284 -0.0762384   0.766607
-0.0628559  -0.074715   0.766728 -0.0643112 -0.0762006   0.766606
-0.0628396 -0.0746775   0.766727  -0.064294 -0.0761627   0.766605
-0.0628233 -0.0746401   0.766726 -0.0642768 -0.0761249   0.766604
 -0.062807 -0.0746026   0.766725 -0.0642595  -0.076087   0.766604
-0.0627908 -0.0745651   0.766723 -0.0642423 -0.0760491   0.766603
-0.0627745 -0.0745276   0.766722  -0.064225 -0.0760112   0.766602
-0.0627582 -0.0744901   0.766721 -0.0642078 -0.0759733   0.766601
-0.0627419 -0.0744526    0.76672 -0.0641905 -0.0759353     0.7666
-0.0627256  -0.074415   0.766719 -0.0641732 -0.0758974     0.7666
-0.0627093 -0.0743775   0.766718 -0.0641559 -0.0758594   0.766599
 -0.062693 -0.0743399   0.766717 -0.0641386 -0.0758214   0.766598
-0.0626766 -0.0743023   0.766716 -0.0641212 -0.0757834   0.766597
-0.0626603 -0.0742647   0.766715 -0.0641039 -0.0757454   0.766596
 -0.062644 -0.0742271   0.766714 -0.0640865 -0.0757074   0.766596
-0.0626276 -0.0741895   0.766712 -0.0640691 -0.0756693   0.766595
-0.0626113 -0.0741518   0.766711 -0.0640518 -0.0756313   0.766594
-0.0625949 -0.0741142    0.76671 -0.0640344 -0.0755932   0.766593
-0.0625785 -0.0740765   0.766709 -0.0640169 -0.0755551   0.766592
-0.0625622 -0.0740388   0.766708 -0.0639995  -0.075517   0.766592
-0.0625458 -0.0740011   0.766707 -0.0639821 -0.0754789   0.766591
-0.0625294 -0.0739634   0.766706 -0.0639646 -0.0754408    0.76659
 -0.062513 -0.0739257   0.766705 -0.0639472 -0.0754026   0.766589
-0.0624966 -0.0738879   0.766703 -0.0639297 -0.0753645   0.766588
-0.0624802 -0.0738502   0.766702 -0.0639122 -0.0753263   0.766588
-0.0624638 -0.0738124   0.766701 -0.0638947 -0.0752881   0.766587
-0.0624474 -0.0737746     0.7667 -0.0638772 -0.0752499   0.766586
 -0.062431 -0.0737368   0.766699 -0.0638597 -0.0752117   0.766585
-0.0624146  -0.073699   0.766698 -0.0638422 -0.0751735   0.766584
-0.0623981 -0.0736611   0.766697 -0.0638246 -0.0751353   0.766583
-0.0623817 -0.0736233   0.766696 -0.063807 -0.075097  0.766583
-0.0623652 -0.0735854   0.766695 -0.0637895 -0.0750588   0.766582
-0.0623488 -0.0735475   0.766693 -0.0637719 -0.0750205   0.766581
-0.0623323 -0.0735097   0.766692 -0.0637543 -0.0749822    0.76658
-0.0623159 -0.0734718   0.766691 -0.0637367 -0.0749439    0.76658
-0.0622994 -0.0734338    0.76669  -0.063719 -0.0749056   0.766579
-0.0622829 -0.0733959   0.766689 -0.0637014 -0.0748672   0.766578
-0.0622664  -0.073358   0.766688 -0.0636838 -0.0748289   0.766577
-0.06225 -0.07332 0.766687 -0.0636661 -0.0747905   0.766576
-0.0622335  -0.073282   0.766686 -0.0636485 -0.0747522   0.766576
 -0.062217 -0.0732441   0.766684 -0.0636308 -0.0747138   0.766575
-0.0622005 -0.0732061   0.766683 -0.0636131 -0.0746754   0.766574
-0.062184 -0.073168  0.766682 -0.0635954  -0.074637   0.766573
-0.0621674   -0.07313   0.766681 -0.0635777 -0.0745985   0.766572
-0.0621509  -0.073092    0.76668 -0.0635599 -0.0745601   0.766572
-0.0621344 -0.0730539   0.766679 -0.0635422 -0.0745216   0.766571
-0.0621179 -0.0730158   0.766678 -0.0635245 -0.0744832    0.76657
-0.0621013 -0.0729778   0.766677 -0.0635067 -0.0744447   0.766569
-0.0620848 -0.0729397   0.766675 -0.0634889 -0.0744062   0.766568
-0.0620682 -0.0729016   0.766674 -0.0634711 -0.0743677   0.766568
-0.0620517 -0.0728634   0.766673 -0.0634533 -0.0743292   0.766567
-0.0620351 -0.0728253   0.766672 -0.0634355 -0.0742906   0.766566
-0.0620185 -0.0727872   0.766671 -0.0634177 -0.0742521   0.766565
-0.0620019  -0.072749    0.76667 -0.0633999 -0.0742135   0.766564
-0.0619854 -0.0727108   0.766669 -0.063382 -0.074175  0.766564
-0.0619688 -0.0726726   0.766668 -0.0633642 -0.0741364   0.766563
-0.0619522 -0.0726344   0.766666 -0.0633463 -0.0740978   0.766562
-0.0619356 -0.0725962   0.766665 -0.0633284 -0.0740592   0.766561
-0.061919 -0.072558  0.766664 -0.0633105 -0.0740205    0.76656
-0.0619024 -0.0725198   0.766663 -0.0632927 -0.0739819    0.76656
-0.0618858 -0.0724815   0.766662 -0.0632747 -0.0739432   0.766559
-0.0618691 -0.0724432   0.766661 -0.0632568 -0.0739046   0.766558
-0.0618525  -0.072405    0.76666 -0.0632389 -0.0738659   0.766557
-0.0618359 -0.0723667   0.766659 -0.0632209 -0.0738272   0.766556
-0.0618192 -0.0723284   0.766657  -0.063203 -0.0737885   0.766556
-0.0618026   -0.07229   0.766656  -0.063185 -0.0737498   0.766555
 -0.061786 -0.0722517   0.766655  -0.063167 -0.0737111   0.766554
-0.0617693 -0.0722134   0.766654 -0.0631491 -0.0736723   0.766553
-0.0617526  -0.072175   0.766653 -0.0631311 -0.0736336   0.766552
 -0.061736 -0.0721366   0.766652 -0.0631131 -0.0735948   0.766552
-0.0617193 -0.0720983   0.766651 -0.063095 -0.073556  0.766551
-0.0617026 -0.0720599   0.766649  -0.063077 -0.0735172    0.76655
-0.0616859 -0.0720215   0.766648  -0.063059 -0.0734784   0.766549
-0.0616693  -0.071983   0.766647 -0.0630409 -0.0734396   0.766549
-0.0616526 -0.0719446   0.766646 -0.0630228 -0.0734008   0.766548
-0.0616359 -0.0719062   0.766645 -0.0630048 -0.0733619   0.766547
-0.0616192 -0.0718677   0.766644 -0.0629867 -0.0733231   0.766546
-0.0616025 -0.0718292   0.766643 -0.0629686 -0.0732842   0.766545
-0.0615857 -0.0717908   0.766641 -0.0629505 -0.0732453   0.766545
 -0.061569 -0.0717523    0.76664 -0.0629324 -0.0732064   0.766544
-0.0615523 -0.0717138   0.766639 -0.0629142 -0.0731675   0.766543
-0.0615356 -0.0716752   0.766638 -0.0628961 -0.0731286   0.766542
-0.0615188 -0.0716367   0.766637  -0.062878 -0.0730897   0.766541
-0.0615021 -0.0715982   0.766636 -0.0628598 -0.0730507   0.766541
-0.0614854 -0.0715596   0.766635 -0.0628416 -0.0730118    0.76654
-0.0614686 -0.0715211   0.766634 -0.0628235 -0.0729728   0.766539
-0.0614518 -0.0714825   0.766632 -0.0628053 -0.0729338   0.766538
-0.0614351 -0.0714439   0.766631 -0.0627871 -0.0728948   0.766537
-0.0614183 -0.0714053    0.76663 -0.0627689 -0.0728558   0.766537
-0.0614015 -0.0713667   0.766629 -0.0627507 -0.0728168   0.766536
-0.0613848  -0.071328   0.766628 -0.0627324 -0.0727777   0.766535
 -0.061368 -0.0712894   0.766627 -0.0627142 -0.0727387   0.766534
-0.0613512 -0.0712508   0.766626 -0.0626959 -0.0726996   0.766533
-0.0613344 -0.0712121   0.766624 -0.0626777 -0.0726606   0.766533
-0.0613176 -0.0711734   0.766623 -0.0626594 -0.0726215   0.766532
-0.0613008 -0.0711347   0.766622 -0.0626411 -0.0725824   0.766531
-0.061284 -0.071096  0.766621 -0.0626228 -0.0725433    0.76653
-0.0612672 -0.0710573    0.76662 -0.0626046 -0.0725042    0.76653
-0.0612504 -0.0710186   0.766619 -0.0625862  -0.072465   0.766529
-0.0612335 -0.0709799   0.766618 -0.0625679 -0.0724259   0.766528
-0.0612167 -0.0709411   0.766616 -0.0625496 -0.0723867   0.766527
-0.0611999 -0.0709024   0.766615 -0.0625313 -0.0723476   0.766526
 -0.061183 -0.0708636   0.766614 -0.0625129 -0.0723084   0.766526
-0.0611662 -0.0708248   0.766613 -0.0624946 -0.0722692   0.766525
-0.0611494 -0.0707861   0.766612 -0.0624762   -0.07223   0.766524
-0.0611325 -0.0707472   0.766611 -0.0624578 -0.0721908   0.766523
-0.0611156 -0.0707084    0.76661 -0.0624395 -0.0721516   0.766522
-0.0610988 -0.0706696   0.766608 -0.0624211 -0.0721123   0.766522
-0.0610819 -0.0706308   0.766607 -0.0624027 -0.0720731   0.766521
 -0.061065 -0.0705919   0.766606 -0.0623842 -0.0720338    0.76652
-0.0610482 -0.0705531   0.766605 -0.0623658 -0.0719945   0.766519
-0.0610313 -0.0705142   0.766604 -0.0623474 -0.0719552   0.766518
-0.0610144 -0.0704753   0.766603 -0.062329 -0.071916  0.766518
-0.0609975 -0.0704364   0.766601 -0.0623105 -0.0718766   0.766517
-0.0609806 -0.0703975     0.7666  -0.062292 -0.0718373   0.766516
-0.0609637 -0.0703586   0.766599 -0.0622736  -0.071798   0.766515
-0.0609468 -0.0703197   0.766598 -0.0622551 -0.0717586   0.766514
-0.0609299 -0.0702808   0.766597 -0.0622366 -0.0717193   0.766514
 -0.060913 -0.0702418   0.766596 -0.0622181 -0.0716799   0.766513
-0.0608961 -0.0702029   0.766595 -0.0621996 -0.0716405   0.766512
-0.0608791 -0.0701639   0.766593 -0.0621811 -0.0716011   0.766511
-0.0608622 -0.0701249   0.766592 -0.0621626 -0.0715617   0.766511
-0.0608453  -0.070086   0.766591 -0.0621441 -0.0715223    0.76651
-0.0608283  -0.070047    0.76659 -0.0621255 -0.0714829   0.766509
-0.0608114 -0.0700079   0.766589  -0.062107 -0.0714434   0.766508
-0.0607944 -0.0699689   0.766588 -0.0620884  -0.071404   0.766507
-0.0607775 -0.0699299   0.766586 -0.0620699 -0.0713645   0.766507
-0.0607605 -0.0698909   0.766585 -0.0620513  -0.071325   0.766506
-0.0607436 -0.0698518   0.766584 -0.0620327 -0.0712856   0.766505
-0.0607266 -0.0698127   0.766583 -0.0620141 -0.0712461   0.766504
-0.0607096 -0.0697737   0.766582 -0.0619955 -0.0712065   0.766503
-0.0606927 -0.0697346   0.766581 -0.0619769  -0.071167   0.766503
-0.0606757 -0.0696955    0.76658 -0.0619583 -0.0711275   0.766502
-0.0606587 -0.0696564   0.766578 -0.0619397 -0.0710879   0.766501
-0.0606417 -0.0696173   0.766577 -0.0619211 -0.0710484     0.7665
-0.0606247 -0.0695782   0.766576 -0.0619024 -0.0710088   0.766499
-0.0606077  -0.069539   0.766575 -0.0618838 -0.0709692   0.766499
-0.0605907 -0.0694999   0.766574 -0.0618651 -0.0709296   0.766498
-0.0605737 -0.0694607   0.766573 -0.0618464   -0.07089   0.766497
-0.0605567 -0.0694216   0.766571 -0.0618278 -0.0708504   0.766496
-0.0605397 -0.0693824    0.76657 -0.0618091 -0.0708108   0.766495
-0.0605227 -0.0693432   0.766569 -0.0617904 -0.0707712   0.766495
-0.0605057  -0.069304   0.766568 -0.0617717 -0.0707315   0.766494
-0.0604886 -0.0692648   0.766567  -0.061753 -0.0706919   0.766493
-0.0604716 -0.0692256   0.766566 -0.0617343 -0.0706522   0.766492
-0.0604546 -0.0691864   0.766565 -0.0617156 -0.0706125   0.766491
-0.0604375 -0.0691472   0.766563 -0.0616968 -0.0705728   0.766491
-0.0604205 -0.0691079   0.766562 -0.0616781 -0.0705331    0.76649
-0.0604034 -0.0690687   0.766561 -0.0616594 -0.0704934   0.766489
-0.0603864 -0.0690294    0.76656 -0.0616406 -0.0704537   0.766488
-0.0603693 -0.0689901   0.766559 -0.0616218 -0.0704139   0.766487
-0.0603523 -0.0689509   0.766558 -0.0616031 -0.0703742   0.766487
-0.0603352 -0.0689116   0.766556 -0.0615843 -0.0703344   0.766486
-0.0603181 -0.0688723   0.766555 -0.0615655 -0.0702946   0.766485
-0.060301 -0.068833  0.766554 -0.0615467 -0.0702549   0.766484
 -0.060284 -0.0687936   0.766553 -0.0615279 -0.0702151   0.766483
-0.0602669 -0.0687543   0.766552 -0.0615091 -0.0701753   0.766483
-0.0602498  -0.068715   0.766551 -0.0614903 -0.0701354   0.766482
-0.0602327 -0.0686756   0.766549 -0.0614715 -0.0700956   0.766481
-0.0602156 -0.0686363   0.766548 -0.0614527 -0.0700558    0.76648
-0.0601985 -0.0685969   0.766547 -0.0614338 -0.0700159   0.766479
-0.0601814 -0.0685575   0.766546  -0.061415 -0.0699761   0.766479
-0.0601643 -0.0685182   0.766545 -0.0613961 -0.0699362   0.766478
-0.0601472 -0.0684788   0.766544 -0.0613773 -0.0698963   0.766477
-0.0601301 -0.0684394   0.766542 -0.0613584 -0.0698564   0.766476
-0.060113   -0.0684  0.766541 -0.0613396 -0.0698165   0.766475
-0.0600959 -0.0683605    0.76654 -0.0613207 -0.0697766   0.766475
-0.0600787 -0.0683211   0.766539 -0.0613018 -0.0697367   0.766474
-0.0600616 -0.0682817   0.766538 -0.0612829 -0.0696967   0.766473
-0.0600445 -0.0682422   0.766537  -0.061264 -0.0696568   0.766472
-0.0600273 -0.0682028   0.766535 -0.0612451 -0.0696168   0.766471
-0.0600102 -0.0681633   0.766534 -0.0612262 -0.0695769   0.766471
 -0.059993 -0.0681238   0.766533 -0.0612072 -0.0695369    0.76647
-0.0599759 -0.0680844   0.766532 -0.0611883 -0.0694969   0.766469
-0.0599587 -0.0680449   0.766531 -0.0611694 -0.0694569   0.766468
-0.0599416 -0.0680054    0.76653 -0.0611504 -0.0694169   0.766467
-0.0599244 -0.0679659   0.766528 -0.0611315 -0.0693769   0.766467
-0.0599073 -0.0679264   0.766527 -0.0611125 -0.0693368   0.766466
-0.0598901 -0.0678868   0.766526 -0.0610936 -0.0692968   0.766465
-0.0598729 -0.0678473   0.766525 -0.0610746 -0.0692567   0.766464
-0.0598558 -0.0678078   0.766524 -0.0610556 -0.0692167   0.766463
-0.0598386 -0.0677682   0.766523 -0.0610367 -0.0691766   0.766463
-0.0598214 -0.0677287   0.766521 -0.0610177 -0.0691365   0.766462
-0.0598042 -0.0676891    0.76652 -0.0609987 -0.0690964   0.766461
 -0.059787 -0.0676495   0.766519 -0.0609797 -0.0690563    0.76646
-0.0597698 -0.0676099   0.766518 -0.0609607 -0.0690162   0.766459
-0.0597526 -0.0675703   0.766517 -0.0609416 -0.0689761   0.766459
-0.0597354 -0.0675307   0.766516 -0.0609226 -0.0689359   0.766458
-0.0597182 -0.0674911   0.766514 -0.0609036 -0.0688958   0.766457
 -0.059701 -0.0674515   0.766513 -0.0608846 -0.0688556   0.766456
-0.0596838 -0.0674119   0.766512 -0.0608655 -0.0688154   0.766455
-0.0596666 -0.0673723   0.766511 -0.0608465 -0.0687753   0.766454
-0.0596494 -0.0673326    0.76651 -0.0608274 -0.0687351   0.766454
-0.0596322  -0.067293   0.766509 -0.0608084 -0.0686949   0.766453
-0.0596149 -0.0672533   0.766507 -0.0607893 -0.0686547   0.766452
-0.0595977 -0.0672137   0.766506 -0.0607702 -0.0686144   0.766451
-0.0595805  -0.067174   0.766505 -0.0607512 -0.0685742    0.76645
-0.0595633 -0.0671343   0.766504 -0.0607321  -0.068534    0.76645
 -0.059546 -0.0670946   0.766503  -0.060713 -0.0684937   0.766449
-0.0595288 -0.0670549   0.766502 -0.0606939 -0.0684535   0.766448
-0.0595115 -0.0670152     0.7665 -0.0606748 -0.0684132   0.766447
-0.0594943 -0.0669755   0.766499 -0.0606557 -0.0683729   0.766446
 -0.059477 -0.0669358   0.766498 -0.0606366 -0.0683326   0.766446
-0.0594598 -0.0668961   0.766497 -0.0606175 -0.0682923   0.766445
-0.0594425 -0.0668564   0.766496 -0.0605984  -0.068252   0.766444
-0.0594253 -0.0668166   0.766494 -0.0605792 -0.0682117   0.766443
 -0.059408 -0.0667769   0.766493 -0.0605601 -0.0681713   0.766442
-0.0593907 -0.0667371   0.766492 -0.060541 -0.068131  0.766441
-0.0593735 -0.0666974   0.766491 -0.0605218 -0.0680907   0.766441
-0.0593562 -0.0666576    0.76649 -0.0605027 -0.0680503    0.76644
-0.0593389 -0.0666178   0.766489 -0.0604835 -0.0680099   0.766439
-0.0593216  -0.066578   0.766487 -0.0604644 -0.0679695   0.766438
-0.0593044 -0.0665383   0.766486 -0.0604452 -0.0679291   0.766437
-0.0592871 -0.0664985   0.766485  -0.060426 -0.0678887   0.766437
-0.0592698 -0.0664587   0.766484 -0.0604069 -0.0678483   0.766436
-0.0592525 -0.0664188   0.766483 -0.0603877 -0.0678079   0.766435
-0.0592352  -0.066379   0.766482 -0.0603685 -0.0677675   0.766434
-0.0592179 -0.0663392    0.76648 -0.0603493  -0.067727   0.766433
-0.0592006 -0.0662994   0.766479 -0.0603301 -0.0676866   0.766432
-0.0591833 -0.0662595   0.766478 -0.0603109 -0.0676461   0.766432
 -0.059166 -0.0662197   0.766477 -0.0602917 -0.0676057   0.766431
-0.0591487 -0.0661798   0.766476 -0.0602725 -0.0675652    0.76643
-0.0591314   -0.06614   0.766474 -0.0602532 -0.0675247   0.766429
-0.0591141 -0.0661001   0.766473  -0.060234 -0.0674842   0.766428
-0.0590967 -0.0660602   0.766472 -0.0602148 -0.0674437   0.766428
-0.0590794 -0.0660204   0.766471 -0.0601956 -0.0674032   0.766427
-0.0590621 -0.0659805    0.76647 -0.0601763 -0.0673626   0.766426
-0.0590448 -0.0659406   0.766469 -0.0601571 -0.0673221   0.766425
-0.0590274 -0.0659007   0.766467 -0.0601378 -0.0672816   0.766424
-0.0590101 -0.0658608   0.766466 -0.0601186  -0.067241   0.766423
-0.0589928 -0.0658209   0.766465 -0.0600993 -0.0672004   0.766423
-0.0589754 -0.0657809   0.766464 -0.0600801 -0.0671599   0.766422
-0.0589581  -0.065741   0.766463 -0.0600608 -0.0671193   0.766421
-0.0589407 -0.0657011   0.766462 -0.0600415 -0.0670787    0.76642
-0.0589234 -0.0656611    0.76646 -0.0600223 -0.0670381   0.766419
 -0.058906 -0.0656212   0.766459  -0.060003 -0.0669975   0.766418
-0.0588887 -0.0655813   0.766458 -0.0599837 -0.0669569   0.766418
-0.0588713 -0.0655413   0.766457 -0.0599644 -0.0669162   0.766417
 -0.058854 -0.0655013   0.766456 -0.0599451 -0.0668756   0.766416
-0.0588366 -0.0654614   0.766454 -0.0599258 -0.0668349   0.766415
-0.0588193 -0.0654214   0.766453 -0.0599065 -0.0667943   0.766414
-0.0588019 -0.0653814   0.766452 -0.0598872 -0.0667536   0.766413
-0.0587845 -0.0653414   0.766451 -0.0598679 -0.0667129   0.766413
-0.0587672 -0.0653014    0.76645 -0.0598486 -0.0666723   0.766412
-0.0587498 -0.0652614   0.766449 -0.0598292 -0.0666316   0.766411
-0.0587324 -0.0652214   0.766447 -0.0598099 -0.0665909    0.76641
 -0.058715 -0.0651814   0.766446 -0.0597906 -0.0665502   0.766409
-0.0586976 -0.0651414   0.766445 -0.0597712 -0.0665094   0.766408
-0.0586803 -0.0651014   0.766444 -0.0597519 -0.0664687   0.766408
-0.0586629 -0.0650614   0.766443 -0.0597326  -0.066428   0.766407
-0.0586455 -0.0650213   0.766441 -0.0597132 -0.0663872   0.766406
-0.0586281 -0.0649813    0.76644 -0.0596939 -0.0663465   0.766405
-0.0586107 -0.0649412   0.766439 -0.0596745 -0.0663057   0.766404
-0.0585933 -0.0649012   0.766438 -0.0596552 -0.0662649   0.766403
-0.0585759 -0.0648611   0.766437 -0.0596358 -0.0662241   0.766403
-0.0585585 -0.0648211   0.766435 -0.0596164 -0.0661833   0.766402
-0.0585411  -0.064781   0.766434 -0.0595971 -0.0661425   0.766401
-0.0585237 -0.0647409   0.766433 -0.0595777 -0.0661017     0.7664
-0.0585063 -0.0647009   0.766432 -0.0595583 -0.0660609   0.766399
-0.0584889 -0.0646608   0.766431  -0.059539 -0.0660201   0.766398
-0.0584715 -0.0646207    0.76643 -0.0595196 -0.0659793   0.766398
-0.0584541 -0.0645806   0.766428 -0.0595002 -0.0659384   0.766397
-0.0584366 -0.0645405   0.766427 -0.0594808 -0.0658976   0.766396
-0.0584192 -0.0645004   0.766426 -0.0594614 -0.0658567   0.766395
-0.0584018 -0.0644603   0.766425  -0.059442 -0.0658158   0.766394
-0.0583844 -0.0644202   0.766424 -0.0594226  -0.065775   0.766393
 -0.058367 -0.0643801   0.766422 -0.0594032 -0.0657341   0.766393
-0.0583495 -0.0643399   0.766421 -0.0593838 -0.0656932   0.766392
-0.0583321 -0.0642998    0.76642 -0.0593644 -0.0656523   0.766391
-0.0583147 -0.0642597   0.766419  -0.059345 -0.0656114    0.76639
-0.0582972 -0.0642195   0.766418 -0.0593256 -0.0655704   0.766389
-0.0582798 -0.0641794   0.766417 -0.0593061 -0.0655295   0.766388
-0.0582624 -0.0641392   0.766415 -0.0592867 -0.0654886   0.766388
-0.0582449 -0.0640991   0.766414 -0.0592673 -0.0654476   0.766387
-0.0582275 -0.0640589   0.766413 -0.0592478 -0.0654067   0.766386
  -0.05821 -0.0640188   0.766412 -0.0592284 -0.0653657   0.766385
-0.0581926 -0.0639786   0.766411  -0.059209 -0.0653247   0.766384
-0.0581751 -0.0639384   0.766409 -0.0591895 -0.0652838   0.766383
-0.0581577 -0.0638983   0.766408 -0.0591701 -0.0652428   0.766382
-0.0581402 -0.0638581   0.766407 -0.0591506 -0.0652018   0.766382
-0.0581228 -0.0638179   0.766406 -0.0591312 -0.0651608   0.766381
-0.0581053 -0.0637777   0.766405 -0.0591117 -0.0651198    0.76638
-0.0580879 -0.0637375   0.766403 -0.0590923 -0.0650788   0.766379
-0.0580704 -0.0636973   0.766402 -0.0590728 -0.0650377   0.766378
 -0.058053 -0.0636571   0.766401 -0.0590534 -0.0649967   0.766377
-0.0580355 -0.0636169     0.7664 -0.0590339 -0.0649557   0.766376
 -0.058018 -0.0635767   0.766399 -0.0590144 -0.0649146   0.766376
-0.0580006 -0.0635365   0.766398 -0.0589949 -0.0648736   0.766375
-0.0579831 -0.0634963   0.766396 -0.0589755 -0.0648325   0.766374
-0.0579656  -0.063456   0.766395  -0.058956 -0.0647914   0.766373
-0.0579481 -0.0634158   0.766394 -0.0589365 -0.0647503   0.766372
-0.0579307 -0.0633756   0.766393  -0.058917 -0.0647093   0.766371
-0.0579132 -0.0633353   0.766392 -0.0588975 -0.0646682   0.766371
-0.0578957 -0.0632951    0.76639 -0.0588781 -0.0646271    0.76637
-0.0578782 -0.0632549   0.766389 -0.0588586 -0.0645859   0.766369
-0.0578608 -0.0632146   0.766388 -0.0588391 -0.0645448   0.766368
-0.0578433 -0.0631744   0.766387 -0.0588196 -0.0645037   0.766367
-0.0578258 -0.0631341   0.766386 -0.0588001 -0.0644626   0.766366
-0.0578083 -0.0630938   0.766384 -0.0587806 -0.0644214   0.766365
-0.0577908 -0.0630536   0.766383 -0.0587611 -0.0643803   0.766365
-0.0577733 -0.0630133   0.766382 -0.0587416 -0.0643391   0.766364
-0.0577558 -0.0629731   0.766381 -0.0587221  -0.064298   0.766363
-0.0577383 -0.0629328    0.76638 -0.0587026 -0.0642568   0.766362
-0.0577209 -0.0628925   0.766378  -0.058683 -0.0642156   0.766361
-0.0577034 -0.0628522   0.766377 -0.0586635 -0.0641744    0.76636
-0.0576859 -0.0628119   0.766376  -0.058644 -0.0641332   0.766359
-0.0576684 -0.0627717   0.766375 -0.0586245  -0.064092   0.766358
-0.0576509 -0.0627314   0.766374  -0.058605 -0.0640508   0.766358
-0.0576334 -0.0626911   0.766373 -0.0585855 -0.0640096   0.766357
-0.0576159 -0.0626508   0.766371 -0.0585659 -0.0639684   0.766356
-0.0575984 -0.0626105    0.76637 -0.0585464 -0.0639272   0.766355
-0.0575808 -0.0625702   0.766369 -0.0585269 -0.0638859   0.766354
-0.0575633 -0.0625299   0.766368 -0.0585073 -0.0638447   0.766353
-0.0575458 -0.0624896   0.766367 -0.0584878 -0.0638034   0.766352
-0.0575283 -0.0624492   0.766365 -0.0584683 -0.0637622   0.766352
-0.0575108 -0.0624089   0.766364 -0.0584487 -0.0637209   0.766351
-0.0574933 -0.0623686   0.766363 -0.0584292 -0.0636797    0.76635
-0.0574758 -0.0623283   0.766362 -0.0584097 -0.0636384   0.766349
-0.0574583  -0.062288   0.766361 -0.0583901 -0.0635971   0.766348
-0.0574408 -0.0622476   0.766359 -0.0583706 -0.0635558   0.766347
-0.0574232 -0.0622073   0.766358  -0.058351 -0.0635145   0.766346
-0.0574057  -0.062167   0.766357 -0.0583315 -0.0634732   0.766345
-0.0573882 -0.0621266   0.766356 -0.0583119 -0.0634319   0.766345
-0.0573707 -0.0620863   0.766355 -0.0582924 -0.0633906   0.766344
-0.0573532 -0.0620459   0.766353 -0.0582728 -0.0633493   0.766343
-0.0573356 -0.0620056   0.766352 -0.0582533 -0.0633079   0.766342
-0.0573181 -0.0619653   0.766351 -0.0582337 -0.0632666   0.766341
-0.0573006 -0.0619249    0.76635 -0.0582141 -0.0632253    0.76634
-0.0572831 -0.0618846   0.766349 -0.0581946 -0.0631839   0.766339
-0.0572655 -0.0618442   0.766348  -0.058175 -0.0631425   0.766338
 -0.057248 -0.0618038   0.766346 -0.0581555 -0.0631012   0.766338
-0.0572305 -0.0617635   0.766345 -0.0581359 -0.0630598   0.766337
-0.0572129 -0.0617231   0.766344 -0.0581163 -0.0630184   0.766336
-0.0571954 -0.0616828   0.766343 -0.0580968 -0.0629771   0.766335
-0.0571779 -0.0616424   0.766342 -0.0580772 -0.0629357   0.766334
-0.0571603  -0.061602    0.76634 -0.0580576 -0.0628943   0.766333
-0.0571428 -0.0615617   0.766339 -0.0580381 -0.0628529   0.766332
-0.0571253 -0.0615213   0.766338 -0.0580185 -0.0628115   0.766331
-0.0571077 -0.0614809   0.766337 -0.0579989 -0.0627701   0.766331
-0.0570902 -0.0614405   0.766336 -0.0579793 -0.0627287    0.76633
-0.0570727 -0.0614001   0.766334 -0.0579598 -0.0626872   0.766329
-0.0570551 -0.0613598   0.766333 -0.0579402 -0.0626458   0.766328
-0.0570376 -0.0613194   0.766332 -0.0579206 -0.0626044   0.766327
 -0.05702 -0.061279  0.766331  -0.057901 -0.0625629   0.766326
-0.0570025 -0.0612386    0.76633 -0.0578815 -0.0625215   0.766325
 -0.056985 -0.0611982   0.766328 -0.0578619   -0.06248   0.766324
-0.0569674 -0.0611578   0.766327 -0.0578423 -0.0624386   0.766323
-0.0569499 -0.0611174   0.766326 -0.0578227 -0.0623971   0.766323
-0.0569323  -0.061077   0.766325 -0.0578031 -0.0623556   0.766322
-0.0569148 -0.0610366   0.766324 -0.0577835 -0.0623142   0.766321
-0.0568972 -0.0609962   0.766322 -0.0577639 -0.0622727    0.76632
-0.0568797 -0.0609558   0.766321 -0.0577444 -0.0622312   0.766319
-0.0568621 -0.0609154    0.76632 -0.0577248 -0.0621897   0.766318
-0.0568446  -0.060875   0.766319 -0.0577052 -0.0621482   0.766317
 -0.056827 -0.0608346   0.766318 -0.0576856 -0.0621067   0.766316
-0.0568095 -0.0607942   0.766316  -0.057666 -0.0620652   0.766315
-0.0567919 -0.0607538   0.766315 -0.0576464 -0.0620237   0.766315
-0.0567744 -0.0607134   0.766314 -0.0576268 -0.0619822   0.766314
-0.0567568  -0.060673   0.766313 -0.0576072 -0.0619406   0.766313
-0.0567393 -0.0606326   0.766312 -0.0575876 -0.0618991   0.766312
-0.0567217 -0.0605922   0.766311  -0.057568 -0.0618576   0.766311
-0.0567042 -0.0605518   0.766309 -0.0575484  -0.061816    0.76631
-0.0566866 -0.0605114   0.766308 -0.0575289 -0.0617745   0.766309
-0.0566691 -0.0604709   0.766307 -0.0575093 -0.0617329   0.766308
-0.0566515 -0.0604305   0.766306 -0.0574897 -0.0616914   0.766307
 -0.056634 -0.0603901   0.766305 -0.0574701 -0.0616498   0.766307
-0.0566164 -0.0603497   0.766303 -0.0574505 -0.0616082   0.766306
-0.0565988 -0.0603093   0.766302 -0.0574309 -0.0615667   0.766305
-0.0565813 -0.0602688   0.766301 -0.0574113 -0.0615251   0.766304
-0.0565637 -0.0602284     0.7663 -0.0573917 -0.0614835   0.766303
-0.0565462  -0.060188   0.766299 -0.0573721 -0.0614419   0.766302
-0.0565286 -0.0601476   0.766297 -0.0573525 -0.0614003   0.766301
-0.0565111 -0.0601072   0.766296 -0.0573329 -0.0613587     0.7663
-0.0564935 -0.0600667   0.766295 -0.0573133 -0.0613171   0.766299
-0.0564759 -0.0600263   0.766294 -0.0572937 -0.0612755   0.766298
-0.0564584 -0.0599859   0.766293 -0.0572741 -0.0612339   0.766298
-0.0564408 -0.0599455   0.766291 -0.0572545 -0.0611923   0.766297
-0.0564233  -0.059905    0.76629 -0.0572349 -0.0611507   0.766296
-0.0564057 -0.0598646   0.766289 -0.0572153 -0.0611091   0.766295
-0.0563881 -0.0598242   0.766288 -0.0571957 -0.0610675   0.766294
-0.0563706 -0.0597837   0.766287 -0.0571761 -0.0610258   0.766293
 -0.056353 -0.0597433   0.766285 -0.0571565 -0.0609842   0.766292
-0.0563355 -0.0597029   0.766284 -0.0571369 -0.0609425   0.766291
-0.0563179 -0.0596624   0.766283 -0.0571173 -0.0609009    0.76629
-0.0563003  -0.059622   0.766282 -0.0570977 -0.0608593   0.766289
-0.0562828 -0.0595816   0.766281 -0.0570781 -0.0608176   0.766288
-0.0562652 -0.0595412   0.766279 -0.0570585 -0.0607759   0.766288
-0.0562477 -0.0595007   0.766278 -0.0570389 -0.0607343   0.766287
-0.0562301 -0.0594603   0.766277 -0.0570193 -0.0606926   0.766286
-0.0562125 -0.0594199   0.766276 -0.0569997 -0.0606509   0.766285
 -0.056195 -0.0593794   0.766275 -0.0569801 -0.0606093   0.766284
-0.0561774  -0.059339   0.766273 -0.0569605 -0.0605676   0.766283
-0.0561599 -0.0592986   0.766272 -0.0569409 -0.0605259   0.766282
-0.0561423 -0.0592581   0.766271 -0.0569213 -0.0604842   0.766281
-0.0561247 -0.0592177    0.76627 -0.0569017 -0.0604425    0.76628
-0.0561072 -0.0591773   0.766269 -0.0568821 -0.0604008   0.766279
-0.0560896 -0.0591368   0.766267 -0.0568625 -0.0603591   0.766278
-0.0560721 -0.0590964   0.766266 -0.0568429 -0.0603174   0.766278
-0.0560545  -0.059056   0.766265 -0.0568233 -0.0602757   0.766277
-0.0560369 -0.0590156   0.766264 -0.0568037  -0.060234   0.766276
-0.0560194 -0.0589751   0.766263 -0.0567841 -0.0601923   0.766275
-0.0560018 -0.0589347   0.766262 -0.0567645 -0.0601506   0.766274
-0.0559843 -0.0588943    0.76626 -0.0567449 -0.0601089   0.766273
-0.0559667 -0.0588538   0.766259 -0.0567253 -0.0600672   0.766272
-0.0559491 -0.0588134   0.766258 -0.0567057 -0.0600254   0.766271
-0.0559316  -0.058773   0.766257 -0.0566861 -0.0599837    0.76627
 -0.055914 -0.0587326   0.766256 -0.0566665  -0.059942   0.766269
-0.0558965 -0.0586921   0.766254 -0.0566469 -0.0599002   0.766268
-0.0558789 -0.0586517   0.766253 -0.0566273 -0.0598585   0.766267
-0.0558613 -0.0586113   0.766252 -0.0566077 -0.0598168   0.766267
-0.0558438 -0.0585709   0.766251 -0.0565881  -0.059775   0.766266
-0.0558262 -0.0585304    0.76625 -0.0565685 -0.0597333   0.766265
-0.0558087   -0.05849   0.766248 -0.0565489 -0.0596915   0.766264
-0.0557911 -0.0584496   0.766247 -0.0565294 -0.0596498   0.766263
-0.0557736 -0.0584092   0.766246 -0.0565098  -0.059608   0.766262
 -0.055756 -0.0583688   0.766245 -0.0564902 -0.0595663   0.766261
-0.0557384 -0.0583283   0.766244 -0.0564706 -0.0595245    0.76626
-0.0557209 -0.0582879   0.766242  -0.056451 -0.0594827   0.766259
-0.0557033 -0.0582475   0.766241 -0.0564314  -0.059441   0.766258
-0.0556858 -0.0582071    0.76624 -0.0564118 -0.0593992   0.766257
-0.0556682 -0.0581667   0.766239 -0.0563922 -0.0593574   0.766256
-0.0556507 -0.0581263   0.766238 -0.0563727 -0.0593156   0.766255
-0.0556331 -0.0580859   0.766236 -0.0563531 -0.0592739   0.766254
-0.0556156 -0.0580455   0.766235 -0.0563335 -0.0592321   0.766254
-0.055598 -0.058005  0.766234 -0.0563139 -0.0591903   0.766253
-0.0555805 -0.0579646   0.766233 -0.0562943 -0.0591485   0.766252
-0.0555629 -0.0579242   0.766232 -0.0562748 -0.0591067   0.766251
-0.0555454 -0.0578838    0.76623 -0.0562552 -0.0590649    0.76625
-0.0555278 -0.0578434   0.766229 -0.0562356 -0.0590231   0.766249
-0.0555103  -0.057803   0.766228  -0.056216 -0.0589813   0.766248
-0.0554927 -0.0577626   0.766227 -0.0561964 -0.0589395   0.766247
-0.0554752 -0.0577222   0.766226 -0.0561769 -0.0588977   0.766246
-0.0554576 -0.0576818   0.766224 -0.0561573 -0.0588559   0.766245
-0.0554401 -0.0576414   0.766223 -0.0561377 -0.0588141   0.766244
-0.0554225  -0.057601   0.766222 -0.0561182 -0.0587723   0.766243
 -0.055405 -0.0575607   0.766221 -0.0560986 -0.0587305   0.766242
-0.0553875 -0.0575203    0.76622  -0.056079 -0.0586887   0.766241
-0.0553699 -0.0574799   0.766219 -0.0560594 -0.0586469    0.76624
-0.0553524 -0.0574395   0.766217 -0.0560399 -0.0586051    0.76624
-0.0553348 -0.0573991   0.766216 -0.0560203 -0.0585633   0.766239
-0.0553173 -0.0573587   0.766215 -0.0560007 -0.0585214   0.766238
-0.0552998 -0.0573183   0.766214 -0.0559812 -0.0584796   0.766237
-0.0552822  -0.057278   0.766213 -0.0559616 -0.0584378   0.766236
-0.0552647 -0.0572376   0.766211 -0.0559421  -0.058396   0.766235
-0.0552471 -0.0571972    0.76621 -0.0559225 -0.0583541   0.766234
-0.0552296 -0.0571568   0.766209  -0.055903 -0.0583123   0.766233
-0.0552121 -0.0571165   0.766208 -0.0558834 -0.0582705   0.766232
-0.0551945 -0.0570761   0.766207 -0.0558638 -0.0582287   0.766231
 -0.055177 -0.0570357   0.766205 -0.0558443 -0.0581868    0.76623
-0.0551595 -0.0569954   0.766204 -0.0558248  -0.058145   0.766229
-0.055142 -0.056955  0.766203 -0.0558052 -0.0581032   0.766228
-0.0551244 -0.0569147   0.766202 -0.0557857 -0.0580613   0.766227
-0.0551069 -0.0568743   0.766201 -0.0557661 -0.0580195   0.766226
-0.0550894  -0.056834   0.766199 -0.0557466 -0.0579777   0.766225
-0.0550718 -0.0567936   0.766198  -0.055727 -0.0579358   0.766224
-0.0550543 -0.0567533   0.766197 -0.0557075  -0.057894   0.766223
-0.0550368 -0.0567129   0.766196  -0.055688 -0.0578521   0.766223
-0.0550193 -0.0566726   0.766195 -0.0556684 -0.0578103   0.766222
-0.0550018 -0.0566322   0.766193 -0.0556489 -0.0577684   0.766221
-0.0549842 -0.0565919   0.766192 -0.0556293 -0.0577266    0.76622
-0.0549667 -0.0565516   0.766191 -0.0556098 -0.0576848   0.766219
-0.0549492 -0.0565112    0.76619 -0.0555903 -0.0576429   0.766218
-0.0549317 -0.0564709   0.766189 -0.0555707 -0.0576011   0.766217
-0.0549142 -0.0564306   0.766188 -0.0555512 -0.0575592   0.766216
-0.0548967 -0.0563903   0.766186 -0.0555317 -0.0575174   0.766215
-0.0548791 -0.0563499   0.766185 -0.0555122 -0.0574755   0.766214
-0.0548616 -0.0563096   0.766184 -0.0554927 -0.0574337   0.766213
-0.0548441 -0.0562693   0.766183 -0.0554731 -0.0573918   0.766212
-0.0548266  -0.056229   0.766182 -0.0554536   -0.05735   0.766211
-0.0548091 -0.0561887    0.76618 -0.0554341 -0.0573081    0.76621
-0.0547916 -0.0561484   0.766179 -0.0554146 -0.0572663   0.766209
-0.0547741 -0.0561081   0.766178 -0.0553951 -0.0572244   0.766208
-0.0547566 -0.0560678   0.766177 -0.0553756 -0.0571826   0.766207
-0.0547391 -0.0560275   0.766176 -0.0553561 -0.0571407   0.766206
-0.0547216 -0.0559872   0.766174 -0.0553366 -0.0570989   0.766205
-0.0547041 -0.0559469   0.766173 -0.0553171  -0.057057   0.766204
-0.0546866 -0.0559066   0.766172 -0.0552976 -0.0570152   0.766203
-0.0546691 -0.0558664   0.766171  -0.055278 -0.0569733   0.766202
-0.0546516 -0.0558261    0.76617 -0.0552585 -0.0569315   0.766202
-0.0546341 -0.0557858   0.766168 -0.0552391 -0.0568896   0.766201
-0.0546166 -0.0557455   0.766167 -0.0552196 -0.0568478     0.7662
-0.0545991 -0.0557053   0.766166 -0.0552001 -0.0568059   0.766199
-0.0545817  -0.055665   0.766165 -0.0551806  -0.056764   0.766198
-0.0545642 -0.0556248   0.766164 -0.0551611 -0.0567222   0.766197
-0.0545467 -0.0555845   0.766162 -0.0551416 -0.0566803   0.766196
-0.0545292 -0.0555443   0.766161 -0.0551221 -0.0566385   0.766195
-0.0545117  -0.055504    0.76616 -0.0551026 -0.0565966   0.766194
-0.0544942 -0.0554638   0.766159 -0.0550832 -0.0565548   0.766193
-0.0544768 -0.0554235   0.766158 -0.0550637 -0.0565129   0.766192
-0.0544593 -0.0553833   0.766157 -0.0550442 -0.0564711   0.766191
-0.0544418 -0.0553431   0.766155 -0.0550247 -0.0564292    0.76619
-0.0544243 -0.0553028   0.766154 -0.0550053 -0.0563874   0.766189
-0.0544069 -0.0552626   0.766153 -0.0549858 -0.0563455   0.766188
-0.0543894 -0.0552224   0.766152 -0.0549663 -0.0563037   0.766187
-0.0543719 -0.0551822   0.766151 -0.0549469 -0.0562619   0.766186
-0.0543545  -0.055142   0.766149 -0.0549274   -0.05622   0.766185
 -0.054337 -0.0551018   0.766148  -0.054908 -0.0561782   0.766184
-0.0543195 -0.0550616   0.766147 -0.0548885 -0.0561363   0.766183
-0.0543021 -0.0550214   0.766146 -0.0548691 -0.0560945   0.766182
-0.0542846 -0.0549812   0.766145 -0.0548496 -0.0560526   0.766181
-0.0542672  -0.054941   0.766143 -0.0548302 -0.0560108    0.76618
-0.0542497 -0.0549008   0.766142 -0.0548107  -0.055969   0.766179
-0.0542323 -0.0548606   0.766141 -0.0547913 -0.0559271   0.766178
-0.0542148 -0.0548204    0.76614 -0.0547718 -0.0558853   0.766177
-0.0541974 -0.0547803   0.766139 -0.0547524 -0.0558434   0.766176
-0.0541799 -0.0547401   0.766138  -0.054733 -0.0558016   0.766175
-0.0541625 -0.0546999   0.766136 -0.0547135 -0.0557598   0.766174
 -0.054145 -0.0546598   0.766135 -0.0546941 -0.0557179   0.766173
-0.0541276 -0.0546196   0.766134 -0.0546747 -0.0556761   0.766173
-0.0541102 -0.0545795   0.766133 -0.0546552 -0.0556343   0.766172
-0.0540927 -0.0545393   0.766132 -0.0546358 -0.0555925   0.766171
-0.0540753 -0.0544992    0.76613 -0.0546164 -0.0555506    0.76617
-0.0540579 -0.0544591   0.766129  -0.054597 -0.0555088   0.766169
-0.0540404 -0.0544189   0.766128 -0.0545776  -0.055467   0.766168
 -0.054023 -0.0543788   0.766127 -0.0545582 -0.0554252   0.766167
-0.0540056 -0.0543387   0.766126 -0.0545387 -0.0553833   0.766166
-0.0539881 -0.0542986   0.766124 -0.0545194 -0.0553415   0.766165
-0.0539707 -0.0542585   0.766123    -0.0545 -0.0552997   0.766164
-0.0539533 -0.0542184   0.766122 -0.0544805 -0.0552579   0.766163
-0.0539359 -0.0541783   0.766121 -0.0544611 -0.0552161   0.766162
-0.0539185 -0.0541382    0.76612 -0.0544418 -0.0551743   0.766161
-0.0539011 -0.0540981   0.766119 -0.0544224 -0.0551325    0.76616
-0.0538837  -0.054058   0.766117  -0.054403 -0.0550907   0.766159
-0.0538663 -0.0540179   0.766116 -0.0543836 -0.0550489   0.766158
-0.0538488 -0.0539779   0.766115 -0.0543642 -0.0550071   0.766157
-0.0538314 -0.0539378   0.766114 -0.0543448 -0.0549653   0.766156
 -0.053814 -0.0538977   0.766113 -0.0543255 -0.0549235   0.766155
-0.0537966 -0.0538577   0.766111 -0.0543061 -0.0548817   0.766154
-0.0537793 -0.0538176    0.76611 -0.0542867 -0.0548399   0.766153
-0.0537619 -0.0537776   0.766109 -0.0542673 -0.0547981   0.766152
-0.0537445 -0.0537375   0.766108  -0.054248 -0.0547563   0.766151
-0.0537271 -0.0536975   0.766107 -0.0542286 -0.0547145    0.76615
-0.0537097 -0.0536575   0.766106 -0.0542092 -0.0546727   0.766149
-0.0536923 -0.0536175   0.766104 -0.0541899  -0.054631   0.766148
-0.0536749 -0.0535774   0.766103 -0.0541705 -0.0545892   0.766147
-0.0536576 -0.0535374   0.766102 -0.0541512 -0.0545474   0.766146
-0.0536402 -0.0534974   0.766101 -0.0541318 -0.0545056   0.766145
-0.0536228 -0.0534574     0.7661 -0.0541125 -0.0544639   0.766144
-0.0536054 -0.0534174   0.766098 -0.0540932 -0.0544221   0.766143
-0.0535881 -0.0533775   0.766097 -0.0540738 -0.0543803   0.766142
-0.0535707 -0.0533375   0.766096 -0.0540545 -0.0543386   0.766141
-0.0535533 -0.0532975   0.766095 -0.0540352 -0.0542968    0.76614
 -0.053536 -0.0532575   0.766094 -0.0540158 -0.0542551   0.766139
-0.0535186 -0.0532176   0.766093 -0.0539965 -0.0542133   0.766138
-0.0535013 -0.0531776   0.766091 -0.0539772 -0.0541716   0.766137
-0.0534839 -0.0531377    0.76609 -0.0539579 -0.0541298   0.766136
-0.0534666 -0.0530977   0.766089 -0.0539386 -0.0540881   0.766135
-0.0534492 -0.0530578   0.766088 -0.0539192 -0.0540464   0.766134
-0.0534319 -0.0530179   0.766087 -0.0538999 -0.0540046   0.766133
-0.0534145 -0.0529779   0.766085 -0.0538806 -0.0539629   0.766132
-0.0533972  -0.052938   0.766084 -0.0538613 -0.0539212   0.766131
-0.0533799 -0.0528981   0.766083  -0.053842 -0.0538794    0.76613
-0.0533625 -0.0528582   0.766082 -0.0538227 -0.0538377   0.766129
-0.0533452 -0.0528183   0.766081 -0.0538034  -0.053796   0.766128
-0.0533279 -0.0527784    0.76608 -0.0537842 -0.0537543   0.766127
-0.0533105 -0.0527385   0.766078 -0.0537649 -0.0537126   0.766126
-0.0532932 -0.0526986   0.766077 -0.0537456 -0.0536709   0.766125
-0.0532759 -0.0526588   0.766076 -0.0537263 -0.0536292   0.766124
-0.0532586 -0.0526189   0.766075  -0.053707 -0.0535875   0.766123
-0.0532413  -0.052579   0.766074 -0.0536878 -0.0535458   0.766122
 -0.053224 -0.0525392   0.766072 -0.0536685 -0.0535041   0.766121
-0.0532067 -0.0524993   0.766071 -0.0536492 -0.0534624    0.76612
-0.0531894 -0.0524595    0.76607   -0.05363 -0.0534207   0.766119
-0.0531721 -0.0524197   0.766069 -0.0536107  -0.053379   0.766118
-0.0531548 -0.0523798   0.766068 -0.0535915 -0.0533374   0.766117
-0.0531375   -0.05234   0.766067 -0.0535722 -0.0532957   0.766116
-0.0531202 -0.0523002   0.766065 -0.0535529  -0.053254   0.766115
-0.0531029 -0.0522604   0.766064 -0.0535337 -0.0532124   0.766114
-0.0530856 -0.0522206   0.766063 -0.0535145 -0.0531707   0.766113
-0.0530683 -0.0521808   0.766062 -0.0534952 -0.0531291   0.766112
-0.053051 -0.052141  0.766061  -0.053476 -0.0530874   0.766111
-0.0530338 -0.0521013    0.76606 -0.0534568 -0.0530458    0.76611
-0.0530165 -0.0520615   0.766058 -0.0534376 -0.0530041   0.766109
-0.0529992 -0.0520217   0.766057 -0.0534183 -0.0529625   0.766108
-0.052982 -0.051982  0.766056 -0.0533991 -0.0529209   0.766107
-0.0529647 -0.0519422   0.766055 -0.0533799 -0.0528793   0.766106
-0.0529474 -0.0519025   0.766054 -0.0533607 -0.0528376   0.766105
-0.0529302 -0.0518628   0.766052 -0.0533415  -0.052796   0.766104
-0.0529129  -0.051823   0.766051 -0.0533223 -0.0527544   0.766103
-0.0528957 -0.0517833    0.76605 -0.0533031 -0.0527128   0.766102
-0.0528784 -0.0517436   0.766049 -0.0532839 -0.0526712   0.766101
-0.0528612 -0.0517039   0.766048 -0.0532647 -0.0526296     0.7661
-0.0528439 -0.0516642   0.766047 -0.0532455  -0.052588   0.766099
-0.0528267 -0.0516245   0.766045 -0.0532264 -0.0525464   0.766098
-0.0528095 -0.0515849   0.766044 -0.0532072 -0.0525048   0.766097
-0.0527922 -0.0515452   0.766043  -0.053188 -0.0524633   0.766096
 -0.052775 -0.0515055   0.766042 -0.0531688 -0.0524217   0.766095
-0.0527578 -0.0514659   0.766041 -0.0531497 -0.0523801   0.766094
-0.0527406 -0.0514262    0.76604 -0.0531305 -0.0523386   0.766093
-0.0527233 -0.0513866   0.766038 -0.0531114  -0.052297   0.766092
-0.0527061  -0.051347   0.766037 -0.0530922 -0.0522555   0.766091
-0.0526889 -0.0513073   0.766036 -0.0530731 -0.0522139    0.76609
-0.0526717 -0.0512677   0.766035 -0.0530539 -0.0521724   0.766089
-0.0526545 -0.0512281   0.766034 -0.0530348 -0.0521308   0.766088
-0.0526373 -0.0511885   0.766033 -0.0530157 -0.0520893   0.766087
-0.0526201 -0.0511489   0.766031 -0.0529965 -0.0520478   0.766086
-0.0526029 -0.0511094    0.76603 -0.0529774 -0.0520063   0.766085
-0.0525857 -0.0510698   0.766029 -0.0529583 -0.0519648   0.766084
-0.0525686 -0.0510302   0.766028 -0.0529392 -0.0519233   0.766083
-0.0525514 -0.0509907   0.766027   -0.05292 -0.0518818   0.766082
-0.0525342 -0.0509511   0.766026 -0.0529009 -0.0518403   0.766081
 -0.052517 -0.0509116   0.766024 -0.0528818 -0.0517988    0.76608
-0.0524999  -0.050872   0.766023 -0.0528627 -0.0517573   0.766079
-0.0524827 -0.0508325   0.766022 -0.0528436 -0.0517158   0.766078
-0.0524655  -0.050793   0.766021 -0.0528245 -0.0516744   0.766077
-0.0524484 -0.0507535    0.76602 -0.0528054 -0.0516329   0.766076
-0.0524312  -0.050714   0.766019 -0.0527864 -0.0515915   0.766075
-0.0524141 -0.0506745   0.766017 -0.0527673   -0.05155   0.766074
-0.0523969  -0.050635   0.766016 -0.0527482 -0.0515086   0.766073
-0.0523798 -0.0505956   0.766015 -0.0527291 -0.0514671   0.766072
-0.0523626 -0.0505561   0.766014   -0.05271 -0.0514257   0.766071
-0.0523455 -0.0505166   0.766013  -0.052691 -0.0513843    0.76607
-0.0523284 -0.0504772   0.766012 -0.0526719 -0.0513429   0.766069
-0.0523112 -0.0504378    0.76601 -0.0526529 -0.0513015   0.766068
-0.0522941 -0.0503983   0.766009 -0.0526338 -0.0512601   0.766067
 -0.052277 -0.0503589   0.766008 -0.0526148 -0.0512187   0.766065
-0.0522599 -0.0503195   0.766007 -0.0525957 -0.0511773   0.766064
-0.0522427 -0.0502801   0.766006 -0.0525767 -0.0511359   0.766063
-0.0522256 -0.0502407   0.766005 -0.0525577 -0.0510945   0.766062
-0.0522085 -0.0502013   0.766003 -0.0525386 -0.0510531   0.766061
-0.0521914 -0.0501619   0.766002 -0.0525196 -0.0510118    0.76606
-0.0521743 -0.0501226   0.766001 -0.0525006 -0.0509704   0.766059
-0.0521572 -0.0500832      0.766 -0.0524816 -0.0509291   0.766058
-0.0521402 -0.0500439   0.765999 -0.0524625 -0.0508877   0.766057
-0.0521231 -0.0500045   0.765998 -0.0524435 -0.0508464   0.766056
 -0.052106 -0.0499652   0.765996 -0.0524245 -0.0508051   0.766055
-0.0520889 -0.0499259   0.765995 -0.0524055 -0.0507638   0.766054
-0.0520718 -0.0498866   0.765994 -0.0523865 -0.0507225   0.766053
-0.0520548 -0.0498473   0.765993 -0.0523675 -0.0506812   0.766052
-0.0520377  -0.049808   0.765992 -0.0523485 -0.0506399   0.766051
-0.0520206 -0.0497687   0.765991 -0.0523296 -0.0505986    0.76605
-0.0520036 -0.0497295   0.765989 -0.0523106 -0.0505573   0.766049
-0.0519865 -0.0496902   0.765988 -0.0522916  -0.050516   0.766048
-0.0519695 -0.0496509   0.765987 -0.0522726 -0.0504748   0.766047
-0.0519524 -0.0496117   0.765986 -0.0522537 -0.0504335   0.766046
-0.0519354 -0.0495725   0.765985 -0.0522347 -0.0503923   0.766045
-0.0519184 -0.0495333   0.765984 -0.0522157  -0.050351   0.766044
-0.0519013  -0.049494   0.765982 -0.0521968 -0.0503098   0.766043
-0.0518843 -0.0494548   0.765981 -0.0521778 -0.0502686   0.766042
-0.0518673 -0.0494156    0.76598 -0.0521589 -0.0502273   0.766041
-0.0518503 -0.0493765   0.765979 -0.0521399 -0.0501861    0.76604
-0.0518332 -0.0493373   0.765978  -0.052121 -0.0501449   0.766038
-0.0518162 -0.0492981   0.765977 -0.0521021 -0.0501037   0.766037
-0.0517992  -0.049259   0.765976 -0.0520832 -0.0500626   0.766036
-0.0517822 -0.0492198   0.765974 -0.0520642 -0.0500214   0.766035
-0.0517652 -0.0491807   0.765973 -0.0520453 -0.0499802   0.766034
-0.0517482 -0.0491416   0.765972 -0.0520264 -0.0499391   0.766033
-0.0517313 -0.0491025   0.765971 -0.0520075 -0.0498979   0.766032
-0.0517143 -0.0490634    0.76597 -0.0519886 -0.0498568   0.766031
-0.0516973 -0.0490243   0.765969 -0.0519697 -0.0498156    0.76603
-0.0516803 -0.0489852   0.765967 -0.0519508 -0.0497745   0.766029
-0.0516633 -0.0489461   0.765966 -0.0519319 -0.0497334   0.766028
-0.0516464 -0.0489071   0.765965  -0.051913 -0.0496923   0.766027
-0.0516294  -0.048868   0.765964 -0.0518941 -0.0496512   0.766026
-0.0516125  -0.048829   0.765963 -0.0518752 -0.0496101   0.766025
-0.0515955 -0.0487899   0.765962 -0.0518564  -0.049569   0.766024
-0.0515786 -0.0487509   0.765961 -0.0518375 -0.0495279   0.766023
-0.0515616 -0.0487119   0.765959 -0.0518186 -0.0494869   0.766022
-0.0515447 -0.0486729   0.765958 -0.0517998 -0.0494458   0.766021
-0.0515277 -0.0486339   0.765957 -0.0517809 -0.0494048    0.76602
-0.0515108  -0.048595   0.765956  -0.051762 -0.0493637   0.766019
-0.0514939  -0.048556   0.765955 -0.0517432 -0.0493227   0.766018
-0.051477 -0.048517  0.765954 -0.0517244 -0.0492817   0.766017
-0.0514601 -0.0484781   0.765952 -0.0517055 -0.0492407   0.766015
-0.0514432 -0.0484392   0.765951 -0.0516867 -0.0491997   0.766014
-0.0514262 -0.0484002    0.76595 -0.0516678 -0.0491587   0.766013
-0.0514093 -0.0483613   0.765949  -0.051649 -0.0491177   0.766012
-0.0513924 -0.0483224   0.765948 -0.0516302 -0.0490767   0.766011
-0.0513756 -0.0482835   0.765947 -0.0516114 -0.0490358    0.76601
-0.0513587 -0.0482447   0.765946 -0.0515926 -0.0489948   0.766009
-0.0513418 -0.0482058   0.765944 -0.0515738 -0.0489539   0.766008
-0.0513249 -0.0481669   0.765943  -0.051555 -0.0489129   0.766007
 -0.051308 -0.0481281   0.765942 -0.0515362  -0.048872   0.766006
-0.0512912 -0.0480893   0.765941 -0.0515174 -0.0488311   0.766005
-0.0512743 -0.0480504    0.76594 -0.0514986 -0.0487902   0.766004
-0.0512575 -0.0480116   0.765939 -0.0514798 -0.0487493   0.766003
-0.0512406 -0.0479728   0.765938  -0.051461 -0.0487084   0.766002
-0.0512238  -0.047934   0.765936 -0.0514423 -0.0486675   0.766001
-0.0512069 -0.0478953   0.765935 -0.0514235 -0.0486267      0.766
-0.0511901 -0.0478565   0.765934 -0.0514047 -0.0485858   0.765999
-0.0511732 -0.0478177   0.765933 -0.051386 -0.048545  0.765998
-0.0511564  -0.047779   0.765932 -0.0513672 -0.0485041   0.765997
-0.0511396 -0.0477403   0.765931 -0.0513485 -0.0484633   0.765996
-0.0511228 -0.0477015    0.76593 -0.0513297 -0.0484225   0.765995
 -0.051106 -0.0476628   0.765928  -0.051311 -0.0483817   0.765993
-0.0510892 -0.0476241   0.765927 -0.0512922 -0.0483409   0.765992
-0.0510723 -0.0475854   0.765926 -0.0512735 -0.0483001   0.765991
-0.0510556 -0.0475468   0.765925 -0.0512548 -0.0482593    0.76599
-0.0510388 -0.0475081   0.765924 -0.0512361 -0.0482186   0.765989
 -0.051022 -0.0474695   0.765923 -0.0512174 -0.0481778   0.765988
-0.0510052 -0.0474308   0.765922 -0.0511986 -0.0481371   0.765987
-0.0509884 -0.0473922    0.76592 -0.0511799 -0.0480963   0.765986
-0.0509716 -0.0473536   0.765919 -0.0511612 -0.0480556   0.765985
-0.0509549  -0.047315   0.765918 -0.0511425 -0.0480149   0.765984
-0.0509381 -0.0472764   0.765917 -0.0511238 -0.0479742   0.765983
-0.0509214 -0.0472378   0.765916 -0.0511051 -0.0479335   0.765982
-0.0509046 -0.0471992   0.765915 -0.0510865 -0.0478928   0.765981
-0.0508879 -0.0471607   0.765914 -0.0510678 -0.0478522    0.76598
-0.0508711 -0.0471221   0.765912 -0.0510491 -0.0478115   0.765979
-0.0508544 -0.0470836   0.765911 -0.0510305 -0.0477709   0.765978
-0.0508377 -0.0470451    0.76591 -0.0510118 -0.0477302   0.765977
-0.0508209 -0.0470066   0.765909 -0.0509931 -0.0476896   0.765976
-0.0508042 -0.0469681   0.765908 -0.0509745  -0.047649   0.765975
-0.0507875 -0.0469296   0.765907 -0.0509558 -0.0476084   0.765974
-0.0507708 -0.0468912   0.765906 -0.0509372 -0.0475678   0.765973
-0.0507541 -0.0468527   0.765904 -0.0509185 -0.0475272   0.765972
-0.0507374 -0.0468143   0.765903 -0.0508999 -0.0474866    0.76597
-0.0507207 -0.0467758   0.765902 -0.0508813 -0.0474461   0.765969
 -0.050704 -0.0467374   0.765901 -0.0508626 -0.0474055   0.765968
-0.0506873  -0.046699     0.7659 -0.050844 -0.047365  0.765967
-0.0506706 -0.0466606   0.765899 -0.0508254 -0.0473245   0.765966
 -0.050654 -0.0466222   0.765898 -0.0508068  -0.047284   0.765965
-0.0506373 -0.0465839   0.765896 -0.0507882 -0.0472435   0.765964
-0.0506207 -0.0465455   0.765895 -0.0507696  -0.047203   0.765963
 -0.050604 -0.0465072   0.765894  -0.050751 -0.0471625   0.765962
-0.0505874 -0.0464688   0.765893 -0.0507324  -0.047122   0.765961
-0.0505707 -0.0464305   0.765892 -0.0507138 -0.0470816    0.76596
-0.0505541 -0.0463922   0.765891 -0.0506952 -0.0470411   0.765959
-0.0505374 -0.0463539    0.76589 -0.0506766 -0.0470007   0.765958
-0.0505208 -0.0463156   0.765889 -0.0506581 -0.0469603   0.765957
-0.0505042 -0.0462774   0.765887 -0.0506395 -0.0469198   0.765956
-0.0504876 -0.0462391   0.765886 -0.0506209 -0.0468794   0.765955
 -0.050471 -0.0462009   0.765885 -0.0506024 -0.0468391   0.765954
-0.0504544 -0.0461626   0.765884 -0.0505838 -0.0467987   0.765953
-0.0504378 -0.0461244   0.765883 -0.0505653 -0.0467583   0.765952
-0.0504212 -0.0460862   0.765882 -0.0505467  -0.046718   0.765951
-0.0504046  -0.046048   0.765881 -0.0505282 -0.0466776    0.76595
 -0.050388 -0.0460099    0.76588 -0.0505097 -0.0466373   0.765949
-0.0503714 -0.0459717   0.765878 -0.0504911  -0.046597   0.765948
-0.0503549 -0.0459336   0.765877 -0.0504726 -0.0465567   0.765947
-0.0503383 -0.0458954   0.765876 -0.0504541 -0.0465164   0.765945
-0.0503217 -0.0458573   0.765875 -0.0504356 -0.0464761   0.765944
-0.0503052 -0.0458192   0.765874 -0.0504171 -0.0464358   0.765943
-0.0502886 -0.0457811   0.765873 -0.0503986 -0.0463956   0.765942
-0.0502721  -0.045743   0.765872 -0.0503801 -0.0463553   0.765941
-0.0502556  -0.045705    0.76587 -0.0503616 -0.0463151    0.76594
 -0.050239 -0.0456669   0.765869 -0.0503431 -0.0462749   0.765939
-0.0502225 -0.0456289   0.765868 -0.0503246 -0.0462347   0.765938
 -0.050206 -0.0455908   0.765867 -0.0503061 -0.0461945   0.765937
-0.0501895 -0.0455528   0.765866 -0.0502877 -0.0461543   0.765936
 -0.050173 -0.0455148   0.765865 -0.0502692 -0.0461141   0.765935
-0.0501565 -0.0454768   0.765864 -0.0502507  -0.046074   0.765934
  -0.05014 -0.0454389   0.765863 -0.0502323 -0.0460338   0.765933
-0.0501235 -0.0454009   0.765862 -0.0502138 -0.0459937   0.765932
-0.050107 -0.045363   0.76586 -0.0501954 -0.0459536   0.765931
-0.0500906  -0.045325   0.765859 -0.0501769 -0.0459135    0.76593
-0.0500741 -0.0452871   0.765858 -0.0501585 -0.0458734   0.765929
-0.0500576 -0.0452492   0.765857 -0.0501401 -0.0458333   0.765928
-0.0500412 -0.0452113   0.765856 -0.0501216 -0.0457932   0.765927
-0.0500247 -0.0451734   0.765855 -0.0501032 -0.0457531   0.765926
-0.0500083 -0.0451356   0.765854 -0.0500848 -0.0457131   0.765925
-0.0499918 -0.0450977   0.765853 -0.0500664 -0.0456731   0.765924
-0.0499754 -0.0450599   0.765851  -0.050048 -0.0456331   0.765923
 -0.049959 -0.0450221    0.76585 -0.0500296  -0.045593   0.765922
-0.0499426 -0.0449843   0.765849 -0.0500112  -0.045553   0.765921
-0.0499261 -0.0449465   0.765848 -0.0499928 -0.0455131    0.76592
-0.0499097 -0.0449087   0.765847 -0.0499744 -0.0454731   0.765919
-0.0498933  -0.044871   0.765846  -0.049956 -0.0454331   0.765917
-0.0498769 -0.0448332   0.765845 -0.0499377 -0.0453932   0.765916
-0.0498605 -0.0447955   0.765844 -0.0499193 -0.0453533   0.765915
-0.0498442 -0.0447578   0.765842  -0.049901 -0.0453133   0.765914
-0.0498278 -0.0447201   0.765841 -0.0498826 -0.0452734   0.765913
-0.0498114 -0.0446824    0.76584 -0.0498643 -0.0452336   0.765912
-0.0497951 -0.0446447   0.765839 -0.0498459 -0.0451937   0.765911
-0.0497787  -0.044607   0.765838 -0.0498276 -0.0451538    0.76591
-0.0497623 -0.0445694   0.765837 -0.0498092  -0.045114   0.765909
 -0.049746 -0.0445318   0.765836 -0.0497909 -0.0450741   0.765908
-0.0497297 -0.0444941   0.765835 -0.0497726 -0.0450343   0.765907
-0.0497133 -0.0444565   0.765834 -0.0497543 -0.0449945   0.765906
 -0.049697 -0.0444189   0.765832 -0.0497359 -0.0449547   0.765905
-0.0496807 -0.0443814   0.765831 -0.0497176 -0.0449149   0.765904
-0.0496644 -0.0443438    0.76583 -0.0496993 -0.0448751   0.765903
-0.0496481 -0.0443063   0.765829  -0.049681 -0.0448354   0.765902
-0.0496318 -0.0442688   0.765828 -0.0496628 -0.0447956   0.765901
-0.0496155 -0.0442312   0.765827 -0.0496445 -0.0447559     0.7659
-0.0495992 -0.0441937   0.765826 -0.0496262 -0.0447162   0.765899
-0.0495829 -0.0441563   0.765825 -0.0496079 -0.0446765   0.765898
-0.0495666 -0.0441188   0.765824 -0.0495897 -0.0446368   0.765897
-0.0495504 -0.0440813   0.765823 -0.0495714 -0.0445971   0.765896
-0.0495341 -0.0440439   0.765821 -0.0495531 -0.0445574   0.765895
-0.0495179 -0.0440065    0.76582 -0.0495349 -0.0445178   0.765894
-0.0495016 -0.0439691   0.765819 -0.0495166 -0.0444782   0.765893
-0.0494854 -0.0439317   0.765818 -0.0494984 -0.0444385   0.765892
-0.0494691 -0.0438943   0.765817 -0.0494802 -0.0443989   0.765891
-0.0494529 -0.0438569   0.765816 -0.0494619 -0.0443593    0.76589
-0.0494367 -0.0438196   0.765815 -0.0494437 -0.0443197   0.765889
-0.0494205 -0.0437823   0.765814 -0.0494255 -0.0442802   0.765888
-0.0494043 -0.0437449   0.765813 -0.0494073 -0.0442406   0.765887
-0.0493881 -0.0437076   0.765811 -0.0493891 -0.0442011   0.765886
-0.0493719 -0.0436704    0.76581 -0.0493709 -0.0441616   0.765885
-0.0493557 -0.0436331   0.765809 -0.0493527  -0.044122   0.765884
-0.0493395 -0.0435958   0.765808 -0.0493345 -0.0440826   0.765883
-0.0493233 -0.0435586   0.765807 -0.0493163 -0.0440431   0.765882
-0.0493072 -0.0435214   0.765806 -0.0492981 -0.0440036   0.765881
 -0.049291 -0.0434842   0.765805   -0.04928 -0.0439641   0.765879
-0.0492748  -0.043447   0.765804 -0.0492618 -0.0439247   0.765878
-0.0492587 -0.0434098   0.765803 -0.0492437 -0.0438853   0.765877
-0.0492426 -0.0433726   0.765802 -0.0492255 -0.0438459   0.765876
-0.0492264 -0.0433355     0.7658 -0.0492073 -0.0438065   0.765875
-0.0492103 -0.0432984   0.765799 -0.0491892 -0.0437671   0.765874
-0.0491942 -0.0432613   0.765798 -0.0491711 -0.0437277   0.765873
-0.0491781 -0.0432242   0.765797  -0.049153 -0.0436884   0.765872
 -0.049162 -0.0431871   0.765796 -0.0491348  -0.043649   0.765871
-0.0491459   -0.04315   0.765795 -0.0491167 -0.0436097    0.76587
-0.0491298  -0.043113   0.765794 -0.0490986 -0.0435704   0.765869
-0.0491137 -0.0430759   0.765793 -0.0490805 -0.0435311   0.765868
-0.0490976 -0.0430389   0.765792 -0.0490624 -0.0434918   0.765867
-0.0490815 -0.0430019   0.765791 -0.0490443 -0.0434525   0.765866
-0.0490655 -0.0429649    0.76579 -0.0490262 -0.0434133   0.765865
-0.0490494  -0.042928   0.765788 -0.0490081  -0.043374   0.765864
-0.0490334  -0.042891   0.765787 -0.0489901 -0.0433348   0.765863
-0.0490173 -0.0428541   0.765786  -0.048972 -0.0432956   0.765862
-0.0490013 -0.0428172   0.765785 -0.0489539 -0.0432564   0.765861
-0.0489853 -0.0427803   0.765784 -0.0489359 -0.0432172    0.76586
-0.0489692 -0.0427434   0.765783 -0.0489178 -0.0431781   0.765859
-0.0489532 -0.0427065   0.765782 -0.0488998 -0.0431389   0.765858
-0.0489372 -0.0426697   0.765781 -0.0488817 -0.0430998   0.765857
-0.0489212 -0.0426328    0.76578 -0.0488637 -0.0430606   0.765856
-0.0489052  -0.042596   0.765779 -0.0488457 -0.0430215   0.765855
-0.0488892 -0.0425592   0.765778 -0.0488276 -0.0429824   0.765854
-0.0488733 -0.0425224   0.765776 -0.0488096 -0.0429434   0.765853
-0.0488573 -0.0424856   0.765775 -0.0487916 -0.0429043   0.765852
-0.0488413 -0.0424489   0.765774 -0.0487736 -0.0428653   0.765851
-0.0488254 -0.0424121   0.765773 -0.0487556 -0.0428262    0.76585
-0.0488094 -0.0423754   0.765772 -0.0487376 -0.0427872   0.765849
-0.0487935 -0.0423387   0.765771 -0.0487197 -0.0427482   0.765848
-0.0487775  -0.042302    0.76577 -0.0487017 -0.0427092   0.765847
-0.0487616 -0.0422654   0.765769 -0.0486837 -0.0426703   0.765846
-0.0487457 -0.0422287   0.765768 -0.0486657 -0.0426313   0.765845
-0.0487298 -0.0421921   0.765767 -0.0486478 -0.0425924   0.765844
-0.0487139 -0.0421554   0.765766 -0.0486298 -0.0425534   0.765843
 -0.048698 -0.0421188   0.765765 -0.0486119 -0.0425145   0.765842
-0.0486821 -0.0420823   0.765763 -0.0485939 -0.0424756   0.765841
-0.0486662 -0.0420457   0.765762  -0.048576 -0.0424367    0.76584
-0.0486503 -0.0420091   0.765761 -0.0485581 -0.0423979   0.765839
-0.0486344 -0.0419726    0.76576 -0.0485402  -0.042359   0.765838
-0.0486186 -0.0419361   0.765759 -0.0485222 -0.0423202   0.765837
-0.0486027 -0.0418996   0.765758 -0.0485043 -0.0422814   0.765836
-0.0485869 -0.0418631   0.765757 -0.0484864 -0.0422426   0.765835
 -0.048571 -0.0418266   0.765756 -0.0484685 -0.0422038   0.765834
-0.0485552 -0.0417902   0.765755 -0.0484507  -0.042165   0.765833
-0.0485394 -0.0417537   0.765754 -0.0484328 -0.0421263   0.765832
-0.0485236 -0.0417173   0.765753 -0.0484149 -0.0420875   0.765831
-0.0485078 -0.0416809   0.765752  -0.048397 -0.0420488    0.76583
 -0.048492 -0.0416445    0.76575 -0.0483791 -0.0420101   0.765829
-0.0484762 -0.0416082   0.765749 -0.0483613 -0.0419714   0.765828
-0.0484604 -0.0415718   0.765748 -0.0483434 -0.0419327   0.765827
-0.0484446 -0.0415355   0.765747 -0.0483256 -0.0418941   0.765826
-0.0484288 -0.0414992   0.765746 -0.0483078 -0.0418554   0.765825
-0.0484131 -0.0414629   0.765745 -0.0482899 -0.0418168   0.765824
-0.0483973 -0.0414266   0.765744 -0.0482721 -0.0417782   0.765823
-0.0483816 -0.0413904   0.765743 -0.0482543 -0.0417396   0.765822
-0.0483658 -0.0413541   0.765742 -0.0482365  -0.041701   0.765821
-0.0483501 -0.0413179   0.765741 -0.0482187 -0.0416624    0.76582
-0.0483344 -0.0412817    0.76574 -0.0482009 -0.0416239   0.765819
-0.0483186 -0.0412455   0.765739 -0.0481831 -0.0415854   0.765818
-0.0483029 -0.0412094   0.765738 -0.0481653 -0.0415468   0.765817
-0.0482872 -0.0411732   0.765737 -0.0481475 -0.0415083   0.765816
-0.0482715 -0.0411371   0.765735 -0.0481298 -0.0414698   0.765815
-0.0482559 -0.0411009   0.765734  -0.048112 -0.0414314   0.765814
-0.0482402 -0.0410649   0.765733 -0.0480942 -0.0413929   0.765813
-0.0482245 -0.0410288   0.765732 -0.0480765 -0.0413545   0.765812
-0.0482088 -0.0409927   0.765731 -0.0480587 -0.0413161   0.765811
-0.0481932 -0.0409567    0.76573  -0.048041 -0.0412777    0.76581
-0.0481775 -0.0409206   0.765729 -0.0480233 -0.0412393   0.765809
-0.0481619 -0.0408846   0.765728 -0.0480056 -0.0412009   0.765808
-0.0481463 -0.0408486   0.765727 -0.0479878 -0.0411626   0.765807
-0.0481306 -0.0408127   0.765726 -0.0479701 -0.0411242   0.765806
 -0.048115 -0.0407767   0.765725 -0.0479524 -0.0410859   0.765805
-0.0480994 -0.0407408   0.765724 -0.0479347 -0.0410476   0.765804
-0.0480838 -0.0407049   0.765723 -0.0479171 -0.0410093   0.765803
-0.0480682  -0.040669   0.765722 -0.0478994  -0.040971   0.765802
-0.0480526 -0.0406331   0.765721 -0.0478817 -0.0409328   0.765801
-0.0480371 -0.0405972    0.76572  -0.047864 -0.0408945     0.7658
-0.0480215 -0.0405614   0.765718 -0.0478464 -0.0408563   0.765799
-0.0480059 -0.0405256   0.765717 -0.0478287 -0.0408181   0.765798
-0.0479904 -0.0404898   0.765716  -0.047811 -0.0407799   0.765797
-0.0479748  -0.040454   0.765715 -0.0477934 -0.0407418   0.765796
-0.0479593 -0.0404182   0.765714 -0.0477758 -0.0407036   0.765795
-0.0479438 -0.0403824   0.765713 -0.0477582 -0.0406655   0.765794
-0.0479283 -0.0403467   0.765712 -0.0477405 -0.0406273   0.765793
-0.0479127  -0.040311   0.765711 -0.0477229 -0.0405892   0.765792
-0.0478972 -0.0402753    0.76571 -0.0477053 -0.0405511   0.765791
-0.0478817 -0.0402396   0.765709 -0.0476877 -0.0405131    0.76579
-0.0478663  -0.040204   0.765708 -0.0476701  -0.040475   0.765789
-0.0478508 -0.0401683   0.765707 -0.0476525  -0.040437   0.765788
-0.0478353 -0.0401327   0.765706 -0.047635 -0.040399  0.765787
-0.0478198 -0.0400971   0.765705 -0.0476174  -0.040361   0.765786
-0.0478044 -0.0400615   0.765704 -0.0475998  -0.040323   0.765785
-0.0477889  -0.040026   0.765703 -0.0475823  -0.040285   0.765784
-0.0477735 -0.0399904   0.765702 -0.0475647 -0.0402471   0.765783
-0.0477581 -0.0399549   0.765701 -0.0475472 -0.0402091   0.765782
-0.0477427 -0.0399194   0.765699 -0.0475296 -0.0401712   0.765781
-0.0477272 -0.0398839   0.765698 -0.0475121 -0.0401333    0.76578
-0.0477118 -0.0398484   0.765697 -0.0474946 -0.0400954   0.765779
-0.0476964  -0.039813   0.765696 -0.0474771 -0.0400576   0.765778
 -0.047681 -0.0397776   0.765695 -0.0474596 -0.0400197   0.765777
-0.0476657 -0.0397421   0.765694 -0.0474421 -0.0399819   0.765776
-0.0476503 -0.0397067   0.765693 -0.0474246 -0.0399441   0.765775
-0.0476349 -0.0396714   0.765692 -0.0474071 -0.0399063   0.765774
-0.0476196  -0.039636   0.765691 -0.0473896 -0.0398685   0.765773
-0.0476042 -0.0396007    0.76569 -0.0473722 -0.0398307   0.765772
-0.0475889 -0.0395654   0.765689 -0.0473547  -0.039793   0.765771
-0.0475736 -0.0395301   0.765688 -0.0473372 -0.0397553    0.76577
-0.0475582 -0.0394948   0.765687 -0.0473198 -0.0397176   0.765769
-0.0475429 -0.0394595   0.765686 -0.0473024 -0.0396799   0.765768
-0.0475276 -0.0394243   0.765685 -0.0472849 -0.0396422   0.765767
-0.0475123 -0.0393891   0.765684 -0.0472675 -0.0396046   0.765766
 -0.047497 -0.0393539   0.765683 -0.0472501 -0.0395669   0.765765
-0.0474818 -0.0393187   0.765682 -0.0472326 -0.0395293   0.765764
-0.0474665 -0.0392836   0.765681 -0.0472152 -0.0394917   0.765763
-0.0474512 -0.0392484    0.76568 -0.0471978 -0.0394542   0.765762
 -0.047436 -0.0392133   0.765679 -0.0471804 -0.0394167   0.765761
-0.0474207 -0.0391782   0.765678  -0.047163 -0.0393792    0.76576
-0.0474055 -0.0391431   0.765677 -0.0471456 -0.0393418   0.765759
-0.0473903  -0.039108   0.765676 -0.0471282 -0.0393044   0.765758
-0.047375 -0.039073  0.765674 -0.0471109 -0.0392671   0.765757
-0.0473598  -0.039038   0.765673 -0.0470935 -0.0392298   0.765756
-0.0473446  -0.039003   0.765672 -0.0470762 -0.0391926   0.765755
-0.0473294  -0.038968   0.765671 -0.0470589 -0.0391553   0.765754
-0.0473142  -0.038933    0.76567 -0.0470416 -0.0391181   0.765754
-0.0472991 -0.0388981   0.765669 -0.0470244 -0.0390809   0.765753
-0.0472839 -0.0388632   0.765668 -0.0470071 -0.0390437   0.765752
-0.0472687 -0.0388283   0.765667 -0.0469899 -0.0390065   0.765751
-0.0472536 -0.0387934   0.765666 -0.0469727 -0.0389692    0.76575
-0.0472384 -0.0387585   0.765665 -0.0469555  -0.038932   0.765749
-0.0472233 -0.0387237   0.765664 -0.0469382 -0.0388948   0.765748
-0.0472082 -0.0386889   0.765663  -0.046921 -0.0388576   0.765747
-0.0471931 -0.0386541   0.765662 -0.0469038 -0.0388204   0.765746
 -0.047178 -0.0386193   0.765661 -0.0468866 -0.0387833   0.765745
-0.0471629 -0.0385845    0.76566 -0.0468695 -0.0387462   0.765744
-0.0471478 -0.0385498   0.765659 -0.0468523 -0.0387091   0.765743
-0.0471327 -0.0385151   0.765658 -0.0468352  -0.038672   0.765742
-0.0471176 -0.0384804   0.765657 -0.0468181  -0.038635   0.765741
-0.0471026 -0.0384457   0.765656 -0.046801 -0.038598   0.76574
-0.0470875  -0.038411   0.765655 -0.0467839  -0.038561   0.765739
-0.0470725 -0.0383764   0.765654 -0.0467667  -0.038524   0.765738
-0.0470574 -0.0383418   0.765653 -0.0467496  -0.038487   0.765737
-0.0470424 -0.0383072   0.765652 -0.0467325   -0.03845   0.765737
-0.0470274 -0.0382726   0.765651 -0.0467154  -0.038413   0.765736
-0.0470124  -0.038238    0.76565 -0.0466984 -0.0383761   0.765735
-0.0469974 -0.0382035   0.765649 -0.0466813 -0.0383392   0.765734
-0.0469824  -0.038169   0.765648 -0.0466643 -0.0383023   0.765733
-0.0469674 -0.0381345   0.765647 -0.0466473 -0.0382655   0.765732
-0.0469524    -0.0381   0.765646 -0.0466303 -0.0382286   0.765731
-0.0469375 -0.0380656   0.765645 -0.0466132 -0.0381918    0.76573
-0.0469225 -0.0380311   0.765644 -0.0465962  -0.038155   0.765729
-0.0469076 -0.0379967   0.765643 -0.0465792 -0.0381182   0.765728
-0.0468926 -0.0379623   0.765642 -0.0465622 -0.0380815   0.765727
-0.0468777 -0.0379279   0.765641 -0.0465452 -0.0380447   0.765726
-0.0468628 -0.0378936    0.76564 -0.0465283  -0.038008   0.765725
-0.0468479 -0.0378593   0.765639 -0.0465113 -0.0379712   0.765724
-0.046833 -0.037825  0.765638 -0.0464943 -0.0379345   0.765723
-0.0468181 -0.0377907   0.765637 -0.0464774 -0.0378979   0.765723
-0.0468032 -0.0377564   0.765636 -0.0464605 -0.0378613   0.765722
-0.0467883 -0.0377222   0.765635 -0.0464436 -0.0378246   0.765721
-0.0467734 -0.0376879   0.765634 -0.0464267 -0.0377881    0.76572
-0.0467586 -0.0376537   0.765633 -0.0464098 -0.0377515   0.765719
-0.0467437 -0.0376195   0.765632 -0.0463929 -0.0377149   0.765718
-0.0467289 -0.0375854   0.765631  -0.046376 -0.0376784   0.765717
-0.0467141 -0.0375512   0.765629 -0.0463591 -0.0376419   0.765716
-0.0466992 -0.0375171   0.765628 -0.0463422 -0.0376054   0.765715
-0.0466844  -0.037483   0.765627 -0.0463253 -0.0375689   0.765714
-0.0466696 -0.0374489   0.765626 -0.0463085 -0.0375324   0.765713
-0.0466548 -0.0374149   0.765625 -0.0462916  -0.037496   0.765712
-0.0466401 -0.0373809   0.765624 -0.0462748 -0.0374596   0.765711
-0.0466253 -0.0373468   0.765623  -0.046258 -0.0374232    0.76571
-0.0466105 -0.0373129   0.765622 -0.0462412 -0.0373869   0.765709
-0.0465958 -0.0372789   0.765621 -0.0462244 -0.0373505   0.765708
 -0.046581 -0.0372449    0.76562 -0.0462076 -0.0373142   0.765708
-0.0465663  -0.037211   0.765619 -0.0461908 -0.0372779   0.765707
-0.0465516 -0.0371771   0.765618  -0.046174 -0.0372417   0.765706
-0.0465368 -0.0371432   0.765617 -0.0461572 -0.0372054   0.765705
-0.0465221 -0.0371094   0.765616 -0.0461405 -0.0371692   0.765704
-0.0465074 -0.0370755   0.765615 -0.0461237  -0.037133   0.765703
-0.0464927 -0.0370417   0.765614  -0.046107 -0.0370968   0.765702
-0.0464781 -0.0370079   0.765613 -0.0460903 -0.0370606   0.765701
-0.0464634 -0.0369741   0.765612 -0.0460735 -0.0370245     0.7657
-0.0464487 -0.0369404   0.765611 -0.0460568 -0.0369883   0.765699
-0.0464341 -0.0369066    0.76561 -0.0460401 -0.0369522   0.765698
-0.0464194 -0.0368729   0.765609 -0.0460234 -0.0369161   0.765697
-0.0464048 -0.0368392   0.765608 -0.0460067 -0.0368801   0.765696
-0.0463902 -0.0368056   0.765607 -0.0459901 -0.0368441   0.765695
-0.0463756 -0.0367719   0.765606 -0.0459734 -0.0368081   0.765694
 -0.046361 -0.0367383   0.765605 -0.0459567 -0.0367721   0.765693
-0.0463464 -0.0367047   0.765604 -0.0459401 -0.0367361   0.765692
-0.0463318 -0.0366711   0.765603 -0.0459234 -0.0367002   0.765691
-0.0463172 -0.0366376   0.765602 -0.0459068 -0.0366643    0.76569
-0.0463026  -0.036604   0.765602 -0.0458902 -0.0366283   0.765689
-0.0462881 -0.0365705   0.765601 -0.0458736 -0.0365925   0.765689
-0.0462735  -0.036537     0.7656  -0.045857 -0.0365566   0.765688
 -0.046259 -0.0365035   0.765599 -0.0458404 -0.0365208   0.765687
-0.0462445 -0.0364701   0.765598 -0.0458238  -0.036485   0.765686
  -0.04623 -0.0364367   0.765597 -0.0458073 -0.0364492   0.765685
-0.0462155 -0.0364033   0.765596 -0.0457907 -0.0364134   0.765684
 -0.046201 -0.0363699   0.765595 -0.0457742 -0.0363777   0.765683
-0.0461865 -0.0363365   0.765594 -0.0457576  -0.036342   0.765682
 -0.046172 -0.0363032   0.765593 -0.0457411 -0.0363063   0.765681
-0.0461575 -0.0362699   0.765592 -0.0457246 -0.0362706    0.76568
-0.0461431 -0.0362366   0.765591 -0.0457081 -0.0362349   0.765679
-0.0461286 -0.0362033    0.76559 -0.0456916 -0.0361993   0.765678
-0.0461142 -0.0361701   0.765589 -0.0456751 -0.0361637   0.765677
-0.0460997 -0.0361368   0.765588 -0.0456586 -0.0361281   0.765676
-0.0460853 -0.0361036   0.765587 -0.0456422 -0.0360926   0.765675
-0.0460709 -0.0360705   0.765586 -0.0456257  -0.036057   0.765674
-0.0460565 -0.0360373   0.765585 -0.0456093 -0.0360215   0.765673
-0.0460421 -0.0360042   0.765584 -0.0455928  -0.035986   0.765672
-0.0460277  -0.035971   0.765583 -0.0455764 -0.0359505   0.765671
-0.0460133  -0.035938   0.765582   -0.04556 -0.0359151    0.76567
 -0.045999 -0.0359049   0.765581 -0.0455436 -0.0358797   0.765669
-0.0459846 -0.0358718    0.76558 -0.0455272 -0.0358443   0.765669
-0.0459703 -0.0358388   0.765579 -0.0455108 -0.0358089   0.765668
 -0.045956 -0.0358058   0.765578 -0.0454944 -0.0357735   0.765667
-0.0459416 -0.0357728   0.765577  -0.045478 -0.0357382   0.765666
-0.0459273 -0.0357399   0.765576 -0.0454616 -0.0357029   0.765665
-0.045913 -0.035707  0.765575 -0.0454453 -0.0356676   0.765664
-0.0458987 -0.0356741   0.765574 -0.0454289 -0.0356324   0.765663
-0.0458844 -0.0356412   0.765573 -0.0454126 -0.0355971   0.765662
-0.0458702 -0.0356083   0.765572 -0.0453962 -0.0355619   0.765661
-0.0458559 -0.0355755   0.765571 -0.0453799 -0.0355267    0.76566
-0.0458416 -0.0355426    0.76557 -0.0453636 -0.0354915   0.765659
-0.0458274 -0.0355099   0.765569 -0.0453473 -0.0354564   0.765658
-0.0458132 -0.0354771   0.765568  -0.045331 -0.0354213   0.765657
-0.0457989 -0.0354443   0.765567 -0.0453147 -0.0353862   0.765656
-0.0457847 -0.0354116   0.765566 -0.0452984 -0.0353511   0.765655
-0.0457705 -0.0353789   0.765565 -0.0452822 -0.0353161   0.765654
-0.0457563 -0.0353462   0.765564 -0.0452659  -0.035281   0.765653
-0.0457422 -0.0353136   0.765563 -0.0452497  -0.035246   0.765652
 -0.045728 -0.0352809   0.765562 -0.0452334 -0.0352111   0.765651
-0.0457138 -0.0352483   0.765561 -0.0452172 -0.0351761    0.76565
-0.0456997 -0.0352157    0.76556 -0.0452009 -0.0351412   0.765649
-0.0456855 -0.0351832    0.76556 -0.0451847 -0.0351063   0.765648
-0.0456714 -0.0351506   0.765559 -0.0451685 -0.0350714   0.765647
-0.0456573 -0.0351181   0.765558 -0.0451523 -0.0350365   0.765647
-0.0456431 -0.0350856   0.765557 -0.0451361 -0.0350017   0.765646
 -0.045629 -0.0350532   0.765556 -0.0451199 -0.0349669   0.765645
 -0.045615 -0.0350207   0.765555 -0.0451038 -0.0349321   0.765644
-0.0456009 -0.0349883   0.765554 -0.0450876 -0.0348973   0.765643
-0.0455868 -0.0349559   0.765553 -0.0450715 -0.0348626   0.765642
-0.0455727 -0.0349235   0.765552 -0.0450553 -0.0348278   0.765641
-0.0455587 -0.0348912   0.765551 -0.0450392 -0.0347931    0.76564
-0.0455446 -0.0348588    0.76555 -0.0450231 -0.0347585   0.765639
-0.0455306 -0.0348265   0.765549 -0.0450069 -0.0347238   0.765638
-0.0455166 -0.0347942   0.765548 -0.0449908 -0.0346892   0.765637
-0.0455026  -0.034762   0.765547 -0.0449747 -0.0346546   0.765636
-0.0454886 -0.0347297   0.765546 -0.0449587   -0.03462   0.765635
-0.0454746 -0.0346975   0.765545 -0.0449426 -0.0345854   0.765634
-0.0454606 -0.0346654   0.765544 -0.0449265 -0.0345509   0.765633
-0.0454466 -0.0346332   0.765543 -0.0449105 -0.0345164   0.765632
-0.0454327  -0.034601   0.765542 -0.0448944 -0.0344819   0.765631
-0.0454187 -0.0345689   0.765541 -0.0448784 -0.0344474    0.76563
-0.0454048 -0.0345368    0.76554 -0.0448624  -0.034413   0.765629
-0.0453909 -0.0345048   0.765539 -0.0448464 -0.0343786   0.765628
-0.0453769 -0.0344727   0.765539 -0.0448304 -0.0343442   0.765627
 -0.045363 -0.0344407   0.765538 -0.0448144 -0.0343098   0.765626
-0.0453491 -0.0344087   0.765537 -0.0447984 -0.0342755   0.765626
-0.0453352 -0.0343767   0.765536 -0.0447824 -0.0342411   0.765625
-0.0453214 -0.0343448   0.765535 -0.0447665 -0.0342068   0.765624
-0.0453075 -0.0343129   0.765534 -0.0447505 -0.0341726   0.765623
-0.0452936  -0.034281   0.765533 -0.0447346 -0.0341383   0.765622
-0.0452798 -0.0342491   0.765532 -0.0447186 -0.0341041   0.765621
 -0.045266 -0.0342172   0.765531 -0.0447027 -0.0340699    0.76562
-0.0452521 -0.0341854    0.76553 -0.0446868 -0.0340357   0.765619
-0.0452383 -0.0341536   0.765529 -0.0446709 -0.0340015   0.765618
-0.0452245 -0.0341218   0.765528  -0.044655 -0.0339674   0.765617
-0.0452107 -0.0340901   0.765527 -0.0446391 -0.0339332   0.765616
-0.0451969 -0.0340583   0.765526 -0.0446233 -0.0338992   0.765615
-0.0451832 -0.0340266   0.765525 -0.0446074 -0.0338651   0.765614
-0.0451694 -0.0339949   0.765524 -0.0445916  -0.033831   0.765613
-0.0451557 -0.0339633   0.765523 -0.0445757  -0.033797   0.765612
-0.0451419 -0.0339316   0.765523 -0.0445599  -0.033763   0.765611
-0.0451282    -0.0339   0.765522 -0.0445441  -0.033729    0.76561
-0.0451145 -0.0338684   0.765521 -0.0445283 -0.0336951   0.765609
-0.0451008 -0.0338369    0.76552 -0.0445125 -0.0336611   0.765609
-0.0450871 -0.0338053   0.765519 -0.0444967 -0.0336272   0.765608
-0.0450734 -0.0337738   0.765518 -0.0444809 -0.0335933   0.765607
-0.0450597 -0.0337423   0.765517 -0.0444652 -0.0335595   0.765606
 -0.045046 -0.0337109   0.765516 -0.0444495 -0.0335256   0.765605
-0.0450324 -0.0336794   0.765515 -0.0444337 -0.0334918   0.765604
-0.0450187  -0.033648   0.765514 -0.044418 -0.033458  0.765603
-0.0450051 -0.0336166   0.765513 -0.0444023 -0.0334243   0.765602
-0.0449915 -0.0335852   0.765512 -0.0443866 -0.0333905   0.765601
-0.0449779 -0.0335539   0.765511 -0.0443709 -0.0333568     0.7656
-0.0449643 -0.0335226    0.76551 -0.0443552 -0.0333231   0.765599
-0.0449507 -0.0334913    0.76551 -0.0443395 -0.0332894   0.765598
-0.0449371   -0.03346   0.765509 -0.0443239 -0.0332557   0.765597
-0.0449235 -0.0334288   0.765508 -0.0443082 -0.0332221   0.765596
-0.0449099 -0.0333976   0.765507 -0.0442926 -0.0331885   0.765596
-0.0448964 -0.0333664   0.765506  -0.044277 -0.0331549   0.765595
-0.0448829 -0.0333352   0.765505 -0.0442614 -0.0331213   0.765594
-0.0448693 -0.0333041   0.765504 -0.0442458 -0.0330878   0.765593
-0.0448558 -0.0332729   0.765503 -0.0442302 -0.0330543   0.765592
-0.0448423 -0.0332418   0.765502 -0.0442146 -0.0330208   0.765591
-0.0448288 -0.0332108   0.765501  -0.044199 -0.0329873    0.76559
-0.0448153 -0.0331797     0.7655 -0.0441835 -0.0329539   0.765589
-0.0448019 -0.0331487   0.765499  -0.044168 -0.0329204   0.765588
-0.0447884 -0.0331177   0.765498 -0.0441524  -0.032887   0.765587
-0.0447749 -0.0330867   0.765498 -0.0441369 -0.0328536   0.765586
-0.0447615 -0.0330558   0.765497 -0.0441214 -0.0328203   0.765585
-0.0447481 -0.0330249   0.765496 -0.0441059 -0.0327869   0.765584
-0.0447347  -0.032994   0.765495 -0.0440904 -0.0327536   0.765584
-0.0447212 -0.0329631   0.765494 -0.0440749 -0.0327203   0.765583
-0.0447078 -0.0329323   0.765493 -0.0440595 -0.0326871   0.765582
-0.0446945 -0.0329014   0.765492  -0.044044 -0.0326538   0.765581
-0.0446811 -0.0328706   0.765491 -0.0440286 -0.0326206    0.76558
-0.0446677 -0.0328399    0.76549 -0.0440132 -0.0325874   0.765579
-0.0446544 -0.0328091   0.765489 -0.0439977 -0.0325542   0.765578
 -0.044641 -0.0327784   0.765488 -0.0439823  -0.032521   0.765577
-0.0446277 -0.0327477   0.765488 -0.0439669 -0.0324879   0.765576
-0.0446144 -0.0327171   0.765487 -0.0439516 -0.0324548   0.765575
-0.0446011 -0.0326864   0.765486 -0.0439362 -0.0324217   0.765574
-0.0445878 -0.0326558   0.765485 -0.0439208 -0.0323886   0.765573
-0.0445745 -0.0326252   0.765484 -0.0439055 -0.0323556   0.765573
-0.0445612 -0.0325946   0.765483 -0.0438902 -0.0323226   0.765572
-0.0445479 -0.0325641   0.765482 -0.0438749 -0.0322896   0.765571
-0.0445347 -0.0325336   0.765481 -0.0438596 -0.0322566    0.76557
-0.0445214 -0.0325031    0.76548 -0.0438443 -0.0322236   0.765569
-0.0445082 -0.0324726   0.765479  -0.043829 -0.0321907   0.765568
 -0.044495 -0.0324422   0.765478 -0.0438137 -0.0321578   0.765567
-0.0444818 -0.0324118   0.765478 -0.0437984 -0.0321249   0.765566
-0.0444686 -0.0323814   0.765477 -0.0437832  -0.032092   0.765565
-0.0444554  -0.032351   0.765476  -0.043768 -0.0320592   0.765564
-0.0444422 -0.0323207   0.765475 -0.0437527 -0.0320264   0.765563
 -0.044429 -0.0322904   0.765474 -0.0437375 -0.0319936   0.765562
-0.0444159 -0.0322601   0.765473 -0.0437223 -0.0319608   0.765562
-0.0444027 -0.0322298   0.765472 -0.0437071  -0.031928   0.765561
-0.0443896 -0.0321996   0.765471  -0.043692 -0.0318953    0.76556
-0.0443765 -0.0321694    0.76547 -0.0436768 -0.0318626   0.765559
-0.0443634 -0.0321392    0.76547 -0.0436616 -0.0318299   0.765558
-0.0443503  -0.032109   0.765469 -0.0436465 -0.0317973   0.765557
-0.0443372 -0.0320789   0.765468 -0.0436314 -0.0317646   0.765556
-0.0443241 -0.0320488   0.765467 -0.0436163  -0.031732   0.765555
-0.0443111 -0.0320187   0.765466 -0.0436012 -0.0316994   0.765554
 -0.044298 -0.0319887   0.765465 -0.0435861 -0.0316668   0.765553
 -0.044285 -0.0319586   0.765464  -0.043571 -0.0316343   0.765552
-0.0442719 -0.0319286   0.765463 -0.0435559 -0.0316018   0.765552
-0.0442589 -0.0318987   0.765462 -0.0435409 -0.0315693   0.765551
-0.0442459 -0.0318687   0.765462 -0.0435258 -0.0315368    0.76555
-0.0442329 -0.0318388   0.765461 -0.0435108 -0.0315043   0.765549
-0.0442199 -0.0318089    0.76546 -0.0434958 -0.0314719   0.765548
-0.0442069  -0.031779   0.765459 -0.0434808 -0.0314395   0.765547
 -0.044194 -0.0317492   0.765458 -0.0434658 -0.0314071   0.765546
 -0.044181 -0.0317193   0.765457 -0.0434508 -0.0313748   0.765545
-0.0441681 -0.0316895   0.765456 -0.0434358 -0.0313424   0.765544
-0.0441552 -0.0316598   0.765455 -0.0434208 -0.0313101   0.765543
-0.0441422   -0.03163   0.765454 -0.0434059 -0.0312778   0.765542
-0.0441293 -0.0316003   0.765454 -0.0433909 -0.0312455   0.765541
-0.0441164 -0.0315706   0.765453  -0.043376 -0.0312133   0.765541
-0.0441036  -0.031541   0.765452 -0.0433611 -0.0311811    0.76554
-0.0440907 -0.0315113   0.765451 -0.0433462 -0.0311489   0.765539
-0.0440778 -0.0314817    0.76545 -0.0433313 -0.0311167   0.765538
 -0.044065 -0.0314521   0.765449 -0.0433164 -0.0310845   0.765537
-0.0440521 -0.0314226   0.765448 -0.0433015 -0.0310524   0.765536
-0.0440393  -0.031393   0.765447 -0.0432867 -0.0310203   0.765535
-0.0440265 -0.0313635   0.765447 -0.0432718 -0.0309882   0.765534
-0.0440137 -0.0313341   0.765446  -0.043257 -0.0309561   0.765533
-0.0440009 -0.0313046   0.765445 -0.0432422 -0.0309241   0.765532
-0.0439881 -0.0312752   0.765444 -0.0432274 -0.0308921   0.765531
-0.0439753 -0.0312458   0.765443 -0.0432126 -0.0308601   0.765531
-0.0439626 -0.0312164   0.765442 -0.0431978 -0.0308281    0.76553
-0.0439498 -0.0311871   0.765441  -0.043183 -0.0307962   0.765529
-0.0439371 -0.0311577   0.765441 -0.0431682 -0.0307643   0.765528
-0.0439244 -0.0311284    0.76544 -0.0431535 -0.0307324   0.765527
-0.0439117 -0.0310992   0.765439 -0.0431387 -0.0307005   0.765526
 -0.043899 -0.0310699   0.765438  -0.043124 -0.0306686   0.765525
-0.0438863 -0.0310407   0.765437 -0.0431093 -0.0306368   0.765524
-0.0438736 -0.0310115   0.765436 -0.0430946  -0.030605   0.765523
-0.0438609 -0.0309824   0.765435 -0.0430799 -0.0305732   0.765522
-0.0438483 -0.0309532   0.765434 -0.0430652 -0.0305415   0.765521
-0.0438356 -0.0309241   0.765434 -0.0430505 -0.0305097   0.765521
 -0.043823 -0.0308951   0.765433 -0.0430358  -0.030478    0.76552
-0.0438104  -0.030866   0.765432 -0.0430212 -0.0304463   0.765519
-0.0437978  -0.030837   0.765431 -0.0430066 -0.0304146   0.765518
-0.0437852  -0.030808    0.76543 -0.0429919  -0.030383   0.765517
-0.0437726  -0.030779   0.765429 -0.0429773 -0.0303514   0.765516
  -0.04376 -0.0307501   0.765428 -0.0429627 -0.0303198   0.765515
-0.0437475 -0.0307211   0.765428 -0.0429481 -0.0302882   0.765514
-0.0437349 -0.0306922   0.765427 -0.0429335 -0.0302567   0.765513
-0.0437224 -0.0306634   0.765426  -0.042919 -0.0302251   0.765512
-0.0437098 -0.0306345   0.765425 -0.0429044 -0.0301936   0.765511
-0.0436973 -0.0306057   0.765424 -0.0428899 -0.0301622   0.765511
-0.0436848 -0.0305769   0.765423 -0.0428753 -0.0301307    0.76551
-0.0436723 -0.0305482   0.765423 -0.0428608 -0.0300993   0.765509
-0.0436599 -0.0305195   0.765422 -0.0428463 -0.0300679   0.765508
-0.0436474 -0.0304907   0.765421 -0.0428318 -0.0300365   0.765507
-0.0436349 -0.0304621    0.76542 -0.0428173 -0.0300051   0.765506
-0.0436225 -0.0304334   0.765419 -0.0428028 -0.0299738   0.765505
-0.0436101 -0.0304048   0.765418 -0.0427884 -0.0299425   0.765504
-0.0435976 -0.0303762   0.765417 -0.0427739 -0.0299112   0.765503
-0.0435852 -0.0303476   0.765417 -0.0427595 -0.0298799   0.765502
-0.0435728 -0.0303191   0.765416  -0.042745 -0.0298487   0.765501
-0.0435605 -0.0302906   0.765415 -0.0427306 -0.0298175   0.765501
-0.0435481 -0.0302621   0.765414 -0.0427162 -0.0297863     0.7655
-0.0435357 -0.0302336   0.765413 -0.0427018 -0.0297551   0.765499
-0.0435234 -0.0302052   0.765412 -0.0426874  -0.029724   0.765498
 -0.043511 -0.0301768   0.765412 -0.0426731 -0.0296929   0.765497
-0.0434987 -0.0301484   0.765411 -0.0426587 -0.0296618   0.765496
-0.0434864 -0.0301201    0.76541 -0.0426443 -0.0296307   0.765495
-0.0434741 -0.0300917   0.765409   -0.04263 -0.0295997   0.765494
-0.0434618 -0.0300634   0.765408 -0.0426157 -0.0295686   0.765493
-0.0434495 -0.0300352   0.765407 -0.0426014 -0.0295376   0.765492
-0.0434373 -0.0300069   0.765407 -0.0425871 -0.0295067   0.765492
 -0.043425 -0.0299787   0.765406 -0.0425728 -0.0294757   0.765491
-0.0434128 -0.0299505   0.765405 -0.0425585 -0.0294448    0.76549
-0.0434005 -0.0299224   0.765404 -0.0425442 -0.0294139   0.765489
-0.0433883 -0.0298942   0.765403  -0.04253 -0.029383  0.765488
-0.0433761 -0.0298661   0.765402 -0.0425157 -0.0293522   0.765487
-0.0433639 -0.0298381   0.765402 -0.0425015 -0.0293213   0.765486
-0.0433517   -0.02981   0.765401 -0.0424873 -0.0292905   0.765485
-0.0433395  -0.029782     0.7654 -0.0424731 -0.0292597   0.765484
-0.0433274  -0.029754   0.765399 -0.0424589  -0.029229   0.765483
-0.0433152  -0.029726   0.765398 -0.0424447 -0.0291982   0.765483
-0.0433031 -0.0296981   0.765397 -0.0424306 -0.0291675   0.765482
 -0.043291 -0.0296702   0.765397 -0.0424164 -0.0291369   0.765481
-0.0432789 -0.0296423   0.765396 -0.0424022 -0.0291062    0.76548
-0.0432668 -0.0296144   0.765395 -0.0423881 -0.0290756   0.765479
-0.0432547 -0.0295866   0.765394  -0.042374 -0.0290449   0.765478
-0.0432426 -0.0295588   0.765393 -0.0423599 -0.0290144   0.765477
-0.0432305  -0.029531   0.765392 -0.0423458 -0.0289838   0.765476
-0.0432185 -0.0295033   0.765392 -0.0423316 -0.0289533   0.765475
-0.0432065 -0.0294756   0.765391 -0.0423175 -0.0289227   0.765474
-0.0431944 -0.0294479    0.76539 -0.0423034 -0.0288923   0.765473
-0.0431824 -0.0294202   0.765389 -0.0422893 -0.0288618   0.765472
-0.0431704 -0.0293926   0.765388 -0.0422752 -0.0288314   0.765471
-0.0431584  -0.029365   0.765388 -0.0422611 -0.0288011    0.76547
-0.0431464 -0.0293374   0.765387 -0.0422471 -0.0287708   0.765469
-0.0431345 -0.0293098   0.765386  -0.042233 -0.0287406   0.765468
-0.0431225 -0.0292823   0.765385  -0.042219 -0.0287104   0.765467
-0.0431106 -0.0292548   0.765384  -0.042205 -0.0286803   0.765466
-0.0430987 -0.0292274   0.765383  -0.042191 -0.0286502   0.765465
-0.0430867 -0.0291999   0.765383 -0.0421771 -0.0286202   0.765464
-0.0430748 -0.0291725   0.765382 -0.0421631 -0.0285902   0.765463
-0.0430629 -0.0291451   0.765381 -0.0421492 -0.0285602   0.765462
-0.0430511 -0.0291178    0.76538 -0.0421353 -0.0285302   0.765462
-0.0430392 -0.0290904   0.765379 -0.0421214 -0.0285002   0.765461
-0.0430273 -0.0290631   0.765379 -0.0421076 -0.0284702    0.76546
-0.0430155 -0.0290359   0.765378 -0.0420938 -0.0284403   0.765459
-0.0430036 -0.0290086   0.765377 -0.0420799 -0.0284103   0.765458
-0.0429918 -0.0289814   0.765376 -0.0420662 -0.0283804   0.765457
  -0.04298 -0.0289542   0.765375 -0.0420524 -0.0283506   0.765456
-0.0429682 -0.0289271   0.765375 -0.0420387 -0.0283207   0.765455
-0.0429564 -0.0288999   0.765374 -0.0420249  -0.028291   0.765454
-0.0429447 -0.0288728   0.765373 -0.0420112 -0.0282612   0.765453
-0.0429329 -0.0288458   0.765372 -0.0419975 -0.0282315   0.765452
-0.0429212 -0.0288187   0.765371 -0.0419839 -0.0282019   0.765451
-0.0429094 -0.0287917   0.765371 -0.0419702 -0.0281722   0.765451
-0.0428977 -0.0287647    0.76537 -0.0419566 -0.0281426    0.76545
 -0.042886 -0.0287377   0.765369  -0.041943 -0.0281129   0.765449
-0.0428743 -0.0287108   0.765368 -0.0419294 -0.0280833   0.765448
-0.0428626 -0.0286839   0.765367 -0.0419158 -0.0280537   0.765447
-0.0428509  -0.028657   0.765367 -0.0419022 -0.0280242   0.765446
-0.0428393 -0.0286302   0.765366 -0.0418886 -0.0279946   0.765445
-0.0428276 -0.0286034   0.765365 -0.0418751 -0.0279651   0.765445
 -0.042816 -0.0285766   0.765364 -0.0418616 -0.0279356   0.765444
-0.0428044 -0.0285498   0.765363 -0.0418481 -0.0279062   0.765443
-0.0427928 -0.0285231   0.765363 -0.0418346 -0.0278768   0.765442
-0.0427812 -0.0284964   0.765362 -0.0418211 -0.0278474   0.765441
-0.0427696 -0.0284697   0.765361 -0.0418076 -0.0278181    0.76544
-0.042758 -0.028443   0.76536 -0.0417942 -0.0277888   0.765439
-0.0427464 -0.0284164    0.76536 -0.0417807 -0.0277595   0.765438
-0.0427349 -0.0283898   0.765359 -0.0417673 -0.0277303   0.765437
-0.0427233 -0.0283633   0.765358 -0.0417539 -0.0277011   0.765437
-0.0427118 -0.0283367   0.765357 -0.0417405 -0.0276719   0.765436
-0.0427003 -0.0283102   0.765356 -0.0417271 -0.0276427   0.765435
-0.0426888 -0.0282838   0.765356 -0.0417138 -0.0276136   0.765434
-0.0426773 -0.0282573   0.765355 -0.0417004 -0.0275845   0.765433
-0.0426658 -0.0282309   0.765354 -0.0416871 -0.0275554   0.765432
-0.0426544 -0.0282045   0.765353 -0.0416738 -0.0275263   0.765431
-0.0426429 -0.0281781   0.765352 -0.0416604 -0.0274973   0.765431
-0.0426315 -0.0281518   0.765352 -0.0416471 -0.0274683    0.76543
-0.0426201 -0.0281255   0.765351 -0.0416338 -0.0274394   0.765429
-0.0426086 -0.0280992    0.76535 -0.0416206 -0.0274104   0.765428
-0.0425972  -0.028073   0.765349 -0.0416073 -0.0273815   0.765427
-0.0425859 -0.0280467   0.765349  -0.041594 -0.0273526   0.765426
-0.0425745 -0.0280206   0.765348 -0.0415808 -0.0273238   0.765426
-0.0425631 -0.0279944   0.765347 -0.0415675  -0.027295   0.765425
-0.0425518 -0.0279683   0.765346 -0.0415543 -0.0272662   0.765424
-0.0425404 -0.0279422   0.765345 -0.0415411 -0.0272374   0.765423
-0.0425291 -0.0279161   0.765345 -0.0415279 -0.0272087   0.765422
-0.0425178   -0.02789   0.765344 -0.0415146   -0.02718   0.765421
-0.0425065  -0.027864   0.765343 -0.0415015 -0.0271513    0.76542
-0.0424952  -0.027838   0.765342 -0.0414883 -0.0271227    0.76542
-0.0424839 -0.0278121   0.765342 -0.0414751  -0.027094   0.765419
-0.0424727 -0.0277861   0.765341  -0.041462 -0.0270655   0.765418
-0.0424614 -0.0277602    0.76534 -0.0414488 -0.0270369   0.765417
-0.0424502 -0.0277344   0.765339 -0.0414357 -0.0270084   0.765416
 -0.042439 -0.0277085   0.765339 -0.0414225 -0.0269799   0.765415
-0.0424277 -0.0276827   0.765338 -0.0414094 -0.0269514   0.765415
-0.0424165 -0.0276569   0.765337 -0.0413963  -0.026923   0.765414
-0.0424053 -0.0276311   0.765336 -0.0413832 -0.0268946   0.765413
-0.0423942 -0.0276054   0.765336 -0.0413701 -0.0268662   0.765412
 -0.042383 -0.0275797   0.765335 -0.0413571 -0.0268378   0.765411
-0.0423719  -0.027554   0.765334  -0.041344 -0.0268095    0.76541
-0.0423607 -0.0275284   0.765333 -0.0413309 -0.0267812    0.76541
-0.0423496 -0.0275028   0.765333 -0.0413179  -0.026753   0.765409
-0.0423385 -0.0274772   0.765332 -0.0413049 -0.0267247   0.765408
-0.0423274 -0.0274517   0.765331 -0.0412918 -0.0266965   0.765407
-0.0423163 -0.0274261    0.76533 -0.0412788 -0.0266683   0.765406
-0.0423052 -0.0274006   0.765329 -0.0412658 -0.0266402   0.765405
-0.0422942 -0.0273752   0.765329 -0.0412528 -0.0266121   0.765405
-0.0422831 -0.0273497   0.765328 -0.0412399  -0.026584   0.765404
-0.0422721 -0.0273243   0.765327 -0.0412269  -0.026556   0.765403
-0.0422611 -0.0272989   0.765326 -0.0412139 -0.0265279   0.765402
  -0.04225 -0.0272736   0.765326  -0.041201 -0.0264999   0.765401
 -0.042239 -0.0272483   0.765325 -0.0411881  -0.026472     0.7654
-0.0422281  -0.027223   0.765324 -0.0411752 -0.0264441     0.7654
-0.0422171 -0.0271977   0.765323 -0.0411623 -0.0264161   0.765399
-0.0422061 -0.0271725   0.765323 -0.0411494 -0.0263883   0.765398
-0.0421952 -0.0271473   0.765322 -0.0411365 -0.0263604   0.765397
-0.0421842 -0.0271221   0.765321 -0.0411236 -0.0263326   0.765396
-0.0421733  -0.027097   0.765321 -0.0411108 -0.0263048   0.765395
-0.0421624 -0.0270718    0.76532 -0.0410979 -0.0262771   0.765394
-0.0421515 -0.0270468   0.765319 -0.0410851 -0.0262494   0.765394
-0.0421406 -0.0270217   0.765318 -0.0410723 -0.0262217   0.765393
-0.0421298 -0.0269967   0.765318 -0.0410595  -0.026194   0.765392
-0.0421189 -0.0269717   0.765317 -0.0410467 -0.0261664   0.765391
-0.0421081 -0.0269467   0.765316 -0.0410338 -0.0261386    0.76539
-0.0420972 -0.0269218   0.765315 -0.0410209 -0.0261107    0.76539
-0.0420864 -0.0268968   0.765315  -0.041008 -0.0260827   0.765389
-0.0420756  -0.026872   0.765314 -0.0409951 -0.0260547   0.765388
-0.0420648 -0.0268471   0.765313 -0.0409822 -0.0260268   0.765387
 -0.042054 -0.0268223   0.765312 -0.0409693 -0.0259991   0.765386
-0.0420433 -0.0267975   0.765312 -0.0409565 -0.0259715   0.765385
-0.0420325 -0.0267727   0.765311 -0.0409437  -0.025944   0.765385
-0.0420218  -0.026748    0.76531 -0.0409309 -0.0259166   0.765384
 -0.042011 -0.0267233   0.765309 -0.0409181 -0.0258891   0.765383
-0.0420003 -0.0266986   0.765309 -0.0409053 -0.0258615   0.765382
-0.0419896  -0.026674   0.765308 -0.0408924  -0.025834   0.765381
-0.0419789 -0.0266494   0.765307 -0.0408797 -0.0258065   0.765381
-0.0419682 -0.0266248   0.765307 -0.0408669 -0.0257792    0.76538
-0.0419576 -0.0266002   0.765306 -0.0408542 -0.0257519   0.765379
-0.0419469 -0.0265757   0.765305 -0.0408416 -0.0257247   0.765378
-0.0419363 -0.0265512   0.765304 -0.0408289 -0.0256975   0.765377
-0.0419257 -0.0265267   0.765304 -0.0408162 -0.0256703   0.765377
 -0.041915 -0.0265023   0.765303 -0.0408035  -0.025643   0.765376
-0.0419044 -0.0264779   0.765302 -0.0407909 -0.0256158   0.765375
-0.0418938 -0.0264535   0.765301 -0.0407782 -0.0255887   0.765374
-0.0418833 -0.0264292   0.765301 -0.0407656 -0.0255617   0.765374
-0.0418727 -0.0264048     0.7653 -0.0407531 -0.0255348   0.765373
-0.0418622 -0.0263805   0.765299 -0.0407405 -0.0255078   0.765372
-0.0418516 -0.0263563   0.765299  -0.040728 -0.0254807   0.765372
-0.0418411 -0.0263321   0.765298 -0.0407154 -0.0254537   0.765371
-0.0418306 -0.0263079   0.765297 -0.0407029 -0.0254268    0.76537
-0.0418201 -0.0262837   0.765296 -0.0406904    -0.0254   0.765369
-0.0418096 -0.0262595   0.765296 -0.0406779 -0.0253733   0.765369
-0.0417991 -0.0262354   0.765295 -0.0406655 -0.0253466   0.765368
-0.0417887 -0.0262114   0.765294 -0.0406531 -0.0253199   0.765367
-0.0417782 -0.0261873   0.765294 -0.0406406 -0.0252931   0.765367
-0.0417678 -0.0261633   0.765293 -0.0406282 -0.0252664   0.765366
-0.0417574 -0.0261393   0.765292 -0.0406158 -0.0252397   0.765365
 -0.041747 -0.0261153   0.765291 -0.0406034 -0.0252131   0.765364
-0.0417366 -0.0260914   0.765291 -0.0405911 -0.0251867   0.765364
-0.0417262 -0.0260675    0.76529 -0.0405788 -0.0251601   0.765363
-0.0417158 -0.0260436   0.765289 -0.0405664 -0.0251335   0.765362
-0.0417055 -0.0260198   0.765289 -0.0405541 -0.0251068   0.765362
-0.0416951  -0.025996   0.765288 -0.0405417 -0.0250802   0.765361
-0.0416848 -0.0259722   0.765287 -0.0405294 -0.0250536    0.76536
-0.0416745 -0.0259484   0.765287 -0.0405172 -0.0250273    0.76536
-0.0416642 -0.0259247   0.765286 -0.040505 -0.025001  0.765359
-0.0416539  -0.025901   0.765285 -0.0404928 -0.0249748   0.765358
-0.0416436 -0.0258774   0.765284 -0.0404807 -0.0249488   0.765358
-0.0416333 -0.0258537   0.765284 -0.0404686 -0.0249226   0.765357
-0.0416231 -0.0258301   0.765283 -0.0404564 -0.0248963   0.765356
-0.0416128 -0.0258066   0.765282 -0.0404442 -0.0248699   0.765356
-0.0416026  -0.025783   0.765282  -0.040432 -0.0248434   0.765355
-0.0415924 -0.0257595   0.765281 -0.0404199  -0.024817   0.765354
-0.0415822  -0.025736    0.76528 -0.0404078 -0.0247908   0.765354
 -0.041572 -0.0257126    0.76528 -0.0403958 -0.0247647   0.765353
-0.0415619 -0.0256891   0.765279 -0.0403838 -0.0247388   0.765352
-0.0415517 -0.0256657   0.765278 -0.0403718 -0.0247129   0.765352
-0.0415415 -0.0256424   0.765278 -0.0403599 -0.0246872   0.765351
-0.0415314 -0.0256191   0.765277 -0.0403479 -0.0246613    0.76535
-0.0415213 -0.0255958   0.765276  -0.040336 -0.0246354    0.76535
-0.0415112 -0.0255725   0.765275  -0.040324 -0.0246093   0.765349
-0.0415011 -0.0255492   0.765275  -0.040312 -0.0245832   0.765349
-0.041491 -0.025526  0.765274   -0.0403 -0.024557  0.765348
-0.0414809 -0.0255028   0.765273  -0.040288 -0.0245309   0.765347
-0.0414709 -0.0254797   0.765273 -0.0402761  -0.024505   0.765347
-0.0414608 -0.0254566   0.765272 -0.0402643 -0.0244793   0.765346
-0.0414508 -0.0254335   0.765271 -0.0402524 -0.0244537   0.765345
-0.0414408 -0.0254104   0.765271 -0.0402407 -0.0244282   0.765345
-0.0414308 -0.0253874    0.76527 -0.0402289 -0.0244028   0.765344
-0.0414208 -0.0253644   0.765269 -0.0402172 -0.0243774   0.765343
-0.0414108 -0.0253414   0.765269 -0.0402054 -0.0243518   0.765343
-0.0414009 -0.0253185   0.765268 -0.0401936 -0.0243261   0.765342
-0.0413909 -0.0252956   0.765267 -0.0401818 -0.0243003   0.765341
 -0.041381 -0.0252727   0.765267   -0.04017 -0.0242745   0.765341
-0.0413711 -0.0252498   0.765266 -0.0401582 -0.0242488    0.76534
-0.0413611  -0.025227   0.765265 -0.0401465 -0.0242233    0.76534
-0.0413512 -0.0252042   0.765265 -0.0401348 -0.0241979   0.765339
-0.0413414 -0.0251815   0.765264 -0.0401232 -0.0241727   0.765338
-0.0413315 -0.0251588   0.765263 -0.0401115 -0.0241474   0.765338
-0.0413216 -0.0251361   0.765263 -0.0400998 -0.0241221   0.765337
-0.0413118 -0.0251134   0.765262 -0.0400882 -0.0240967   0.765336
 -0.041302 -0.0250908   0.765261 -0.0400765 -0.0240712   0.765336
-0.0412921 -0.0250682   0.765261 -0.0400648 -0.0240458   0.765335
-0.0412823 -0.0250456    0.76526 -0.0400532 -0.0240206   0.765334
-0.0412725  -0.025023   0.765259 -0.0400416 -0.0239955   0.765334
-0.0412628 -0.0250005   0.765259 -0.0400301 -0.0239706   0.765333
-0.041253 -0.024978  0.765258 -0.0400186 -0.0239456   0.765332
-0.0412432 -0.0249556   0.765257  -0.040007 -0.0239205   0.765332
-0.0412335 -0.0249332   0.765257 -0.0399955 -0.0238954   0.765331
-0.0412238 -0.0249108   0.765256 -0.0399839 -0.0238702   0.765331
-0.0412141 -0.0248884   0.765255 -0.0399723 -0.0238451    0.76533
-0.0412044 -0.0248661   0.765255 -0.0399609 -0.0238201   0.765329
-0.0411947 -0.0248438   0.765254 -0.0399494 -0.0237953   0.765329
 -0.041185 -0.0248215   0.765253  -0.039938 -0.0237706   0.765328
-0.0411753 -0.0247993   0.765253 -0.0399266 -0.0237459   0.765327
-0.0411657  -0.024777   0.765252 -0.0399152 -0.0237211   0.765327
-0.0411561 -0.0247549   0.765251 -0.0399038 -0.0236962   0.765326
-0.0411464 -0.0247327   0.765251 -0.0398923 -0.0236712   0.765326
-0.0411368 -0.0247106    0.76525 -0.0398809 -0.0236462   0.765325
-0.0411272 -0.0246885   0.765249 -0.0398695 -0.0236213   0.765324
-0.0411177 -0.0246664   0.765249 -0.0398582 -0.0235966   0.765324
-0.0411081 -0.0246444   0.765248 -0.0398469  -0.023572   0.765323
-0.0410985 -0.0246224   0.765247 -0.0398356 -0.0235476   0.765322
 -0.041089 -0.0246005   0.765247 -0.0398244 -0.0235231   0.765322
-0.0410795 -0.0245785   0.765246 -0.0398131 -0.0234986   0.765321
  -0.04107 -0.0245566   0.765245 -0.0398019  -0.023474    0.76532
-0.0410605 -0.0245347   0.765245 -0.0397906 -0.0234493    0.76532
 -0.041051 -0.0245129   0.765244 -0.0397793 -0.0234245   0.765319
-0.0410415 -0.0244911   0.765243  -0.039768 -0.0233998   0.765319
 -0.041032 -0.0244693   0.765243 -0.0397567 -0.0233752   0.765318
-0.0410226 -0.0244476   0.765242 -0.0397456 -0.0233507   0.765318
-0.0410131 -0.0244258   0.765242 -0.0397344 -0.0233265   0.765317
-0.0410037 -0.0244041   0.765241 -0.0397234 -0.0233023   0.765316
-0.0409943 -0.0243825    0.76524 -0.0397123 -0.0232782   0.765315
-0.0409849 -0.0243609    0.76524 -0.0397012  -0.023254   0.765315
-0.0409755 -0.0243393   0.765239 -0.0396901 -0.0232297   0.765314
-0.0409662 -0.0243177   0.765238  -0.039679 -0.0232053   0.765314
-0.0409568 -0.0242961   0.765238 -0.0396679 -0.0231808   0.765313
-0.0409475 -0.0242746   0.765237 -0.0396567 -0.0231564   0.765312
-0.0409381 -0.0242532   0.765236 -0.0396457 -0.0231321   0.765312
-0.0409288 -0.0242317   0.765236 -0.0396346  -0.023108   0.765311
-0.0409195 -0.0242103   0.765235 -0.0396237  -0.023084   0.765311
-0.0409102 -0.0241889   0.765235 -0.0396127   -0.02306    0.76531
 -0.040901 -0.0241676   0.765234 -0.0396018  -0.023036   0.765309
-0.0408917 -0.0241462   0.765233 -0.0395908  -0.023012   0.765309
-0.0408825  -0.024125   0.765233 -0.0395798 -0.0229879   0.765308
-0.0408732 -0.0241037   0.765232 -0.0395689 -0.0229637   0.765307
 -0.040864 -0.0240825   0.765231 -0.0395579 -0.0229397   0.765307
-0.0408548 -0.0240613   0.765231 -0.0395471 -0.0229158   0.765306
-0.0408456 -0.0240401    0.76523 -0.0395362  -0.022892   0.765305
-0.0408364  -0.024019    0.76523 -0.0395253 -0.0228681   0.765305
-0.0408273 -0.0239978   0.765229 -0.0395144 -0.0228442   0.765304
-0.0408181 -0.0239768   0.765228 -0.0395036 -0.0228203   0.765304
 -0.040809 -0.0239557   0.765228 -0.0394928 -0.0227965   0.765303
-0.0407998 -0.0239347   0.765227  -0.039482 -0.0227728   0.765302
-0.0407907 -0.0239137   0.765226 -0.0394712 -0.0227492   0.765302
-0.0407816 -0.0238928   0.765226 -0.0394604 -0.0227255   0.765301
-0.0407725 -0.0238718   0.765225 -0.0394497 -0.0227018     0.7653
-0.0407635  -0.023851   0.765225 -0.0394389 -0.0226781     0.7653
-0.0407544 -0.0238301   0.765224 -0.0394281 -0.0226543   0.765299
-0.0407453 -0.0238093   0.765223 -0.0394174 -0.0226307   0.765299
-0.0407363 -0.0237885   0.765223 -0.0394068 -0.0226072   0.765298
-0.0407273 -0.0237677   0.765222 -0.0393961 -0.0225838   0.765297
-0.0407183  -0.023747   0.765221 -0.0393855 -0.0225603   0.765297
-0.0407093 -0.0237263   0.765221 -0.0393748 -0.0225368   0.765296
-0.0407003 -0.0237056    0.76522 -0.0393642 -0.0225133   0.765295
-0.0406913 -0.0236849    0.76522 -0.0393535 -0.0224898   0.765295
-0.0406824 -0.0236643   0.765219 -0.0393429 -0.0224662   0.765294
-0.0406734 -0.0236437   0.765218 -0.0393323 -0.0224428   0.765294
-0.0406645 -0.0236232   0.765218 -0.0393218 -0.0224196   0.765293
-0.0406556 -0.0236027   0.765217 -0.0393113 -0.0223964   0.765292
-0.0406467 -0.0235822   0.765217 -0.0393008 -0.0223732   0.765292
-0.0406378 -0.0235617   0.765216 -0.0392903   -0.02235   0.765291
-0.0406289 -0.0235413   0.765215 -0.0392798 -0.0223267    0.76529
-0.0406201 -0.0235209   0.765215 -0.0392693 -0.0223034    0.76529
-0.0406112 -0.0235005   0.765214 -0.0392588 -0.0222801   0.765289
-0.0406024 -0.0234802   0.765214 -0.0392483 -0.0222568   0.765289
-0.0405936 -0.0234599   0.765213 -0.0392379 -0.0222337   0.765288
-0.0405848 -0.0234396   0.765212 -0.0392275 -0.0222107   0.765287
 -0.040576 -0.0234194   0.765212 -0.0392172 -0.0221878   0.765287
-0.0405672 -0.0233991   0.765211 -0.0392068 -0.0221649   0.765286
-0.0405584  -0.023379   0.765211 -0.0391965 -0.0221419   0.765285
-0.0405497 -0.0233588    0.76521 -0.0391861 -0.0221189   0.765285
 -0.040541 -0.0233387   0.765209 -0.0391758 -0.0220959   0.765284
-0.0405322 -0.0233186   0.765209 -0.0391655 -0.0220729   0.765283
-0.0405235 -0.0232986   0.765208 -0.0391551 -0.0220499   0.765283
-0.0405148 -0.0232785   0.765208 -0.0391448 -0.0220269   0.765282
-0.0405061 -0.0232585   0.765207 -0.0391346 -0.0220039   0.765282
-0.0404975 -0.0232386   0.765206 -0.0391243 -0.0219809   0.765281
-0.0404888 -0.0232186   0.765206 -0.0391141 -0.0219582    0.76528
-0.0404802 -0.0231987   0.765205 -0.0391039 -0.0219356    0.76528
-0.0404715 -0.0231789   0.765205 -0.0390938 -0.0219131   0.765279
-0.0404629  -0.023159   0.765204 -0.0390837 -0.0218906   0.765279
-0.0404543 -0.0231392   0.765204 -0.0390736  -0.021868   0.765278
-0.0404457 -0.0231194   0.765203 -0.0390634 -0.0218454   0.765277
-0.0404371 -0.0230997   0.765202 -0.0390533 -0.0218228   0.765277
-0.0404286   -0.02308   0.765202 -0.0390432 -0.0218001   0.765276
  -0.04042 -0.0230603   0.765201 -0.0390331 -0.0217775   0.765275
-0.0404115 -0.0230406   0.765201  -0.039023 -0.0217549   0.765275
-0.040403 -0.023021    0.7652 -0.0390129 -0.0217323   0.765274
-0.0403945 -0.0230014   0.765199 -0.0390028 -0.0217097   0.765274
 -0.040386 -0.0229818   0.765199 -0.0389928 -0.0216872   0.765273
-0.0403775 -0.0229623   0.765198 -0.0389827 -0.0216647   0.765272
 -0.040369 -0.0229428   0.765198 -0.0389727 -0.0216422   0.765272
-0.0403606 -0.0229234   0.765197 -0.0389628 -0.0216198   0.765271
-0.0403521 -0.0229039   0.765197 -0.0389528 -0.0215974   0.765271
-0.0403437 -0.0228845   0.765196 -0.0389429 -0.0215752    0.76527
-0.0403353 -0.0228651   0.765195 -0.038933 -0.021553  0.765269
-0.0403269 -0.0228458   0.765195 -0.0389231 -0.0215309   0.765269
-0.0403185 -0.0228265   0.765194 -0.0389133 -0.0215088   0.765268
-0.0403101 -0.0228072   0.765194 -0.0389034 -0.0214866   0.765268
-0.0403017 -0.0227879   0.765193 -0.0388936 -0.0214645   0.765267
-0.0402934 -0.0227687   0.765193 -0.0388837 -0.0214424   0.765266
-0.0402851 -0.0227495   0.765192 -0.0388739 -0.0214202   0.765266
-0.0402767 -0.0227304   0.765191 -0.0388641 -0.0213981   0.765265
-0.0402684 -0.0227112   0.765191 -0.0388543 -0.0213761   0.765265
-0.0402601 -0.0226922    0.76519 -0.0388445  -0.021354   0.765264
-0.0402519 -0.0226731    0.76519 -0.0388347  -0.021332   0.765263
-0.0402436 -0.0226541   0.765189  -0.038825 -0.0213101   0.765263
-0.0402353 -0.0226351   0.765189 -0.0388153 -0.0212881   0.765262
-0.0402271 -0.0226161   0.765188 -0.0388056 -0.0212662   0.765262
-0.0402189 -0.0225971   0.765188 -0.0387959 -0.0212443   0.765261
-0.0402107 -0.0225782   0.765187 -0.0387862 -0.0212225    0.76526
-0.0402025 -0.0225594   0.765186 -0.0387766 -0.0212007    0.76526
-0.0401943 -0.0225405   0.765186 -0.0387669 -0.0211789   0.765259
-0.0401861 -0.0225217   0.765185 -0.0387573 -0.0211572   0.765259
-0.0401779 -0.0225029   0.765185 -0.0387477 -0.0211355   0.765258
-0.0401698 -0.0224842   0.765184 -0.0387381 -0.0211138   0.765257
-0.0401617 -0.0224654   0.765184 -0.0387286 -0.0210921   0.765257
-0.0401535 -0.0224467   0.765183  -0.038719 -0.0210705   0.765256
-0.0401454 -0.0224281   0.765183 -0.0387095  -0.021049   0.765256
-0.0401373 -0.0224095   0.765182    -0.0387 -0.0210274   0.765255
-0.0401293 -0.0223909   0.765181 -0.0386905 -0.0210059   0.765254
-0.0401212 -0.0223723   0.765181  -0.038681 -0.0209844   0.765254
-0.0401132 -0.0223538    0.76518 -0.0386715  -0.020963   0.765253
-0.0401051 -0.0223352    0.76518 -0.0386621 -0.0209415   0.765252
-0.0400971 -0.0223168   0.765179 -0.0386527 -0.0209201   0.765252
-0.0400891 -0.0222983   0.765179 -0.0386433 -0.0208988   0.765251
-0.0400811 -0.0222799   0.765178 -0.0386339 -0.0208775   0.765251
-0.0400731 -0.0222615   0.765178 -0.0386245 -0.0208562    0.76525
-0.0400651 -0.0222432   0.765177 -0.0386151 -0.0208349   0.765249
-0.0400572 -0.0222249   0.765177 -0.0386058 -0.0208137   0.765249
-0.0400492 -0.0222066   0.765176 -0.0385965 -0.0207925   0.765248
-0.0400413 -0.0221883   0.765175 -0.0385872 -0.0207713   0.765248
-0.0400334 -0.0221701   0.765175 -0.0385779 -0.0207502   0.765247
-0.0400255 -0.0221519   0.765174 -0.0385686  -0.020729   0.765246
-0.0400176 -0.0221337   0.765174 -0.0385593  -0.020708   0.765246
-0.0400097 -0.0221156   0.765173 -0.0385501 -0.0206869   0.765245
-0.0400019 -0.0220975   0.765173 -0.0385409 -0.0206659   0.765244
 -0.039994 -0.0220794   0.765172 -0.0385316 -0.0206449   0.765244
-0.0399862 -0.0220614   0.765172 -0.0385224 -0.0206239   0.765243
-0.0399784 -0.0220434   0.765171 -0.0385133  -0.020603   0.765243
-0.0399705 -0.0220254   0.765171 -0.0385041 -0.0205821   0.765242
-0.0399628 -0.0220075    0.76517  -0.038495 -0.0205612   0.765241
 -0.039955 -0.0219896    0.76517 -0.0384858 -0.0205404   0.765241
-0.0399472 -0.0219717   0.765169 -0.0384767 -0.0205196    0.76524
-0.0399395 -0.0219538   0.765168 -0.0384676 -0.0204988   0.765239
-0.0399317  -0.021936   0.765168 -0.0384585  -0.020478   0.765239
 -0.039924 -0.0219182   0.765167 -0.0384495 -0.0204573   0.765238
-0.0399163 -0.0219005   0.765167 -0.0384404 -0.0204366   0.765238
-0.0399086 -0.0218827   0.765166 -0.0384314  -0.020416   0.765237
-0.0399009  -0.021865   0.765166 -0.0384224 -0.0203953   0.765236
-0.0398932 -0.0218474   0.765165 -0.0384134 -0.0203747   0.765236
-0.0398856 -0.0218298   0.765165 -0.0384044 -0.0203541   0.765235
-0.0398779 -0.0218121   0.765164 -0.0383955 -0.0203336   0.765234
-0.0398703 -0.0217946   0.765164 -0.0383865 -0.0203131   0.765234
-0.0398627  -0.021777   0.765163 -0.0383776 -0.0202926   0.765233
-0.0398551 -0.0217595   0.765163 -0.0383687 -0.0202721   0.765232
-0.0398475 -0.0217421   0.765162 -0.0383598 -0.0202517   0.765232
-0.0398399 -0.0217246   0.765162 -0.0383509 -0.0202313   0.765231
-0.0398323 -0.0217072   0.765161  -0.038342 -0.0202109   0.765231
-0.0398248 -0.0216898   0.765161 -0.0383332 -0.0201905    0.76523
-0.0398172 -0.0216725    0.76516 -0.0383243 -0.0201702   0.765229
-0.0398097 -0.0216551    0.76516 -0.0383155 -0.0201499   0.765229
-0.0398022 -0.0216378   0.765159 -0.0383067 -0.0201297   0.765228
-0.0397947 -0.0216206   0.765159 -0.0382979 -0.0201094   0.765227
-0.0397872 -0.0216034   0.765158 -0.0382892 -0.0200892   0.765227
-0.0397798 -0.0215862   0.765158 -0.0382804  -0.020069   0.765226
-0.0397723  -0.021569   0.765157 -0.0382717 -0.0200489   0.765225
-0.0397649 -0.0215519   0.765157  -0.038263 -0.0200288   0.765225
-0.0397574 -0.0215347   0.765156 -0.0382543 -0.0200087   0.765224
  -0.03975 -0.0215177   0.765156 -0.0382456 -0.0199886   0.765223
-0.0397426 -0.0215006   0.765155 -0.0382369 -0.0199686   0.765223
-0.0397352 -0.0214836   0.765155 -0.0382283 -0.0199486   0.765222
-0.0397278 -0.0214666   0.765154 -0.0382196 -0.0199286   0.765221
-0.0397205 -0.0214497   0.765154  -0.038211 -0.0199086   0.765221
-0.0397131 -0.0214328   0.765153 -0.0382024 -0.0198887    0.76522
-0.0397058 -0.0214159   0.765153 -0.0381938 -0.0198688   0.765219
-0.0396985  -0.021399   0.765152 -0.0381853  -0.019849   0.765219
-0.0396912 -0.0213822   0.765152 -0.0381767 -0.0198291   0.765218
-0.0396839 -0.0213654   0.765151 -0.0381682 -0.0198093   0.765217
-0.0396766 -0.0213486   0.765151 -0.0381597 -0.0197895   0.765217
-0.0396693 -0.0213319    0.76515 -0.0381511 -0.0197698   0.765216
-0.0396621 -0.0213152    0.76515 -0.0381427 -0.0197501   0.765215
-0.0396548 -0.0212985   0.765149 -0.0381342 -0.0197304   0.765215
-0.0396476 -0.0212819   0.765149 -0.0381257 -0.0197107   0.765214
-0.0396404 -0.0212653   0.765148 -0.0381173 -0.0196911   0.765213
-0.0396332 -0.0212487   0.765148 -0.0381089 -0.0196715   0.765213
 -0.039626 -0.0212322   0.765147 -0.0381005 -0.0196519   0.765212
-0.0396188 -0.0212157   0.765147 -0.0380921 -0.0196323   0.765211
-0.0396117 -0.0211992   0.765146 -0.0380837 -0.0196128   0.765211
-0.0396045 -0.0211827   0.765146 -0.0380753 -0.0195933    0.76521
-0.0395974 -0.0211663   0.765145  -0.038067 -0.0195739   0.765209
-0.0395903 -0.0211499   0.765145 -0.0380587 -0.0195544   0.765209
-0.0395832 -0.0211336   0.765144 -0.0380504  -0.019535   0.765208
-0.0395761 -0.0211172   0.765144 -0.0380421 -0.0195156   0.765207
 -0.039569 -0.0211009   0.765143 -0.0380338 -0.0194963   0.765207
-0.0395619 -0.0210847   0.765143 -0.0380256  -0.019477   0.765206
-0.0395549 -0.0210684   0.765142 -0.0380173 -0.0194577   0.765205
-0.0395478 -0.0210522   0.765142 -0.0380091 -0.0194384   0.765205
-0.0395408 -0.0210361   0.765141 -0.0380009 -0.0194192   0.765204
-0.0395338 -0.0210199   0.765141 -0.0379927    -0.0194   0.765203
-0.0395268 -0.0210038    0.76514 -0.0379845 -0.0193808   0.765203
-0.0395198 -0.0209877    0.76514 -0.0379764 -0.0193617   0.765202
-0.0395129 -0.0209717   0.765139 -0.0379682 -0.0193425   0.765201
-0.0395059 -0.0209557   0.765139 -0.0379601 -0.0193235   0.765201
 -0.039499 -0.0209397   0.765139  -0.037952 -0.0193044     0.7652
 -0.039492 -0.0209237   0.765138 -0.0379439 -0.0192854   0.765199
-0.0394851 -0.0209078   0.765138 -0.0379358 -0.0192664   0.765199
-0.0394782 -0.0208919   0.765137 -0.0379278 -0.0192474   0.765198
-0.0394713  -0.020876   0.765137 -0.0379198 -0.0192285   0.765197
-0.0394644 -0.0208602   0.765136 -0.0379117 -0.0192095   0.765197
-0.0394576 -0.0208444   0.765136 -0.0379037 -0.0191907   0.765196
-0.0394507 -0.0208286   0.765135 -0.0378958 -0.0191718   0.765195
-0.0394439 -0.0208129   0.765135 -0.0378878  -0.019153   0.765195
-0.0394371 -0.0207972   0.765134 -0.0378798 -0.0191342   0.765194
-0.0394303 -0.0207815   0.765134 -0.0378719 -0.0191154   0.765193
-0.0394235 -0.0207659   0.765133  -0.037864 -0.0190967   0.765193
-0.0394167 -0.0207503   0.765133 -0.0378561  -0.019078   0.765192
-0.0394099 -0.0207347   0.765132 -0.0378482 -0.0190593   0.765191
-0.0394032 -0.0207191   0.765132 -0.0378403 -0.0190406   0.765191
-0.0393964 -0.0207036   0.765132 -0.0378325  -0.019022    0.76519
-0.0393897 -0.0206881   0.765131 -0.0378246 -0.0190034   0.765189
 -0.039383 -0.0206726   0.765131 -0.0378168 -0.0189849   0.765189
-0.0393763 -0.0206572    0.76513  -0.037809 -0.0189663   0.765188
-0.0393696 -0.0206418    0.76513 -0.0378012 -0.0189478   0.765187
-0.0393629 -0.0206264   0.765129 -0.0377935 -0.0189294   0.765187
-0.0393562 -0.0206111   0.765129 -0.0377857 -0.0189109   0.765186
-0.0393496 -0.0205958   0.765128  -0.037778 -0.0188925   0.765186
 -0.039343 -0.0205805   0.765128 -0.0377703 -0.0188741   0.765185
-0.0393363 -0.0205653   0.765127 -0.0377626 -0.0188558   0.765184
-0.0393297 -0.0205501   0.765127 -0.0377549 -0.0188375   0.765184
-0.0393231 -0.0205349   0.765127 -0.0377472 -0.0188192   0.765183
-0.0393166 -0.0205197   0.765126 -0.0377396 -0.0188009   0.765182
  -0.03931 -0.0205046   0.765126  -0.037732 -0.0187827   0.765182
-0.0393034 -0.0204895   0.765125 -0.0377243 -0.0187644   0.765181
-0.0392969 -0.0204745   0.765125 -0.0377168 -0.0187463    0.76518
-0.0392904 -0.0204594   0.765124 -0.0377092 -0.0187281    0.76518
-0.0392839 -0.0204444   0.765124 -0.0377016   -0.01871   0.765179
-0.0392774 -0.0204295   0.765123 -0.0376941 -0.0186919   0.765178
-0.0392709 -0.0204145   0.765123 -0.0376865 -0.0186739   0.765178
-0.0392644 -0.0203996   0.765123  -0.037679 -0.0186558   0.765177
-0.0392579 -0.0203847   0.765122 -0.0376715 -0.0186378   0.765176
-0.0392515 -0.0203699   0.765122  -0.037664 -0.0186199   0.765176
 -0.039245 -0.0203551   0.765121 -0.0376566 -0.0186019   0.765175
-0.0392386 -0.0203403   0.765121 -0.0376491  -0.018584   0.765174
-0.0392322 -0.0203256    0.76512 -0.0376417 -0.0185661   0.765174
-0.0392258 -0.0203108    0.76512 -0.0376343 -0.0185483   0.765173
-0.0392194 -0.0202961    0.76512 -0.0376269 -0.0185304   0.765173
-0.0392131 -0.0202815   0.765119 -0.0376195 -0.0185126   0.765172
-0.0392067 -0.0202668   0.765119 -0.0376121 -0.0184949   0.765171
-0.0392004 -0.0202523   0.765118 -0.0376048 -0.0184771   0.765171
-0.0391941 -0.0202377   0.765118 -0.0375974 -0.0184594    0.76517
-0.0391877 -0.0202231   0.765117 -0.0375901 -0.0184418   0.765169
-0.0391814 -0.0202086   0.765117 -0.0375828 -0.0184241   0.765169
-0.0391752 -0.0201942   0.765116 -0.0375756 -0.0184065   0.765168
-0.0391689 -0.0201797   0.765116 -0.0375683 -0.0183889   0.765167
-0.0391626 -0.0201653   0.765116  -0.037561 -0.0183714   0.765167
-0.0391564 -0.0201509   0.765115 -0.0375538 -0.0183538   0.765166
-0.0391501 -0.0201366   0.765115 -0.0375466 -0.0183363   0.765166
-0.0391439 -0.0201222   0.765114 -0.0375394 -0.0183189   0.765165
-0.0391377  -0.020108   0.765114 -0.0375322 -0.0183014   0.765164
-0.0391315 -0.0200937   0.765114 -0.037525 -0.018284  0.765164
-0.0391253 -0.0200795   0.765113 -0.0375179 -0.0182667   0.765163
-0.0391192 -0.0200653   0.765113 -0.0375107 -0.0182493   0.765162
 -0.039113 -0.0200511   0.765112 -0.0375036  -0.018232   0.765162
-0.0391069  -0.020037   0.765112 -0.0374965 -0.0182147   0.765161
-0.0391007 -0.0200228   0.765111 -0.0374894 -0.0181975   0.765161
-0.0390946 -0.0200088   0.765111 -0.0374824 -0.0181802    0.76516
-0.0390885 -0.0199947   0.765111 -0.0374753  -0.018163   0.765159
-0.0390824 -0.0199807    0.76511 -0.0374683 -0.0181459   0.765159
-0.0390764 -0.0199667    0.76511 -0.0374612 -0.0181287   0.765158
-0.0390703 -0.0199528   0.765109 -0.0374542 -0.0181116   0.765157
-0.0390643 -0.0199388   0.765109 -0.0374473 -0.0180945   0.765157
-0.0390582 -0.0199249   0.765109 -0.0374403 -0.0180775   0.765156
-0.0390522 -0.0199111   0.765108 -0.0374333 -0.0180605   0.765156
-0.0390462 -0.0198972   0.765108 -0.0374264 -0.0180435   0.765155
-0.0390402 -0.0198834   0.765107 -0.0374195 -0.0180265   0.765154
-0.0390342 -0.0198697   0.765107 -0.0374125 -0.0180096   0.765154
-0.0390282 -0.0198559   0.765106 -0.0374057 -0.0179927   0.765153
-0.0390223 -0.0198422   0.765106 -0.0373988 -0.0179758   0.765152
-0.0390163 -0.0198285   0.765106 -0.0373919  -0.017959   0.765152
-0.0390104 -0.0198149   0.765105 -0.0373851 -0.0179422   0.765151
-0.0390045 -0.0198013   0.765105 -0.0373782 -0.0179254    0.76515
-0.0389986 -0.0197877   0.765104 -0.0373714 -0.0179086    0.76515
-0.0389927 -0.0197741   0.765104 -0.0373647 -0.0178919   0.765149
-0.0389868 -0.0197606   0.765104 -0.0373579 -0.0178752   0.765148
 -0.038981 -0.0197471   0.765103 -0.0373512 -0.0178585   0.765148
-0.0389751 -0.0197336   0.765103 -0.0373445 -0.0178419   0.765147
-0.0389693 -0.0197202   0.765102 -0.0373378 -0.0178254   0.765146
-0.0389635 -0.0197068   0.765102 -0.0373311 -0.0178089   0.765146
-0.0389576 -0.0196934   0.765102 -0.0373245 -0.0177925   0.765145
-0.0389518   -0.01968   0.765101 -0.0373179 -0.0177761   0.765144
-0.0389461 -0.0196667   0.765101 -0.0373112 -0.0177598   0.765144
-0.0389403 -0.0196534   0.765101 -0.0373046 -0.0177435   0.765143
-0.0389345 -0.0196402     0.7651 -0.0372981 -0.0177273   0.765142
-0.0389288  -0.019627     0.7651 -0.0372915  -0.017711   0.765142
-0.0389231 -0.0196138   0.765099 -0.0372849 -0.0176948   0.765141
-0.0389173 -0.0196006   0.765099 -0.0372784 -0.0176787    0.76514
-0.0389116 -0.0195875   0.765099 -0.0372718 -0.0176626    0.76514
-0.0389059 -0.0195743   0.765098 -0.0372653 -0.0176464   0.765139
-0.0389003 -0.0195613   0.765098 -0.0372588 -0.0176304   0.765138
-0.0388946 -0.0195482   0.765097 -0.0372523 -0.0176143   0.765138
-0.0388889 -0.0195352   0.765097 -0.0372458 -0.0175983   0.765137
-0.0388833 -0.0195222   0.765097 -0.0372393 -0.0175823   0.765136
-0.0388777 -0.0195093   0.765096 -0.0372329 -0.0175664   0.765136
-0.0388721 -0.0194963   0.765096 -0.0372264 -0.0175505   0.765135
-0.0388665 -0.0194835   0.765095   -0.03722 -0.0175346   0.765134
-0.0388609 -0.0194706   0.765095 -0.0372136 -0.0175187   0.765134
-0.0388553 -0.0194578   0.765095 -0.0372072 -0.0175029   0.765133
-0.0388497  -0.019445   0.765094 -0.0372008 -0.0174871   0.765133
-0.0388442 -0.0194322   0.765094 -0.0371944 -0.0174714   0.765132
-0.0388387 -0.0194194   0.765094  -0.037188 -0.0174557   0.765131
-0.0388331 -0.0194067   0.765093 -0.0371817   -0.01744   0.765131
-0.0388276  -0.019394   0.765093 -0.0371753 -0.0174243    0.76513
-0.0388221 -0.0193814   0.765092  -0.037169 -0.0174087   0.765129
-0.0388166 -0.0193688   0.765092 -0.0371627  -0.017393   0.765129
-0.0388112 -0.0193562   0.765092 -0.0371564 -0.0173775   0.765128
-0.0388057 -0.0193436   0.765091 -0.0371501 -0.0173619   0.765127
-0.0388003 -0.0193311   0.765091 -0.0371439 -0.0173464   0.765127
-0.0387948 -0.0193186   0.765091 -0.0371376  -0.017331   0.765126
-0.0387894 -0.0193061    0.76509 -0.0371314 -0.0173155   0.765126
 -0.038784 -0.0192936    0.76509 -0.0371252 -0.0173001   0.765125
-0.0387786 -0.0192812    0.76509  -0.037119 -0.0172847   0.765124
-0.0387732 -0.0192688   0.765089 -0.0371128 -0.0172694   0.765124
-0.0387679 -0.0192565   0.765089 -0.0371066  -0.017254   0.765123
-0.0387625 -0.0192442   0.765088 -0.0371004 -0.0172388   0.765123
-0.0387572 -0.0192319   0.765088 -0.0370943 -0.0172235   0.765122
-0.0387519 -0.0192196   0.765088 -0.0370881 -0.0172083   0.765121
-0.0387465 -0.0192074   0.765087  -0.037082 -0.0171931   0.765121
-0.0387412 -0.0191952   0.765087 -0.0370759 -0.0171779    0.76512
-0.038736 -0.019183  0.765087 -0.0370698 -0.0171628   0.765119
-0.0387307 -0.0191709   0.765086 -0.0370637 -0.0171477   0.765119
-0.0387254 -0.0191587   0.765086 -0.0370577 -0.0171327   0.765118
-0.0387202 -0.0191467   0.765086 -0.0370516 -0.0171176   0.765118
-0.0387149 -0.0191346   0.765085 -0.0370456 -0.0171027   0.765117
-0.0387097 -0.0191226   0.765085 -0.0370395 -0.0170877   0.765116
-0.0387045 -0.0191106   0.765084 -0.0370335 -0.0170728   0.765116
-0.0386993 -0.0190986   0.765084 -0.0370275 -0.0170579   0.765115
-0.0386941 -0.0190867   0.765084 -0.0370215  -0.017043   0.765115
-0.0386889 -0.0190748   0.765083 -0.0370156 -0.0170282   0.765114
-0.0386838 -0.0190629   0.765083 -0.0370096 -0.0170134   0.765113
-0.0386786  -0.019051   0.765083 -0.0370037 -0.0169986   0.765113
-0.0386735 -0.0190392   0.765082 -0.0369977 -0.0169839   0.765112
-0.0386684 -0.0190274   0.765082 -0.0369918 -0.0169692   0.765112
-0.0386633 -0.0190157   0.765082 -0.0369859 -0.0169545   0.765111
-0.0386582 -0.0190039   0.765081 -0.0369801 -0.0169399    0.76511
-0.0386531 -0.0189922   0.765081 -0.0369742 -0.0169253    0.76511
 -0.038648 -0.0189806   0.765081 -0.0369683 -0.0169107   0.765109
 -0.038643 -0.0189689    0.76508 -0.0369625 -0.0168962   0.765109
-0.0386379 -0.0189573    0.76508 -0.0369567 -0.0168817   0.765108
-0.0386329 -0.0189457    0.76508 -0.0369508 -0.0168672   0.765107
-0.0386279 -0.0189342   0.765079  -0.036945 -0.0168528   0.765107
-0.0386229 -0.0189227   0.765079 -0.0369393 -0.0168384   0.765106
-0.0386179 -0.0189112   0.765079 -0.0369335  -0.016824   0.765106
-0.0386129 -0.0188997   0.765078 -0.0369277 -0.0168097   0.765105
-0.0386079 -0.0188883   0.765078  -0.036922 -0.0167953   0.765104
 -0.038603 -0.0188769   0.765078 -0.0369163 -0.0167811   0.765104
-0.0385981 -0.0188655   0.765077 -0.0369106 -0.0167668   0.765103
-0.0385931 -0.0188541   0.765077 -0.0369049 -0.0167526   0.765103
-0.0385882 -0.0188428   0.765077 -0.0368992 -0.0167385   0.765102
-0.0385833 -0.0188315   0.765076 -0.0368935 -0.0167243   0.765102
-0.0385784 -0.0188203   0.765076 -0.0368878 -0.0167102   0.765101
-0.0385735 -0.0188091   0.765076 -0.0368822 -0.0166961     0.7651
-0.0385687 -0.0187979   0.765075 -0.0368766 -0.0166821     0.7651
-0.0385638 -0.0187867   0.765075  -0.036871 -0.0166681   0.765099
 -0.038559 -0.0187755   0.765075 -0.0368654 -0.0166541   0.765099
-0.0385542 -0.0187644   0.765074 -0.0368598 -0.0166402   0.765098
-0.0385493 -0.0187533   0.765074 -0.0368542 -0.0166263   0.765098
-0.0385445 -0.0187423   0.765074 -0.0368486 -0.0166124   0.765097
-0.0385398 -0.0187313   0.765073 -0.0368431 -0.0165985   0.765096
 -0.038535 -0.0187203   0.765073 -0.0368376 -0.0165847   0.765096
-0.0385302 -0.0187093   0.765073 -0.0368321 -0.0165709   0.765095
-0.0385255 -0.0186984   0.765072 -0.0368266 -0.0165572   0.765095
-0.0385207 -0.0186875   0.765072 -0.0368211 -0.0165435   0.765094
 -0.038516 -0.0186766   0.765072 -0.0368156 -0.0165298   0.765094
-0.0385113 -0.0186657   0.765071 -0.0368102 -0.0165161   0.765093
-0.0385066 -0.0186549   0.765071 -0.0368048 -0.0165024   0.765092
-0.0385019 -0.0186441   0.765071 -0.0367994 -0.0164888   0.765092
-0.0384972 -0.0186334    0.76507 -0.0367941 -0.0164753   0.765091
-0.0384926 -0.0186226    0.76507 -0.0367887 -0.0164619    0.76509
-0.0384879 -0.0186119    0.76507 -0.0367834 -0.0164486    0.76509
-0.0384833 -0.0186013   0.765069 -0.0367782 -0.0164354   0.765089
-0.0384787 -0.0185906   0.765069 -0.0367729 -0.0164222   0.765088
-0.038474  -0.01858  0.765069 -0.0367676 -0.0164092   0.765088
-0.0384694 -0.0185694   0.765068 -0.0367623 -0.0163961   0.765087
-0.0384649 -0.0185588   0.765068 -0.0367571 -0.0163831   0.765086
-0.0384603 -0.0185483   0.765068 -0.0367518 -0.0163701   0.765086
-0.0384557 -0.0185378   0.765068 -0.0367466 -0.0163572   0.765085
-0.0384512 -0.0185273   0.765067 -0.0367413 -0.0163442   0.765084
-0.0384466 -0.0185169   0.765067 -0.0367361 -0.0163313   0.765084
-0.0384421 -0.0185065   0.765067 -0.0367309 -0.0163185   0.765083
-0.0384376 -0.0184961   0.765066 -0.0367257 -0.0163056   0.765083
-0.0384331 -0.0184857   0.765066 -0.0367205 -0.0162929   0.765082
-0.0384286 -0.0184754   0.765066 -0.0367153 -0.0162801   0.765081
-0.0384241 -0.0184651   0.765065 -0.0367101 -0.0162674   0.765081
-0.0384197 -0.0184548   0.765065 -0.0367049 -0.0162547    0.76508
-0.0384152 -0.0184446   0.765065 -0.0366998 -0.0162421   0.765079
-0.0384108 -0.0184344   0.765064 -0.0366946 -0.0162295   0.765079
-0.0384064 -0.0184242   0.765064 -0.0366894 -0.0162166   0.765078
-0.038402 -0.018414  0.765064 -0.0366842 -0.0162035   0.765078
-0.0383976 -0.0184039   0.765064 -0.0366789   -0.01619   0.765077
-0.0383932 -0.0183938   0.765063 -0.0366736 -0.0161767   0.765077
-0.0383888 -0.0183837   0.765063 -0.0366684 -0.0161636   0.765076
-0.0383844 -0.0183737   0.765063 -0.0366633 -0.0161507   0.765076
-0.0383801 -0.0183637   0.765062 -0.0366582  -0.016138   0.765075
-0.0383758 -0.0183537   0.765062 -0.0366532 -0.0161254   0.765075
-0.0383714 -0.0183437   0.765062 -0.0366482  -0.016113   0.765074
-0.0383671 -0.0183338   0.765062 -0.0366432 -0.0161007   0.765074
-0.0383628 -0.0183239   0.765061 -0.0366383 -0.0160886   0.765073
-0.0383585  -0.018314   0.765061 -0.0366333 -0.0160762   0.765073
-0.0383543 -0.0183042   0.765061 -0.0366282 -0.0160635   0.765072
  -0.03835 -0.0182944    0.76506 -0.0366232 -0.0160509   0.765072
-0.0383457 -0.0182846    0.76506 -0.0366181 -0.0160385   0.765071
-0.0383415 -0.0182748    0.76506 -0.0366131 -0.0160262   0.765071
-0.0383373 -0.0182651   0.765059 -0.0366082 -0.0160141    0.76507
-0.0383331 -0.0182554   0.765059 -0.0366033 -0.0160021    0.76507
-0.0383289 -0.0182457   0.765059 -0.0365984 -0.0159903   0.765069
-0.0383247 -0.0182361   0.765059 -0.0365936 -0.0159786   0.765069
-0.0383205 -0.0182265   0.765058 -0.0365887 -0.0159667   0.765068
-0.0383163 -0.0182169   0.765058 -0.0365838 -0.0159545   0.765068
-0.0383122 -0.0182073   0.765058 -0.0365789 -0.0159424   0.765067
 -0.038308 -0.0181978   0.765057 -0.0365739 -0.0159305   0.765067
-0.0383039 -0.0181883   0.765057 -0.0365691 -0.0159187   0.765067
-0.0382998 -0.0181788   0.765057 -0.0365643  -0.015907   0.765066
-0.0382957 -0.0181694   0.765057 -0.0365595 -0.0158955   0.765066
-0.0382916 -0.0181599   0.765056 -0.0365547 -0.0158842   0.765065
-0.0382875 -0.0181505   0.765056   -0.03655 -0.0158729   0.765065
-0.0382835 -0.0181412   0.765056 -0.0365452 -0.0158614   0.765064
-0.0382794 -0.0181318   0.765056 -0.0365404 -0.0158497   0.765064
-0.0382754 -0.0181225   0.765055 -0.0365356  -0.015838   0.765064
-0.0382713 -0.0181133   0.765055 -0.0365308 -0.0158265   0.765063
-0.0382673  -0.018104   0.765055  -0.036526 -0.0158151   0.765063
-0.0382633 -0.0180948   0.765054 -0.0365213 -0.0158039   0.765062
-0.0382593 -0.0180856   0.765054 -0.0365166 -0.0157928   0.765062
-0.0382553 -0.0180764   0.765054  -0.036512 -0.0157818   0.765062
-0.0382514 -0.0180673   0.765054 -0.0365074  -0.015771   0.765061
-0.0382474 -0.0180582   0.765053 -0.0365027 -0.0157599   0.765061
-0.0382435 -0.0180491   0.765053  -0.036498 -0.0157486    0.76506
-0.0382395   -0.01804   0.765053 -0.0364933 -0.0157373    0.76506
-0.0382356  -0.018031   0.765053 -0.0364886 -0.0157262    0.76506
-0.0382317  -0.018022   0.765052 -0.0364839 -0.0157152   0.765059
-0.0382278  -0.018013   0.765052 -0.0364793 -0.0157044   0.765059
-0.0382239 -0.0180041   0.765052 -0.0364748 -0.0156936   0.765059
  -0.03822 -0.0179952   0.765051 -0.0364703 -0.0156831   0.765058
-0.0382162 -0.0179863   0.765051 -0.0364657 -0.0156726   0.765058
-0.0382123 -0.0179774   0.765051 -0.0364612 -0.0156619   0.765057
-0.0382085 -0.0179686   0.765051 -0.0364566 -0.0156509   0.765057
-0.0382047 -0.0179598    0.76505 -0.036452  -0.01564  0.765057
-0.0382008  -0.017951    0.76505 -0.0364474 -0.0156293   0.765056
 -0.038197 -0.0179422    0.76505 -0.0364429 -0.0156186   0.765056
-0.0381933 -0.0179335    0.76505 -0.0364384 -0.0156082   0.765056
-0.0381895 -0.0179248   0.765049  -0.036434 -0.0155978   0.765055
-0.0381857 -0.0179161   0.765049 -0.0364295 -0.0155876   0.765055
 -0.038182 -0.0179075   0.765049 -0.0364252 -0.0155775   0.765054
-0.0381782 -0.0178989   0.765049 -0.0364207 -0.0155671   0.765054
-0.0381745 -0.0178903   0.765048 -0.0364162 -0.0155565   0.765054
-0.0381708 -0.0178817   0.765048 -0.0364117  -0.015546   0.765053
-0.0381671 -0.0178732   0.765048 -0.0364073 -0.0155356   0.765053
-0.0381634 -0.0178647   0.765048 -0.0364029 -0.0155254   0.765053
-0.0381597 -0.0178562   0.765047 -0.0363985 -0.0155152   0.765052
 -0.038156 -0.0178478   0.765047 -0.0363941 -0.0155052   0.765052
-0.0381524 -0.0178393   0.765047 -0.0363899 -0.0154954   0.765052
-0.0381487 -0.0178309   0.765047 -0.0363855 -0.0154853   0.765051
-0.0381451 -0.0178226   0.765046 -0.0363811 -0.0154749   0.765051
-0.0381414 -0.0178142   0.765046 -0.0363767 -0.0154647   0.765051
-0.0381378 -0.0178059   0.765046 -0.0363724 -0.0154546    0.76505
-0.0381342 -0.0177976   0.765046 -0.0363681 -0.0154447    0.76505
-0.0381306 -0.0177894   0.765045 -0.0363638 -0.0154349    0.76505
-0.0381271 -0.0177811   0.765045 -0.0363596 -0.0154252   0.765049
-0.0381235 -0.0177729   0.765045 -0.0363554 -0.0154156   0.765049
  -0.03812 -0.0177647   0.765045 -0.0363511 -0.0154058   0.765048
-0.0381164 -0.0177566   0.765044 -0.0363469 -0.0153958   0.765048
-0.0381129 -0.0177485   0.765044 -0.0363426 -0.0153859   0.765048
-0.0381094 -0.0177404   0.765044 -0.0363384 -0.0153761   0.765047
-0.0381059 -0.0177323   0.765044 -0.0363342 -0.0153665   0.765047
-0.0381024 -0.0177242   0.765043  -0.03633 -0.015357  0.765047
-0.0380989 -0.0177162   0.765043 -0.0363259 -0.0153476   0.765046
-0.0380954 -0.0177082   0.765043 -0.0363218 -0.0153383   0.765046
-0.0380919 -0.0177003   0.765043 -0.0363176 -0.0153288   0.765046
-0.0380885 -0.0176923   0.765043 -0.0363135 -0.0153191   0.765045
-0.0380851 -0.0176844   0.765042 -0.0363093 -0.0153095   0.765045
-0.0380816 -0.0176765   0.765042 -0.0363051    -0.0153   0.765045
-0.0380782 -0.0176687   0.765042  -0.036301 -0.0152907   0.765044
-0.0380748 -0.0176608   0.765042  -0.036297 -0.0152815   0.765044
-0.0380714  -0.017653   0.765041  -0.036293 -0.0152724   0.765044
-0.0380681 -0.0176453   0.765041  -0.036289 -0.0152634   0.765043
-0.0380647 -0.0176375   0.765041 -0.0362849 -0.0152543   0.765043
-0.0380613 -0.0176298   0.765041 -0.0362808 -0.0152449   0.765043
 -0.038058 -0.0176221    0.76504 -0.0362767 -0.0152352   0.765042
-0.0380547 -0.0176144    0.76504 -0.0362726 -0.0152258   0.765042
-0.0380513 -0.0176068    0.76504 -0.0362685 -0.0152164   0.765042
 -0.038048 -0.0175991    0.76504 -0.0362646 -0.0152073   0.765041
-0.0380447 -0.0175916    0.76504 -0.0362606 -0.0151982   0.765041
-0.0380414  -0.017584   0.765039 -0.0362567 -0.0151893   0.765041
-0.0380382 -0.0175764   0.765039 -0.0362528 -0.0151805    0.76504
-0.0380349 -0.0175689   0.765039  -0.036249 -0.0151718    0.76504
-0.0380317 -0.0175614   0.765039 -0.0362452 -0.0151632   0.765039
-0.0380284  -0.017554   0.765038 -0.0362414 -0.0151547   0.765039
-0.0380252 -0.0175465   0.765038 -0.0362375 -0.0151463   0.765039
 -0.038022 -0.0175391   0.765038 -0.0362337 -0.0151377   0.765038
-0.0380188 -0.0175318   0.765038 -0.0362297 -0.0151289   0.765038
-0.0380156 -0.0175244   0.765038 -0.0362257 -0.0151198   0.765038
-0.0380124 -0.0175171   0.765037 -0.0362218 -0.0151109   0.765037
-0.0380092 -0.0175098   0.765037 -0.0362179 -0.0151021   0.765037
 -0.038006 -0.0175025   0.765037  -0.036214 -0.0150934   0.765037
-0.0380029 -0.0174952   0.765037 -0.0362102 -0.0150849   0.765037
-0.0379998  -0.017488   0.765037 -0.0362065 -0.0150765   0.765036
-0.0379966 -0.0174808   0.765036 -0.0362028 -0.0150682   0.765036
-0.0379935 -0.0174736   0.765036 -0.0361991   -0.01506   0.765035
-0.0379904 -0.0174665   0.765036 -0.0361954 -0.0150519   0.765035
-0.0379873 -0.0174594   0.765036 -0.0361917 -0.0150436   0.765035
-0.0379842 -0.0174523   0.765035 -0.0361879 -0.0150351   0.765034
-0.0379812 -0.0174452   0.765035  -0.036184 -0.0150265   0.765034
-0.0379781 -0.0174381   0.765035 -0.0361802 -0.0150179   0.765034
 -0.037975 -0.0174311   0.765035 -0.0361765 -0.0150095   0.765034
 -0.037972 -0.0174241   0.765035 -0.0361728 -0.0150013   0.765033
 -0.037969 -0.0174172   0.765034 -0.0361691 -0.0149931   0.765033
 -0.037966 -0.0174102   0.765034 -0.0361655 -0.0149851   0.765033
 -0.037963 -0.0174033   0.765034 -0.0361619 -0.0149772   0.765032
  -0.03796 -0.0173964   0.765034 -0.0361584 -0.0149694   0.765032
 -0.037957 -0.0173895   0.765034 -0.0361548 -0.0149617   0.765032
 -0.037954 -0.0173827   0.765033 -0.0361512 -0.0149538   0.765031
-0.0379511 -0.0173759   0.765033 -0.0361476 -0.0149458   0.765031
-0.0379481 -0.0173691   0.765033 -0.0361439 -0.0149378   0.765031
-0.0379452 -0.0173623   0.765033 -0.0361403   -0.01493    0.76503
-0.0379422 -0.0173556   0.765033 -0.0361367 -0.0149223    0.76503
-0.0379393 -0.0173489   0.765032 -0.0361332 -0.0149147    0.76503
-0.0379364 -0.0173422   0.765032 -0.0361296  -0.014907   0.765029
-0.0379335 -0.0173355   0.765032 -0.0361261 -0.0148992   0.765029
-0.0379306 -0.0173289   0.765032 -0.0361225 -0.0148915   0.765029
-0.0379278 -0.0173223   0.765032  -0.036119 -0.0148839   0.765029
-0.0379249 -0.0173157   0.765031 -0.0361155 -0.0148764   0.765028
-0.0379221 -0.0173091   0.765031 -0.036112 -0.014869  0.765028
-0.0379192 -0.0173026   0.765031 -0.0361086 -0.0148617   0.765028
-0.0379164 -0.0172961   0.765031 -0.0361052 -0.0148543   0.765028
-0.0379136 -0.0172896   0.765031 -0.0361017 -0.0148468   0.765027
-0.0379108 -0.0172831    0.76503 -0.0360982 -0.0148394   0.765027
 -0.037908 -0.0172767    0.76503 -0.0360948 -0.0148321   0.765027
-0.0379052 -0.0172703    0.76503 -0.0360913 -0.0148248   0.765027
-0.0379024 -0.0172639    0.76503  -0.036088 -0.0148177   0.765026
-0.0378997 -0.0172575    0.76503 -0.0360847 -0.0148107   0.765026
-0.0378969 -0.0172512    0.76503 -0.0360813 -0.0148036   0.765026
-0.0378942 -0.0172449   0.765029 -0.0360779 -0.0147963   0.765026
-0.0378914 -0.0172386   0.765029 -0.0360744 -0.0147889   0.765025
-0.0378887 -0.0172323   0.765029  -0.036071 -0.0147817   0.765025
 -0.037886 -0.0172261   0.765029 -0.0360676 -0.0147745   0.765025
-0.0378833 -0.0172199   0.765029 -0.0360643 -0.0147675   0.765025
-0.0378806 -0.0172137   0.765028  -0.036061 -0.0147605   0.765024
-0.0378779 -0.0172075   0.765028 -0.0360578 -0.0147537   0.765024
-0.0378753 -0.0172014   0.765028 -0.0360546  -0.014747   0.765024
-0.0378726 -0.0171953   0.765028 -0.0360515 -0.0147403   0.765024
  -0.03787 -0.0171892   0.765028 -0.0360483 -0.0147337   0.765023
-0.0378673 -0.0171831   0.765027 -0.0360452 -0.0147272   0.765023
-0.0378647 -0.0171771   0.765027 -0.0360419 -0.0147206   0.765023
-0.0378621 -0.0171711   0.765027 -0.0360387 -0.0147138   0.765022
-0.0378595 -0.0171651   0.765027 -0.0360354 -0.0147069   0.765022
-0.0378569 -0.0171591   0.765027  -0.036032 -0.0146999   0.765022
-0.0378543 -0.0171532   0.765027 -0.0360287  -0.014693   0.765022
-0.0378518 -0.0171473   0.765026 -0.0360255 -0.0146862   0.765022
-0.0378492 -0.0171414   0.765026 -0.0360222 -0.0146796   0.765022
-0.0378466 -0.0171355   0.765026 -0.0360191  -0.014673   0.765021
-0.0378441 -0.0171297   0.765026  -0.036016 -0.0146665   0.765021
-0.0378416 -0.0171238   0.765026  -0.036013 -0.0146602   0.765021
-0.0378391  -0.017118   0.765026   -0.03601 -0.0146539   0.765021
-0.0378366 -0.0171123   0.765025 -0.0360069 -0.0146477    0.76502
-0.0378341 -0.0171065   0.765025  -0.036004 -0.0146416    0.76502
-0.0378316 -0.0171008   0.765025  -0.036001 -0.0146356   0.765019
-0.0378291 -0.0170951   0.765025  -0.035998 -0.0146297   0.765019
-0.0378266 -0.0170894   0.765025  -0.035995 -0.0146236   0.765019
-0.0378242 -0.0170838   0.765025 -0.0359919 -0.0146174   0.765019
-0.0378217 -0.0170781   0.765024 -0.0359888  -0.014611   0.765019
-0.0378193 -0.0170725   0.765024 -0.0359856 -0.0146046   0.765018
-0.0378169 -0.0170669   0.765024 -0.0359824 -0.0145983   0.765018
-0.0378145 -0.0170614   0.765024 -0.0359794 -0.0145921   0.765018
 -0.037812 -0.0170558   0.765024 -0.0359763  -0.014586   0.765018
-0.0378097 -0.0170503   0.765024 -0.0359734   -0.01458   0.765018
-0.0378073 -0.0170449   0.765023 -0.0359705 -0.0145741   0.765018
-0.0378049 -0.0170394   0.765023 -0.0359676 -0.0145683   0.765017
-0.0378025 -0.0170339   0.765023 -0.0359647 -0.0145626   0.765017
-0.0378002 -0.0170285   0.765023 -0.0359619  -0.014557   0.765017
-0.0377978 -0.0170231   0.765023 -0.0359591 -0.0145514   0.765016
-0.0377955 -0.0170178   0.765023 -0.0359563 -0.0145459   0.765016
-0.0377932 -0.0170124   0.765022 -0.0359534 -0.0145403   0.765016
-0.0377909 -0.0170071   0.765022 -0.0359505 -0.0145346   0.765016
-0.0377886 -0.0170018   0.765022 -0.0359475 -0.0145287   0.765016
-0.0377863 -0.0169965   0.765022 -0.0359446  -0.014523   0.765015
 -0.037784 -0.0169913   0.765022 -0.0359417 -0.0145174   0.765015
-0.0377817 -0.0169861   0.765022 -0.0359388 -0.0145118   0.765015
-0.0377795 -0.0169808   0.765022  -0.035936 -0.0145064   0.765015
-0.0377772 -0.0169757   0.765021 -0.0359332  -0.014501   0.765015
 -0.037775 -0.0169705   0.765021 -0.0359305 -0.0144957   0.765014
-0.0377728 -0.0169654   0.765021 -0.0359278 -0.0144903   0.765014
-0.0377705 -0.0169603   0.765021  -0.035925 -0.0144849   0.765014
-0.0377683 -0.0169552   0.765021 -0.0359222 -0.0144796   0.765014
-0.0377661 -0.0169501   0.765021 -0.0359194 -0.0144743   0.765014
-0.0377639 -0.0169451    0.76502 -0.0359167 -0.0144691   0.765013
-0.0377617   -0.01694    0.76502 -0.0359139 -0.0144639   0.765013
-0.0377596  -0.016935    0.76502 -0.0359112 -0.0144587   0.765013
-0.0377574 -0.0169301    0.76502 -0.0359085 -0.0144536   0.765013
-0.0377553 -0.0169251    0.76502 -0.0359058 -0.0144485   0.765013
-0.0377531 -0.0169202    0.76502 -0.0359031 -0.0144434   0.765013
 -0.037751 -0.0169153    0.76502 -0.0359004 -0.0144383   0.765012
-0.0377489 -0.0169104   0.765019 -0.0358977 -0.0144333   0.765012
-0.0377468 -0.0169055   0.765019 -0.0358951 -0.0144284   0.765012
-0.0377447 -0.0169007   0.765019 -0.0358925 -0.0144235   0.765012
-0.0377426 -0.0168959   0.765019 -0.0358899 -0.0144187   0.765012
-0.0377405 -0.0168911   0.765019 -0.0358874  -0.014414   0.765011
-0.0377384 -0.0168863   0.765019 -0.0358848 -0.0144093   0.765011
-0.0377364 -0.0168816   0.765019 -0.0358822 -0.0144044   0.765011
-0.0377343 -0.0168768   0.765018 -0.0358795 -0.0143995   0.765011
-0.0377323 -0.0168721   0.765018 -0.0358769 -0.0143946   0.765011
-0.0377302 -0.0168675   0.765018 -0.0358743 -0.0143898   0.765011
-0.0377282 -0.0168628   0.765018 -0.0358718 -0.0143851   0.765011
-0.0377262 -0.0168582   0.765018 -0.0358692 -0.0143805    0.76501
-0.0377242 -0.0168536   0.765018 -0.0358668  -0.014376    0.76501
-0.0377222  -0.016849   0.765018 -0.0358643 -0.0143715    0.76501
-0.0377202 -0.0168444   0.765017 -0.0358619 -0.0143671    0.76501
-0.0377182 -0.0168398   0.765017 -0.0358595 -0.0143626   0.765009
-0.0377163 -0.0168353   0.765017  -0.035857 -0.0143581   0.765009
-0.0377143 -0.0168308   0.765017 -0.0358545 -0.0143536   0.765009
-0.0377124 -0.0168263   0.765017  -0.035852 -0.0143492   0.765009
-0.0377104 -0.0168219   0.765017 -0.0358496 -0.0143449   0.765009
-0.0377085 -0.0168174   0.765017 -0.0358472 -0.0143405   0.765009
-0.0377066  -0.016813   0.765017 -0.0358447 -0.0143362   0.765008
-0.0377047 -0.0168086   0.765016 -0.0358423 -0.0143319   0.765008
-0.0377028 -0.0168043   0.765016 -0.0358399 -0.0143276   0.765008
-0.0377009 -0.0167999   0.765016 -0.0358375 -0.0143234   0.765008
 -0.037699 -0.0167956   0.765016 -0.0358352 -0.0143193   0.765008
-0.0376971 -0.0167913   0.765016 -0.0358329 -0.0143153   0.765008
-0.0376953  -0.016787   0.765016 -0.0358305 -0.0143112   0.765007
-0.0376934 -0.0167827   0.765016 -0.0358281  -0.014307   0.765007
-0.0376916 -0.0167785   0.765016 -0.0358258 -0.0143029   0.765007
-0.0376897 -0.0167743   0.765015 -0.0358235 -0.0142989   0.765007
-0.0376879 -0.0167701   0.765015 -0.0358212 -0.0142949   0.765007
-0.0376861 -0.0167659   0.765015 -0.0358189  -0.014291   0.765007
-0.0376843 -0.0167617   0.765015 -0.0358166 -0.0142871   0.765007
-0.0376825 -0.0167576   0.765015 -0.0358143 -0.0142831   0.765006
-0.0376807 -0.0167535   0.765015  -0.035812 -0.0142792   0.765006
-0.0376789 -0.0167494   0.765015 -0.0358098 -0.0142754   0.765006
-0.0376772 -0.0167453   0.765015 -0.0358075 -0.0142716   0.765006
-0.0376754 -0.0167413   0.765014 -0.0358054 -0.0142679   0.765006
-0.0376737 -0.0167372   0.765014 -0.0358032 -0.0142643   0.765006
-0.0376719 -0.0167332   0.765014  -0.035801 -0.0142606   0.765005
-0.0376702 -0.0167292   0.765014 -0.0357988 -0.0142568   0.765005
-0.0376685 -0.0167253   0.765014 -0.0357966 -0.0142531   0.765005
-0.0376668 -0.0167213   0.765014 -0.0357944 -0.0142495   0.765005
-0.0376651 -0.0167174   0.765014 -0.0357923  -0.014246   0.765005
-0.0376634 -0.0167135   0.765014 -0.0357901 -0.0142425   0.765005
-0.0376617 -0.0167096   0.765013  -0.035788 -0.0142389   0.765005
  -0.03766 -0.0167058   0.765013 -0.0357858 -0.0142354   0.765004
-0.0376583 -0.0167019   0.765013 -0.0357837 -0.0142319   0.765004
-0.0376567 -0.0166981   0.765013 -0.0357815 -0.0142284   0.765004
 -0.037655 -0.0166943   0.765013 -0.0357795  -0.014225   0.765004
-0.0376534 -0.0166905   0.765013 -0.0357774 -0.0142217   0.765004
-0.0376517 -0.0166868   0.765013 -0.0357754 -0.0142184   0.765004
-0.0376501  -0.016683   0.765013 -0.0357733 -0.0142151   0.765004
-0.0376485 -0.0166793   0.765013 -0.0357712 -0.0142118   0.765003
-0.0376469 -0.0166756   0.765012 -0.0357692 -0.0142085   0.765003
-0.0376453  -0.016672   0.765012 -0.0357671 -0.0142052   0.765003
-0.0376437 -0.0166683   0.765012 -0.0357651  -0.014202   0.765003
-0.0376421 -0.0166647   0.765012 -0.0357631 -0.0141989   0.765003
-0.0376406  -0.016661   0.765012 -0.0357612 -0.0141958   0.765003
 -0.037639 -0.0166575   0.765012 -0.0357592 -0.0141927   0.765003
-0.0376375 -0.0166539   0.765012 -0.0357572 -0.0141896   0.765002
-0.0376359 -0.0166503   0.765012 -0.0357551 -0.0141864   0.765002
-0.0376344 -0.0166468   0.765012 -0.0357531 -0.0141833   0.765002
-0.0376328 -0.0166433   0.765012 -0.0357511 -0.0141802   0.765002
-0.0376313 -0.0166398   0.765011 -0.0357491 -0.0141772   0.765002
-0.0376298 -0.0166363   0.765011 -0.0357472 -0.0141742   0.765002
-0.0376283 -0.0166329   0.765011 -0.0357453 -0.0141713   0.765002
-0.0376268 -0.0166294   0.765011 -0.0357435 -0.0141685   0.765002
-0.0376253  -0.016626   0.765011 -0.0357416 -0.0141657   0.765002
-0.0376239 -0.0166226   0.765011 -0.0357398 -0.0141629   0.765001
-0.0376224 -0.0166192   0.765011  -0.035738 -0.0141602   0.765001
 -0.037621 -0.0166159   0.765011 -0.0357362 -0.0141574   0.765001
-0.0376195 -0.0166125   0.765011 -0.0357343 -0.0141546   0.765001
-0.0376181 -0.0166092   0.765011 -0.0357324 -0.0141518   0.765001
-0.0376166 -0.0166059    0.76501 -0.0357305  -0.014149   0.765001
-0.0376152 -0.0166026    0.76501 -0.0357286 -0.0141462   0.765001
-0.0376138 -0.0165994    0.76501 -0.0357268 -0.0141435      0.765
-0.0376124 -0.0165962    0.76501  -0.035725 -0.0141409      0.765
 -0.037611 -0.0165929    0.76501 -0.0357232 -0.0141383      0.765
-0.0376096 -0.0165897    0.76501 -0.0357214 -0.0141358      0.765
-0.0376082 -0.0165866    0.76501 -0.0357197 -0.0141333      0.765
-0.0376068 -0.0165834    0.76501  -0.035718 -0.0141308      0.765
-0.0376055 -0.0165803    0.76501 -0.0357163 -0.0141284   0.764999
-0.0376041 -0.0165771    0.76501 -0.0357145 -0.0141258   0.764999
-0.0376028  -0.016574   0.765009 -0.0357127 -0.0141233   0.764999
-0.0376014 -0.0165709   0.765009 -0.0357109 -0.0141208   0.764999
-0.0376001 -0.0165679   0.765009 -0.0357092 -0.0141184   0.764999
-0.0375988 -0.0165648   0.765009 -0.0357074  -0.014116   0.764999
-0.0375975 -0.0165618   0.765009 -0.0357057 -0.0141136   0.764999
-0.0375962 -0.0165588   0.765009 -0.0357041 -0.0141113   0.764999
-0.0375949 -0.0165558   0.765009 -0.0357024 -0.0141091   0.764999
-0.0375936 -0.0165528   0.765009 -0.0357008 -0.0141069   0.764998
-0.0375923 -0.0165499   0.765009 -0.0356992 -0.0141047   0.764998
 -0.037591 -0.0165469   0.765009 -0.0356976 -0.0141025   0.764998
-0.0375897  -0.016544   0.765009 -0.0356959 -0.0141003   0.764998
-0.0375885 -0.0165411   0.765009 -0.0356943 -0.0140981   0.764998
-0.0375872 -0.0165382   0.765008 -0.0356927  -0.014096   0.764998
 -0.037586 -0.0165354   0.765008 -0.0356911 -0.0140939   0.764998
-0.0375848 -0.0165325   0.765008 -0.0356895 -0.0140919   0.764998
-0.0375835 -0.0165297   0.765008 -0.0356879 -0.0140899   0.764997
-0.0375823 -0.0165269   0.765008 -0.0356863 -0.0140878   0.764997
-0.0375811 -0.0165241   0.765008 -0.0356847 -0.0140858   0.764997
-0.0375799 -0.0165214   0.765008 -0.0356832 -0.0140839   0.764997
-0.0375787 -0.0165186   0.765008 -0.0356816  -0.014082   0.764997
-0.0375775 -0.0165159   0.765008 -0.0356801 -0.0140801   0.764997
-0.0375763 -0.0165132   0.765008 -0.0356786 -0.0140783   0.764997
-0.0375752 -0.0165105   0.765008 -0.0356772 -0.0140765   0.764997
 -0.037574 -0.0165078   0.765008 -0.0356757 -0.0140747   0.764997
-0.0375728 -0.0165051   0.765007 -0.0356741 -0.0140728   0.764997
-0.0375717 -0.0165025   0.765007 -0.0356726  -0.014071   0.764997
-0.0375706 -0.0164999   0.765007 -0.0356711 -0.0140693   0.764996
-0.0375694 -0.0164973   0.765007 -0.0356697 -0.0140676   0.764996
-0.0375683 -0.0164947   0.765007 -0.0356683 -0.0140659   0.764996
-0.0375672 -0.0164921   0.765007 -0.0356668 -0.0140643   0.764996
-0.0375661 -0.0164895   0.765007 -0.0356654 -0.0140627   0.764996
-0.037565 -0.016487  0.765007  -0.035664 -0.0140611   0.764996
-0.0375639 -0.0164845   0.765007 -0.0356626 -0.0140595   0.764996
-0.0375628  -0.016482   0.765007 -0.0356612 -0.0140579   0.764996
-0.0375617 -0.0164795   0.765007 -0.0356597 -0.0140564   0.764996
-0.0375606  -0.016477   0.765007 -0.0356583 -0.0140548   0.764996
-0.0375596 -0.0164746   0.765007 -0.0356569 -0.0140533   0.764996
-0.0375585 -0.0164721   0.765006 -0.0356556 -0.0140519   0.764996
-0.0375575 -0.0164697   0.765006 -0.0356542 -0.0140505   0.764996
-0.0375564 -0.0164673   0.765006 -0.0356529 -0.0140491   0.764995
-0.0375554  -0.016465   0.765006 -0.0356516 -0.0140477   0.764995
-0.0375544 -0.0164626   0.765006 -0.0356503 -0.0140464   0.764995
-0.0375534 -0.0164602   0.765006  -0.035649 -0.0140451   0.764995
-0.0375523 -0.0164579   0.765006 -0.0356478 -0.0140438   0.764995
-0.0375513 -0.0164556   0.765006 -0.0356465 -0.0140425   0.764995
-0.0375503 -0.0164533   0.765006 -0.0356452 -0.0140412   0.764995
-0.0375493  -0.016451   0.765006 -0.0356438 -0.0140399   0.764995
-0.0375484 -0.0164488   0.765006 -0.0356425 -0.0140386   0.764995
-0.0375474 -0.0164465   0.765006 -0.0356411 -0.0140374   0.764995
-0.0375464 -0.0164443   0.765006 -0.0356399 -0.0140362   0.764995
-0.0375455 -0.0164421   0.765006 -0.0356386  -0.014035   0.764995
-0.0375445 -0.0164399   0.765006 -0.0356374 -0.0140339   0.764995
-0.0375436 -0.0164377   0.765005 -0.0356362 -0.0140328   0.764994
-0.0375426 -0.0164355   0.765005  -0.035635 -0.0140317   0.764994
-0.0375417 -0.0164334   0.765005 -0.0356338 -0.0140306   0.764994
-0.0375408 -0.0164313   0.765005 -0.0356326 -0.0140296   0.764994
-0.0375398 -0.0164291   0.765005 -0.0356315 -0.0140286   0.764994
-0.0375389  -0.016427   0.765005 -0.0356304 -0.0140277   0.764994
-0.037538 -0.016425  0.765005 -0.0356292 -0.0140267   0.764994
-0.0375371 -0.0164229   0.765005  -0.035628 -0.0140257   0.764994
-0.0375362 -0.0164208   0.765005 -0.0356268 -0.0140247   0.764994
-0.0375354 -0.0164188   0.765005 -0.0356256 -0.0140238   0.764994
-0.0375345 -0.0164168   0.765005 -0.0356244 -0.0140228   0.764994
-0.0375336 -0.0164148   0.765005 -0.0356232 -0.0140219   0.764994
-0.0375327 -0.0164128   0.765005 -0.0356221 -0.0140211   0.764994
-0.0375319 -0.0164108   0.765005  -0.035621 -0.0140202   0.764993
 -0.037531 -0.0164089   0.765005 -0.0356199 -0.0140194   0.764993
-0.0375302 -0.0164069   0.765005 -0.0356188 -0.0140187   0.764993
-0.0375294  -0.016405   0.765004 -0.0356178 -0.0140179   0.764993
-0.0375285 -0.0164031   0.765004 -0.0356167 -0.0140172   0.764993
-0.0375277 -0.0164012   0.765004 -0.0356157 -0.0140165   0.764993
-0.0375269 -0.0163993   0.765004 -0.0356146 -0.0140158   0.764993
-0.0375261 -0.0163975   0.765004 -0.0356136 -0.0140151   0.764993
-0.0375253 -0.0163956   0.765004 -0.0356125 -0.0140144   0.764993
-0.0375245 -0.0163938   0.765004 -0.0356113 -0.0140137   0.764993
-0.0375237  -0.016392   0.765004 -0.0356101 -0.0140131   0.764993
-0.0375229 -0.0163902   0.765004 -0.0356089 -0.0140124   0.764993
-0.0375222 -0.0163884   0.765004 -0.0356078 -0.0140118   0.764994
-0.0375214 -0.0163866   0.765004 -0.0356067 -0.0140111   0.764994
-0.0375206 -0.0163849   0.765004 -0.0356057 -0.0140105   0.764994
-0.0375199 -0.0163831   0.765004 -0.0356047 -0.0140099   0.764994
-0.0375191 -0.0163814   0.765004 -0.0356037 -0.0140093   0.764994
-0.0375184 -0.0163797   0.765004 -0.0356027 -0.0140087   0.764994
-0.0375176  -0.016378   0.765004 -0.0356017 -0.0140081   0.764994
-0.0375169 -0.0163763   0.765004 -0.0356007 -0.0140075   0.764995
-0.0375162 -0.0163747   0.765004 -0.0355996 -0.0140068   0.764995
-0.0375155  -0.016373   0.765004 -0.0355986 -0.0140062   0.764995
-0.0375148 -0.0163714   0.765004 -0.0355976 -0.0140056   0.764996
 -0.037514 -0.0163698   0.765003 -0.0355967  -0.014005   0.764996
-0.0375133 -0.0163681   0.765003 -0.0355958 -0.0140044   0.764996
-0.0375127 -0.0163666   0.765003 -0.0355949 -0.0140038   0.764996
-0.037512 -0.016365  0.765003 -0.0355939 -0.0140032   0.764996
-0.0375113 -0.0163634   0.765003  -0.035593 -0.0140025   0.764997
-0.0375106 -0.0163619   0.765003  -0.035592 -0.0140019   0.764997
  -0.03751 -0.0163603   0.765003 -0.0355911 -0.0140012   0.764997
-0.0375093 -0.0163588   0.765003 -0.0355902 -0.0140006   0.764998
-0.0375086 -0.0163573   0.765003 -0.0355894     -0.014   0.764998
 -0.037508 -0.0163558   0.765003 -0.0355885 -0.0139993   0.764998
-0.0375073 -0.0163543   0.765003 -0.0355877 -0.0139987   0.764998
-0.0375067 -0.0163528   0.765003 -0.0355869 -0.0139982   0.764998
-0.0375061 -0.0163514   0.765003 -0.0355861 -0.0139976   0.764998
-0.0375054   -0.01635   0.765003 -0.0355853  -0.013997   0.764999
-0.0375048 -0.0163485   0.765003 -0.0355845 -0.0139965   0.764999
-0.0375042 -0.0163471   0.765003 -0.0355837 -0.0139959   0.764999
-0.0375036 -0.0163457   0.765003 -0.0355829 -0.0139954   0.764999
 -0.037503 -0.0163443   0.765003 -0.0355821 -0.0139948      0.765
-0.0375024  -0.016343   0.765003 -0.0355813 -0.0139943      0.765
-0.0375018 -0.0163416   0.765003 -0.0355805 -0.0139938      0.765
-0.0375012 -0.0163403   0.765003 -0.0355798 -0.0139933      0.765
-0.0375007 -0.0163389   0.765003 -0.0355791 -0.0139928   0.765001
-0.0375001 -0.0163376   0.765003 -0.0355785 -0.0139923   0.765001
-0.0374995 -0.0163363   0.765002 -0.0355778 -0.0139918   0.765001
-0.037499 -0.016335  0.765002 -0.0355772 -0.0139913   0.765001
-0.0374984 -0.0163337   0.765002 -0.0355765 -0.0139907   0.765002
-0.0374979 -0.0163325   0.765002 -0.0355758 -0.0139902   0.765002
-0.0374973 -0.0163312   0.765002 -0.0355752 -0.0139896   0.765002
-0.0374968   -0.01633   0.765002 -0.0355746 -0.0139891   0.765002
-0.0374962 -0.0163288   0.765002  -0.035574 -0.0139886   0.765003
-0.0374957 -0.0163275   0.765002 -0.0355734 -0.0139881   0.765003
-0.0374952 -0.0163263   0.765002 -0.0355728 -0.0139877   0.765003
-0.0374947 -0.0163252   0.765002 -0.0355722 -0.0139872   0.765003
-0.0374942  -0.016324   0.765002 -0.0355717 -0.0139868   0.765003
-0.0374937 -0.0163228   0.765002 -0.0355712 -0.0139863   0.765003
-0.0374932 -0.0163217   0.765002 -0.0355706 -0.0139858   0.765004
-0.0374927 -0.0163205   0.765002 -0.0355701 -0.0139853   0.765004
-0.0374922 -0.0163194   0.765002 -0.0355696 -0.0139849   0.765004
-0.0374917 -0.0163183   0.765002  -0.035569 -0.0139844   0.765004
-0.0374912 -0.0163172   0.765002 -0.0355686  -0.013984   0.765004
-0.0374907 -0.0163161   0.765002 -0.0355681 -0.0139835   0.765005
-0.0374903  -0.016315   0.765002 -0.0355677 -0.0139831   0.765005
-0.0374898  -0.016314   0.765002 -0.0355673 -0.0139826   0.765005
-0.0374894 -0.0163129   0.765002 -0.0355669  -0.013982   0.765005
-0.0374889 -0.0163119   0.765002 -0.0355665 -0.0139815   0.765005
-0.0374885 -0.0163108   0.765002 -0.0355661 -0.0139809   0.765005
 -0.037488 -0.0163098   0.765002 -0.0355658 -0.0139804   0.765006
-0.0374876 -0.0163088   0.765002 -0.0355654 -0.0139799   0.765006
-0.0374871 -0.0163078   0.765002 -0.0355651 -0.0139793   0.765006
-0.0374867 -0.0163068   0.765002 -0.0355648 -0.0139788   0.765006
-0.0374863 -0.0163059   0.765002 -0.0355645 -0.0139783   0.765006
-0.0374859 -0.0163049   0.765002 -0.0355642 -0.0139779   0.765006
-0.0374855  -0.016304   0.765002 -0.0355639 -0.0139774   0.765006
-0.0374851  -0.016303   0.765001 -0.0355636  -0.013977   0.765006
-0.0374847 -0.0163021   0.765001 -0.0355633 -0.0139765   0.765006
-0.0374843 -0.0163012   0.765001 -0.0355631 -0.0139761   0.765006
-0.0374839 -0.0163003   0.765001 -0.0355628 -0.0139757   0.765006
-0.0374835 -0.0162994   0.765001 -0.0355625 -0.0139753   0.765006
-0.0374831 -0.0162985   0.765001 -0.0355622 -0.0139748   0.765006
-0.0374827 -0.0162976   0.765001 -0.0355619 -0.0139744   0.765007
-0.0374823 -0.0162968   0.765001 -0.0355616 -0.0139739   0.765007
 -0.037482 -0.0162959   0.765001 -0.0355613 -0.0139735   0.765007
-0.0374816 -0.0162951   0.765001 -0.0355611 -0.0139731   0.765007
-0.0374813 -0.0162943   0.765001 -0.0355608 -0.0139727   0.765007
-0.0374809 -0.0162934   0.765001 -0.0355605 -0.0139723   0.765007
-0.0374806 -0.0162926   0.765001 -0.0355603 -0.0139719   0.765007
-0.0374802 -0.0162918   0.765001 -0.0355601 -0.0139715   0.765007
-0.0374799 -0.0162911   0.765001 -0.0355599 -0.0139711   0.765007
-0.0374795 -0.0162903   0.765001 -0.0355598 -0.0139707   0.765007
-0.0374792 -0.0162895   0.765001 -0.0355596 -0.0139703   0.765008
-0.0374789 -0.0162888   0.765001 -0.0355594 -0.0139699   0.765008
-0.0374785  -0.016288   0.765001 -0.0355593 -0.0139696   0.765008
-0.0374782 -0.0162873   0.765001 -0.0355591 -0.0139692   0.765008
-0.0374779 -0.0162866   0.765001  -0.035559 -0.0139688   0.765008
-0.0374776 -0.0162859   0.765001 -0.0355588 -0.0139685   0.765008
-0.0374773 -0.0162852   0.765001 -0.0355587 -0.0139681   0.765008
 -0.037477 -0.0162845   0.765001 -0.0355585 -0.0139677   0.765008
-0.0374767 -0.0162838   0.765001 -0.0355584 -0.0139673   0.765008
-0.0374764 -0.0162831   0.765001 -0.0355583  -0.013967   0.765008
-0.0374761 -0.0162824   0.765001 -0.0355582 -0.0139666   0.765008
-0.0374758 -0.0162818   0.765001 -0.0355581 -0.0139663   0.765008
-0.0374756 -0.0162811   0.765001  -0.035558 -0.0139659   0.765008
-0.0374753 -0.0162805   0.765001 -0.0355579 -0.0139655   0.765008
 -0.037475 -0.0162799   0.765001 -0.0355579 -0.0139651   0.765008
-0.0374747 -0.0162793   0.765001 -0.0355578 -0.0139648   0.765008
-0.0374745 -0.0162787   0.765001 -0.0355578 -0.0139644   0.765008
-0.0374742 -0.0162781   0.765001 -0.0355577 -0.0139641   0.765008
 -0.037474 -0.0162775   0.765001 -0.0355577 -0.0139637   0.765008
-0.0374737 -0.0162769   0.765001 -0.0355576 -0.0139633   0.765008
-0.0374735 -0.0162763   0.765001 -0.0355576  -0.013963   0.765008
-0.0374732 -0.0162758   0.765001 -0.0355576 -0.0139626   0.765008
 -0.037473 -0.0162752   0.765001 -0.0355576 -0.0139623   0.765008
-0.0374727 -0.0162747   0.765001 -0.0355575 -0.0139619   0.765008
-0.0374725 -0.0162741   0.765001 -0.0355575 -0.0139616   0.765008
-0.0374723 -0.0162736   0.765001 -0.0355576 -0.0139613   0.765008
-0.0374721 -0.0162731   0.765001 -0.0355576 -0.0139609   0.765008
-0.0374718 -0.0162726   0.765001 -0.0355576 -0.0139606   0.765008
-0.0374716 -0.0162721   0.765001 -0.0355576 -0.0139603   0.765008
-0.0374714 -0.0162716   0.765001 -0.0355577   -0.01396   0.765008
-0.0374712 -0.0162711   0.765001 -0.0355578 -0.0139596   0.765008
 -0.037471 -0.0162706   0.765001 -0.0355578 -0.0139593   0.765008
-0.0374708 -0.0162702   0.765001 -0.0355579  -0.013959   0.765008
-0.0374706 -0.0162697      0.765 -0.0355579 -0.0139587   0.765008
-0.0374704 -0.0162693      0.765  -0.035558 -0.0139584   0.765008
-0.0374702 -0.0162688      0.765  -0.035558 -0.0139581   0.765008
  -0.03747 -0.0162684      0.765 -0.0355581 -0.0139577   0.765008
-0.0374698 -0.0162679      0.765 -0.0355582 -0.0139574   0.765008
-0.0374696 -0.0162675      0.765 -0.0355583 -0.0139572   0.765008
-0.0374695 -0.0162671      0.765 -0.0355584 -0.0139569   0.765008
-0.0374693 -0.0162667      0.765 -0.0355585 -0.0139566   0.765008
-0.0374691 -0.0162663      0.765 -0.0355586 -0.0139563   0.765008
 -0.037469 -0.0162659      0.765 -0.0355587  -0.013956   0.765008
-0.0374688 -0.0162656      0.765 -0.0355589 -0.0139557   0.765008
-0.0374686 -0.0162652      0.765  -0.035559 -0.0139555   0.765008
-0.0374685 -0.0162648      0.765 -0.0355592 -0.0139552   0.765008
-0.0374683 -0.0162645      0.765 -0.0355593  -0.013955   0.765008
-0.0374682 -0.0162641      0.765 -0.0355595 -0.0139547   0.765008
 -0.037468 -0.0162638      0.765 -0.0355596 -0.0139544   0.765008
-0.0374679 -0.0162634      0.765 -0.0355598 -0.0139542   0.765008
-0.0374677 -0.0162631      0.765 -0.0355599 -0.0139539   0.765008
-0.0374676 -0.0162628      0.765 -0.0355601 -0.0139536   0.765008
-0.0374674 -0.0162625      0.765 -0.0355602 -0.0139534   0.765008
-0.0374673 -0.0162621      0.765 -0.0355604 -0.0139532   0.765008
-0.0374672 -0.0162618      0.765 -0.0355606 -0.0139529   0.765008
 -0.037467 -0.0162615      0.765 -0.0355607 -0.0139527   0.765008
-0.0374669 -0.0162613      0.765 -0.0355609 -0.0139525   0.765008
-0.0374668  -0.016261      0.765 -0.0355611 -0.0139523   0.765007
-0.0374667 -0.0162607      0.765 -0.0355613 -0.0139521   0.765007
-0.0374666 -0.0162604      0.765 -0.0355615 -0.0139519   0.765007
-0.0374664 -0.0162602      0.765 -0.0355617 -0.0139517   0.765007
-0.0374663 -0.0162599      0.765 -0.0355619 -0.0139515   0.765007
-0.0374662 -0.0162597      0.765 -0.0355622 -0.0139513   0.765007
-0.0374661 -0.0162594      0.765 -0.0355624 -0.0139511   0.765007
 -0.037466 -0.0162592      0.765 -0.0355626 -0.0139509   0.765007
-0.0374659 -0.0162589      0.765 -0.0355629 -0.0139507   0.765007
-0.0374658 -0.0162587      0.765 -0.0355631 -0.0139505   0.765007
-0.0374657 -0.0162585      0.765 -0.0355634 -0.0139504   0.765007
-0.0374656 -0.0162583      0.765 -0.0355636 -0.0139502   0.765007
-0.0374655 -0.0162581      0.765 -0.0355639 -0.0139501   0.765007
-0.0374654 -0.0162579      0.765 -0.0355642 -0.0139499   0.765007
-0.0374654 -0.0162577      0.765 -0.0355644 -0.0139497   0.765006
-0.0374653 -0.0162575      0.765 -0.0355647 -0.0139496   0.765006
-0.0374652 -0.0162573      0.765  -0.035565 -0.0139494   0.765006
-0.0374651 -0.0162571      0.765 -0.0355653 -0.0139493   0.765006
 -0.037465 -0.0162569      0.765 -0.0355656 -0.0139491   0.765006
 -0.037465 -0.0162567      0.765 -0.0355659  -0.013949   0.765006
-0.0374649 -0.0162566      0.765 -0.0355662 -0.0139488   0.765006
-0.0374648 -0.0162564      0.765 -0.0355665 -0.0139487   0.765006
-0.0374647 -0.0162562      0.765 -0.0355669 -0.0139485   0.765006
-0.0374647 -0.0162561      0.765 -0.0355672 -0.0139483   0.765006
-0.0374646 -0.0162559      0.765 -0.0355675 -0.0139482   0.765005
-0.0374646 -0.0162558      0.765 -0.0355678  -0.013948   0.765005
-0.0374645 -0.0162557      0.765 -0.0355682 -0.0139479   0.765005
-0.0374644 -0.0162555      0.765 -0.0355685 -0.0139478   0.765005
-0.0374644 -0.0162554      0.765 -0.0355688 -0.0139477   0.765005
-0.0374643 -0.0162553      0.765 -0.0355692 -0.0139475   0.765005
-0.0374643 -0.0162552      0.765 -0.0355695 -0.0139475   0.765005
-0.0374642  -0.016255      0.765 -0.0355699 -0.0139474   0.765005
-0.0374642 -0.0162549      0.765 -0.0355703 -0.0139473   0.765005
-0.0374641 -0.0162548      0.765 -0.0355706 -0.0139472   0.765005
-0.0374641 -0.0162547      0.765  -0.035571 -0.0139471   0.765005
 -0.037464 -0.0162546      0.765 -0.0355714  -0.013947   0.765004
 -0.037464 -0.0162545      0.765 -0.0355717 -0.0139469   0.765004
 -0.037464 -0.0162544      0.765 -0.0355721 -0.0139468   0.765004
-0.0374639 -0.0162543      0.765 -0.0355725 -0.0139468   0.765004
-0.0374639 -0.0162542      0.765 -0.0355729 -0.0139467   0.765004
-0.0374638 -0.0162542      0.765 -0.0355733 -0.0139467   0.765004
-0.0374638 -0.0162541      0.765 -0.0355737 -0.0139466   0.765004
-0.0374638  -0.016254      0.765 -0.0355741 -0.0139466   0.765004
-0.0374637 -0.0162539      0.765 -0.0355744 -0.0139465   0.765004
-0.0374637 -0.0162539      0.765 -0.0355748 -0.0139465   0.765004
-0.0374637 -0.0162538      0.765 -0.0355752 -0.0139465   0.765003
-0.0374637 -0.0162537      0.765 -0.0355757 -0.0139465   0.765003
-0.0374636 -0.0162537      0.765 -0.0355761 -0.0139464   0.765003
-0.0374636 -0.0162536      0.765 -0.0355765 -0.0139464   0.765003
-0.0374636 -0.0162536      0.765 -0.0355769 -0.0139464   0.765003
-0.0374636 -0.0162535      0.765 -0.0355773 -0.0139464   0.765003
-0.0374635 -0.0162535      0.765 -0.0355777 -0.0139464   0.765003
-0.0374635 -0.0162534      0.765 -0.0355782 -0.0139464   0.765003
-0.0374635 -0.0162534      0.765 -0.0355786 -0.0139464   0.765002
-0.0374635 -0.0162534      0.765  -0.035579 -0.0139465   0.765002
-0.0374635 -0.0162533      0.765 -0.0355794 -0.0139465   0.765002
-0.0374635 -0.0162533      0.765 -0.0355799 -0.0139465   0.765002
-0.0374634 -0.0162532      0.765 -0.0355803 -0.0139466   0.765002
-0.0374634 -0.0162532      0.765 -0.0355808 -0.0139466   0.765002
-0.0374634 -0.0162532      0.765 -0.0355812 -0.0139466   0.765002
-0.0374634 -0.0162532      0.765 -0.0355817 -0.0139467   0.765002
-0.0374634 -0.0162531      0.765 -0.0355821 -0.0139467   0.765002
-0.0374634 -0.0162531      0.765 -0.0355826 -0.0139467   0.765001
-0.0374634 -0.0162531      0.765  -0.035583 -0.0139468   0.765001
-0.0374634 -0.0162531      0.765 -0.0355835 -0.0139469   0.765001
-0.0374634 -0.0162531      0.765 -0.035584 -0.013947  0.765001
-0.0374634  -0.016253      0.765 -0.0355844  -0.013947   0.765001
-0.0374634  -0.016253      0.765 -0.0355849 -0.0139471   0.765001
-0.0374633  -0.016253      0.765 -0.0355853 -0.0139472   0.765001
-0.0374633  -0.016253      0.765 -0.0355858 -0.0139473   0.765001
-0.0374633  -0.016253      0.765 -0.0355863 -0.0139474   0.765001
-0.0374633  -0.016253      0.765 -0.0355867 -0.0139475      0.765
-0.0374633  -0.016253      0.765 -0.0355872 -0.0139476      0.765
-0.0374633  -0.016253      0.765 -0.0355877 -0.0139477      0.765
-0.0374633  -0.016253      0.765 -0.0355882 -0.0139478      0.765
-0.0374633  -0.016253      0.765 -0.0355887 -0.0139479      0.765
-0.0374633  -0.016253      0.765 -0.0355892  -0.013948      0.765
-0.0374633  -0.016253      0.765 -0.0355897 -0.0139481      0.765
-0.0374633  -0.016253      0.765 -0.0355902 -0.0139482      0.765
-0.0374633  -0.016253      0.765 -0.0355907 -0.0139484      0.765
-0.0374633  -0.016253      0.765 -0.0355912 -0.0139485   0.764999
-0.0374633  -0.016253      0.765 -0.0355917 -0.0139487   0.764999
-0.0374633  -0.016253      0.765 -0.0355922 -0.0139489   0.764999
-0.0374633  -0.016253      0.765 -0.0355927  -0.013949   0.764999
-0.0374633  -0.016253      0.765 -0.0355932 -0.0139492   0.764999
-0.0355937 -0.0139493   0.764999 -0.0355937 -0.0139493   0.764999
-0.0355937 -0.0139493   0.764999 -0.0355942 -0.0139495   0.764999
-0.0355937 -0.0139493   0.764999 -0.0355947 -0.0139496   0.764999
-0.0355937 -0.0139493   0.764999 -0.0355917  -0.013947   0.764999
-0.0355936 -0.0139494   0.764999 -0.0355857 -0.0139416      0.765
-0.0355936 -0.0139494   0.764999 -0.0355772 -0.0139336   0.765002
-0.0355935 -0.0139494   0.764999 -0.0355674 -0.0139236   0.765004
-0.0355934 -0.0139495   0.764999 -0.0355575 -0.0139121   0.765007
-0.0355933 -0.0139496   0.764999 -0.0355482 -0.0138991    0.76501
-0.0355931 -0.0139497   0.764999 -0.0355403  -0.013885   0.765014
-0.0355929 -0.0139498   0.764999 -0.035534  -0.01387  0.765019
-0.0355927   -0.01395   0.764999 -0.0355292 -0.0138551   0.765024
-0.0355924 -0.0139502   0.764999 -0.0355257 -0.0138403    0.76503
 -0.035592 -0.0139504   0.764999 -0.0355229 -0.0138257   0.765036
-0.0355916 -0.0139507   0.764999  -0.035521 -0.0138113   0.765042
-0.0355911  -0.013951   0.764999 -0.0355197 -0.0137975   0.765049
-0.0355905 -0.0139514   0.764999 -0.0355191  -0.013784   0.765055
-0.0355899 -0.0139518   0.764999 -0.0355189 -0.0137708   0.765062
-0.0355892 -0.0139522   0.764999 -0.0355192 -0.0137579   0.765068
-0.0355884 -0.0139528   0.764999 -0.0355201 -0.0137453   0.765073
-0.0355876 -0.0139533   0.764999 -0.0355214  -0.013733   0.765079
-0.0355866 -0.0139539   0.764999 -0.0355231 -0.0137213   0.765084
-0.0355856 -0.0139546   0.764999 -0.0355252 -0.0137103   0.765089
-0.0355844 -0.0139554   0.764999 -0.0355274 -0.0136998   0.765094
-0.0355832 -0.0139562   0.764999 -0.0355299 -0.0136901   0.765099
-0.0355818 -0.0139571   0.764999 -0.0355322 -0.0136811   0.765104
-0.0355803  -0.013958   0.764999 -0.0355347 -0.0136726    0.76511
-0.0355788 -0.0139591   0.764999 -0.0355371 -0.0136649   0.765115
-0.0355771 -0.0139602   0.764999 -0.0355397 -0.0136577    0.76512
-0.0355752 -0.0139614   0.764999 -0.0355424 -0.0136511   0.765125
-0.0355733 -0.0139626   0.764999 -0.0355455 -0.0136451   0.765129
-0.0355712  -0.013964   0.764999 -0.0355487 -0.0136397   0.765133
 -0.035569 -0.0139654   0.764999 -0.0355519 -0.0136348   0.765137
-0.0355666  -0.013967   0.764999 -0.0355548 -0.0136304   0.765141
-0.0355642 -0.0139686   0.764999 -0.0355574 -0.0136266   0.765145
-0.0355615 -0.0139703   0.764999 -0.0355595 -0.0136233   0.765149
-0.0355587 -0.0139722   0.764999 -0.0355613 -0.0136205   0.765153
-0.0355558 -0.0139741   0.764999 -0.0355628 -0.0136183   0.765157
-0.0355527 -0.0139761   0.764999 -0.0355641 -0.0136166   0.765161
-0.0355494 -0.0139783   0.764999 -0.0355657 -0.0136153   0.765165
 -0.035546 -0.0139805   0.764999 -0.0355674 -0.0136144   0.765168
-0.0355424 -0.0139829   0.764999 -0.0355692 -0.0136138   0.765171
-0.0355386 -0.0139853   0.764999  -0.035571 -0.0136137   0.765174
-0.0355346 -0.0139879   0.764999 -0.0355728 -0.0136139   0.765177
-0.0355305 -0.0139906   0.764999 -0.0355742 -0.0136146    0.76518
-0.0355262 -0.0139934   0.764999 -0.0355753 -0.0136156   0.765184
-0.0355217 -0.0139964   0.764999  -0.035576 -0.0136171   0.765187
-0.0355169 -0.0139994   0.764999 -0.0355764  -0.013619   0.765191
-0.0355121 -0.0140026   0.764999 -0.0355766 -0.0136213   0.765194
-0.035507 -0.014006  0.764999  -0.035577 -0.0136239   0.765198
-0.0355017 -0.0140094   0.764999 -0.0355775 -0.0136268   0.765201
-0.0354961  -0.014013   0.764999 -0.0355781 -0.0136299   0.765204
-0.0354904 -0.0140168   0.764999 -0.0355788 -0.0136334   0.765207
-0.0354845 -0.0140206   0.764999 -0.0355794 -0.0136371   0.765209
-0.0354783 -0.0140247   0.764999 -0.0355799 -0.0136411   0.765212
 -0.035472 -0.0140288   0.764999 -0.0355802 -0.0136453   0.765215
-0.0354654 -0.0140331   0.764999 -0.0355802 -0.0136499   0.765218
-0.0354586 -0.0140376   0.764999   -0.03558 -0.0136548   0.765221
-0.0354515 -0.0140422   0.764999 -0.0355797   -0.01366   0.765224
-0.0354442  -0.014047   0.764999 -0.0355795 -0.0136654   0.765227
-0.0354367 -0.0140519   0.764999 -0.0355795  -0.013671    0.76523
-0.0354289 -0.0140569   0.764999 -0.0355796 -0.0136768   0.765233
-0.0354209 -0.0140622   0.764999 -0.0355798 -0.0136828   0.765236
-0.0354126 -0.0140676   0.764999 -0.0355802 -0.0136889   0.765238
-0.0354041 -0.0140731   0.764999 -0.0355805 -0.0136952   0.765241
-0.0353954 -0.0140789   0.764999 -0.0355808 -0.0137016   0.765244
-0.0353863 -0.0140848   0.764999  -0.035581 -0.0137083   0.765246
-0.0353771 -0.0140908   0.764999 -0.0355811 -0.0137152   0.765249
-0.0353675 -0.0140971   0.764999 -0.0355812 -0.0137222   0.765253
-0.0353577 -0.0141035   0.764999 -0.0355814 -0.0137295   0.765256
-0.0353476 -0.0141101   0.764999 -0.0355817 -0.0137368   0.765258
-0.0353372 -0.0141168   0.764999 -0.0355821 -0.0137443   0.765261
-0.0353266 -0.0141238   0.764999 -0.0355828 -0.0137518   0.765264
-0.0353157 -0.0141309   0.764999 -0.0355835 -0.0137594   0.765267
-0.0353045 -0.0141382   0.764999 -0.0355843 -0.0137671   0.765269
 -0.035293 -0.0141457   0.764999 -0.0355852 -0.0137749   0.765272
-0.0352812 -0.0141534   0.764999  -0.035586 -0.0137827   0.765275
-0.0352691 -0.0141613   0.764999 -0.0355869 -0.0137907   0.765278
-0.0352567 -0.0141694   0.764999 -0.0355877 -0.0137988   0.765281
-0.0352441 -0.0141777   0.764999 -0.0355886  -0.013807   0.765284
-0.0352311 -0.0141862   0.764999 -0.0355897 -0.0138153   0.765287
-0.0352178 -0.0141948   0.764999 -0.0355908 -0.0138236    0.76529
-0.0352042 -0.0142037   0.764999 -0.0355921  -0.013832   0.765292
-0.0351904 -0.0142128   0.764999 -0.0355934 -0.0138403   0.765295
-0.0351761  -0.014222   0.764999 -0.0355949 -0.0138487   0.765298
-0.0351616 -0.0142315   0.764999 -0.0355964  -0.013857   0.765301
-0.0351468 -0.0142412   0.764999 -0.0355979 -0.0138655   0.765304
-0.0351316 -0.0142511   0.764999 -0.0355995 -0.0138739   0.765307
-0.0351161 -0.0142612   0.764999  -0.035601 -0.0138824    0.76531
-0.0351003 -0.0142716   0.764999 -0.0356026 -0.0138909   0.765313
-0.0350842 -0.0142821   0.764999 -0.0356042 -0.0138995   0.765316
-0.0350677 -0.0142929   0.764999 -0.0356059 -0.0139081   0.765319
-0.0350509 -0.0143039   0.764999 -0.0356077 -0.0139166   0.765322
-0.0350337 -0.0143151   0.764999 -0.0356095 -0.0139251   0.765325
-0.0350162 -0.0143265   0.764999 -0.0356113 -0.0139336   0.765327
-0.0349984 -0.0143382   0.764999 -0.0356132  -0.013942    0.76533
-0.0349802   -0.01435   0.764999 -0.0356151 -0.0139504   0.765333
-0.0349617 -0.0143621   0.764999 -0.0356169 -0.0139588   0.765336
-0.0349428 -0.0143745   0.764999 -0.0356187 -0.0139672   0.765339
-0.0349235  -0.014387   0.764999 -0.0356206 -0.0139756   0.765342
-0.0349039 -0.0143998   0.764999 -0.0356224  -0.013984   0.765345
 -0.034884 -0.0144129   0.764999 -0.0356242 -0.0139924   0.765348
-0.0348637 -0.0144261   0.764999 -0.0356261 -0.0140007   0.765351
 -0.034843 -0.0144397   0.764999 -0.0356279  -0.014009   0.765354
-0.0348219 -0.0144534   0.764999 -0.0356298 -0.0140172   0.765356
-0.0348005 -0.0144674   0.764999 -0.0356316 -0.0140253   0.765359
-0.0347787 -0.0144816   0.764999 -0.0356335 -0.0140333   0.765362
-0.0347565 -0.0144961   0.764999 -0.0356352 -0.0140413   0.765364
 -0.034734 -0.0145108   0.764999 -0.0356368 -0.0140493   0.765367
-0.0347111 -0.0145258   0.764999 -0.0356383 -0.0140573    0.76537
-0.0346878  -0.014541   0.764999 -0.0356397 -0.0140652   0.765373
-0.0346641 -0.0145565   0.764999 -0.0356411 -0.0140731   0.765375
  -0.03464 -0.0145722   0.764999 -0.0356425 -0.0140809   0.765378
-0.0346155 -0.0145882   0.764999 -0.0356439 -0.0140887   0.765381
-0.0345907 -0.0146044   0.764999 -0.0356453 -0.0140964   0.765383
-0.0345654 -0.0146209   0.764999 -0.0356466  -0.014104   0.765385
-0.0345398 -0.0146377   0.764999 -0.0356479 -0.0141116   0.765388
-0.0345137 -0.0146547   0.764999 -0.035649 -0.014119   0.76539
-0.0344873  -0.014672   0.764999 -0.0356498 -0.0141264   0.765392
-0.0344605 -0.0146895   0.764999 -0.0356505 -0.0141338   0.765395
-0.0344332 -0.0147073   0.764999  -0.035651 -0.0141411   0.765397
-0.0344056 -0.0147254   0.764999 -0.0356514 -0.0141484   0.765399
-0.0343775 -0.0147437   0.764999 -0.0356517 -0.0141557   0.765401
 -0.034349 -0.0147623   0.764999 -0.0356519 -0.0141629   0.765403
-0.0343201 -0.0147812   0.764999 -0.0356521 -0.0141701   0.765405
-0.0342908 -0.0148003   0.764999 -0.0356522 -0.0141772   0.765407
-0.0342611 -0.0148197   0.764999 -0.0356522 -0.0141842   0.765409
 -0.034231 -0.0148394   0.764999  -0.035652 -0.0141911    0.76541
-0.0342004 -0.0148594   0.764999 -0.0356515  -0.014198   0.765412
-0.0341694 -0.0148796   0.764999 -0.0356508 -0.0142048   0.765414
 -0.034138 -0.0149001   0.764999 -0.0356498 -0.0142116   0.765415
-0.0341062 -0.0149209   0.764999 -0.0356486 -0.0142184   0.765417
-0.0340739  -0.014942   0.764999 -0.0356473 -0.0142252   0.765418
-0.0340412 -0.0149634   0.764999 -0.0356458 -0.0142319   0.765419
-0.034008 -0.014985  0.764999 -0.0356443 -0.0142387   0.765421
-0.0339745 -0.0150069   0.764999 -0.0356426 -0.0142454   0.765422
-0.0339405 -0.0150291   0.764999 -0.0356408  -0.014252   0.765422
 -0.033906 -0.0150516   0.764999 -0.0356388 -0.0142585   0.765423
-0.0338711 -0.0150744   0.764999 -0.0356365  -0.014265   0.765424
-0.0338358 -0.0150975   0.764999  -0.035634 -0.0142715   0.765424
   -0.0338 -0.0151209   0.764999 -0.0356311 -0.0142779   0.765425
-0.0337638 -0.0151445   0.764999 -0.0356279 -0.0142844   0.765425
-0.0337272 -0.0151685   0.764999 -0.0356246 -0.0142909   0.765426
  -0.03369 -0.0151927   0.764999 -0.0356211 -0.0142974   0.765426
-0.0336525 -0.0152172   0.764999 -0.0356175 -0.0143039   0.765426
-0.0336145 -0.0152421   0.764999 -0.0356137 -0.0143103   0.765426
 -0.033576 -0.0152672   0.764999 -0.0356097 -0.0143167   0.765426
 -0.033537 -0.0152926   0.764999 -0.0356056 -0.0143231   0.765425
-0.0334976 -0.0153184   0.764999 -0.0356011 -0.0143295   0.765425
-0.0334578 -0.0153444   0.764999 -0.0355964 -0.0143358   0.765424
-0.0334175 -0.0153707   0.764999 -0.0355914 -0.0143421   0.765423
-0.0333767 -0.0153974   0.764999  -0.035586 -0.0143484   0.765423
-0.0333355 -0.0154243   0.764999 -0.0355804 -0.0143548   0.765422
-0.0332938 -0.0154515   0.764999 -0.0355747 -0.0143613   0.765421
-0.0332516 -0.0154791   0.764999 -0.0355687 -0.0143677    0.76542
-0.0332089  -0.015507   0.764999 -0.0355626 -0.0143742   0.765419
-0.0331658 -0.0155351   0.764999 -0.0355562 -0.0143807   0.765417
-0.0331222 -0.0155636   0.764999 -0.0355497 -0.0143871   0.765415
-0.0330782 -0.0155924   0.764999 -0.0355429 -0.0143935   0.765413
-0.0330336 -0.0156215   0.764999 -0.0355359 -0.0143999   0.765411
-0.0329886 -0.0156509   0.764999 -0.0355286 -0.0144064   0.765409
-0.0329431 -0.0156806   0.764999 -0.0355209 -0.0144129   0.765407
-0.0328971 -0.0157106   0.764999  -0.035513 -0.0144194   0.765405
-0.0328507  -0.015741   0.764999 -0.0355049  -0.014426   0.765402
-0.0328037 -0.0157716   0.764999 -0.0354966 -0.0144327   0.765399
-0.0327563 -0.0158026   0.764999 -0.0354879 -0.0144394   0.765396
-0.0327084 -0.0158339   0.764999 -0.0354788 -0.0144462   0.765393
  -0.03266 -0.0158655   0.764999 -0.0354694 -0.0144529    0.76539
-0.0326111 -0.0158974   0.764999 -0.0354595 -0.0144596   0.765386
-0.0325617 -0.0159297   0.764999 -0.0354493 -0.0144664   0.765383
-0.0325119 -0.0159623   0.764999 -0.0354386 -0.0144732   0.765379
-0.0324615 -0.0159951   0.764999 -0.0354274   -0.01448   0.765375
-0.0324106 -0.0160284   0.764999 -0.0354157 -0.0144869    0.76537
-0.0323593 -0.0160619   0.764999 -0.0354036 -0.0144939   0.765366
-0.0323075 -0.0160958   0.764999 -0.0353909  -0.014501   0.765361
-0.0322551 -0.0161299   0.764999 -0.0353778 -0.0145081   0.765357
-0.0322023 -0.0161645   0.764999 -0.0353642 -0.0145153   0.765352
-0.0321489 -0.0161993   0.764999 -0.0353502 -0.0145225   0.765346
-0.0320951 -0.0162345   0.764999 -0.0353357 -0.0145298   0.765341
-0.0320408   -0.01627   0.764999 -0.0353208  -0.014537   0.765336
-0.0319859 -0.0163058   0.764999 -0.0353055 -0.0145443    0.76533
-0.0319306 -0.0163419   0.764999 -0.0352897 -0.0145517   0.765324
-0.0318747 -0.0163784   0.764999 -0.0352735 -0.0145591   0.765318
-0.0318183 -0.0164152   0.764999 -0.0352569 -0.0145667   0.765312
-0.0317615 -0.0164524   0.764999 -0.0352398 -0.0145743   0.765306
-0.0317041 -0.0164898   0.764999 -0.0352224 -0.0145821     0.7653
-0.0316462 -0.0165277   0.764999 -0.0352045 -0.0145899   0.765293
-0.0315878 -0.0165658   0.764999 -0.0351863 -0.0145978   0.765287
-0.0315289 -0.0166043   0.764999 -0.0351676 -0.0146057    0.76528
-0.0314695 -0.0166431   0.764999 -0.0351486 -0.0146137   0.765273
-0.0314096 -0.0166822   0.764999 -0.0351292 -0.0146217   0.765266
-0.0313491 -0.0167217   0.764999 -0.0351094 -0.0146298   0.765259
-0.0312881 -0.0167615   0.764999 -0.0350893  -0.014638   0.765252
-0.0312267 -0.0168017   0.764999 -0.0350688 -0.0146464   0.765245
-0.0311647 -0.0168422   0.764999 -0.0350479 -0.0146548   0.765237
-0.0311022  -0.016883   0.764999 -0.0350267 -0.0146634    0.76523
-0.0310391 -0.0169242   0.764999 -0.0350051 -0.0146721   0.765222
-0.0309756 -0.0169657   0.764999 -0.0349832 -0.0146809   0.765214
-0.0309115 -0.0170075   0.764999 -0.0349609 -0.0146898   0.765206
-0.0308469 -0.0170497   0.764999 -0.0349383 -0.0146987   0.765199
-0.0307818 -0.0170923   0.764999 -0.0349153 -0.0147077    0.76519
-0.0307161 -0.0171351   0.764999  -0.034892 -0.0147168   0.765182
  -0.03065 -0.0171784   0.764999 -0.0348684  -0.014726   0.765174
-0.0305833 -0.0172219   0.764999 -0.0348444 -0.0147353   0.765166
-0.0305161 -0.0172658   0.764999 -0.0348201 -0.0147449   0.765157
-0.0304483 -0.0173101   0.764999 -0.0347955 -0.0147545   0.765149
-0.0303801 -0.0173547   0.764999 -0.0347705 -0.0147644    0.76514
-0.0303113 -0.0173996   0.764999 -0.0347453 -0.0147743   0.765132
-0.0302419 -0.0174449   0.764999 -0.0347196 -0.0147844   0.765123
-0.0301721 -0.0174905   0.764999 -0.0346937 -0.0147945   0.765114
-0.0301017 -0.0175365   0.764999 -0.0346675 -0.0148047   0.765106
-0.0300308 -0.0175828   0.764999 -0.034641 -0.014815  0.765097
-0.0299594 -0.0176294   0.764999 -0.0346142 -0.0148255   0.765088
-0.0298874 -0.0176765   0.764999  -0.034587 -0.0148362   0.765079
-0.0298149 -0.0177238   0.764999 -0.0345595  -0.014847    0.76507
-0.0297418 -0.0177715   0.764999 -0.0345318 -0.0148581    0.76506
-0.0296683 -0.0178196   0.764999 -0.0345037 -0.0148693   0.765051
-0.0295942  -0.017868   0.764999 -0.0344753 -0.0148806   0.765042
-0.0295195 -0.0179167   0.764999 -0.0344466 -0.0148921   0.765033
-0.0294443 -0.0179658   0.764999 -0.0344176 -0.0149037   0.765023
-0.0293686 -0.0180153   0.764999 -0.0343883 -0.0149154   0.765014
-0.0292924 -0.0180651   0.764999 -0.0343588 -0.0149272   0.765004
-0.0292156 -0.0181152   0.764999 -0.0343289 -0.0149392   0.764995
-0.0291383 -0.0181657   0.764999 -0.0342987 -0.0149514   0.764985
-0.0290604 -0.0182166   0.764999 -0.0342683 -0.0149638   0.764976
-0.0289821 -0.0182678   0.764999 -0.0342375 -0.0149764   0.764966
-0.0289031 -0.0183193   0.764999 -0.0342064 -0.0149892   0.764956
-0.0288237 -0.0183712   0.764999 -0.0341751 -0.0150022   0.764947
-0.0287437 -0.0184235   0.764999 -0.0341434 -0.0150153   0.764937
-0.0286631 -0.0184761   0.764999 -0.0341115 -0.0150286   0.764927
 -0.028582 -0.0185291   0.764999 -0.0340793  -0.015042   0.764917
-0.0285004 -0.0185824   0.764999 -0.0340468 -0.0150555   0.764907
-0.0284182  -0.018636   0.764999  -0.034014 -0.0150692   0.764897
-0.0283355 -0.0186901   0.764999 -0.0339809 -0.0150833   0.764887
-0.0282523 -0.0187444   0.764999 -0.0339475 -0.0150978   0.764877
-0.0281685 -0.0187992   0.764999 -0.0339138 -0.0151128   0.764867
-0.0280842 -0.0188542   0.764999 -0.0338798 -0.0151284   0.764858
-0.0279993 -0.0189097   0.764999 -0.0338456 -0.0151445   0.764848
-0.0279139 -0.0189655   0.764999 -0.033811 -0.015161  0.764838
-0.0278279 -0.0190216   0.764999 -0.0337761 -0.0151779   0.764828
-0.0277414 -0.0190781   0.764999  -0.033741 -0.0151952   0.764818
-0.0276544 -0.0191349   0.764999 -0.0337056 -0.0152129   0.764808
-0.0275668 -0.0191921   0.764999 -0.0336699 -0.0152311   0.764798
-0.0274787 -0.0192497   0.764999  -0.033634 -0.0152497   0.764789
  -0.02739 -0.0193076   0.764999 -0.0335977  -0.015269   0.764779
-0.0273008 -0.0193659   0.764999 -0.0335612 -0.0152888   0.764769
-0.0272111 -0.0194245   0.764999 -0.0335243 -0.0153093    0.76476
-0.0271208 -0.0194835   0.764999 -0.0334872 -0.0153302    0.76475
  -0.02703 -0.0195428   0.764999 -0.0334497 -0.0153514    0.76474
-0.0269386 -0.0196025   0.764999 -0.0334121  -0.015373   0.764731
-0.0268467 -0.0196625   0.764999 -0.0333741 -0.0153948   0.764721
-0.0267542 -0.0197229   0.764999 -0.0333359 -0.0154169   0.764712
-0.0266612 -0.0197837   0.764999 -0.0332974 -0.0154393   0.764703
-0.0265676 -0.0198448   0.764999 -0.0332586 -0.0154621   0.764693
-0.0264735 -0.0199062   0.764999 -0.0332196 -0.0154853   0.764684
-0.0263789 -0.0199681   0.764999 -0.0331802 -0.0155091   0.764675
-0.0262837 -0.0200302   0.764999 -0.0331405 -0.0155332   0.764666
 -0.026188 -0.0200928   0.764999 -0.0331005 -0.0155578   0.764657
-0.0260917 -0.0201556   0.764999 -0.0330602 -0.0155826   0.764648
-0.0259949 -0.0202189   0.764999 -0.0330196 -0.0156077   0.764639
-0.0258975 -0.0202825   0.764999 -0.0329787 -0.0156331    0.76463
-0.0257996 -0.0203464   0.764999 -0.0329374 -0.0156586   0.764621
-0.0257012 -0.0204107   0.764999 -0.0328959 -0.0156844   0.764613
-0.0256022 -0.0204754   0.764999  -0.032854 -0.0157106   0.764604
-0.0255027 -0.0205404   0.764999 -0.0328118  -0.015737   0.764595
-0.0254026 -0.0206057   0.764999 -0.0327692 -0.0157639   0.764587
 -0.025302 -0.0206715   0.764999 -0.0327263 -0.0157911   0.764578
-0.0252008 -0.0207375   0.764999 -0.0326831 -0.0158187   0.764569
-0.0250991  -0.020804   0.764999 -0.0326395 -0.0158466   0.764561
-0.0249969 -0.0208707   0.764999 -0.0325956 -0.0158746   0.764552
-0.0248941 -0.0209379   0.764999 -0.0325514 -0.0159029   0.764544
-0.0247908 -0.0210054   0.764999 -0.0325068 -0.0159314   0.764535
-0.0246869 -0.0210732   0.764999 -0.0324619 -0.0159601   0.764527
-0.0245825 -0.0211414   0.764999 -0.0324166 -0.0159891   0.764518
-0.0244775 -0.0212099   0.764999  -0.032371 -0.0160184    0.76451
 -0.024372 -0.0212788   0.764999 -0.032325 -0.016048  0.764502
 -0.024266 -0.0213481   0.764999 -0.0322786 -0.0160779   0.764493
-0.0241594 -0.0214177   0.764999 -0.0322319 -0.0161081   0.764485
-0.0240523 -0.0214877   0.764999 -0.0321848 -0.0161386   0.764476
-0.0239447  -0.021558   0.764999 -0.0321374 -0.0161692   0.764468
-0.0238365 -0.0216287   0.764999 -0.0320897 -0.0162001    0.76446
-0.0237278 -0.0216997   0.764999 -0.0320415 -0.0162311   0.764451
-0.0236185  -0.021771   0.764999  -0.031993 -0.0162624   0.764443
-0.0235087 -0.0218428   0.764999 -0.0319442 -0.0162938   0.764435
-0.0233983 -0.0219148   0.764999  -0.031895 -0.0163255   0.764427
-0.0232874 -0.0219873   0.764999 -0.0318454 -0.0163575   0.764418
-0.023176  -0.02206  0.764999 -0.0317954 -0.0163898    0.76441
-0.0230641 -0.0221332   0.764999 -0.0317451 -0.0164224   0.764402
-0.0229516 -0.0222066   0.764999 -0.0316944 -0.0164553   0.764394
-0.0228386 -0.0222805   0.764999 -0.0316433 -0.0164884   0.764386
 -0.022725 -0.0223546   0.764999 -0.0315919 -0.0165217   0.764377
-0.0226109 -0.0224292   0.764999 -0.0315401 -0.0165551   0.764369
-0.0224963  -0.022504   0.764999  -0.031488 -0.0165887   0.764361
-0.0223811 -0.0225793   0.764999 -0.0314354 -0.0166226   0.764353
-0.0222654 -0.0226548   0.764999 -0.0313825 -0.0166566   0.764345
-0.0221492 -0.0227307   0.764999 -0.0313293  -0.016691   0.764337
-0.0220324  -0.022807   0.764999 -0.0312756 -0.0167257   0.764329
-0.0219151 -0.0228836   0.764999 -0.0312216 -0.0167606   0.764321
-0.0217973 -0.0229606   0.764999 -0.0311672 -0.0167959   0.764313
-0.0216789 -0.0230379   0.764999 -0.0311124 -0.0168314   0.764305
  -0.02156 -0.0231155   0.764999 -0.0310573  -0.016867   0.764297
-0.0214406 -0.0231935   0.764999 -0.0310017 -0.0169029    0.76429
-0.0213207 -0.0232719   0.764999 -0.0309458 -0.0169389   0.764282
-0.0212002 -0.0233506   0.764999 -0.0308896 -0.0169751   0.764274
-0.0210792 -0.0234296   0.764999 -0.0308329 -0.0170116   0.764266
-0.0209576  -0.023509   0.764999 -0.0307759 -0.0170484   0.764258
-0.0208356 -0.0235887   0.764999 -0.0307184 -0.0170855   0.764251
 -0.020713 -0.0236688   0.764999 -0.0306606 -0.0171229   0.764243
-0.0205899 -0.0237492   0.764999 -0.0306025 -0.0171606   0.764235
-0.0204663 -0.0238299   0.764999 -0.0305439 -0.0171985   0.764227
-0.0203421  -0.023911   0.764999  -0.030485 -0.0172366    0.76422
-0.0202174 -0.0239925   0.764999 -0.0304257  -0.017275   0.764212
-0.0200922 -0.0240742   0.764999  -0.030366 -0.0173135   0.764205
-0.0199665 -0.0241564   0.764999 -0.0303059 -0.0173522   0.764197
-0.0198403 -0.0242388   0.764999 -0.0302454 -0.0173912    0.76419
-0.0197135 -0.0243216   0.764999 -0.0301846 -0.0174305   0.764182
-0.0195862 -0.0244048   0.764999 -0.0301234   -0.01747   0.764175
-0.0194584 -0.0244882   0.764999 -0.0300618   -0.01751   0.764167
-0.0193301  -0.024572   0.764999 -0.0299998 -0.0175502    0.76416
-0.0192013 -0.0246562   0.764999 -0.0299374 -0.0175906   0.764153
-0.0190719 -0.0247407   0.764999 -0.0298747 -0.0176313   0.764145
 -0.018942 -0.0248255   0.764999 -0.0298115 -0.0176722   0.764138
-0.0188116 -0.0249107   0.764999  -0.029748 -0.0177133   0.764131
-0.0186807 -0.0249962   0.764999 -0.0296841 -0.0177546   0.764124
-0.0185493  -0.025082   0.764999 -0.0296198 -0.0177961   0.764116
-0.0184174 -0.0251682   0.764999 -0.0295551  -0.017838   0.764109
 -0.018285 -0.0252547   0.764999 -0.0294901 -0.0178801   0.764102
 -0.018152 -0.0253415   0.764999 -0.0294246 -0.0179226   0.764095
-0.0180186 -0.0254287   0.764999 -0.0293588 -0.0179654   0.764088
-0.0178846 -0.0255162   0.764999 -0.0292926 -0.0180085   0.764081
-0.0177501  -0.025604   0.764999  -0.029226 -0.0180518   0.764074
-0.0176152 -0.0256922   0.764999  -0.029159 -0.0180953   0.764067
-0.0174797 -0.0257807   0.764999 -0.0290917  -0.018139    0.76406
-0.0173437 -0.0258695   0.764999 -0.0290239  -0.018183   0.764054
-0.0172072 -0.0259586   0.764999 -0.0289558 -0.0182271   0.764047
-0.0170702 -0.0260481   0.764999 -0.0288873 -0.0182716    0.76404
-0.0169327 -0.0261379   0.764999 -0.0288183 -0.0183164   0.764033
-0.0167947 -0.0262281   0.764999  -0.028749 -0.0183615   0.764027
-0.0166562 -0.0263185   0.764999 -0.0286793  -0.018407    0.76402
-0.0165172 -0.0264093   0.764999 -0.0286093 -0.0184528   0.764014
-0.0163777 -0.0265004   0.764999 -0.0285388 -0.0184988   0.764007
-0.0162377 -0.0265919   0.764999 -0.0284679 -0.0185451   0.764001
-0.0160972 -0.0266836   0.764999 -0.0283967 -0.0185915   0.763994
-0.0159562 -0.0267757   0.764999  -0.028325 -0.0186382   0.763988
-0.0158148 -0.0268681   0.764999  -0.028253 -0.0186852   0.763982
-0.0156728 -0.0269608   0.764999 -0.0281805 -0.0187324   0.763975
-0.0155303 -0.0270539   0.764999 -0.0281077 -0.0187799   0.763969
-0.0153874 -0.0271473   0.764999 -0.0280345 -0.0188278   0.763963
-0.0152439  -0.027241   0.764999 -0.0279609  -0.018876   0.763957
  -0.0151 -0.027335  0.764999 -0.0278869 -0.0189245   0.763951
-0.0149556 -0.0274293   0.764999 -0.0278125 -0.0189733   0.763945
-0.0148107 -0.0275239   0.764999 -0.0277378 -0.0190224   0.763939
-0.0146653 -0.0276189   0.764999 -0.0276627 -0.0190716   0.763933
-0.0145194 -0.0277142   0.764999 -0.0275871 -0.0191211   0.763927
-0.0143731 -0.0278098   0.764999 -0.0275112 -0.0191708   0.763922
-0.0142262 -0.0279057   0.764999 -0.0274349 -0.0192208   0.763916
-0.0140789 -0.0280019   0.764999 -0.0273582 -0.0192711    0.76391
-0.0139311 -0.0280984   0.764999 -0.0272811 -0.0193218   0.763905
-0.0137828 -0.0281953   0.764999 -0.0272037 -0.0193727   0.763899
-0.0136341 -0.0282924   0.764999 -0.0271258  -0.019424   0.763894
-0.0134849 -0.0283899   0.764999 -0.0270476 -0.0194757   0.763888
-0.0133351 -0.0284877   0.764999  -0.026969 -0.0195275   0.763883
 -0.013185 -0.0285858   0.764999   -0.02689 -0.0195796   0.763878
-0.0130343 -0.0286842   0.764999 -0.0268106 -0.0196319   0.763873
-0.0128832 -0.0287829   0.764999 -0.0267308 -0.0196844   0.763867
-0.0127316 -0.0288819   0.764999 -0.0266506 -0.0197372   0.763862
-0.0125796 -0.0289812   0.764999   -0.02657 -0.0197903   0.763857
 -0.012427 -0.0290808   0.764999  -0.026489 -0.0198438   0.763852
 -0.012274 -0.0291808   0.764999 -0.0264076 -0.0198976   0.763847
-0.0121206  -0.029281   0.764999 -0.0263259 -0.0199517   0.763842
-0.0119667 -0.0293815   0.764999 -0.0262437 -0.0200062   0.763838
-0.0118123 -0.0294824   0.764999 -0.0261611 -0.0200609   0.763833
-0.0116574 -0.0295835   0.764999 -0.0260781 -0.0201158   0.763828
-0.0115021 -0.0296849   0.764999 -0.0259948  -0.020171   0.763824
-0.0113464 -0.0297867   0.764999  -0.025911 -0.0202264   0.763819
-0.0111902 -0.0298887   0.764999 -0.0258268  -0.020282   0.763814
-0.0110335  -0.029991   0.764999 -0.0257422  -0.020338    0.76381
-0.0108764 -0.0300937   0.764999 -0.0256572 -0.0203942   0.763806
-0.0107188 -0.0301966   0.764999 -0.0255718 -0.0204508   0.763801
-0.0105608 -0.0302998   0.764999  -0.025486 -0.0205078   0.763797
-0.0104023 -0.0304033   0.764999 -0.0253998 -0.0205651   0.763793
-0.0102434 -0.0305071   0.764999 -0.0253132 -0.0206226   0.763789
 -0.010084 -0.0306112   0.764999 -0.0252262 -0.0206804   0.763785
-0.00992421  -0.0307156    0.764999 -0.0251387 -0.0207384   0.763781
-0.00976395  -0.0308203    0.764999 -0.0250509 -0.0207966   0.763777
-0.00960324  -0.0309252    0.764999 -0.0249626 -0.0208551   0.763773
-0.0094421 -0.0310305   0.764999  -0.024874 -0.0209138   0.763769
-0.00928052   -0.031136    0.764999 -0.0247849 -0.0209729   0.763765
-0.0091185 -0.0312418   0.764999 -0.0246954 -0.0210323   0.763761
-0.00895604   -0.031348    0.764999 -0.0246055  -0.021092   0.763758
-0.00879315  -0.0314543    0.764999 -0.0245151 -0.0211521   0.763754
-0.00862982   -0.031561    0.764999 -0.0244244 -0.0212124   0.763751
-0.00846606   -0.031668    0.764999 -0.0243333  -0.021273   0.763747
-0.00830187  -0.0317752    0.764999 -0.0242417 -0.0213338   0.763744
-0.00813726  -0.0318827    0.764999 -0.0241497 -0.0213948   0.763741
-0.00797221  -0.0319905    0.764999 -0.0240573 -0.0214561   0.763737
-0.00780674  -0.0320986    0.764999 -0.0239644 -0.0215176   0.763734
-0.00764084   -0.032207    0.764999 -0.0238712 -0.0215794   0.763731
-0.00747452  -0.0323156    0.764999 -0.0237775 -0.0216416   0.763728
-0.00730778  -0.0324245    0.764999 -0.0236834 -0.0217041   0.763725
-0.00714062  -0.0325337    0.764999 -0.0235889 -0.0217669   0.763722
-0.00697304  -0.0326432    0.764999 -0.0234939   -0.02183   0.763719
-0.00680504  -0.0327529    0.764999 -0.0233985 -0.0218934   0.763717
-0.00663663  -0.0328629    0.764999 -0.0233027 -0.0219569   0.763714
-0.0064678 -0.0329732   0.764999 -0.0232063 -0.0220207   0.763711
-0.00629856  -0.0330837    0.764999 -0.0231096 -0.0220847   0.763708
-0.00612892  -0.0331945    0.764999 -0.0230124  -0.022149   0.763706
-0.00595886  -0.0333056    0.764999 -0.0229147 -0.0222136   0.763703
-0.00578839  -0.0334169    0.764999 -0.0228165 -0.0222785   0.763701
-0.00561752  -0.0335285    0.764999 -0.0227179 -0.0223437   0.763698
-0.00544625  -0.0336404    0.764999 -0.0226188 -0.0224093   0.763696
-0.00527457  -0.0337525    0.764999 -0.0225192 -0.0224751   0.763694
-0.0051025 -0.0338649   0.764999 -0.0224192 -0.0225412   0.763692
-0.00493002  -0.0339776    0.764999 -0.0223187 -0.0226076   0.763689
-0.00475715  -0.0340905    0.764999 -0.0222177 -0.0226741   0.763687
-0.00458388  -0.0342037    0.764999 -0.0221163 -0.0227408   0.763685
-0.00441021  -0.0343171    0.764999 -0.0220144 -0.0228078   0.763683
-0.00423616  -0.0344308    0.764999  -0.021912 -0.0228751   0.763681
-0.00406171  -0.0345447    0.764999 -0.0218092 -0.0229427    0.76368
-0.00388688  -0.0346589    0.764999 -0.0217059 -0.0230106   0.763678
-0.00371165  -0.0347734    0.764999 -0.0216021 -0.0230789   0.763676
-0.00353605  -0.0348881    0.764999 -0.0214978 -0.0231474   0.763675
-0.00336005   -0.035003    0.764999 -0.0213931 -0.0232162   0.763673
-0.00318368  -0.0351182    0.764999 -0.0212879 -0.0232852   0.763672
-0.00300693  -0.0352337    0.764999 -0.0211822 -0.0233545    0.76367
-0.00282979  -0.0353494    0.764999 -0.0210761  -0.023424   0.763669
-0.00265228  -0.0354653    0.764999 -0.0209695 -0.0234936   0.763668
-0.0024744 -0.0355815   0.764999 -0.0208624 -0.0235636   0.763666
-0.00229614  -0.0356979    0.764999 -0.0207549 -0.0236339   0.763665
-0.00211751  -0.0358146    0.764999 -0.0206468 -0.0237045   0.763664
-0.00193851  -0.0359315    0.764999 -0.0205383 -0.0237754   0.763663
-0.00175914  -0.0360487    0.764999 -0.0204294 -0.0238466   0.763662
-0.00157941  -0.0361661    0.764999   -0.02032 -0.0239181   0.763662
-0.00139931  -0.0362837    0.764999 -0.0202101 -0.0239899   0.763661
-0.00121885  -0.0364016    0.764999 -0.0200998 -0.0240618    0.76366
-0.00103803  -0.0365197    0.764999 -0.019989 -0.024134   0.76366
-0.00085685   -0.036638    0.764999 -0.0198777 -0.0242064   0.763659
-0.000675312   -0.0367566     0.764999  -0.019766 -0.0242791   0.763659
-0.000493419   -0.0368754     0.764999 -0.0196537  -0.024352   0.763659
-0.000311173   -0.0369944     0.764999  -0.019541 -0.0244253   0.763658
-0.000128575   -0.0371137     0.764999 -0.0194278 -0.0244989   0.763658
5.43734e-05  -0.0372332    0.764999 -0.0193141 -0.0245729   0.763658
0.000237669  -0.0373529    0.764999 -0.0191999 -0.0246471   0.763658
0.000421311  -0.0374729    0.764999 -0.0190852 -0.0247215   0.763658
0.000605298   -0.037593    0.764999   -0.01897 -0.0247962   0.763658
0.000789626  -0.0377134    0.764999 -0.0188544 -0.0248711   0.763658
0.000974295   -0.037834    0.764999 -0.0187383 -0.0249462   0.763658
 0.0011593 -0.0379549   0.764999 -0.0186217 -0.0250215   0.763659
0.00134465 -0.0380759   0.764999 -0.0185046 -0.0250971   0.763659
0.00153033 -0.0381972   0.764999 -0.0183871 -0.0251731    0.76366
0.00171634 -0.0383187   0.764999  -0.018269 -0.0252493    0.76366
0.00190268 -0.0384404   0.764999 -0.0181505 -0.0253259   0.763661
0.00208935 -0.0385624   0.764999 -0.0180314 -0.0254027   0.763661
0.00227635 -0.0386845   0.764999 -0.0179119 -0.0254798   0.763662
0.00246368 -0.0388068   0.764999 -0.0177919 -0.0255572   0.763663
0.00265132 -0.0389294   0.764999 -0.0176715 -0.0256347   0.763664
0.00283929 -0.0390522   0.764999 -0.0175506 -0.0257124   0.763665
0.00302758 -0.0391752   0.764999 -0.0174292 -0.0257904   0.763666
0.00321619 -0.0392984   0.764999 -0.0173074 -0.0258687   0.763667
0.00340511 -0.0394218   0.764999  -0.017185 -0.0259472   0.763669
0.00359434 -0.0395454   0.764999 -0.0170622 -0.0260261    0.76367
0.00378389 -0.0396692   0.764999  -0.016939 -0.0261053   0.763672
0.00397375 -0.0397932   0.764999 -0.0168152 -0.0261848   0.763673
0.00416391 -0.0399174   0.764999  -0.016691 -0.0262646   0.763675
0.00435438 -0.0400418   0.764999 -0.0165663 -0.0263446   0.763676
0.00454515 -0.0401664   0.764999 -0.0164412 -0.0264248   0.763678
0.00473623 -0.0402912   0.764999 -0.0163156 -0.0265052    0.76368
 0.0049276 -0.0404162   0.764999 -0.0161896 -0.0265859   0.763682
0.00511927 -0.0405414   0.764999 -0.0160631 -0.0266668   0.763684
0.00531124 -0.0406668   0.764999 -0.0159362 -0.0267481   0.763686
 0.0055035 -0.0407923   0.764999 -0.0158088 -0.0268296   0.763689
0.00569606 -0.0409181   0.764999 -0.0156809 -0.0269115   0.763691
 0.0058889 -0.0410441   0.764999 -0.0155526 -0.0269937   0.763693
0.00608203 -0.0411702   0.764999 -0.0154239 -0.0270762   0.763696
0.00627544 -0.0412965   0.764999 -0.0152947 -0.0271589   0.763699
0.00646914 -0.0414231   0.764999 -0.0151651 -0.0272418   0.763701
0.00666312 -0.0415498   0.764999  -0.015035 -0.0273249   0.763704
0.00685738 -0.0416766   0.764999 -0.0149045 -0.0274083   0.763707
0.00705192 -0.0418037   0.764999 -0.0147736 -0.0274919    0.76371
0.00724673 -0.0419309   0.764999 -0.0146422 -0.0275759   0.763713
0.00744182 -0.0420584   0.764999 -0.0145104 -0.0276601   0.763716
0.00763718  -0.042186   0.764999 -0.0143781 -0.0277447   0.763719
 0.0078328 -0.0423137   0.764999 -0.0142454 -0.0278296   0.763723
0.00802869 -0.0424417   0.764999 -0.0141122 -0.0279148   0.763726
0.00822485 -0.0425698   0.764999 -0.0139787 -0.0280002    0.76373
0.00842127 -0.0426981   0.764999 -0.0138447 -0.0280859   0.763733
0.00861795 -0.0428266   0.764999 -0.0137103 -0.0281717   0.763737
0.00881489 -0.0429552   0.764999 -0.0135755 -0.0282578   0.763741
0.00901209  -0.043084   0.764999 -0.0134402 -0.0283442   0.763744
0.00920954  -0.043213   0.764999 -0.0133045 -0.0284308   0.763748
0.00940724 -0.0433421   0.764999 -0.0131684 -0.0285178   0.763752
 0.0096052 -0.0434714   0.764999 -0.0130319  -0.028605   0.763756
 0.0098034 -0.0436009   0.764999  -0.012895 -0.0286926   0.763761
 0.0100018 -0.0437305   0.764999 -0.0127576 -0.0287805   0.763765
 0.0102005 -0.0438602   0.764999 -0.0126198 -0.0288687   0.763769
 0.0103995 -0.0439902   0.764999 -0.0124816 -0.0289571   0.763774
 0.0105986 -0.0441203   0.764999  -0.012343 -0.0290457   0.763778
 0.0107981 -0.0442505   0.764999  -0.012204 -0.0291345   0.763783
 0.0109977 -0.0443809   0.764999 -0.0120645 -0.0292235   0.763787
 0.0111976 -0.0445115   0.764999 -0.0119247 -0.0293129   0.763792
 0.0113977 -0.0446422   0.764999 -0.0117845 -0.0294025   0.763797
 0.011598 -0.044773  0.764999 -0.0116438 -0.0294925   0.763802
0.0117986 -0.044904  0.764999 -0.0115027 -0.0295828   0.763807
 0.0119994 -0.0450352   0.764999 -0.0113612 -0.0296733   0.763812
 0.0122004 -0.0451665   0.764999 -0.0112193 -0.0297642   0.763817
 0.0124016 -0.0452979   0.764999  -0.011077 -0.0298553   0.763822
 0.0126031 -0.0454295   0.764999 -0.0109343 -0.0299466   0.763828
 0.0128047 -0.0455612   0.764999 -0.0107912 -0.0300381   0.763833
 0.0130066 -0.0456931   0.764999 -0.0106477 -0.0301298   0.763838
 0.0132087 -0.0458251   0.764999 -0.0105039 -0.0302218   0.763844
  0.013411 -0.0459572   0.764999 -0.0103596 -0.0303141    0.76385
 0.0136135 -0.0460895   0.764999 -0.0102149 -0.0304067   0.763855
 0.0138162 -0.0462219   0.764999 -0.0100698 -0.0304996   0.763861
 0.0140191 -0.0463544   0.764999 -0.00992429  -0.0305929    0.763867
 0.0142223 -0.0464871   0.764999 -0.00977838  -0.0306864    0.763873
 0.0144256 -0.0466199   0.764999 -0.0096321 -0.0307801   0.763879
 0.0146291 -0.0467528   0.764999 -0.00948541  -0.0308741    0.763885
 0.0148328 -0.0468858   0.764999 -0.00933835  -0.0309682    0.763891
0.0150367 -0.047019  0.764999 -0.0091909 -0.0310626   0.763897
 0.0152408 -0.0471523   0.764999 -0.00904307  -0.0311573    0.763903
  0.015445 -0.0472857   0.764999 -0.00889482  -0.0312522    0.763909
 0.0156495 -0.0474193   0.764999 -0.00874619  -0.0313474    0.763916
 0.0158541 -0.0475529   0.764999 -0.00859715  -0.0314429    0.763922
 0.0160589 -0.0476867   0.764999 -0.00844771  -0.0315387    0.763929
 0.0162639 -0.0478206   0.764999 -0.00829788  -0.0316347    0.763935
 0.0164691 -0.0479546   0.764999 -0.00814767   -0.031731    0.763942
 0.0166745 -0.0480888   0.764999 -0.00799708  -0.0318276    0.763949
  0.01688 -0.048223  0.764999 -0.0078461 -0.0319243   0.763955
 0.0170857 -0.0483573   0.764999 -0.00769475  -0.0320213    0.763962
 0.0172915 -0.0484918   0.764999 -0.00754303  -0.0321185    0.763969
 0.0174975 -0.0486264   0.764999 -0.00739091  -0.0322159    0.763976
0.0177037 -0.048761  0.764999 -0.00723838  -0.0323137    0.763983
 0.0179101 -0.0488958   0.764999 -0.00708549  -0.0324117     0.76399
 0.0181166 -0.0490307   0.764999 -0.0069322   -0.03251   0.763997
 0.0183232 -0.0491657   0.764999 -0.00677851  -0.0326086    0.764005
   0.01853 -0.0493007   0.764999 -0.00662445  -0.0327074    0.764012
  0.018737 -0.0494359   0.764999 -0.00647001  -0.0328065    0.764019
 0.0189441 -0.0495712   0.764999 -0.00631518  -0.0329057    0.764027
 0.0191514 -0.0497066   0.764999 -0.00616001  -0.0330052    0.764034
0.0193588 -0.049842  0.764999 -0.00600444  -0.0331049    0.764042
 0.0195663 -0.0499776   0.764999 -0.00584852  -0.0332049    0.764049
  0.019774 -0.0501132   0.764999 -0.0056922 -0.0333051   0.764057
0.0199818 -0.050249  0.764999 -0.0055355 -0.0334056   0.764064
 0.0201898 -0.0503848   0.764999 -0.00537841  -0.0335064    0.764072
 0.0203979 -0.0505207   0.764999 -0.00522093  -0.0336074     0.76408
 0.0206061 -0.0506567   0.764999 -0.00506309  -0.0337087    0.764088
 0.0208144 -0.0507928   0.764999 -0.00490488  -0.0338102    0.764096
0.0210229 -0.050929  0.764999 -0.0047463  -0.033912   0.764104
 0.0212315 -0.0510652   0.764999 -0.00458736  -0.0340139    0.764112
 0.0214402 -0.0512016   0.764999 -0.00442804  -0.0341161     0.76412
0.0216491 -0.051338  0.764999 -0.00426836  -0.0342184    0.764128
  0.021858 -0.0514744   0.764999 -0.00410828  -0.0343211    0.764136
0.0220671 -0.051611  0.764999 -0.00394786   -0.034424    0.764144
 0.0222763 -0.0517476   0.764999 -0.00378704  -0.0345272    0.764152
 0.0224856 -0.0518843   0.764999 -0.00362584  -0.0346307    0.764161
  0.022695 -0.0520211   0.764999 -0.00346427  -0.0347344    0.764169
 0.0229045 -0.0521579   0.764999 -0.00330233  -0.0348383    0.764178
 0.0231141 -0.0522948   0.764999 -0.00314004  -0.0349425    0.764186
 0.0233238 -0.0524318   0.764999 -0.00297737  -0.0350468    0.764194
 0.0235336 -0.0525689   0.764999 -0.00281436  -0.0351514    0.764203
0.0237435 -0.052706  0.764999 -0.00265098  -0.0352562    0.764212
 0.0239535 -0.0528431   0.764999 -0.00248724  -0.0353612     0.76422
 0.0241636 -0.0529803   0.764999 -0.0023231 -0.0354665   0.764229
 0.0243738 -0.0531176   0.764999 -0.0021586 -0.0355721   0.764238
 0.024584 -0.053255  0.764999 -0.00199373  -0.0356779    0.764246
 0.0247944 -0.0533923   0.764999 -0.00182848   -0.035784    0.764255
 0.0250048 -0.0535298   0.764999 -0.00166288  -0.0358903    0.764264
 0.0252153 -0.0536673   0.764999 -0.00149692  -0.0359968    0.764273
 0.0254259 -0.0538048   0.764999 -0.00133061  -0.0361036    0.764282
 0.0256366 -0.0539424   0.764999 -0.00116393  -0.0362105    0.764291
 0.0258473 -0.0540801   0.764999 -0.000996898   -0.0363176       0.7643
 0.0260581 -0.0542178   0.764999 -0.000829507    -0.036425     0.764309
  0.026269 -0.0543555   0.764999 -0.000661751   -0.0365327     0.764318
 0.0264799 -0.0544933   0.764999 -0.000493629   -0.0366406     0.764327
 0.0266909 -0.0546311   0.764999 -0.000325119   -0.0367487     0.764337
  0.026902 -0.0547689   0.764999 -0.000156251   -0.0368571     0.764346
 0.0271131 -0.0549068   0.764999 1.29648e-05  -0.0369658    0.764355
 0.0273243 -0.0550448   0.764999 0.000182531  -0.0370746    0.764364
 0.0275355 -0.0551827   0.764999 0.000352456  -0.0371837    0.764374
 0.0277468 -0.0553208   0.764999 0.000522724   -0.037293    0.764383
 0.0279581 -0.0554588   0.764999 0.000693342  -0.0374024    0.764393
 0.0281695 -0.0555969   0.764999 0.000864324  -0.0375121    0.764402
 0.0283809 -0.0557349   0.764999 0.00103566 -0.0376221   0.764412
 0.0285924 -0.0558731   0.764999 0.00120736 -0.0377322   0.764421
 0.0288039 -0.0560112   0.764999 0.00137942 -0.0378427   0.764431
 0.0290155 -0.0561494   0.764999 0.00155184 -0.0379534    0.76444
  0.029227 -0.0562876   0.764999 0.00172462 -0.0380644    0.76445
 0.0294387 -0.0564258   0.764999 0.00189774 -0.0381755    0.76446
0.0296503 -0.056564  0.764999 0.00207122 -0.0382869   0.764469
  0.029862 -0.0567023   0.764999 0.00224503 -0.0383984   0.764479
 0.0300737 -0.0568406   0.764999 0.00241919 -0.0385102   0.764489
 0.0302854 -0.0569789   0.764999  0.0025937 -0.0386221   0.764498
 0.0304971 -0.0571172   0.764999 0.00276857 -0.0387343   0.764508
 0.0307089 -0.0572555   0.764999 0.00294379 -0.0388468   0.764518
 0.0309207 -0.0573938   0.764999 0.00311937 -0.0389595   0.764528
 0.0311325 -0.0575321   0.764999 0.00329531 -0.0390724   0.764538
 0.0313443 -0.0576705   0.764999 0.00347162 -0.0391856   0.764548
 0.0315561 -0.0578088   0.764999 0.00364826 -0.0392991   0.764558
 0.0317679 -0.0579472   0.764999 0.00382526 -0.0394127   0.764568
 0.0319797 -0.0580855   0.764999  0.0040026 -0.0395265   0.764578
 0.0321916 -0.0582239   0.764999 0.00418029 -0.0396405   0.764588
 0.0324034 -0.0583623   0.764999 0.00435832 -0.0397547   0.764598
 0.0326152 -0.0585006   0.764999 0.00453671 -0.0398692   0.764608
0.0328271 -0.058639  0.764999 0.00471547 -0.0399838   0.764618
 0.0330389 -0.0587773   0.764999 0.00489458 -0.0400988   0.764629
 0.0332507 -0.0589157   0.764999 0.00507405  -0.040214   0.764639
0.0334625 -0.059054  0.764999 0.00525389 -0.0403294   0.764649
 0.0336742 -0.0591923   0.764999 0.00543408 -0.0404451   0.764659
  0.033886 -0.0593306   0.764999 0.00561462  -0.040561   0.764669
 0.0340978 -0.0594689      0.765 0.00579549  -0.040677    0.76468
 0.0343095 -0.0596072      0.765 0.00597672 -0.0407933    0.76469
 0.0345212 -0.0597455      0.765 0.00615829 -0.0409097   0.764701
 0.0347328 -0.0598838      0.765 0.00634021 -0.0410263   0.764711
0.0349445 -0.060022     0.765 0.00652248 -0.0411432   0.764721
 0.0351561 -0.0601602      0.765 0.00670511 -0.0412604   0.764732
 0.0353677 -0.0602984      0.765  0.0068881 -0.0413778   0.764742
 0.0355792 -0.0604366      0.765 0.00707145 -0.0414954   0.764753
 0.0357907 -0.0605747      0.765 0.00725513 -0.0416133   0.764763
 0.0360022 -0.0607129      0.765 0.00743917 -0.0417313   0.764774
 0.0362136 -0.0608509      0.765 0.00762354 -0.0418496   0.764785
 0.036425 -0.060989     0.765 0.00780824  -0.041968   0.764795
0.0366364 -0.061127     0.765 0.00799328 -0.0420866   0.764806
0.0368476 -0.061265     0.765 0.00817866 -0.0422054   0.764816
0.0370589 -0.061403     0.765 0.00836438 -0.0423244   0.764827
0.0372701 -0.061541     0.765 0.00855046 -0.0424437   0.764838
 0.0374812 -0.0616788      0.765 0.00873688 -0.0425632   0.764849
 0.0376922 -0.0618167      0.765 0.00892364  -0.042683   0.764859
 0.0379032 -0.0619545      0.765 0.00911072  -0.042803    0.76487
 0.0381142 -0.0620923      0.765 0.00929812 -0.0429231   0.764881
0.0383251  -0.06223     0.765 0.00948582 -0.0430435   0.764892
 0.0385359 -0.0623677      0.765 0.00967381  -0.043164   0.764903
 0.0387466 -0.0625054      0.765  0.0098621 -0.0432846   0.764914
0.0389573 -0.062643     0.765  0.0100507 -0.0434055   0.764925
 0.0391678 -0.0627805      0.765  0.0102396 -0.0435265   0.764935
0.0393784 -0.062918     0.765  0.0104288 -0.0436478   0.764946
 0.0395888 -0.0630555      0.765  0.0106183 -0.0437692   0.764957
 0.0397991 -0.0631928      0.765  0.0108082 -0.0438909   0.764968
 0.0400094 -0.0633302      0.765  0.0109984 -0.0440129   0.764979
 0.0402196 -0.0634675      0.765 0.0111889 -0.044135  0.764991
 0.0404297 -0.0636047      0.765  0.0113797 -0.0442573   0.765002
 0.0406397 -0.0637418      0.765  0.0115709 -0.0443797   0.765013
 0.0408496 -0.0638789      0.765  0.0117624 -0.0445023   0.765024
0.0410594 -0.064016     0.765  0.0119542 -0.0446251   0.765035
0.0412691 -0.064153     0.765  0.0121463 -0.0447481   0.765046
 0.0414787 -0.0642899      0.765  0.0123388 -0.0448713   0.765057
 0.0416882 -0.0644267      0.765  0.0125316 -0.0449947   0.765068
 0.0418976 -0.0645635      0.765  0.0127248 -0.0451184   0.765079
 0.0421069 -0.0647002      0.765  0.0129183 -0.0452422    0.76509
 0.0423161 -0.0648368      0.765  0.0131122 -0.0453663   0.765101
 0.0425251 -0.0649734      0.765  0.0133064 -0.0454905   0.765112
 0.0427341 -0.0651098      0.765 0.0135009 -0.045615  0.765124
 0.0429429 -0.0652462      0.765  0.0136958 -0.0457396   0.765135
 0.0431516 -0.0653826      0.765   0.013891 -0.0458644   0.765146
 0.0433602 -0.0655188      0.765  0.0140866 -0.0459893   0.765157
0.0435687 -0.065655     0.765  0.0142825 -0.0461145   0.765168
 0.0437771 -0.0657911      0.765  0.0144788 -0.0462399   0.765179
 0.0439853 -0.0659271      0.765  0.0146754 -0.0463656    0.76519
0.0441934 -0.066063     0.765  0.0148724 -0.0464915   0.765201
 0.0444013 -0.0661988      0.765  0.0150698 -0.0466176   0.765212
 0.0446092 -0.0663346      0.765  0.0152675 -0.0467438   0.765223
 0.0448168 -0.0664702      0.765  0.0154656 -0.0468703   0.765234
 0.0450244 -0.0666058      0.765  0.015664 -0.046997  0.765245
 0.0452318 -0.0667412      0.765  0.0158627 -0.0471238   0.765255
  0.045439 -0.0668766      0.765  0.0160618 -0.0472508   0.765266
 0.0456461 -0.0670119      0.765  0.0162613 -0.0473781   0.765277
 0.0458531 -0.0671471      0.765  0.0164611 -0.0475056   0.765288
 0.0460599 -0.0672821      0.765  0.0166613 -0.0476333   0.765299
 0.0462666 -0.0674171      0.765  0.0168619 -0.0477613   0.765309
0.0464731 -0.067552     0.765  0.0170629 -0.0478895    0.76532
 0.0466794 -0.0676868      0.765  0.0172642 -0.0480179   0.765331
 0.0468856 -0.0678214      0.765  0.0174659 -0.0481466   0.765341
0.0470916 -0.067956     0.765   0.017668 -0.0482754   0.765352
 0.0472975 -0.0680905      0.765  0.0178704 -0.0484044   0.765362
 0.0475032 -0.0682248      0.765  0.0180732 -0.0485336   0.765373
0.0477087 -0.068359     0.765  0.0182763 -0.0486631   0.765384
  0.047914 -0.0684932      0.765  0.0184798 -0.0487927   0.765394
 0.0481192 -0.0686272      0.765  0.0186836 -0.0489226   0.765404
 0.0483242 -0.0687611      0.765  0.0188877 -0.0490528   0.765415
  0.048529 -0.0688949      0.765  0.0190922 -0.0491831   0.765425
 0.0487337 -0.0690285      0.765  0.0192969 -0.0493136   0.765436
 0.0489381 -0.0691621      0.765  0.0195019 -0.0494444   0.765446
 0.0491424 -0.0692955      0.765  0.0197072 -0.0495752   0.765456
 0.0493465 -0.0694288      0.765  0.0199128 -0.0497063   0.765467
0.0495504 -0.069562     0.765  0.0201187 -0.0498375   0.765477
0.0497541 -0.069695     0.765  0.0203248 -0.0499689   0.765487
 0.0499576 -0.0698279      0.765  0.0205312 -0.0501005   0.765497
 0.0501609 -0.0699607      0.765  0.0207379 -0.0502322   0.765508
  0.050364 -0.0700934      0.765  0.0209448 -0.0503642   0.765518
 0.0505669 -0.0702259      0.765   0.021152 -0.0504964   0.765528
 0.0507696 -0.0703583      0.765  0.0213595 -0.0506287   0.765538
 0.0509721 -0.0704906      0.765  0.0215672 -0.0507613   0.765549
 0.0511744 -0.0706227      0.765  0.0217752 -0.0508939   0.765559
 0.0513765 -0.0707547      0.765  0.0219834 -0.0510268   0.765569
 0.0515784 -0.0708866      0.765  0.0221919 -0.0511597   0.765579
 0.0517801 -0.0710183      0.765  0.0224005 -0.0512929   0.765589
 0.0519815 -0.0711499      0.765  0.0226095 -0.0514262     0.7656
 0.0521828 -0.0712813      0.765  0.0228187 -0.0515597    0.76561
 0.0523838 -0.0714126      0.765  0.0230281 -0.0516934    0.76562
 0.0525846 -0.0715438      0.765  0.0232378 -0.0518273    0.76563
 0.0527851 -0.0716748      0.765  0.0234478 -0.0519613    0.76564
 0.0529855 -0.0718056      0.765   0.023658 -0.0520956    0.76565
 0.0531856 -0.0719363      0.765  0.0238684 -0.0522299   0.765661
 0.0533855 -0.0720669      0.765   0.024079 -0.0523645   0.765671
 0.0535851 -0.0721973      0.765  0.0242898 -0.0524992   0.765681
 0.0537845 -0.0723275      0.765 0.0245009 -0.052634  0.765691
 0.0539837 -0.0724576      0.765 0.0247123 -0.052769  0.765701
 0.0541826 -0.0725875      0.765  0.0249239 -0.0529042   0.765711
 0.0543813 -0.0727173      0.765  0.0251358 -0.0530391   0.765721
 0.0545798 -0.0728469      0.765  0.0253482 -0.0531737   0.765732
  0.054778 -0.0729764      0.765  0.0255607 -0.0533086   0.765742
 0.0549759 -0.0731057      0.765  0.0257736 -0.0534437   0.765752
 0.0551736 -0.0732348      0.765  0.0259867 -0.0535791   0.765762
 0.0553711 -0.0733638      0.765     0.0262 -0.0537148   0.765772
 0.0555683 -0.0734926      0.765  0.0264136 -0.0538509   0.765782
 0.0557652 -0.0736212      0.765  0.0266274 -0.0539871   0.765792
 0.0559619 -0.0737497      0.765  0.0268415 -0.0541236   0.765802
0.0561583 -0.073878     0.765  0.0270558 -0.0542603   0.765812
 0.0563545 -0.0740061      0.765  0.0272703 -0.0543973   0.765822
 0.0565504 -0.0741341      0.765  0.0274851 -0.0545344   0.765831
  0.056746 -0.0742618      0.765  0.0277001 -0.0546718   0.765841
 0.0569413 -0.0743894      0.765  0.0279154 -0.0548094   0.765851
 0.0571364 -0.0745169      0.765   0.028131 -0.0549471   0.765861
 0.0573312 -0.0746441      0.765 0.0283469 -0.055085   0.76587
 0.0575258 -0.0747712      0.765   0.028563 -0.0552231    0.76588
  0.05772 -0.074898     0.765  0.0287795 -0.0553614    0.76589
  0.057914 -0.0750247      0.765  0.0289962 -0.0554998   0.765899
 0.0581077 -0.0751513      0.765  0.0292132 -0.0556383   0.765909
 0.0583011 -0.0752776      0.765  0.0294306 -0.0557771   0.765918
 0.0584943 -0.0754037      0.765 0.0296483 -0.055916  0.765927
 0.0586871 -0.0755297      0.765 0.0298662 -0.056055  0.765937
 0.0588796 -0.0756555      0.765  0.0300846 -0.0561943   0.765946
0.0590719 -0.075781     0.765  0.0303032 -0.0563337   0.765955
 0.0592639 -0.0759064      0.765  0.0305222 -0.0564732   0.765964
 0.0594556 -0.0760316      0.765  0.0307415 -0.0566129   0.765973
 0.0596469 -0.0761566      0.765  0.0309612 -0.0567528   0.765982
  0.059838 -0.0762814      0.765  0.0311812 -0.0568927   0.765991
0.0600288 -0.076406     0.765  0.0314016 -0.0570328      0.766
 0.0602192 -0.0765304      0.765  0.0316224 -0.0571731   0.766008
 0.0604094 -0.0766546      0.765  0.0318435 -0.0573136   0.766017
 0.0605993 -0.0767786      0.765   0.032065 -0.0574541   0.766026
 0.0607888 -0.0769024      0.765  0.0322869 -0.0575949   0.766034
 0.060978 -0.077026     0.765  0.0325092 -0.0577358   0.766042
  0.061167 -0.0771494      0.765  0.0327318 -0.0578769   0.766051
 0.0613556 -0.0772726      0.765 0.0329548 -0.058018  0.766059
 0.0615439 -0.0773956      0.765  0.0331782 -0.0581593   0.766067
 0.0617318 -0.0775184      0.765   0.033402 -0.0583008   0.766075
0.0619195 -0.077641     0.765  0.0336263 -0.0584424   0.766082
 0.0621068 -0.0777633      0.765  0.0338508 -0.0585841    0.76609
 0.0622938 -0.0778854      0.765 0.0340758 -0.058726  0.766098
 0.0624805 -0.0780074      0.765 0.0343012 -0.058868  0.766105
 0.0626668 -0.0781291      0.765   0.034527 -0.0590102   0.766113
 0.0628528 -0.0782506      0.765  0.0347533 -0.0591525    0.76612
 0.0630385 -0.0783719      0.765 0.0349799 -0.059295  0.766127
 0.0632238 -0.0784929      0.765  0.0352069 -0.0594376   0.766134
 0.0634089 -0.0786138      0.765  0.0354343 -0.0595803   0.766141
 0.0635935 -0.0787344      0.765  0.0356622 -0.0597232   0.766148
 0.0637779 -0.0788548      0.765  0.0358904 -0.0598662   0.766155
 0.0639618 -0.0789749      0.765  0.0361191 -0.0600093   0.766162
 0.0641455 -0.0790949      0.765  0.0363482 -0.0601525   0.766168
 0.0643288 -0.0792146      0.765 0.0365778 -0.060296  0.766175
 0.0645117 -0.0793341      0.765  0.0368077 -0.0604395   0.766181
 0.0646943 -0.0794534      0.765   0.037038 -0.0605833   0.766187
 0.0648766 -0.0795724      0.765  0.0372688 -0.0607271   0.766193
 0.0650585 -0.0796912      0.765  0.0374999 -0.0608711   0.766199
   0.06524 -0.0798098      0.765  0.0377314 -0.0610152   0.766205
 0.0654212 -0.0799281      0.765   0.037963 -0.0611595   0.766211
  0.065602 -0.0800462      0.765  0.0381949 -0.0613038   0.766217
 0.0657825 -0.0801641      0.765  0.0384269 -0.0614483   0.766223
 0.0659626 -0.0802817      0.765  0.0386591 -0.0615929   0.766229
 0.0661423 -0.0803991      0.765  0.0388916 -0.0617376   0.766235
 0.0663217 -0.0805163      0.765  0.0391242 -0.0618826   0.766241
 0.0665007 -0.0806332      0.765  0.0393571 -0.0620277   0.766247
 0.0666793 -0.0807499      0.765  0.0395903 -0.0621729   0.766253
 0.0668576 -0.0808663      0.765  0.0398236 -0.0623184   0.766258
 0.0670354 -0.0809825      0.765  0.0400572 -0.0624639   0.766264
 0.0672129 -0.0810984      0.765   0.040291 -0.0626097    0.76627
 0.0673901 -0.0812141      0.765   0.040525 -0.0627556   0.766276
 0.0675668 -0.0813296      0.765  0.0407591 -0.0629016   0.766281
 0.0677432 -0.0814448      0.765  0.0409934 -0.0630477   0.766287
 0.0679192 -0.0815597      0.765 0.0412279 -0.063194  0.766292
 0.0680948 -0.0816744      0.765  0.0414626 -0.0633405   0.766298
   0.06827 -0.0817889      0.765  0.0416975 -0.0634871   0.766303
 0.0684449 -0.0819031      0.765  0.0419327 -0.0636339   0.766309
0.0686193 -0.082017     0.765   0.042168 -0.0637808   0.766314
 0.0687934 -0.0821307      0.765  0.0424035 -0.0639279   0.766319
  0.068967 -0.0822441      0.765  0.0426393 -0.0640752   0.766324
 0.0691403 -0.0823573      0.765  0.0428752 -0.0642225   0.766329
 0.0693132 -0.0824702      0.765  0.0431113 -0.0643701   0.766334
 0.0694856 -0.0825829      0.765  0.0433476 -0.0645177   0.766339
 0.0696577 -0.0826953      0.765  0.0435841 -0.0646655   0.766344
 0.0698294 -0.0828074      0.765  0.0438208 -0.0648134   0.766349
 0.0700007 -0.0829193      0.765  0.0440577 -0.0649615   0.766354
 0.0701715 -0.0830309      0.765  0.0442948 -0.0651097   0.766359
  0.070342 -0.0831422      0.765   0.044532 -0.0652581   0.766363
 0.0705121 -0.0832533      0.765  0.0447695 -0.0654066   0.766368
 0.0706817 -0.0833641      0.765  0.0450071 -0.0655552   0.766372
  0.070851 -0.0834746      0.765  0.045245 -0.065704  0.766376
 0.0710198 -0.0835849      0.765   0.045483 -0.0658528   0.766381
 0.0711882 -0.0836949      0.765  0.0457212 -0.0660018   0.766385
 0.0713562 -0.0838046      0.765  0.0459595 -0.0661509   0.766389
 0.0715238 -0.0839141      0.765  0.0461981 -0.0663001   0.766393
 0.0716909 -0.0840233      0.765  0.0464369 -0.0664495   0.766397
 0.0718577 -0.0841322      0.765 0.0466758 -0.066599  0.766401
  0.072024 -0.0842408      0.765   0.046915 -0.0667485   0.766404
 0.0721899 -0.0843492      0.765  0.0471543 -0.0668983   0.766408
 0.0723554 -0.0844572      0.765  0.0473938 -0.0670481   0.766411
0.0725204 -0.084565     0.765 0.0476335 -0.067198  0.766415
  0.072685 -0.0846726      0.765 0.0478734 -0.067348  0.766418
 0.0728492 -0.0847798      0.765  0.0481135 -0.0674981   0.766421
  0.073013 -0.0848868      0.765  0.0483538 -0.0676484   0.766424
 0.0731763 -0.0849935      0.765  0.0485943 -0.0677987   0.766427
 0.0733392 -0.0850998      0.765   0.048835 -0.0679491    0.76643
0.0735017 -0.085206     0.765  0.0490758 -0.0680997   0.766433
 0.0736637 -0.0853118      0.765  0.0493169 -0.0682503   0.766435
 0.0738253 -0.0854173      0.765  0.0495581 -0.0684011   0.766438
 0.0739864 -0.0855226      0.765  0.0497996 -0.0685519    0.76644
 0.0741471 -0.0856275      0.765  0.0500412 -0.0687029   0.766442
 0.0743074 -0.0857322      0.765   0.050283 -0.0688539   0.766444
 0.0744672 -0.0858366      0.765  0.050525 -0.069005  0.766446
 0.0746265 -0.0859407      0.765  0.0507672 -0.0691562   0.766448
 0.0747855 -0.0860445      0.765  0.0510096 -0.0693075    0.76645
0.0749439 -0.086148     0.765  0.0512522 -0.0694589   0.766452
  0.075102 -0.0862512      0.765  0.0514949 -0.0696104   0.766453
 0.0752595 -0.0863541      0.765 0.0517378 -0.069762  0.766454
 0.0754167 -0.0864568      0.765  0.0519809 -0.0699137   0.766456
 0.0755733 -0.0865591      0.765  0.0522241 -0.0700655   0.766457
 0.0757295 -0.0866611      0.765  0.0524675 -0.0702174   0.766458
 0.0758853 -0.0867629      0.765  0.0527111 -0.0703693   0.766459
 0.0760406 -0.0868643      0.765  0.0529549 -0.0705214   0.766459
 0.0761954 -0.0869654      0.765  0.0531988 -0.0706735    0.76646
 0.0763498 -0.0870663      0.765  0.0534429 -0.0708257    0.76646
 0.0765037 -0.0871668      0.765 0.0536872 -0.070978  0.766461
0.0766572 -0.087267     0.765  0.0539316 -0.0711304   0.766461
0.0768102 -0.087367     0.765  0.0541762 -0.0712829   0.766461
 0.0769627 -0.0874666      0.765   0.054421 -0.0714355   0.766461
 0.0771148 -0.0875659      0.765  0.0546659 -0.0715881   0.766461
 0.0772664 -0.0876649      0.765   0.054911 -0.0717409    0.76646
 0.0774175 -0.0877636      0.765  0.0551562 -0.0718937    0.76646
0.0775681 -0.087862     0.765  0.0554016 -0.0720466   0.766459
 0.0777183 -0.0879601      0.765  0.0556472 -0.0721996   0.766458
  0.077868 -0.0880579      0.765  0.0558929 -0.0723527   0.766458
 0.0780172 -0.0881554      0.765  0.0561388 -0.0725058   0.766456
  0.078166 -0.0882525      0.765  0.0563848 -0.0726591   0.766455
 0.0783143 -0.0883494      0.765   0.056631 -0.0728124   0.766454
 0.0784621 -0.0884459      0.765  0.0568774 -0.0729659   0.766452
 0.0786094 -0.0885421      0.765  0.0571239 -0.0731194   0.766451
0.0787562 -0.088638     0.765 0.0573706 -0.073273  0.766449
 0.0789026 -0.0887336      0.765  0.0576174 -0.0734266   0.766447
 0.0790484 -0.0888289      0.765  0.0578644 -0.0735804   0.766445
 0.0791938 -0.0889239      0.765  0.0581115 -0.0737342   0.766443
 0.0793387 -0.0890185      0.765  0.0583588 -0.0738881    0.76644
 0.0794832 -0.0891128      0.765 0.0586062 -0.074042  0.766438
 0.0796271 -0.0892068      0.765  0.0588538 -0.0741961   0.766435
 0.0797705 -0.0893005      0.765  0.0591015 -0.0743502   0.766432
 0.0799135 -0.0893939      0.765  0.0593494 -0.0745044   0.766429
 0.080056 -0.089487     0.765  0.0595973 -0.0746587   0.766426
 0.0801979 -0.0895797      0.765 0.0598454 -0.074813  0.766422
 0.0803394 -0.0896721      0.765  0.0600936 -0.0749674   0.766419
 0.0804804 -0.0897642      0.765   0.060342 -0.0751219   0.766415
 0.0806209 -0.0898559      0.765  0.0605904 -0.0752764   0.766411
 0.0807609 -0.0899474      0.765  0.060839 -0.075431  0.766407
 0.0809004 -0.0900385      0.765  0.0610876 -0.0755857   0.766403
 0.0810394 -0.0901293      0.765  0.0613364 -0.0757404   0.766399
 0.0811779 -0.0902197      0.765  0.0615853 -0.0758952   0.766394
 0.0813159 -0.0903099      0.765 0.0618343  -0.07605   0.76639
 0.0814534 -0.0903997      0.765  0.0620834 -0.0762049   0.766385
 0.0815903 -0.0904892      0.765  0.0623326 -0.0763599    0.76638
 0.0817268 -0.0905783      0.765  0.0625819 -0.0765149   0.766375
 0.0818628 -0.0906671      0.765 0.0628314  -0.07667   0.76637
 0.0819983 -0.0907556      0.765  0.0630809 -0.0768252   0.766365
 0.0821333 -0.0908438      0.765  0.0633306 -0.0769803    0.76636
 0.0822678 -0.0909316      0.765  0.0635803 -0.0771356   0.766354
 0.0824017 -0.0910191      0.765  0.0638302 -0.0772909   0.766349
 0.0825352 -0.0911063      0.765  0.0640802 -0.0774462   0.766343
 0.0826681 -0.0911931      0.765  0.0643304 -0.0776016   0.766337
 0.0828006 -0.0912796      0.765 0.0645806 -0.077757  0.766331
 0.0829325 -0.0913658      0.765   0.064831 -0.0779125   0.766325
 0.0830639 -0.0914516      0.765 0.0650815 -0.078068  0.766319
 0.0831948 -0.0915371      0.765  0.0653321 -0.0782236   0.766313
 0.0833252 -0.0916223      0.765  0.0655828 -0.0783792   0.766306
  0.083455 -0.0917071      0.765  0.0658337 -0.0785348     0.7663
 0.0835844 -0.0917916      0.765  0.0660847 -0.0786905   0.766293
 0.0837132 -0.0918758      0.765  0.0663358 -0.0788462   0.766286
 0.0838416 -0.0919596      0.765   0.066587 -0.0790019   0.766279
0.0839694 -0.092043     0.765  0.0668383 -0.0791577   0.766272
 0.0840966 -0.0921262      0.765  0.0670898 -0.0793135   0.766265
0.0842234 -0.092209     0.765  0.0673414 -0.0794694   0.766258
 0.0843497 -0.0922914      0.765  0.0675931 -0.0796253    0.76625
 0.0844754 -0.0923736      0.765  0.0678449 -0.0797812   0.766242
 0.0846006 -0.0924553      0.765  0.0680969 -0.0799372   0.766235
 0.0847253 -0.0925368      0.765   0.068349 -0.0800932   0.766227
 0.0848494 -0.0926179      0.765  0.0686013 -0.0802492   0.766219
 0.0849731 -0.0926986      0.765  0.0688538 -0.0804053    0.76621
0.0850962 -0.092779     0.765  0.0691064 -0.0805614   0.766201
 0.0852187 -0.0928591      0.765  0.0693593 -0.0807176   0.766193
 0.0853408 -0.0929388      0.765  0.0696124 -0.0808739   0.766183
 0.0854623 -0.0930182      0.765  0.0698656 -0.0810302   0.766174
 0.0855833 -0.0930972      0.765  0.0701191 -0.0811865   0.766164
 0.0857038 -0.0931759      0.765  0.0703727 -0.0813429   0.766155
 0.0858238 -0.0932543      0.765  0.0706266 -0.0814994   0.766144
 0.0859432 -0.0933323      0.765  0.0708806 -0.0816559   0.766134
 0.0860621 -0.0934099      0.765  0.0711348 -0.0818124   0.766124
 0.0861804 -0.0934872      0.765  0.0713891 -0.0819689   0.766113
 0.0862983 -0.0935642      0.765  0.0716442 -0.0821259   0.766101
 0.0864155 -0.0936408      0.765  0.0718999 -0.0822832    0.76609
 0.0865323 -0.0937171      0.765  0.0721564 -0.0824409   0.766077
0.0866485 -0.093793     0.765 0.0724134 -0.082599  0.766064
 0.0867642 -0.0938685      0.765  0.0726709 -0.0827572   0.766051
 0.0868794 -0.0939438      0.765  0.0729288 -0.0829158   0.766037
  0.086994 -0.0940186      0.765  0.0731871 -0.0830744   0.766023
 0.0871081 -0.0940932      0.765  0.0734456 -0.0832333   0.766009
 0.0872217 -0.0941673      0.765  0.0737044 -0.0833923   0.765995
 0.0873347 -0.0942412      0.765  0.0739634 -0.0835514   0.765981
 0.0874472 -0.0943146      0.765  0.0742227 -0.0837106   0.765966
 0.0875592 -0.0943878      0.765  0.0744822 -0.0838699   0.765952
 0.0876706 -0.0944605      0.765  0.0747419 -0.0840292   0.765937
0.0877815 -0.094533     0.765  0.0750019 -0.0841886   0.765922
0.0878918 -0.094605     0.765 0.0752621 -0.084348  0.765906
 0.0880016 -0.0946768      0.765  0.0755233 -0.0845073    0.76589
 0.0881109 -0.0947481      0.765  0.0757854 -0.0846665   0.765873
 0.0882196 -0.0948191      0.765  0.0760486 -0.0848256   0.765856
 0.0883278 -0.0948898      0.765  0.0763125 -0.0849845   0.765838
 0.0884355 -0.0949601      0.765  0.0765773 -0.0851433    0.76582
 0.0885426 -0.0950301      0.765  0.0768428 -0.0853019   0.765801
 0.0886492 -0.0950997      0.765  0.0771089 -0.0854604   0.765782
 0.0887552 -0.0951689      0.765  0.0773757 -0.0856186   0.765763
 0.0888607 -0.0952379      0.765   0.077643 -0.0857767   0.765744
 0.0889656 -0.0953064      0.765  0.0779108 -0.0859346   0.765724
   0.08907 -0.0953746      0.765  0.0781793 -0.0860924   0.765705
 0.0891739 -0.0954424      0.765  0.0784487 -0.0862502   0.765684
 0.0892772 -0.0955099      0.765   0.078719 -0.0864082   0.765664
   0.08938 -0.0955771      0.765    0.07899 -0.0865661   0.765643
 0.0894823 -0.0956438      0.765  0.0792618 -0.0867241   0.765622
  0.089584 -0.0957103      0.765  0.0795342 -0.0868822   0.765601
 0.0896851 -0.0957763      0.765  0.0798072 -0.0870402   0.765579
 0.0897857 -0.0958421      0.765  0.0800808 -0.0871984   0.765557
 0.0898858 -0.0959074      0.765  0.0803551 -0.0873566   0.765535
 0.0899853 -0.0959724      0.765 0.0806299 -0.087515  0.765513
 0.0900843 -0.0960371      0.765  0.0809052 -0.0876733    0.76549
 0.0901828 -0.0961014      0.765  0.0811809 -0.0878318   0.765468
 0.0902807 -0.0961653      0.765   0.081457 -0.0879903   0.765445
  0.090378 -0.0962289      0.765  0.0817333 -0.0881488   0.765422
 0.0904749 -0.0962922      0.765  0.0820099 -0.0883074   0.765399
0.0905711 -0.096355     0.765 0.0822867 -0.088466  0.765376
 0.0906669 -0.0964176      0.765  0.0825636 -0.0886246   0.765353
  0.090762 -0.0964797      0.765  0.0828407 -0.0887832    0.76533
 0.0908567 -0.0965416      0.765 0.0831179 -0.088942  0.765307
0.0909508 -0.096603     0.765  0.0833952 -0.0891007   0.765284
 0.0910443 -0.0966641      0.765  0.0836724 -0.0892596    0.76526
 0.0911373 -0.0967249      0.765  0.0839496 -0.0894185   0.765237
 0.0912298 -0.0967853      0.765  0.0842267 -0.0895776   0.765213
 0.0913217 -0.0968453      0.765  0.0845037 -0.0897367    0.76519
0.0914131 -0.096905     0.765  0.0847806 -0.0898958   0.765166
 0.0915039 -0.0969643      0.765  0.0850574 -0.0900551   0.765142
 0.0915942 -0.0970233      0.765  0.0853339 -0.0902144   0.765119
  0.091684 -0.0970819      0.765  0.0856103 -0.0903737   0.765095
 0.0917732 -0.0971402      0.765  0.0858865 -0.0905331   0.765071
 0.0918619 -0.0971981      0.765  0.0861625 -0.0906925   0.765047
   0.09195 -0.0972557      0.765 0.0864382 -0.090852  0.765023
 0.0920376 -0.0973129      0.765  0.0867137 -0.0910115   0.764999
 0.0921246 -0.0973697      0.765  0.0869888 -0.0911711   0.764975
 0.0922111 -0.0974262      0.765  0.0872636 -0.0913306   0.764951
  0.092297 -0.0974823      0.765  0.0875381 -0.0914902   0.764927
 0.0923825 -0.0975381      0.765  0.0878122 -0.0916499   0.764903
 0.0924673 -0.0975936      0.765  0.0880859 -0.0918096   0.764878
 0.0925517 -0.0976486      0.765  0.0883592 -0.0919692   0.764854
 0.0926354 -0.0977034      0.765  0.0886321 -0.0921289    0.76483
 0.0927187 -0.0977577      0.765  0.0889046 -0.0922884   0.764805
 0.0928014 -0.0978118      0.765  0.0891767 -0.0924479   0.764781
 0.0928836 -0.0978654      0.765  0.0894484 -0.0926074   0.764756
 0.0929652 -0.0979187      0.765  0.0897197 -0.0927669   0.764731
 0.0930463 -0.0979717      0.765  0.0899904 -0.0929265   0.764706
 0.0931268 -0.0980243      0.765  0.0902607 -0.0930861   0.764682
 0.0932068 -0.0980766      0.765  0.0905304 -0.0932458   0.764657
 0.0932863 -0.0981285      0.765  0.0907997 -0.0934054   0.764632
0.0933652  -0.09818     0.765  0.0910686 -0.0935649   0.764607
 0.0934436 -0.0982312      0.765   0.091337 -0.0937243   0.764581
 0.0935215 -0.0982821      0.765   0.091605 -0.0938836   0.764556
 0.0935988 -0.0983326      0.765  0.0918724 -0.0940429   0.764531
 0.0936755 -0.0983827      0.765  0.0921395 -0.0942021   0.764505
 0.0937518 -0.0984325      0.765   0.092406 -0.0943613    0.76448
0.0938275 -0.098482     0.765  0.0926719 -0.0945206   0.764454
 0.0939027 -0.0985311      0.765  0.0929373 -0.0946799   0.764429
 0.0939773 -0.0985798      0.765  0.0932022 -0.0948393   0.764403
 0.0940514 -0.0986282      0.765  0.0934667 -0.0949986   0.764377
  0.094125 -0.0986763      0.765  0.0937306 -0.0951578   0.764351
 0.094198 -0.098724     0.765 0.0939942 -0.095317  0.764325
 0.0942705 -0.0987713      0.765  0.0942573 -0.0954761   0.764299
 0.0943425 -0.0988184      0.765  0.0945201 -0.0956352   0.764273
0.0944139 -0.098865     0.765  0.0947824 -0.0957943   0.764247
 0.0944849 -0.0989113      0.765  0.0950442 -0.0959535    0.76422
 0.0945552 -0.0989573      0.765  0.0953056 -0.0961127   0.764194
 0.0946251 -0.0990029      0.765  0.0955665 -0.0962721   0.764168
 0.0946944 -0.0990482      0.765   0.095827 -0.0964316   0.764141
 0.0947632 -0.0990931      0.765  0.0960871 -0.0965912   0.764114
 0.0948315 -0.0991377      0.765  0.0963468 -0.0967509   0.764088
0.0948992 -0.099182     0.765   0.096606 -0.0969107   0.764061
 0.0949664 -0.0992259      0.765  0.0968649 -0.0970706   0.764034
 0.0950331 -0.0992694      0.765  0.0971233 -0.0972306   0.764007
 0.0950993 -0.0993127      0.765  0.0973814 -0.0973907    0.76398
 0.0951649 -0.0993555      0.765  0.0976391 -0.0975509   0.763953
   0.09523 -0.0993981      0.765  0.0978963 -0.0977112   0.763926
 0.0952946 -0.0994403      0.765  0.0981532 -0.0978717   0.763898
 0.0953587 -0.0994821      0.765  0.0984097 -0.0980322   0.763871
 0.0954223 -0.0995236      0.765  0.0986658 -0.0981929   0.763843
 0.0954853 -0.0995648      0.765  0.0989214 -0.0983536   0.763815
 0.0955478 -0.0996056      0.765  0.0991768 -0.0985145   0.763788
 0.0956098 -0.0996461      0.765  0.0994317 -0.0986755    0.76376
 0.0956713 -0.0996863      0.765  0.0996864 -0.0988366   0.763732
 0.0957323 -0.0997261      0.765  0.0999407 -0.0989978   0.763703
 0.0957927 -0.0997656      0.765  0.100195 -0.099159  0.763675
 0.0958526 -0.0998047      0.765   0.100448 -0.0993203   0.763646
 0.0959121 -0.0998435      0.765   0.100702 -0.0994817   0.763618
 0.095971 -0.099882     0.765   0.100955 -0.0996432   0.763589
 0.0960294 -0.0999201      0.765   0.101208 -0.0998047    0.76356
0.0960873 -0.099958     0.765    0.10146 -0.0999663    0.76353
 0.0961446 -0.0999954      0.765  0.101713 -0.100128  0.763501
0.0962015 -0.100033     0.765 0.101964 -0.10029 0.763472
0.0962579 -0.100069     0.765  0.102216 -0.100451  0.763442
0.0963137 -0.100106     0.765  0.102467 -0.100613  0.763412
0.0963691 -0.100142     0.765  0.102718 -0.100775  0.763382
0.0964239 -0.100178     0.765  0.102969 -0.100937  0.763352
0.0964782 -0.100213     0.765  0.103219 -0.101099  0.763322
0.0965321 -0.100248     0.765 0.103469 -0.10126 0.763291
0.0965854 -0.100283     0.765  0.103719 -0.101422   0.76326
0.0966383 -0.100318     0.765  0.103968 -0.101584  0.763229
0.0966906 -0.100352     0.765  0.104217 -0.101746  0.763198
0.0967424 -0.100386     0.765  0.104465 -0.101908  0.763167
0.0967938 -0.100419     0.765 0.104713 -0.10207 0.763136
0.0968447 -0.100453     0.765  0.104961 -0.102232  0.763104
 0.096895 -0.100486     0.765  0.105208 -0.102394  0.763073
0.0969449 -0.100518     0.765  0.105455 -0.102555  0.763041
0.0969943  -0.10055     0.765  0.105702 -0.102717  0.763009
0.0970431 -0.100582     0.765  0.105948 -0.102879  0.762977
0.0970915 -0.100614     0.765  0.106193 -0.103041  0.762944
0.0971395 -0.100645     0.765  0.106439 -0.103202  0.762912
0.0971869 -0.100676     0.765  0.106683 -0.103364  0.762879
0.0972338 -0.100707     0.765  0.106928 -0.103525  0.762846
0.0972803 -0.100737     0.765  0.107172 -0.103687  0.762813
0.0973263 -0.100767     0.765  0.107415 -0.103849  0.762779
0.0973717 -0.100797     0.765 0.107658 -0.10401 0.762746
0.0974168 -0.100826     0.765  0.107901 -0.104172  0.762712
0.0974613 -0.100855     0.765  0.108143 -0.104333  0.762678
0.0975054 -0.100884     0.765  0.108384 -0.104494  0.762643
 0.097549 -0.100913     0.765  0.108625 -0.104655  0.762609
0.0975921 -0.100941     0.765  0.108866 -0.104816  0.762574
0.0976347 -0.100969     0.765  0.109106 -0.104977  0.762539
0.0976769 -0.100996     0.765  0.109346 -0.105137  0.762504
0.0977186 -0.101023     0.765  0.109585 -0.105297  0.762469
0.0977599  -0.10105     0.765  0.109823 -0.105458  0.762434
0.0978006 -0.101077     0.765  0.110062 -0.105618  0.762398
0.0978409 -0.101103     0.765  0.110299 -0.105777  0.762362
0.0978808 -0.101129     0.765  0.110536 -0.105937  0.762326
0.0979202 -0.101155     0.765  0.110773 -0.106096   0.76229
0.0979591 -0.101181     0.765  0.111009 -0.106255  0.762253
0.0979976 -0.101206     0.765  0.111244 -0.106414  0.762217
0.0980356 -0.101231     0.765  0.111479 -0.106573   0.76218
0.0980732 -0.101255     0.765  0.111713 -0.106731  0.762143
0.0981103 -0.101279     0.765 0.111947 -0.10689 0.762106
 0.098147 -0.101303     0.765  0.112181 -0.107048  0.762069
0.0981832 -0.101327     0.765  0.112413 -0.107205  0.762031
0.098219 -0.10135    0.765  0.112646 -0.107363  0.761994
0.0982543 -0.101373     0.765 0.112878 -0.10752 0.761956
0.0982892 -0.101396     0.765  0.113109 -0.107677  0.761918
0.0983236 -0.101419     0.765   0.11334 -0.107833   0.76188
0.0983576 -0.101441     0.765 0.113571 -0.10799 0.761842
0.0983912 -0.101463     0.765  0.113801 -0.108146  0.761803
0.0984243 -0.101484     0.765  0.114031 -0.108302  0.761764
 0.098457 -0.101506     0.765   0.11426 -0.108457  0.761725
0.0984893 -0.101527     0.765   0.11449 -0.108613  0.761685
0.0985211 -0.101548     0.765  0.114719 -0.108767  0.761646
0.0985526 -0.101568     0.765  0.114947 -0.108922  0.761606
0.0985835 -0.101588     0.765  0.115176 -0.109076  0.761566
0.0986141 -0.101608     0.765 0.115404 -0.10923 0.761525
0.0986442 -0.101628     0.765  0.115632 -0.109384  0.761485
 0.098674 -0.101647     0.765  0.115859 -0.109537  0.761444
0.0987033 -0.101667     0.765 0.116086 -0.10969 0.761403
0.0987322 -0.101686     0.765  0.116313 -0.109843  0.761362
0.0987606 -0.101704     0.765   0.11654 -0.109996  0.761321
0.0987887 -0.101722     0.765  0.116766 -0.110148  0.761279
0.0988164  -0.10174     0.765 0.116992  -0.1103 0.761238
0.0988436 -0.101758     0.765  0.117217 -0.110451  0.761196
0.0988705 -0.101776     0.765  0.117443 -0.110603  0.761154
0.0988969 -0.101793     0.765  0.117668 -0.110754  0.761111
0.0989229  -0.10181     0.765  0.117892 -0.110905  0.761069
0.0989486 -0.101827     0.765  0.118117 -0.111055  0.761026
0.0989738 -0.101843     0.765  0.118341 -0.111205  0.760984
0.0989987  -0.10186     0.765  0.118565 -0.111355  0.760941
0.0990232 -0.101876     0.765  0.118788 -0.111504  0.760898
0.0990472 -0.101891     0.765  0.119011 -0.111654  0.760854
0.0990709 -0.101907     0.765  0.119234 -0.111802  0.760811
0.0990942 -0.101922     0.765  0.119457 -0.111951  0.760767
0.0991172 -0.101937     0.765  0.119679 -0.112099  0.760723
0.0991397 -0.101952     0.765  0.119901 -0.112247  0.760679
0.0991619 -0.101966     0.765  0.120123 -0.112395  0.760635
0.0991837  -0.10198     0.765  0.120344 -0.112543  0.760591
0.0992051 -0.101994     0.765  0.120565 -0.112692  0.760546
0.0992261 -0.102008     0.765 0.120786 -0.11284 0.760502
0.0992468 -0.102022     0.765  0.121007 -0.112988  0.760457
0.0992671 -0.102035     0.765  0.121227 -0.113136  0.760411
0.0992871 -0.102048     0.765  0.121447 -0.113284  0.760366
0.0993067 -0.102061     0.765  0.121667 -0.113432  0.760321
0.0993259 -0.102073     0.765 0.121886 -0.11358 0.760275
0.0993448 -0.102086     0.765  0.122106 -0.113727  0.760229
0.0993634 -0.102098     0.765  0.122325 -0.113875  0.760183
0.0993815  -0.10211     0.765  0.122544 -0.114023  0.760136
0.0993994 -0.102121     0.765 0.122762 -0.11417 0.760089
0.0994169 -0.102133     0.765  0.122981 -0.114318  0.760042
 0.099434 -0.102144     0.765  0.123199 -0.114466  0.759995
0.0994508 -0.102155     0.765  0.123417 -0.114613  0.759948
0.0994673 -0.102166     0.765  0.123636 -0.114761    0.7599
0.0994835 -0.102176     0.765  0.123854 -0.114908  0.759852
0.0994993 -0.102187     0.765  0.124071 -0.115056  0.759803
0.0995148 -0.102197     0.765  0.124289 -0.115203  0.759754
0.0995299 -0.102207     0.765  0.124507 -0.115351  0.759705
0.0995448 -0.102216     0.765  0.124725 -0.115498  0.759656
0.0995593 -0.102226     0.765  0.124942 -0.115645  0.759607
0.0995735 -0.102235     0.765  0.125159 -0.115793  0.759557
0.0995874 -0.102244     0.765  0.125377 -0.115941  0.759508
 0.099601 -0.102253     0.765  0.125594 -0.116088  0.759458
0.0996143 -0.102262     0.765  0.125811 -0.116236  0.759408
0.0996272  -0.10227     0.765  0.126027 -0.116384  0.759358
0.0996399 -0.102278     0.765  0.126244 -0.116531  0.759307
0.0996523 -0.102286     0.765   0.12646 -0.116679  0.759257
0.0996643 -0.102294     0.765  0.126676 -0.116827  0.759206
0.0996761 -0.102302     0.765  0.126893 -0.116975  0.759156
0.0996876  -0.10231     0.765  0.127108 -0.117123  0.759105
0.0996988 -0.102317     0.765  0.127324 -0.117271  0.759054
0.0997097 -0.102324     0.765  0.127539 -0.117419  0.759003
0.0997204 -0.102331     0.765  0.127755 -0.117567  0.758952
0.0997307 -0.102338     0.765  0.127969 -0.117715  0.758901
0.0997408 -0.102344     0.765  0.128184 -0.117863   0.75885
0.0997507 -0.102351     0.765  0.128399 -0.118011  0.758799
0.0997602 -0.102357     0.765 0.128613 -0.11816 0.758747
0.0997695 -0.102363     0.765  0.128826 -0.118308  0.758696
0.0997785 -0.102369     0.765   0.12904 -0.118456  0.758644
0.0997873 -0.102375     0.765  0.129253 -0.118604  0.758592
0.0997958  -0.10238     0.765  0.129465 -0.118753   0.75854
0.0998041 -0.102386     0.765  0.129678 -0.118901  0.758487
0.0998121 -0.102391     0.765  0.12989 -0.11905 0.758435
0.0998198 -0.102396     0.765  0.130101 -0.119199  0.758382
0.0998274 -0.102401     0.765  0.130313 -0.119347  0.758329
0.0998347 -0.102406     0.765  0.130524 -0.119496  0.758275
0.0998417  -0.10241     0.765  0.130734 -0.119645  0.758222
0.0998485 -0.102415     0.765  0.130944 -0.119794  0.758168
0.0998551 -0.102419     0.765  0.131154 -0.119943  0.758114
0.0998615 -0.102423     0.765  0.131364 -0.120092   0.75806
0.0998676 -0.102427     0.765  0.131573 -0.120241  0.758006
0.0998736 -0.102431     0.765  0.131782 -0.120391  0.757951
0.0998793 -0.102435     0.765  0.13199 -0.12054 0.757897
0.0998848 -0.102438     0.765  0.132198 -0.120689  0.757842
0.0998901 -0.102442     0.765  0.132406 -0.120838  0.757786
0.0998952 -0.102445     0.765  0.132613 -0.120988  0.757731
0.0999001 -0.102448     0.765   0.13282 -0.121137  0.757675
0.0999048 -0.102451     0.765  0.133027 -0.121286   0.75762
0.0999093 -0.102454     0.765  0.133232 -0.121435  0.757565
0.0999136 -0.102457     0.765  0.133436 -0.121585  0.757511
0.0999178  -0.10246     0.765   0.13364 -0.121733  0.757457
0.0999217 -0.102462     0.765  0.133842 -0.121882  0.757404
0.0999255 -0.102465     0.765 0.134042 -0.12203 0.757351
0.0999291 -0.102467     0.765   0.13424 -0.122178  0.757301
0.0999325  -0.10247     0.765  0.134437 -0.122325  0.757252
0.0999358 -0.102472     0.765  0.134631 -0.122472  0.757204
0.0999389 -0.102474     0.765  0.134822 -0.122618  0.757159
0.0999419 -0.102476     0.765  0.135011 -0.122764  0.757115
0.0999447 -0.102477     0.765 0.135196 -0.12291 0.757073
0.0999473 -0.102479     0.765  0.135379 -0.123056  0.757033
0.0999498 -0.102481     0.765  0.135559 -0.123202  0.756994
0.0999522 -0.102482     0.765  0.135736 -0.123348  0.756957
0.0999544 -0.102484     0.765  0.135911 -0.123494  0.756921
0.0999564 -0.102485     0.765 0.136083 -0.12364 0.756887
0.0999584 -0.102486     0.765  0.136253 -0.123787  0.756854
0.0999602 -0.102488     0.765   0.13642 -0.123935  0.756823
0.0999619 -0.102489     0.765  0.136585 -0.124084  0.756793
0.0999635  -0.10249     0.765  0.136748 -0.124234  0.756766
 0.099965 -0.102491     0.765  0.136909 -0.124386   0.75674
0.0999663 -0.102492     0.765  0.137068 -0.124539  0.756715
0.0999676 -0.102492     0.765  0.137226 -0.124694  0.756693
0.0999687 -0.102493     0.765  0.137381 -0.124851  0.756671
0.0999698 -0.102494     0.765  0.137535 -0.125009  0.756652
0.0999707 -0.102494     0.765  0.137687 -0.125169  0.756633
0.0999716 -0.102495     0.765 0.137839 -0.12533 0.756615
0.0999724 -0.102496     0.765  0.137989 -0.125493  0.756598
0.0999731 -0.102496     0.765  0.138138 -0.125657  0.756582
0.0999737 -0.102496     0.765  0.138286 -0.125824  0.756567
0.0999742 -0.102497     0.765  0.138434 -0.125993  0.756552
0.0999747 -0.102497     0.765  0.138581 -0.126163  0.756538
0.0999752 -0.102497     0.765  0.138727 -0.126335  0.756525
0.0999755 -0.102498     0.765  0.138874 -0.126509  0.756512
0.0999758 -0.102498     0.765   0.13902 -0.126684    0.7565
0.0999761 -0.102498     0.765 0.139166 -0.12686 0.756488
0.0999763 -0.102498     0.765  0.139312 -0.127037  0.756477
0.0999764 -0.102498     0.765  0.139459 -0.127216  0.756466
0.0999766 -0.102498     0.765  0.139605 -0.127395  0.756455
0.0999767 -0.102498     0.765  0.139753 -0.127576  0.756444
0.0999767 -0.102498     0.765    0.1399 -0.127758  0.756434
0.0999768 -0.102498     0.765 0.140048 -0.12794 0.756424
0.0999768 -0.102498     0.765  0.140197 -0.128123  0.756414
0.0999768 -0.102498     0.765  0.140346 -0.128307  0.756404
-0.0514582  0.0844811   0.762819 -0.0514582  0.0844811   0.762819
-0.0514582  0.0844811   0.762819 -0.0511797  0.0842973   0.763023
-0.0514582  0.0844811   0.762819 -0.0509038   0.084114   0.763227
-0.0514582  0.0844811   0.762819 -0.0506303  0.0839312   0.763431
-0.0514581  0.0844811   0.762819 -0.0503314  0.0837241    0.76364
-0.0514581  0.0844811   0.762819 -0.0500067  0.0834926   0.763853
-0.0514581  0.0844811   0.762819 -0.0496558  0.0832367   0.764069
-0.0514581  0.0844811   0.762819 -0.049282 0.0829603  0.764289
-0.051458 0.0844811  0.762819 -0.0488901  0.0826699   0.764511
-0.0514579  0.0844811   0.762819 -0.0484868  0.0823749   0.764732
-0.0514579  0.0844812   0.762819 -0.0480756  0.0820817   0.764952
-0.0514577  0.0844812   0.762819 -0.0476569   0.081791   0.765171
-0.0514576  0.0844813   0.762819 -0.047229 0.0815009  0.765389
-0.0514575  0.0844813   0.762819 -0.0467856  0.0812056   0.765606
-0.0514573  0.0844814   0.762819 -0.0463236  0.0809027   0.765821
-0.0514571  0.0844815   0.762819 -0.0458456  0.0805931   0.766035
-0.0514569  0.0844816   0.762819 -0.0453643  0.0802845   0.766249
-0.0514566  0.0844817   0.762819 -0.0448924  0.0799854   0.766461
-0.0514563  0.0844818   0.762819 -0.044438 0.0797022  0.766673
-0.051456 0.0844819  0.762819 -0.0440009  0.0794359   0.766886
-0.0514557   0.084482   0.762819 -0.0435738  0.0791824   0.767099
-0.0514553  0.0844822   0.762819 -0.0431387  0.0789273   0.767316
-0.0514548  0.0844824   0.762819 -0.0426812  0.0786576   0.767539
-0.0514544  0.0844826   0.762819 -0.0421994  0.0783707   0.767768
-0.0514539  0.0844828   0.762819 -0.041696 0.0780673  0.768004
-0.0514533   0.084483   0.762819 -0.0411947  0.0777666   0.768243
-0.0514527  0.0844832   0.762819 -0.0407154   0.077486   0.768484
-0.0514521  0.0844835   0.762819 -0.0402643  0.0772327   0.768722
-0.0514514  0.0844837   0.762819 -0.0398418  0.0770075    0.76896
-0.0514506   0.084484   0.762819 -0.0394456   0.076809   0.769195
-0.0514498  0.0844844   0.762819 -0.0390666    0.07663   0.769428
-0.051449 0.0844847  0.762819 -0.0386795  0.0764468   0.769664
-0.0514481  0.0844851   0.762819 -0.0382696  0.0762456     0.7699
-0.0514471  0.0844854   0.762819 -0.0378335   0.076021   0.770135
-0.0514461  0.0844858   0.762819 -0.0373747  0.0757758   0.770365
-0.051445 0.0844863  0.762819 -0.0369092  0.0755262   0.770584
-0.0514439  0.0844867   0.762819 -0.0364637  0.0752983   0.770789
-0.0514426  0.0844872    0.76282 -0.0360442  0.0751004   0.770977
-0.0514414  0.0844877    0.76282 -0.0356522  0.0749337   0.771149
 -0.05144 0.0844882   0.76282 -0.0352838  0.0747954   0.771305
-0.0514386  0.0844888    0.76282 -0.0349308  0.0746755   0.771447
-0.0514372  0.0844894    0.76282 -0.0345653   0.074543   0.771581
-0.0514356    0.08449    0.76282 -0.0341753  0.0743838   0.771707
-0.051434 0.0844906   0.76282 -0.0337564  0.0741924   0.771827
-0.0514323  0.0844913    0.76282 -0.0333126   0.073974   0.771942
-0.0514305   0.084492    0.76282 -0.0328583  0.0737455   0.772048
-0.0514287  0.0844927    0.76282 -0.0324208  0.0735388   0.772143
-0.0514268  0.0844935    0.76282 -0.0320049  0.0733611   0.772224
-0.0514248  0.0844943    0.76282 -0.0316116  0.0732153   0.772292
-0.0514227  0.0844951    0.76282 -0.0312379   0.073099   0.772348
-0.0514205   0.084496    0.76282 -0.0308798  0.0730076   0.772392
-0.0514182  0.0844969    0.76282 -0.0305168  0.0729151   0.772429
-0.0514159  0.0844978   0.762821 -0.0301328  0.0728027   0.772463
-0.0514135  0.0844988   0.762821 -0.0297232  0.0726632   0.772495
-0.051411 0.0844998  0.762821 -0.0292892  0.0724967   0.772524
-0.0514084  0.0845008   0.762821 -0.0288347  0.0723111    0.77255
-0.0514057  0.0845019   0.762821 -0.0283907  0.0721415   0.772568
-0.0514029   0.084503   0.762821 -0.0279676  0.0719998   0.772578
  -0.0514 0.0845041  0.762821 -0.0275702  0.0718918   0.772578
-0.051397 0.0845053  0.762821 -0.0271975  0.0718159   0.772571
-0.0513939  0.0845065   0.762821 -0.0268468  0.0717669   0.772556
-0.0513907  0.0845078   0.762822 -0.0264978  0.0717198   0.772537
-0.0513875  0.0845091   0.762822 -0.0261327  0.0716551   0.772514
-0.0513841  0.0845104   0.762822 -0.0257456  0.0715665   0.772488
-0.0513806  0.0845118   0.762822 -0.0253378  0.0714537   0.772459
-0.051377 0.0845132  0.762822 -0.0249151  0.0713206   0.772427
-0.0513733  0.0845147   0.762822 -0.024498 0.0711896  0.772392
-0.0513695  0.0845162   0.762822 -0.0241051  0.0710836   0.772351
-0.0513656  0.0845178   0.762823 -0.0237397   0.071008   0.772305
-0.0513616  0.0845194   0.762823 -0.0234021  0.0709632   0.772255
-0.0513575   0.084521   0.762823 -0.0230895  0.0709443     0.7722
-0.0513532  0.0845227   0.762823 -0.0227818  0.0709239   0.772144
-0.0513489  0.0845244   0.762823 -0.0224619  0.0708805   0.772089
-0.0513444  0.0845262   0.762823 -0.0221241  0.0708075   0.772034
-0.0513398   0.084528   0.762824 -0.0217685  0.0707047   0.771979
-0.0513351  0.0845299   0.762824 -0.0214001  0.0705777   0.771924
-0.0513303  0.0845318   0.762824 -0.0210414  0.0704531   0.771869
-0.0513253  0.0845337   0.762824 -0.0207073  0.0703526   0.771813
-0.0513203  0.0845357   0.762824 -0.0204011   0.070282   0.771754
-0.0513151  0.0845378   0.762825 -0.0201223  0.0702414   0.771693
-0.0513098  0.0845399   0.762825 -0.0198678  0.0702267   0.771631
-0.0513043  0.0845421   0.762825 -0.0196218  0.0702162   0.771569
-0.0512988  0.0845443   0.762825 -0.0193633  0.0701839   0.771508
-0.0512931  0.0845465   0.762825 -0.0190881  0.0701235   0.771449
-0.0512873  0.0845488   0.762826 -0.0187954  0.0700328   0.771393
-0.0512813  0.0845512   0.762826 -0.0184898   0.069918   0.771338
-0.0512753  0.0845536   0.762826 -0.0181922  0.0698024   0.771286
-0.0512691  0.0845561   0.762826 -0.017924 0.0697082  0.771238
-0.0512627  0.0845586   0.762827 -0.0176919  0.0696405   0.771196
-0.0512563  0.0845611   0.762827 -0.0174957     0.0696    0.77116
-0.0512497  0.0845638   0.762827 -0.0173284  0.0695835   0.771127
-0.0512429  0.0845664   0.762827 -0.017174 0.0695785  0.771095
-0.051236 0.0845692  0.762828 -0.0170057  0.0695559   0.771061
-0.051229 0.0845719  0.762828 -0.0168148  0.0695071   0.771026
-0.0512218  0.0845748   0.762828 -0.0165992  0.0694278   0.770987
-0.0512145  0.0845777   0.762828 -0.016364 0.0693227  0.770947
-0.0512071  0.0845806   0.762829 -0.0161303  0.0692125   0.770908
-0.0511995  0.0845836   0.762829 -0.0159217   0.069122   0.770872
-0.0511918  0.0845867   0.762829 -0.0157469  0.0690565   0.770842
-0.0511839  0.0845898    0.76283 -0.0156069   0.069017   0.770819
-0.0511759   0.084593    0.76283 -0.0154956  0.0690009   0.770801
-0.0511677  0.0845962    0.76283 -0.0154009      0.069   0.770785
-0.0511594  0.0845995   0.762831 -0.0152957  0.0689854   0.770766
-0.0511509  0.0846029   0.762831 -0.0151676  0.0689423   0.770745
-0.0511423  0.0846063   0.762831 -0.0150132  0.0688653   0.770721
-0.0511336  0.0846098   0.762832 -0.0148359   0.068756   0.770694
-0.0511246  0.0846133   0.762832 -0.0146506  0.0686318   0.770666
-0.0511156  0.0846169   0.762832 -0.0144813  0.0685257   0.770637
-0.0511063  0.0846206   0.762833 -0.0143327  0.0684436    0.77061
-0.051097 0.0846243  0.762833 -0.0142064  0.0683889   0.770584
-0.0510874  0.0846281   0.762833 -0.0140997  0.0683593    0.77056
-0.0510777  0.0846319   0.762834 -0.0140084   0.068351   0.770537
-0.0510679  0.0846358   0.762834 -0.0139147  0.0683375   0.770515
-0.0510579  0.0846398   0.762835 -0.0138036  0.0682928   0.770493
-0.0510477  0.0846439   0.762835 -0.0136705  0.0682095   0.770472
-0.0510374   0.084648   0.762835 -0.013516 0.0680882  0.770452
-0.0510269  0.0846521   0.762836 -0.0133456  0.0679387   0.770432
-0.0510162  0.0846563   0.762836 -0.0131842  0.0678005   0.770413
-0.0510054  0.0846606   0.762837 -0.0130397  0.0676875   0.770396
-0.0509944   0.084665   0.762837 -0.0129156  0.0676054   0.770381
-0.0509833  0.0846694   0.762838 -0.0128102   0.067553   0.770369
-0.0509719  0.0846739   0.762838 -0.0127203  0.0675264    0.77036
-0.0509604  0.0846785   0.762838 -0.012635 0.0675063  0.770351
-0.0509488  0.0846831   0.762839 -0.0125346  0.0674604   0.770344
-0.050937 0.0846878  0.762839 -0.0124135  0.0673784   0.770338
-0.050925 0.0846925   0.76284 -0.0122703  0.0672566   0.770333
-0.0509128  0.0846973    0.76284 -0.0121085  0.0671037   0.770329
-0.0509005  0.0847022   0.762841 -0.0119492  0.0669549   0.770327
-0.050888 0.0847072  0.762841 -0.0118039  0.0668319   0.770326
-0.0508753  0.0847122   0.762842 -0.0116764  0.0667408   0.770327
-0.0508624  0.0847173   0.762842 -0.0115662  0.0666815   0.770331
-0.0508494  0.0847225   0.762843 -0.0114705  0.0666503   0.770336
-0.0508362  0.0847277   0.762843 -0.0113832  0.0666331   0.770341
-0.0508228   0.084733   0.762844 -0.0112842   0.066596   0.770348
-0.0508093  0.0847384   0.762844 -0.0111651  0.0665239   0.770355
-0.0507955  0.0847439   0.762845 -0.011023 0.0664118  0.770364
-0.0507816  0.0847494   0.762846 -0.0108607  0.0662654   0.770375
-0.0507675   0.084755   0.762846 -0.0106944  0.0661132   0.770385
-0.0507532  0.0847606   0.762847 -0.0105404   0.065986   0.770396
-0.0507388  0.0847664   0.762847 -0.0104019   0.065891   0.770408
-0.0507241  0.0847722   0.762848 -0.0102796  0.0658299   0.770421
-0.0507093  0.0847781   0.762848 -0.0101711  0.0657989   0.770436
-0.0506943   0.084784   0.762849 -0.0100741  0.0657894    0.77045
-0.0506791    0.08479    0.76285 -0.00996792    0.065765    0.770464
-0.0506637  0.0847961    0.76285 -0.00984226   0.0657065    0.770479
-0.0506482  0.0848023   0.762851 -0.00969337   0.0656061    0.770495
-0.0506324  0.0848086   0.762851 -0.0095231  0.0654683   0.770512
-0.0506165  0.0848149   0.762852 -0.00934122   0.0653113    0.770529
-0.0506004  0.0848213   0.762853 -0.00917102   0.0651772    0.770546
-0.0505841  0.0848277   0.762853 -0.00901494    0.065075    0.770563
-0.0505676  0.0848343   0.762854 -0.00887498   0.0650088    0.770581
-0.0505509  0.0848409   0.762855 -0.00874897   0.0649751    0.770599
-0.050534 0.0848476  0.762855 -0.00863513   0.0649674    0.770617
-0.0505169  0.0848544   0.762856 -0.00851662    0.064954    0.770635
-0.0504997  0.0848612   0.762857 -0.00837987   0.0649085    0.770653
-0.0504822  0.0848681   0.762857 -0.00822086    0.064822    0.770671
-0.0504646  0.0848751   0.762858 -0.00804018    0.064696    0.770689
-0.0504467  0.0848822   0.762859 -0.00784228   0.0645404    0.770707
-0.0504287  0.0848894   0.762859 -0.00765045   0.0643979    0.770723
-0.0504105  0.0848966    0.76286 -0.00747166   0.0642862     0.77074
-0.0503921  0.0849039   0.762861 -0.007309 0.0642109  0.770757
-0.0503734  0.0849113   0.762862 -0.00716132   0.0641705    0.770776
-0.0503546  0.0849187   0.762862 -0.00702621   0.0641598    0.770794
-0.0503356  0.0849263   0.762863 -0.00689246   0.0641548    0.770812
-0.0503164  0.0849339   0.762864 -0.00674256   0.0641213    0.770828
-0.050297 0.0849416  0.762865 -0.0065727  0.0640495   0.770844
-0.0502774  0.0849494   0.762865 -0.00638186    0.063937    0.770859
-0.0502576  0.0849572   0.762866 -0.00617357    0.063793    0.770873
-0.0502376  0.0849652   0.762867 -0.0059663  0.0636528   0.770886
-0.0502174  0.0849732   0.762868 -0.00577097   0.0635423    0.770899
-0.050197 0.0849813  0.762868 -0.00559078    0.063467    0.770913
-0.0501763  0.0849894   0.762869 -0.00542544   0.0634269    0.770927
-0.0501555  0.0849977    0.76287 -0.0052727  0.0634174   0.770942
-0.0501345   0.085006   0.762871 -0.00512442   0.0634191    0.770955
-0.0501133  0.0850145   0.762872 -0.00496136   0.0633946    0.770967
-0.0500919  0.0850229   0.762873 -0.00477933   0.0633333    0.770977
-0.0500703  0.0850315   0.762873 -0.0045767  0.0632308   0.770986
-0.0500484  0.0850402   0.762874 -0.00435651   0.0630955    0.770993
-0.0500264  0.0850489   0.762875 -0.00413551   0.0629603    0.770999
-0.0500042  0.0850577   0.762876 -0.00392601   0.0628538    0.771005
-0.0499817  0.0850666   0.762877 -0.00373104   0.0627818    0.771011
-0.0499591  0.0850756   0.762878 -0.00355062   0.0627449    0.771018
-0.0499362  0.0850847   0.762879 -0.00338259   0.0627389    0.771026
-0.0499131  0.0850938    0.76288 -0.00321971   0.0627455    0.771032
-0.0498899  0.0851031   0.762881 -0.0030432  0.0627276   0.771036
-0.0498664  0.0851124   0.762881 -0.0028483  0.0626732   0.771038
-0.0498427  0.0851218   0.762882 -0.00263323   0.0625775    0.771039
-0.0498188  0.0851313   0.762883 -0.0024008  0.0624484   0.771038
-0.0497947  0.0851408   0.762884 -0.00216604   0.0623158    0.771036
-0.0497704  0.0851505   0.762885 -0.00194274   0.0622114    0.771033
-0.0497458  0.0851602   0.762886 -0.00173378   0.0621413     0.77103
-0.0497211    0.08517   0.762887 -0.00153953   0.0621067    0.771029
-0.0496962  0.0851799   0.762888 -0.00135793   0.0621035    0.771028
-0.049671 0.0851899  0.762889 -0.00118216   0.0621144    0.771026
-0.0496456  0.0851999    0.76289 -0.00099375   0.0621018    0.771022
 -0.04962 0.0852101  0.762891 -0.00078762    0.062053    0.771015
-0.0495942  0.0852203   0.762892 -0.000561935    0.0619628     0.771007
-0.0495682  0.0852306   0.762893 -0.000319321    0.0618384     0.770997
-0.049542  0.085241  0.762894 -7.27464e-05     0.061707     0.770985
-0.0495156  0.0852515   0.762895 0.000162119   0.0616035    0.770973
-0.0494889  0.0852621   0.762896 0.000382662   0.0615343    0.770962
-0.0494621  0.0852727   0.762897 0.000588174   0.0615011    0.770951
-0.049435 0.0852835  0.762898 0.000780621      0.0615    0.770942
-0.0494077  0.0852943     0.7629 0.00096642  0.0615143   0.770931
-0.0493802  0.0853052   0.762901 0.00116401  0.0615059   0.770918
-0.0493525  0.0853162   0.762902 0.00137852  0.0614614   0.770903
-0.0493245  0.0853273   0.762903 0.00161187  0.0613748   0.770886
-0.0492964  0.0853385   0.762904 0.00186166  0.0612531   0.770867
-0.049268 0.0853497  0.762905 0.00211665  0.0611214   0.770846
-0.0492394   0.085361   0.762906 0.0023596 0.0610174  0.770825
-0.0492106  0.0853725   0.762907 0.0025881  0.060948  0.770804
-0.0491816   0.085384   0.762908 0.00280122  0.0609152   0.770785
-0.0491524  0.0853956    0.76291 0.00300083  0.0609153   0.770767
-0.0491229  0.0854073   0.762911 0.00319308   0.060932   0.770747
-0.0490932   0.085419   0.762912 0.00339651  0.0609261   0.770725
-0.0490633  0.0854309   0.762913 0.00361613   0.060884   0.770702
-0.0490332  0.0854428   0.762914 0.00385383   0.060799   0.770676
-0.0490029  0.0854549   0.762915 0.00410742  0.0606784   0.770649
-0.0489724   0.085467   0.762917 0.00436701  0.0605452    0.77062
-0.0489416  0.0854792   0.762918 0.00461419  0.0604399    0.77059
-0.0489106  0.0854915   0.762919 0.00484688  0.0603696   0.770562
-0.0488794  0.0855038    0.76292 0.00506392  0.0603366   0.770534
-0.048848 0.0855163  0.762922 0.00526714  0.0603374   0.770508
-0.0488164  0.0855288   0.762923 0.0054625 0.0603556  0.770481
-0.0487845  0.0855415   0.762924 0.00566849  0.0603511   0.770451
-0.0487524  0.0855542   0.762925 0.00589005  0.0603102    0.77042
-0.0487201   0.085567   0.762927 0.0061289 0.0602257  0.770387
-0.0486876  0.0855799   0.762928 0.00638306   0.060105   0.770352
-0.0486548  0.0855929   0.762929 0.00664365  0.0599699   0.770315
-0.0486219   0.085606    0.76293 0.00689141  0.0598631   0.770279
-0.0485887  0.0856191   0.762932 0.0071245 0.0597918  0.770243
-0.0485553  0.0856324   0.762933 0.00734168  0.0597586   0.770209
-0.0485217  0.0856457   0.762934 0.00754474  0.0597601   0.770175
-0.0484878  0.0856591   0.762936 0.00773963   0.059779   0.770141
-0.0484538  0.0856727   0.762937 0.00794502  0.0597747   0.770106
-0.0484195  0.0856863   0.762938 0.00816533  0.0597336   0.770068
-0.048385 0.0856999   0.76294 0.00840226  0.0596482   0.770028
-0.0483502  0.0857137   0.762941 0.00865386  0.0595265   0.769987
-0.0483153  0.0857276   0.762942 0.00891177  0.0593899   0.769945
-0.0482801  0.0857415   0.762944 0.00915651  0.0592821   0.769902
-0.0482447  0.0857556   0.762945 0.00938641  0.0592106    0.76986
-0.0482091  0.0857697   0.762947 0.00960025  0.0591779   0.769821
-0.0481732  0.0857839   0.762948 0.00979981  0.0591807   0.769782
-0.0481372  0.0857982   0.762949 0.00999168     0.0592   0.769743
-0.0481009  0.0858126   0.762951 0.0101943 0.0591945  0.769702
-0.0480644  0.0858271   0.762952 0.0104114 0.0591516   0.76966
-0.0480277  0.0858417   0.762954 0.0106445  0.059064  0.769616
-0.0479907  0.0858563   0.762955 0.0108917 0.0589403   0.76957
-0.0479535  0.0858711   0.762957 0.0111441 0.0588032  0.769523
-0.0479161  0.0858859   0.762958 0.011383 0.058696 0.769475
-0.0478785  0.0859008    0.76296 0.011607 0.058626  0.76943
-0.0478407  0.0859158   0.762961 0.0118149 0.0585955  0.769387
-0.0478026  0.0859309   0.762963 0.0120085 0.0586009  0.769345
-0.0477643  0.0859461   0.762964 0.0121958 0.0586206  0.769303
-0.0477258  0.0859614   0.762966 0.0123945 0.0586128  0.769259
-0.0476871  0.0859767   0.762967 0.0126075 0.0585668  0.769213
-0.0476481  0.0859922   0.762969 0.0128359 0.0584759  0.769165
-0.047609 0.0860077   0.76297 0.0130776 0.0583495  0.769116
-0.0475696  0.0860234   0.762972 0.0133226 0.0582134  0.769066
-0.0475299  0.0860391   0.762973 0.0135539 0.0581087  0.769016
-0.0474901  0.0860549   0.762975 0.0137701 0.0580421  0.768969
 -0.04745 0.0860708  0.762976 0.0139703 0.0580156  0.768923
-0.0474097  0.0860867   0.762978 0.0141564 0.0580253   0.76888
-0.0473692  0.0861028    0.76298 0.0143383 0.0580451  0.768836
-0.0473285   0.086119   0.762981 0.0145315 0.0580363   0.76879
-0.0472875  0.0861352   0.762983 0.0147388 0.0579879  0.768743
-0.0472464  0.0861515   0.762984 0.0149611 0.0578948  0.768693
-0.047205  0.086168  0.762986 0.0151962 0.0577665  0.768643
-0.0471633  0.0861845   0.762988 0.0154329 0.0576316  0.768591
-0.0471215  0.0862011   0.762989 0.0156559 0.0575292   0.76854
-0.0470794  0.0862177   0.762991 0.0158636 0.0574659  0.768491
-0.0470372  0.0862345   0.762993 0.0160555 0.0574431  0.768445
-0.0469946  0.0862514   0.762994 0.0162332 0.0574568  0.768401
-0.0469519  0.0862683   0.762996 0.0164084  0.057477  0.768357
-0.046909 0.0862854  0.762998 0.0165949 0.0574674   0.76831
-0.0468658  0.0863025   0.762999 0.0167953 0.0574168  0.768262
-0.0468224  0.0863197   0.763001 0.0170104 0.0573216  0.768213
-0.0467788   0.086337   0.763003 0.0172377 0.0571914  0.768161
-0.046735 0.0863544  0.763005 0.0174656  0.057057  0.768109
-0.0466909  0.0863718   0.763006 0.0176797 0.0569563  0.768058
-0.0466466  0.0863894   0.763008 0.0178785 0.0568953  0.768009
-0.0466021  0.0864071    0.76301 0.0180618 0.0568752  0.767963
-0.0465574  0.0864248   0.763012 0.0182309 0.0568917  0.767919
-0.0465125  0.0864426   0.763013 0.0183982  0.056912  0.767875
-0.0464673  0.0864605   0.763015 0.0185766 0.0569017  0.767829
-0.0464219  0.0864785   0.763017  0.018769 0.0568494  0.767781
-0.0463763  0.0864966   0.763019 0.0189756 0.0567526  0.767732
-0.0463305  0.0865148    0.76302 0.0191943 0.0566211  0.767681
-0.0462845   0.086533   0.763022 0.0194129  0.056487  0.767629
-0.0462382  0.0865514   0.763024 0.0196177 0.0563875  0.767579
-0.0461918  0.0865698   0.763026 0.0198075 0.0563286  0.767531
-0.0461451  0.0865883   0.763028  0.019982 0.0563108  0.767486
-0.0460981  0.0866069    0.76303 0.0201423   0.05633  0.767443
-0.046051 0.0866256  0.763031 0.0203015 0.0563509    0.7674
-0.0460037  0.0866444   0.763033 0.0204716 0.0563404  0.767356
-0.0459561  0.0866633   0.763035 0.0206556 0.0562871  0.767309
-0.0459083  0.0866822   0.763037 0.0208537 0.0561895  0.767261
-0.0458603  0.0867013   0.763039 0.0210638 0.0560571  0.767212
-0.0458121  0.0867204   0.763041 0.0212734 0.0559236  0.767162
-0.0457637  0.0867396   0.763043 0.0214693 0.0558252  0.767113
-0.045715 0.0867589  0.763045 0.0216503 0.0557682  0.767067
-0.0456661  0.0867783   0.763047 0.0218163  0.055753  0.767024
-0.045617 0.0867978  0.763049 0.0219683 0.0557752  0.766982
-0.0455677  0.0868173    0.76305 0.0221194 0.0557973   0.76694
-0.0455182   0.086837   0.763052 0.0222814 0.0557876  0.766897
-0.0454685  0.0868567   0.763054  0.022457 0.0557344  0.766851
-0.0454185  0.0868765   0.763056 0.0226466  0.055637  0.766805
-0.0453684  0.0868964   0.763058 0.0228479 0.0555047  0.766757
-0.045318 0.0869164   0.76306 0.0230487 0.0553716  0.766708
-0.0452674  0.0869364   0.763062 0.0232358 0.0552745  0.766661
-0.0452166  0.0869566   0.763064 0.0234083 0.0552194  0.766617
-0.0451656  0.0869768   0.763066  0.023566 0.0552067  0.766575
-0.0451143  0.0869971   0.763068 0.0237098 0.0552319  0.766535
-0.0450629  0.0870176    0.76307 0.0238534 0.0552559  0.766494
-0.0450112   0.087038   0.763072 0.0240075 0.0552475  0.766452
-0.0449593  0.0870586   0.763074 0.0241753 0.0551954  0.766408
-0.0449072  0.0870793   0.763076 0.0243569 0.0550993  0.766363
-0.0448549     0.0871   0.763079 0.0245501 0.0549681  0.766317
-0.0448024  0.0871209   0.763081 0.0247427 0.0548363   0.76627
-0.0447497  0.0871418   0.763083 0.0249216 0.0547413  0.766225
-0.0446968  0.0871628   0.763085 0.0250861 0.0546889  0.766182
-0.0446436  0.0871838   0.763087  0.025236 0.0546796  0.766142
-0.0445902   0.087205   0.763089 0.0253721 0.0547087  0.766103
-0.0445367  0.0872262   0.763091 0.0255083 0.0547352  0.766064
-0.0444829  0.0872476   0.763093 0.0256551 0.0547289  0.766024
-0.0444289   0.087269   0.763095 0.0258155 0.0546784  0.765982
-0.0443747  0.0872905   0.763097 0.0259896 0.0545838  0.765939
-0.0443203  0.0873121     0.7631 0.0261749  0.054454  0.765894
-0.0442657  0.0873337   0.763102 0.0263597 0.0543237  0.765849
-0.0442109  0.0873555   0.763104 0.0265309 0.0542308  0.765806
-0.0441558  0.0873773   0.763106 0.0266878 0.0541811  0.765765
-0.0441006  0.0873992   0.763108 0.0268302 0.0541752  0.765726
-0.0440452  0.0874212    0.76311 0.0269589 0.0542082   0.76569
-0.0439895  0.0874433   0.763113 0.0270882 0.0542376  0.765653
-0.0439336  0.0874654   0.763115 0.0272279 0.0542338  0.765614
-0.0438776  0.0874877   0.763117 0.0273812 0.0541852  0.765574
-0.0438213    0.08751   0.763119 0.0275482 0.0540921  0.765533
-0.0437648  0.0875324   0.763121 0.0277262 0.0539637   0.76549
-0.0437082  0.0875549   0.763124 0.0279038 0.0538344  0.765447
-0.0436513  0.0875774   0.763126 0.0280679 0.0537432  0.765405
-0.0435942  0.0876001   0.763128 0.0282178  0.053696  0.765367
-0.0435369  0.0876228    0.76313 0.0283534 0.0536935  0.765331
-0.0434794  0.0876456   0.763133 0.0284754 0.0537305  0.765296
-0.0434217  0.0876685   0.763135 0.0285981 0.0537639  0.765262
-0.0433638  0.0876914   0.763137  0.028731 0.0537638  0.765225
-0.0433057  0.0877145   0.763139 0.0288776 0.0537184  0.765187
-0.0432474  0.0877376   0.763142 0.0290379 0.0536279  0.765148
-0.0431889  0.0877608   0.763144 0.0292092 0.0535016  0.765108
-0.0431302  0.0877841   0.763146 0.0293807 0.0533733  0.765067
-0.0430713  0.0878075   0.763149 0.0295387 0.0532835  0.765028
-0.0430122  0.0878309   0.763151 0.0296827 0.0532385  0.764991
-0.0429529  0.0878544   0.763153 0.0298125 0.0532387  0.764958
-0.0428934   0.087878   0.763156 0.0299288 0.0532795  0.764926
-0.0428337  0.0879017   0.763158 0.0300459 0.0533168  0.764894
-0.0427738  0.0879254    0.76316 0.0301731 0.0533204   0.76486
-0.0427137  0.0879493   0.763163  0.030314 0.0532783  0.764824
-0.0426534  0.0879732   0.763165 0.0304685 0.0531908  0.764788
-0.0425929  0.0879972   0.763167 0.0306338 0.0530672   0.76475
-0.0425322  0.0880212    0.76317 0.0307999 0.0529405  0.764711
-0.0424714  0.0880454   0.763172 0.0309525 0.0528525  0.764675
-0.0424103  0.0880696   0.763175 0.0310914 0.0528099  0.764641
-0.042349 0.0880939  0.763177 0.0312163 0.0528132   0.76461
-0.0422876  0.0881183   0.763179 0.0313278 0.0528579  0.764581
-0.0422259  0.0881427   0.763182 0.0314402  0.052899  0.764552
-0.0421641  0.0881673   0.763184 0.0315625 0.0529063  0.764521
-0.042102 0.0881919  0.763187 0.0316986 0.0528675  0.764488
-0.0420398  0.0882166   0.763189 0.0318481  0.052783  0.764454
-0.0419774  0.0882413   0.763192 0.0320085  0.052662  0.764419
-0.0419148  0.0882661   0.763194 0.0321701 0.0525367  0.764383
-0.041852 0.0882911  0.763197 0.0323185 0.0524506  0.764349
-0.041789  0.088316  0.763199 0.0324533 0.0524104  0.764318
-0.0417258  0.0883411   0.763202 0.0325742 0.0524167   0.76429
-0.0416624  0.0883662   0.763204  0.032682 0.0524651  0.764264
-0.0415989  0.0883914   0.763207 0.0327907   0.05251  0.764238
-0.0415352  0.0884167   0.763209 0.0329094 0.0525209   0.76421
-0.0414712  0.0884421   0.763212 0.0330416 0.0524854   0.76418
-0.0414071  0.0884675   0.763214 0.0331874 0.0524038  0.764149
-0.0413428   0.088493   0.763217 0.0333441 0.0522855  0.764117
-0.0412783  0.0885186   0.763219 0.0335022 0.0521618  0.764084
-0.0412137  0.0885442   0.763222 0.0336473 0.0520778  0.764053
-0.0411488  0.0885699   0.763224 0.033779  0.05204 0.764024
-0.0410838  0.0885957   0.763227 0.0338971 0.0520495     0.764
-0.0410185  0.0886216   0.763229 0.0340023 0.0521016  0.763976
-0.0409531  0.0886476   0.763232 0.0341085 0.0521502  0.763953
-0.0408875  0.0886736   0.763234 0.0342246 0.0521648  0.763928
-0.0408218  0.0886996   0.763237 0.0343543 0.0521325  0.763901
-0.0407558  0.0887258    0.76324 0.0344976 0.0520538  0.763873
-0.0406897   0.088752   0.763242 0.0346518  0.051938  0.763843
-0.0406234  0.0887783   0.763245 0.0348077 0.0518161  0.763813
-0.0405569  0.0888047   0.763247 0.0349507 0.0517341  0.763785
-0.0404903  0.0888311    0.76325 0.0350807  0.051699   0.76376
-0.0404234  0.0888576   0.763253 0.0351972 0.0517115  0.763738
-0.0403564  0.0888842   0.763255  0.035301 0.0517673  0.763717
-0.0402892  0.0889109   0.763258  0.035406 0.0518196  0.763697
-0.0402218  0.0889376   0.763261 0.0355209 0.0518376  0.763675
-0.0401543  0.0889644   0.763263 0.0356495 0.0518085  0.763651
-0.0400866  0.0889912   0.763266 0.0357916 0.0517325  0.763626
-0.0400187  0.0890182   0.763269 0.0359445 0.0516193  0.763599
-0.0399506  0.0890452   0.763271 0.0360996 0.0514992  0.763571
-0.0398824  0.0890722   0.763274 0.0362419 0.0514193  0.763546
-0.039814 0.0890994  0.763277 0.0363713 0.0513867  0.763523
-0.0397454  0.0891266   0.763279 0.0364876 0.0514022  0.763504
-0.0396766  0.0891538   0.763282 0.0365914 0.0514616  0.763487
-0.0396077  0.0891812   0.763285 0.0366965 0.0515175  0.763469
-0.0395386  0.0892086   0.763288 0.0368115 0.0515389   0.76345
-0.0394694   0.089236    0.76329 0.0369401 0.0515128  0.763429
-0.0393999  0.0892636   0.763293 0.0370823 0.0514395  0.763406
-0.0393303  0.0892912   0.763296 0.0372354 0.0513286  0.763382
-0.0392606  0.0893189   0.763298 0.0373908 0.0512104  0.763357
-0.0391907  0.0893466   0.763301 0.0375336 0.0511326  0.763334
-0.0391206  0.0893744   0.763304 0.0376638 0.0511024  0.763314
-0.0390503  0.0894023   0.763307 0.0377811 0.0511209  0.763298
-0.0389799  0.0894302   0.763309 0.0378862 0.0511838  0.763283
-0.0389093  0.0894582   0.763312 0.0379926 0.0512431  0.763269
-0.0388386  0.0894862   0.763315 0.0381089 0.0512678  0.763252
-0.0387676  0.0895144   0.763318 0.0382389 0.0512447  0.763233
-0.0386966  0.0895425   0.763321 0.0383824 0.0511741  0.763214
-0.0386253  0.0895708   0.763323 0.0385367 0.0510655  0.763192
-0.038554 0.0895991  0.763326 0.0386935 0.0509494   0.76317
-0.0384824  0.0896275   0.763329 0.0388381 0.0508736  0.763149
-0.0384107  0.0896559   0.763332 0.0389703 0.0508458  0.763131
-0.0383388  0.0896844   0.763335 0.0390899 0.0508671  0.763117
-0.0382668   0.089713   0.763337 0.0391973 0.0509333  0.763106
-0.0381946  0.0897416    0.76334 0.0393062  0.050996  0.763093
-0.0381223  0.0897703   0.763343  0.039425 0.0510239  0.763079
-0.0380498  0.0897991   0.763346 0.0395574 0.0510037  0.763063
-0.0379772  0.0898279   0.763349 0.0397032 0.0509356  0.763046
-0.0379044  0.0898568   0.763352 0.0398599 0.0508294  0.763026
-0.0378314  0.0898857   0.763355 0.0400191 0.0507155  0.763006
-0.0377583  0.0899147   0.763357 0.0401662 0.0506421  0.762987
-0.0376851  0.0899437    0.76336 0.0403012 0.0506172  0.762972
-0.0376116  0.0899729   0.763363 0.0404236 0.0506418   0.76296
-0.0375381   0.090002   0.763366 0.0405341 0.0507117  0.762951
-0.0374644  0.0900313   0.763369 0.0406462 0.0507779  0.762941
-0.0373905  0.0900605   0.763372 0.0407681 0.0508091  0.762929
-0.0373165  0.0900899   0.763375 0.0409035 0.0507917  0.762915
-0.0372424  0.0901193   0.763378 0.0410523 0.0507261  0.762899
-0.0371681  0.0901488   0.763381  0.041212 0.0506219  0.762882
-0.0370937  0.0901783   0.763384 0.0413742 0.0505101  0.762863
-0.0370191  0.0902079   0.763387 0.0415244 0.0504394  0.762847
-0.0369443  0.0902375   0.763389 0.0416626 0.0504175  0.762833
-0.0368695  0.0902672   0.763392 0.0417884 0.0504454  0.762823
-0.0367945   0.090297   0.763395 0.0419025 0.0505189  0.762816
-0.0367193  0.0903268   0.763398 0.0420182 0.0505888  0.762808
-0.036644 0.0903566  0.763401 0.0421436 0.0506231  0.762798
-0.0365686  0.0903866   0.763404 0.0422826 0.0506084  0.762785
-0.036493 0.0904165  0.763407 0.042435 0.050545 0.762772
-0.0364173  0.0904466    0.76341 0.0425982 0.0504426  0.762756
-0.0363414  0.0904766   0.763413 0.0427638 0.0503328  0.762739
-0.0362655  0.0905068   0.763416 0.0429176 0.0502648  0.762724
-0.0361893   0.090537   0.763419 0.0430594 0.0502459  0.762712
-0.0361131  0.0905672   0.763422 0.0431892 0.0502772  0.762704
-0.0360367  0.0905975   0.763425 0.0433073 0.0503542  0.762698
-0.0359602  0.0906279   0.763428  0.043427 0.0504276  0.762692
-0.0358835  0.0906583   0.763431 0.0435565 0.0504649  0.762683
-0.0358067  0.0906887   0.763434 0.0436995 0.0504527  0.762673
-0.0357298  0.0907192   0.763437 0.0438558 0.0503912   0.76266
-0.0356527  0.0907498    0.76344 0.0440231 0.0502902  0.762646
-0.0355755  0.0907804   0.763443 0.0441927 0.0501822   0.76263
-0.0354982  0.0908111   0.763446 0.0443505 0.0501166  0.762617
-0.0354208  0.0908418   0.763449 0.0444966 0.0501005  0.762607
-0.0353432  0.0908726   0.763452 0.0446309 0.0501347    0.7626
-0.0352655  0.0909034   0.763455 0.0447537 0.0502151  0.762595
-0.0351877  0.0909342   0.763459  0.044878 0.0502916   0.76259
-0.0351097  0.0909652   0.763462 0.0450122 0.0503316  0.762583
-0.0350317  0.0909961   0.763465 0.0451598 0.0503214  0.762574
-0.0349535  0.0910271   0.763468 0.0453208 0.0502615  0.762562
-0.0348751  0.0910582   0.763471 0.0454927 0.0501617  0.762549
-0.0347967  0.0910893   0.763474 0.0456668 0.0500553  0.762534
-0.0347181  0.0911205   0.763477 0.0458293 0.0499917  0.762522
-0.0346395  0.0911517    0.76348 0.0459802 0.0499778  0.762512
-0.0345607  0.0911829   0.763483 0.0461195 0.0500147  0.762506
-0.0344817  0.0912142   0.763486 0.0462475 0.0500978  0.762503
-0.0344027  0.0912456   0.763489 0.0463771 0.0501771  0.762499
-0.0343236   0.091277   0.763493 0.0465165 0.0502194  0.762492
-0.0342443  0.0913084   0.763496 0.0466693 0.0502112  0.762483
-0.0341649  0.0913399   0.763499 0.0468354 0.0501526  0.762473
-0.0340854  0.0913714   0.763502 0.0470123 0.0500538  0.762459
-0.0340058   0.091403   0.763505 0.0471912 0.0499491  0.762445
-0.0339261  0.0914346   0.763508 0.0473586 0.0498877  0.762433
-0.0338462  0.0914663   0.763511 0.0475146 0.0498762  0.762424
-0.0337663   0.091498   0.763514 0.0476591 0.0499156  0.762418
-0.0336862  0.0915298   0.763518 0.0477924 0.0500016  0.762415
-0.0336061  0.0915616   0.763521 0.0479272 0.0500836  0.762412
-0.0335258  0.0915934   0.763524 0.0480718 0.0501282  0.762405
-0.0334454  0.0916253   0.763527 0.0482297 0.0501217  0.762397
-0.0333649  0.0916572    0.76353 0.0484008 0.0500643  0.762386
-0.0332843  0.0916892   0.763533 0.0485827 0.0499663  0.762373
-0.0332036  0.0917212   0.763537 0.0487663 0.0498633  0.762358
-0.0331228  0.0917532    0.76354 0.0489385 0.0498039  0.762345
-0.0330419  0.0917853   0.763543 0.0490994 0.0497948  0.762336
-0.0329609  0.0918174   0.763546 0.0492488 0.0498367   0.76233
-0.0328798  0.0918496   0.763549 0.0493871 0.0499253  0.762327
-0.0327986  0.0918818   0.763552 0.0495268 0.0500101  0.762323
-0.0327172  0.0919141   0.763556 0.0496762 0.0500569  0.762316
-0.0326358  0.0919464   0.763559 0.0498386  0.050052  0.762306
-0.0325543  0.0919787   0.763562 0.0500142 0.0499957  0.762295
-0.0324727  0.0920111   0.763565 0.0502005 0.0498982   0.76228
-0.032391 0.0920435  0.763568  0.050388 0.0497968  0.762265
-0.0323092  0.0920759   0.763572 0.0505642 0.0497395  0.762251
-0.0322273  0.0921084   0.763575 0.0507292 0.0497327  0.762241
-0.0321453  0.0921409   0.763578 0.0508827 0.0497771  0.762234
-0.0320633  0.0921735   0.763581  0.051025 0.0498683  0.762229
-0.0319811   0.092206   0.763585 0.0511686 0.0499556  0.762224
-0.0318988  0.0922387   0.763588 0.0513218 0.0500045  0.762216
-0.0318165  0.0922713   0.763591 0.0514879 0.0500011  0.762205
-0.031734  0.092304  0.763594 0.0516669 0.0499457  0.762192
-0.0316515  0.0923368   0.763598 0.0518565 0.0498488  0.762176
-0.0315689  0.0923695   0.763601  0.052047 0.0497489  0.762159
-0.0314862  0.0924023   0.763604 0.0522263 0.0496935  0.762144
-0.0314034  0.0924352   0.763607 0.0523942 0.0496889  0.762132
-0.0313205   0.092468   0.763611 0.0525508 0.0497357  0.762125
-0.0312375  0.0925009   0.763614 0.0526962 0.0498295  0.762119
-0.0311545  0.0925339   0.763617 0.0528429 0.0499194  0.762112
-0.0310714  0.0925668    0.76362  0.052999 0.0499702  0.762103
-0.0309882  0.0925998   0.763624 0.0531679 0.0499682  0.762091
-0.0309049  0.0926329   0.763627 0.0533497 0.0499135  0.762077
-0.0308215  0.0926659    0.76363  0.053542 0.0498169   0.76206
-0.0307381   0.092699   0.763633 0.0537349 0.0497184  0.762043
-0.0306546  0.0927322   0.763637 0.0539167 0.0496647  0.762027
-0.030571 0.0927653   0.76364 0.0540874 0.0496623  0.762016
-0.0304873  0.0927985   0.763643 0.0542468 0.0497115  0.762007
-0.0304036  0.0928317   0.763647 0.0543951 0.0498079  0.762001
-0.0303197   0.092865    0.76365 0.0545446 0.0499004  0.761994
-0.0302358  0.0928982   0.763653 0.0547037 0.0499531  0.761984
-0.0301519  0.0929315   0.763657 0.0548755 0.0499524  0.761972
-0.0300678  0.0929649    0.76366 0.0550602 0.0498984  0.761957
-0.0299837  0.0929982   0.763663 0.0552555 0.0498018  0.761939
-0.0298996  0.0930316   0.763666 0.0554509 0.0497045  0.761921
-0.0298153   0.093065    0.76367 0.0556353 0.0496526  0.761906
-0.029731 0.0930985  0.763673 0.0558088 0.0496521  0.761893
-0.0296466  0.0931319   0.763676  0.055971 0.0497037  0.761884
-0.0295622  0.0931654    0.76368 0.0561221 0.0498026  0.761878
-0.0294777  0.0931989   0.763683 0.0562744 0.0498975   0.76187
-0.0293931  0.0932325   0.763686 0.0564362 0.0499521   0.76186
-0.0293085  0.0932661    0.76369 0.0566107 0.0499527  0.761846
-0.0292238  0.0932997   0.763693  0.056798 0.0498993   0.76183
-0.029139 0.0933333  0.763696 0.0569957 0.0498028  0.761812
-0.0290542  0.0933669     0.7637 0.0571933  0.049707  0.761793
-0.0289693  0.0934006   0.763703 0.0573801  0.049657  0.761776
-0.0288844  0.0934343   0.763706 0.0575558 0.0496587  0.761763
-0.0287994   0.093468    0.76371 0.0577203 0.0497127  0.761753
-0.0287143  0.0935017   0.763713 0.0578738 0.0498142  0.761746
-0.0286292  0.0935355   0.763716 0.0580282 0.0499118  0.761737
-0.0285441  0.0935692    0.76372 0.0581922 0.0499685  0.761726
-0.0284589   0.093603   0.763723 0.0583688 0.0499704  0.761711
-0.0283736  0.0936368   0.763726 0.0585581 0.0499178  0.761694
-0.0282883  0.0936707    0.76373 0.0587579 0.0498214  0.761674
-0.0282029  0.0937045   0.763733 0.0589572 0.0497268  0.761654
-0.0281175  0.0937384   0.763736 0.0591458 0.0496785  0.761636
-0.028032 0.0937723   0.76374 0.0593233 0.0496823  0.761622
-0.0279465  0.0938062   0.763743 0.0594897 0.0497386  0.761611
-0.0278609  0.0938402   0.763747  0.059645 0.0498425  0.761602
-0.0277753  0.0938741    0.76375  0.059801 0.0499429  0.761592
-0.0276897  0.0939081   0.763753 0.0599666 0.0500018  0.761579
-0.027604 0.0939421  0.763757 0.0601447 0.0500052  0.761563
-0.0275183  0.0939761    0.76376 0.0603356 0.0499534  0.761545
-0.0274325  0.0940101   0.763763 0.0605369 0.0498572  0.761523
-0.0273467  0.0940441   0.763767 0.0607374 0.0497637  0.761501
-0.0272608  0.0940782    0.76377 0.0609272 0.0497169  0.761482
-0.0271749  0.0941123   0.763774  0.061106 0.0497225  0.761466
-0.027089 0.0941464  0.763777 0.0612736 0.0497809  0.761453
-0.027003 0.0941805   0.76378 0.0614302 0.0498872  0.761442
-0.026917 0.0942146  0.763784 0.0615873 0.0499904  0.761431
-0.0268309  0.0942487   0.763787 0.0617538 0.0500515  0.761416
-0.0267448  0.0942828    0.76379 0.0619329 0.0500566  0.761399
-0.0266587   0.094317   0.763794 0.0621247 0.0500057  0.761378
-0.0265726  0.0943512   0.763797  0.062327 0.0499098  0.761355
-0.0264864  0.0943853   0.763801 0.0625281 0.0498172  0.761331
-0.0264002  0.0944195   0.763804 0.0627186 0.0497718   0.76131
-0.0263139  0.0944537   0.763807  0.062898 0.0497791  0.761292
-0.0262277   0.094488   0.763811 0.0630664 0.0498395  0.761277
-0.0261414  0.0945222   0.763814 0.0632237  0.049948  0.761265
-0.026055 0.0945564  0.763818 0.0633812 0.0500539  0.761252
-0.0259687  0.0945907   0.763821 0.0635481 0.0501174  0.761235
-0.0258823  0.0946249   0.763824 0.0637276 0.0501242  0.761216
-0.0257959  0.0946592   0.763828 0.0639197 0.0500742  0.761193
-0.0257095  0.0946935   0.763831 0.0641224 0.0499786  0.761168
-0.025623 0.0947278  0.763835 0.0643237 0.0498869  0.761142
-0.0255366  0.0947621   0.763838 0.0645143 0.0498427  0.761119
-0.0254501  0.0947964   0.763841 0.0646938 0.0498515  0.761099
-0.0253636  0.0948307   0.763845 0.0648623 0.0499138  0.761082
-0.0252771   0.094865   0.763848 0.0650197 0.0500244  0.761068
-0.0251905  0.0948993   0.763852  0.065177 0.0501332  0.761053
-0.025104 0.0949336  0.763855 0.0653437 0.0501989  0.761035
-0.0250174   0.094968   0.763858 0.0655229 0.0502074  0.761014
-0.0249308  0.0950023   0.763862 0.0657148 0.0501584  0.760989
-0.0248442  0.0950367   0.763865 0.0659173 0.0500632  0.760962
-0.0247576   0.095071   0.763869 0.0661182 0.0499722  0.760934
-0.024671 0.0951054  0.763872 0.0663085  0.049929  0.760909
-0.0245843  0.0951397   0.763875 0.0664878 0.0499393  0.760887
-0.0244977  0.0951741   0.763879 0.0666559 0.0500034  0.760869
-0.024411 0.0952085  0.763882  0.066813 0.0501162  0.760853
-0.0243244  0.0952429   0.763886 0.0669698 0.0502277  0.760836
-0.0242377  0.0952772   0.763889  0.067136 0.0502956  0.760817
-0.024151 0.0953116  0.763892 0.0673147 0.0503058  0.760794
-0.0240643   0.095346   0.763896 0.0675062 0.0502577  0.760768
-0.0239776  0.0953804   0.763899 0.0677083 0.0501629  0.760739
-0.023891 0.0954147  0.763903 0.0679088 0.0500725   0.76071
-0.0238043  0.0954491   0.763906 0.0680986 0.0500303  0.760683
-0.0237176  0.0954835   0.763909 0.0682775  0.050042   0.76066
-0.0236309  0.0955179   0.763913 0.0684453 0.0501079  0.760641
-0.0235442  0.0955523   0.763916  0.068602 0.0502229  0.760623
-0.0234575  0.0955867    0.76392 0.0687584 0.0503371  0.760606
-0.0233708   0.095621   0.763923 0.0689241 0.0504074  0.760584
-0.0232842  0.0956554   0.763926 0.0691023 0.0504193   0.76056
-0.0231975  0.0956898    0.76393 0.0692934 0.0503721  0.760533
-0.0231108  0.0957242   0.763933  0.069495 0.0502777  0.760502
-0.0230241  0.0957585   0.763937  0.069695 0.0501878  0.760471
-0.0229375  0.0957929    0.76394 0.0698843 0.0501466  0.760443
-0.0228508  0.0958273   0.763944 0.0700625 0.0501597  0.760418
-0.0227642  0.0958616   0.763947 0.0702296 0.0502274  0.760396
-0.0226776   0.095896    0.76395 0.0703856 0.0503447  0.760377
-0.022591 0.0959303  0.763954 0.0705409 0.0504617  0.760356
-0.0225044  0.0959647   0.763957 0.0707054 0.0505343  0.760333
-0.0224178   0.095999   0.763961 0.0708821 0.0505482  0.760306
-0.0223312  0.0960334   0.763964 0.0710716 0.0505023  0.760276
-0.0222447  0.0960677   0.763967 0.0712715 0.0504086  0.760242
-0.0221581   0.096102   0.763971 0.0714697 0.0503194  0.760209
-0.0220716  0.0961363   0.763974  0.071657 0.0502792  0.760178
-0.0219851  0.0961707   0.763978 0.0718331 0.0502938   0.76015
-0.0218986   0.096205   0.763981  0.071998 0.0503633  0.760126
-0.0218121  0.0962393   0.763984 0.0721516 0.0504828  0.760104
-0.0217257  0.0962735   0.763988 0.0723044 0.0506024  0.760081
-0.0216393  0.0963078   0.763991 0.0724663 0.0506773  0.760055
-0.0215529  0.0963421   0.763995 0.0726406 0.0506929  0.760025
-0.0214665  0.0963763   0.763998 0.0728275 0.0506482  0.759993
-0.0213801  0.0964106   0.764001 0.0730249 0.0505551  0.759957
-0.0212938  0.0964448   0.764005 0.0732204 0.0504665  0.759921
-0.0212075  0.0964791   0.764008  0.073405 0.0504272  0.759888
-0.0211212  0.0965133   0.764012 0.0735783 0.0504431  0.759858
-0.021035 0.0965475  0.764015 0.0737404 0.0505145  0.759832
-0.0209488  0.0965817   0.764018  0.073891 0.0506365  0.759808
-0.0208626  0.0966159   0.764022 0.0740407 0.0507586  0.759783
-0.0207764    0.09665   0.764025 0.0741995 0.0508357  0.759754
-0.0206903  0.0966842   0.764028 0.0743707  0.050853  0.759723
-0.0206042  0.0967183   0.764032 0.0745546 0.0508093  0.759688
-0.0205182  0.0967524   0.764035 0.0747489 0.0507167  0.759651
-0.0204322  0.0967866   0.764039 0.0749414 0.0506286  0.759613
-0.0203462  0.0968207   0.764042 0.0751229 0.0505903  0.759577
-0.0202603  0.0968547   0.764045  0.075293 0.0506078  0.759545
-0.0201744  0.0968888   0.764049 0.0754518 0.0506814  0.759517
-0.0200885  0.0969229   0.764052 0.0755991  0.050806  0.759492
-0.0200027  0.0969569   0.764055 0.0757454 0.0509308  0.759465
-0.0199169  0.0969909   0.764059 0.0759009 0.0510102  0.759435
-0.0198312  0.0970249   0.764062 0.0760687 0.0510291  0.759402
-0.0197455  0.0970589   0.764066 0.0762494 0.0509865  0.759366
-0.0196598  0.0970929   0.764069 0.0764405 0.0508947  0.759326
-0.0195742  0.0971269   0.764072 0.0766299 0.0508072  0.759287
-0.0194887  0.0971608   0.764076 0.0768081 0.0507698  0.759249
-0.0194031  0.0971947   0.764079 0.0769749 0.0507889  0.759216
-0.0193177  0.0972286   0.764082 0.0771303 0.0508647  0.759187
-0.0192323  0.0972625   0.764086 0.0772741 0.0509919  0.759159
-0.0191469  0.0972963   0.764089  0.077417 0.0511194  0.759131
-0.0190616  0.0973302   0.764092 0.077569 0.051201   0.7591
-0.0189763   0.097364   0.764096 0.0777336 0.0512217  0.759065
-0.0188911  0.0973978   0.764099  0.077911 0.0511805  0.759027
-0.0188059  0.0974316   0.764103  0.078099 0.0510896  0.758987
-0.0187208  0.0974653   0.764106 0.0782853 0.0510029  0.758946
-0.0186358  0.0974991   0.764109 0.0784603 0.0509668  0.758907
-0.0185508  0.0975328   0.764113 0.0786239 0.0509878  0.758873
-0.0184659  0.0975664   0.764116 0.078776 0.051066 0.758842
-0.018381 0.0976001  0.764119 0.0789164 0.0511962  0.758814
-0.0182962  0.0976338   0.764123 0.0790559 0.0513265  0.758784
-0.0182114  0.0976674   0.764126 0.0792047 0.0514105  0.758752
-0.0181267   0.097701   0.764129 0.0793661 0.0514331  0.758716
-0.0180421  0.0977345   0.764133 0.0795405 0.0513933  0.758678
-0.0179575  0.0977681   0.764136 0.0797255 0.0513035  0.758637
-0.017873 0.0978016  0.764139 0.0799089 0.0512176  0.758595
-0.0177885  0.0978351   0.764143  0.080081 0.0511829  0.758556
-0.0177042  0.0978685   0.764146 0.0802415 0.0512056  0.758521
-0.0176199   0.097902   0.764149 0.0803904 0.0512862  0.758489
-0.0175356  0.0979354   0.764152 0.0805275 0.0514192   0.75846
-0.0174514  0.0979688   0.764156 0.0806639 0.0515519  0.758431
-0.0173673  0.0980021   0.764159 0.0808095 0.0516381  0.758398
-0.0172833  0.0980355   0.764162 0.0809679 0.0516624  0.758362
-0.0171993  0.0980688   0.764166 0.0811394 0.0516237  0.758323
-0.0171154  0.0981021   0.764169 0.0813216 0.0515347  0.758281
-0.0170316  0.0981353   0.764172 0.0815022 0.0514495  0.758239
-0.0169479  0.0981685   0.764176 0.0816714 0.0514159    0.7582
-0.0168642  0.0982017   0.764179 0.0818289 0.0514404  0.758165
-0.0167806  0.0982349   0.764182 0.0819748 0.0515232  0.758133
-0.0166971   0.098268   0.764185 0.0821087 0.0516591  0.758104
-0.0166136  0.0983011   0.764189 0.0822419 0.0517943  0.758074
-0.0165303  0.0983341   0.764192 0.0823846 0.0518826  0.758042
-0.016447 0.0983672  0.764195 0.0825401 0.0519083  0.758006
-0.0163638  0.0984002   0.764199 0.0827089 0.0518707  0.757967
-0.0162807  0.0984331   0.764202 0.0828884 0.0517824  0.757925
-0.0161976  0.0984661   0.764205 0.0830666 0.0516978  0.757884
-0.0161147   0.098499   0.764208  0.083233 0.0516653  0.757844
-0.0160318  0.0985318   0.764212 0.0833878 0.0516915  0.757809
-0.015949 0.0985647  0.764215 0.0835308 0.0517768  0.757778
-0.0158663  0.0985975   0.764218 0.0836618 0.0519156  0.757749
-0.0157837  0.0986303   0.764221 0.0837922 0.0520533  0.757719
-0.0157011   0.098663   0.764225 0.0839322 0.0521436  0.757687
-0.0156187  0.0986957   0.764228 0.0840852 0.0521709  0.757651
-0.0155363  0.0987283   0.764231 0.0842516 0.0521343  0.757613
-0.0154541   0.098761   0.764234 0.0844289 0.0520467  0.757571
-0.0153719  0.0987936   0.764238 0.0846049 0.0519626   0.75753
-0.0152898  0.0988261   0.764241 0.0847691 0.0519312  0.757491
-0.0152078  0.0988586   0.764244 0.0849216 0.0519592  0.757456
-0.015126 0.0988911  0.764247 0.0850622  0.052047  0.757426
-0.0150442  0.0989236    0.76425 0.0851905 0.0521888  0.757397
-0.0149625   0.098956   0.764254 0.0853186 0.0523291  0.757368
-0.0148808  0.0989883   0.764257 0.0854563 0.0524216  0.757336
-0.0147993  0.0990207    0.76426 0.0856073 0.0524503  0.757301
-0.0147179   0.099053   0.764263 0.0857718 0.0524149  0.757262
-0.0146366  0.0990852   0.764266 0.0859473 0.0523282  0.757222
-0.0145554  0.0991174    0.76427 0.0861218 0.0522446  0.757181
-0.0144743  0.0991496   0.764273 0.0862842 0.0522142  0.757143
-0.0143933  0.0991817   0.764276 0.0864348  0.052244  0.757108
-0.0143124  0.0992138   0.764279 0.0865734 0.0523342  0.757078
-0.0142316  0.0992459   0.764282 0.0866997 0.0524792   0.75705
-0.0141509  0.0992779   0.764286 0.0868259 0.0526219  0.757021
-0.0140703  0.0993098   0.764289 0.0869618 0.0527166   0.75699
-0.0139898  0.0993418   0.764292 0.0871113 0.0527469  0.756955
-0.0139094  0.0993736   0.764295 0.0872744 0.0527126  0.756917
-0.0138291  0.0994055   0.764298 0.0874488 0.0526267  0.756877
-0.0137489  0.0994373   0.764301 0.0876221 0.0525437  0.756837
-0.0136689   0.099469   0.764304 0.0877834 0.0525145  0.756799
-0.0135889  0.0995007   0.764308 0.0879326 0.0525463  0.756765
-0.0135091  0.0995324   0.764311 0.0880698 0.0526393  0.756735
-0.0134294   0.099564   0.764314 0.0881945 0.0527876  0.756708
-0.0133498  0.0995956   0.764317 0.0883194 0.0529328  0.756679
-0.0132703  0.0996271    0.76432 0.0884542 0.0530296  0.756648
-0.0131909  0.0996586   0.764323 0.0886027 0.0530614  0.756614
-0.0131116    0.09969   0.764326 0.0887651 0.0530283  0.756577
-0.0130325  0.0997214    0.76433 0.0889389 0.0529433  0.756537
-0.0129534  0.0997528   0.764333 0.0891117 0.0528611  0.756497
-0.0128745  0.0997841   0.764336 0.0892723 0.0528333   0.75646
-0.0127957  0.0998153   0.764339 0.0894208 0.0528673  0.756426
-0.012717 0.0998466  0.764342 0.0895571 0.0529633  0.756397
-0.0126385  0.0998777   0.764345 0.0896808 0.0531153  0.756369
 -0.01256 0.0999088  0.764348  0.089805 0.0532631  0.756341
-0.0124817  0.0999399   0.764351 0.0899392  0.053362  0.756311
-0.0124035  0.0999709   0.764354 0.0900873 0.0533955  0.756277
-0.0123254   0.100002   0.764357 0.0902494 0.0533637   0.75624
-0.0122475   0.100033    0.76436 0.0904231 0.0532797  0.756201
-0.0121697   0.100064   0.764363  0.090596 0.0531984  0.756161
-0.012092  0.100094  0.764366 0.0907565 0.0531723  0.756124
-0.0120144   0.100125    0.76437 0.0909048 0.0532087  0.756091
-0.0119369   0.100156   0.764373 0.0910407 0.0533081  0.756062
-0.0118596   0.100187   0.764376 0.0911639 0.0534642  0.756035
-0.0117824   0.100217   0.764379 0.0912879  0.053615  0.756007
-0.0117054   0.100248   0.764382  0.091422 0.0537166  0.755977
-0.0116285   0.100278   0.764385 0.0915703  0.053752  0.755943
-0.0115517   0.100309   0.764388 0.0917328 0.0537218  0.755907
-0.011475  0.100339  0.764391 0.0919069 0.0536392  0.755868
-0.0113985    0.10037   0.764394 0.0920802 0.0535589  0.755829
-0.0113221     0.1004   0.764397 0.0922412 0.0535347  0.755792
-0.0112458    0.10043     0.7644 0.0923897 0.0535738  0.755759
-0.0111697    0.10046   0.764403 0.0925257 0.0536767   0.75573
-0.0110937    0.10049   0.764406 0.0926489 0.0538372  0.755704
-0.0110179    0.10052   0.764409  0.092773 0.0539919  0.755676
-0.0109422    0.10055   0.764412 0.0929073 0.0540969  0.755646
-0.0108666    0.10058   0.764415 0.0930559 0.0541351  0.755613
-0.0107911    0.10061   0.764418  0.093219 0.0541071  0.755577
-0.0107159    0.10064   0.764421 0.0933938 0.0540262  0.755538
-0.0106407    0.10067   0.764424 0.0935681 0.0539465    0.7555
-0.0105657     0.1007   0.764426 0.0937299 0.0539239  0.755463
-0.0104908    0.10073   0.764429 0.0938791 0.0539652   0.75543
-0.0104161   0.100759   0.764432 0.0940156 0.0540711  0.755402
-0.0103415   0.100789   0.764435 0.0941391 0.0542356  0.755375
-0.0102671   0.100818   0.764438 0.0942636 0.0543941  0.755348
-0.0101928   0.100848   0.764441 0.0943984 0.0545027  0.755318
-0.0101186   0.100877   0.764444 0.0945476 0.0545439  0.755285
-0.0100446   0.100906   0.764447 0.0947114 0.0545184  0.755249
-0.00997077    0.100936     0.76445 0.0948871 0.0544396  0.755211
-0.00989707    0.100965    0.764453 0.0950627 0.0543608  0.755172
-0.00982352    0.100994    0.764456 0.0952255 0.0543399  0.755136
-0.00975011    0.101023    0.764459 0.0953755 0.0543836  0.755103
-0.00967686    0.101052    0.764461 0.0955127 0.0544926  0.755074
-0.00960375    0.101081    0.764464 0.0956366 0.0546611  0.755047
-0.0095308    0.10111   0.764467 0.0957616 0.0548236  0.755021
-0.00945801    0.101139     0.76447 0.0958971 0.0549358  0.754991
-0.00938536    0.101168    0.764473 0.0960471 0.0549801  0.754958
-0.00931287    0.101197    0.764476 0.0962118 0.0549571  0.754922
-0.00924054    0.101225    0.764479 0.0963886 0.0548804  0.754884
-0.00916836    0.101254    0.764481 0.0965654 0.0548026  0.754845
-0.00909633    0.101283    0.764484 0.0967294 0.0547834  0.754809
-0.00902447    0.101311    0.764487 0.0968804 0.0548295  0.754776
-0.00895276     0.10134     0.76449 0.0970183 0.0549416  0.754747
-0.00888121    0.101368    0.764493 0.0971428 0.0551141   0.75472
-0.00880982    0.101396    0.764496 0.0972684 0.0552804  0.754693
-0.00873859    0.101424    0.764498 0.0974045 0.0553962  0.754663
-0.00866752    0.101453    0.764501 0.0975554 0.0554434   0.75463
-0.00859661    0.101481    0.764504 0.0977212 0.0554226  0.754595
-0.00852586    0.101509    0.764507 0.0978991 0.0553475  0.754556
-0.00845528    0.101537    0.764509 0.0980773 0.0552704  0.754518
-0.00838485    0.101565    0.764512 0.0982425 0.0552527  0.754481
-0.0083146   0.101593   0.764515 0.0983945 0.0553011  0.754448
-0.0082445    0.10162   0.764518 0.0985332 0.0554163  0.754419
-0.00817458    0.101648     0.76452 0.0986583 0.0555928  0.754392
-0.00810482    0.101676    0.764523 0.0987845 0.0557631  0.754365
-0.00803522    0.101703    0.764526 0.0989215 0.0558824  0.754335
-0.00796579    0.101731    0.764529 0.0990734 0.0559321  0.754302
-0.00789653    0.101758    0.764531 0.0992402  0.055913  0.754266
-0.00782744    0.101786    0.764534 0.0994194 0.0558388  0.754228
-0.00775852    0.101813    0.764537  0.099599 0.0557616  0.754189
-0.00768977     0.10184     0.76454 0.0997655 0.0557447  0.754152
-0.00762119    0.101868    0.764542 0.0999186 0.0557949  0.754119
-0.00755278    0.101895    0.764545  0.100058 0.0559128   0.75409
-0.00748454    0.101922    0.764548  0.100184 0.0560931  0.754063
-0.00741648    0.101949     0.76455  0.100311 0.0562672  0.754035
-0.00734859    0.101976    0.764553  0.100449 0.0563899  0.754005
-0.00728087    0.102003    0.764556  0.100602 0.0564421  0.753971
-0.00721332    0.102029    0.764558   0.10077 0.0564246  0.753936
-0.00714596    0.102056    0.764561   0.10095 0.0563513  0.753897
-0.00707876    0.102083    0.764564  0.101131 0.0562745  0.753859
-0.00701175    0.102109    0.764566  0.101299 0.0562585  0.753822
-0.00694491    0.102136    0.764569  0.101453 0.0563105  0.753789
-0.00687824    0.102162    0.764571  0.101593 0.0564314  0.753759
-0.00681176    0.102189    0.764574   0.10172 0.0566156  0.753731
-0.00674545    0.102215    0.764577  0.101848 0.0567936  0.753704
-0.00667933    0.102241    0.764579  0.101986 0.0569198  0.753673
-0.00661338    0.102267    0.764582   0.10214 0.0569746   0.75364
-0.00654761    0.102293    0.764584  0.102309 0.0569589  0.753604
-0.00648203    0.102319    0.764587  0.102491 0.0568867  0.753565
-0.00641663    0.102345     0.76459  0.102673 0.0568102  0.753527
-0.0063514   0.102371   0.764592  0.102842 0.0567955   0.75349
-0.00628637    0.102397    0.764595  0.102997 0.0568496  0.753456
-0.00622151    0.102423    0.764597  0.103138 0.0569734  0.753427
-0.00615684    0.102448      0.7646  0.103265 0.0571618  0.753399
-0.00609236    0.102474    0.764602  0.103393 0.0573438  0.753371
-0.00602805      0.1025    0.764605  0.103532 0.0574736   0.75334
-0.00596394    0.102525    0.764607  0.103687 0.0575311  0.753306
-0.00590001     0.10255     0.76461  0.103857 0.0575172   0.75327
-0.00583627    0.102576    0.764612  0.104039 0.0574461  0.753232
-0.00577271    0.102601    0.764615  0.104223 0.0573703  0.753193
-0.00570935    0.102626    0.764617  0.104393 0.0573568  0.753156
-0.00564617    0.102651     0.76462 0.104549 0.057413 0.753123
-0.00558318    0.102676    0.764622   0.10469 0.0575399  0.753092
-0.00552038    0.102701    0.764625  0.104818 0.0577323  0.753064
-0.00545777    0.102726    0.764627  0.104946 0.0579184  0.753035
-0.00539535     0.10275     0.76463  0.105086 0.0580517  0.753004
-0.00533312    0.102775    0.764632  0.105242 0.0581119   0.75297
-0.00527108      0.1028    0.764635  0.105412 0.0580997  0.752934
-0.00520924    0.102824    0.764637  0.105596 0.0580297  0.752896
-0.00514759    0.102849    0.764639   0.10578 0.0579546  0.752857
-0.00508613    0.102873    0.764642  0.105951 0.0579426   0.75282
-0.00502486    0.102897    0.764644 0.106108 0.058001 0.752786
-0.00496379    0.102922    0.764647   0.10625 0.0581311  0.752755
-0.00490292    0.102946    0.764649  0.106378 0.0583274  0.752727
-0.00484224     0.10297    0.764651  0.106507 0.0585173  0.752698
-0.00478175    0.102994    0.764654 0.106647 0.058654 0.752666
-0.00472146    0.103018    0.764656  0.106803 0.0587168  0.752632
-0.00466137    0.103042    0.764659  0.106974 0.0587064  0.752595
-0.00460147    0.103065    0.764661  0.107159 0.0586374  0.752557
-0.00454178    0.103089    0.764663  0.107344 0.0585632  0.752518
-0.00448228    0.103113    0.764666  0.107516 0.0585526   0.75248
-0.00442297    0.103136    0.764668  0.107673 0.0586134  0.752446
-0.00436387     0.10316     0.76467  0.107815 0.0587466  0.752415
-0.00430497    0.103183    0.764673  0.107943 0.0589469  0.752386
-0.00424627    0.103206    0.764675  0.108072 0.0591407  0.752356
-0.00418776    0.103229    0.764677  0.108213 0.0592808  0.752324
-0.00412946    0.103253     0.76468  0.108369 0.0593462  0.752289
-0.00407136    0.103276    0.764682  0.108541 0.0593377  0.752253
-0.00401346    0.103299    0.764684  0.108726 0.0592699  0.752214
-0.00395577    0.103321    0.764686  0.108912 0.0591968  0.752175
-0.00389827    0.103344    0.764689  0.109084 0.0591879  0.752137
-0.00384098    0.103367    0.764691  0.109241 0.0592512  0.752103
-0.00378389     0.10339    0.764693  0.109384 0.0593875  0.752071
-0.00372701    0.103412    0.764695  0.109511 0.0595917  0.752041
-0.00367033    0.103435    0.764698   0.10964 0.0597895  0.752011
-0.00361386    0.103457      0.7647   0.10978 0.0599329  0.751979
-0.00355759    0.103479    0.764702 0.109937 0.060001 0.751944
-0.00350152    0.103502    0.764704  0.110109 0.0599945  0.751907
-0.00344566    0.103524    0.764706  0.110295 0.0599281  0.751868
-0.00339001    0.103546    0.764709  0.110481 0.0598562  0.751828
-0.00333457    0.103568    0.764711  0.110653 0.0598492   0.75179
-0.00327933     0.10359    0.764713 0.110811 0.059915 0.751755
-0.0032243   0.103612   0.764715  0.110952 0.0600548  0.751723
-0.00316947    0.103633    0.764717  0.111079 0.0602631  0.751693
-0.00311486    0.103655    0.764719  0.111208 0.0604649  0.751662
-0.00306045    0.103677    0.764722  0.111348 0.0606118  0.751629
-0.00300625    0.103698    0.764724  0.111504 0.0606827  0.751594
-0.00295226    0.103719    0.764726  0.111677 0.0606783  0.751556
-0.00289848    0.103741    0.764728  0.111863 0.0606134  0.751517
-0.00284492    0.103762     0.76473  0.112049 0.0605428  0.751476
-0.00279156    0.103783    0.764732  0.112222 0.0605378  0.751438
-0.00273841    0.103804    0.764734  0.112379 0.0606063  0.751403
-0.00268547    0.103825    0.764736   0.11252 0.0607498   0.75137
-0.00263275    0.103846    0.764738  0.112647 0.0609624  0.751339
-0.00258023    0.103867     0.76474  0.112775 0.0611685  0.751308
-0.00252793    0.103888    0.764742  0.112914 0.0613191  0.751274
-0.00247584    0.103908    0.764745   0.11307 0.0613929  0.751238
-0.00242396    0.103929    0.764747  0.113243 0.0613907    0.7512
-0.0023723   0.103949   0.764749  0.113429 0.0613274   0.75116
-0.00232085     0.10397    0.764751  0.113616 0.0612584  0.751119
-0.00226961     0.10399    0.764753  0.113788 0.0612554   0.75108
-0.00221858     0.10401    0.764755  0.113945 0.0613269  0.751044
-0.00216777    0.104031    0.764757  0.114086 0.0614741  0.751011
-0.00211718    0.104051    0.764759 0.114211 0.061691  0.75098
-0.0020668   0.104071   0.764761  0.114338 0.0619014  0.750948
-0.00201663    0.104091    0.764763  0.114478 0.0620558  0.750913
-0.00196668     0.10411    0.764765  0.114633 0.0621327  0.750877
-0.00191694     0.10413    0.764766  0.114806 0.0621327  0.750838
-0.00186742     0.10415    0.764768  0.114991 0.0620712  0.750797
-0.00181812    0.104169     0.76477  0.115179 0.0620038  0.750756
-0.00176903    0.104189    0.764772 0.115351 0.062003 0.750716
-0.00172016    0.104208    0.764774  0.115507 0.0620775   0.75068
-0.00167151    0.104227    0.764776  0.115647 0.0622282  0.750646
-0.00162307    0.104247    0.764778  0.115772 0.0624493  0.750613
-0.00157485    0.104266     0.76478  0.115898 0.0626638  0.750581
-0.00152685    0.104285    0.764782  0.116037 0.0628218  0.750545
-0.00147906    0.104304    0.764784  0.116192 0.0629015  0.750508
-0.00143149    0.104323    0.764786  0.116364 0.0629038  0.750469
-0.00138415    0.104341    0.764787   0.11655 0.0628439  0.750427
-0.00133701     0.10436    0.764789  0.116737 0.0627783  0.750385
-0.0012901   0.104379   0.764791  0.116909 0.0627798  0.750345
-0.00124341    0.104397    0.764793 0.117065 0.062857 0.750307
-0.00119693    0.104416    0.764795  0.117204 0.0630112  0.750272
-0.00115068    0.104434    0.764797  0.117328 0.0632362  0.750239
-0.00110464    0.104452    0.764798  0.117453 0.0634547  0.750205
-0.00105882     0.10447      0.7648  0.117591 0.0636161  0.750169
-0.00101323    0.104489    0.764802  0.117745 0.0636986  0.750131
-0.000967849     0.104506     0.764804 0.117917 0.063703  0.75009
-0.000922692     0.104524     0.764806  0.118103 0.0636447  0.750048
-0.000877754     0.104542     0.764807   0.11829 0.0635807  0.750005
-0.000833037      0.10456     0.764809  0.118462 0.0635843  0.749964
-0.00078854    0.104578    0.764811  0.118617 0.0636643  0.749925
-0.000744263     0.104595     0.764813  0.118756 0.0638217  0.749889
-0.000700208     0.104613     0.764814  0.118878 0.0640506  0.749855
-0.000656373      0.10463     0.764816  0.119002 0.0642729   0.74982
-0.000612759     0.104647     0.764818  0.119139 0.0644377  0.749783
-0.000569366     0.104665     0.764819  0.119293 0.0645228  0.749743
-0.000526195     0.104682     0.764821  0.119465 0.0645291  0.749702
-0.000483244     0.104699     0.764823  0.119651 0.0644722  0.749659
-0.000440515     0.104716     0.764825  0.119838 0.0644097  0.749615
-0.000398008     0.104733     0.764826  0.120009 0.0644153  0.749572
-0.000355722     0.104749     0.764828  0.120164 0.0644978  0.749532
-0.000313658     0.104766      0.76483  0.120302 0.0646584  0.749496
-0.000271816     0.104783     0.764831  0.120423 0.0648911   0.74946
-0.000230196     0.104799     0.764833  0.120546 0.0651171  0.749424
-0.000188797     0.104815     0.764834  0.120681 0.0652851  0.749385
-0.000147621     0.104832     0.764836  0.120835 0.0653728  0.749345
-0.000106667     0.104848     0.764838  0.121006 0.0653809  0.749302
-6.59344e-05     0.104864     0.764839  0.121192 0.0653253  0.749257
-2.54245e-05      0.10488     0.764841  0.121379 0.0652642  0.749212
1.48632e-05    0.104896    0.764842   0.12155 0.0652716  0.749169
5.49286e-05    0.104912    0.764844  0.121704 0.0653567  0.749128
9.47717e-05    0.104928    0.764846  0.121841 0.0655204   0.74909
0.000134392    0.104944    0.764847  0.121961 0.0657568  0.749053
0.000173791    0.104959    0.764849  0.122083 0.0659864  0.749015
0.000212967    0.104975     0.76485  0.122217 0.0661576  0.748975
0.00025192    0.10499   0.764852   0.12237 0.0662477  0.748933
0.000290651    0.105006    0.764853  0.122541 0.0662576   0.74889
0.00032916   0.105021   0.764855  0.122727 0.0662032  0.748844
0.000367446    0.105036    0.764856  0.122914 0.0661435  0.748797
0.00040551   0.105051   0.764858  0.123085 0.0661527  0.748753
0.000443351    0.105066    0.764859  0.123238 0.0662403   0.74871
0.00048097   0.105081   0.764861  0.123374 0.0664072  0.748671
0.000518366    0.105096    0.764862  0.123492 0.0666473  0.748633
0.000555541    0.105111    0.764864  0.123612 0.0668807  0.748594
0.000592492    0.105125    0.764865 0.123746 0.067055 0.748553
0.000629222     0.10514    0.764867  0.123898 0.0671476  0.748509
0.000665729    0.105154    0.764868  0.124069 0.0671593  0.748464
0.000702014    0.105169    0.764869  0.124254 0.0671062  0.748417
0.000738077    0.105183    0.764871  0.124441 0.0670478   0.74837
0.000773918    0.105197    0.764872  0.124611 0.0670589  0.748324
0.000809537    0.105211    0.764874 0.124764 0.067149  0.74828
0.000844934    0.105225    0.764875  0.124898 0.0673193  0.748239
0.000880109    0.105239    0.764876  0.125015 0.0675631    0.7482
0.000915063    0.105253    0.764878  0.125134 0.0678003   0.74816
0.000949795    0.105267    0.764879  0.125267 0.0679778  0.748117
0.000984305    0.105281    0.764881 0.125418 0.068073 0.748072
0.00101859   0.105294   0.764882  0.125588 0.0680865  0.748026
0.00105266   0.105308   0.764883  0.125773 0.0680347  0.747977
0.00108651   0.105321   0.764885   0.12596 0.0679777  0.747929
0.00112013   0.105335   0.764886   0.12613 0.0679907  0.747881
0.00115354   0.105348   0.764887  0.126282 0.0680834  0.747837
0.00118672   0.105361   0.764888 0.126415 0.068257 0.747794
0.00121968   0.105374    0.76489   0.12653 0.0685047  0.747753
0.00125242   0.105387   0.764891  0.126648 0.0687458  0.747712
0.00128494     0.1054   0.764892  0.126779 0.0689267  0.747668
0.00131725   0.105413   0.764894  0.126929 0.0690245  0.747622
0.00134933   0.105426   0.764895  0.127099 0.0690399  0.747574
0.00138119   0.105438   0.764896  0.127284 0.0689895  0.747524
0.00141283   0.105451   0.764897   0.12747 0.0689339  0.747474
0.00144425   0.105463   0.764899   0.12764 0.0689488  0.747426
0.00147545   0.105476     0.7649  0.127791 0.0690443   0.74738
0.00150644   0.105488   0.764901  0.127923 0.0692214  0.747336
0.0015372    0.1055  0.764902  0.128037 0.0694731  0.747293
0.00156775   0.105512   0.764903  0.128152 0.0697182   0.74725
0.00159807   0.105524   0.764905  0.128282 0.0699025  0.747205
0.00162818   0.105536   0.764906 0.128432 0.070003 0.747158
0.00165807   0.105548   0.764907  0.128601 0.0700204  0.747109
0.00168774    0.10556   0.764908  0.128785 0.0699715  0.747058
0.0017172  0.105571  0.764909  0.128972 0.0699174  0.747006
0.00174643   0.105583   0.764911  0.129141 0.0699344  0.746957
0.00177545   0.105595   0.764912  0.129291 0.0700326  0.746909
0.00180426   0.105606   0.764913  0.129421 0.0702134  0.746864
0.00183284   0.105617   0.764914  0.129534 0.0704693   0.74682
0.00186121   0.105629   0.764915  0.129648 0.0707185  0.746776
0.00188937    0.10564   0.764916  0.129777 0.0709064  0.746729
0.00191731   0.105651   0.764917  0.129925 0.0710097   0.74668
0.00194503   0.105662   0.764918  0.130094 0.0710291   0.74663
0.00197254   0.105673   0.764919  0.130278 0.0709816  0.746578
0.00199983   0.105684    0.76492  0.130464 0.0709291  0.746525
0.0020269  0.105694  0.764922  0.130633 0.0709482  0.746474
0.00205377   0.105705   0.764923  0.130782 0.0710494  0.746425
0.00208042   0.105716   0.764924 0.130911 0.071234 0.746379
0.00210685   0.105726   0.764925  0.131022 0.0714943  0.746333
0.00213307   0.105736   0.764926  0.131135 0.0717479  0.746287
0.00215908   0.105747   0.764927  0.131262 0.0719394  0.746238
0.00218488   0.105757   0.764928   0.13141 0.0720454  0.746188
0.00221046   0.105767   0.764929  0.131578 0.0720668  0.746137
0.00223583   0.105777    0.76493  0.131762 0.0720208  0.746083
0.00226099   0.105787   0.764931 0.131948  0.07197  0.74603
0.00228594   0.105797   0.764932  0.132116 0.0719913  0.745977
0.00231068   0.105807   0.764933  0.132265 0.0720957  0.745927
0.00233521   0.105817   0.764934  0.132393 0.0722845  0.745879
0.00235953   0.105826   0.764935  0.132502 0.0725496  0.745832
0.00238363   0.105836   0.764936  0.132613 0.0728079  0.745784
0.00240753   0.105845   0.764936  0.132739 0.0730034  0.745734
0.00243122   0.105855   0.764937  0.132886 0.0731125  0.745683
0.0024547  0.105864  0.764938 0.133054 0.073136  0.74563
0.00247797   0.105873   0.764939  0.133238 0.0730916  0.745575
0.00250104   0.105882    0.76494  0.133424 0.0730424  0.745521
0.0025239  0.105891  0.764941  0.133592 0.0730659  0.745467
0.00254655     0.1059   0.764942  0.133739 0.0731735  0.745415
0.00256899   0.105909   0.764943  0.133866 0.0733667  0.745365
0.00259123   0.105918   0.764944  0.133974 0.0736368  0.745316
0.00261327   0.105927   0.764945 0.134084   0.0739 0.745267
0.00263509   0.105935   0.764945  0.134209 0.0740995  0.745215
0.00265672   0.105944   0.764946  0.134355 0.0742117  0.745163
0.00267814   0.105953   0.764947  0.134522 0.0742373  0.745108
0.00269936   0.105961   0.764948  0.134707 0.0741943  0.745053
0.00272037   0.105969   0.764949  0.134893 0.0741466  0.744996
0.00274118   0.105978    0.76495  0.135061 0.0741723  0.744941
0.00276179   0.105986    0.76495  0.135208 0.0742833  0.744888
0.0027822  0.105994  0.764951  0.135334 0.0744812  0.744837
0.0028024  0.106002  0.764952   0.13544 0.0747567  0.744786
0.00282241    0.10601   0.764953  0.135548 0.0750252  0.744735
0.00284222   0.106018   0.764954  0.135672 0.0752291  0.744681
0.00286183   0.106025   0.764954  0.135818 0.0753446  0.744627
0.00288123   0.106033   0.764955  0.135985 0.0753725  0.744572
0.00290044   0.106041   0.764956   0.13617 0.0753312  0.744514
0.00291946   0.106048   0.764957  0.136356 0.0752852  0.744457
0.00293827   0.106056   0.764957  0.136524 0.0753132  0.744401
0.00295689   0.106063   0.764958   0.13667 0.0754279  0.744346
0.00297531    0.10607   0.764959  0.136795 0.0756308  0.744293
0.00299354   0.106078    0.76496    0.1369 0.0759118   0.74424
0.00301158   0.106085    0.76496  0.137007 0.0761858  0.744187
0.00302942   0.106092   0.764961   0.13713 0.0763944  0.744133
0.00304706   0.106099   0.764962  0.137275 0.0765137  0.744077
0.00306451   0.106106   0.764962  0.137442 0.0765446   0.74402
0.00308177   0.106113   0.764963  0.137627 0.0765058  0.743961
0.00309884   0.106119   0.764964  0.137814 0.0764621  0.743903
0.00311572   0.106126   0.764964  0.137981 0.0764929  0.743845
0.00313241   0.106133   0.764965  0.138127 0.0766114  0.743789
0.00314891   0.106139   0.764966  0.138251 0.0768192  0.743734
0.00316522   0.106146   0.764966  0.138354 0.0771057   0.74368
0.00318134   0.106152   0.764967  0.13846 0.077385 0.743626
0.00319727   0.106158   0.764968  0.138582 0.0775985  0.743569
0.00321302   0.106165   0.764968 0.138727 0.077722 0.743512
0.00322858   0.106171   0.764969  0.138894 0.0777564  0.743454
0.00324395   0.106177   0.764969  0.139079 0.0777206  0.743394
0.00325914   0.106183    0.76497  0.139267 0.0776797  0.743335
0.00327415   0.106189   0.764971  0.139434 0.0777134  0.743276
0.00328897   0.106195   0.764971   0.13958 0.0778358  0.743218
0.00330361   0.106201   0.764972  0.139703 0.0780486  0.743162
0.00331807   0.106206   0.764972  0.139804 0.0783406  0.743106
0.00333234   0.106212   0.764973  0.139908 0.0786252   0.74305
0.00334644   0.106218   0.764973  0.140029 0.0788435  0.742993
0.00336036   0.106223   0.764974  0.140173 0.0789712  0.742934
0.00337409   0.106229   0.764974   0.14034 0.0790092  0.742875
0.00338765   0.106234   0.764975  0.140526 0.0789765  0.742814
0.00340104   0.106239   0.764976  0.140714 0.0789384  0.742753
0.00341424   0.106245   0.764976  0.140882 0.0789752  0.742693
0.00342727    0.10625   0.764977  0.141027 0.0791018  0.742634
0.00344013   0.106255   0.764977  0.141149 0.0793197  0.742576
0.00345281    0.10626   0.764978  0.141249 0.0796171  0.742519
0.00346532   0.106265   0.764978  0.141351 0.0799072  0.742461
0.00347765    0.10627   0.764979  0.141471 0.0801304  0.742402
0.00348981   0.106274   0.764979  0.141614 0.0802622  0.742342
0.00350181   0.106279    0.76498  0.141782 0.0803037  0.742281
0.00351363   0.106284    0.76498  0.141968 0.0802739  0.742219
0.00352528   0.106289    0.76498  0.142157 0.0802386  0.742157
0.00353677   0.106293   0.764981  0.142325 0.0802783  0.742095
0.00354809   0.106298   0.764981   0.14247 0.0804088  0.742034
0.00355924   0.106302   0.764982   0.14259 0.0806319  0.741975
0.00357023   0.106306   0.764982  0.142688 0.0809349  0.741916
0.00358105   0.106311   0.764983  0.142789 0.0812305  0.741857
0.00359171   0.106315   0.764983  0.142908 0.0814584  0.741796
0.0036022  0.106319  0.764983  0.143051 0.0815944  0.741734
0.00361253   0.106323   0.764984  0.143218 0.0816393  0.741672
0.00362271   0.106327   0.764984  0.143406 0.0816123  0.741609
0.00363272   0.106331   0.764985  0.143595 0.0815796  0.741545
0.00364257   0.106335   0.764985  0.143763 0.0816221  0.741482
0.00365227   0.106339   0.764985  0.143908 0.0817566  0.741419
0.0036618  0.106343  0.764986  0.144027 0.0819849  0.741358
0.00367119   0.106346   0.764986  0.144124 0.0822936  0.741298
0.00368041    0.10635   0.764987  0.144223 0.0825947  0.741236
0.00368948   0.106354   0.764987  0.144341 0.0828276  0.741174
0.0036984  0.106357  0.764987  0.144484 0.0829678   0.74111
0.00370717   0.106361   0.764988  0.144651 0.0830161  0.741046
0.00371578   0.106364   0.764988 0.144839 0.082992 0.740981
0.00372425   0.106367   0.764988  0.145029 0.0829618  0.740916
0.00373256   0.106371   0.764989 0.145198 0.083007 0.740851
0.00374073   0.106374   0.764989  0.145342 0.0831454  0.740787
0.00374875   0.106377   0.764989  0.14546 0.083379 0.740724
0.00375663    0.10638    0.76499  0.145556 0.0836934  0.740662
0.00376436   0.106383    0.76499  0.145653 0.0840001  0.740598
0.00377194   0.106386    0.76499   0.14577 0.0842383  0.740534
0.00377938   0.106389    0.76499  0.145912 0.0843828  0.740469
0.00378668   0.106392   0.764991   0.14608 0.0844347  0.740403
0.00379384   0.106395   0.764991  0.146269 0.0844135  0.740337
0.00380086   0.106398   0.764991   0.14646 0.0843857   0.74027
0.00380774   0.106401   0.764992  0.146629 0.0844336  0.740204
0.00381449   0.106403   0.764992  0.146773 0.0845761  0.740138
0.0038211  0.106406  0.764992   0.14689 0.0848151  0.740073
0.00382757   0.106408   0.764992  0.146983 0.0851354  0.740008
0.00383391   0.106411   0.764993   0.14708 0.0854494  0.739942
0.00384011   0.106413   0.764993 0.147198 0.085698 0.739874
0.00384619   0.106416   0.764993  0.147345 0.0858582  0.739802
0.00385213   0.106418   0.764993  0.147521 0.0859306  0.739728
0.00385794   0.106421   0.764994  0.147721 0.0859331  0.739652
0.00386363   0.106423   0.764994  0.147924 0.0859281  0.739576
0.00386919   0.106425   0.764994 0.148105 0.085996   0.7395
0.00387462   0.106427   0.764994  0.148261 0.0861539  0.739427
0.00387993   0.106429   0.764994   0.14839 0.0864032  0.739355
0.00388511   0.106431   0.764995  0.148495 0.0867305  0.739284
0.00389017   0.106433   0.764995 0.148602 0.087054 0.739212
0.00389511   0.106435   0.764995 0.148729 0.087312 0.739138
0.00389994   0.106437   0.764995  0.148885 0.0874816  0.739062
0.00390464   0.106439   0.764995  0.149071 0.0875627  0.738983
0.00390922   0.106441   0.764996 0.149279 0.087573 0.738902
0.00391369   0.106443   0.764996  0.149489 0.0875787  0.738821
0.00391805   0.106444   0.764996 0.149676 0.087657 0.738742
0.00392229   0.106446   0.764996  0.149837 0.0878246  0.738663
0.00392642   0.106448   0.764996   0.14997 0.0880826  0.738587
0.00393044   0.106449   0.764996  0.150079 0.0884179  0.738511
0.00393435   0.106451   0.764997  0.150189 0.0887488  0.738435
0.00393815   0.106452   0.764997   0.15032 0.0890126  0.738357
0.00394184   0.106454   0.764997  0.150481 0.0891869  0.738277
0.00394543   0.106455   0.764997  0.150671 0.0892714  0.738194
0.00394891   0.106457   0.764997 0.150884 0.089284 0.738109
0.00395229   0.106458   0.764997  0.151098 0.0892955  0.738024
0.00395557   0.106459   0.764997  0.151288 0.0893803  0.737941
0.00395875    0.10646   0.764997   0.15145 0.0895541  0.737859
0.00396183   0.106462   0.764998  0.151585 0.0898179  0.737779
0.00396482   0.106463   0.764998  0.151694 0.0901583    0.7377
0.0039677  0.106464  0.764998  0.151805 0.0904942  0.737621
0.0039705  0.106465  0.764998  0.151938 0.0907613  0.737539
0.00397319   0.106466   0.764998    0.1521 0.0909376  0.737456
0.0039758  0.106467  0.764998 0.152293 0.091023 0.737369
0.00397832   0.106468   0.764998  0.152509 0.0910358  0.737281
0.00398075   0.106469   0.764998  0.152725 0.0910501  0.737194
0.00398309    0.10647   0.764998  0.152917 0.0911385  0.737107
0.00398534   0.106471   0.764999   0.15308 0.0913161  0.737023
0.00398751   0.106472   0.764999  0.153214 0.0915836   0.73694
0.0039896  0.106473  0.764999  0.153323 0.0919276  0.736858
0.0039916  0.106474  0.764999  0.153433 0.0922668  0.736776
0.00399352   0.106474   0.764999  0.153565 0.0925364  0.736692
0.00399537   0.106475   0.764999  0.153728 0.0927139  0.736606
0.00399714   0.106476   0.764999  0.153922 0.0927993  0.736518
0.00399883   0.106476   0.764999  0.154141 0.0928113  0.736427
0.00400045   0.106477   0.764999  0.154358 0.0928273  0.736338
0.004002 0.106478 0.764999 0.154551 0.092918 0.736249
0.00400347   0.106478   0.764999  0.154714 0.0930985  0.736162
0.00400488   0.106479   0.764999  0.154847 0.0933695  0.736077
0.00400622   0.106479   0.764999  0.154954 0.0937173  0.735993
0.00400749    0.10648   0.764999  0.155063 0.0940605  0.735908
0.00400869    0.10648   0.764999  0.155194 0.0943327  0.735822
0.00400984   0.106481   0.764999  0.155357 0.0945115  0.735734
0.00401092   0.106481      0.765  0.155552 0.0945967  0.735644
0.00401194   0.106482      0.765  0.155773 0.0946072  0.735552
0.0040129  0.106482     0.765  0.155991 0.0946232   0.73546
0.00401381   0.106482      0.765  0.156184 0.0947145   0.73537
0.00401466   0.106483      0.765  0.156347 0.0948966  0.735281
0.00401546   0.106483      0.765   0.15648 0.0951699  0.735194
0.0040162  0.106483     0.765  0.156585 0.0955205  0.735108
0.0040169  0.106484     0.765  0.156692 0.0958673  0.735021
0.00401755   0.106484      0.765 0.156822 0.096142 0.734933
0.00401815   0.106484      0.765  0.156985 0.0963218  0.734843
0.0040187  0.106484     0.765  0.157181 0.0964065  0.734752
0.00401921   0.106484      0.765  0.157403 0.0964151  0.734658
0.00401968   0.106485      0.765  0.157623 0.0964302  0.734566
0.00402011   0.106485      0.765  0.157817 0.0965211  0.734474
0.0040205  0.106485     0.765   0.15798 0.0967039  0.734384
0.00402086   0.106485      0.765  0.158112 0.0969787  0.734295
0.00402118   0.106485      0.765  0.158216 0.0973315  0.734206
0.00402146   0.106485      0.765   0.15832 0.0976815  0.734118
0.00402172   0.106485      0.765  0.158449 0.0979582  0.734028
0.00402194   0.106486      0.765  0.158612 0.0981389  0.733937
0.00402214   0.106486      0.765  0.158809 0.0982228  0.733844
0.00402231   0.106486      0.765  0.159034 0.0982293  0.733749
0.00402246   0.106486      0.765  0.159255 0.0982429  0.733655
0.00402259   0.106486      0.765   0.15945 0.0983328  0.733562
0.00402269   0.106486      0.765  0.159614 0.0985157   0.73347
0.00402278   0.106486      0.765  0.159745 0.0987915  0.733379
0.00402284   0.106486      0.765  0.159847 0.0991459  0.733289
0.0040229  0.106486     0.765   0.15995 0.0994986  0.733199
0.00402294   0.106486      0.765  0.160078 0.0997769  0.733107
0.00402297   0.106486      0.765  0.160241 0.0999579  0.733014
0.00402299   0.106486      0.765  0.16044 0.100041 0.732919
0.004023 0.106486    0.765 0.160666 0.100045 0.732823
0.004023 0.106486    0.765  0.16089 0.100056 0.732728
 0.130709 -0.120743  0.728199  0.130709 -0.120743  0.728199
 0.130709 -0.120743  0.728199  0.131305 -0.120564  0.728325
 0.130709 -0.120743  0.728199  0.131948 -0.120302  0.728456
 0.130709 -0.120743  0.728199  0.132666 -0.119983  0.728603
 0.130709 -0.120743  0.728199  0.133439 -0.119649  0.728765
 0.130709 -0.120743  0.728199  0.134222 -0.119384  0.728937
 0.130709 -0.120743  0.728199  0.135009 -0.119204   0.72912
 0.130709 -0.120743  0.728199  0.135797 -0.119117  0.729312
 0.130709 -0.120743  0.728199   0.13659 -0.119113  0.729513
 0.130709 -0.120743  0.728199  0.137408 -0.119148  0.729722
 0.130709 -0.120743  0.728199  0.138294 -0.119135   0.72994
 0.130708 -0.120742  0.728199  0.139258 -0.119051  0.730164
 0.130708 -0.120742  0.728199  0.140302 -0.118885  0.730394
 0.130708 -0.120742  0.728199  0.141423 -0.118648  0.730629
 0.130708 -0.120742  0.728199  0.142595 -0.118383  0.730866
 0.130708 -0.120742  0.728199  0.143761 -0.118181    0.7311
 0.130708 -0.120742  0.728199  0.144895 -0.118066  0.731325
 0.130708 -0.120742    0.7282  0.145987 -0.118044  0.731534
 0.130707 -0.120742    0.7282  0.147043 -0.118104  0.731723
 0.130707 -0.120742    0.7282  0.148093 -0.118179  0.731895
 0.130707 -0.120742    0.7282  0.149176 -0.118198  0.732052
 0.130706 -0.120742  0.728201  0.150311 -0.118141  0.732194
 0.130706 -0.120742  0.728201  0.151503 -0.118003  0.732317
 0.130706 -0.120742  0.728201  0.152734 -0.117789  0.732424
 0.130705 -0.120742  0.728201  0.153991 -0.117509  0.732512
 0.130705 -0.120742  0.728202  0.155242 -0.117234   0.73258
 0.130704 -0.120742  0.728202  0.156462 -0.117013  0.732629
 0.130704 -0.120741  0.728203  0.157648 -0.116855  0.732657
 0.130703 -0.120741  0.728203  0.158801 -0.116759  0.732667
 0.130703 -0.120741  0.728204  0.159924 -0.116717   0.73266
 0.130702 -0.120741  0.728204  0.161049 -0.116663  0.732639
 0.130701 -0.120741  0.728205  0.162202 -0.116539  0.732604
   0.1307 -0.120741  0.728205  0.163386 -0.116335  0.732555
   0.1307 -0.120741  0.728206  0.164601 -0.116052  0.732493
0.130699 -0.12074 0.728207  0.165842 -0.115697  0.732417
0.130698 -0.12074 0.728207  0.167073 -0.115349  0.732325
0.130697 -0.12074 0.728208  0.168273 -0.115059  0.732217
0.130696 -0.12074 0.728209  0.169436 -0.114845  0.732092
 0.130695 -0.120739   0.72821  0.170563 -0.114709  0.731951
 0.130694 -0.120739  0.728211   0.17166 -0.114638  0.731795
 0.130693 -0.120739  0.728212  0.172752 -0.114566  0.731624
 0.130691 -0.120739  0.728213  0.173874 -0.114425  0.731445
  0.13069 -0.120738  0.728214  0.175029 -0.114195   0.73126
 0.130689 -0.120738  0.728215 0.176219 -0.11387 0.731072
 0.130687 -0.120738  0.728216 0.177438 -0.11346 0.730879
 0.130686 -0.120737  0.728217  0.178654 -0.113044  0.730683
 0.130684 -0.120737  0.728218  0.179839 -0.112693  0.730482
 0.130683 -0.120737  0.728219  0.180979 -0.112437  0.730276
 0.130681 -0.120736  0.728221  0.182069 -0.112281  0.730068
 0.130679 -0.120736  0.728222  0.183118 -0.112216  0.729858
 0.130678 -0.120736  0.728224  0.184149 -0.112173  0.729645
 0.130676 -0.120735  0.728225 0.185197 -0.11207 0.729428
 0.130674 -0.120735  0.728227   0.18627 -0.111887   0.72921
 0.130672 -0.120734  0.728228  0.187367 -0.111616  0.728988
  0.13067 -0.120734   0.72823  0.188484 -0.111264  0.728765
 0.130668 -0.120733  0.728232  0.189595 -0.110899   0.72854
 0.130665 -0.120733  0.728233 0.190665  -0.1106 0.728311
 0.130663 -0.120732  0.728235  0.191686 -0.110394  0.728081
 0.130661 -0.120732  0.728237  0.192657 -0.110287  0.727851
 0.130658 -0.120731  0.728239   0.19359 -0.110259  0.727618
 0.130656 -0.120731  0.728241   0.19451 -0.110241  0.727384
0.130653 -0.12073 0.728243   0.19545 -0.110136   0.72715
  0.13065 -0.120729  0.728246 0.196415 -0.10993 0.726916
 0.130648 -0.120729  0.728248 0.197404 -0.10962 0.726681
 0.130645 -0.120728   0.72825  0.198413 -0.109222  0.726448
 0.130642 -0.120728  0.728252  0.199411 -0.108828  0.726215
 0.130639 -0.120727  0.728255  0.200373 -0.108517  0.725981
 0.130635 -0.120726  0.728257  0.201294 -0.108314  0.725746
 0.130632 -0.120725   0.72826  0.202174 -0.108222  0.725509
 0.130629 -0.120725  0.728263  0.203016 -0.108228  0.725271
 0.130626 -0.120724  0.728265  0.203853 -0.108228  0.725033
 0.130622 -0.120723  0.728268  0.204708 -0.108154  0.724796
 0.130618 -0.120722  0.728271  0.205586 -0.107981   0.72456
 0.130615 -0.120721  0.728274  0.206489 -0.107708  0.724325
 0.130611 -0.120721  0.728277   0.20741 -0.107358  0.724088
0.130607 -0.12072  0.72828  0.208328 -0.106998  0.723849
 0.130603 -0.120719  0.728283  0.209209 -0.106738  0.723608
 0.130599 -0.120718  0.728287  0.210051 -0.106591  0.723366
 0.130595 -0.120717   0.72829  0.210852 -0.106567  0.723123
  0.13059 -0.120716  0.728294  0.211619 -0.106655  0.722882
 0.130586 -0.120715  0.728297  0.212391 -0.106726  0.722638
 0.130582 -0.120714  0.728301  0.213185 -0.106732  0.722386
 0.130577 -0.120713  0.728304  0.214008 -0.106636  0.722126
 0.130572 -0.120712  0.728308  0.21486 -0.10644 0.721858
 0.130567 -0.120711  0.728312  0.215733 -0.106163  0.721579
0.130563 -0.12071 0.728316  0.216617 -0.105843   0.72129
 0.130558 -0.120709   0.72832  0.217476 -0.105593  0.720996
 0.130552 -0.120707  0.728324  0.218293 -0.105463  0.720699
 0.130547 -0.120706  0.728328  0.219064 -0.105462  0.720402
 0.130542 -0.120705  0.728333  0.219793 -0.105579  0.720101
 0.130536 -0.120704  0.728337  0.220508 -0.105717  0.719792
 0.130531 -0.120703  0.728341 0.221238 -0.10578 0.719472
 0.130525 -0.120701  0.728346  0.221993 -0.105727  0.719145
0.130519  -0.1207 0.728351  0.222776 -0.105549   0.71881
 0.130513 -0.120699  0.728355  0.223579 -0.105268   0.71847
 0.130507 -0.120697   0.72836  0.224396 -0.104914  0.718125
 0.130501 -0.120696  0.728365  0.225186 -0.104625  0.717777
 0.130495 -0.120695   0.72837 0.225938 -0.10445  0.71743
 0.130488 -0.120693  0.728375  0.226647 -0.104405  0.717085
 0.130482 -0.120692  0.728381  0.227317 -0.104479  0.716741
0.130475 -0.12069 0.728386  0.227956 -0.104632  0.716396
 0.130469 -0.120689  0.728391  0.228604 -0.104725  0.716046
 0.130462 -0.120687  0.728397 0.229273 -0.10471 0.715692
 0.130455 -0.120686  0.728402   0.22997 -0.104563  0.715333
 0.130448 -0.120684  0.728408   0.23069 -0.104301  0.714968
  0.13044 -0.120682  0.728414  0.231425 -0.103954  0.714597
 0.130433 -0.120681   0.72842  0.232137 -0.103666  0.714224
 0.130425 -0.120679  0.728426  0.232813 -0.103498  0.713851
 0.130418 -0.120677  0.728432   0.23345 -0.103471  0.713477
  0.13041 -0.120676  0.728438  0.234049 -0.103577  0.713104
 0.130402 -0.120674  0.728445  0.234618 -0.103787  0.712732
 0.130394 -0.120672  0.728451   0.23519 -0.103963  0.712356
0.130386 -0.12067 0.728458  0.235784 -0.104035  0.711975
 0.130378 -0.120668  0.728464  0.236408 -0.103974   0.71159
 0.130369 -0.120666  0.728471   0.23706 -0.103788  0.711198
 0.130361 -0.120664  0.728478  0.237732 -0.103509  0.710802
 0.130352 -0.120663  0.728485  0.238395 -0.103245  0.710405
 0.130343 -0.120661  0.728492  0.239031 -0.103071  0.710009
 0.130334 -0.120659  0.728499  0.239639 -0.102998  0.709617
 0.130325 -0.120656  0.728506  0.240219 -0.103022  0.709226
 0.130316 -0.120654  0.728514  0.240774 -0.103133  0.708835
 0.130307 -0.120652  0.728521  0.241314 -0.103286  0.708441
0.130297 -0.12065 0.728529  0.241868 -0.103381  0.708042
 0.130287 -0.120648  0.728537  0.242447 -0.103376   0.70763
 0.130278 -0.120646  0.728544  0.243053 -0.103263  0.707206
 0.130268 -0.120644  0.728552  0.243677 -0.103057   0.70677
 0.130258 -0.120641   0.72856  0.244296 -0.102839  0.706326
 0.130247 -0.120639  0.728569  0.244883 -0.102694  0.705879
 0.130237 -0.120637  0.728577  0.245432 -0.102637  0.705431
 0.130227 -0.120634  0.728585  0.245942 -0.102672  0.704984
 0.130216 -0.120632  0.728594  0.246418 -0.102788  0.704538
0.130205 -0.12063 0.728602  0.246876 -0.102937  0.704091
 0.130194 -0.120627  0.728611  0.247344 -0.103018   0.70364
 0.130183 -0.120625   0.72862 0.247833   -0.103 0.703184
 0.130172 -0.120622  0.728629  0.248342 -0.102874  0.702723
0.130161 -0.12062 0.728638  0.248869 -0.102653  0.702257
 0.130149 -0.120617  0.728647  0.249394 -0.102417  0.701792
 0.130137 -0.120614  0.728657  0.249888 -0.102262   0.70133
 0.130126 -0.120612  0.728666  0.250351 -0.102197  0.700874
 0.130114 -0.120609  0.728676  0.250782 -0.102224  0.700426
 0.130102 -0.120606  0.728686  0.251183 -0.102337  0.699984
 0.130089 -0.120604  0.728695  0.251571 -0.102468  0.699546
 0.130077 -0.120601  0.728705 0.251971 -0.10252 0.699108
 0.130064 -0.120598  0.728715  0.252388 -0.102472   0.69867
 0.130052 -0.120595  0.728726  0.252823 -0.102321   0.69823
 0.130039 -0.120592  0.728736  0.253273 -0.102078  0.697791
 0.130026 -0.120589  0.728746  0.253716 -0.101831  0.697355
 0.130013 -0.120586  0.728757  0.254131 -0.101671  0.696927
 0.129999 -0.120583  0.728768  0.254519 -0.101605  0.696509
0.129986 -0.12058 0.728778  0.254878 -0.101636  0.696101
 0.129972 -0.120577  0.728789   0.25521 -0.101757  0.695702
 0.129958 -0.120574    0.7288  0.255536 -0.101874  0.695308
 0.129944 -0.120571  0.728812  0.255875 -0.101907  0.694916
  0.12993 -0.120568  0.728823  0.256229 -0.101835  0.694525
 0.129916 -0.120565  0.728834    0.2566 -0.101657  0.694135
 0.129901 -0.120561  0.728846  0.256983 -0.101392  0.693746
 0.129887 -0.120558  0.728858  0.257358 -0.101133  0.693362
 0.129872 -0.120555   0.72887  0.257706 -0.100965  0.692988
 0.129857 -0.120551  0.728881  0.258026 -0.100897  0.692626
 0.129842 -0.120548  0.728894  0.258318 -0.100929  0.692277
 0.129827 -0.120545  0.728906  0.258583 -0.101051  0.691939
 0.129811 -0.120541  0.728918 0.258844 -0.10116 0.691606
 0.129796 -0.120538  0.728931  0.25912 -0.10118 0.691274
  0.12978 -0.120534  0.728943  0.259413 -0.101087  0.690943
 0.129764 -0.120531  0.728956 0.259725 -0.10088 0.690613
 0.129748 -0.120527  0.728969  0.260052 -0.100581  0.690284
 0.129732 -0.120523  0.728982  0.26037 -0.10029 0.689961
0.129716 -0.12052 0.728995   0.26066 -0.100093  0.689647
 0.129699 -0.120516  0.729008  0.260922 -0.100008  0.689346
 0.129682 -0.120512  0.729022  0.261155 -0.100035  0.689057
 0.129665 -0.120508  0.729035   0.26136 -0.100159  0.688778
 0.129648 -0.120505  0.729049  0.261562 -0.100272  0.688503
 0.129631 -0.120501  0.729063  0.261779 -0.100294   0.68823
 0.129614 -0.120497  0.729077  0.262016 -0.100198  0.687958
 0.129596 -0.120493  0.729091   0.262272 -0.0999841   0.687688
 0.129579 -0.120489  0.729105  0.262545 -0.099674  0.687419
 0.129561 -0.120485  0.729119   0.262809 -0.0993728   0.687156
 0.129543 -0.120481  0.729134   0.263045 -0.0991706   0.686902
 0.129524 -0.120477  0.729148    0.26325 -0.0990847   0.686661
 0.129506 -0.120473  0.729163   0.263426 -0.0991149   0.686431
 0.129487 -0.120468  0.729178  0.263573 -0.099248   0.68621
 0.129469 -0.120464  0.729193   0.263716 -0.0993697   0.685995
 0.12945 -0.12046 0.729208   0.263876 -0.0993948   0.685782
 0.129431 -0.120456  0.729223   0.264057 -0.0992944    0.68557
 0.129411 -0.120451  0.729239   0.264261 -0.0990689   0.685359
 0.129392 -0.120447  0.729254   0.264482 -0.0987425    0.68515
 0.129372 -0.120443   0.72927   0.264695 -0.0984249   0.684946
 0.129353 -0.120438  0.729286   0.264878 -0.0982153   0.684752
 0.129333 -0.120434  0.729302    0.26503 -0.0981264   0.684569
 0.129313 -0.120429  0.729318    0.26515 -0.0981589   0.684397
 0.129292 -0.120425  0.729334   0.265241 -0.0982994   0.684234
0.129272 -0.12042 0.729351   0.265331 -0.0984263   0.684076
 0.129251 -0.120415  0.729367    0.26544 -0.0984503   0.683921
  0.12923 -0.120411  0.729384   0.265576 -0.0983387   0.683766
 0.129209 -0.120406  0.729401    0.26574 -0.0980932   0.683612
 0.129188 -0.120401  0.729418   0.265924 -0.0977407   0.683459
 0.129167 -0.120397  0.729435   0.266102 -0.0973975   0.683312
 0.129145 -0.120392  0.729452    0.26625 -0.0971656   0.683174
 0.129124 -0.120387   0.72947   0.266365 -0.0970602   0.683047
 0.129102 -0.120382  0.729487   0.266445 -0.0970818   0.682931
  0.12908 -0.120377  0.729505  0.266495 -0.097216  0.682825
 0.129058 -0.120372  0.729523   0.266543 -0.0973389   0.682722
 0.129035 -0.120367  0.729541   0.266611 -0.0973609    0.68262
 0.129013 -0.120362  0.729559   0.266707 -0.0972484   0.682516
  0.12899 -0.120357  0.729577   0.266831 -0.0970021   0.682413
 0.128967 -0.120352  0.729595   0.266976 -0.0966482   0.682309
 0.128944 -0.120346  0.729614   0.267117 -0.0962972   0.682211
  0.12892 -0.120341  0.729633   0.267227 -0.0960572   0.682121
 0.128897 -0.120336  0.729651  0.267303 -0.095944  0.682043
 0.128873 -0.120331   0.72967   0.267342 -0.0959583   0.681976
 0.128849 -0.120325  0.729689    0.26735 -0.0960876   0.681917
0.128825 -0.12032 0.729709   0.267358 -0.0962058   0.681863
 0.128801 -0.120315  0.729728   0.267384 -0.0962246   0.681808
 0.128777 -0.120309  0.729748   0.267439 -0.0961101   0.681751
 0.128752 -0.120304  0.729767   0.267521 -0.0958632   0.681692
 0.128728 -0.120298  0.729787   0.267625 -0.0955093   0.681633
 0.128703 -0.120292  0.729807   0.267724 -0.0951552   0.681577
 0.128678 -0.120287  0.729827   0.267793 -0.0949113    0.68153
 0.128652 -0.120281  0.729847   0.267826 -0.0947915   0.681494
 0.128627 -0.120275  0.729868   0.267822 -0.0947968    0.68147
0.128601 -0.12027 0.729888   0.267788 -0.0949153   0.681455
 0.128575 -0.120264  0.729909   0.267751 -0.0950252   0.681442
  0.12855 -0.120258   0.72993   0.267734 -0.0950385   0.681429
 0.128523 -0.120252  0.729951   0.267744 -0.0949226   0.681412
 0.128497 -0.120246  0.729972   0.267781 -0.0946781   0.681393
 0.12847 -0.12024 0.729993   0.267839 -0.0943293   0.681372
 0.128444 -0.120234  0.730015   0.267893 -0.0939805   0.681354
 0.128417 -0.120228  0.730036   0.267917 -0.0937392   0.681344
  0.12839 -0.120222  0.730058   0.267906 -0.0936179   0.681346
 0.128362 -0.120216   0.73008   0.267859 -0.0936177   0.681359
0.128335 -0.12021 0.730102    0.26778 -0.0937271   0.681382
 0.128307 -0.120204  0.730124     0.2677 -0.0938293   0.681408
  0.12828 -0.120197  0.730146   0.267638 -0.0938379   0.681431
 0.128252 -0.120191  0.730169   0.267604 -0.0937222    0.68145
 0.128223 -0.120185  0.730191   0.267597 -0.0934824   0.681465
 0.128195 -0.120178  0.730214    0.26761 -0.0931418   0.681478
 0.128166 -0.120172  0.730237   0.267621 -0.0927978   0.681493
 0.128138 -0.120166   0.73026   0.267603 -0.0925574   0.681516
 0.128109 -0.120159  0.730283    0.26755 -0.0924323   0.681553
  0.12808 -0.120153  0.730307   0.267463 -0.0924243   0.681602
  0.12805 -0.120146   0.73033   0.267346 -0.0925208   0.681661
 0.128021 -0.120139  0.730354   0.267228 -0.0926067   0.681723
 0.127991 -0.120133  0.730378   0.267129 -0.0926024    0.68178
 0.127961 -0.120126  0.730401   0.267058 -0.0924776   0.681833
 0.127931 -0.120119  0.730426   0.267013 -0.0922329   0.681881
 0.127901 -0.120113   0.73045    0.26699 -0.0918915   0.681926
 0.127871 -0.120106  0.730474  0.266967 -0.091542  0.681972
  0.12784 -0.120099  0.730499   0.266916 -0.0912927   0.682027
  0.12781 -0.120092  0.730523   0.266834 -0.0911559   0.682095
 0.127779 -0.120085  0.730548   0.266719 -0.0911343   0.682178
 0.127747 -0.120078  0.730573   0.266576 -0.0912136    0.68227
 0.127716 -0.120071  0.730598   0.266433 -0.0912822   0.682364
 0.127685 -0.120064  0.730623   0.266309 -0.0912627   0.682454
 0.127653 -0.120057  0.730649   0.266212 -0.0911255   0.682538
0.127621 -0.12005 0.730674   0.266143 -0.0908717   0.682617
 0.127589 -0.120043    0.7307   0.266095 -0.0905235   0.682692
 0.127557 -0.120035  0.730726  0.266047 -0.090165  0.682767
 0.127524 -0.120028  0.730752   0.265976 -0.0899043    0.68285
 0.127492 -0.120021  0.730778  0.265873 -0.089755  0.682945
 0.127459 -0.120013  0.730804  0.26574 -0.08972 0.683054
 0.127426 -0.120006  0.730831   0.265579 -0.0897833   0.683173
 0.127393 -0.119999  0.730857   0.265418 -0.0898415   0.683292
  0.12736 -0.119991  0.730884  0.265277 -0.089814  0.683407
 0.127326 -0.119984  0.730911   0.265162 -0.0896722   0.683519
 0.127292 -0.119976  0.730938   0.265076 -0.0894154   0.683629
 0.127259 -0.119968  0.730965  0.265014 -0.089064   0.68374
 0.127225 -0.119961  0.730992 0.264959  -0.0887 0.683857
  0.12719 -0.119953   0.73102   0.264885 -0.0884278   0.683988
 0.127156 -0.119945  0.731047   0.264788 -0.0882606   0.684138
 0.127121 -0.119938  0.731075    0.26467 -0.0882003   0.684307
0.127086 -0.11993 0.731103   0.264534 -0.0882306   0.684491
 0.127051 -0.119922  0.731131   0.264406 -0.0882634    0.68468
 0.127016 -0.119914  0.731159   0.264308 -0.0882111   0.684867
 0.126981 -0.119906  0.731188   0.264245 -0.0880508   0.685049
 0.126945 -0.119898  0.731216   0.264217 -0.0877841   0.685225
 0.12691 -0.11989 0.731245    0.26422 -0.0874348   0.685396
 0.126874 -0.119882  0.731274  0.264231 -0.087103  0.685567
 0.126838 -0.119874  0.731303   0.264228 -0.0868707   0.685744
 0.126801 -0.119866  0.731332  0.264206 -0.086756  0.685932
 0.126765 -0.119858  0.731361   0.264165 -0.0867574    0.68613
 0.126728 -0.119849   0.73139   0.264109 -0.0868563   0.686335
 0.126692 -0.119841   0.73142   0.264065 -0.0869423   0.686537
 0.126655 -0.119833  0.731449    0.26405 -0.0869445   0.686731
 0.126617 -0.119824  0.731479  0.264066 -0.086837  0.686915
  0.12658 -0.119816  0.731509   0.264114 -0.0866228   0.687088
 0.126543 -0.119808  0.731539   0.264189 -0.0863227   0.687252
 0.126505 -0.119799  0.731569   0.264278 -0.0860072    0.68741
 0.126467 -0.119791    0.7316   0.264355 -0.0857837    0.68757
 0.126429 -0.119782   0.73163   0.264416 -0.0856697   0.687735
 0.126391 -0.119774  0.731661   0.264463 -0.0856672   0.687906
 0.126352 -0.119765  0.731692   0.264496 -0.0857617   0.688079
 0.126313 -0.119756  0.731723   0.264538 -0.0858503   0.688245
 0.126275 -0.119748  0.731754   0.264605 -0.0858604   0.688399
 0.126236 -0.119739  0.731785    0.2647 -0.085769  0.688539
0.126196 -0.11973 0.731817   0.264825 -0.0855754   0.688665
 0.126157 -0.119721  0.731848   0.264974 -0.0852958   0.688779
 0.126118 -0.119712   0.73188  0.265135 -0.084996  0.688884
 0.126078 -0.119703  0.731912   0.265284 -0.0847855   0.688988
 0.126038 -0.119694  0.731944   0.265417 -0.0846754   0.689094
 0.125998 -0.119685  0.731976  0.265535 -0.084669  0.689203
 0.125958 -0.119676  0.732008   0.265639 -0.0847566   0.689313
 0.125917 -0.119667  0.732041   0.265749 -0.0848459   0.689415
 0.125877 -0.119658  0.732073   0.265883 -0.0848566   0.689505
 0.125836 -0.119649  0.732106   0.266045 -0.0847661   0.689581
0.125795 -0.11964 0.732139  0.266235 -0.084572  0.689643
 0.125754 -0.119631  0.732172    0.26645 -0.0842912   0.689693
 0.125712 -0.119621  0.732205   0.266672 -0.0839992   0.689735
 0.125671 -0.119612  0.732238   0.266882 -0.0837937   0.689775
 0.125629 -0.119603  0.732271   0.267076 -0.0836823   0.689816
 0.125587 -0.119593  0.732305  0.267255 -0.083667  0.689858
 0.125545 -0.119584  0.732339   0.267421 -0.0837396     0.6899
 0.125503 -0.119574  0.732373   0.267591 -0.0838201   0.689936
 0.125461 -0.119565  0.732407  0.267781 -0.083825  0.689963
 0.125418 -0.119555  0.732441   0.267997 -0.0837299   0.689978
 0.125375 -0.119546  0.732475   0.268239 -0.0835315   0.689981
 0.125333 -0.119536  0.732509   0.268504 -0.0832484   0.689975
 0.125289 -0.119526  0.732544   0.268772 -0.0829649   0.689962
 0.125246 -0.119517  0.732579   0.269029 -0.0827626   0.689949
 0.125203 -0.119507  0.732613  0.269272 -0.082653  0.689938
 0.125159 -0.119497  0.732648   0.269501 -0.0826368   0.689929
 0.125115 -0.119487  0.732684  0.269718 -0.082705   0.68992
 0.125071 -0.119478  0.732719   0.269939 -0.0827761   0.689906
 0.125027 -0.119468  0.732754   0.270181 -0.0827619   0.689883
 0.124983 -0.119458   0.73279   0.270445 -0.0826499   0.689848
 0.124938 -0.119448  0.732825   0.270732 -0.0824381   0.689802
 0.124894 -0.119438  0.732861    0.27104 -0.0821355   0.689745
 0.124849 -0.119428  0.732897   0.271349 -0.0818428   0.689683
 0.124804 -0.119418  0.732933   0.271646 -0.0816328   0.689621
 0.124759 -0.119407  0.732969   0.271929 -0.0815181    0.68956
 0.124713 -0.119397  0.733006   0.272198 -0.0814989     0.6895
 0.124668 -0.119387  0.733042   0.272453 -0.0815661    0.68944
 0.124622 -0.119377  0.733079  0.272709 -0.081638  0.689375
 0.124576 -0.119366  0.733116   0.272984 -0.0816232   0.689299
  0.12453 -0.119356  0.733153   0.273278 -0.0815063   0.689211
 0.124484 -0.119346   0.73319   0.273591 -0.0812862   0.689111
 0.124438 -0.119335  0.733227   0.273923 -0.0809775      0.689
 0.124391 -0.119325  0.733264   0.274255 -0.0806797   0.688884
 0.124344 -0.119314  0.733302   0.274574 -0.0804685   0.688769
 0.124297 -0.119304  0.733339   0.274877 -0.0803565   0.688656
  0.12425 -0.119293  0.733377   0.275164 -0.0803444   0.688545
 0.124203 -0.119283  0.733415   0.275436 -0.0804233   0.688433
 0.124156 -0.119272  0.733453   0.275711 -0.0805035   0.688317
 0.124108 -0.119261  0.733491   0.276001 -0.0805073   0.688191
  0.12406 -0.119251  0.733529   0.276309 -0.0804143   0.688053
0.124013 -0.11924 0.733568   0.276635 -0.0802237   0.687902
 0.123965 -0.119229  0.733606   0.276977 -0.0799521   0.687741
 0.123916 -0.119218  0.733645   0.277321 -0.0796795   0.687575
 0.123868 -0.119207  0.733684   0.277651 -0.0794978    0.68741
 0.123819 -0.119197  0.733723   0.277964 -0.0794185   0.687247
 0.123771 -0.119186  0.733762   0.278259 -0.0794436   0.687086
 0.123722 -0.119175  0.733801   0.278538 -0.0795639   0.686926
 0.123673 -0.119164   0.73384    0.27882 -0.0796737   0.686762
 0.123623 -0.119153   0.73388   0.279117 -0.0797103   0.686588
 0.123574 -0.119142  0.733919    0.27943 -0.0796501   0.686403
0.123525 -0.11913 0.733959   0.279759 -0.0794929   0.686206
 0.123475 -0.119119  0.733999  0.280102 -0.079258  0.686001
 0.123425 -0.119108  0.734039   0.280451 -0.0789995   0.685792
 0.123375 -0.119097  0.734079  0.280787 -0.078815  0.685582
 0.123325 -0.119086  0.734119   0.281105 -0.0787353   0.685376
 0.123274 -0.119074   0.73416   0.281404 -0.0787646   0.685174
 0.123224 -0.119063    0.7342   0.281685 -0.0788944   0.684975
 0.123173 -0.119052  0.734241   0.281967 -0.0790158   0.684774
0.123122 -0.11904 0.734282   0.282262 -0.0790651   0.684567
 0.123071 -0.119029  0.734322   0.282572 -0.0790149   0.684353
  0.12302 -0.119017  0.734364   0.282897 -0.0788658   0.684132
 0.122969 -0.119006  0.734405   0.283236 -0.0786378   0.683906
 0.122917 -0.118994  0.734446   0.283579 -0.0783829   0.683676
 0.122866 -0.118983  0.734487   0.283908 -0.0781996   0.683448
 0.122814 -0.118971  0.734529   0.284218 -0.0781227   0.683224
 0.122762 -0.118959  0.734571   0.284507 -0.0781567   0.683005
  0.12271 -0.118948  0.734612  0.284777 -0.078294  0.682789
 0.122658 -0.118936  0.734654   0.285046 -0.0784282   0.682572
 0.122605 -0.118924  0.734696   0.285327 -0.0784915   0.682351
 0.122553 -0.118912  0.734738   0.285622 -0.0784561   0.682124
   0.1225 -0.118901  0.734781   0.285931 -0.0783213   0.681893
 0.122447 -0.118889  0.734823  0.286253 -0.078106  0.681658
 0.122394 -0.118877  0.734866  0.286579 -0.077858  0.681421
 0.122341 -0.118865  0.734908   0.286892 -0.0776764   0.681186
 0.122287 -0.118853  0.734951   0.287184 -0.0776032   0.680957
 0.122234 -0.118841  0.734994   0.287455 -0.0776438   0.680733
  0.12218 -0.118829  0.735037   0.287705 -0.0777909   0.680513
 0.122126 -0.118817   0.73508   0.287952 -0.0779427   0.680293
 0.122072 -0.118805  0.735123   0.288211 -0.0780252   0.680071
 0.122018 -0.118792  0.735167  0.288483 -0.078008  0.679845
0.121964 -0.11878  0.73521   0.288769 -0.0778878   0.679614
  0.12191 -0.118768  0.735254   0.289067 -0.0776829   0.679379
 0.121855 -0.118756  0.735298   0.289371 -0.0774359   0.679144
   0.1218 -0.118744  0.735341   0.289664 -0.0772489   0.678912
 0.121746 -0.118731  0.735385   0.289936 -0.0771713   0.678685
 0.121691 -0.118719   0.73543   0.290186 -0.0772099   0.678464
 0.121635 -0.118707  0.735474   0.290415 -0.0773584   0.678249
  0.12158 -0.118694  0.735518   0.290638 -0.0775277   0.678036
 0.121525 -0.118682  0.735563   0.290873 -0.0776297   0.677821
 0.121469 -0.118669  0.735607   0.291119 -0.0776321   0.677601
 0.121413 -0.118657  0.735652   0.291379 -0.0775267   0.677378
 0.121357 -0.118644  0.735697    0.29165 -0.0773312   0.677151
 0.121301 -0.118632  0.735742    0.29193 -0.0770811   0.676923
 0.121245 -0.118619  0.735787   0.292201 -0.0768828   0.676699
 0.121189 -0.118606  0.735832   0.292451 -0.0767956   0.676482
 0.121133 -0.118594  0.735877  0.292681 -0.076827  0.676271
 0.121076 -0.118581  0.735922   0.292889 -0.0769721   0.676067
 0.121019 -0.118568  0.735968   0.293089 -0.0771588   0.675866
 0.120962 -0.118555  0.736013   0.293299 -0.0772795   0.675663
 0.120905 -0.118543  0.736059    0.29352 -0.0773007   0.675457
0.120848 -0.11853 0.736105   0.293755 -0.0772096   0.675247
 0.120791 -0.118517  0.736151   0.294001 -0.0770223   0.675033
 0.120733 -0.118504  0.736197   0.294258 -0.0767669   0.674818
 0.120676 -0.118491  0.736243   0.294507 -0.0765558   0.674606
 0.120618 -0.118478  0.736289   0.294738 -0.0764569   0.674401
  0.12056 -0.118465  0.736336   0.294949 -0.0764786   0.674205
 0.120502 -0.118452  0.736382    0.29514 -0.0766173   0.674015
 0.120444 -0.118439  0.736429   0.295319 -0.0768199    0.67383
 0.120386 -0.118426  0.736476   0.295508 -0.0769632   0.673644
 0.120328 -0.118413  0.736522  0.295707 -0.077008  0.673455
0.120269  -0.1184 0.736569   0.295921 -0.0769368   0.673262
  0.12021 -0.118387  0.736616   0.296147 -0.0767629   0.673064
 0.120152 -0.118374  0.736664   0.296385 -0.0765115   0.672865
0.120093 -0.11836 0.736711   0.296619 -0.0762897   0.672669
 0.120034 -0.118347  0.736758   0.296835 -0.0761803    0.67248
 0.119974 -0.118334  0.736806   0.297033 -0.0761925   0.672299
0.119915 -0.11832 0.736853   0.297211 -0.0763242   0.672125
 0.119856 -0.118307  0.736901   0.297376 -0.0765398   0.671957
 0.119796 -0.118294  0.736949   0.297548 -0.0767135   0.671789
0.119736 -0.11828 0.736997   0.297732 -0.0767904   0.671617
 0.119676 -0.118267  0.737044   0.29793 -0.076748  0.671442
 0.119616 -0.118253  0.737093   0.298143 -0.0765953   0.671262
0.119556 -0.11824 0.737141   0.298367 -0.0763555    0.67108
 0.119496 -0.118226  0.737189   0.298591 -0.0761293   0.670899
 0.119436 -0.118213  0.737237   0.298798 -0.0760144   0.670725
 0.119375 -0.118199  0.737286   0.298987 -0.0760214   0.670559
 0.119315 -0.118186  0.737335   0.299158 -0.0761495   0.670401
 0.119254 -0.118172  0.737383   0.299315 -0.0763723   0.670248
 0.119193 -0.118159  0.737432   0.299477 -0.0765633   0.670095
 0.119132 -0.118145  0.737481   0.299652 -0.0766579   0.669939
 0.119071 -0.118131   0.73753  0.299842 -0.076631  0.669778
  0.11901 -0.118117  0.737579   0.300048 -0.0764886   0.669613
 0.118949 -0.118104  0.737628   0.300267 -0.0762537   0.669445
0.118887 -0.11809 0.737677   0.300487 -0.0760235   0.669278
 0.118826 -0.118076  0.737727   0.300691 -0.0759043   0.669117
 0.118764 -0.118062  0.737776   0.300877 -0.0759073   0.668964
 0.118702 -0.118048  0.737826   0.301047 -0.0760325   0.668819
  0.11864 -0.118034  0.737875   0.301201 -0.0762614   0.668679
0.118578 -0.11802 0.737925    0.30136 -0.0764667   0.668538
 0.118516 -0.118007  0.737975   0.301531 -0.0765757   0.668394
 0.118454 -0.117993  0.738025   0.301719 -0.0765607   0.668245
 0.118391 -0.117979  0.738075   0.301924 -0.0764261   0.668092
 0.118329 -0.117964  0.738125   0.302142 -0.0761949   0.667935
0.118266 -0.11795 0.738175   0.302363 -0.0759552   0.667778
 0.118203 -0.117936  0.738226  0.302568 -0.075826  0.667626
  0.11814 -0.117922  0.738276   0.302758 -0.0758193   0.667482
 0.118077 -0.117908  0.738327    0.30293 -0.0759365   0.667345
 0.118014 -0.117894  0.738377   0.303086 -0.0761668   0.667214
0.117951 -0.11788 0.738428   0.303245 -0.0763834   0.667082
 0.117888 -0.117866  0.738479   0.303418 -0.0765054   0.666946
 0.117824 -0.117851   0.73853   0.303607 -0.0765021   0.666806
 0.117761 -0.117837   0.73858   0.303813 -0.0763755    0.66666
 0.117697 -0.117823  0.738631   0.304033 -0.0761486   0.666511
 0.117633 -0.117809  0.738683   0.304259 -0.0758994    0.66636
  0.11757 -0.117794  0.738734    0.30447 -0.0757544   0.666215
0.117506 -0.11778 0.738785  0.304666 -0.075732  0.666076
 0.117442 -0.117765  0.738836   0.304845 -0.0758351   0.665943
 0.117377 -0.117751  0.738888   0.305008 -0.0760537   0.665817
 0.117313 -0.117737  0.738939   0.305174 -0.0762627   0.665689
 0.117249 -0.117722  0.738991   0.305353 -0.0763801   0.665558
 0.117184 -0.117708  0.739043  0.305549 -0.076375  0.665422
  0.11712 -0.117693  0.739095   0.305761 -0.0762478   0.665281
 0.117055 -0.117679  0.739146   0.305988 -0.0760212   0.665135
  0.11699 -0.117664  0.739198   0.306219 -0.0757761   0.664988
0.116925 -0.11765  0.73925   0.306436 -0.0756378   0.664846
  0.11686 -0.117635  0.739303   0.306637 -0.0756222    0.66471
0.116795 -0.11762 0.739355   0.306823 -0.0757322   0.664581
  0.11673 -0.117606  0.739407   0.306992 -0.0759574   0.664456
 0.116665 -0.117591  0.739459   0.307164 -0.0761731    0.66433
 0.116599 -0.117576  0.739512    0.30735 -0.0762952   0.664199
 0.116534 -0.117562  0.739564   0.307553 -0.0762931   0.664063
 0.116468 -0.117547  0.739617   0.307773 -0.0761671   0.663922
 0.116403 -0.117532  0.739669   0.308006 -0.0759403   0.663776
 0.116337 -0.117518  0.739722   0.308245 -0.0756936   0.663629
 0.116271 -0.117503  0.739775   0.308469 -0.0755537   0.663486
 0.116205 -0.117488  0.739828   0.308679 -0.0755368   0.663349
 0.116139 -0.117473  0.739881   0.308872 -0.0756456   0.663218
 0.116073 -0.117458  0.739934 0.309049 -0.07587 0.663091
 0.116007 -0.117443  0.739987    0.30923 -0.0760853   0.662963
  0.11594 -0.117429   0.74004  0.309424 -0.076207  0.662831
 0.115874 -0.117414  0.740093   0.309635 -0.0762044   0.662693
 0.115807 -0.117399  0.740147   0.309863 -0.0760779   0.662549
 0.115741 -0.117384    0.7402   0.310105 -0.0758502     0.6624
 0.115674 -0.117369  0.740254   0.310352 -0.0756061    0.66225
 0.115607 -0.117354  0.740307   0.310584 -0.0754725   0.662104
 0.115541 -0.117339  0.740361     0.3108 -0.0754619   0.661963
 0.115474 -0.117324  0.740414   0.311001 -0.0755768   0.661828
 0.115407 -0.117309  0.740468   0.311187 -0.0758066   0.661697
 0.115339 -0.117294  0.740522   0.311375 -0.0760265   0.661565
 0.115272 -0.117279  0.740576   0.311578 -0.0761509   0.661427
 0.115205 -0.117264   0.74063   0.311797 -0.0761492   0.661284
 0.115138 -0.117248  0.740684  0.312034 -0.076022  0.661134
  0.11507 -0.117233  0.740738   0.312285 -0.0757925    0.66098
 0.115003 -0.117218  0.740792    0.31254 -0.0755482   0.660824
 0.114935 -0.117203  0.740846   0.312781 -0.0754144   0.660672
 0.114867 -0.117188    0.7409   0.313006 -0.0754038   0.660525
   0.1148 -0.117173  0.740955   0.313215 -0.0755188   0.660383
 0.114732 -0.117157  0.741009   0.313409 -0.0757487   0.660246
 0.114664 -0.117142  0.741064   0.313606 -0.0759699   0.660106
 0.114596 -0.117127  0.741118   0.313817 -0.0760952   0.659962
 0.114528 -0.117112  0.741173   0.314045 -0.0760938   0.659811
  0.11446 -0.117096  0.741227   0.314289 -0.0759663   0.659655
 0.114392 -0.117081  0.741282   0.314549 -0.0757358   0.659494
 0.114323 -0.117066  0.741337   0.314811 -0.0754933   0.659331
0.114255 -0.11705 0.741391    0.31506 -0.0753613   0.659172
 0.114187 -0.117035  0.741446   0.315292 -0.0753524   0.659018
0.114118 -0.11702 0.741501   0.315509 -0.0754691   0.658869
  0.11405 -0.117004  0.741556    0.31571 -0.0757004   0.658723
 0.113981 -0.116989  0.741611   0.315914 -0.0759233   0.658576
 0.113912 -0.116973  0.741666   0.316132 -0.0760495   0.658424
 0.113843 -0.116958  0.741721   0.316366 -0.0760484   0.658266
 0.113775 -0.116943  0.741777   0.316618 -0.0759204   0.658102
 0.113706 -0.116927  0.741832   0.316884 -0.0756885   0.657933
 0.113637 -0.116912  0.741887   0.317154 -0.0754485   0.657762
 0.113568 -0.116896  0.741943   0.317408 -0.0753187   0.657595
 0.113499 -0.116881  0.741998   0.317647 -0.0753121   0.657433
 0.113429 -0.116865  0.742053   0.317869 -0.0754307   0.657275
 0.11336 -0.11685 0.742109   0.318076 -0.0756636   0.657122
 0.113291 -0.116834  0.742164   0.318285 -0.0758884   0.656966
 0.113222 -0.116819   0.74222   0.318508 -0.0760157   0.656806
 0.113152 -0.116803  0.742276   0.318749 -0.0760151   0.656639
 0.113083 -0.116787  0.742331   0.319006 -0.0758867   0.656467
 0.113013 -0.116772  0.742387   0.319278 -0.0756538   0.656289
 0.112944 -0.116756  0.742443   0.319552 -0.0754167    0.65611
 0.112874 -0.116741  0.742499   0.319811 -0.0752898   0.655935
 0.112804 -0.116725  0.742555  0.320054 -0.075286  0.655764
 0.112735 -0.116709  0.742611   0.320281 -0.0754068   0.655598
 0.112665 -0.116694  0.742667   0.320492 -0.0756415   0.655436
 0.112595 -0.116678  0.742723   0.320705 -0.0758683   0.655271
 0.112525 -0.116662  0.742779   0.320932 -0.0759968   0.655102
 0.112455 -0.116646  0.742835   0.321176 -0.0759968   0.654927
 0.112385 -0.116631  0.742891   0.321438 -0.0758682   0.654745
 0.112315 -0.116615  0.742947   0.321714 -0.0756342   0.654559
 0.112245 -0.116599  0.743003   0.321991 -0.0754007   0.654371
 0.112175 -0.116584  0.743059   0.322253 -0.0752771   0.654187
 0.112104 -0.116568  0.743116   0.322499 -0.0752765   0.654008
 0.112034 -0.116552  0.743172   0.322729 -0.0754001   0.653833
 0.111964 -0.116536  0.743228   0.322943 -0.0756369   0.653662
0.111894 -0.11652 0.743285  0.323159 -0.075866  0.653489
 0.111823 -0.116505  0.743341   0.323388 -0.0759958   0.653311
 0.111753 -0.116489  0.743398   0.323635 -0.0759965   0.653126
 0.111682 -0.116473  0.743454   0.323899 -0.0758679   0.652936
 0.111612 -0.116457  0.743511   0.324178 -0.0756329   0.652741
 0.111541 -0.116441  0.743568   0.324456 -0.0754035   0.652545
  0.11147 -0.116426  0.743624    0.32472 -0.0752838   0.652352
  0.1114 -0.11641 0.743681   0.324968 -0.0752871   0.652164
 0.111329 -0.116394  0.743737     0.3252 -0.0754139   0.651981
 0.111258 -0.116378  0.743794   0.325415 -0.0756535   0.651801
 0.111188 -0.116362  0.743851   0.325633 -0.0758854   0.651619
 0.111117 -0.116346  0.743908   0.325864 -0.0760168   0.651431
0.111046 -0.11633 0.743965   0.326112 -0.0760184   0.651238
 0.110975 -0.116314  0.744021   0.326377 -0.0758898   0.651039
 0.110904 -0.116298  0.744078   0.326657 -0.0756541   0.650835
 0.110833 -0.116283  0.744135  0.326937 -0.075429   0.65063
 0.110762 -0.116267  0.744192   0.327201 -0.0753137   0.650429
 0.110691 -0.116251  0.744249    0.32745 -0.0753214   0.650232
  0.11062 -0.116235  0.744306   0.327682 -0.0754523   0.650039
 0.110549 -0.116219  0.744363   0.327898 -0.0756953    0.64985
 0.110478 -0.116203   0.74442   0.328116 -0.0759307   0.649659
 0.110407 -0.116187  0.744477   0.328348 -0.0760644   0.649463
 0.110335 -0.116171  0.744534   0.328596 -0.0760672   0.649261
 0.110264 -0.116155  0.744591   0.328862 -0.0759388   0.649053
 0.110193 -0.116139  0.744648   0.329143 -0.0757024    0.64884
 0.110122 -0.116123  0.744706   0.329423 -0.0754781   0.648626
  0.11005 -0.116107  0.744763   0.329687 -0.0753637   0.648415
 0.109979 -0.116091   0.74482   0.329936 -0.0753726   0.648209
 0.109908 -0.116075  0.744877   0.330169 -0.0755049   0.648008
 0.109836 -0.116059  0.744934   0.330385 -0.0757496   0.647809
 0.109765 -0.116043  0.744992  0.330602 -0.075991  0.647609
 0.109694 -0.116027  0.745049   0.330833 -0.0761302   0.647404
 0.109622 -0.116011  0.745106  0.331081 -0.076138  0.647193
 0.109551 -0.115995  0.745163   0.331347 -0.0760132   0.646976
 0.109479 -0.115979  0.745221  0.331627 -0.075779  0.646754
 0.109408 -0.115963  0.745278   0.331906 -0.0755571   0.646532
 0.109336 -0.115947  0.745335   0.332171 -0.0754451   0.646312
 0.109265 -0.115931  0.745393   0.332419 -0.0754568   0.646097
 0.109193 -0.115915   0.74545   0.332651 -0.0755923   0.645887
 0.109122 -0.115898  0.745508   0.332866 -0.0758407   0.645679
  0.10905 -0.115882  0.745565   0.333082 -0.0760894    0.64547
 0.108978 -0.115866  0.745622   0.333313 -0.0762353   0.645256
0.108907 -0.11585  0.74568   0.333559 -0.0762491   0.645036
 0.108835 -0.115834  0.745737   0.333824 -0.0761287    0.64481
 0.108764 -0.115818  0.745795   0.334104 -0.0758975   0.644579
 0.108692 -0.115802  0.745852   0.334382 -0.0756783   0.644348
  0.10862 -0.115786  0.745909  0.334645 -0.075568   0.64412
0.108549 -0.11577 0.745967   0.334892 -0.0755805   0.643897
 0.108477 -0.115754  0.746024   0.335123 -0.0757153   0.643678
 0.108405 -0.115738  0.746082   0.335338 -0.0759611   0.643464
 0.108334 -0.115722  0.746139   0.335553 -0.0762102   0.643249
 0.108262 -0.115706  0.746197   0.335782 -0.0763538    0.64303
  0.10819 -0.115689  0.746254   0.336027 -0.0763632   0.642808
 0.108118 -0.115673  0.746312    0.33629 -0.0762353   0.642581
 0.108047 -0.115657  0.746369   0.336569 -0.0759932   0.642352
 0.107975 -0.115641  0.746427   0.336846 -0.0757667   0.642125
 0.107903 -0.115625  0.746484    0.33711 -0.0756427   0.641903
 0.107832 -0.115609  0.746542   0.337358 -0.0756343   0.641689
  0.10776 -0.115593  0.746599   0.337591 -0.0757411   0.641482
 0.107688 -0.115577  0.746657   0.337809 -0.0759536   0.641281
 0.107616 -0.115561  0.746714   0.338022 -0.0762001   0.641083
 0.107545 -0.115545  0.746772   0.338247 -0.0763654   0.640884
 0.107473 -0.115529  0.746829   0.338487 -0.0764042   0.640681
 0.107401 -0.115512  0.746887   0.338745 -0.0763071   0.640474
  0.10733 -0.115496  0.746944   0.339019 -0.0760915   0.640264
0.107258 -0.11548 0.747002   0.339295 -0.0758744   0.640056
 0.107186 -0.115464  0.747059   0.339557 -0.0757543   0.639855
 0.107115 -0.115448  0.747117   0.339805 -0.0757449    0.63966
 0.107043 -0.115432  0.747174   0.340038 -0.0758474   0.639473
 0.106971 -0.115416  0.747232   0.340256 -0.0760524   0.639291
  0.1069  -0.1154 0.747289   0.340469 -0.0762977   0.639113
 0.106828 -0.115384  0.747347   0.340693 -0.0764723   0.638934
 0.106756 -0.115368  0.747404   0.340934 -0.0765224   0.638752
 0.106685 -0.115352  0.747461   0.341193 -0.0764363   0.638565
 0.106613 -0.115336  0.747519   0.341468 -0.0762319   0.638376
 0.106541 -0.115319  0.747576  0.341746 -0.076017  0.638186
  0.10647 -0.115303  0.747634   0.342011 -0.0758952   0.638003
 0.106398 -0.115287  0.747691   0.342262 -0.0758802   0.637825
 0.106327 -0.115271  0.747749   0.342498 -0.0759743   0.637655
 0.106255 -0.115255  0.747806   0.342719 -0.0761677    0.63749
 0.106184 -0.115239  0.747863   0.342935 -0.0764085   0.637326
 0.106112 -0.115223  0.747921   0.343162 -0.0765893    0.63716
 0.106041 -0.115207  0.747978   0.343408 -0.0766507   0.636987
 0.105969 -0.115191  0.748035   0.343674 -0.0765789   0.636809
 0.105898 -0.115175  0.748093   0.343958 -0.0763879   0.636624
 0.105826 -0.115159   0.74815    0.34425 -0.0761708   0.636436
 0.105755 -0.115143  0.748207    0.34453 -0.0760409   0.636252
 0.105683 -0.115127  0.748264   0.344796 -0.0760134   0.636074
 0.105612 -0.115111  0.748322   0.345048 -0.0760926   0.635903
 0.105541 -0.115095  0.748379   0.345286 -0.0762681   0.635736
 0.105469 -0.115079  0.748436   0.345518 -0.0764991   0.635569
 0.105398 -0.115063  0.748493   0.345759 -0.0766826   0.635396
 0.105327 -0.115047   0.74855   0.346021 -0.0767489   0.635215
 0.105256 -0.115031  0.748607   0.346305 -0.0766844   0.635022
 0.105184 -0.115015  0.748664   0.346611 -0.0764972   0.634821
 0.105113 -0.114999  0.748722   0.346925 -0.0762696   0.634616
 0.105042 -0.114983  0.748779  0.347228 -0.076125  0.634414
 0.104971 -0.114967  0.748836 0.347518 -0.07608 0.634219
   0.1049 -0.114951  0.748893   0.347792 -0.0761422   0.634032
 0.104829 -0.114935   0.74895   0.348053 -0.0762995   0.633852
 0.104758 -0.114919  0.749007   0.348306 -0.0765214   0.633673
 0.104687 -0.114903  0.749063   0.348567 -0.0767043    0.63349
 0.104616 -0.114887   0.74912 0.348849 -0.07677 0.633296
 0.104545 -0.114871  0.749177   0.349153 -0.0767052   0.633089
 0.104474 -0.114856  0.749234    0.34948 -0.0765147   0.632869
0.104403 -0.11484 0.749291   0.349818 -0.0762704   0.632642
 0.104332 -0.114824  0.749348  0.350146 -0.076102  0.632418
 0.104261 -0.114808  0.749404   0.350461 -0.0760306   0.632204
 0.104191 -0.114792  0.749461    0.35076 -0.0760668   0.632005
  0.10412 -0.114776  0.749518  0.351047 -0.076199  0.631814
0.104049 -0.11476 0.749574   0.351323 -0.0764079   0.631623
 0.103979 -0.114744  0.749631   0.351608 -0.0765866   0.631425
 0.103908 -0.114729  0.749688 0.351913 -0.07665 0.631209
 0.103838 -0.114713  0.749744   0.352242 -0.0765831   0.630975
 0.103767 -0.114697  0.749801   0.352594 -0.0763898   0.630723
 0.103697 -0.114681  0.749857   0.352961 -0.0761232   0.630461
 0.103626 -0.114665  0.749914   0.353323 -0.0759129   0.630199
0.103556 -0.11465  0.74997   0.353672 -0.0757988   0.629948
 0.103486 -0.114634  0.750027   0.354004 -0.0757958   0.629713
 0.103415 -0.114618  0.750083  0.354322 -0.075895   0.62949
 0.103345 -0.114602  0.750139   0.354628 -0.0760808   0.629271
 0.103275 -0.114587  0.750195   0.354939 -0.0762529   0.629046
 0.103205 -0.114571  0.750252    0.35527 -0.0763093   0.628806
 0.103135 -0.114555  0.750308   0.355623 -0.0762386   0.628544
 0.103065 -0.114539  0.750364      0.356 -0.0760402   0.628263
 0.102995 -0.114524   0.75042   0.356392 -0.0757509   0.627968
 0.102925 -0.114508  0.750476   0.356782 -0.0754978   0.627674
 0.102855 -0.114492  0.750532   0.357158 -0.0753414   0.627389
 0.102785 -0.114477  0.750588   0.357518 -0.0752997   0.627121
 0.102715 -0.114461  0.750644   0.357862 -0.0753671   0.626868
 0.102646 -0.114445    0.7507   0.358194 -0.0755286   0.626621
0.102576 -0.11443 0.750756   0.358528 -0.0756845   0.626369
 0.102507 -0.114414  0.750812   0.358881 -0.0757262   0.626101
 0.102437 -0.114398  0.750867   0.359256 -0.0756399   0.625811
 0.102368 -0.114383  0.750923   0.359652 -0.0754242     0.6255
 0.102298 -0.114367  0.750979   0.360064 -0.0751134   0.625175
 0.102229 -0.114352  0.751034   0.360473 -0.0748357    0.62485
 0.102159 -0.114336   0.75109   0.360868 -0.0746583   0.624535
  0.10209 -0.114321  0.751145   0.361246 -0.0745988   0.624239
 0.102021 -0.114305  0.751201   0.361608 -0.0746532   0.623959
0.101952 -0.11429 0.751256   0.361957 -0.0748062   0.623686
 0.101883 -0.114274  0.751311   0.362309 -0.0749528   0.623409
 0.101814 -0.114259  0.751367   0.362681 -0.0749807   0.623116
 0.101745 -0.114243  0.751422   0.363075 -0.0748764     0.6228
 0.101676 -0.114228  0.751477   0.363492 -0.0746393   0.622461
 0.101608 -0.114212  0.751532   0.363927 -0.0742999   0.622109
 0.101539 -0.114197  0.751587  0.364359 -0.073991  0.621757
  0.10147 -0.114182  0.751642   0.364777 -0.0737869   0.621417
 0.101402 -0.114166  0.751697   0.365178 -0.0737061   0.621096
 0.101333 -0.114151  0.751752  0.365563 -0.073745  0.620792
 0.101265 -0.114135  0.751807   0.365934 -0.0738878   0.620496
0.101196 -0.11412 0.751862  0.366307 -0.074026  0.620196
 0.101128 -0.114105  0.751917     0.3667 -0.0740474    0.61988
  0.10106 -0.114089  0.751971   0.367115 -0.0739333   0.619539
 0.100992 -0.114074  0.752026   0.367552 -0.0736829   0.619174
 0.100924 -0.114059  0.752081   0.368007 -0.0733181   0.618793
 0.100856 -0.114044  0.752135   0.368461 -0.0729741   0.618413
 0.100788 -0.114028   0.75219   0.368901 -0.0727369   0.618043
  0.10072 -0.114013  0.752244   0.369323 -0.0726267   0.617694
 0.100652 -0.113998  0.752298  0.369729 -0.072642  0.617363
 0.100585 -0.113983  0.752353   0.370121 -0.0727668   0.617042
 0.100517 -0.113968  0.752407   0.370512 -0.0729027   0.616718
  0.10045 -0.113953  0.752461    0.37092 -0.0729248   0.616378
 0.100382 -0.113937  0.752515    0.37135 -0.0728132   0.616013
 0.100315 -0.113922  0.752569   0.371801 -0.0725643   0.615623
 0.100247 -0.113907  0.752623   0.372269 -0.0721965   0.615216
  0.10018 -0.113892  0.752677   0.372737 -0.0718401   0.614807
 0.100113 -0.113877  0.752731   0.373191 -0.0715905   0.614408
 0.100046 -0.113862  0.752784   0.373628 -0.0714684   0.614028
0.0999792 -0.113847  0.752838   0.374048 -0.0714736   0.613665
0.0999124 -0.113832  0.752892   0.374454 -0.0715903   0.613312
0.0998456 -0.113817  0.752945   0.374859 -0.0717182   0.612957
0.0997789 -0.113802  0.752999    0.37528 -0.0717322   0.612586
0.0997124 -0.113787  0.753052   0.375721 -0.0716124   0.612191
0.0996459 -0.113772  0.753105   0.376182 -0.0713551   0.611771
0.0995794 -0.113757  0.753158    0.37666 -0.0709781   0.611334
0.0995131 -0.113742  0.753212   0.377137 -0.0706124   0.610894
0.0994469 -0.113728  0.753265    0.3776 -0.070355  0.610464
0.0993808 -0.113713  0.753318   0.378047 -0.0702261   0.610052
0.0993147 -0.113698  0.753371   0.378477 -0.0702257   0.609656
0.0992488 -0.113683  0.753424   0.378892 -0.0703378    0.60927
0.0991829 -0.113668  0.753476   0.379307 -0.0704574   0.608881
0.0991171 -0.113654  0.753529   0.379737 -0.0704619   0.608476
0.0990515 -0.113639  0.753582   0.380186 -0.0703315   0.608047
0.0989859 -0.113624  0.753634   0.380654 -0.0700632   0.607593
0.0989204 -0.113609  0.753687   0.381138 -0.0696741   0.607123
 0.098855 -0.113595  0.753739   0.381621 -0.0692966   0.606651
0.0987897  -0.11358  0.753792    0.38209 -0.0690288   0.606187
0.0987245 -0.113565  0.753844  0.382543 -0.068891  0.605741
0.0986594 -0.113551  0.753896    0.38298 -0.0688827   0.605311
0.0985944 -0.113536  0.753948   0.383402 -0.0689883    0.60489
0.0985296 -0.113522     0.754   0.383822 -0.0691026   0.604466
0.0984648 -0.113507  0.754052   0.384258 -0.0691011   0.604026
0.0984001 -0.113493  0.754104   0.384711 -0.0689637   0.603562
0.0983355 -0.113478  0.754156   0.385182 -0.0686871   0.603073
 0.098271 -0.113464  0.754208   0.385669 -0.0682881   0.602568
0.0982066 -0.113449  0.754259   0.386154 -0.0679009   0.602061
0.0981424 -0.113435  0.754311   0.386625 -0.0676239   0.601562
0.0980782  -0.11342  0.754362    0.38708 -0.0674777    0.60108
0.0980141 -0.113406  0.754414   0.387521 -0.0674617   0.600615
0.0979502 -0.113392  0.754465   0.387946 -0.0675605   0.600158
0.0978863 -0.113377  0.754516    0.38837 -0.0676712   0.599698
0.0978226 -0.113363  0.754567   0.388808 -0.0676651   0.599223
0.0977589 -0.113349  0.754618   0.389263 -0.0675222   0.598723
0.0976954 -0.113334  0.754669   0.389734 -0.0672387     0.5982
0.097632 -0.11332  0.75472    0.39022 -0.0668315    0.59766
0.0975687 -0.113306  0.754771   0.390704 -0.0664362   0.597117
0.0975055 -0.113292  0.754821   0.391175 -0.0661516   0.596582
0.0974424 -0.113278  0.754872   0.391631 -0.0659983   0.596065
0.0973794 -0.113264  0.754922   0.392073 -0.0659757   0.595563
0.0973165 -0.113249  0.754973     0.3925 -0.0660687    0.59507
0.0972538 -0.113235  0.755023   0.392925 -0.0661764   0.594573
0.0971912 -0.113221  0.755073   0.393364 -0.0661672   0.594062
0.0971286 -0.113207  0.755124 0.393818 -0.06602 0.593527
0.0970662 -0.113193  0.755174   0.394288 -0.0657305   0.592968
0.0970039 -0.113179  0.755224   0.394772 -0.0653157   0.592393
0.0969418 -0.113165  0.755273   0.395254 -0.0649132   0.591815
0.0968797 -0.113151  0.755323   0.395723 -0.0646217   0.591245
0.0968178 -0.113138  0.755373   0.396178 -0.0644617   0.590692
 0.096756 -0.113124  0.755422  0.396619 -0.064433  0.590154
0.0966943  -0.11311  0.755472   0.397047 -0.0645203   0.589624
0.0966327 -0.113096  0.755521   0.397471 -0.0646257   0.589091
0.0965712 -0.113082   0.75557  0.397908 -0.064618  0.588544
0.0965099 -0.113068   0.75562   0.398359 -0.0644711   0.587974
0.0964487 -0.113055  0.755669   0.398825 -0.0641804    0.58738
0.0963876 -0.113041  0.755718   0.399305 -0.0637619   0.586769
0.0963266 -0.113027  0.755767   0.399782 -0.0633553   0.586156
0.0962657 -0.113014  0.755815   0.400246 -0.0630595    0.58555
0.096205   -0.113 0.755864   0.400698 -0.0628952    0.58496
0.0961444 -0.112986  0.755913  0.401136 -0.062862  0.584385
0.0960839 -0.112973  0.755961   0.401562 -0.0629451   0.583819
0.0960236 -0.112959   0.75601   0.401984 -0.0630482    0.58325
0.0959634 -0.112946  0.756058   0.402417 -0.0630407   0.582666
0.0959033 -0.112932  0.756106   0.402864 -0.0628928   0.582061
0.0958433 -0.112919  0.756154   0.403324 -0.0625994   0.581431
0.0957835 -0.112905  0.756202   0.403796 -0.0621763   0.580786
0.0957237 -0.112892   0.75625   0.404267 -0.0617646   0.580137
0.0956642 -0.112879  0.756298  0.404725 -0.061464  0.579496
0.0956047 -0.112865  0.756345   0.405171 -0.0612949   0.578871
0.0955454 -0.112852  0.756393   0.405604 -0.0612574    0.57826
0.0954862 -0.112839   0.75644   0.406026 -0.0613365   0.577657
0.0954271 -0.112826  0.756488   0.406443 -0.0614389   0.577053
0.0953682 -0.112812  0.756535  0.406871 -0.061434  0.576434
0.0953094 -0.112799  0.756582    0.40731 -0.0612876   0.575793
0.0952508 -0.112786  0.756629   0.407762 -0.0609941   0.575129
0.0951922 -0.112773  0.756676   0.408226 -0.0605688   0.574449
0.0951338  -0.11276  0.756723   0.408687 -0.0601543   0.573766
0.0950756 -0.112747   0.75677   0.409137 -0.0598509    0.57309
0.0950175 -0.112734  0.756816   0.409575 -0.0596789   0.572429
0.0949595 -0.112721  0.756863   0.410001 -0.0596385   0.571784
0.0949016 -0.112708  0.756909   0.410416 -0.0597152   0.571146
0.0948439 -0.112695  0.756955   0.410827 -0.0598167   0.570506
0.0947863 -0.112682  0.757002   0.411246 -0.0598135   0.569852
0.0947289 -0.112669  0.757048   0.411677 -0.0596676   0.569177
0.0946716 -0.112656  0.757094   0.412119 -0.0593733   0.568479
0.0946144 -0.112643  0.757139   0.412571 -0.0589454   0.567765
0.0945574  -0.11263  0.757185   0.413022 -0.0585279   0.567048
0.0945006 -0.112618  0.757231   0.413461 -0.0582216   0.566338
0.0944438 -0.112605  0.757276  0.413889 -0.058047  0.565644
0.0943872 -0.112592  0.757322   0.414307 -0.0580043   0.564964
0.0943308 -0.112579  0.757367   0.414713 -0.0580792   0.564291
0.0942745 -0.112567  0.757412   0.415115 -0.0581815   0.563617
0.0942183 -0.112554  0.757457   0.415525 -0.0581829    0.56293
0.0941623 -0.112542  0.757502   0.415945 -0.0580404   0.562222
0.0941064 -0.112529  0.757547   0.416375 -0.0577481   0.561491
0.0940507 -0.112517  0.757591   0.416815 -0.0573201   0.560745
0.0939951 -0.112504  0.757636   0.417252 -0.0569021   0.559995
0.0939396 -0.112492  0.757681   0.417679 -0.0565953   0.559253
0.0938843 -0.112479  0.757725   0.418096 -0.0564203   0.558525
0.0938292 -0.112467  0.757769   0.418503 -0.0563773   0.557812
0.0937742 -0.112455  0.757813     0.4189 -0.0564522   0.557106
0.0937193 -0.112442  0.757857   0.419292 -0.0565565   0.556399
0.0936646  -0.11243  0.757901   0.419691 -0.0565632   0.555679
0.0936101 -0.112418  0.757945   0.420098 -0.0564247   0.554939
0.0935557 -0.112406  0.757988   0.420515 -0.0561348   0.554177
0.0935014 -0.112393  0.758032   0.420941 -0.0557071   0.553399
0.0934473 -0.112381  0.758075   0.421365 -0.0552889   0.552617
0.0933934 -0.112369  0.758119   0.421778 -0.0549822   0.551843
0.0933396 -0.112357  0.758162   0.422183 -0.0548075   0.551084
0.0932859 -0.112345  0.758205  0.422578 -0.054765  0.550339
0.0932324 -0.112333  0.758248   0.422963 -0.0548407     0.5496
0.0931791 -0.112321   0.75829   0.423344 -0.0549492   0.548861
0.0931259 -0.112309  0.758333   0.423729 -0.0549641    0.54811
0.0930728 -0.112297  0.758376   0.424123 -0.0548326   0.547339
0.0930199 -0.112285  0.758418   0.424525 -0.0545481   0.546546
0.0929672 -0.112274   0.75846   0.424935 -0.0541237   0.545737
0.0929146 -0.112262  0.758502   0.425343 -0.0537064   0.544924
0.0928622  -0.11225  0.758544    0.42574 -0.0534007   0.544119
0.0928099 -0.112238  0.758586   0.42613 -0.053227  0.543328
0.0927578 -0.112227  0.758628  0.426511 -0.053186   0.54255
0.0927059 -0.112215   0.75867   0.426883 -0.0532639    0.54178
0.0926541 -0.112203  0.758711    0.42725 -0.0533729   0.541008
0.0926024 -0.112192  0.758753  0.427621 -0.053387  0.540224
0.092551 -0.11218 0.758794     0.428 -0.053254  0.539421
0.0924996 -0.112169  0.758835   0.428386 -0.0529691   0.538598
0.0924485 -0.112157  0.758876   0.428779 -0.0525433   0.537759
0.0923975 -0.112146  0.758917   0.429168 -0.0521252   0.536917
0.0923466 -0.112134  0.758958   0.429549 -0.0518198   0.536082
 0.092296 -0.112123  0.758998   0.429922 -0.0516476    0.53526
0.0922454 -0.112112  0.759039  0.430288 -0.051609  0.534452
0.0921951   -0.1121  0.759079   0.430644 -0.0516903    0.53365
0.0921449 -0.112089   0.75912   0.430996 -0.0518072   0.532848
0.0920948 -0.112078   0.75916  0.431351 -0.051834  0.532035
 0.092045 -0.112067    0.7592   0.431711 -0.0517152   0.531203
0.0919952 -0.112055   0.75924   0.432078 -0.0514456   0.530352
0.0919457 -0.112044  0.759279    0.43245 -0.0510343   0.529487
0.0918963 -0.112033  0.759319   0.432819 -0.0506269   0.528617
0.0918471 -0.112022  0.759358    0.43318 -0.0503314   0.527755
 0.091798 -0.112011  0.759398   0.433534 -0.0501681   0.526905
0.0917491    -0.112  0.759437    0.43388 -0.0501379   0.526067
0.0917004 -0.111989  0.759476   0.434218 -0.0502272   0.525236
0.0916518 -0.111978  0.759515   0.434552 -0.0503525   0.524405
0.0916034 -0.111967  0.759554   0.434887 -0.0503896   0.523563
0.0915552 -0.111957  0.759592   0.435227 -0.0502827   0.522705
0.0915072 -0.111946  0.759631   0.435572 -0.0500264   0.521829
0.0914593 -0.111935  0.759669   0.435922 -0.0496297    0.52094
0.0914115 -0.111924  0.759708   0.436269 -0.0492358   0.520048
 0.091364 -0.111914  0.759746   0.436607 -0.0489536   0.519161
0.0913166 -0.111903  0.759784  0.436938 -0.048803  0.518287
0.0912693 -0.111893  0.759822  0.437263 -0.048785  0.517424
0.0912223 -0.111882  0.759859   0.437579 -0.0488863   0.516568
0.0911754 -0.111871  0.759897   0.437891 -0.0490229   0.515711
0.0911287 -0.111861  0.759934   0.438204 -0.0490728   0.514846
0.0910821 -0.111851  0.759972    0.43852 -0.0489802   0.513965
0.0910357  -0.11184  0.760009    0.43884 -0.0487401   0.513069
0.0909895  -0.11183  0.760046   0.439164 -0.0483604   0.512161
0.0909435 -0.111819  0.760083   0.439485 -0.0479837    0.51125
0.0908976 -0.111809   0.76012   0.439797 -0.0477212   0.510347
0.0908519 -0.111799  0.760156   0.440103 -0.0475901   0.509454
0.0908064 -0.111789  0.760193   0.440402 -0.0475922   0.508572
 0.090761 -0.111778  0.760229   0.440692 -0.0477171   0.507697
0.0907159 -0.111768  0.760265   0.440977 -0.0478743   0.506822
0.0906709 -0.111758  0.760301   0.441262 -0.0479426    0.50594
 0.090626 -0.111748  0.760337    0.44155 -0.0478699   0.505044
0.0905814 -0.111738  0.760373    0.44184 -0.0476516   0.504134
0.0905369 -0.111728  0.760409  0.442133 -0.047296  0.503213
0.0904926 -0.111718  0.760444   0.442422 -0.0469432   0.502291
0.0904484 -0.111708   0.76048   0.442701 -0.0467092   0.501377
0.0904044 -0.111698  0.760515   0.442974 -0.0466107   0.500473
0.0903606 -0.111689   0.76055  0.44324 -0.04665 0.499582
 0.090317 -0.111679  0.760585   0.443497 -0.0468161   0.498697
0.0902736 -0.111669   0.76062   0.443748 -0.0470041   0.497814
0.0902303 -0.111659  0.760655      0.444 -0.0470892   0.496924
0.0901872  -0.11165  0.760689   0.444253 -0.0470342   0.496021
0.0901443  -0.11164  0.760724   0.444506 -0.0468358   0.495105
0.0901016  -0.11163  0.760758  0.444761 -0.046504  0.494181
 0.090059 -0.111621  0.760792   0.445011 -0.0461758   0.493257
0.0900166 -0.111611  0.760826   0.445253 -0.0459723   0.492342
0.0899744 -0.111602   0.76086   0.445487 -0.0459101   0.491438
0.0899324 -0.111593  0.760894   0.445714 -0.0459915   0.490547
0.0898905 -0.111583  0.760927  0.445932 -0.046205  0.489664
0.0898488 -0.111574  0.760961   0.446144 -0.0464355   0.488782
0.0898073 -0.111564  0.760994   0.446356 -0.0465526   0.487894
 0.089766 -0.111555  0.761027   0.446567 -0.0465313   0.486995
0.0897249 -0.111546   0.76106   0.446777 -0.0463691   0.486084
0.0896839 -0.111537  0.761093   0.446989 -0.0460771   0.485166
0.0896431 -0.111528  0.761126   0.447196 -0.0457885    0.48425
0.0896025 -0.111518  0.761158   0.447393 -0.0456299   0.483342
0.0895621 -0.111509   0.76119   0.447583 -0.0456172   0.482448
0.0895218   -0.1115  0.761223   0.447766 -0.0457526   0.481566
0.0894818 -0.111491  0.761255   0.447938 -0.0460238   0.480693
0.0894419 -0.111482  0.761287   0.448106 -0.0462954   0.479823
0.0894022 -0.111474  0.761319  0.448274 -0.046444  0.478946
0.0893626 -0.111465   0.76135    0.44844 -0.0464546    0.47806
0.0893233 -0.111456  0.761382   0.448605 -0.0463263   0.477165
0.0892841 -0.111447  0.761413    0.44877 -0.0460713   0.476264
0.0892451 -0.111438  0.761445   0.448931 -0.0458201   0.475366
0.0892063  -0.11143  0.761476  0.449082 -0.045704  0.474478
0.0891677 -0.111421  0.761507   0.449226 -0.0457391   0.473603
0.0891292 -0.111412  0.761538   0.449363 -0.0459272   0.472743
 0.089091 -0.111404  0.761568   0.449488 -0.0462553   0.471891
0.0890529 -0.111395  0.761599    0.44961 -0.0465712   0.471042
 0.089015 -0.111387  0.761629   0.449731 -0.0467654   0.470189
0.0889772 -0.111378  0.761659    0.44985 -0.0468223   0.469327
0.0889397  -0.11137   0.76169   0.449967 -0.0467426   0.468457
0.0889024 -0.111361  0.761719   0.450085 -0.0465384   0.467584
0.0888652 -0.111353  0.761749   0.450198 -0.0463369   0.466714
0.0888282 -0.111345  0.761779   0.450302 -0.0462697   0.465854
0.0887914 -0.111336  0.761808   0.450398 -0.0463578   0.465008
0.0887547 -0.111328  0.761838   0.450485 -0.0466033   0.464175
0.0887183  -0.11132  0.761867   0.450561 -0.0469866   0.463352
 0.088682 -0.111312  0.761896   0.450634 -0.0473526   0.462534
 0.088646 -0.111304  0.761925  0.450706 -0.047599  0.461712
0.0886101 -0.111296  0.761954   0.450775 -0.0477104   0.460883
0.0885743 -0.111288  0.761982   0.450842 -0.0476876   0.460048
0.0885388  -0.11128  0.762011   0.45091 -0.047543  0.459211
0.0885035 -0.111272  0.762039   0.450975 -0.0473844   0.458379
0.0884683 -0.111264  0.762067   0.451031 -0.0473388   0.457556
0.0884333 -0.111256  0.762096   0.451079 -0.0474516   0.456748
0.0883985 -0.111248  0.762123   0.451119 -0.0477271   0.455954
0.0883639 -0.111241  0.762151   0.451147 -0.0481548   0.455172
0.0883295 -0.111233  0.762179   0.451171 -0.0485707   0.454395
0.0882952 -0.111225  0.762206   0.451194 -0.0488724   0.453617
0.0882612 -0.111217  0.762234   0.451215 -0.0490433   0.452834
0.0882273  -0.11121  0.762261   0.451234 -0.0490837   0.452046
0.0881936 -0.111202  0.762288   0.451253 -0.0490053   0.451257
0.0881601 -0.111195  0.762315   0.451271 -0.0488907   0.450472
0.0881267 -0.111187  0.762341   0.451281 -0.0488612   0.449696
0.0880936  -0.11118  0.762368   0.451281 -0.0489939   0.448935
0.0880606 -0.111172  0.762394   0.451273 -0.0492951   0.448189
0.0880279 -0.111165  0.762421   0.451252 -0.0497581   0.447455
0.0879953 -0.111158  0.762447   0.451227 -0.0502257   0.446729
0.0879629 -0.111151  0.762473   0.451202 -0.0505862   0.446003
0.0879306 -0.111143  0.762499   0.451174 -0.0508219   0.445274
0.0878986 -0.111136  0.762524   0.451144 -0.0509315   0.444542
0.0878667 -0.111129   0.76255   0.451115 -0.0509255    0.44381
0.0878351 -0.111122  0.762575   0.451086 -0.0508582   0.443082
0.0878036 -0.111115    0.7626   0.451051 -0.0508448   0.442363
0.0877723 -0.111108  0.762626   0.451005 -0.0509972   0.441657
0.0877411 -0.111101  0.762651   0.450949 -0.0513244   0.440967
0.0877102 -0.111094  0.762675    0.45088 -0.0518233   0.440291
0.0876795 -0.111087    0.7627   0.450805 -0.0523533   0.439623
0.0876489  -0.11108  0.762724   0.450731 -0.0527838   0.438957
0.0876185 -0.111073  0.762749   0.450655 -0.0530959   0.438291
0.0875883 -0.111067  0.762773   0.450576 -0.0532857   0.437622
0.0875583  -0.11106  0.762797   0.450499 -0.0533631   0.436955
0.0875284 -0.111053  0.762821   0.450424 -0.0533455   0.436293
0.0874988 -0.111046  0.762845   0.450345 -0.0533474   0.435639
0.0874693  -0.11104  0.762868   0.450256 -0.0535008   0.434998
  0.08744 -0.111033  0.762892   0.450154 -0.0538356   0.434374
0.0874109 -0.111027  0.762915    0.45004 -0.0543526   0.433765
0.087382 -0.11102 0.762938   0.449915 -0.0549569   0.433166
0.0873533 -0.111014  0.762961   0.449792 -0.0554798   0.432572
0.0873248 -0.111007  0.762984   0.449667 -0.0558932    0.43198
0.0872964 -0.111001  0.763007    0.44954 -0.0561871   0.431387
0.0872682 -0.110995   0.76303   0.449414 -0.0563694   0.430795
0.0872402 -0.110988  0.763052    0.44929 -0.0564523   0.430207
0.0872124 -0.110982  0.763074   0.449164 -0.0565246   0.429627
0.0871848 -0.110976  0.763097   0.449031 -0.0566881   0.429059
0.0871573  -0.11097  0.763119   0.448884 -0.0570335   0.428507
  0.08713 -0.110964  0.763141   0.448722 -0.0575647    0.42797
0.0871029 -0.110958  0.763162   0.448546 -0.0582341   0.427446
 0.087076 -0.110952  0.763184   0.448368 -0.0588728   0.426928
0.0870493 -0.110946  0.763205  0.448191 -0.059411  0.426415
0.0870228  -0.11094  0.763227   0.448012 -0.0598338   0.425902
0.0869964 -0.110934  0.763248   0.447834 -0.0601438   0.425392
0.0869702 -0.110928  0.763269   0.447659 -0.0603521   0.424886
0.0869443 -0.110922  0.763289   0.447489 -0.0604723   0.424388
0.0869184 -0.110916   0.76331   0.447316 -0.0606102     0.4239
0.0868928  -0.11091  0.763331   0.447132 -0.0608853   0.423428
0.0868674 -0.110905  0.763351   0.446932 -0.0613532   0.422971
0.0868421 -0.110899  0.763371   0.446715 -0.0620148    0.42253
 0.086817 -0.110893  0.763392   0.446487 -0.0627666   0.422101
0.0867921 -0.110888  0.763411   0.446261 -0.0634357   0.421678
0.0867674 -0.110882  0.763431   0.446037 -0.0640015   0.421258
0.0867428 -0.110877  0.763451  0.445815 -0.064454   0.42084
0.0867185 -0.110871  0.763471   0.445595 -0.0648015   0.420426
0.0866943 -0.110866   0.76349    0.44538 -0.0650557   0.420018
0.0866703  -0.11086  0.763509   0.445167 -0.0652773   0.419618
0.0866464 -0.110855  0.763528   0.444948 -0.0655659   0.419231
0.0866228  -0.11085  0.763547   0.444712 -0.0660407   0.418859
0.0865993 -0.110845  0.763566   0.444456 -0.0667121   0.418502
 0.086576 -0.110839  0.763585   0.444181 -0.0675557   0.418159
0.0865529 -0.110834  0.763603   0.443905 -0.0683835   0.417825
  0.08653 -0.110829  0.763622   0.443632 -0.0691184   0.417497
0.0865072 -0.110824   0.76364   0.443363 -0.0697408   0.417172
0.0864846 -0.110819  0.763658   0.443098 -0.0702524    0.41685
0.0864622 -0.110814  0.763676   0.442839 -0.0706647   0.416535
  0.08644 -0.110809  0.763694   0.442587 -0.0709902   0.416227
 0.086418 -0.110804  0.763711   0.442333 -0.0713219   0.415929
0.0863961 -0.110799  0.763729   0.442068 -0.0717672   0.415646
0.0863744 -0.110794  0.763746   0.44178 -0.072413  0.415379
0.0863529 -0.110789  0.763764   0.441468 -0.0732613   0.415128
0.0863316 -0.110784  0.763781   0.441141 -0.0742263    0.41489
0.0863104  -0.11078  0.763798   0.440821 -0.0751162   0.414661
0.0862894 -0.110775  0.763815    0.44051 -0.0758973   0.414437
0.0862686  -0.11077  0.763831   0.440211 -0.0765565   0.414216
0.0862479 -0.110766  0.763848   0.439923 -0.0771044   0.414001
0.0862275 -0.110761  0.763864   0.439647 -0.0775564   0.413794
0.0862072 -0.110757   0.76388   0.439379 -0.0779501   0.413599
0.0861871 -0.110752  0.763897   0.439108 -0.0783891   0.413417
0.0861671 -0.110748  0.763913   0.438818 -0.0789908   0.413254
0.0861474 -0.110743  0.763928  0.438503 -0.079803  0.413109
0.0861278 -0.110739  0.763944   0.438163 -0.0808074   0.412981
0.0861083 -0.110734   0.76396   0.437821 -0.0818223   0.412866
0.0860891  -0.11073  0.763975    0.43749 -0.0827387   0.412761
  0.08607 -0.110726   0.76399   0.437177 -0.0835085   0.412665
0.0860511 -0.110722  0.764006  0.436884 -0.084126  0.412577
0.0860324 -0.110717  0.764021   0.436607 -0.0846136   0.412498
0.0860138 -0.110713  0.764036   0.436343 -0.0850058    0.41243
0.0859954 -0.110709   0.76405   0.436081 -0.0853963   0.412375
0.0859772 -0.110705  0.764065 0.435801 -0.08591 0.412335
0.0859591 -0.110701  0.764079   0.435489 -0.0866486   0.412312
0.0859412 -0.110697  0.764094   0.435141 -0.0876141   0.412305
0.0859235 -0.110693  0.764108   0.434774 -0.0886863   0.412311
0.0859059 -0.110689  0.764122   0.434417 -0.0896638   0.412331
0.0858886 -0.110685  0.764136   0.434075 -0.0904892   0.412369
0.0858713 -0.110681   0.76415   0.433753 -0.0911308   0.412427
0.0858543 -0.110677  0.764163   0.433449 -0.0916061   0.412505
0.0858374 -0.110674  0.764177   0.433158 -0.0919469   0.412599
0.0858207  -0.11067   0.76419   0.432865 -0.0922469   0.412705
0.0858041 -0.110666  0.764204   0.432544 -0.0926558   0.412817
0.0857878 -0.110662  0.764217   0.432178 -0.0932754   0.412931
0.0857715 -0.110659   0.76423   0.431765 -0.0941109   0.413046
0.0857555 -0.110655  0.764243   0.431308 -0.0951253   0.413166
0.0857396 -0.110652  0.764255   0.430844 -0.0960995   0.413298
0.0857239 -0.110648  0.764268   0.430396 -0.0969035   0.413445
0.0857083 -0.110645   0.76428   0.429976 -0.0974878   0.413608
0.0856929 -0.110641  0.764293   0.429586 -0.0978527   0.413787
0.0856776 -0.110638  0.764305   0.429218 -0.0980318   0.413979
0.0856626 -0.110634  0.764317   0.428853 -0.0981456   0.414181
0.0856477 -0.110631  0.764329   0.428452 -0.0983978   0.414391
0.0856329 -0.110628  0.764341   0.428007 -0.0988409   0.414609
0.0856183 -0.110624  0.764353   0.427516 -0.0994863   0.414833
0.0856039 -0.110621  0.764364  0.426983 -0.100294  0.415061
0.0855896 -0.110618  0.764376   0.42644 -0.101104  0.415295
0.0855755 -0.110615  0.764387  0.425922 -0.101723  0.415532
0.0855615 -0.110612  0.764398  0.425442 -0.102105  0.415775
0.0855477 -0.110609  0.764409  0.425001 -0.102244  0.416028
 0.085534 -0.110606   0.76442 0.424598 -0.10218 0.416292
0.0855205 -0.110603  0.764431  0.424195 -0.102121  0.416571
0.0855072   -0.1106  0.764442  0.423764 -0.102221  0.416866
 0.085494 -0.110597  0.764452  0.423297 -0.102534  0.417177
 0.085481 -0.110594  0.764463  0.422793 -0.103056  0.417503
0.0854681 -0.110591  0.764473  0.422261 -0.103742   0.41784
0.0854554 -0.110588  0.764483 0.421728 -0.10444 0.418184
0.0854428 -0.110585  0.764493  0.421237 -0.104934  0.418533
0.0854304 -0.110582  0.764503  0.420799 -0.105173  0.418883
0.0854182  -0.11058  0.764513  0.420417 -0.105147  0.419233
0.0854061 -0.110577  0.764523  0.420091 -0.104857  0.419583
0.0853941 -0.110574  0.764532  0.419765 -0.104602  0.419929
0.0853823 -0.110571  0.764542  0.419419 -0.104498  0.420273
0.0853706 -0.110569  0.764551  0.419039 -0.104616  0.420615
0.0853591 -0.110566   0.76456  0.418626 -0.104948  0.420952
0.0853478 -0.110564   0.76457   0.41819 -0.105455  0.421285
0.0853365 -0.110561  0.764579  0.417741 -0.106069  0.421609
0.0853255 -0.110559  0.764587  0.417317 -0.106606  0.421923
0.0853145 -0.110556  0.764596  0.416954 -0.106897  0.422226
0.0853038 -0.110554  0.764605  0.416658 -0.106918  0.422515
0.0852931 -0.110551  0.764613  0.416429 -0.106686  0.422792
0.0852826 -0.110549  0.764622  0.416229 -0.106388   0.42306
0.0852723 -0.110547   0.76463   0.41602 -0.106215  0.423323
0.0852621 -0.110545  0.764638  0.415788 -0.106237  0.423588
 0.085252 -0.110542  0.764646  0.415527 -0.106474  0.423855
0.0852421  -0.11054  0.764654  0.415243 -0.106899  0.424121
0.0852323 -0.110538  0.764662  0.414946 -0.107456   0.42438
0.0852227 -0.110536   0.76467  0.414663 -0.108002  0.424625
0.0852132 -0.110534  0.764677  0.414434 -0.108342  0.424853
0.0852038 -0.110531  0.764685  0.414271 -0.108434  0.425063
0.0851946 -0.110529  0.764692  0.414173 -0.108282  0.425259
0.0851855 -0.110527    0.7647  0.414113 -0.108014  0.425448
0.0851765 -0.110525  0.764707  0.414042 -0.107869  0.425638
0.0851677 -0.110523  0.764714  0.413947 -0.107918  0.425838
 0.085159 -0.110521  0.764721  0.413819 -0.108192  0.426049
0.0851505 -0.110519  0.764728  0.413661 -0.108669  0.426269
0.0851421 -0.110518  0.764734  0.413482 -0.109296  0.426487
0.0851338 -0.110516  0.764741  0.413314 -0.109911  0.426693
0.0851256 -0.110514  0.764748  0.413196 -0.110316  0.426881
0.0851176 -0.110512  0.764754 0.413138 -0.11048 0.427051
0.0851097  -0.11051   0.76476  0.413138 -0.110406  0.427203
 0.085102 -0.110509  0.764767  0.413176 -0.110191  0.427348
0.0850943 -0.110507  0.764773    0.4132 -0.110081  0.427491
0.0850868 -0.110505  0.764779  0.413191 -0.110162  0.427644
0.0850795 -0.110504  0.764785  0.413141 -0.110474  0.427812
0.0850722 -0.110502  0.764791  0.413052 -0.110997  0.427992
0.0850651   -0.1105  0.764796  0.412934 -0.111678  0.428174
0.0850581 -0.110499  0.764802   0.41282 -0.112346  0.428347
0.0850512 -0.110497  0.764807  0.412753 -0.112807  0.428505
0.0850444 -0.110496  0.764813  0.412742 -0.113022  0.428648
0.0850378 -0.110494  0.764818  0.412788 -0.112992  0.428774
0.0850313 -0.110493  0.764823  0.412876 -0.112788  0.428892
0.0850249 -0.110491  0.764828  0.412952 -0.112661  0.429011
0.0850186  -0.11049  0.764833  0.412995 -0.112715  0.429139
0.0850125 -0.110488  0.764838  0.412992 -0.112996  0.429284
0.0850064 -0.110487  0.764843  0.412948 -0.113492  0.429441
0.0850005 -0.110486  0.764848  0.412871 -0.114152  0.429602
0.0849947 -0.110485  0.764853  0.412788 -0.114839  0.429756
 0.084989 -0.110483  0.764857  0.412747 -0.115343  0.429894
0.0849834 -0.110482  0.764862  0.412761 -0.115604  0.430015
 0.084978 -0.110481  0.764866  0.412833 -0.115615  0.430118
0.0849726  -0.11048   0.76487 0.412951 -0.11543 0.430212
0.0849674 -0.110478  0.764875   0.41306 -0.115299  0.430304
0.0849622 -0.110477  0.764879  0.413134 -0.115341  0.430404
0.0849572 -0.110476  0.764883 0.413162 -0.11561 0.430521
0.0849523 -0.110475  0.764887  0.413144 -0.116098  0.430653
0.0849475 -0.110474  0.764891 0.413089 -0.11676  0.43079
0.0849428 -0.110473  0.764894  0.413016 -0.117497  0.430922
0.0849382 -0.110472  0.764898  0.412974 -0.118097  0.431039
0.0849337 -0.110471  0.764902  0.412988 -0.118458  0.431136
0.0849293  -0.11047  0.764905   0.41306 -0.118566  0.431214
 0.084925 -0.110469  0.764909  0.413186 -0.118454  0.431277
0.0849208 -0.110468  0.764912  0.413314 -0.118339  0.431337
0.0849167 -0.110467  0.764915  0.413409 -0.118384  0.431403
0.0849127 -0.110466  0.764918 0.413455 -0.11865 0.431484
0.0849088 -0.110465  0.764921 0.413452 -0.11914 0.431581
0.0849051 -0.110464  0.764925  0.413406 -0.119817  0.431687
0.0849014 -0.110464  0.764927  0.413333 -0.120602  0.431788
0.0848978 -0.110463   0.76493  0.413283 -0.121275  0.431877
0.0848942 -0.110462  0.764933  0.413287 -0.121718  0.431945
0.0848908 -0.110461  0.764936  0.413352 -0.121908  0.431995
0.0848875  -0.11046  0.764939 0.413471 -0.12187 0.432029
0.0848843  -0.11046  0.764941  0.413607 -0.121763  0.432057
0.0848811 -0.110459  0.764944  0.413709 -0.121804  0.432089
0.0848781 -0.110458  0.764946  0.413762 -0.122055  0.432135
0.0848751 -0.110458  0.764949  0.413761 -0.122536  0.432196
0.0848722 -0.110457  0.764951  0.413711 -0.123214  0.432266
0.0848694 -0.110456  0.764953  0.413627 -0.124023  0.432335
0.0848667 -0.110456  0.764955  0.413563 -0.124737  0.432394
0.0848641 -0.110455  0.764957  0.413551 -0.125228  0.432433
0.0848615 -0.110455  0.764959    0.4136 -0.125467  0.432453
0.0848591 -0.110454  0.764961  0.413705 -0.125472  0.432456
0.0848567 -0.110454  0.764963  0.413841 -0.125352  0.432451
0.0848544 -0.110453  0.764965  0.413945 -0.125356  0.432447
0.0848521 -0.110453  0.764967     0.414 -0.125562  0.432455
  0.08485 -0.110452  0.764969 0.413997   -0.126 0.432479
0.0848479 -0.110452   0.76497  0.413941 -0.126645  0.432514
0.0848459 -0.110451  0.764972  0.413844 -0.127444  0.432549
 0.084844 -0.110451  0.764974   0.41376 -0.128181  0.432576
0.0848421  -0.11045  0.764975  0.413726 -0.128705  0.432587
0.0848403  -0.11045  0.764976 0.413753 -0.12898 0.432576
0.0848386 -0.110449  0.764978  0.413839 -0.129018  0.432546
0.0848369 -0.110449  0.764979  0.413971 -0.128874  0.432508
0.0848353 -0.110449   0.76498  0.414088 -0.128787  0.432468
0.0848338 -0.110448  0.764982  0.414157 -0.128891  0.432439
0.0848323 -0.110448  0.764983 0.414164 -0.12923 0.432425
0.0848309 -0.110448  0.764984  0.414113 -0.129793  0.432423
0.0848296 -0.110447  0.764985  0.414014 -0.130531  0.432425
0.0848283 -0.110447  0.764986 0.413917 -0.13125  0.43242
0.0848271 -0.110447  0.764987  0.413868 -0.131775    0.4324
0.0848259 -0.110447  0.764988  0.413877 -0.132062  0.432359
0.0848248 -0.110446  0.764989  0.413946 -0.132113  0.432298
0.0848238 -0.110446   0.76499  0.414063 -0.131975  0.432226
0.0848228 -0.110446  0.764991  0.414175 -0.131856  0.432153
0.0848218 -0.110446  0.764991  0.414241 -0.131918  0.432087
0.0848209 -0.110446  0.764992  0.414246 -0.132207  0.432034
0.0848201 -0.110445  0.764993  0.414191 -0.132721  0.431995
0.0848193 -0.110445  0.764993  0.414086 -0.133415   0.43196
0.0848185 -0.110445  0.764994  0.413983 -0.134096  0.431921
0.0848178 -0.110445  0.764994  0.413926 -0.134593  0.431869
0.0848172 -0.110445  0.764995  0.413929 -0.134857  0.431797
0.0848166 -0.110445  0.764995  0.413991 -0.134887  0.431706
 0.084816 -0.110444  0.764996  0.414104 -0.134727  0.431604
0.0848154 -0.110444  0.764996  0.414216 -0.134567  0.431498
0.0848149 -0.110444  0.764997  0.414281 -0.134583  0.431398
0.0848145 -0.110444  0.764997  0.414287 -0.134822  0.431309
0.0848141 -0.110444  0.764997  0.414231 -0.135286  0.431232
0.0848137 -0.110444  0.764998  0.414124 -0.135933   0.43116
0.0848133 -0.110444  0.764998  0.414023 -0.136558  0.431085
 0.084813 -0.110444  0.764998  0.413967 -0.137004     0.431
0.0848127 -0.110444  0.764999  0.413972 -0.137221  0.430897
0.0848124 -0.110444  0.764999  0.414037 -0.137211  0.430777
0.0848122 -0.110444  0.764999  0.414151 -0.137014  0.430645
 0.084812 -0.110444  0.764999  0.414272 -0.136794  0.430511
0.0848118 -0.110443  0.764999  0.414346 -0.136749  0.430381
0.0848116 -0.110443  0.764999  0.414359 -0.136924   0.43026
0.0848115 -0.110443     0.765   0.41431 -0.137326   0.43015
0.0848114 -0.110443     0.765  0.414209 -0.137915  0.430043
0.0848113 -0.110443     0.765  0.414115 -0.138475  0.429934
0.0848112 -0.110443     0.765  0.414067 -0.138863  0.429815
0.0848111 -0.110443     0.765  0.414077 -0.139028   0.42968
0.0848111 -0.110443     0.765  0.414148 -0.138972  0.429528
 0.084811 -0.110443     0.765  0.414267 -0.138735  0.429367
 0.084811 -0.110443     0.765  0.414401 -0.138444  0.429203
 0.084811 -0.110443     0.765  0.414495 -0.138301  0.429044
0.0848109 -0.110443     0.765  0.414529 -0.138376  0.428893
0.0848109 -0.110443     0.765    0.4145 -0.138682  0.428753
0.0848109 -0.110443     0.765  0.414416 -0.139185  0.428616
 0.320506 0.0901837  0.489353  0.320506 0.0901837  0.489353
 0.320506 0.0901837  0.489353  0.320747 0.0898287  0.489188
 0.320506 0.0901837  0.489353  0.320954 0.0896376  0.489045
 0.320506 0.0901837  0.489353  0.321129 0.0896109  0.488925
 0.320506 0.0901837  0.489353  0.321353 0.0893381  0.488749
 0.320506 0.0901837  0.489353 0.321631 0.088801 0.488518
 0.320506 0.0901837  0.489353  0.321967 0.0879616  0.488231
 0.320506 0.0901837  0.489354  0.322352 0.0868699  0.487888
 0.320505 0.0901837  0.489354  0.322776 0.0855667  0.487489
 0.320505 0.0901838  0.489354  0.323197 0.0842843  0.487033
 0.320505 0.0901838  0.489355  0.323614 0.0830919  0.486535
 0.320504 0.0901839  0.489355  0.324026 0.0820346  0.486009
 0.320503 0.0901839  0.489356  0.324437 0.0811318  0.485461
0.320503 0.090184 0.489357  0.324849 0.0803926  0.484894
 0.320502 0.0901841  0.489357  0.325263 0.0798166  0.484312
 0.320501 0.0901841  0.489358  0.325683 0.0793961  0.483714
   0.3205 0.0901842   0.48936  0.326129 0.0790104  0.483103
 0.320499 0.0901844  0.489361  0.326619 0.0785476  0.482479
 0.320497 0.0901845  0.489362 0.327156 0.077988 0.481842
 0.320496 0.0901846  0.489364  0.327742 0.0773258  0.481196
 0.320494 0.0901848  0.489366 0.328376 0.076567 0.480542
0.320492 0.090185 0.489368  0.329044 0.0757961  0.479877
  0.32049 0.0901852   0.48937  0.329729 0.0751291  0.479201
 0.320488 0.0901854  0.489372 0.330424 0.074611 0.478512
 0.320485 0.0901856  0.489375  0.331129 0.0742524   0.47781
 0.320483 0.0901858  0.489377 0.331845  0.07405 0.477094
  0.32048 0.0901861   0.48938  0.332593 0.0738795  0.476368
 0.320477 0.0901864  0.489383  0.333389 0.0736302  0.475633
 0.320473 0.0901867  0.489387  0.334237 0.0732807  0.474888
 0.32047 0.090187 0.489391  0.335137 0.0728244  0.474135
 0.320466 0.0901874  0.489395  0.336087 0.0722697  0.473371
 0.320462 0.0901878  0.489399  0.337084 0.0716454  0.472598
 0.320457 0.0901882  0.489403   0.33811 0.0710602  0.471812
 0.320453 0.0901886  0.489408  0.339151 0.0706385  0.471013
 0.320448 0.0901891  0.489413  0.340204 0.0703992  0.470199
 0.320443 0.0901895  0.489419  0.34127 0.070346 0.469371
 0.320437 0.0901901  0.489424  0.342362 0.0703806  0.468531
 0.320431 0.0901906   0.48943  0.343503 0.0703501  0.467679
 0.320425 0.0901912  0.489437  0.344698 0.0702194  0.466817
 0.320419 0.0901918  0.489443  0.345947 0.0699699  0.465945
 0.320412 0.0901924   0.48945  0.34725 0.069606 0.465061
0.320405 0.090193 0.489458  0.348604 0.0691411  0.464166
 0.320397 0.0901937  0.489465   0.34999 0.0687009  0.463256
  0.32039 0.0901944  0.489473  0.351394 0.0684001   0.46233
 0.320381 0.0901952  0.489482  0.352811 0.0682559  0.461387
0.320373 0.090196  0.48949  0.354243 0.0682678  0.460427
 0.320364 0.0901968    0.4895  0.355692 0.0684174  0.459449
 0.320355 0.0901977  0.489509  0.357176 0.0685664  0.458456
 0.320345 0.0901986  0.489519  0.358711 0.0685903  0.457456
 0.320335 0.0901995  0.489529    0.3603 0.0684698  0.456462
 0.320325 0.0902005   0.48954  0.361941 0.0682062  0.455482
 0.320314 0.0902015  0.489551  0.363629 0.0678375  0.454522
 0.320302 0.0902025  0.489563  0.365346 0.0675147  0.453583
 0.320291 0.0902036  0.489575  0.367077 0.0673463  0.452663
 0.320279 0.0902047  0.489588   0.36882 0.0673542  0.451761
 0.320266 0.0902059  0.489601  0.370576 0.0675379  0.450875
 0.320253 0.0902071  0.489614  0.372347 0.0678786  0.450007
  0.32024 0.0902083  0.489628  0.374157 0.0682003  0.449159
 0.320226 0.0902096  0.489642  0.376019 0.0683983  0.448334
 0.320211 0.0902109  0.489657  0.377938 0.0684335  0.447529
 0.320196 0.0902123  0.489672  0.379912 0.0682982  0.446739
 0.320181 0.0902137  0.489688  0.381936 0.0680142  0.445956
 0.320165 0.0902152  0.489704  0.383983 0.0677386  0.445169
 0.320149 0.0902167  0.489721  0.386032 0.0676215  0.444371
 0.320132 0.0902183  0.489739  0.388078 0.0676932  0.443559
 0.320115 0.0902199  0.489756  0.390117 0.0679603  0.442728
 0.320097 0.0902215  0.489775 0.392151 0.068401 0.441826
 0.320079 0.0902232  0.489794  0.394197 0.0688741  0.440853
  0.32006 0.0902249  0.489813  0.396274 0.0691992  0.439813
 0.320041 0.0902267  0.489833   0.39839 0.0693315   0.43871
 0.320021 0.0902286  0.489854  0.400546 0.0692629  0.437551
     0.32 0.0902305  0.489875  0.402733 0.0690399  0.436337
 0.319979 0.0902324  0.489896  0.404941 0.0687946   0.43507
 0.319958 0.0902344  0.489918  0.407151 0.0686986   0.43375
 0.319936 0.0902364  0.489941  0.409366 0.0687754   0.43238
 0.319913 0.0902385  0.489965  0.411587 0.0690298  0.430962
  0.31989 0.0902407  0.489989  0.413816 0.0694404  0.429497
 0.319866 0.0902429  0.490013   0.41607 0.0698462  0.427989
 0.319841 0.0902452  0.490038  0.418365 0.0701039   0.42644
 0.319816 0.0902475  0.490064 0.420701 0.070187 0.424851
 0.319791 0.0902498   0.49009  0.423081 0.0700913  0.423223
 0.319765 0.0902523  0.490117  0.425503 0.0698334  0.421557
 0.319738 0.0902547  0.490145  0.427952 0.0695476  0.419852
  0.31971 0.0902573  0.490173  0.430406 0.0694078  0.418108
 0.319682 0.0902599  0.490202 0.432863  0.06944 0.416325
 0.319654 0.0902625  0.490232  0.435322 0.0696483  0.414504
 0.319625 0.0902652  0.490262  0.437787 0.0700087  0.412647
0.319595 0.090268 0.490293 0.440273 0.070353 0.410758
 0.319564 0.0902708  0.490324  0.442784 0.0705641  0.408845
 0.319533 0.0902737  0.490356  0.445312 0.0706323  0.406915
 0.319501 0.0902766  0.490389  0.447859 0.0705528  0.404967
 0.319468 0.0902797  0.490423  0.450421 0.0703395  0.403004
 0.319435 0.0902827  0.490457  0.452989 0.0700876  0.401024
 0.319401 0.0902859  0.490492  0.455542 0.0699511  0.399027
0.319367 0.090289 0.490527  0.458075 0.0700015  0.397013
 0.319332 0.0902923  0.490564  0.460587 0.0702424  0.394982
 0.319296 0.0902956    0.4906   0.46308 0.0706549  0.392937
0.319259 0.090299 0.490638  0.465582 0.0710208  0.390879
 0.319222 0.0903024  0.490677  0.468106 0.0712209   0.38881
0.319184 0.090306 0.490716  0.470655 0.0712217  0.386732
 0.319145 0.0903095  0.490756  0.473232 0.0710256  0.384671
 0.319106 0.0903132  0.490796  0.475831 0.0706454   0.38262
 0.319066 0.0903169  0.490837  0.478438 0.0702103  0.380575
 0.319025 0.0903207   0.49088  0.481028 0.0699141  0.378529
 0.318984 0.0903245  0.490922  0.483601 0.0697658  0.376481
 0.318941 0.0903284  0.490966  0.486159 0.0697514   0.37443
 0.318898 0.0903324   0.49101  0.488702 0.0698605   0.37238
 0.318855 0.0903364  0.491055  0.491237 0.0700448  0.370331
  0.31881 0.0903405  0.491101  0.493781 0.0701487  0.368287
 0.318765 0.0903447  0.491148 0.496348 0.070046  0.36625
0.318719 0.090349 0.491195  0.498937 0.0697223   0.36422
 0.318672 0.0903533  0.491243  0.501549 0.0691869  0.362198
 0.318625 0.0903577  0.491292  0.504159 0.0686397  0.360185
 0.318577 0.0903622  0.491342  0.506755 0.0682138  0.358181
 0.318528 0.0903667  0.491392  0.509338 0.0679076  0.356186
 0.318478 0.0903713  0.491444  0.511905 0.0677215    0.3542
0.318427 0.090376 0.491496  0.514458 0.0676555  0.352223
 0.318376 0.0903807  0.491549  0.516996 0.0676933  0.350252
 0.318324 0.0903856  0.491603  0.519531 0.0677131  0.348287
 0.318271 0.0903905  0.491657  0.522075 0.0675811  0.346328
 0.318217 0.0903954  0.491713  0.524635 0.0671974  0.344374
 0.318162 0.0904005  0.491769  0.527209 0.0665656  0.342425
 0.318107 0.0904056  0.491826  0.529785 0.0657973   0.34048
 0.318051 0.0904108  0.491884  0.532339 0.0651443   0.33854
 0.317994 0.0904161  0.491943  0.534868 0.0646404  0.336603
 0.317936 0.0904214  0.492002  0.537368 0.0643194  0.334671
 0.317877 0.0904268  0.492063  0.539841 0.0641818  0.332742
 0.317818 0.0904323  0.492124  0.542286 0.0642237  0.330816
 0.317758 0.0904379  0.492186   0.54472 0.0642438  0.328891
 0.317697 0.0904436  0.492249   0.54715 0.0641389  0.326969
 0.317635 0.0904493  0.492313  0.549578 0.0638834  0.325048
 0.317572 0.0904551  0.492378  0.552003 0.0634808  0.323128
0.317508 0.090461 0.492443  0.554422 0.0629337   0.32121
0.317444 0.090467  0.49251  0.556834 0.0622442  0.319292
0.317378 0.090473 0.492577   0.55923 0.0614977  0.317376
 0.317312 0.0904791  0.492645  0.561599 0.0608212  0.315461
 0.317245 0.0904854  0.492715  0.563937 0.0602954  0.313546
 0.317177 0.0904916  0.492785  0.566241 0.0599206  0.311632
0.317108 0.090498 0.492855  0.568514 0.0596816  0.309718
 0.317039 0.0905045  0.492927  0.570764 0.0594105  0.307806
0.316968 0.090511    0.493     0.573 0.0590056  0.305897
 0.316897 0.0905176  0.493074 0.575222 0.058467 0.303993
 0.316824 0.0905243  0.493148   0.57743 0.0577972  0.302096
 0.316751 0.0905311  0.493224 0.579622    0.057 0.300206
 0.316677 0.0905379    0.4933  0.581798 0.0560803  0.298325
 0.316602 0.0905448  0.493377  0.583955 0.0550434  0.296452
 0.316526 0.0905519  0.493456 0.586089 0.053894 0.294588
0.316449 0.090559 0.493535    0.5882 0.0526359  0.292733
 0.316371 0.0905662  0.493615  0.590284 0.0512719  0.290887
 0.316293 0.0905734  0.493696  0.592338 0.0498041  0.289051
 0.316213 0.0905808  0.493778    0.5943 0.0484275  0.287287
 0.316133 0.0905882  0.493861  0.596178 0.0471355  0.285592
 0.316052 0.0905958  0.493945  0.597979 0.0459091  0.283963
 0.315969 0.0906034  0.494029  0.599708 0.0447328  0.282396
 0.315886 0.0906111  0.494115  0.601371 0.0436316  0.280893
 0.315802 0.0906188  0.494202  0.602972 0.0425981  0.279449
 0.315717 0.0906267   0.49429  0.604517 0.0416217  0.278062
 0.315631 0.0906347  0.494378  0.606009 0.0406919   0.27673
 0.315544 0.0906427  0.494468  0.607453 0.0397988  0.275451
 0.315456 0.0906508  0.494558  0.608853 0.0389329  0.274223
 0.315367 0.0906591   0.49465  0.610205 0.0380847  0.273027
 0.315278 0.0906674  0.494742  0.611501 0.0372515  0.271839
 0.315187 0.0906757  0.494836  0.612739 0.0364281  0.270649
 0.315095 0.0906842   0.49493  0.613924 0.0356056  0.269454
 0.315003 0.0906928  0.495026  0.615057 0.0347759  0.268256
 0.314909 0.0907014  0.495122 0.616143  0.03393 0.267052
 0.314815 0.0907102   0.49522 0.617184 0.033066 0.265844
0.314719 0.090719 0.495318  0.618183 0.0321835   0.26463
 0.314623 0.0907279  0.495417 0.619143 0.031276  0.26341
0.314525 0.090737 0.495518  0.620064 0.0303371  0.262182
