0.01,-0.102,0.726,0.01,-0.102,0.726
0.01,-0.102,0.726,0.01,-0.102,0.726
0.01,-0.102,0.726,0.01,-0.102,0.726
0.01,-0.102,0.726,0.01,-0.102,0.726
0.01,-0.102,0.726,0.01,-0.102,0.726
0.01,-0.102,0.726,0.01,-0.102,0.726
0.01,-0.102,0.726,0.01,-0.102,0.726
0.01,-0.102,0.726,0.01,-0.102,0.726
0.01,-0.102,0.726,0.01,-0.102,0.726
0.01,-0.102,0.726,0.01,-0.102,0.726
0.01,-0.102,0.726,0.01,-0.102,0.726
0.01,-0.102,0.726,0.01,-0.102,0.726
0.01,-0.102,0.726,0.01,-0.102,0.726
0.01,-0.102,0.726,0.01,-0.102,0.726
0.01,-0.102,0.726,0.01,-0.102,0.726
0.01,-0.102,0.726,0.01,-0.102,0.726
0.01,-0.102,0.726,0.01,-0.102,0.726
0.01,-0.102,0.726,0.01,-0.102,0.726
0.01,-0.102,0.726,0.01,-0.102,0.726
0.01,-0.102,0.726,0.01,-0.102,0.726
0.01,-0.102,0.726,0.01,-0.102,0.726
0.01,-0.102,0.726,0.01,-0.102,0.726
0.01,-0.102,0.726,0.01,-0.102,0.726
0.01,-0.102,0.726,0.01,-0.102,0.726
0.01,-0.102,0.726,0.01,-0.102,0.726
0.01,-0.102,0.726,0.01,-0.102,0.726
0.01,-0.102,0.726,0.01,-0.102,0.726
0.01,-0.102,0.726,0.01,-0.102,0.726
0.01,-0.102,0.726,0.01,-0.102,0.726
0.01,-0.102,0.726,0.01,-0.102,0.726
0.01,-0.102,0.726,0.01,-0.102,0.726
0.01,-0.102,0.726,0.01,-0.102,0.726
0.01,-0.102,0.726,0.01,-0.102,0.726
0.01,-0.102,0.726,0.01,-0.102,0.726
0.01,-0.102,0.726,0.01,-0.102,0.726
0.01,-0.102,0.726,0.01,-0.102,0.726
0.01,-0.102,0.726,0.01,-0.102,0.726
0.01,-0.102,0.726,0.01,-0.102,0.726
0.01,-0.102,0.726,0.01,-0.102,0.726
0.01,-0.102,0.726,0.01,-0.102,0.726
0.01,-0.102,0.726,0.01,-0.102,0.726
0.01,-0.102,0.726,0.01,-0.102,0.726
0.01,-0.102,0.726,0.01,-0.102,0.726
0.01,-0.102,0.726,0.01,-0.102,0.726
0.01,-0.102,0.726,0.01,-0.102,0.726
0.01,-0.102,0.726,0.01,-0.102,0.726
0.01,-0.102,0.726,0.01,-0.102,0.726
0.01,-0.102,0.726,0.01,-0.102,0.726
0.01,-0.102,0.726,0.01,-0.102,0.726
0.01,-0.102,0.726,0.01,-0.102,0.726
0.01,-0.102,0.726,0.01,-0.102,0.726
0.01,-0.102,0.726,0.01,-0.102,0.726
0.01,-0.102,0.726,0.01,-0.102,0.726
0.01,-0.102,0.726,0.01,-0.102,0.726
0.01,-0.102,0.726,0.01,-0.102,0.726
0.01,-0.102,0.726,0.01,-0.102,0.726
0.01,-0.102,0.726,0.01,-0.102,0.726
0.01,-0.102,0.726,0.01,-0.102,0.726
0.01,-0.102,0.726,0.01,-0.102,0.726
0.01,-0.102,0.726,0.01,-0.102,0.726
0.01,-0.102,0.726,0.01,-0.102,0.726
0.01,-0.102,0.726,0.01,-0.102,0.726
0.01,-0.102,0.726,0.01,-0.102,0.726
0.01,-0.102,0.726,0.01,-0.102,0.726
0.01,-0.102,0.726,0.01,-0.102,0.726
0.01,-0.102,0.726,0.01,-0.102,0.726
0.01,-0.102,0.726,0.01,-0.102,0.726
0.01,-0.102,0.726,0.01,-0.102,0.726
0.01,-0.102,0.726,0.01,-0.102,0.726
0.01,-0.102,0.726,0.01,-0.102,0.726
0.01,-0.102,0.726,0.01,-0.102,0.726
0.01,-0.102,0.726,0.01,-0.102,0.726
0.01,-0.102,0.726,0.01,-0.102,0.726
0.01,-0.102,0.726,0.01,-0.102,0.726
0.01,-0.102,0.726,0.01,-0.102,0.726
0.01,-0.102,0.726,0.01,-0.102,0.726
0.01,-0.102,0.726,0.01,-0.102,0.726
0.01,-0.102,0.726,0.01,-0.102,0.726
0.01,-0.102,0.726,0.01,-0.102,0.726
0.01,-0.102,0.726,0.01,-0.102,0.726
0.01,-0.102,0.726,0.01,-0.102,0.726
0.01,-0.102,0.726,0.01,-0.102,0.726
0.01,-0.102,0.726,0.01,-0.102,0.726
0.01,-0.102,0.726,0.01,-0.102,0.726
0.01,-0.102,0.726,0.01,-0.102,0.726
0.01,-0.102,0.726,0.01,-0.102,0.726
0.01,-0.102,0.726,0.01,-0.102,0.726
0.01,-0.102,0.726,0.01,-0.102,0.726
0.01,-0.102,0.726,0.01,-0.102,0.726
0.01,-0.102,0.726,0.01,-0.102,0.726
0.01,-0.102,0.726,0.01,-0.102,0.726
0.01,-0.102,0.726,0.01,-0.102,0.726
0.01,-0.102,0.726,0.01,-0.102,0.726
0.01,-0.102,0.726,0.01,-0.102,0.726
0.01,-0.102,0.726,0.01,-0.102,0.726
0.01,-0.102,0.726,0.01,-0.102,0.726
0.01,-0.102,0.726,0.01,-0.102,0.726
0.01,-0.102,0.726,0.01,-0.102,0.726
0.01,-0.102,0.726,0.01,-0.102,0.726
0.01,-0.102,0.726,0.01,-0.102,0.726
0.01,-0.102,0.726,0.01,-0.102,0.726
0.01,-0.102,0.726,0.01,-0.102,0.726
0.01,-0.102,0.726,0.01,-0.102,0.726
0.01,-0.102,0.726,0.01,-0.102,0.726
0.01,-0.102,0.726,0.01,-0.102,0.726
0.01,-0.102,0.726,0.01,-0.102,0.726
0.01,-0.102,0.726,0.01,-0.102,0.726
0.01,-0.102,0.726,0.01,-0.102,0.726
0.01,-0.102,0.726,0.01,-0.102,0.726
0.01,-0.102,0.726,0.01,-0.102,0.726
0.01,-0.102,0.726,0.01,-0.102,0.726
0.01,-0.102,0.726,0.01,-0.102,0.726
0.01,-0.102,0.726,0.01,-0.102,0.726
0.01,-0.102,0.726,0.01,-0.102,0.726
0.01,-0.102,0.726,0.01,-0.102,0.726
0.01,-0.102,0.726,0.00999,-0.102,0.726
0.01,-0.102,0.726,0.00999,-0.102,0.726
0.01,-0.102,0.726,0.00999,-0.102,0.726
0.01,-0.102,0.726,0.00999,-0.102,0.726
0.01,-0.102,0.726,0.00999,-0.102,0.726
0.01,-0.102,0.726,0.00999,-0.102,0.726
0.01,-0.102,0.726,0.00999,-0.102,0.726
0.01,-0.102,0.726,0.00998,-0.102,0.726
0.01,-0.102,0.726,0.00998,-0.102,0.726
0.01,-0.102,0.726,0.00998,-0.102,0.726
0.01,-0.102,0.726,0.00998,-0.102,0.726
0.01,-0.102,0.726,0.00998,-0.102,0.726
0.01,-0.102,0.726,0.00998,-0.102,0.726
0.01,-0.102,0.726,0.00998,-0.102,0.726
0.01,-0.102,0.726,0.00997,-0.102,0.726
0.01,-0.102,0.726,0.00997,-0.102,0.726
0.01,-0.102,0.726,0.00997,-0.102,0.726
0.01,-0.102,0.726,0.00997,-0.102,0.726
0.01,-0.102,0.726,0.00997,-0.102,0.726
0.01,-0.102,0.726,0.00997,-0.102,0.726
0.01,-0.102,0.726,0.00996,-0.102,0.726
0.01,-0.102,0.726,0.00996,-0.102,0.726
0.01,-0.102,0.726,0.00996,-0.102,0.726
0.01,-0.102,0.726,0.00996,-0.102,0.726
0.01,-0.102,0.726,0.00996,-0.102,0.726
0.01,-0.102,0.726,0.00996,-0.102,0.726
0.01,-0.102,0.726,0.00995,-0.102,0.726
0.01,-0.102,0.726,0.00995,-0.102,0.726
0.01,-0.102,0.726,0.00995,-0.102,0.726
0.01,-0.102,0.726,0.00995,-0.102,0.726
0.01,-0.102,0.726,0.00995,-0.102,0.726
0.01,-0.102,0.726,0.00995,-0.102,0.726
0.01,-0.102,0.726,0.00994,-0.102,0.726
0.01,-0.102,0.726,0.00994,-0.102,0.726
0.01,-0.102,0.726,0.00994,-0.102,0.726
0.01,-0.102,0.726,0.00994,-0.102,0.726
0.01,-0.102,0.726,0.00994,-0.102,0.726
0.01,-0.102,0.726,0.00994,-0.102,0.726
0.01,-0.102,0.726,0.00993,-0.102,0.726
0.01,-0.102,0.726,0.00993,-0.102,0.726
0.01,-0.102,0.726,0.00993,-0.102,0.726
0.01,-0.102,0.726,0.00993,-0.102,0.726
0.01,-0.102,0.726,0.00993,-0.102,0.726
0.01,-0.102,0.726,0.00992,-0.102,0.726
0.01,-0.102,0.726,0.00992,-0.102,0.726
0.01,-0.102,0.726,0.00992,-0.102,0.726
0.01,-0.102,0.726,0.00992,-0.102,0.726
0.01,-0.102,0.726,0.00992,-0.102,0.726
0.01,-0.102,0.726,0.00991,-0.102,0.726
0.01,-0.102,0.726,0.00991,-0.102,0.726
0.01,-0.102,0.726,0.00991,-0.102,0.726
0.01,-0.102,0.726,0.00991,-0.102,0.726
0.01,-0.102,0.726,0.00991,-0.102,0.726
0.01,-0.102,0.726,0.0099,-0.102,0.726
0.01,-0.102,0.726,0.0099,-0.102,0.726
0.01,-0.102,0.726,0.0099,-0.102,0.726
0.01,-0.102,0.726,0.0099,-0.102,0.726
0.01,-0.102,0.726,0.0099,-0.102,0.726
0.01,-0.102,0.726,0.00989,-0.102,0.726
0.01,-0.102,0.726,0.00989,-0.102,0.726
0.01,-0.102,0.726,0.00989,-0.102,0.726
0.01,-0.102,0.726,0.00989,-0.102,0.726
0.01,-0.102,0.726,0.00989,-0.102,0.726
0.01,-0.102,0.726,0.00988,-0.102,0.726
0.01,-0.102,0.726,0.00988,-0.102,0.726
0.01,-0.102,0.726,0.00988,-0.102,0.726
0.01,-0.102,0.726,0.00988,-0.102,0.726
0.01,-0.102,0.726,0.00987,-0.102,0.726
0.01,-0.102,0.726,0.00987,-0.102,0.726
0.01,-0.102,0.726,0.00987,-0.102,0.726
0.01,-0.102,0.726,0.00987,-0.102,0.726
0.01,-0.102,0.726,0.00987,-0.102,0.726
0.01,-0.102,0.726,0.00986,-0.102,0.726
0.01,-0.102,0.726,0.00986,-0.102,0.726
0.01,-0.102,0.726,0.00986,-0.102,0.726
0.01,-0.102,0.726,0.00986,-0.102,0.726
0.01,-0.102,0.726,0.00985,-0.102,0.726
0.01,-0.102,0.726,0.00985,-0.102,0.726
0.01,-0.102,0.726,0.00985,-0.102,0.726
0.01,-0.102,0.726,0.00985,-0.102,0.726
0.01,-0.102,0.726,0.00984,-0.102,0.726
0.01,-0.102,0.726,0.00984,-0.102,0.726
0.01,-0.102,0.726,0.00984,-0.102,0.726
0.01,-0.102,0.726,0.00984,-0.102,0.726
0.01,-0.102,0.726,0.00983,-0.102,0.726
0.01,-0.102,0.726,0.00983,-0.102,0.726
0.01,-0.102,0.726,0.00983,-0.102,0.726
0.01,-0.102,0.726,0.00983,-0.102,0.726
0.01,-0.102,0.726,0.00982,-0.102,0.726
0.01,-0.102,0.726,0.00982,-0.102,0.726
0.01,-0.102,0.726,0.00982,-0.102,0.726
0.01,-0.102,0.726,0.00982,-0.102,0.726
0.01,-0.102,0.726,0.00981,-0.102,0.726
0.01,-0.102,0.726,0.00981,-0.102,0.726
0.01,-0.102,0.726,0.00981,-0.102,0.726
0.01,-0.102,0.726,0.00981,-0.102,0.726
0.01,-0.102,0.726,0.0098,-0.102,0.726
0.01,-0.102,0.726,0.0098,-0.102,0.726
0.01,-0.102,0.726,0.0098,-0.102,0.726
0.01,-0.102,0.726,0.0098,-0.102,0.726
0.01,-0.102,0.726,0.00979,-0.102,0.726
0.01,-0.102,0.726,0.00979,-0.102,0.726
0.01,-0.102,0.726,0.00979,-0.102,0.726
0.01,-0.102,0.726,0.00979,-0.102,0.726
0.01,-0.102,0.726,0.00978,-0.102,0.726
0.01,-0.102,0.726,0.00978,-0.102,0.726
0.01,-0.102,0.726,0.00978,-0.102,0.726
0.01,-0.102,0.726,0.00978,-0.102,0.726
0.01,-0.102,0.726,0.00977,-0.102,0.726
0.01,-0.102,0.726,0.00977,-0.102,0.726
0.01,-0.102,0.726,0.00977,-0.102,0.726
0.01,-0.102,0.726,0.00977,-0.102,0.726
0.01,-0.102,0.726,0.00976,-0.102,0.726
0.01,-0.102,0.726,0.00976,-0.102,0.726
0.01,-0.102,0.726,0.00976,-0.102,0.726
0.01,-0.102,0.726,0.00975,-0.102,0.726
0.01,-0.102,0.726,0.00975,-0.102,0.726
0.01,-0.102,0.726,0.00975,-0.102,0.726
0.01,-0.102,0.726,0.00975,-0.102,0.726
0.01,-0.102,0.726,0.00974,-0.102,0.726
0.01,-0.102,0.726,0.00974,-0.102,0.726
0.01,-0.102,0.726,0.00974,-0.102,0.726
0.01,-0.102,0.726,0.00973,-0.102,0.726
0.01,-0.102,0.726,0.00973,-0.102,0.726
0.01,-0.102,0.726,0.00973,-0.102,0.726
0.01,-0.102,0.726,0.00973,-0.102,0.726
0.01,-0.102,0.726,0.00972,-0.102,0.726
0.01,-0.102,0.726,0.00972,-0.102,0.726
0.01,-0.102,0.726,0.00972,-0.102,0.726
0.01,-0.102,0.726,0.00971,-0.102,0.726
0.01,-0.102,0.726,0.00971,-0.102,0.726
0.01,-0.102,0.726,0.00971,-0.102,0.726
0.01,-0.102,0.726,0.00971,-0.102,0.726
0.01,-0.102,0.726,0.0097,-0.102,0.726
0.01,-0.102,0.726,0.0097,-0.102,0.726
0.01,-0.102,0.726,0.0097,-0.102,0.726
0.01,-0.102,0.726,0.00969,-0.102,0.726
0.01,-0.102,0.726,0.00969,-0.102,0.726
0.01,-0.102,0.726,0.00969,-0.102,0.726
0.01,-0.102,0.726,0.00969,-0.102,0.726
0.01,-0.102,0.726,0.00968,-0.102,0.726
0.01,-0.102,0.726,0.00968,-0.102,0.726
0.01,-0.102,0.726,0.00968,-0.102,0.726
0.01,-0.102,0.726,0.00967,-0.102,0.726
0.01,-0.102,0.726,0.00967,-0.102,0.726
0.01,-0.102,0.726,0.00967,-0.102,0.726
0.01,-0.102,0.726,0.00966,-0.102,0.726
0.01,-0.102,0.726,0.00966,-0.102,0.726
0.01,-0.102,0.726,0.00966,-0.102,0.726
0.01,-0.102,0.726,0.00966,-0.102,0.726
0.01,-0.102,0.726,0.00965,-0.102,0.726
0.01,-0.102,0.726,0.00965,-0.102,0.726
0.01,-0.102,0.726,0.00965,-0.102,0.726
0.01,-0.102,0.726,0.00964,-0.102,0.726
0.01,-0.102,0.726,0.00964,-0.102,0.726
0.01,-0.102,0.726,0.00964,-0.102,0.726
0.01,-0.102,0.726,0.00963,-0.102,0.726
0.01,-0.102,0.726,0.00963,-0.102,0.726
0.01,-0.102,0.726,0.00963,-0.102,0.726
0.01,-0.102,0.726,0.00962,-0.102,0.726
0.01,-0.102,0.726,0.00962,-0.102,0.726
0.01,-0.102,0.726,0.00962,-0.102,0.726
0.01,-0.102,0.726,0.00962,-0.102,0.726
0.01,-0.102,0.726,0.00961,-0.102,0.726
0.01,-0.102,0.726,0.00961,-0.102,0.726
0.01,-0.102,0.726,0.00961,-0.102,0.726
0.01,-0.102,0.726,0.0096,-0.102,0.726
0.01,-0.102,0.726,0.0096,-0.102,0.726
0.01,-0.102,0.726,0.0096,-0.102,0.726
0.01,-0.102,0.726,0.00959,-0.102,0.726
0.01,-0.102,0.726,0.00959,-0.102,0.726
0.01,-0.102,0.726,0.00959,-0.102,0.726
0.01,-0.102,0.726,0.00959,-0.102,0.726
0.01,-0.102,0.726,0.00958,-0.102,0.726
0.01,-0.102,0.726,0.00958,-0.102,0.726
0.01,-0.102,0.726,0.00958,-0.102,0.726
0.01,-0.102,0.726,0.00957,-0.102,0.726
0.01,-0.102,0.726,0.00957,-0.102,0.726
0.01,-0.102,0.726,0.00957,-0.102,0.726
0.01,-0.102,0.726,0.00957,-0.102,0.726
0.01,-0.102,0.726,0.00956,-0.102,0.726
0.01,-0.102,0.726,0.00956,-0.102,0.726
0.01,-0.102,0.726,0.00956,-0.102,0.726
0.01,-0.102,0.726,0.00955,-0.102,0.726
0.01,-0.102,0.726,0.00955,-0.102,0.726
0.01,-0.102,0.726,0.00955,-0.102,0.726
0.01,-0.102,0.726,0.00955,-0.102,0.726
0.01,-0.102,0.726,0.00954,-0.102,0.726
0.01,-0.102,0.726,0.00954,-0.102,0.726
0.01,-0.102,0.726,0.00954,-0.102,0.726
0.01,-0.102,0.726,0.00953,-0.102,0.726
0.01,-0.102,0.726,0.00953,-0.102,0.726
0.01,-0.102,0.726,0.00953,-0.102,0.726
0.01,-0.102,0.726,0.00953,-0.102,0.726
0.01,-0.102,0.726,0.00952,-0.102,0.726
0.01,-0.102,0.726,0.00952,-0.102,0.726
0.01,-0.102,0.726,0.00952,-0.102,0.726
0.01,-0.102,0.726,0.00951,-0.102,0.726
0.01,-0.102,0.726,0.00951,-0.102,0.726
0.01,-0.102,0.726,0.00951,-0.102,0.726
0.01,-0.102,0.726,0.00951,-0.102,0.726
0.01,-0.102,0.726,0.0095,-0.102,0.726
0.01,-0.102,0.726,0.0095,-0.102,0.726
0.01,-0.102,0.726,0.0095,-0.102,0.726
0.01,-0.102,0.726,0.0095,-0.102,0.726
0.01,-0.102,0.726,0.00949,-0.102,0.726
0.01,-0.102,0.726,0.00949,-0.102,0.726
0.01,-0.102,0.726,0.00949,-0.102,0.726
0.01,-0.102,0.726,0.00948,-0.102,0.726
0.01,-0.102,0.726,0.00948,-0.102,0.726
0.01,-0.102,0.726,0.00948,-0.102,0.726
0.01,-0.102,0.726,0.00947,-0.102,0.726
0.01,-0.102,0.726,0.00947,-0.102,0.726
0.01,-0.102,0.726,0.00947,-0.102,0.726
0.01,-0.102,0.726,0.00946,-0.102,0.726
0.01,-0.102,0.726,0.00946,-0.102,0.726
0.01,-0.102,0.726,0.00946,-0.102,0.726
0.01,-0.102,0.726,0.00945,-0.102,0.726
0.01,-0.102,0.726,0.00945,-0.102,0.726
0.01,-0.102,0.726,0.00944,-0.102,0.726
0.01,-0.102,0.726,0.00944,-0.102,0.726
0.01,-0.102,0.726,0.00944,-0.102,0.726
0.01,-0.102,0.726,0.00943,-0.102,0.726
0.01,-0.102,0.726,0.00943,-0.102,0.726
0.01,-0.102,0.726,0.00942,-0.102,0.726
0.01,-0.102,0.726,0.00942,-0.102,0.726
0.01,-0.102,0.726,0.00941,-0.102,0.726
0.01,-0.102,0.726,0.00941,-0.102,0.726
0.01,-0.102,0.726,0.00941,-0.102,0.726
0.01,-0.102,0.726,0.0094,-0.102,0.726
0.01,-0.102,0.726,0.0094,-0.102,0.726
0.01,-0.102,0.726,0.00939,-0.102,0.726
0.01,-0.102,0.726,0.00939,-0.102,0.726
0.01,-0.102,0.726,0.00938,-0.102,0.726
0.01,-0.102,0.726,0.00938,-0.102,0.726
0.01,-0.102,0.726,0.00938,-0.102,0.726
0.01,-0.102,0.726,0.00937,-0.102,0.726
0.01,-0.102,0.726,0.00937,-0.102,0.726
0.01,-0.102,0.726,0.00936,-0.102,0.726
0.01,-0.102,0.726,0.00936,-0.102,0.726
0.01,-0.102,0.726,0.00935,-0.102,0.726
0.01,-0.102,0.726,0.00935,-0.102,0.726
0.01,-0.102,0.726,0.00935,-0.102,0.726
0.01,-0.102,0.726,0.00934,-0.102,0.726
0.01,-0.102,0.726,0.00934,-0.102,0.726
0.01,-0.102,0.726,0.00933,-0.102,0.726
0.01,-0.102,0.726,0.00933,-0.102,0.726
0.01,-0.102,0.726,0.00933,-0.102,0.726
0.01,-0.102,0.726,0.00932,-0.102,0.726
0.01,-0.102,0.726,0.00932,-0.102,0.726
0.01,-0.102,0.726,0.00931,-0.102,0.726
0.01,-0.102,0.726,0.00931,-0.102,0.726
0.01,-0.102,0.726,0.00931,-0.102,0.726
0.01,-0.102,0.726,0.0093,-0.102,0.726
0.01,-0.102,0.726,0.0093,-0.102,0.726
0.01,-0.102,0.726,0.0093,-0.102,0.726
0.01,-0.102,0.726,0.00929,-0.102,0.726
0.01,-0.102,0.726,0.00929,-0.102,0.726
0.01,-0.102,0.726,0.00928,-0.102,0.726
0.01,-0.102,0.726,0.00928,-0.102,0.726
0.01,-0.102,0.726,0.00928,-0.102,0.726
0.01,-0.102,0.726,0.00927,-0.102,0.726
0.01,-0.102,0.726,0.00927,-0.102,0.726
0.01,-0.102,0.726,0.00927,-0.102,0.726
0.01,-0.102,0.726,0.00926,-0.102,0.726
0.01,-0.102,0.726,0.00926,-0.102,0.726
0.01,-0.102,0.726,0.00926,-0.102,0.726
0.01,-0.102,0.726,0.00925,-0.102,0.726
0.01,-0.102,0.726,0.00925,-0.102,0.726
0.01,-0.102,0.726,0.00925,-0.102,0.726
0.01,-0.102,0.726,0.00924,-0.102,0.726
0.01,-0.102,0.726,0.00924,-0.102,0.726
0.01,-0.102,0.726,0.00924,-0.102,0.726
0.01,-0.102,0.726,0.00923,-0.102,0.726
0.01,-0.102,0.726,0.00923,-0.102,0.726
0.01,-0.102,0.726,0.00923,-0.102,0.726
0.01,-0.102,0.726,0.00922,-0.102,0.726
0.01,-0.102,0.726,0.00922,-0.102,0.726
0.01,-0.102,0.726,0.00922,-0.102,0.726
0.01,-0.102,0.726,0.00921,-0.102,0.726
0.01,-0.102,0.726,0.00921,-0.102,0.726
0.01,-0.102,0.726,0.00921,-0.102,0.726
0.01,-0.102,0.726,0.0092,-0.102,0.726
0.01,-0.102,0.726,0.0092,-0.102,0.726
0.01,-0.102,0.726,0.0092,-0.102,0.726
0.01,-0.102,0.726,0.0092,-0.102,0.726
0.01,-0.102,0.726,0.00919,-0.102,0.726
0.01,-0.102,0.726,0.00919,-0.102,0.726
0.01,-0.102,0.726,0.00919,-0.102,0.726
0.01,-0.102,0.726,0.00918,-0.102,0.726
0.01,-0.102,0.726,0.00918,-0.102,0.726
0.01,-0.102,0.726,0.00918,-0.102,0.726
0.01,-0.102,0.726,0.00917,-0.102,0.726
0.01,-0.102,0.726,0.00917,-0.102,0.726
0.01,-0.102,0.726,0.00917,-0.102,0.726
0.01,-0.102,0.726,0.00917,-0.102,0.726
0.01,-0.102,0.726,0.00916,-0.102,0.726
0.01,-0.102,0.726,0.00916,-0.102,0.726
0.01,-0.102,0.726,0.00916,-0.102,0.726
0.01,-0.102,0.726,0.00915,-0.102,0.726
0.01,-0.102,0.726,0.00915,-0.102,0.726
0.01,-0.102,0.726,0.00915,-0.102,0.726
0.01,-0.102,0.726,0.00915,-0.102,0.726
0.01,-0.102,0.726,0.00914,-0.102,0.726
0.01,-0.102,0.726,0.00914,-0.102,0.726
0.01,-0.102,0.726,0.00914,-0.102,0.726
0.01,-0.102,0.726,0.00914,-0.102,0.726
0.01,-0.102,0.726,0.00913,-0.102,0.726
0.01,-0.102,0.726,0.00913,-0.102,0.726
0.01,-0.102,0.726,0.00913,-0.102,0.726
0.01,-0.102,0.726,0.00913,-0.102,0.726
0.01,-0.102,0.726,0.00912,-0.102,0.726
0.01,-0.102,0.726,0.00912,-0.102,0.726
0.01,-0.102,0.726,0.00912,-0.102,0.726
0.01,-0.102,0.726,0.00912,-0.102,0.726
0.01,-0.102,0.726,0.00911,-0.102,0.726
0.01,-0.102,0.726,0.00911,-0.102,0.726
0.01,-0.102,0.726,0.00911,-0.102,0.726
0.01,-0.102,0.726,0.00911,-0.102,0.726
0.01,-0.102,0.726,0.0091,-0.102,0.726
0.01,-0.102,0.726,0.0091,-0.101,0.726
0.01,-0.102,0.726,0.0091,-0.101,0.726
0.01,-0.102,0.726,0.0091,-0.101,0.726
0.01,-0.102,0.726,0.0091,-0.101,0.726
0.01,-0.102,0.726,0.00909,-0.101,0.726
0.01,-0.102,0.726,0.00909,-0.101,0.726
0.01,-0.102,0.726,0.00909,-0.101,0.726
0.01,-0.102,0.726,0.00909,-0.101,0.726
0.01,-0.102,0.726,0.00908,-0.101,0.726
0.01,-0.102,0.726,0.00908,-0.101,0.726
0.01,-0.102,0.726,0.00908,-0.101,0.726
0.01,-0.102,0.726,0.00908,-0.101,0.726
0.01,-0.102,0.726,0.00908,-0.101,0.726
0.01,-0.102,0.726,0.00908,-0.101,0.726
0.01,-0.102,0.726,0.00907,-0.101,0.726
0.01,-0.102,0.726,0.00907,-0.101,0.726
0.01,-0.102,0.726,0.00907,-0.101,0.726
0.01,-0.102,0.726,0.00907,-0.101,0.726
0.01,-0.102,0.726,0.00907,-0.101,0.726
0.01,-0.102,0.726,0.00906,-0.101,0.726
0.01,-0.102,0.726,0.00906,-0.101,0.726
0.01,-0.102,0.726,0.00906,-0.101,0.726
0.01,-0.102,0.726,0.00906,-0.101,0.726
0.01,-0.102,0.726,0.00906,-0.101,0.726
0.01,-0.102,0.726,0.00906,-0.101,0.726
0.01,-0.102,0.726,0.00906,-0.101,0.726
0.01,-0.102,0.726,0.00905,-0.101,0.726
0.01,-0.102,0.726,0.00905,-0.101,0.726
0.01,-0.102,0.726,0.00905,-0.101,0.726
0.01,-0.102,0.726,0.00905,-0.101,0.726
0.01,-0.102,0.726,0.00905,-0.101,0.726
0.01,-0.102,0.726,0.00905,-0.101,0.726
0.01,-0.102,0.726,0.00905,-0.101,0.726
0.01,-0.102,0.726,0.00904,-0.101,0.726
0.01,-0.102,0.726,0.00904,-0.101,0.726
0.01,-0.102,0.726,0.00904,-0.101,0.726
0.01,-0.102,0.726,0.00904,-0.101,0.726
0.01,-0.102,0.726,0.00904,-0.101,0.726
0.01,-0.102,0.726,0.00904,-0.101,0.726
0.01,-0.102,0.726,0.00904,-0.101,0.726
0.01,-0.102,0.726,0.00903,-0.101,0.726
0.01,-0.102,0.726,0.00903,-0.101,0.726
0.01,-0.102,0.726,0.00903,-0.101,0.726
0.01,-0.102,0.726,0.00903,-0.101,0.726
0.01,-0.102,0.726,0.00903,-0.101,0.726
0.01,-0.102,0.726,0.00903,-0.101,0.726
0.01,-0.102,0.726,0.00903,-0.101,0.726
0.01,-0.102,0.726,0.00903,-0.101,0.726
0.01,-0.102,0.726,0.00903,-0.101,0.726
0.01,-0.102,0.726,0.00902,-0.101,0.726
0.01,-0.102,0.726,0.00902,-0.101,0.726
0.01,-0.102,0.726,0.00902,-0.101,0.726
0.01,-0.102,0.726,0.00902,-0.101,0.726
0.01,-0.102,0.726,0.00902,-0.101,0.726
0.01,-0.102,0.726,0.00902,-0.101,0.726
0.01,-0.102,0.726,0.00902,-0.101,0.726
0.01,-0.102,0.726,0.00902,-0.101,0.726
0.01,-0.102,0.726,0.00902,-0.101,0.726
0.01,-0.102,0.726,0.00902,-0.101,0.726
0.01,-0.102,0.726,0.00902,-0.101,0.726
0.01,-0.102,0.726,0.00901,-0.101,0.726
0.01,-0.102,0.726,0.00901,-0.101,0.726
0.01,-0.102,0.726,0.00901,-0.101,0.726
0.01,-0.102,0.726,0.00901,-0.101,0.726
0.01,-0.102,0.726,0.00901,-0.101,0.726
0.01,-0.102,0.726,0.00901,-0.101,0.726
0.01,-0.102,0.726,0.00901,-0.101,0.726
0.01,-0.102,0.726,0.00901,-0.101,0.726
0.01,-0.102,0.726,0.00901,-0.101,0.726
0.01,-0.102,0.726,0.00901,-0.101,0.726
0.01,-0.102,0.726,0.00901,-0.101,0.726
0.01,-0.102,0.726,0.00901,-0.101,0.726
0.01,-0.102,0.726,0.00901,-0.101,0.726
0.01,-0.102,0.726,0.00901,-0.101,0.726
0.01,-0.102,0.726,0.00901,-0.101,0.726
0.01,-0.102,0.726,0.00901,-0.101,0.726
0.01,-0.102,0.726,0.00901,-0.101,0.726
0.01,-0.102,0.726,0.009,-0.101,0.726
0.01,-0.102,0.726,0.009,-0.101,0.726
0.01,-0.102,0.726,0.009,-0.101,0.726
0.01,-0.102,0.726,0.009,-0.101,0.726
0.01,-0.102,0.726,0.009,-0.101,0.726
0.01,-0.102,0.726,0.009,-0.101,0.726
0.01,-0.102,0.726,0.009,-0.101,0.726
0.01,-0.102,0.726,0.009,-0.101,0.726
0.01,-0.102,0.726,0.009,-0.101,0.726
0.01,-0.102,0.726,0.009,-0.101,0.726
0.01,-0.102,0.726,0.009,-0.101,0.726
0.01,-0.102,0.726,0.009,-0.101,0.726
0.01,-0.102,0.726,0.009,-0.101,0.726
0.01,-0.102,0.726,0.009,-0.101,0.726
0.01,-0.102,0.726,0.009,-0.101,0.726
0.01,-0.102,0.726,0.009,-0.101,0.726
0.01,-0.102,0.726,0.009,-0.1,0.726
0.01,-0.102,0.726,0.009,-0.1,0.726
0.01,-0.102,0.726,0.009,-0.1,0.726
0.01,-0.102,0.726,0.009,-0.1,0.726
0.01,-0.102,0.726,0.009,-0.1,0.726
0.01,-0.102,0.726,0.009,-0.1,0.726
0.01,-0.102,0.726,0.009,-0.1,0.726
0.01,-0.102,0.726,0.009,-0.1,0.726
0.01,-0.102,0.726,0.009,-0.1,0.726
0.01,-0.102,0.726,0.009,-0.1,0.726
0.01,-0.102,0.726,0.009,-0.1,0.726
0.01,-0.102,0.726,0.009,-0.1,0.726
0.01,-0.102,0.726,0.009,-0.1,0.726
0.01,-0.102,0.726,0.009,-0.1,0.726
0.01,-0.102,0.726,0.009,-0.1,0.726
0.01,-0.102,0.726,0.009,-0.1,0.726
0.01,-0.102,0.726,0.009,-0.1,0.726
0.01,-0.102,0.726,0.009,-0.1,0.726
0.01,-0.102,0.726,0.00901,-0.1,0.726
0.01,-0.102,0.726,0.00901,-0.1,0.726
0.01,-0.102,0.726,0.00901,-0.1,0.726
0.01,-0.102,0.726,0.00901,-0.1,0.726
0.01,-0.102,0.726,0.00901,-0.1,0.726
0.01,-0.102,0.726,0.00901,-0.1,0.726
0.01,-0.102,0.726,0.00901,-0.1,0.726
0.01,-0.102,0.726,0.00901,-0.1,0.726
0.01,-0.102,0.726,0.00901,-0.1,0.726
0.01,-0.102,0.726,0.00901,-0.1,0.726
0.01,-0.102,0.726,0.00901,-0.1,0.726
0.01,-0.102,0.726,0.00901,-0.1,0.726
0.01,-0.102,0.726,0.00901,-0.1,0.726
0.01,-0.102,0.726,0.00901,-0.1,0.726
0.01,-0.102,0.726,0.00901,-0.1,0.726
0.01,-0.102,0.726,0.00901,-0.1,0.726
0.01,-0.102,0.726,0.00901,-0.1,0.726
0.01,-0.102,0.726,0.00901,-0.1,0.726
0.01,-0.102,0.726,0.00902,-0.1,0.726
0.01,-0.102,0.726,0.00902,-0.1,0.726
0.01,-0.102,0.726,0.00902,-0.1,0.726
0.01,-0.102,0.726,0.00902,-0.1,0.726
0.01,-0.102,0.726,0.00902,-0.1,0.726
0.01,-0.102,0.726,0.00902,-0.1,0.726
0.01,-0.102,0.726,0.00902,-0.1,0.726
0.01,-0.102,0.726,0.00902,-0.0999,0.726
0.01,-0.102,0.726,0.00902,-0.0999,0.726
0.01,-0.102,0.726,0.00902,-0.0999,0.726
0.01,-0.102,0.726,0.00902,-0.0999,0.726
0.01,-0.102,0.726,0.00902,-0.0999,0.726
0.01,-0.102,0.726,0.00902,-0.0999,0.726
0.01,-0.102,0.726,0.00903,-0.0999,0.726
0.01,-0.102,0.726,0.00903,-0.0999,0.726
0.01,-0.102,0.726,0.00903,-0.0998,0.726
0.01,-0.102,0.726,0.00903,-0.0998,0.726
0.01,-0.102,0.726,0.00903,-0.0998,0.726
0.01,-0.102,0.726,0.00903,-0.0998,0.726
0.01,-0.102,0.726,0.00903,-0.0998,0.726
0.01,-0.102,0.726,0.00903,-0.0998,0.726
0.01,-0.102,0.726,0.00903,-0.0998,0.726
0.01,-0.102,0.726,0.00904,-0.0997,0.726
0.01,-0.102,0.726,0.00904,-0.0997,0.726
0.01,-0.102,0.726,0.00904,-0.0997,0.726
0.01,-0.102,0.726,0.00904,-0.0997,0.726
0.01,-0.102,0.726,0.00904,-0.0997,0.726
0.01,-0.102,0.726,0.00904,-0.0997,0.726
0.01,-0.102,0.726,0.00904,-0.0997,0.726
0.01,-0.102,0.726,0.00904,-0.0996,0.726
0.01,-0.102,0.726,0.00905,-0.0996,0.726
0.01,-0.102,0.726,0.00905,-0.0996,0.726
0.01,-0.102,0.726,0.00905,-0.0996,0.726
0.01,-0.102,0.726,0.00905,-0.0996,0.726
0.01,-0.102,0.726,0.00905,-0.0996,0.726
0.01,-0.102,0.726,0.00905,-0.0996,0.726
0.01,-0.102,0.726,0.00905,-0.0995,0.726
0.01,-0.102,0.726,0.00906,-0.0995,0.726
0.01,-0.102,0.726,0.00906,-0.0995,0.726
0.01,-0.102,0.726,0.00906,-0.0995,0.726
0.01,-0.102,0.726,0.00906,-0.0995,0.726
0.01,-0.102,0.726,0.00906,-0.0995,0.726
0.01,-0.102,0.726,0.00906,-0.0995,0.726
0.01,-0.102,0.726,0.00906,-0.0994,0.726
0.01,-0.102,0.726,0.00907,-0.0994,0.726
0.01,-0.102,0.726,0.00907,-0.0994,0.726
0.01,-0.102,0.726,0.00907,-0.0994,0.726
0.01,-0.102,0.726,0.00907,-0.0994,0.726
0.01,-0.102,0.726,0.00907,-0.0994,0.726
0.01,-0.102,0.726,0.00907,-0.0994,0.726
0.01,-0.102,0.726,0.00908,-0.0993,0.726
0.01,-0.102,0.726,0.00908,-0.0993,0.726
0.01,-0.102,0.726,0.00908,-0.0993,0.726
0.01,-0.102,0.726,0.00908,-0.0993,0.726
0.01,-0.102,0.726,0.00908,-0.0993,0.726
0.01,-0.102,0.726,0.00909,-0.0993,0.726
0.01,-0.102,0.726,0.00909,-0.0992,0.726
0.01,-0.102,0.726,0.00909,-0.0992,0.726
0.01,-0.102,0.726,0.00909,-0.0992,0.726
0.01,-0.102,0.726,0.00909,-0.0992,0.726
0.01,-0.102,0.726,0.00909,-0.0992,0.726
0.01,-0.102,0.726,0.0091,-0.0992,0.726
0.01,-0.102,0.726,0.0091,-0.0992,0.726
0.01,-0.102,0.726,0.0091,-0.0991,0.726
0.01,-0.102,0.726,0.0091,-0.0991,0.726
0.01,-0.102,0.726,0.0091,-0.0991,0.726
0.01,-0.102,0.726,0.00911,-0.0991,0.726
0.01,-0.102,0.726,0.00911,-0.0991,0.726
0.01,-0.102,0.726,0.00911,-0.0991,0.726
0.01,-0.102,0.726,0.00911,-0.0991,0.726
0.01,-0.102,0.726,0.00911,-0.099,0.726
0.01,-0.102,0.726,0.00912,-0.099,0.726
0.01,-0.102,0.726,0.00912,-0.099,0.726
0.01,-0.102,0.726,0.00912,-0.099,0.726
0.01,-0.102,0.726,0.00912,-0.099,0.726
0.01,-0.102,0.726,0.00913,-0.099,0.726
0.01,-0.102,0.726,0.00913,-0.0989,0.726
0.01,-0.102,0.726,0.00913,-0.0989,0.726
0.01,-0.102,0.726,0.00913,-0.0989,0.726
0.01,-0.102,0.726,0.00913,-0.0989,0.726
0.01,-0.102,0.726,0.00914,-0.0989,0.726
0.01,-0.102,0.726,0.00914,-0.0989,0.726
0.01,-0.102,0.726,0.00914,-0.0989,0.726
0.01,-0.102,0.726,0.00914,-0.0988,0.726
0.01,-0.102,0.726,0.00915,-0.0988,0.726
0.01,-0.102,0.726,0.00915,-0.0988,0.726
0.01,-0.102,0.726,0.00915,-0.0988,0.726
0.01,-0.102,0.726,0.00915,-0.0988,0.726
0.01,-0.102,0.726,0.00915,-0.0988,0.726
0.01,-0.102,0.726,0.00916,-0.0987,0.726
0.01,-0.102,0.726,0.00916,-0.0987,0.726
0.01,-0.102,0.726,0.00916,-0.0987,0.726
0.01,-0.102,0.726,0.00916,-0.0987,0.726
0.01,-0.102,0.726,0.00917,-0.0987,0.726
0.01,-0.102,0.726,0.00917,-0.0987,0.726
0.01,-0.102,0.726,0.00917,-0.0986,0.726
0.01,-0.102,0.726,0.00917,-0.0986,0.727
0.01,-0.102,0.726,0.00918,-0.0986,0.727
0.01,-0.102,0.726,0.00918,-0.0986,0.727
0.01,-0.102,0.726,0.00918,-0.0986,0.727
0.01,-0.102,0.726,0.00918,-0.0986,0.727
0.01,-0.102,0.726,0.00919,-0.0985,0.727
0.01,-0.102,0.726,0.00919,-0.0985,0.727
0.01,-0.102,0.726,0.00919,-0.0985,0.727
0.01,-0.102,0.726,0.0092,-0.0985,0.727
0.01,-0.102,0.726,0.0092,-0.0985,0.727
0.01,-0.102,0.726,0.0092,-0.0985,0.727
0.01,-0.102,0.726,0.0092,-0.0985,0.727
0.01,-0.102,0.726,0.00921,-0.0984,0.727
0.01,-0.102,0.726,0.00921,-0.0984,0.727
0.01,-0.102,0.726,0.00921,-0.0984,0.727
0.01,-0.102,0.726,0.00921,-0.0984,0.727
0.01,-0.102,0.726,0.00922,-0.0984,0.727
0.01,-0.102,0.726,0.00922,-0.0984,0.727
0.01,-0.102,0.726,0.00922,-0.0983,0.727
0.01,-0.102,0.726,0.00923,-0.0983,0.727
0.01,-0.102,0.726,0.00923,-0.0983,0.727
0.01,-0.102,0.726,0.00923,-0.0983,0.727
0.01,-0.102,0.726,0.00923,-0.0983,0.727
0.01,-0.102,0.726,0.00924,-0.0983,0.727
0.01,-0.102,0.726,0.00924,-0.0982,0.727
0.01,-0.102,0.726,0.00924,-0.0982,0.727
0.01,-0.102,0.726,0.00925,-0.0982,0.727
0.01,-0.102,0.726,0.00925,-0.0982,0.727
0.01,-0.102,0.726,0.00925,-0.0982,0.727
0.01,-0.102,0.726,0.00925,-0.0982,0.727
0.01,-0.102,0.726,0.00926,-0.0981,0.727
0.01,-0.102,0.726,0.00926,-0.0981,0.727
0.01,-0.102,0.726,0.00926,-0.0981,0.727
0.01,-0.102,0.726,0.00927,-0.0981,0.727
0.01,-0.102,0.726,0.00927,-0.0981,0.727
0.01,-0.102,0.726,0.00927,-0.0981,0.727
0.01,-0.102,0.726,0.00928,-0.098,0.727
0.01,-0.102,0.726,0.00928,-0.098,0.727
0.01,-0.102,0.726,0.00928,-0.098,0.727
0.01,-0.102,0.726,0.00928,-0.098,0.727
0.01,-0.102,0.726,0.00929,-0.098,0.727
0.01,-0.102,0.726,0.00929,-0.098,0.727
0.01,-0.102,0.726,0.00929,-0.0979,0.727
0.01,-0.102,0.726,0.0093,-0.0979,0.727
0.01,-0.102,0.726,0.0093,-0.0979,0.727
0.01,-0.102,0.726,0.0093,-0.0979,0.727
0.01,-0.102,0.726,0.00931,-0.0979,0.727
0.01,-0.102,0.726,0.00931,-0.0978,0.727
0.01,-0.102,0.726,0.00931,-0.0978,0.727
0.01,-0.102,0.726,0.00932,-0.0978,0.727
0.01,-0.102,0.726,0.00932,-0.0978,0.727
0.01,-0.102,0.726,0.00932,-0.0978,0.727
0.01,-0.102,0.726,0.00933,-0.0978,0.727
0.01,-0.102,0.726,0.00933,-0.0977,0.727
0.01,-0.102,0.726,0.00933,-0.0977,0.727
0.01,-0.102,0.726,0.00934,-0.0977,0.727
0.01,-0.102,0.726,0.00934,-0.0977,0.727
0.01,-0.102,0.726,0.00934,-0.0977,0.727
0.01,-0.102,0.726,0.00935,-0.0977,0.727
0.01,-0.102,0.726,0.00935,-0.0976,0.727
0.01,-0.102,0.726,0.00935,-0.0976,0.727
0.01,-0.102,0.726,0.00936,-0.0976,0.727
0.01,-0.102,0.726,0.00936,-0.0976,0.727
0.01,-0.102,0.726,0.00936,-0.0976,0.727
0.01,-0.102,0.726,0.00937,-0.0976,0.727
0.01,-0.102,0.726,0.00937,-0.0975,0.727
0.01,-0.102,0.726,0.00937,-0.0975,0.727
0.01,-0.102,0.726,0.00938,-0.0975,0.727
0.01,-0.102,0.726,0.00938,-0.0975,0.727
0.01,-0.102,0.726,0.00938,-0.0975,0.727
0.01,-0.102,0.726,0.00939,-0.0974,0.727
0.01,-0.102,0.726,0.00939,-0.0974,0.727
0.01,-0.102,0.726,0.00939,-0.0974,0.727
0.01,-0.102,0.726,0.0094,-0.0974,0.727
0.01,-0.102,0.726,0.0094,-0.0974,0.727
0.01,-0.102,0.726,0.0094,-0.0974,0.727
0.01,-0.102,0.726,0.00941,-0.0973,0.727
0.01,-0.102,0.726,0.00941,-0.0973,0.727
0.01,-0.102,0.726,0.00942,-0.0973,0.727
0.01,-0.102,0.726,0.00942,-0.0973,0.727
0.01,-0.102,0.726,0.00942,-0.0973,0.727
0.01,-0.102,0.726,0.00943,-0.0972,0.727
0.01,-0.102,0.726,0.00943,-0.0972,0.727
0.01,-0.102,0.726,0.00943,-0.0972,0.727
0.01,-0.102,0.726,0.00944,-0.0972,0.727
0.01,-0.102,0.726,0.00944,-0.0972,0.727
0.01,-0.102,0.726,0.00944,-0.0972,0.727
0.01,-0.102,0.726,0.00945,-0.0971,0.727
0.01,-0.102,0.726,0.00945,-0.0971,0.727
0.01,-0.102,0.726,0.00946,-0.0971,0.727
0.01,-0.102,0.726,0.00946,-0.0971,0.727
0.01,-0.102,0.726,0.00946,-0.0971,0.727
0.01,-0.102,0.726,0.00947,-0.097,0.727
0.01,-0.102,0.726,0.00947,-0.097,0.727
0.01,-0.102,0.726,0.00947,-0.097,0.727
0.01,-0.101,0.726,0.00948,-0.097,0.727
0.01,-0.101,0.726,0.00948,-0.097,0.727
0.01,-0.101,0.726,0.00949,-0.097,0.727
0.01,-0.101,0.726,0.00949,-0.0969,0.727
0.01,-0.101,0.726,0.00949,-0.0969,0.727
0.01,-0.101,0.726,0.0095,-0.0969,0.727
0.01,-0.101,0.726,0.0095,-0.0969,0.727
0.01,-0.101,0.726,0.0095,-0.0969,0.727
0.01,-0.101,0.726,0.00951,-0.0968,0.727
0.01,-0.101,0.726,0.00951,-0.0968,0.727
0.01,-0.101,0.726,0.00952,-0.0968,0.727
0.01,-0.101,0.726,0.00952,-0.0968,0.727
0.01,-0.101,0.726,0.00952,-0.0968,0.727
0.01,-0.101,0.726,0.00953,-0.0968,0.727
0.01,-0.101,0.726,0.00953,-0.0967,0.727
0.01,-0.101,0.726,0.00953,-0.0967,0.727
0.01,-0.101,0.726,0.00954,-0.0967,0.727
0.01,-0.101,0.726,0.00954,-0.0967,0.727
0.01,-0.101,0.726,0.00955,-0.0967,0.727
0.01,-0.101,0.726,0.00955,-0.0966,0.727
0.01,-0.101,0.726,0.00955,-0.0966,0.727
0.01,-0.101,0.726,0.00956,-0.0966,0.727
0.01,-0.101,0.726,0.00956,-0.0966,0.727
0.01,-0.101,0.726,0.00957,-0.0966,0.727
0.01,-0.101,0.726,0.00957,-0.0965,0.727
0.01,-0.101,0.726,0.00957,-0.0965,0.727
0.01,-0.101,0.726,0.00958,-0.0965,0.727
0.01,-0.101,0.726,0.00958,-0.0965,0.727
0.01,-0.101,0.726,0.00959,-0.0965,0.727
0.01,-0.101,0.726,0.00959,-0.0965,0.727
0.01,-0.101,0.726,0.00959,-0.0964,0.727
0.01,-0.101,0.726,0.0096,-0.0964,0.727
0.01,-0.101,0.726,0.0096,-0.0964,0.727
0.01,-0.101,0.726,0.00961,-0.0964,0.727
0.01,-0.101,0.726,0.00961,-0.0964,0.727
0.01,-0.101,0.726,0.00961,-0.0963,0.727
0.01,-0.101,0.726,0.00962,-0.0963,0.727
0.01,-0.101,0.726,0.00962,-0.0963,0.727
0.01,-0.101,0.726,0.00963,-0.0963,0.727
0.01,-0.101,0.726,0.00963,-0.0963,0.727
0.01,-0.101,0.726,0.00963,-0.0962,0.727
0.01,-0.101,0.726,0.00964,-0.0962,0.727
0.01,-0.101,0.726,0.00964,-0.0962,0.727
0.01,-0.101,0.726,0.00965,-0.0962,0.727
0.01,-0.101,0.726,0.00965,-0.0962,0.727
0.01,-0.101,0.726,0.00965,-0.0961,0.727
0.01,-0.101,0.726,0.00966,-0.0961,0.727
0.01,-0.101,0.726,0.00966,-0.0961,0.727
0.01,-0.101,0.726,0.00967,-0.0961,0.727
0.01,-0.101,0.726,0.00967,-0.0961,0.727
0.01,-0.101,0.726,0.00967,-0.096,0.727
0.01,-0.101,0.726,0.00968,-0.096,0.727
0.01,-0.101,0.726,0.00968,-0.096,0.727
0.01,-0.101,0.726,0.00969,-0.096,0.727
0.01,-0.101,0.726,0.00969,-0.096,0.727
0.01,-0.101,0.726,0.0097,-0.096,0.727
0.01,-0.101,0.726,0.0097,-0.0959,0.727
0.01,-0.101,0.726,0.0097,-0.0959,0.727
0.01,-0.101,0.726,0.00971,-0.0959,0.727
0.01,-0.101,0.726,0.00971,-0.0959,0.727
0.01,-0.101,0.726,0.00972,-0.0959,0.727
0.01,-0.101,0.726,0.00972,-0.0958,0.727
0.01,-0.101,0.726,0.00972,-0.0958,0.727
0.01,-0.101,0.726,0.00973,-0.0958,0.727
0.01,-0.101,0.726,0.00973,-0.0958,0.727
0.01,-0.101,0.726,0.00974,-0.0958,0.727
0.01,-0.101,0.726,0.00974,-0.0957,0.727
0.01,-0.101,0.726,0.00975,-0.0957,0.727
0.01,-0.101,0.726,0.00975,-0.0957,0.727
0.01,-0.101,0.726,0.00975,-0.0957,0.727
0.01,-0.101,0.726,0.00976,-0.0957,0.727
0.01,-0.101,0.726,0.00976,-0.0956,0.727
0.01,-0.101,0.726,0.00977,-0.0956,0.727
0.01,-0.101,0.726,0.00977,-0.0956,0.727
0.01,-0.101,0.726,0.00978,-0.0956,0.727
0.01,-0.101,0.726,0.00978,-0.0956,0.727
0.01,-0.101,0.726,0.00978,-0.0955,0.727
0.01,-0.101,0.726,0.00979,-0.0955,0.727
0.01,-0.101,0.726,0.00979,-0.0955,0.727
0.01,-0.101,0.726,0.0098,-0.0955,0.727
0.01,-0.101,0.726,0.0098,-0.0955,0.727
0.01,-0.101,0.726,0.00981,-0.0954,0.727
0.01,-0.101,0.726,0.00981,-0.0954,0.727
0.01,-0.101,0.726,0.00981,-0.0954,0.727
0.01,-0.101,0.726,0.00982,-0.0954,0.727
0.01,-0.101,0.726,0.00982,-0.0954,0.727
0.01,-0.101,0.726,0.00983,-0.0953,0.727
0.01,-0.101,0.726,0.00983,-0.0953,0.727
0.01,-0.101,0.726,0.00984,-0.0953,0.727
0.01,-0.101,0.726,0.00984,-0.0953,0.727
0.01,-0.101,0.726,0.00985,-0.0953,0.727
0.01,-0.101,0.726,0.00985,-0.0952,0.727
0.01,-0.101,0.726,0.00985,-0.0952,0.727
0.01,-0.101,0.726,0.00986,-0.0952,0.727
0.01,-0.101,0.726,0.00986,-0.0952,0.727
0.01,-0.101,0.726,0.00987,-0.0952,0.727
0.01,-0.101,0.726,0.00987,-0.0951,0.727
0.01,-0.101,0.726,0.00988,-0.0951,0.727
0.01,-0.101,0.726,0.00988,-0.0951,0.727
0.01,-0.101,0.726,0.00989,-0.0951,0.727
0.01,-0.101,0.726,0.00989,-0.0951,0.727
0.01,-0.101,0.726,0.00989,-0.095,0.727
0.01,-0.101,0.726,0.0099,-0.095,0.727
0.01,-0.101,0.726,0.0099,-0.095,0.727
0.01,-0.101,0.726,0.00991,-0.095,0.727
0.01,-0.101,0.726,0.00991,-0.095,0.727
0.01,-0.101,0.726,0.00992,-0.0949,0.727
0.01,-0.101,0.726,0.00992,-0.0949,0.727
0.01,-0.101,0.726,0.00993,-0.0949,0.727
0.01,-0.101,0.726,0.00993,-0.0949,0.727
0.01,-0.101,0.726,0.00993,-0.0949,0.727
0.01,-0.101,0.726,0.00994,-0.0948,0.727
0.01,-0.101,0.726,0.00994,-0.0948,0.727
0.01,-0.101,0.726,0.00995,-0.0948,0.727
0.01,-0.101,0.726,0.00995,-0.0948,0.727
0.01,-0.101,0.726,0.00996,-0.0948,0.727
0.01,-0.101,0.726,0.00996,-0.0947,0.727
0.01,-0.101,0.726,0.00997,-0.0947,0.727
0.01,-0.101,0.726,0.00997,-0.0947,0.727
0.01,-0.101,0.726,0.00997,-0.0947,0.727
0.01,-0.101,0.726,0.00998,-0.0947,0.727
0.01,-0.101,0.726,0.00998,-0.0946,0.727
0.01,-0.101,0.726,0.00999,-0.0946,0.727
0.01,-0.101,0.726,0.00999,-0.0946,0.727
0.01,-0.101,0.726,0.01,-0.0946,0.727
0.01,-0.101,0.726,0.01,-0.0946,0.727
0.01,-0.101,0.726,0.01,-0.0945,0.727
0.01,-0.101,0.726,0.01,-0.0945,0.727
0.01,-0.101,0.726,0.01,-0.0945,0.727
0.01,-0.101,0.726,0.01,-0.0945,0.727
0.01,-0.101,0.726,0.01,-0.0944,0.727
0.01,-0.101,0.726,0.01,-0.0944,0.727
0.01,-0.101,0.726,0.01,-0.0944,0.727
0.01,-0.101,0.726,0.01,-0.0944,0.727
0.01,-0.101,0.726,0.01,-0.0944,0.727
0.01,-0.101,0.726,0.01,-0.0943,0.727
0.01,-0.101,0.726,0.0101,-0.0943,0.727
0.01,-0.101,0.726,0.0101,-0.0943,0.727
0.01,-0.101,0.726,0.0101,-0.0943,0.727
0.01,-0.101,0.726,0.0101,-0.0943,0.727
0.01,-0.101,0.726,0.0101,-0.0942,0.727
0.01,-0.101,0.726,0.0101,-0.0942,0.727
0.01,-0.101,0.726,0.0101,-0.0942,0.727
0.01,-0.101,0.726,0.0101,-0.0942,0.728
0.01,-0.101,0.726,0.0101,-0.0942,0.728
0.01,-0.101,0.726,0.0101,-0.0941,0.728
0.01,-0.101,0.726,0.0101,-0.0941,0.728
0.01,-0.101,0.726,0.0101,-0.0941,0.728
0.01,-0.101,0.726,0.0101,-0.0941,0.728
0.01,-0.101,0.726,0.0101,-0.0941,0.728
0.01,-0.101,0.726,0.0101,-0.094,0.728
0.01,-0.101,0.726,0.0101,-0.094,0.728
0.01,-0.101,0.726,0.0101,-0.094,0.728
0.01,-0.101,0.726,0.0101,-0.094,0.728
0.01,-0.101,0.726,0.0101,-0.0939,0.728
0.01,-0.101,0.726,0.0101,-0.0939,0.728
0.01,-0.101,0.726,0.0101,-0.0939,0.728
0.01,-0.101,0.726,0.0101,-0.0939,0.728
0.01,-0.101,0.726,0.0102,-0.0939,0.728
0.01,-0.101,0.726,0.0102,-0.0938,0.728
0.01,-0.101,0.726,0.0102,-0.0938,0.728
0.01,-0.101,0.726,0.0102,-0.0938,0.728
0.01,-0.101,0.726,0.0102,-0.0938,0.728
0.01,-0.101,0.726,0.0102,-0.0938,0.728
0.01,-0.101,0.726,0.0102,-0.0937,0.728
0.01,-0.101,0.726,0.0102,-0.0937,0.728
0.01,-0.101,0.726,0.0102,-0.0937,0.728
0.01,-0.101,0.726,0.0102,-0.0937,0.728
0.01,-0.101,0.726,0.0102,-0.0937,0.728
0.01,-0.101,0.726,0.0102,-0.0936,0.728
0.01,-0.101,0.726,0.0102,-0.0936,0.728
0.01,-0.101,0.726,0.0102,-0.0936,0.728
0.01,-0.101,0.726,0.0102,-0.0936,0.728
0.01,-0.101,0.726,0.0102,-0.0936,0.728
0.01,-0.101,0.726,0.0102,-0.0935,0.728
0.01,-0.101,0.726,0.0102,-0.0935,0.728
0.01,-0.101,0.726,0.0102,-0.0935,0.728
0.01,-0.101,0.726,0.0102,-0.0935,0.728
0.01,-0.101,0.726,0.0102,-0.0934,0.728
0.01,-0.101,0.726,0.0102,-0.0934,0.728
0.01,-0.101,0.726,0.0102,-0.0934,0.728
0.01,-0.101,0.726,0.0103,-0.0934,0.728
0.01,-0.101,0.726,0.0103,-0.0934,0.728
0.01,-0.101,0.726,0.0103,-0.0933,0.728
0.01,-0.101,0.726,0.0103,-0.0933,0.728
0.01,-0.101,0.726,0.0103,-0.0933,0.728
0.01,-0.101,0.726,0.0103,-0.0933,0.728
0.01,-0.101,0.726,0.0103,-0.0933,0.728
0.01,-0.101,0.726,0.0103,-0.0932,0.728
0.01,-0.101,0.726,0.0103,-0.0932,0.728
0.01,-0.101,0.726,0.0103,-0.0932,0.728
0.01,-0.101,0.726,0.0103,-0.0932,0.728
0.01,-0.101,0.726,0.0103,-0.0931,0.728
0.01,-0.101,0.726,0.0103,-0.0931,0.728
0.01,-0.101,0.726,0.0103,-0.0931,0.728
0.01,-0.101,0.726,0.0103,-0.0931,0.728
0.01,-0.101,0.726,0.0103,-0.0931,0.728
0.01,-0.101,0.726,0.0103,-0.093,0.728
0.01,-0.101,0.726,0.0103,-0.093,0.728
0.01,-0.101,0.726,0.0103,-0.093,0.728
0.01,-0.101,0.726,0.0103,-0.093,0.728
0.01,-0.101,0.726,0.0103,-0.093,0.728
0.01,-0.101,0.726,0.0103,-0.0929,0.728
0.01,-0.101,0.726,0.0104,-0.0929,0.728
0.01,-0.101,0.726,0.0104,-0.0929,0.728
0.01,-0.101,0.726,0.0104,-0.0929,0.728
0.01,-0.101,0.726,0.0104,-0.0928,0.728
0.01,-0.101,0.726,0.0104,-0.0928,0.728
0.01,-0.101,0.726,0.0104,-0.0928,0.728
0.01,-0.101,0.726,0.0104,-0.0928,0.728
0.01,-0.101,0.726,0.0104,-0.0928,0.728
0.01,-0.101,0.726,0.0104,-0.0927,0.728
0.01,-0.101,0.726,0.0104,-0.0927,0.728
0.01,-0.101,0.726,0.0104,-0.0927,0.728
0.01,-0.101,0.726,0.0104,-0.0927,0.728
0.01,-0.101,0.726,0.0104,-0.0927,0.728
0.01,-0.101,0.726,0.0104,-0.0926,0.728
0.01,-0.101,0.726,0.0104,-0.0926,0.728
0.01,-0.101,0.726,0.0104,-0.0926,0.728
0.01,-0.101,0.726,0.0104,-0.0926,0.728
0.01,-0.101,0.726,0.0104,-0.0925,0.728
0.01,-0.101,0.726,0.0104,-0.0925,0.728
0.01,-0.101,0.726,0.0104,-0.0925,0.728
0.01,-0.101,0.726,0.0104,-0.0925,0.728
0.01,-0.101,0.726,0.0104,-0.0925,0.728
0.01,-0.101,0.726,0.0105,-0.0924,0.728
0.01,-0.101,0.726,0.0105,-0.0924,0.728
0.01,-0.101,0.726,0.0105,-0.0924,0.728
0.01,-0.101,0.726,0.0105,-0.0924,0.728
0.01,-0.101,0.726,0.0105,-0.0924,0.728
0.01,-0.1,0.726,0.0105,-0.0923,0.728
0.01,-0.1,0.726,0.0105,-0.0923,0.728
0.01,-0.1,0.726,0.0105,-0.0923,0.728
0.01,-0.1,0.726,0.0105,-0.0923,0.728
0.01,-0.1,0.726,0.0105,-0.0922,0.728
0.01,-0.1,0.726,0.0105,-0.0922,0.728
0.01,-0.1,0.726,0.0105,-0.0922,0.728
0.01,-0.1,0.726,0.0105,-0.0922,0.728
0.01,-0.1,0.726,0.0105,-0.0922,0.728
0.01,-0.1,0.726,0.0105,-0.0921,0.728
0.01,-0.1,0.726,0.0105,-0.0921,0.728
0.01,-0.1,0.726,0.0105,-0.0921,0.728
0.01,-0.1,0.726,0.0105,-0.0921,0.728
0.01,-0.1,0.726,0.0105,-0.0921,0.728
0.01,-0.1,0.726,0.0105,-0.092,0.728
0.01,-0.1,0.726,0.0105,-0.092,0.728
0.01,-0.1,0.726,0.0105,-0.092,0.728
0.01,-0.1,0.726,0.0105,-0.092,0.728
0.01,-0.1,0.726,0.0106,-0.0919,0.728
0.01,-0.1,0.726,0.0106,-0.0919,0.728
0.01,-0.1,0.726,0.0106,-0.0919,0.728
0.01,-0.1,0.726,0.0106,-0.0919,0.728
0.01,-0.1,0.726,0.0106,-0.0919,0.728
0.01,-0.1,0.726,0.0106,-0.0918,0.728
0.01,-0.1,0.726,0.0106,-0.0918,0.728
0.01,-0.1,0.726,0.0106,-0.0918,0.728
0.01,-0.1,0.726,0.0106,-0.0918,0.728
0.01,-0.1,0.726,0.0106,-0.0918,0.728
0.01,-0.1,0.726,0.0106,-0.0917,0.728
0.01,-0.1,0.726,0.0106,-0.0917,0.728
0.01,-0.1,0.726,0.0106,-0.0917,0.728
0.01,-0.1,0.726,0.0106,-0.0917,0.728
0.01,-0.1,0.726,0.0106,-0.0916,0.728
0.01,-0.1,0.726,0.0106,-0.0916,0.728
0.01,-0.1,0.726,0.0106,-0.0916,0.728
0.01,-0.1,0.726,0.0106,-0.0916,0.728
0.01,-0.1,0.726,0.0106,-0.0916,0.728
0.01,-0.1,0.726,0.0106,-0.0915,0.728
0.01,-0.1,0.726,0.0106,-0.0915,0.728
0.01,-0.1,0.726,0.0106,-0.0915,0.728
0.01,-0.1,0.726,0.0106,-0.0915,0.728
0.01,-0.1,0.726,0.0106,-0.0915,0.728
0.01,-0.1,0.726,0.0107,-0.0914,0.728
0.01,-0.1,0.726,0.0107,-0.0914,0.728
0.01,-0.1,0.726,0.0107,-0.0914,0.728
0.01,-0.1,0.726,0.0107,-0.0914,0.728
0.01,-0.1,0.726,0.0107,-0.0913,0.728
0.01,-0.1,0.726,0.0107,-0.0913,0.728
0.01,-0.1,0.726,0.0107,-0.0913,0.728
0.01,-0.1,0.726,0.0107,-0.0913,0.728
0.01,-0.1,0.726,0.0107,-0.0913,0.728
0.01,-0.1,0.726,0.0107,-0.0912,0.728
0.01,-0.1,0.726,0.0107,-0.0912,0.728
0.01,-0.1,0.726,0.0107,-0.0912,0.728
0.01,-0.1,0.726,0.0107,-0.0912,0.728
0.01,-0.1,0.726,0.0107,-0.0912,0.728
0.01,-0.1,0.726,0.0107,-0.0911,0.728
0.01,-0.1,0.726,0.0107,-0.0911,0.728
0.01,-0.1,0.726,0.0107,-0.0911,0.728
0.01,-0.1,0.726,0.0107,-0.0911,0.728
0.01,-0.1,0.726,0.0107,-0.091,0.728
0.01,-0.1,0.726,0.0107,-0.091,0.728
0.01,-0.1,0.726,0.0107,-0.091,0.728
0.01,-0.1,0.726,0.0107,-0.091,0.728
0.01,-0.1,0.726,0.0107,-0.091,0.728
0.01,-0.1,0.726,0.0107,-0.0909,0.728
0.01,-0.1,0.726,0.0108,-0.0909,0.728
0.01,-0.1,0.726,0.0108,-0.0909,0.728
0.01,-0.1,0.726,0.0108,-0.0909,0.728
0.01,-0.1,0.726,0.0108,-0.0908,0.728
0.01,-0.1,0.726,0.0108,-0.0908,0.728
0.01,-0.1,0.726,0.0108,-0.0908,0.728
0.01,-0.1,0.726,0.0108,-0.0908,0.728
0.01,-0.1,0.726,0.0108,-0.0908,0.728
0.01,-0.1,0.726,0.0108,-0.0907,0.728
0.01,-0.1,0.726,0.0108,-0.0907,0.728
0.01,-0.1,0.726,0.0108,-0.0907,0.728
0.01,-0.1,0.726,0.0108,-0.0907,0.728
0.01,-0.1,0.726,0.0108,-0.0907,0.728
0.01,-0.1,0.726,0.0108,-0.0906,0.728
0.01,-0.1,0.726,0.0108,-0.0906,0.728
0.01,-0.1,0.726,0.0108,-0.0906,0.728
0.01,-0.1,0.726,0.0108,-0.0906,0.728
0.01,-0.1,0.726,0.0108,-0.0905,0.728
0.01,-0.1,0.726,0.0108,-0.0905,0.728
0.01,-0.1,0.726,0.0108,-0.0905,0.728
0.01,-0.1,0.726,0.0108,-0.0905,0.728
0.01,-0.1,0.726,0.0108,-0.0905,0.728
0.01,-0.1,0.726,0.0108,-0.0904,0.728
0.01,-0.1,0.726,0.0108,-0.0904,0.728
0.01,-0.1,0.726,0.0108,-0.0904,0.728
0.01,-0.1,0.726,0.0109,-0.0904,0.728
0.01,-0.1,0.726,0.0109,-0.0904,0.728
0.01,-0.1,0.726,0.0109,-0.0903,0.728
0.01,-0.1,0.726,0.0109,-0.0903,0.728
0.01,-0.1,0.726,0.0109,-0.0903,0.728
0.01,-0.1,0.726,0.0109,-0.0903,0.728
0.01,-0.1,0.726,0.0109,-0.0902,0.728
0.01,-0.1,0.726,0.0109,-0.0902,0.728
0.01,-0.1,0.726,0.0109,-0.0902,0.728
0.01,-0.0999,0.726,0.0109,-0.0902,0.728
0.01,-0.0999,0.726,0.0109,-0.0902,0.728
0.01,-0.0999,0.726,0.0109,-0.0901,0.728
0.01,-0.0999,0.726,0.0109,-0.0901,0.728
0.01,-0.0999,0.726,0.0109,-0.0901,0.728
0.01,-0.0999,0.726,0.0109,-0.0901,0.728
0.01,-0.0999,0.726,0.0109,-0.0901,0.728
0.01,-0.0999,0.726,0.0109,-0.09,0.728
0.01,-0.0999,0.726,0.0109,-0.09,0.728
0.01,-0.0999,0.726,0.0109,-0.09,0.728
0.01,-0.0999,0.726,0.0109,-0.09,0.728
0.01,-0.0999,0.726,0.0109,-0.0899,0.728
0.01,-0.0999,0.726,0.0109,-0.0899,0.728
0.01,-0.0999,0.726,0.0109,-0.0899,0.728
0.01,-0.0999,0.726,0.0109,-0.0899,0.728
0.01,-0.0999,0.726,0.0109,-0.0899,0.728
0.01,-0.0999,0.726,0.0109,-0.0898,0.728
0.01,-0.0998,0.726,0.0109,-0.0898,0.728
0.01,-0.0998,0.726,0.011,-0.0898,0.728
0.01,-0.0998,0.726,0.011,-0.0898,0.728
0.01,-0.0998,0.726,0.011,-0.0898,0.728
0.01,-0.0998,0.726,0.011,-0.0897,0.728
0.01,-0.0998,0.726,0.011,-0.0897,0.728
0.01,-0.0998,0.726,0.011,-0.0897,0.728
0.01,-0.0998,0.726,0.011,-0.0897,0.728
0.01,-0.0998,0.726,0.011,-0.0896,0.728
0.01,-0.0998,0.726,0.011,-0.0896,0.728
0.01,-0.0998,0.726,0.011,-0.0896,0.728
0.01,-0.0998,0.726,0.011,-0.0896,0.728
0.01,-0.0998,0.726,0.011,-0.0896,0.728
0.01,-0.0998,0.726,0.011,-0.0895,0.728
0.01,-0.0998,0.726,0.011,-0.0895,0.729
0.01,-0.0998,0.726,0.011,-0.0895,0.729
0.01,-0.0997,0.726,0.011,-0.0895,0.729
0.01,-0.0997,0.726,0.011,-0.0895,0.729
0.01,-0.0997,0.726,0.011,-0.0894,0.729
0.01,-0.0997,0.726,0.011,-0.0894,0.729
0.01,-0.0997,0.726,0.011,-0.0894,0.729
0.01,-0.0997,0.726,0.011,-0.0894,0.729
0.01,-0.0997,0.726,0.011,-0.0893,0.729
0.01,-0.0997,0.726,0.011,-0.0893,0.729
0.01,-0.0997,0.726,0.011,-0.0893,0.729
0.01,-0.0997,0.726,0.011,-0.0893,0.729
0.01,-0.0997,0.726,0.011,-0.0893,0.729
0.01,-0.0997,0.726,0.011,-0.0892,0.729
0.01,-0.0997,0.726,0.011,-0.0892,0.729
0.01,-0.0997,0.726,0.0111,-0.0892,0.729
0.01,-0.0997,0.726,0.0111,-0.0892,0.729
0.01,-0.0997,0.726,0.0111,-0.0892,0.729
0.01,-0.0997,0.726,0.0111,-0.0891,0.729
0.01,-0.0996,0.726,0.0111,-0.0891,0.729
0.01,-0.0996,0.726,0.0111,-0.0891,0.729
0.01,-0.0996,0.726,0.0111,-0.0891,0.729
0.01,-0.0996,0.726,0.0111,-0.089,0.729
0.01,-0.0996,0.726,0.0111,-0.089,0.729
0.01,-0.0996,0.726,0.0111,-0.089,0.729
0.01,-0.0996,0.726,0.0111,-0.089,0.729
0.01,-0.0996,0.726,0.0111,-0.089,0.729
0.01,-0.0996,0.726,0.0111,-0.0889,0.729
0.01,-0.0996,0.726,0.0111,-0.0889,0.729
0.01,-0.0996,0.726,0.0111,-0.0889,0.729
0.01,-0.0996,0.726,0.0111,-0.0889,0.729
0.01,-0.0996,0.726,0.0111,-0.0889,0.729
0.01,-0.0996,0.726,0.0111,-0.0888,0.729
0.01,-0.0996,0.726,0.0111,-0.0888,0.729
0.01,-0.0996,0.726,0.0111,-0.0888,0.729
0.01,-0.0995,0.726,0.0111,-0.0888,0.729
0.01,-0.0995,0.726,0.0111,-0.0887,0.729
0.01,-0.0995,0.726,0.0111,-0.0887,0.729
0.01,-0.0995,0.726,0.0111,-0.0887,0.729
0.01,-0.0995,0.726,0.0111,-0.0887,0.729
0.01,-0.0995,0.726,0.0111,-0.0887,0.729
0.01,-0.0995,0.726,0.0111,-0.0886,0.729
0.01,-0.0995,0.726,0.0111,-0.0886,0.729
0.01,-0.0995,0.726,0.0111,-0.0886,0.729
0.01,-0.0995,0.726,0.0111,-0.0886,0.729
0.01,-0.0995,0.726,0.0111,-0.0886,0.729
0.01,-0.0995,0.726,0.0112,-0.0885,0.729
0.01,-0.0995,0.726,0.0112,-0.0885,0.729
0.01,-0.0995,0.726,0.0112,-0.0885,0.729
0.01,-0.0995,0.726,0.0112,-0.0885,0.729
0.01,-0.0994,0.726,0.0112,-0.0884,0.729
0.01,-0.0994,0.726,0.0112,-0.0884,0.729
0.01,-0.0994,0.726,0.0112,-0.0884,0.729
0.01,-0.0994,0.726,0.0112,-0.0884,0.729
0.01,-0.0994,0.726,0.0112,-0.0884,0.729
0.01,-0.0994,0.726,0.0112,-0.0883,0.729
0.01,-0.0994,0.726,0.0112,-0.0883,0.729
0.01,-0.0994,0.726,0.0112,-0.0883,0.729
0.01,-0.0994,0.726,0.0112,-0.0883,0.729
0.01,-0.0994,0.726,0.0112,-0.0883,0.729
0.01,-0.0994,0.726,0.0112,-0.0882,0.729
0.01,-0.0994,0.726,0.0112,-0.0882,0.729
0.01,-0.0994,0.726,0.0112,-0.0882,0.729
0.01,-0.0994,0.726,0.0112,-0.0882,0.729
0.01,-0.0994,0.726,0.0112,-0.0882,0.729
0.01,-0.0994,0.726,0.0112,-0.0881,0.729
0.01,-0.0993,0.726,0.0112,-0.0881,0.729
0.01,-0.0993,0.726,0.0112,-0.0881,0.729
0.01,-0.0993,0.726,0.0112,-0.0881,0.729
0.01,-0.0993,0.726,0.0112,-0.088,0.729
0.01,-0.0993,0.726,0.0112,-0.088,0.729
0.01,-0.0993,0.726,0.0112,-0.088,0.729
0.01,-0.0993,0.726,0.0112,-0.088,0.729
0.01,-0.0993,0.726,0.0112,-0.088,0.729
0.01,-0.0993,0.726,0.0112,-0.0879,0.729
0.01,-0.0993,0.726,0.0112,-0.0879,0.729
0.01,-0.0993,0.726,0.0112,-0.0879,0.729
0.01,-0.0993,0.726,0.0112,-0.0879,0.729
0.01,-0.0993,0.726,0.0112,-0.0879,0.729
0.01,-0.0993,0.726,0.0113,-0.0878,0.729
0.01,-0.0993,0.726,0.0113,-0.0878,0.729
0.01,-0.0992,0.726,0.0113,-0.0878,0.729
0.01,-0.0992,0.726,0.0113,-0.0878,0.729
0.01,-0.0992,0.726,0.0113,-0.0878,0.729
0.01,-0.0992,0.726,0.0113,-0.0877,0.729
0.01,-0.0992,0.726,0.0113,-0.0877,0.729
0.01,-0.0992,0.726,0.0113,-0.0877,0.729
0.01,-0.0992,0.726,0.0113,-0.0877,0.729
0.01,-0.0992,0.726,0.0113,-0.0876,0.729
0.01,-0.0992,0.726,0.0113,-0.0876,0.729
0.01,-0.0992,0.726,0.0113,-0.0876,0.729
0.01,-0.0992,0.726,0.0113,-0.0876,0.729
0.01,-0.0992,0.726,0.0113,-0.0876,0.729
0.01,-0.0992,0.726,0.0113,-0.0875,0.729
0.01,-0.0992,0.726,0.0113,-0.0875,0.729
0.01,-0.0992,0.726,0.0113,-0.0875,0.729
0.01,-0.0991,0.726,0.0113,-0.0875,0.729
0.01,-0.0991,0.726,0.0113,-0.0875,0.729
0.01,-0.0991,0.726,0.0113,-0.0874,0.729
0.01,-0.0991,0.726,0.0113,-0.0874,0.729
0.01,-0.0991,0.726,0.0113,-0.0874,0.729
0.01,-0.0991,0.726,0.0113,-0.0874,0.729
0.01,-0.0991,0.726,0.0113,-0.0873,0.729
0.01,-0.0991,0.726,0.0113,-0.0873,0.729
0.01,-0.0991,0.726,0.0113,-0.0873,0.729
0.01,-0.0991,0.726,0.0113,-0.0873,0.729
0.01,-0.0991,0.726,0.0113,-0.0873,0.729
0.01,-0.0991,0.726,0.0113,-0.0872,0.729
0.01,-0.0991,0.726,0.0113,-0.0872,0.729
0.01,-0.0991,0.726,0.0113,-0.0872,0.729
0.01,-0.0991,0.726,0.0113,-0.0872,0.729
0.01,-0.099,0.726,0.0113,-0.0872,0.729
0.01,-0.099,0.726,0.0113,-0.0871,0.729
0.01,-0.099,0.726,0.0113,-0.0871,0.729
0.01,-0.099,0.726,0.0113,-0.0871,0.729
0.01,-0.099,0.726,0.0113,-0.0871,0.729
0.01,-0.099,0.726,0.0113,-0.0871,0.729
0.01,-0.099,0.726,0.0114,-0.087,0.729
0.01,-0.099,0.726,0.0114,-0.087,0.729
0.01,-0.099,0.726,0.0114,-0.087,0.729
0.01,-0.099,0.726,0.0114,-0.087,0.729
0.01,-0.099,0.726,0.0114,-0.0869,0.729
0.01,-0.099,0.726,0.0114,-0.0869,0.729
0.01,-0.099,0.726,0.0114,-0.0869,0.729
0.01,-0.099,0.726,0.0114,-0.0869,0.729
0.01,-0.099,0.726,0.0114,-0.0869,0.729
0.01,-0.0989,0.726,0.0114,-0.0868,0.729
0.01,-0.0989,0.726,0.0114,-0.0868,0.729
0.01,-0.0989,0.726,0.0114,-0.0868,0.729
0.01,-0.0989,0.726,0.0114,-0.0868,0.729
0.01,-0.0989,0.726,0.0114,-0.0868,0.729
0.01,-0.0989,0.726,0.0114,-0.0867,0.729
0.01,-0.0989,0.726,0.0114,-0.0867,0.729
0.01,-0.0989,0.726,0.0114,-0.0867,0.729
0.01,-0.0989,0.726,0.0114,-0.0867,0.729
0.01,-0.0989,0.726,0.0114,-0.0867,0.729
0.01,-0.0989,0.726,0.0114,-0.0866,0.729
0.01,-0.0989,0.726,0.0114,-0.0866,0.729
0.01,-0.0989,0.726,0.0114,-0.0866,0.729
0.01,-0.0989,0.726,0.0114,-0.0866,0.729
0.01,-0.0988,0.726,0.0114,-0.0866,0.729
0.01,-0.0988,0.726,0.0114,-0.0865,0.729
0.01,-0.0988,0.726,0.0114,-0.0865,0.729
0.01,-0.0988,0.726,0.0114,-0.0865,0.729
0.01,-0.0988,0.726,0.0114,-0.0865,0.729
0.01,-0.0988,0.726,0.0114,-0.0864,0.729
0.01,-0.0988,0.726,0.0114,-0.0864,0.729
0.01,-0.0988,0.726,0.0114,-0.0864,0.729
0.01,-0.0988,0.726,0.0114,-0.0864,0.729
0.01,-0.0988,0.726,0.0114,-0.0864,0.729
0.01,-0.0988,0.726,0.0114,-0.0863,0.729
0.01,-0.0988,0.726,0.0114,-0.0863,0.729
0.01,-0.0988,0.726,0.0114,-0.0863,0.729
0.01,-0.0988,0.726,0.0114,-0.0863,0.729
0.01,-0.0988,0.726,0.0114,-0.0863,0.729
0.01,-0.0987,0.726,0.0114,-0.0862,0.729
0.01,-0.0987,0.726,0.0114,-0.0862,0.729
0.01,-0.0987,0.726,0.0114,-0.0862,0.729
0.01,-0.0987,0.726,0.0114,-0.0862,0.729
0.01,-0.0987,0.726,0.0114,-0.0862,0.729
0.01,-0.0987,0.726,0.0114,-0.0861,0.729
0.01,-0.0987,0.726,0.0114,-0.0861,0.729
0.01,-0.0987,0.726,0.0115,-0.0861,0.729
0.01,-0.0987,0.726,0.0115,-0.0861,0.729
0.01,-0.0987,0.726,0.0115,-0.086,0.729
0.01,-0.0987,0.726,0.0115,-0.086,0.729
0.01,-0.0987,0.726,0.0115,-0.086,0.729
0.01,-0.0987,0.726,0.0115,-0.086,0.729
0.01,-0.0987,0.726,0.0115,-0.086,0.729
0.01,-0.0986,0.726,0.0115,-0.0859,0.729
0.01,-0.0986,0.726,0.0115,-0.0859,0.729
0.01,-0.0986,0.726,0.0115,-0.0859,0.729
0.01,-0.0986,0.726,0.0115,-0.0859,0.729
0.01,-0.0986,0.726,0.0115,-0.0859,0.729
0.01,-0.0986,0.726,0.0115,-0.0858,0.729
0.01,-0.0986,0.726,0.0115,-0.0858,0.729
0.01,-0.0986,0.726,0.0115,-0.0858,0.729
0.01,-0.0986,0.726,0.0115,-0.0858,0.729
0.01,-0.0986,0.726,0.0115,-0.0858,0.729
0.01,-0.0986,0.726,0.0115,-0.0857,0.729
0.01,-0.0986,0.726,0.0115,-0.0857,0.729
0.01,-0.0986,0.726,0.0115,-0.0857,0.729
0.01,-0.0986,0.726,0.0115,-0.0857,0.729
0.01,-0.0985,0.726,0.0115,-0.0857,0.729
0.01,-0.0985,0.726,0.0115,-0.0856,0.729
0.01,-0.0985,0.726,0.0115,-0.0856,0.729
0.01,-0.0985,0.726,0.0115,-0.0856,0.729
0.01,-0.0985,0.726,0.0115,-0.0856,0.729
0.01,-0.0985,0.726,0.0115,-0.0855,0.729
0.01,-0.0985,0.726,0.0115,-0.0855,0.729
0.01,-0.0985,0.726,0.0115,-0.0855,0.729
0.01,-0.0985,0.726,0.0115,-0.0855,0.729
0.01,-0.0985,0.726,0.0115,-0.0855,0.729
0.01,-0.0985,0.726,0.0115,-0.0854,0.729
0.01,-0.0985,0.726,0.0115,-0.0854,0.729
0.01,-0.0985,0.726,0.0115,-0.0854,0.729
0.01,-0.0984,0.726,0.0115,-0.0854,0.729
0.01,-0.0984,0.726,0.0115,-0.0854,0.729
0.01,-0.0984,0.726,0.0115,-0.0853,0.729
0.01,-0.0984,0.726,0.0115,-0.0853,0.729
0.01,-0.0984,0.726,0.0115,-0.0853,0.729
0.01,-0.0984,0.726,0.0115,-0.0853,0.729
0.01,-0.0984,0.726,0.0115,-0.0853,0.729
0.01,-0.0984,0.726,0.0115,-0.0852,0.729
0.01,-0.0984,0.726,0.0115,-0.0852,0.729
0.01,-0.0984,0.726,0.0115,-0.0852,0.729
0.01,-0.0984,0.726,0.0115,-0.0852,0.729
0.01,-0.0984,0.726,0.0115,-0.0852,0.729
0.01,-0.0984,0.726,0.0115,-0.0851,0.729
0.01,-0.0984,0.726,0.0115,-0.0851,0.729
0.01,-0.0983,0.726,0.0115,-0.0851,0.729
0.01,-0.0983,0.726,0.0115,-0.0851,0.729
0.01,-0.0983,0.726,0.0115,-0.0851,0.729
0.01,-0.0983,0.726,0.0115,-0.085,0.729
0.01,-0.0983,0.726,0.0115,-0.085,0.729
0.01,-0.0983,0.726,0.0115,-0.085,0.729
0.01,-0.0983,0.726,0.0115,-0.085,0.729
0.01,-0.0983,0.726,0.0115,-0.085,0.729
0.01,-0.0983,0.726,0.0115,-0.0849,0.729
0.01,-0.0983,0.727,0.0115,-0.0849,0.729
0.01,-0.0983,0.727,0.0116,-0.0849,0.729
0.01,-0.0983,0.727,0.0116,-0.0849,0.729
0.01,-0.0983,0.727,0.0116,-0.0849,0.729
0.01,-0.0983,0.727,0.0116,-0.0848,0.73
0.01,-0.0982,0.727,0.0116,-0.0848,0.73
0.01,-0.0982,0.727,0.0116,-0.0848,0.73
0.01,-0.0982,0.727,0.0116,-0.0848,0.73
0.01,-0.0982,0.727,0.0116,-0.0848,0.73
0.01,-0.0982,0.727,0.0116,-0.0847,0.73
0.01,-0.0982,0.727,0.0116,-0.0847,0.73
0.01,-0.0982,0.727,0.0116,-0.0847,0.73
0.01,-0.0982,0.727,0.0116,-0.0847,0.73
0.01,-0.0982,0.727,0.0116,-0.0847,0.73
0.01,-0.0982,0.727,0.0116,-0.0846,0.73
0.01,-0.0982,0.727,0.0116,-0.0846,0.73
0.01,-0.0982,0.727,0.0116,-0.0846,0.73
0.01,-0.0982,0.727,0.0116,-0.0846,0.73
0.01,-0.0981,0.727,0.0116,-0.0846,0.73
0.01,-0.0981,0.727,0.0116,-0.0845,0.73
0.01,-0.0981,0.727,0.0116,-0.0845,0.73
0.01,-0.0981,0.727,0.0116,-0.0845,0.73
0.01,-0.0981,0.727,0.0116,-0.0845,0.73
0.01,-0.0981,0.727,0.0116,-0.0844,0.73
0.01,-0.0981,0.727,0.0116,-0.0844,0.73
0.01,-0.0981,0.727,0.0116,-0.0844,0.73
0.01,-0.0981,0.727,0.0116,-0.0844,0.73
0.01,-0.0981,0.727,0.0116,-0.0844,0.73
0.01,-0.0981,0.727,0.0116,-0.0843,0.73
0.01,-0.0981,0.727,0.0116,-0.0843,0.73
0.01,-0.0981,0.727,0.0116,-0.0843,0.73
0.01,-0.098,0.727,0.0116,-0.0843,0.73
0.01,-0.098,0.727,0.0116,-0.0843,0.73
0.01,-0.098,0.727,0.0116,-0.0842,0.73
0.01,-0.098,0.727,0.0116,-0.0842,0.73
0.01,-0.098,0.727,0.0116,-0.0842,0.73
0.01,-0.098,0.727,0.0116,-0.0842,0.73
0.01,-0.098,0.727,0.0116,-0.0842,0.73
0.01,-0.098,0.727,0.0116,-0.0841,0.73
0.01,-0.098,0.727,0.0116,-0.0841,0.73
0.01,-0.098,0.727,0.0116,-0.0841,0.73
0.01,-0.098,0.727,0.0116,-0.0841,0.73
0.01,-0.098,0.727,0.0116,-0.0841,0.73
0.01,-0.098,0.727,0.0116,-0.084,0.73
0.01,-0.0979,0.727,0.0116,-0.084,0.73
0.01,-0.0979,0.727,0.0116,-0.084,0.73
0.01,-0.0979,0.727,0.0116,-0.084,0.73
0.01,-0.0979,0.727,0.0116,-0.084,0.73
0.01,-0.0979,0.727,0.0116,-0.0839,0.73
0.01,-0.0979,0.727,0.0116,-0.0839,0.73
0.01,-0.0979,0.727,0.0116,-0.0839,0.73
0.01,-0.0979,0.727,0.0116,-0.0839,0.73
0.01,-0.0979,0.727,0.0116,-0.0839,0.73
0.01,-0.0979,0.727,0.0116,-0.0838,0.73
0.01,-0.0979,0.727,0.0116,-0.0838,0.73
0.01,-0.0979,0.727,0.0116,-0.0838,0.73
0.01,-0.0979,0.727,0.0116,-0.0838,0.73
0.01,-0.0978,0.727,0.0116,-0.0838,0.73
0.01,-0.0978,0.727,0.0116,-0.0837,0.73
0.01,-0.0978,0.727,0.0116,-0.0837,0.73
0.01,-0.0978,0.727,0.0116,-0.0837,0.73
0.01,-0.0978,0.727,0.0116,-0.0837,0.73
0.01,-0.0978,0.727,0.0116,-0.0837,0.73
0.01,-0.0978,0.727,0.0116,-0.0836,0.73
0.01,-0.0978,0.727,0.0116,-0.0836,0.73
0.01,-0.0978,0.727,0.0116,-0.0836,0.73
0.01,-0.0978,0.727,0.0116,-0.0836,0.73
0.01,-0.0978,0.727,0.0116,-0.0836,0.73
0.01,-0.0978,0.727,0.0116,-0.0835,0.73
0.01,-0.0978,0.727,0.0116,-0.0835,0.73
0.01,-0.0977,0.727,0.0116,-0.0835,0.73
0.01,-0.0977,0.727,0.0116,-0.0835,0.73
0.01,-0.0977,0.727,0.0116,-0.0835,0.73
0.01,-0.0977,0.727,0.0116,-0.0835,0.73
0.01,-0.0977,0.727,0.0116,-0.0834,0.73
0.01,-0.0977,0.727,0.0116,-0.0834,0.73
0.01,-0.0977,0.727,0.0116,-0.0834,0.73
0.01,-0.0977,0.727,0.0116,-0.0834,0.73
0.01,-0.0977,0.727,0.0116,-0.0834,0.73
0.01,-0.0977,0.727,0.0116,-0.0833,0.73
0.01,-0.0977,0.727,0.0116,-0.0833,0.73
0.01,-0.0977,0.727,0.0116,-0.0833,0.73
0.01,-0.0977,0.727,0.0116,-0.0833,0.73
0.01,-0.0976,0.727,0.0116,-0.0833,0.73
0.01,-0.0976,0.727,0.0116,-0.0832,0.73
0.01,-0.0976,0.727,0.0116,-0.0832,0.73
0.01,-0.0976,0.727,0.0116,-0.0832,0.73
0.01,-0.0976,0.727,0.0116,-0.0832,0.73
0.01,-0.0976,0.727,0.0116,-0.0832,0.73
0.01,-0.0976,0.727,0.0116,-0.0831,0.73
0.01,-0.0976,0.727,0.0116,-0.0831,0.73
0.01,-0.0976,0.727,0.0116,-0.0831,0.73
0.01,-0.0976,0.727,0.0116,-0.0831,0.73
0.01,-0.0976,0.727,0.0116,-0.0831,0.73
0.01,-0.0976,0.727,0.0116,-0.083,0.73
0.01,-0.0976,0.727,0.0116,-0.083,0.73
0.01,-0.0975,0.727,0.0116,-0.083,0.73
0.01,-0.0975,0.727,0.0116,-0.083,0.73
0.01,-0.0975,0.727,0.0116,-0.083,0.73
0.01,-0.0975,0.727,0.0116,-0.0829,0.73
0.01,-0.0975,0.727,0.0117,-0.0829,0.73
0.01,-0.0975,0.727,0.0117,-0.0829,0.73
0.01,-0.0975,0.727,0.0117,-0.0829,0.73
0.01,-0.0975,0.727,0.0117,-0.0829,0.73
0.01,-0.0975,0.727,0.0117,-0.0828,0.73
0.01,-0.0975,0.727,0.0117,-0.0828,0.73
0.01,-0.0975,0.727,0.0117,-0.0828,0.73
0.01,-0.0975,0.727,0.0117,-0.0828,0.73
0.01,-0.0974,0.727,0.0117,-0.0828,0.73
0.01,-0.0974,0.727,0.0117,-0.0827,0.73
0.01,-0.0974,0.727,0.0117,-0.0827,0.73
0.01,-0.0974,0.727,0.0117,-0.0827,0.73
0.01,-0.0974,0.727,0.0117,-0.0827,0.73
0.01,-0.0974,0.727,0.0117,-0.0827,0.73
0.01,-0.0974,0.727,0.0117,-0.0826,0.73
0.01,-0.0974,0.727,0.0117,-0.0826,0.73
0.01,-0.0974,0.727,0.0117,-0.0826,0.73
0.01,-0.0974,0.727,0.0117,-0.0826,0.73
0.01,-0.0974,0.727,0.0117,-0.0826,0.73
0.01,-0.0974,0.727,0.0117,-0.0826,0.73
0.01,-0.0974,0.727,0.0117,-0.0825,0.73
0.01,-0.0973,0.727,0.0117,-0.0825,0.73
0.01,-0.0973,0.727,0.0117,-0.0825,0.73
0.01,-0.0973,0.727,0.0117,-0.0825,0.73
0.01,-0.0973,0.727,0.0117,-0.0825,0.73
0.01,-0.0973,0.727,0.0117,-0.0824,0.73
0.01,-0.0973,0.727,0.0117,-0.0824,0.73
0.01,-0.0973,0.727,0.0117,-0.0824,0.73
0.01,-0.0973,0.727,0.0117,-0.0824,0.73
0.01,-0.0973,0.727,0.0117,-0.0824,0.73
0.01,-0.0973,0.727,0.0117,-0.0823,0.73
0.01,-0.0973,0.727,0.0117,-0.0823,0.73
0.01,-0.0973,0.727,0.0117,-0.0823,0.73
0.01,-0.0972,0.727,0.0117,-0.0823,0.73
0.01,-0.0972,0.727,0.0117,-0.0823,0.73
0.01,-0.0972,0.727,0.0117,-0.0822,0.73
0.01,-0.0972,0.727,0.0117,-0.0822,0.73
0.01,-0.0972,0.727,0.0117,-0.0822,0.73
0.01,-0.0972,0.727,0.0117,-0.0822,0.73
0.01,-0.0972,0.727,0.0117,-0.0822,0.73
0.01,-0.0972,0.727,0.0117,-0.0821,0.73
0.01,-0.0972,0.727,0.0117,-0.0821,0.73
0.01,-0.0972,0.727,0.0117,-0.0821,0.73
0.01,-0.0972,0.727,0.0117,-0.0821,0.73
0.01,-0.0972,0.727,0.0117,-0.0821,0.73
0.01,-0.0971,0.727,0.0117,-0.0821,0.73
0.01,-0.0971,0.727,0.0117,-0.082,0.73
0.01,-0.0971,0.727,0.0117,-0.082,0.73
0.01,-0.0971,0.727,0.0117,-0.082,0.73
0.01,-0.0971,0.727,0.0117,-0.082,0.73
0.01,-0.0971,0.727,0.0117,-0.082,0.73
0.01,-0.0971,0.727,0.0117,-0.0819,0.73
0.01,-0.0971,0.727,0.0117,-0.0819,0.73
0.01,-0.0971,0.727,0.0117,-0.0819,0.73
0.01,-0.0971,0.727,0.0117,-0.0819,0.73
0.01,-0.0971,0.727,0.0117,-0.0819,0.73
0.01,-0.0971,0.727,0.0117,-0.0818,0.73
0.01,-0.0971,0.727,0.0117,-0.0818,0.73
0.01,-0.097,0.727,0.0117,-0.0818,0.73
0.01,-0.097,0.727,0.0117,-0.0818,0.73
0.01,-0.097,0.727,0.0117,-0.0818,0.73
0.01,-0.097,0.727,0.0117,-0.0817,0.73
0.01,-0.097,0.727,0.0117,-0.0817,0.73
0.01,-0.097,0.727,0.0117,-0.0817,0.73
0.01,-0.097,0.727,0.0117,-0.0817,0.73
0.01,-0.097,0.727,0.0117,-0.0817,0.73
0.01,-0.097,0.727,0.0117,-0.0817,0.73
0.01,-0.097,0.727,0.0117,-0.0816,0.73
0.01,-0.097,0.727,0.0117,-0.0816,0.73
0.01,-0.097,0.727,0.0117,-0.0816,0.73
0.01,-0.0969,0.727,0.0117,-0.0816,0.73
0.01,-0.0969,0.727,0.0117,-0.0816,0.73
0.01,-0.0969,0.727,0.0117,-0.0815,0.73
0.01,-0.0969,0.727,0.0117,-0.0815,0.73
0.01,-0.0969,0.727,0.0117,-0.0815,0.73
0.01,-0.0969,0.727,0.0117,-0.0815,0.73
0.01,-0.0969,0.727,0.0117,-0.0815,0.73
0.01,-0.0969,0.727,0.0117,-0.0814,0.73
0.01,-0.0969,0.727,0.0117,-0.0814,0.73
0.01,-0.0969,0.727,0.0117,-0.0814,0.73
0.01,-0.0969,0.727,0.0117,-0.0814,0.73
0.01,-0.0969,0.727,0.0117,-0.0814,0.73
0.01,-0.0968,0.727,0.0117,-0.0814,0.73
0.01,-0.0968,0.727,0.0117,-0.0813,0.73
0.01,-0.0968,0.727,0.0117,-0.0813,0.73
0.01,-0.0968,0.727,0.0117,-0.0813,0.73
0.01,-0.0968,0.727,0.0117,-0.0813,0.73
0.01,-0.0968,0.727,0.0117,-0.0813,0.73
0.01,-0.0968,0.727,0.0117,-0.0812,0.73
0.01,-0.0968,0.727,0.0117,-0.0812,0.73
0.01,-0.0968,0.727,0.0117,-0.0812,0.73
0.01,-0.0968,0.727,0.0117,-0.0812,0.73
0.01,-0.0968,0.727,0.0117,-0.0812,0.73
0.01,-0.0968,0.727,0.0117,-0.0811,0.73
0.01,-0.0967,0.727,0.0117,-0.0811,0.73
0.01,-0.0967,0.727,0.0117,-0.0811,0.73
0.01,-0.0967,0.727,0.0117,-0.0811,0.73
0.01,-0.0967,0.727,0.0117,-0.0811,0.73
0.01,-0.0967,0.727,0.0117,-0.0811,0.73
0.01,-0.0967,0.727,0.0117,-0.081,0.73
0.01,-0.0967,0.727,0.0117,-0.081,0.73
0.01,-0.0967,0.727,0.0117,-0.081,0.73
0.01,-0.0967,0.727,0.0117,-0.081,0.73
0.01,-0.0967,0.727,0.0117,-0.081,0.73
0.01,-0.0967,0.727,0.0117,-0.0809,0.73
0.01,-0.0967,0.727,0.0117,-0.0809,0.73
0.01,-0.0966,0.727,0.0117,-0.0809,0.73
0.01,-0.0966,0.727,0.0117,-0.0809,0.73
0.01,-0.0966,0.727,0.0117,-0.0809,0.73
0.01,-0.0966,0.727,0.0117,-0.0809,0.73
0.01,-0.0966,0.727,0.0117,-0.0808,0.73
0.01,-0.0966,0.727,0.0117,-0.0808,0.73
0.01,-0.0966,0.727,0.0117,-0.0808,0.73
0.01,-0.0966,0.727,0.0117,-0.0808,0.73
0.01,-0.0966,0.727,0.0117,-0.0808,0.73
0.01,-0.0966,0.727,0.0117,-0.0807,0.73
0.01,-0.0966,0.727,0.0117,-0.0807,0.73
0.01,-0.0966,0.727,0.0117,-0.0807,0.73
0.01,-0.0965,0.727,0.0117,-0.0807,0.73
0.01,-0.0965,0.727,0.0117,-0.0807,0.73
0.01,-0.0965,0.727,0.0117,-0.0807,0.73
0.01,-0.0965,0.727,0.0117,-0.0806,0.73
0.01,-0.0965,0.727,0.0117,-0.0806,0.73
0.01,-0.0965,0.727,0.0117,-0.0806,0.73
0.01,-0.0965,0.727,0.0117,-0.0806,0.73
0.01,-0.0965,0.727,0.0117,-0.0806,0.73
0.01,-0.0965,0.727,0.0117,-0.0805,0.73
0.01,-0.0965,0.727,0.0117,-0.0805,0.73
0.01,-0.0965,0.727,0.0117,-0.0805,0.73
0.01,-0.0964,0.727,0.0117,-0.0805,0.73
0.01,-0.0964,0.727,0.0117,-0.0805,0.73
0.01,-0.0964,0.727,0.0117,-0.0805,0.73
0.01,-0.0964,0.727,0.0117,-0.0804,0.73
0.01,-0.0964,0.727,0.0117,-0.0804,0.73
0.01,-0.0964,0.727,0.0117,-0.0804,0.73
0.01,-0.0964,0.727,0.0117,-0.0804,0.73
0.01,-0.0964,0.727,0.0117,-0.0804,0.73
0.01,-0.0964,0.727,0.0117,-0.0803,0.73
0.01,-0.0964,0.727,0.0117,-0.0803,0.73
0.01,-0.0964,0.727,0.0117,-0.0803,0.73
0.01,-0.0964,0.727,0.0117,-0.0803,0.73
0.01,-0.0963,0.727,0.0117,-0.0803,0.73
0.01,-0.0963,0.727,0.0117,-0.0803,0.73
0.01,-0.0963,0.727,0.0117,-0.0802,0.73
0.01,-0.0963,0.727,0.0117,-0.0802,0.73
0.01,-0.0963,0.727,0.0117,-0.0802,0.73
0.01,-0.0963,0.727,0.0117,-0.0802,0.73
0.01,-0.0963,0.727,0.0117,-0.0802,0.73
0.01,-0.0963,0.727,0.0117,-0.0801,0.73
0.01,-0.0963,0.727,0.0117,-0.0801,0.73
0.01,-0.0963,0.727,0.0117,-0.0801,0.73
0.01,-0.0963,0.727,0.0117,-0.0801,0.731
0.01,-0.0963,0.727,0.0117,-0.0801,0.731
0.01,-0.0962,0.727,0.0117,-0.0801,0.731
0.01,-0.0962,0.727,0.0117,-0.08,0.731
0.01,-0.0962,0.727,0.0117,-0.08,0.731
0.01,-0.0962,0.727,0.0117,-0.08,0.731
0.01,-0.0962,0.727,0.0117,-0.08,0.731
0.01,-0.0962,0.727,0.0117,-0.08,0.731
0.01,-0.0962,0.727,0.0117,-0.0799,0.731
0.01,-0.0962,0.727,0.0117,-0.0799,0.731
0.01,-0.0962,0.727,0.0117,-0.0799,0.731
0.01,-0.0962,0.727,0.0117,-0.0799,0.731
0.01,-0.0962,0.727,0.0117,-0.0799,0.731
0.01,-0.0961,0.727,0.0117,-0.0799,0.731
0.01,-0.0961,0.727,0.0117,-0.0798,0.731
0.01,-0.0961,0.727,0.0117,-0.0798,0.731
0.01,-0.0961,0.727,0.0117,-0.0798,0.731
0.01,-0.0961,0.727,0.0117,-0.0798,0.731
0.01,-0.0961,0.727,0.0117,-0.0798,0.731
0.01,-0.0961,0.727,0.0117,-0.0797,0.731
0.01,-0.0961,0.727,0.0117,-0.0797,0.731
0.01,-0.0961,0.727,0.0117,-0.0797,0.731
0.01,-0.0961,0.727,0.0117,-0.0797,0.731
0.01,-0.0961,0.727,0.0117,-0.0797,0.731
0.01,-0.0961,0.727,0.0117,-0.0797,0.731
0.01,-0.096,0.727,0.0117,-0.0796,0.731
0.01,-0.096,0.727,0.0117,-0.0796,0.731
0.01,-0.096,0.727,0.0117,-0.0796,0.731
0.01,-0.096,0.727,0.0117,-0.0796,0.731
0.01,-0.096,0.727,0.0117,-0.0796,0.731
0.01,-0.096,0.727,0.0117,-0.0796,0.731
0.01,-0.096,0.727,0.0117,-0.0795,0.731
0.01,-0.096,0.727,0.0117,-0.0795,0.731
0.01,-0.096,0.727,0.0117,-0.0795,0.731
0.01,-0.096,0.727,0.0117,-0.0795,0.731
0.01,-0.096,0.727,0.0117,-0.0795,0.731
0.01,-0.096,0.727,0.0117,-0.0794,0.731
0.01,-0.0959,0.727,0.0117,-0.0794,0.731
0.01,-0.0959,0.727,0.0117,-0.0794,0.731
0.01,-0.0959,0.727,0.0116,-0.0794,0.731
0.01,-0.0959,0.727,0.0116,-0.0794,0.731
0.01,-0.0959,0.727,0.0116,-0.0794,0.731
0.01,-0.0959,0.727,0.0116,-0.0793,0.731
0.01,-0.0959,0.727,0.0116,-0.0793,0.731
0.01,-0.0959,0.727,0.0116,-0.0793,0.731
0.01,-0.0959,0.727,0.0116,-0.0793,0.731
0.01,-0.0959,0.727,0.0116,-0.0793,0.731
0.01,-0.0959,0.727,0.0116,-0.0793,0.731
0.01,-0.0958,0.727,0.0116,-0.0792,0.731
0.01,-0.0958,0.727,0.0116,-0.0792,0.731
0.01,-0.0958,0.727,0.0116,-0.0792,0.731
0.01,-0.0958,0.727,0.0116,-0.0792,0.731
0.01,-0.0958,0.727,0.0116,-0.0792,0.731
0.01,-0.0958,0.727,0.0116,-0.0792,0.731
0.01,-0.0958,0.727,0.0116,-0.0791,0.731
0.01,-0.0958,0.727,0.0116,-0.0791,0.731
0.01,-0.0958,0.727,0.0116,-0.0791,0.731
0.01,-0.0958,0.727,0.0116,-0.0791,0.731
0.01,-0.0958,0.727,0.0116,-0.0791,0.731
0.01,-0.0957,0.727,0.0116,-0.079,0.731
0.01,-0.0957,0.727,0.0116,-0.079,0.731
0.01,-0.0957,0.727,0.0116,-0.079,0.731
0.01,-0.0957,0.727,0.0116,-0.079,0.731
0.01,-0.0957,0.727,0.0116,-0.079,0.731
0.01,-0.0957,0.727,0.0116,-0.079,0.731
0.01,-0.0957,0.727,0.0116,-0.0789,0.731
0.01,-0.0957,0.727,0.0116,-0.0789,0.731
0.01,-0.0957,0.727,0.0116,-0.0789,0.731
0.01,-0.0957,0.727,0.0116,-0.0789,0.731
0.01,-0.0957,0.727,0.0116,-0.0789,0.731
0.01,-0.0957,0.727,0.0116,-0.0789,0.731
0.01,-0.0956,0.727,0.0116,-0.0788,0.731
0.01,-0.0956,0.727,0.0116,-0.0788,0.731
0.01,-0.0956,0.727,0.0116,-0.0788,0.731
0.01,-0.0956,0.727,0.0116,-0.0788,0.731
0.01,-0.0956,0.727,0.0116,-0.0788,0.731
0.01,-0.0956,0.727,0.0116,-0.0788,0.731
0.01,-0.0956,0.727,0.0116,-0.0787,0.731
0.01,-0.0956,0.727,0.0116,-0.0787,0.731
0.01,-0.0956,0.727,0.0116,-0.0787,0.731
0.01,-0.0956,0.727,0.0116,-0.0787,0.731
0.01,-0.0956,0.727,0.0116,-0.0787,0.731
0.01,-0.0955,0.727,0.0116,-0.0787,0.731
0.01,-0.0955,0.727,0.0116,-0.0786,0.731
0.01,-0.0955,0.727,0.0116,-0.0786,0.731
0.01,-0.0955,0.727,0.0116,-0.0786,0.731
0.01,-0.0955,0.727,0.0116,-0.0786,0.731
0.01,-0.0955,0.727,0.0116,-0.0786,0.731
0.01,-0.0955,0.727,0.0116,-0.0786,0.731
0.01,-0.0955,0.727,0.0116,-0.0785,0.731
0.01,-0.0955,0.727,0.0116,-0.0785,0.731
0.01,-0.0955,0.727,0.0116,-0.0785,0.731
0.01,-0.0955,0.727,0.0116,-0.0785,0.731
0.01,-0.0954,0.727,0.0116,-0.0785,0.731
0.01,-0.0954,0.727,0.0116,-0.0785,0.731
0.01,-0.0954,0.727,0.0116,-0.0784,0.731
0.01,-0.0954,0.727,0.0116,-0.0784,0.731
0.01,-0.0954,0.727,0.0116,-0.0784,0.731
0.01,-0.0954,0.727,0.0116,-0.0784,0.731
0.01,-0.0954,0.727,0.0116,-0.0784,0.731
0.01,-0.0954,0.727,0.0116,-0.0784,0.731
0.01,-0.0954,0.727,0.0116,-0.0783,0.731
0.01,-0.0954,0.727,0.0116,-0.0783,0.731
0.01,-0.0954,0.727,0.0116,-0.0783,0.731
0.01,-0.0954,0.727,0.0116,-0.0783,0.731
0.01,-0.0953,0.727,0.0116,-0.0783,0.731
0.01,-0.0953,0.727,0.0116,-0.0783,0.731
0.01,-0.0953,0.727,0.0116,-0.0782,0.731
0.01,-0.0953,0.727,0.0116,-0.0782,0.731
0.01,-0.0953,0.727,0.0116,-0.0782,0.731
0.01,-0.0953,0.727,0.0116,-0.0782,0.731
0.01,-0.0953,0.727,0.0116,-0.0782,0.731
0.01,-0.0953,0.727,0.0116,-0.0782,0.731
0.01,-0.0953,0.727,0.0116,-0.0781,0.731
0.01,-0.0953,0.727,0.0116,-0.0781,0.731
0.01,-0.0953,0.727,0.0116,-0.0781,0.731
0.01,-0.0952,0.727,0.0116,-0.0781,0.731
0.01,-0.0952,0.727,0.0116,-0.0781,0.731
0.01,-0.0952,0.727,0.0116,-0.0781,0.731
0.01,-0.0952,0.727,0.0116,-0.078,0.731
0.01,-0.0952,0.727,0.0116,-0.078,0.731
0.01,-0.0952,0.727,0.0116,-0.078,0.731
0.01,-0.0952,0.727,0.0116,-0.078,0.731
0.01,-0.0952,0.727,0.0116,-0.078,0.731
0.01,-0.0952,0.727,0.0116,-0.078,0.731
0.01,-0.0952,0.727,0.0116,-0.0779,0.731
0.01,-0.0952,0.727,0.0116,-0.0779,0.731
0.01,-0.0951,0.727,0.0116,-0.0779,0.731
0.01,-0.0951,0.727,0.0116,-0.0779,0.731
0.01,-0.0951,0.727,0.0116,-0.0779,0.731
0.01,-0.0951,0.727,0.0116,-0.0779,0.731
0.01,-0.0951,0.727,0.0116,-0.0778,0.731
0.01,-0.0951,0.727,0.0116,-0.0778,0.731
0.01,-0.0951,0.727,0.0116,-0.0778,0.731
0.01,-0.0951,0.727,0.0116,-0.0778,0.731
0.01,-0.0951,0.727,0.0116,-0.0778,0.731
0.01,-0.0951,0.727,0.0116,-0.0778,0.731
0.01,-0.0951,0.727,0.0116,-0.0777,0.731
0.01,-0.095,0.727,0.0116,-0.0777,0.731
0.01,-0.095,0.727,0.0116,-0.0777,0.731
0.01,-0.095,0.727,0.0116,-0.0777,0.731
0.01,-0.095,0.727,0.0116,-0.0777,0.731
0.01,-0.095,0.727,0.0116,-0.0777,0.731
0.01,-0.095,0.727,0.0116,-0.0776,0.731
0.01,-0.095,0.727,0.0116,-0.0776,0.731
0.01,-0.095,0.727,0.0116,-0.0776,0.731
0.01,-0.095,0.727,0.0116,-0.0776,0.731
0.01,-0.095,0.727,0.0116,-0.0776,0.731
0.01,-0.095,0.727,0.0116,-0.0776,0.731
0.01,-0.0949,0.727,0.0116,-0.0776,0.731
0.01,-0.0949,0.727,0.0116,-0.0775,0.731
0.01,-0.0949,0.727,0.0116,-0.0775,0.731
0.01,-0.0949,0.727,0.0116,-0.0775,0.731
0.01,-0.0949,0.727,0.0116,-0.0775,0.731
0.01,-0.0949,0.727,0.0116,-0.0775,0.731
0.01,-0.0949,0.727,0.0116,-0.0775,0.731
0.01,-0.0949,0.727,0.0116,-0.0774,0.731
0.01,-0.0949,0.727,0.0116,-0.0774,0.731
0.01,-0.0949,0.727,0.0116,-0.0774,0.731
0.01,-0.0949,0.727,0.0116,-0.0774,0.731
0.01,-0.0948,0.727,0.0116,-0.0774,0.731
0.01,-0.0948,0.727,0.0116,-0.0774,0.731
0.01,-0.0948,0.727,0.0116,-0.0773,0.731
0.01,-0.0948,0.727,0.0116,-0.0773,0.731
0.01,-0.0948,0.727,0.0116,-0.0773,0.731
0.01,-0.0948,0.727,0.0116,-0.0773,0.731
0.01,-0.0948,0.727,0.0116,-0.0773,0.731
0.01,-0.0948,0.727,0.0116,-0.0773,0.731
0.01,-0.0948,0.727,0.0116,-0.0773,0.731
0.01,-0.0948,0.727,0.0116,-0.0772,0.731
0.01,-0.0948,0.727,0.0116,-0.0772,0.731
0.01,-0.0947,0.727,0.0116,-0.0772,0.731
0.01,-0.0947,0.727,0.0116,-0.0772,0.731
0.01,-0.0947,0.727,0.0116,-0.0772,0.731
0.01,-0.0947,0.727,0.0116,-0.0772,0.731
0.01,-0.0947,0.727,0.0116,-0.0771,0.731
0.01,-0.0947,0.727,0.0116,-0.0771,0.731
0.01,-0.0947,0.727,0.0116,-0.0771,0.731
0.01,-0.0947,0.727,0.0116,-0.0771,0.731
0.01,-0.0947,0.727,0.0116,-0.0771,0.731
0.01,-0.0947,0.727,0.0116,-0.0771,0.731
0.01,-0.0947,0.727,0.0116,-0.0771,0.731
0.01,-0.0946,0.727,0.0116,-0.077,0.731
0.01,-0.0946,0.727,0.0116,-0.077,0.731
0.01,-0.0946,0.727,0.0116,-0.077,0.731
0.01,-0.0946,0.727,0.0116,-0.077,0.731
0.01,-0.0946,0.727,0.0116,-0.077,0.731
0.01,-0.0946,0.727,0.0116,-0.077,0.731
0.01,-0.0946,0.727,0.0116,-0.0769,0.731
0.01,-0.0946,0.727,0.0116,-0.0769,0.731
0.01,-0.0946,0.727,0.0116,-0.0769,0.731
0.01,-0.0946,0.727,0.0116,-0.0769,0.731
0.01,-0.0946,0.727,0.0116,-0.0769,0.731
0.01,-0.0945,0.727,0.0116,-0.0769,0.731
0.01,-0.0945,0.727,0.0116,-0.0769,0.731
0.01,-0.0945,0.727,0.0116,-0.0768,0.731
0.01,-0.0945,0.727,0.0116,-0.0768,0.731
0.01,-0.0945,0.727,0.0116,-0.0768,0.731
0.01,-0.0945,0.727,0.0116,-0.0768,0.731
0.01,-0.0945,0.727,0.0116,-0.0768,0.731
0.01,-0.0945,0.727,0.0116,-0.0768,0.731
0.01,-0.0945,0.727,0.0116,-0.0767,0.731
0.01,-0.0945,0.727,0.0116,-0.0767,0.731
0.01,-0.0945,0.727,0.0116,-0.0767,0.731
0.01,-0.0944,0.727,0.0116,-0.0767,0.731
0.01,-0.0944,0.727,0.0116,-0.0767,0.731
0.01,-0.0944,0.727,0.0116,-0.0767,0.731
0.01,-0.0944,0.727,0.0116,-0.0767,0.731
0.01,-0.0944,0.727,0.0116,-0.0766,0.731
0.01,-0.0944,0.727,0.0116,-0.0766,0.731
0.01,-0.0944,0.727,0.0116,-0.0766,0.731
0.01,-0.0944,0.727,0.0116,-0.0766,0.731
0.01,-0.0944,0.727,0.0116,-0.0766,0.731
0.01,-0.0944,0.727,0.0116,-0.0766,0.731
0.01,-0.0944,0.727,0.0116,-0.0766,0.731
0.01,-0.0943,0.727,0.0115,-0.0765,0.731
0.01,-0.0943,0.727,0.0115,-0.0765,0.731
0.01,-0.0943,0.727,0.0115,-0.0765,0.731
0.01,-0.0943,0.727,0.0115,-0.0765,0.731
0.01,-0.0943,0.727,0.0115,-0.0765,0.731
0.01,-0.0943,0.727,0.0115,-0.0765,0.731
0.01,-0.0943,0.727,0.0115,-0.0764,0.731
0.01,-0.0943,0.727,0.0115,-0.0764,0.731
0.01,-0.0943,0.727,0.0115,-0.0764,0.731
0.01,-0.0943,0.727,0.0115,-0.0764,0.731
0.01,-0.0943,0.727,0.0115,-0.0764,0.731
0.01,-0.0942,0.727,0.0115,-0.0764,0.731
0.01,-0.0942,0.727,0.0115,-0.0764,0.731
0.01,-0.0942,0.727,0.0115,-0.0763,0.731
0.01,-0.0942,0.727,0.0115,-0.0763,0.731
0.01,-0.0942,0.727,0.0115,-0.0763,0.731
0.01,-0.0942,0.727,0.0115,-0.0763,0.731
0.01,-0.0942,0.727,0.0115,-0.0763,0.731
0.01,-0.0942,0.727,0.0115,-0.0763,0.731
0.01,-0.0942,0.727,0.0115,-0.0763,0.731
0.01,-0.0942,0.727,0.0115,-0.0762,0.731
0.01,-0.0942,0.727,0.0115,-0.0762,0.731
0.01,-0.0941,0.727,0.0115,-0.0762,0.731
0.01,-0.0941,0.727,0.0115,-0.0762,0.731
0.01,-0.0941,0.727,0.0115,-0.0762,0.731
0.01,-0.0941,0.727,0.0115,-0.0762,0.731
0.01,-0.0941,0.727,0.0115,-0.0762,0.731
0.01,-0.0941,0.727,0.0115,-0.0761,0.731
0.01,-0.0941,0.727,0.0115,-0.0761,0.731
0.01,-0.0941,0.727,0.0115,-0.0761,0.731
0.01,-0.0941,0.727,0.0115,-0.0761,0.731
0.01,-0.0941,0.727,0.0115,-0.0761,0.731
0.01,-0.094,0.727,0.0115,-0.0761,0.731
0.01,-0.094,0.727,0.0115,-0.0761,0.731
0.01,-0.094,0.727,0.0115,-0.076,0.731
0.01,-0.094,0.727,0.0115,-0.076,0.731
0.01,-0.094,0.727,0.0115,-0.076,0.731
0.01,-0.094,0.727,0.0115,-0.076,0.731
0.01,-0.094,0.727,0.0115,-0.076,0.731
0.01,-0.094,0.727,0.0115,-0.076,0.731
0.01,-0.094,0.727,0.0115,-0.076,0.731
0.01,-0.094,0.727,0.0115,-0.0759,0.731
0.01,-0.094,0.727,0.0115,-0.0759,0.731
0.01,-0.0939,0.727,0.0115,-0.0759,0.731
0.01,-0.0939,0.727,0.0115,-0.0759,0.731
0.01,-0.0939,0.727,0.0115,-0.0759,0.731
0.01,-0.0939,0.727,0.0115,-0.0759,0.731
0.01,-0.0939,0.727,0.0115,-0.0759,0.731
0.01,-0.0939,0.727,0.0115,-0.0758,0.731
0.01,-0.0939,0.727,0.0115,-0.0758,0.731
0.01,-0.0939,0.727,0.0115,-0.0758,0.731
0.01,-0.0939,0.727,0.0115,-0.0758,0.731
0.01,-0.0939,0.727,0.0115,-0.0758,0.731
0.01,-0.0939,0.727,0.0115,-0.0758,0.731
0.01,-0.0938,0.727,0.0115,-0.0758,0.731
0.01,-0.0938,0.727,0.0115,-0.0757,0.731
0.01,-0.0938,0.727,0.0115,-0.0757,0.731
0.01,-0.0938,0.727,0.0115,-0.0757,0.731
0.01,-0.0938,0.727,0.0115,-0.0757,0.731
0.01,-0.0938,0.727,0.0115,-0.0757,0.731
0.01,-0.0938,0.727,0.0115,-0.0757,0.731
0.01,-0.0938,0.727,0.0115,-0.0757,0.731
0.01,-0.0938,0.728,0.0115,-0.0756,0.731
0.01,-0.0938,0.728,0.0115,-0.0756,0.731
0.01,-0.0938,0.728,0.0115,-0.0756,0.731
0.01,-0.0937,0.728,0.0115,-0.0756,0.731
0.01,-0.0937,0.728,0.0115,-0.0756,0.731
0.01,-0.0937,0.728,0.0115,-0.0756,0.731
0.01,-0.0937,0.728,0.0115,-0.0756,0.731
0.01,-0.0937,0.728,0.0115,-0.0755,0.731
0.01,-0.0937,0.728,0.0115,-0.0755,0.731
0.01,-0.0937,0.728,0.0115,-0.0755,0.731
0.01,-0.0937,0.728,0.0115,-0.0755,0.731
0.01,-0.0937,0.728,0.0115,-0.0755,0.731
0.01,-0.0937,0.728,0.0115,-0.0755,0.731
0.01,-0.0936,0.728,0.0115,-0.0755,0.731
0.01,-0.0936,0.728,0.0115,-0.0755,0.731
0.01,-0.0936,0.728,0.0115,-0.0754,0.731
0.01,-0.0936,0.728,0.0115,-0.0754,0.731
0.01,-0.0936,0.728,0.0115,-0.0754,0.731
0.01,-0.0936,0.728,0.0115,-0.0754,0.731
0.01,-0.0936,0.728,0.0115,-0.0754,0.731
0.01,-0.0936,0.728,0.0115,-0.0754,0.731
0.01,-0.0936,0.728,0.0115,-0.0754,0.731
0.01,-0.0936,0.728,0.0115,-0.0753,0.731
0.01,-0.0936,0.728,0.0115,-0.0753,0.731
0.01,-0.0935,0.728,0.0115,-0.0753,0.731
0.01,-0.0935,0.728,0.0115,-0.0753,0.731
0.01,-0.0935,0.728,0.0115,-0.0753,0.731
0.01,-0.0935,0.728,0.0115,-0.0753,0.731
0.01,-0.0935,0.728,0.0115,-0.0753,0.731
0.01,-0.0935,0.728,0.0115,-0.0752,0.732
0.01,-0.0935,0.728,0.0115,-0.0752,0.732
0.01,-0.0935,0.728,0.0115,-0.0752,0.732
0.01,-0.0935,0.728,0.0115,-0.0752,0.732
0.01,-0.0935,0.728,0.0115,-0.0752,0.732
0.01,-0.0935,0.728,0.0115,-0.0752,0.732
0.01,-0.0934,0.728,0.0115,-0.0752,0.732
0.01,-0.0934,0.728,0.0115,-0.0752,0.732
0.01,-0.0934,0.728,0.0115,-0.0751,0.732
0.01,-0.0934,0.728,0.0115,-0.0751,0.732
0.01,-0.0934,0.728,0.0115,-0.0751,0.732
0.01,-0.0934,0.728,0.0115,-0.0751,0.732
0.01,-0.0934,0.728,0.0115,-0.0751,0.732
0.01,-0.0934,0.728,0.0115,-0.0751,0.732
0.01,-0.0934,0.728,0.0115,-0.0751,0.732
0.01,-0.0934,0.728,0.0115,-0.0751,0.732
0.01,-0.0934,0.728,0.0115,-0.075,0.732
0.01,-0.0933,0.728,0.0115,-0.075,0.732
0.01,-0.0933,0.728,0.0115,-0.075,0.732
0.01,-0.0933,0.728,0.0115,-0.075,0.732
0.01,-0.0933,0.728,0.0115,-0.075,0.732
0.01,-0.0933,0.728,0.0115,-0.075,0.732
0.01,-0.0933,0.728,0.0115,-0.075,0.732
0.01,-0.0933,0.728,0.0115,-0.0749,0.732
0.01,-0.0933,0.728,0.0115,-0.0749,0.732
0.01,-0.0933,0.728,0.0115,-0.0749,0.732
0.01,-0.0933,0.728,0.0115,-0.0749,0.732
0.01,-0.0932,0.728,0.0115,-0.0749,0.732
0.01,-0.0932,0.728,0.0115,-0.0749,0.732
0.01,-0.0932,0.728,0.0115,-0.0749,0.732
0.01,-0.0932,0.728,0.0115,-0.0749,0.732
0.01,-0.0932,0.728,0.0115,-0.0748,0.732
0.01,-0.0932,0.728,0.0115,-0.0748,0.732
0.01,-0.0932,0.728,0.0115,-0.0748,0.732
0.01,-0.0932,0.728,0.0115,-0.0748,0.732
0.01,-0.0932,0.728,0.0115,-0.0748,0.732
0.01,-0.0932,0.728,0.0115,-0.0748,0.732
0.01,-0.0932,0.728,0.0115,-0.0748,0.732
0.01,-0.0931,0.728,0.0115,-0.0748,0.732
0.01,-0.0931,0.728,0.0115,-0.0747,0.732
0.01,-0.0931,0.728,0.0115,-0.0747,0.732
0.01,-0.0931,0.728,0.0115,-0.0747,0.732
0.01,-0.0931,0.728,0.0115,-0.0747,0.732
0.01,-0.0931,0.728,0.0115,-0.0747,0.732
0.01,-0.0931,0.728,0.0115,-0.0747,0.732
0.01,-0.0931,0.728,0.0115,-0.0747,0.732
0.01,-0.0931,0.728,0.0115,-0.0747,0.732
0.01,-0.0931,0.728,0.0115,-0.0746,0.732
0.01,-0.0931,0.728,0.0115,-0.0746,0.732
0.01,-0.093,0.728,0.0115,-0.0746,0.732
0.01,-0.093,0.728,0.0115,-0.0746,0.732
0.01,-0.093,0.728,0.0115,-0.0746,0.732
0.01,-0.093,0.728,0.0115,-0.0746,0.732
0.01,-0.093,0.728,0.0115,-0.0746,0.732
0.01,-0.093,0.728,0.0115,-0.0746,0.732
0.01,-0.093,0.728,0.0115,-0.0745,0.732
0.01,-0.093,0.728,0.0115,-0.0745,0.732
0.01,-0.093,0.728,0.0115,-0.0745,0.732
0.01,-0.093,0.728,0.0115,-0.0745,0.732
0.01,-0.0929,0.728,0.0115,-0.0745,0.732
0.01,-0.0929,0.728,0.0115,-0.0745,0.732
0.01,-0.0929,0.728,0.0115,-0.0745,0.732
0.01,-0.0929,0.728,0.0115,-0.0745,0.732
0.01,-0.0929,0.728,0.0115,-0.0744,0.732
0.01,-0.0929,0.728,0.0115,-0.0744,0.732
0.01,-0.0929,0.728,0.0115,-0.0744,0.732
0.01,-0.0929,0.728,0.0115,-0.0744,0.732
0.01,-0.0929,0.728,0.0115,-0.0744,0.732
0.01,-0.0929,0.728,0.0115,-0.0744,0.732
0.01,-0.0929,0.728,0.0115,-0.0744,0.732
0.01,-0.0928,0.728,0.0115,-0.0744,0.732
0.01,-0.0928,0.728,0.0115,-0.0743,0.732
0.01,-0.0928,0.728,0.0115,-0.0743,0.732
0.01,-0.0928,0.728,0.0115,-0.0743,0.732
0.01,-0.0928,0.728,0.0115,-0.0743,0.732
0.01,-0.0928,0.728,0.0115,-0.0743,0.732
0.01,-0.0928,0.728,0.0115,-0.0743,0.732
0.01,-0.0928,0.728,0.0115,-0.0743,0.732
0.01,-0.0928,0.728,0.0115,-0.0743,0.732
0.01,-0.0928,0.728,0.0115,-0.0742,0.732
0.01,-0.0928,0.728,0.0115,-0.0742,0.732
0.01,-0.0927,0.728,0.0115,-0.0742,0.732
0.01,-0.0927,0.728,0.0115,-0.0742,0.732
0.01,-0.0927,0.728,0.0115,-0.0742,0.732
0.01,-0.0927,0.728,0.0115,-0.0742,0.732
0.01,-0.0927,0.728,0.0115,-0.0742,0.732
0.01,-0.0927,0.728,0.0115,-0.0742,0.732
0.01,-0.0927,0.728,0.0115,-0.0742,0.732
0.01,-0.0927,0.728,0.0115,-0.0741,0.732
0.01,-0.0927,0.728,0.0115,-0.0741,0.732
0.01,-0.0927,0.728,0.0115,-0.0741,0.732
0.01,-0.0926,0.728,0.0115,-0.0741,0.732
0.01,-0.0926,0.728,0.0115,-0.0741,0.732
0.01,-0.0926,0.728,0.0115,-0.0741,0.732
0.01,-0.0926,0.728,0.0115,-0.0741,0.732
0.01,-0.0926,0.728,0.0115,-0.0741,0.732
0.01,-0.0926,0.728,0.0115,-0.0741,0.732
0.01,-0.0926,0.728,0.0115,-0.074,0.732
0.01,-0.0926,0.728,0.0115,-0.074,0.732
0.01,-0.0926,0.728,0.0115,-0.074,0.732
0.01,-0.0926,0.728,0.0115,-0.074,0.732
0.01,-0.0926,0.728,0.0115,-0.074,0.732
0.01,-0.0925,0.728,0.0115,-0.074,0.732
0.01,-0.0925,0.728,0.0115,-0.074,0.732
0.01,-0.0925,0.728,0.0115,-0.074,0.732
0.01,-0.0925,0.728,0.0115,-0.0739,0.732
0.01,-0.0925,0.728,0.0115,-0.0739,0.732
0.01,-0.0925,0.728,0.0115,-0.0739,0.732
0.01,-0.0925,0.728,0.0115,-0.0739,0.732
0.01,-0.0925,0.728,0.0115,-0.0739,0.732
0.01,-0.0925,0.728,0.0115,-0.0739,0.732
0.01,-0.0925,0.728,0.0115,-0.0739,0.732
0.01,-0.0925,0.728,0.0115,-0.0739,0.732
0.01,-0.0924,0.728,0.0115,-0.0739,0.732
0.01,-0.0924,0.728,0.0115,-0.0738,0.732
0.01,-0.0924,0.728,0.0115,-0.0738,0.732
0.01,-0.0924,0.728,0.0115,-0.0738,0.732
0.01,-0.0924,0.728,0.0115,-0.0738,0.732
0.01,-0.0924,0.728,0.0115,-0.0738,0.732
0.01,-0.0924,0.728,0.0115,-0.0738,0.732
0.01,-0.0924,0.728,0.0115,-0.0738,0.732
0.01,-0.0924,0.728,0.0115,-0.0738,0.732
0.01,-0.0924,0.728,0.0115,-0.0738,0.732
0.01,-0.0923,0.728,0.0115,-0.0737,0.732
0.01,-0.0923,0.728,0.0115,-0.0737,0.732
0.01,-0.0923,0.728,0.0115,-0.0737,0.732
0.01,-0.0923,0.728,0.0115,-0.0737,0.732
0.01,-0.0923,0.728,0.0115,-0.0737,0.732
0.01,-0.0923,0.728,0.0115,-0.0737,0.732
0.01,-0.0923,0.728,0.0115,-0.0737,0.732
0.01,-0.0923,0.728,0.0115,-0.0737,0.732
0.01,-0.0923,0.728,0.0115,-0.0737,0.732
0.01,-0.0923,0.728,0.0115,-0.0736,0.732
0.01,-0.0923,0.728,0.0115,-0.0736,0.732
0.01,-0.0922,0.728,0.0115,-0.0736,0.732
0.01,-0.0922,0.728,0.0115,-0.0736,0.732
0.01,-0.0922,0.728,0.0115,-0.0736,0.732
0.01,-0.0922,0.728,0.0115,-0.0736,0.732
0.01,-0.0922,0.728,0.0115,-0.0736,0.732
0.01,-0.0922,0.728,0.0115,-0.0736,0.732
0.01,-0.0922,0.728,0.0115,-0.0736,0.732
0.01,-0.0922,0.728,0.0115,-0.0735,0.732
0.01,-0.0922,0.728,0.0115,-0.0735,0.732
0.01,-0.0922,0.728,0.0115,-0.0735,0.732
0.01,-0.0922,0.728,0.0115,-0.0735,0.732
0.01,-0.0921,0.728,0.0115,-0.0735,0.732
0.01,-0.0921,0.728,0.0115,-0.0735,0.732
0.01,-0.0921,0.728,0.0115,-0.0735,0.732
0.01,-0.0921,0.728,0.0115,-0.0735,0.732
0.01,-0.0921,0.728,0.0115,-0.0735,0.732
0.01,-0.0921,0.728,0.0115,-0.0734,0.732
0.01,-0.0921,0.728,0.0115,-0.0734,0.732
0.01,-0.0921,0.728,0.0115,-0.0734,0.732
0.01,-0.0921,0.728,0.0115,-0.0734,0.732
0.01,-0.0921,0.728,0.0115,-0.0734,0.732
0.01,-0.092,0.728,0.0115,-0.0734,0.732
0.01,-0.092,0.728,0.0115,-0.0734,0.732
0.01,-0.092,0.728,0.0115,-0.0734,0.732
0.01,-0.092,0.728,0.0115,-0.0734,0.732
0.01,-0.092,0.728,0.0115,-0.0734,0.732
0.01,-0.092,0.728,0.0115,-0.0733,0.732
0.01,-0.092,0.728,0.0115,-0.0733,0.732
0.01,-0.092,0.728,0.0115,-0.0733,0.732
0.01,-0.092,0.728,0.0115,-0.0733,0.732
0.01,-0.092,0.728,0.0115,-0.0733,0.732
0.01,-0.092,0.728,0.0115,-0.0733,0.732
0.01,-0.0919,0.728,0.0115,-0.0733,0.732
0.01,-0.0919,0.728,0.0115,-0.0733,0.732
0.01,-0.0919,0.728,0.0115,-0.0733,0.732
0.01,-0.0919,0.728,0.0115,-0.0732,0.732
0.01,-0.0919,0.728,0.0115,-0.0732,0.732
0.01,-0.0919,0.728,0.0115,-0.0732,0.732
0.01,-0.0919,0.728,0.0115,-0.0732,0.732
0.01,-0.0919,0.728,0.0115,-0.0732,0.732
0.01,-0.0919,0.728,0.0115,-0.0732,0.732
0.01,-0.0919,0.728,0.0115,-0.0732,0.732
0.01,-0.0919,0.728,0.0115,-0.0732,0.732
0.01,-0.0918,0.728,0.0115,-0.0732,0.732
0.01,-0.0918,0.728,0.0115,-0.0732,0.732
0.01,-0.0918,0.728,0.0115,-0.0731,0.732
0.01,-0.0918,0.728,0.0115,-0.0731,0.732
0.01,-0.0918,0.728,0.0115,-0.0731,0.732
0.01,-0.0918,0.728,0.0115,-0.0731,0.732
0.01,-0.0918,0.728,0.0115,-0.0731,0.732
0.01,-0.0918,0.728,0.0115,-0.0731,0.732
0.01,-0.0918,0.728,0.0115,-0.0731,0.732
0.01,-0.0918,0.728,0.0115,-0.0731,0.732
0.01,-0.0918,0.728,0.0115,-0.0731,0.732
0.01,-0.0917,0.728,0.0115,-0.0731,0.732
0.01,-0.0917,0.728,0.0115,-0.073,0.732
0.01,-0.0917,0.728,0.0115,-0.073,0.732
0.01,-0.0917,0.728,0.0115,-0.073,0.732
0.01,-0.0917,0.728,0.0115,-0.073,0.732
0.01,-0.0917,0.728,0.0115,-0.073,0.732
0.01,-0.0917,0.728,0.0115,-0.073,0.732
0.01,-0.0917,0.728,0.0115,-0.073,0.732
0.01,-0.0917,0.728,0.0115,-0.073,0.732
0.01,-0.0917,0.728,0.0115,-0.073,0.732
0.01,-0.0916,0.728,0.0115,-0.073,0.732
0.01,-0.0916,0.728,0.0115,-0.073,0.732
0.01,-0.0916,0.728,0.0115,-0.0729,0.732
0.01,-0.0916,0.728,0.0115,-0.0729,0.732
0.01,-0.0916,0.728,0.0115,-0.0729,0.732
0.01,-0.0916,0.728,0.0115,-0.0729,0.732
0.01,-0.0916,0.728,0.0115,-0.0729,0.732
0.01,-0.0916,0.728,0.0115,-0.0729,0.732
0.01,-0.0916,0.728,0.0115,-0.0729,0.732
0.01,-0.0916,0.728,0.0115,-0.0729,0.732
0.01,-0.0916,0.728,0.0115,-0.0729,0.732
0.01,-0.0915,0.728,0.0115,-0.0729,0.732
0.01,-0.0915,0.728,0.0115,-0.0728,0.732
0.01,-0.0915,0.728,0.0115,-0.0728,0.732
0.01,-0.0915,0.728,0.0115,-0.0728,0.732
0.01,-0.0915,0.728,0.0115,-0.0728,0.732
0.01,-0.0915,0.728,0.0115,-0.0728,0.732
0.01,-0.0915,0.728,0.0115,-0.0728,0.732
0.01,-0.0915,0.728,0.0115,-0.0728,0.732
0.01,-0.0915,0.728,0.0115,-0.0728,0.732
0.01,-0.0915,0.728,0.0115,-0.0728,0.732
0.01,-0.0915,0.728,0.0115,-0.0728,0.732
0.01,-0.0914,0.728,0.0115,-0.0728,0.732
0.01,-0.0914,0.728,0.0115,-0.0727,0.732
0.01,-0.0914,0.728,0.0115,-0.0727,0.732
0.01,-0.0914,0.728,0.0115,-0.0727,0.732
0.01,-0.0914,0.728,0.0115,-0.0727,0.732
0.01,-0.0914,0.728,0.0115,-0.0727,0.732
0.01,-0.0914,0.728,0.0115,-0.0727,0.732
0.01,-0.0914,0.728,0.0115,-0.0727,0.732
0.01,-0.0914,0.728,0.0115,-0.0727,0.732
0.01,-0.0914,0.728,0.0115,-0.0727,0.732
0.01,-0.0913,0.728,0.0115,-0.0727,0.732
0.01,-0.0913,0.728,0.0115,-0.0727,0.732
0.01,-0.0913,0.728,0.0115,-0.0726,0.732
0.01,-0.0913,0.728,0.0115,-0.0726,0.732
0.01,-0.0913,0.728,0.0115,-0.0726,0.732
0.01,-0.0913,0.728,0.0115,-0.0726,0.732
0.01,-0.0913,0.728,0.0115,-0.0726,0.732
0.01,-0.0913,0.728,0.0115,-0.0726,0.732
0.01,-0.0913,0.728,0.0115,-0.0726,0.732
0.01,-0.0913,0.728,0.0115,-0.0726,0.732
0.01,-0.0913,0.728,0.0115,-0.0726,0.732
0.01,-0.0912,0.728,0.0115,-0.0726,0.732
0.01,-0.0912,0.728,0.0115,-0.0726,0.732
0.01,-0.0912,0.728,0.0115,-0.0725,0.732
0.01,-0.0912,0.728,0.0115,-0.0725,0.732
0.01,-0.0912,0.728,0.0115,-0.0725,0.732
0.01,-0.0912,0.728,0.0115,-0.0725,0.732
0.01,-0.0912,0.728,0.0115,-0.0725,0.732
0.01,-0.0912,0.728,0.0115,-0.0725,0.732
0.01,-0.0912,0.728,0.0115,-0.0725,0.732
0.01,-0.0912,0.728,0.0115,-0.0725,0.732
0.01,-0.0912,0.728,0.0115,-0.0725,0.732
0.01,-0.0911,0.728,0.0115,-0.0725,0.732
0.01,-0.0911,0.728,0.0115,-0.0725,0.732
0.01,-0.0911,0.728,0.0115,-0.0725,0.732
0.01,-0.0911,0.728,0.0115,-0.0724,0.732
0.01,-0.0911,0.728,0.0115,-0.0724,0.732
0.01,-0.0911,0.728,0.0115,-0.0724,0.732
0.01,-0.0911,0.728,0.0115,-0.0724,0.732
0.01,-0.0911,0.728,0.0115,-0.0724,0.732
0.01,-0.0911,0.728,0.0115,-0.0724,0.732
0.01,-0.0911,0.728,0.0115,-0.0724,0.732
0.01,-0.0911,0.728,0.0115,-0.0724,0.732
0.01,-0.091,0.728,0.0115,-0.0724,0.732
0.01,-0.091,0.728,0.0115,-0.0724,0.732
0.01,-0.091,0.728,0.0115,-0.0724,0.732
0.01,-0.091,0.728,0.0115,-0.0724,0.732
0.01,-0.091,0.728,0.0115,-0.0723,0.732
0.01,-0.091,0.728,0.0115,-0.0723,0.732
0.01,-0.091,0.728,0.0115,-0.0723,0.732
0.01,-0.091,0.728,0.0115,-0.0723,0.732
0.01,-0.091,0.728,0.0115,-0.0723,0.732
0.01,-0.091,0.728,0.0115,-0.0723,0.732
0.01,-0.091,0.728,0.0115,-0.0723,0.732
0.01,-0.0909,0.728,0.0115,-0.0723,0.732
0.01,-0.0909,0.728,0.0115,-0.0723,0.732
0.01,-0.0909,0.728,0.0115,-0.0723,0.732
0.01,-0.0909,0.728,0.0115,-0.0723,0.732
0.01,-0.0909,0.728,0.0115,-0.0723,0.732
0.01,-0.0909,0.728,0.0115,-0.0722,0.732
0.01,-0.0909,0.728,0.0115,-0.0722,0.732
0.01,-0.0909,0.728,0.0115,-0.0722,0.732
0.01,-0.0909,0.728,0.0115,-0.0722,0.732
0.01,-0.0909,0.728,0.0115,-0.0722,0.732
0.01,-0.0908,0.728,0.0115,-0.0722,0.732
0.01,-0.0908,0.728,0.0115,-0.0722,0.732
0.01,-0.0908,0.728,0.0115,-0.0722,0.732
0.01,-0.0908,0.728,0.0115,-0.0722,0.732
0.01,-0.0908,0.728,0.0115,-0.0722,0.732
0.01,-0.0908,0.728,0.0115,-0.0722,0.732
0.01,-0.0908,0.728,0.0115,-0.0722,0.732
0.01,-0.0908,0.728,0.0115,-0.0721,0.732
0.01,-0.0908,0.728,0.0115,-0.0721,0.732
0.01,-0.0908,0.728,0.0115,-0.0721,0.732
0.01,-0.0908,0.728,0.0115,-0.0721,0.732
0.01,-0.0907,0.728,0.0115,-0.0721,0.732
0.01,-0.0907,0.728,0.0115,-0.0721,0.732
0.01,-0.0907,0.728,0.0115,-0.0721,0.732
0.01,-0.0907,0.728,0.0115,-0.0721,0.732
0.01,-0.0907,0.728,0.0115,-0.0721,0.732
0.01,-0.0907,0.728,0.0115,-0.0721,0.732
0.01,-0.0907,0.728,0.0115,-0.0721,0.732
0.01,-0.0907,0.728,0.0115,-0.0721,0.732
0.01,-0.0907,0.728,0.0115,-0.0721,0.732
0.01,-0.0907,0.728,0.0115,-0.072,0.732
0.01,-0.0907,0.728,0.0115,-0.072,0.732
0.01,-0.0906,0.728,0.0115,-0.072,0.732
0.01,-0.0906,0.728,0.0115,-0.072,0.732
0.01,-0.0906,0.728,0.0115,-0.072,0.732
0.01,-0.0906,0.728,0.0115,-0.072,0.732
0.01,-0.0906,0.728,0.0115,-0.072,0.732
0.01,-0.0906,0.728,0.0115,-0.072,0.732
0.01,-0.0906,0.728,0.0115,-0.072,0.732
0.01,-0.0906,0.728,0.0115,-0.072,0.732
0.01,-0.0906,0.728,0.0115,-0.072,0.732
0.01,-0.0906,0.728,0.0115,-0.072,0.732
0.01,-0.0906,0.728,0.0115,-0.072,0.732
0.01,-0.0905,0.728,0.0115,-0.0719,0.732
0.01,-0.0905,0.728,0.0115,-0.0719,0.732
0.01,-0.0905,0.728,0.0115,-0.0719,0.732
0.01,-0.0905,0.728,0.0115,-0.0719,0.732
0.01,-0.0905,0.728,0.0115,-0.0719,0.732
0.01,-0.0905,0.728,0.0115,-0.0719,0.732
0.01,-0.0905,0.728,0.0115,-0.0719,0.732
0.01,-0.0905,0.728,0.0115,-0.0719,0.732
0.01,-0.0905,0.728,0.0115,-0.0719,0.732
0.01,-0.0905,0.728,0.0115,-0.0719,0.732
0.01,-0.0905,0.728,0.0115,-0.0719,0.732
0.01,-0.0904,0.728,0.0115,-0.0719,0.732
0.01,-0.0904,0.728,0.0115,-0.0719,0.732
0.01,-0.0904,0.728,0.0115,-0.0719,0.732
0.01,-0.0904,0.728,0.0115,-0.0718,0.732
0.01,-0.0904,0.728,0.0115,-0.0718,0.732
0.01,-0.0904,0.728,0.0115,-0.0718,0.732
0.01,-0.0904,0.728,0.0115,-0.0718,0.732
0.01,-0.0904,0.728,0.0115,-0.0718,0.732
0.01,-0.0904,0.728,0.0115,-0.0718,0.732
0.01,-0.0904,0.728,0.0115,-0.0718,0.732
0.01,-0.0904,0.728,0.0115,-0.0718,0.732
0.01,-0.0903,0.728,0.0115,-0.0718,0.732
0.01,-0.0903,0.728,0.0115,-0.0718,0.732
0.01,-0.0903,0.728,0.0115,-0.0718,0.732
0.01,-0.0903,0.728,0.0115,-0.0718,0.732
0.01,-0.0903,0.728,0.0115,-0.0718,0.732
0.01,-0.0903,0.728,0.0115,-0.0718,0.732
0.01,-0.0903,0.728,0.0115,-0.0718,0.732
0.01,-0.0903,0.728,0.0115,-0.0717,0.732
0.01,-0.0903,0.728,0.0115,-0.0717,0.732
0.01,-0.0903,0.728,0.0115,-0.0717,0.732
0.01,-0.0903,0.728,0.0115,-0.0717,0.732
0.01,-0.0902,0.728,0.0115,-0.0717,0.732
0.01,-0.0902,0.728,0.0115,-0.0717,0.732
0.01,-0.0902,0.728,0.0115,-0.0717,0.732
0.01,-0.0902,0.728,0.0115,-0.0717,0.732
0.01,-0.0902,0.728,0.0115,-0.0717,0.732
0.01,-0.0902,0.728,0.0115,-0.0717,0.732
0.01,-0.0902,0.728,0.0115,-0.0717,0.732
0.01,-0.0902,0.728,0.0115,-0.0717,0.732
0.01,-0.0902,0.728,0.0115,-0.0717,0.732
0.01,-0.0902,0.728,0.0115,-0.0717,0.732
0.01,-0.0902,0.728,0.0115,-0.0717,0.732
0.01,-0.0901,0.728,0.0115,-0.0717,0.732
0.01,-0.0901,0.728,0.0115,-0.0716,0.732
0.01,-0.0901,0.728,0.0115,-0.0716,0.732
0.01,-0.0901,0.728,0.0115,-0.0716,0.732
0.01,-0.0901,0.728,0.0115,-0.0716,0.732
0.01,-0.0901,0.728,0.0115,-0.0716,0.732
0.01,-0.0901,0.728,0.0115,-0.0716,0.732
0.01,-0.0901,0.728,0.0115,-0.0716,0.732
0.01,-0.0901,0.728,0.0115,-0.0716,0.732
0.01,-0.0901,0.728,0.0115,-0.0716,0.732
0.01,-0.0901,0.728,0.0115,-0.0716,0.732
0.01,-0.09,0.728,0.0115,-0.0716,0.732
0.01,-0.09,0.728,0.0115,-0.0716,0.732
0.01,-0.09,0.728,0.0115,-0.0716,0.732
0.01,-0.09,0.728,0.0115,-0.0716,0.732
0.01,-0.09,0.728,0.0115,-0.0716,0.732
0.01,-0.09,0.728,0.0115,-0.0716,0.732
0.01,-0.09,0.728,0.0115,-0.0715,0.732
0.01,-0.09,0.728,0.0115,-0.0715,0.732
0.01,-0.09,0.728,0.0115,-0.0715,0.732
0.01,-0.09,0.728,0.0115,-0.0715,0.732
0.01,-0.09,0.728,0.0115,-0.0715,0.732
0.01,-0.0899,0.728,0.0115,-0.0715,0.732
0.01,-0.0899,0.728,0.0115,-0.0715,0.732
0.01,-0.0899,0.728,0.0115,-0.0715,0.732
0.01,-0.0899,0.728,0.0115,-0.0715,0.732
0.01,-0.0899,0.728,0.0115,-0.0715,0.732
0.01,-0.0899,0.728,0.0115,-0.0715,0.732
0.01,-0.0899,0.728,0.0115,-0.0715,0.732
0.01,-0.0899,0.728,0.0115,-0.0715,0.732
0.01,-0.0899,0.728,0.0115,-0.0715,0.732
0.01,-0.0899,0.728,0.0115,-0.0715,0.732
0.01,-0.0899,0.728,0.0115,-0.0715,0.732
0.01,-0.0898,0.728,0.0115,-0.0715,0.732
0.01,-0.0898,0.728,0.0115,-0.0715,0.732
0.01,-0.0898,0.728,0.0115,-0.0714,0.732
0.01,-0.0898,0.728,0.0115,-0.0714,0.732
0.01,-0.0898,0.728,0.0115,-0.0714,0.732
0.01,-0.0898,0.728,0.0115,-0.0714,0.732
0.01,-0.0898,0.728,0.0115,-0.0714,0.732
0.01,-0.0898,0.728,0.0115,-0.0714,0.732
0.01,-0.0898,0.728,0.0115,-0.0714,0.732
0.01,-0.0898,0.728,0.0115,-0.0714,0.732
0.01,-0.0898,0.728,0.0115,-0.0714,0.732
0.01,-0.0897,0.728,0.0115,-0.0714,0.732
0.01,-0.0897,0.728,0.0115,-0.0714,0.732
0.01,-0.0897,0.728,0.0115,-0.0714,0.732
0.01,-0.0897,0.728,0.0115,-0.0714,0.732
0.01,-0.0897,0.728,0.0115,-0.0714,0.732
0.01,-0.0897,0.728,0.0115,-0.0714,0.732
0.01,-0.0897,0.728,0.0115,-0.0714,0.732
0.01,-0.0897,0.728,0.0115,-0.0714,0.732
0.01,-0.0897,0.728,0.0115,-0.0714,0.732
0.01,-0.0897,0.728,0.0115,-0.0714,0.732
0.01,-0.0897,0.728,0.0115,-0.0713,0.732
0.01,-0.0896,0.728,0.0115,-0.0713,0.732
0.01,-0.0896,0.728,0.0115,-0.0713,0.732
0.01,-0.0896,0.728,0.0115,-0.0713,0.732
0.01,-0.0896,0.728,0.0115,-0.0713,0.732
0.01,-0.0896,0.728,0.0115,-0.0713,0.732
0.01,-0.0896,0.728,0.0115,-0.0713,0.732
0.01,-0.0896,0.728,0.0115,-0.0713,0.732
0.01,-0.0896,0.728,0.0115,-0.0713,0.732
0.01,-0.0896,0.728,0.0115,-0.0713,0.732
0.01,-0.0896,0.728,0.0115,-0.0713,0.732
0.01,-0.0896,0.728,0.0115,-0.0713,0.732
0.01,-0.0895,0.728,0.0115,-0.0713,0.732
0.01,-0.0895,0.728,0.0115,-0.0713,0.732
0.01,-0.0895,0.728,0.0115,-0.0713,0.732
0.01,-0.0895,0.728,0.0115,-0.0713,0.732
0.01,-0.0895,0.728,0.0115,-0.0713,0.732
0.01,-0.0895,0.728,0.0115,-0.0713,0.732
0.01,-0.0895,0.728,0.0115,-0.0713,0.732
0.01,-0.0895,0.728,0.0115,-0.0713,0.732
0.01,-0.0895,0.728,0.0115,-0.0713,0.732
0.01,-0.0895,0.728,0.0115,-0.0712,0.732
0.01,-0.0895,0.728,0.0115,-0.0712,0.732
0.01,-0.0895,0.728,0.0115,-0.0712,0.732
0.01,-0.0894,0.728,0.0115,-0.0712,0.732
0.01,-0.0894,0.728,0.0115,-0.0712,0.732
0.01,-0.0894,0.728,0.0115,-0.0712,0.732
0.01,-0.0894,0.728,0.0115,-0.0712,0.732
0.01,-0.0894,0.728,0.0115,-0.0712,0.732
0.01,-0.0894,0.728,0.0115,-0.0712,0.732
0.01,-0.0894,0.728,0.0115,-0.0712,0.732
0.01,-0.0894,0.728,0.0115,-0.0712,0.732
0.01,-0.0894,0.728,0.0115,-0.0712,0.732
0.01,-0.0894,0.728,0.0115,-0.0712,0.732
0.01,-0.0894,0.728,0.0115,-0.0712,0.732
0.01,-0.0893,0.728,0.0115,-0.0712,0.732
0.01,-0.0893,0.728,0.0115,-0.0712,0.732
0.01,-0.0893,0.728,0.0115,-0.0712,0.732
0.01,-0.0893,0.728,0.0115,-0.0712,0.732
0.01,-0.0893,0.728,0.0115,-0.0712,0.732
0.01,-0.0893,0.728,0.0115,-0.0712,0.732
0.01,-0.0893,0.728,0.0115,-0.0712,0.732
0.01,-0.0893,0.728,0.0115,-0.0712,0.732
0.01,-0.0893,0.728,0.0115,-0.0712,0.732
0.01,-0.0893,0.728,0.0115,-0.0711,0.732
0.01,-0.0893,0.729,0.0115,-0.0711,0.732
0.01,-0.0892,0.729,0.0115,-0.0711,0.732
0.01,-0.0892,0.729,0.0115,-0.0711,0.732
0.01,-0.0892,0.729,0.0115,-0.0711,0.732
0.01,-0.0892,0.729,0.0115,-0.0711,0.732
0.01,-0.0892,0.729,0.0115,-0.0711,0.732
0.01,-0.0892,0.729,0.0115,-0.0711,0.732
0.01,-0.0892,0.729,0.0115,-0.0711,0.732
0.01,-0.0892,0.729,0.0115,-0.0711,0.732
0.01,-0.0892,0.729,0.0115,-0.0711,0.732
0.01,-0.0892,0.729,0.0115,-0.0711,0.732
0.01,-0.0892,0.729,0.0115,-0.0711,0.732
0.01,-0.0892,0.729,0.0115,-0.0711,0.732
0.01,-0.0891,0.729,0.0115,-0.0711,0.732
0.01,-0.0891,0.729,0.0115,-0.0711,0.732
0.01,-0.0891,0.729,0.0115,-0.0711,0.732
0.01,-0.0891,0.729,0.0115,-0.0711,0.732
0.01,-0.0891,0.729,0.0115,-0.0711,0.732
0.01,-0.0891,0.729,0.0115,-0.0711,0.732
0.01,-0.0891,0.729,0.0115,-0.0711,0.732
0.01,-0.0891,0.729,0.0115,-0.0711,0.732
0.01,-0.0891,0.729,0.0115,-0.0711,0.732
0.01,-0.0891,0.729,0.0115,-0.0711,0.732
0.01,-0.0891,0.729,0.0115,-0.0711,0.732
0.01,-0.089,0.729,0.0115,-0.0711,0.732
0.01,-0.089,0.729,0.0115,-0.071,0.732
0.01,-0.089,0.729,0.0115,-0.071,0.732
0.01,-0.089,0.729,0.0115,-0.071,0.732
0.01,-0.089,0.729,0.0115,-0.071,0.732
0.01,-0.089,0.729,0.0115,-0.071,0.732
0.01,-0.089,0.729,0.0115,-0.071,0.732
0.01,-0.089,0.729,0.0115,-0.071,0.732
0.01,-0.089,0.729,0.0115,-0.071,0.732
0.01,-0.089,0.729,0.0115,-0.071,0.732
0.01,-0.089,0.729,0.0115,-0.071,0.732
0.01,-0.089,0.729,0.0115,-0.071,0.732
0.01,-0.0889,0.729,0.0115,-0.071,0.732
0.01,-0.0889,0.729,0.0115,-0.071,0.732
0.01,-0.0889,0.729,0.0115,-0.071,0.732
0.01,-0.0889,0.729,0.0115,-0.071,0.732
0.01,-0.0889,0.729,0.0115,-0.071,0.732
0.01,-0.0889,0.729,0.0115,-0.071,0.732
0.01,-0.0889,0.729,0.0114,-0.071,0.732
0.01,-0.0889,0.729,0.0114,-0.071,0.732
0.01,-0.0889,0.729,0.0114,-0.071,0.732
0.01,-0.0889,0.729,0.0114,-0.071,0.732
0.01,-0.0889,0.729,0.0114,-0.071,0.732
0.01,-0.0888,0.729,0.0114,-0.071,0.732
0.01,-0.0888,0.729,0.0114,-0.071,0.732
0.01,-0.0888,0.729,0.0114,-0.071,0.732
0.01,-0.0888,0.729,0.0114,-0.071,0.732
0.01,-0.0888,0.729,0.0114,-0.071,0.732
0.01,-0.0888,0.729,0.0114,-0.071,0.732
0.01,-0.0888,0.729,0.0114,-0.071,0.732
0.01,-0.0888,0.729,0.0114,-0.0709,0.732
0.01,-0.0888,0.729,0.0114,-0.0709,0.732
0.01,-0.0888,0.729,0.0114,-0.0709,0.732
0.01,-0.0888,0.729,0.0114,-0.0709,0.732
0.01,-0.0888,0.729,0.0114,-0.0709,0.732
0.01,-0.0887,0.729,0.0114,-0.0709,0.732
0.01,-0.0887,0.729,0.0114,-0.0709,0.732
0.01,-0.0887,0.729,0.0114,-0.0709,0.732
0.01,-0.0887,0.729,0.0114,-0.0709,0.732
0.01,-0.0887,0.729,0.0114,-0.0709,0.732
0.01,-0.0887,0.729,0.0114,-0.0709,0.732
0.01,-0.0887,0.729,0.0114,-0.0709,0.732
0.01,-0.0887,0.729,0.0114,-0.0709,0.732
0.01,-0.0887,0.729,0.0114,-0.0709,0.732
0.01,-0.0887,0.729,0.0114,-0.0709,0.732
0.01,-0.0887,0.729,0.0114,-0.0709,0.732
0.01,-0.0886,0.729,0.0114,-0.0709,0.732
0.01,-0.0886,0.729,0.0114,-0.0709,0.732
0.01,-0.0886,0.729,0.0114,-0.0709,0.732
0.01,-0.0886,0.729,0.0114,-0.0709,0.732
0.01,-0.0886,0.729,0.0114,-0.0709,0.732
0.01,-0.0886,0.729,0.0114,-0.0709,0.732
0.01,-0.0886,0.729,0.0114,-0.0709,0.732
0.01,-0.0886,0.729,0.0114,-0.0709,0.732
0.01,-0.0886,0.729,0.0114,-0.0709,0.732
0.01,-0.0886,0.729,0.0114,-0.0709,0.732
0.01,-0.0886,0.729,0.0114,-0.0709,0.732
0.01,-0.0886,0.729,0.0114,-0.0709,0.732
0.01,-0.0885,0.729,0.0114,-0.0709,0.732
0.01,-0.0885,0.729,0.0114,-0.0709,0.732
0.01,-0.0885,0.729,0.0114,-0.0709,0.732
0.01,-0.0885,0.729,0.0114,-0.0709,0.732
0.01,-0.0885,0.729,0.0114,-0.0709,0.732
0.01,-0.0885,0.729,0.0114,-0.0709,0.732
0.01,-0.0885,0.729,0.0114,-0.0709,0.732
0.01,-0.0885,0.729,0.0114,-0.0709,0.732
0.01,-0.0885,0.729,0.0114,-0.0709,0.732
0.01,-0.0885,0.729,0.0114,-0.0708,0.732
0.01,-0.0885,0.729,0.0114,-0.0708,0.732
0.01,-0.0885,0.729,0.0114,-0.0708,0.732
0.01,-0.0884,0.729,0.0114,-0.0708,0.732
0.01,-0.0884,0.729,0.0114,-0.0708,0.732
0.01,-0.0884,0.729,0.0114,-0.0708,0.732
0.01,-0.0884,0.729,0.0114,-0.0708,0.732
0.01,-0.0884,0.729,0.0114,-0.0708,0.732
0.01,-0.0884,0.729,0.0114,-0.0708,0.732
0.01,-0.0884,0.729,0.0114,-0.0708,0.732
0.01,-0.0884,0.729,0.0114,-0.0708,0.732
0.01,-0.0884,0.729,0.0114,-0.0708,0.732
0.01,-0.0884,0.729,0.0114,-0.0708,0.732
0.01,-0.0884,0.729,0.0114,-0.0708,0.732
0.01,-0.0884,0.729,0.0114,-0.0708,0.732
0.01,-0.0883,0.729,0.0114,-0.0708,0.732
0.01,-0.0883,0.729,0.0114,-0.0708,0.732
0.01,-0.0883,0.729,0.0114,-0.0708,0.732
0.01,-0.0883,0.729,0.0114,-0.0708,0.732
0.01,-0.0883,0.729,0.0114,-0.0708,0.732
0.01,-0.0883,0.729,0.0114,-0.0708,0.732
0.01,-0.0883,0.729,0.0114,-0.0708,0.732
0.01,-0.0883,0.729,0.0114,-0.0708,0.732
0.01,-0.0883,0.729,0.0114,-0.0708,0.732
0.01,-0.0883,0.729,0.0114,-0.0708,0.732
0.01,-0.0883,0.729,0.0114,-0.0708,0.732
0.01,-0.0883,0.729,0.0114,-0.0708,0.732
0.01,-0.0882,0.729,0.0114,-0.0708,0.732
0.01,-0.0882,0.729,0.0114,-0.0708,0.732
0.01,-0.0882,0.729,0.0114,-0.0708,0.732
0.01,-0.0882,0.729,0.0114,-0.0708,0.732
0.01,-0.0882,0.729,0.0114,-0.0708,0.732
0.01,-0.0882,0.729,0.0114,-0.0708,0.732
0.01,-0.0882,0.729,0.0114,-0.0708,0.732
0.01,-0.0882,0.729,0.0114,-0.0708,0.732
0.01,-0.0882,0.729,0.0114,-0.0708,0.732
0.01,-0.0882,0.729,0.0114,-0.0708,0.732
0.01,-0.0882,0.729,0.0114,-0.0708,0.732
0.01,-0.0882,0.729,0.0114,-0.0708,0.732
0.01,-0.0881,0.729,0.0114,-0.0708,0.732
0.01,-0.0881,0.729,0.0114,-0.0708,0.732
0.01,-0.0881,0.729,0.0114,-0.0708,0.732
0.01,-0.0881,0.729,0.0114,-0.0708,0.732
0.01,-0.0881,0.729,0.0114,-0.0708,0.732
0.01,-0.0881,0.729,0.0114,-0.0708,0.732
0.01,-0.0881,0.729,0.0114,-0.0708,0.732
0.01,-0.0881,0.729,0.0114,-0.0708,0.732
0.01,-0.0881,0.729,0.0114,-0.0708,0.732
0.01,-0.0881,0.729,0.0114,-0.0708,0.732
0.01,-0.0881,0.729,0.0114,-0.0708,0.732
0.01,-0.0881,0.729,0.0114,-0.0708,0.732
0.01,-0.088,0.729,0.0114,-0.0708,0.732
0.01,-0.088,0.729,0.0114,-0.0708,0.732
0.01,-0.088,0.729,0.0114,-0.0708,0.732
0.01,-0.088,0.729,0.0114,-0.0708,0.732
0.01,-0.088,0.729,0.0114,-0.0708,0.732
0.01,-0.088,0.729,0.0114,-0.0708,0.732
0.01,-0.088,0.729,0.0114,-0.0708,0.732
0.01,-0.088,0.729,0.0114,-0.0708,0.732
0.01,-0.088,0.729,0.0114,-0.0707,0.732
0.01,-0.088,0.729,0.0114,-0.0707,0.732
0.01,-0.088,0.729,0.0114,-0.0707,0.732
0.01,-0.088,0.729,0.0114,-0.0707,0.732
0.01,-0.0879,0.729,0.0114,-0.0707,0.732
0.01,-0.0879,0.729,0.0114,-0.0707,0.732
0.01,-0.0879,0.729,0.0114,-0.0707,0.732
0.01,-0.0879,0.729,0.0114,-0.0707,0.732
0.01,-0.0879,0.729,0.0114,-0.0707,0.732
0.01,-0.0879,0.729,0.0114,-0.0707,0.732
0.01,-0.0879,0.729,0.0114,-0.0707,0.732
0.01,-0.0879,0.729,0.0114,-0.0707,0.732
0.01,-0.0879,0.729,0.0114,-0.0707,0.732
0.01,-0.0879,0.729,0.0114,-0.0707,0.732
0.01,-0.0879,0.729,0.0114,-0.0707,0.732
0.01,-0.0879,0.729,0.0114,-0.0707,0.732
0.01,-0.0878,0.729,0.0114,-0.0707,0.732
0.01,-0.0878,0.729,0.0114,-0.0707,0.732
0.01,-0.0878,0.729,0.0114,-0.0707,0.732
0.01,-0.0878,0.729,0.0114,-0.0707,0.732
0.01,-0.0878,0.729,0.0114,-0.0707,0.732
0.01,-0.0878,0.729,0.0114,-0.0707,0.732
0.01,-0.0878,0.729,0.0114,-0.0707,0.732
0.01,-0.0878,0.729,0.0114,-0.0707,0.732
0.01,-0.0878,0.729,0.0114,-0.0707,0.732
0.01,-0.0878,0.729,0.0114,-0.0707,0.732
0.01,-0.0878,0.729,0.0114,-0.0707,0.732
0.01,-0.0878,0.729,0.0114,-0.0707,0.732
0.01,-0.0877,0.729,0.0114,-0.0707,0.732
0.01,-0.0877,0.729,0.0114,-0.0707,0.732
0.01,-0.0877,0.729,0.0114,-0.0707,0.732
0.01,-0.0877,0.729,0.0114,-0.0707,0.732
0.01,-0.0877,0.729,0.0114,-0.0707,0.732
0.01,-0.0877,0.729,0.0114,-0.0707,0.732
0.01,-0.0877,0.729,0.0114,-0.0707,0.732
0.01,-0.0877,0.729,0.0114,-0.0707,0.732
0.01,-0.0877,0.729,0.0114,-0.0707,0.732
0.01,-0.0877,0.729,0.0114,-0.0707,0.732
0.01,-0.0877,0.729,0.0114,-0.0707,0.732
0.01,-0.0877,0.729,0.0114,-0.0707,0.732
0.01,-0.0877,0.729,0.0114,-0.0707,0.732
0.01,-0.0876,0.729,0.0114,-0.0707,0.732
0.01,-0.0876,0.729,0.0114,-0.0707,0.732
0.01,-0.0876,0.729,0.0114,-0.0707,0.732
0.01,-0.0876,0.729,0.0114,-0.0707,0.732
0.01,-0.0876,0.729,0.0114,-0.0707,0.732
0.01,-0.0876,0.729,0.0114,-0.0707,0.732
0.01,-0.0876,0.729,0.0114,-0.0707,0.732
0.01,-0.0876,0.729,0.0114,-0.0707,0.732
0.01,-0.0876,0.729,0.0114,-0.0707,0.732
0.01,-0.0876,0.729,0.0114,-0.0707,0.732
0.01,-0.0876,0.729,0.0114,-0.0707,0.732
0.01,-0.0876,0.729,0.0114,-0.0707,0.732
0.01,-0.0875,0.729,0.0114,-0.0707,0.732
0.01,-0.0875,0.729,0.0114,-0.0707,0.732
0.01,-0.0875,0.729,0.0114,-0.0707,0.732
0.01,-0.0875,0.729,0.0114,-0.0707,0.732
0.01,-0.0875,0.729,0.0114,-0.0707,0.732
0.01,-0.0875,0.729,0.0114,-0.0707,0.732
0.01,-0.0875,0.729,0.0114,-0.0707,0.732
0.01,-0.0875,0.729,0.0114,-0.0707,0.732
0.01,-0.0875,0.729,0.0114,-0.0707,0.732
0.01,-0.0875,0.729,0.0114,-0.0707,0.732
0.01,-0.0875,0.729,0.0114,-0.0707,0.732
0.01,-0.0875,0.729,0.0114,-0.0707,0.732
0.01,-0.0875,0.729,0.0114,-0.0707,0.732
0.01,-0.0874,0.729,0.0114,-0.0707,0.732
0.01,-0.0874,0.729,0.0114,-0.0707,0.732
0.01,-0.0874,0.729,0.0114,-0.0707,0.732
0.01,-0.0874,0.729,0.0114,-0.0707,0.732
0.01,-0.0874,0.729,0.0114,-0.0707,0.732
0.01,-0.0874,0.729,0.0114,-0.0707,0.732
0.01,-0.0874,0.729,0.0114,-0.0707,0.732
0.01,-0.0874,0.729,0.0114,-0.0707,0.732
0.01,-0.0874,0.729,0.0114,-0.0707,0.732
0.01,-0.0874,0.729,0.0114,-0.0707,0.732
0.01,-0.0874,0.729,0.0114,-0.0707,0.732
0.01,-0.0874,0.729,0.0114,-0.0707,0.732
0.01,-0.0873,0.729,0.0114,-0.0707,0.732
0.01,-0.0873,0.729,0.0114,-0.0707,0.732
0.01,-0.0873,0.729,0.0114,-0.0707,0.732
0.01,-0.0873,0.729,0.0114,-0.0707,0.732
0.01,-0.0873,0.729,0.0114,-0.0707,0.732
0.01,-0.0873,0.729,0.0114,-0.0707,0.732
0.01,-0.0873,0.729,0.0114,-0.0707,0.732
0.01,-0.0873,0.729,0.0114,-0.0707,0.732
0.01,-0.0873,0.729,0.0114,-0.0707,0.732
0.01,-0.0873,0.729,0.0114,-0.0707,0.732
0.01,-0.0873,0.729,0.0114,-0.0707,0.732
0.01,-0.0873,0.729,0.0114,-0.0707,0.732
0.01,-0.0873,0.729,0.0114,-0.0707,0.732
0.01,-0.0872,0.729,0.0114,-0.0707,0.732
0.01,-0.0872,0.729,0.0114,-0.0707,0.732
0.01,-0.0872,0.729,0.0114,-0.0707,0.732
0.01,-0.0872,0.729,0.0114,-0.0707,0.732
0.01,-0.0872,0.729,0.0114,-0.0707,0.732
0.01,-0.0872,0.729,0.0114,-0.0707,0.732
0.01,-0.0872,0.729,0.0114,-0.0707,0.732
0.01,-0.0872,0.729,0.0114,-0.0707,0.732
0.01,-0.0872,0.729,0.0114,-0.0707,0.732
0.01,-0.0872,0.729,0.0114,-0.0707,0.732
0.01,-0.0872,0.729,0.0114,-0.0707,0.732
0.01,-0.0872,0.729,0.0114,-0.0707,0.732
0.01,-0.0872,0.729,0.0114,-0.0707,0.732
0.01,-0.0871,0.729,0.0114,-0.0707,0.732
0.01,-0.0871,0.729,0.0114,-0.0707,0.732
0.01,-0.0871,0.729,0.0114,-0.0707,0.732
0.01,-0.0871,0.729,0.0114,-0.0707,0.732
0.01,-0.0871,0.729,0.0114,-0.0707,0.732
0.01,-0.0871,0.729,0.0114,-0.0707,0.732
0.01,-0.0871,0.729,0.0114,-0.0707,0.732
0.01,-0.0871,0.729,0.0114,-0.0707,0.732
0.01,-0.0871,0.729,0.0114,-0.0707,0.732
0.01,-0.0871,0.729,0.0114,-0.0707,0.732
0.01,-0.0871,0.729,0.0114,-0.0707,0.732
0.01,-0.0871,0.729,0.0114,-0.0707,0.732
0.01,-0.0871,0.729,0.0114,-0.0708,0.732
0.01,-0.087,0.729,0.0114,-0.0708,0.732
0.01,-0.087,0.729,0.0114,-0.0708,0.732
0.01,-0.087,0.729,0.0114,-0.0708,0.732
0.01,-0.087,0.729,0.0114,-0.0708,0.732
0.01,-0.087,0.729,0.0114,-0.0708,0.732
0.01,-0.087,0.729,0.0114,-0.0708,0.732
0.01,-0.087,0.729,0.0114,-0.0708,0.732
0.01,-0.087,0.729,0.0114,-0.0708,0.732
0.01,-0.087,0.729,0.0114,-0.0708,0.732
0.01,-0.087,0.729,0.0114,-0.0708,0.732
0.01,-0.087,0.729,0.0114,-0.0708,0.732
0.01,-0.087,0.729,0.0114,-0.0708,0.732
0.01,-0.087,0.729,0.0114,-0.0708,0.732
0.01,-0.0869,0.729,0.0114,-0.0708,0.732
0.01,-0.0869,0.729,0.0114,-0.0708,0.732
0.01,-0.0869,0.729,0.0114,-0.0708,0.732
0.01,-0.0869,0.729,0.0114,-0.0708,0.732
0.01,-0.0869,0.729,0.0114,-0.0708,0.732
0.01,-0.0869,0.729,0.0114,-0.0708,0.732
0.01,-0.0869,0.729,0.0114,-0.0708,0.732
0.01,-0.0869,0.729,0.0114,-0.0708,0.732
0.01,-0.0869,0.729,0.0114,-0.0708,0.732
0.01,-0.0869,0.729,0.0114,-0.0708,0.732
0.01,-0.0869,0.729,0.0114,-0.0708,0.732
0.01,-0.0869,0.729,0.0114,-0.0708,0.732
0.01,-0.0869,0.729,0.0114,-0.0708,0.732
0.01,-0.0868,0.729,0.0114,-0.0708,0.732
0.01,-0.0868,0.729,0.0114,-0.0708,0.732
0.01,-0.0868,0.729,0.0114,-0.0708,0.732
0.01,-0.0868,0.729,0.0114,-0.0708,0.732
0.01,-0.0868,0.729,0.0114,-0.0708,0.732
0.01,-0.0868,0.729,0.0114,-0.0708,0.732
0.01,-0.0868,0.729,0.0114,-0.0708,0.732
0.01,-0.0868,0.729,0.0114,-0.0708,0.732
0.01,-0.0868,0.729,0.0114,-0.0708,0.732
0.01,-0.0868,0.729,0.0114,-0.0708,0.732
0.01,-0.0868,0.729,0.0114,-0.0708,0.732
0.01,-0.0868,0.729,0.0114,-0.0708,0.732
0.01,-0.0868,0.729,0.0114,-0.0708,0.732
0.01,-0.0868,0.729,0.0114,-0.0708,0.732
0.01,-0.0867,0.729,0.0114,-0.0708,0.732
0.01,-0.0867,0.729,0.0114,-0.0708,0.732
0.01,-0.0867,0.729,0.0114,-0.0708,0.732
0.01,-0.0867,0.729,0.0114,-0.0708,0.732
0.01,-0.0867,0.729,0.0114,-0.0708,0.732
0.01,-0.0867,0.729,0.0114,-0.0708,0.732
0.01,-0.0867,0.729,0.0114,-0.0708,0.732
0.01,-0.0867,0.729,0.0114,-0.0708,0.732
0.01,-0.0867,0.729,0.0114,-0.0708,0.732
0.01,-0.0867,0.729,0.0114,-0.0708,0.732
0.01,-0.0867,0.729,0.0114,-0.0708,0.732
0.01,-0.0867,0.729,0.0114,-0.0708,0.732
0.01,-0.0867,0.729,0.0114,-0.0708,0.732
0.01,-0.0866,0.729,0.0114,-0.0708,0.732
0.01,-0.0866,0.729,0.0114,-0.0708,0.732
0.01,-0.0866,0.729,0.0114,-0.0708,0.732
0.01,-0.0866,0.729,0.0114,-0.0708,0.732
0.01,-0.0866,0.729,0.0114,-0.0708,0.732
0.01,-0.0866,0.729,0.0114,-0.0708,0.732
0.01,-0.0866,0.729,0.0114,-0.0708,0.732
0.01,-0.0866,0.729,0.0114,-0.0708,0.732
0.01,-0.0866,0.729,0.0114,-0.0708,0.732
0.01,-0.0866,0.729,0.0114,-0.0708,0.732
0.01,-0.0866,0.729,0.0114,-0.0708,0.732
0.01,-0.0866,0.729,0.0114,-0.0708,0.732
0.01,-0.0866,0.729,0.0114,-0.0708,0.732
0.01,-0.0866,0.729,0.0114,-0.0708,0.732
0.01,-0.0865,0.729,0.0114,-0.0708,0.732
0.01,-0.0865,0.729,0.0114,-0.0708,0.732
0.01,-0.0865,0.729,0.0114,-0.0708,0.732
0.01,-0.0865,0.729,0.0114,-0.0708,0.732
0.01,-0.0865,0.729,0.0114,-0.0708,0.732
0.01,-0.0865,0.729,0.0114,-0.0708,0.732
0.01,-0.0865,0.729,0.0114,-0.0708,0.732
0.01,-0.0865,0.729,0.0114,-0.0708,0.732
0.01,-0.0865,0.729,0.0114,-0.0708,0.732
0.01,-0.0865,0.729,0.0114,-0.0708,0.732
0.01,-0.0865,0.729,0.0114,-0.0708,0.732
0.01,-0.0865,0.729,0.0114,-0.0708,0.732
0.01,-0.0865,0.729,0.0114,-0.0708,0.732
0.01,-0.0865,0.729,0.0114,-0.0708,0.732
0.01,-0.0864,0.729,0.0114,-0.0708,0.732
0.01,-0.0864,0.729,0.0114,-0.0708,0.732
0.01,-0.0864,0.729,0.0114,-0.0708,0.732
0.01,-0.0864,0.729,0.0114,-0.0708,0.732
0.01,-0.0864,0.729,0.0114,-0.0709,0.732
0.01,-0.0864,0.729,0.0114,-0.0709,0.732
0.01,-0.0864,0.729,0.0114,-0.0709,0.732
0.01,-0.0864,0.729,0.0114,-0.0709,0.732
0.01,-0.0864,0.729,0.0114,-0.0709,0.732
0.01,-0.0864,0.729,0.0114,-0.0709,0.732
0.01,-0.0864,0.729,0.0114,-0.0709,0.732
0.01,-0.0864,0.729,0.0114,-0.0709,0.732
0.01,-0.0864,0.729,0.0114,-0.0709,0.732
0.01,-0.0864,0.729,0.0114,-0.0709,0.732
0.01,-0.0863,0.729,0.0114,-0.0709,0.732
0.01,-0.0863,0.729,0.0114,-0.0709,0.732
0.01,-0.0863,0.729,0.0114,-0.0709,0.732
0.01,-0.0863,0.729,0.0114,-0.0709,0.732
0.01,-0.0863,0.729,0.0114,-0.0709,0.732
0.01,-0.0863,0.729,0.0114,-0.0709,0.732
0.01,-0.0863,0.729,0.0114,-0.0709,0.732
0.01,-0.0863,0.729,0.0114,-0.0709,0.732
0.01,-0.0863,0.729,0.0114,-0.0709,0.732
0.01,-0.0863,0.729,0.0114,-0.0709,0.732
0.01,-0.0863,0.729,0.0114,-0.0709,0.732
0.01,-0.0863,0.729,0.0114,-0.0709,0.732
0.01,-0.0863,0.729,0.0114,-0.0709,0.732
0.01,-0.0863,0.729,0.0114,-0.0709,0.732
0.01,-0.0862,0.729,0.0114,-0.0709,0.732
0.01,-0.0862,0.729,0.0114,-0.0709,0.732
0.01,-0.0862,0.729,0.0114,-0.0709,0.732
0.01,-0.0862,0.729,0.0114,-0.0709,0.732
0.01,-0.0862,0.729,0.0114,-0.0709,0.732
0.01,-0.0862,0.729,0.0114,-0.0709,0.732
0.01,-0.0862,0.729,0.0114,-0.0709,0.732
0.01,-0.0862,0.729,0.0114,-0.0709,0.732
0.01,-0.0862,0.729,0.0114,-0.0709,0.732
0.01,-0.0862,0.729,0.0114,-0.0709,0.732
0.01,-0.0862,0.729,0.0114,-0.0709,0.732
0.01,-0.0862,0.729,0.0114,-0.0709,0.732
0.01,-0.0862,0.729,0.0114,-0.0709,0.732
0.01,-0.0862,0.729,0.0114,-0.0709,0.732
0.01,-0.0861,0.729,0.0114,-0.0709,0.732
0.01,-0.0861,0.729,0.0114,-0.0709,0.732
0.01,-0.0861,0.729,0.0114,-0.0709,0.732
0.01,-0.0861,0.729,0.0114,-0.0709,0.732
0.01,-0.0861,0.729,0.0114,-0.0709,0.732
0.01,-0.0861,0.729,0.0114,-0.0709,0.732
0.01,-0.0861,0.729,0.0114,-0.0709,0.732
0.01,-0.0861,0.729,0.0114,-0.0709,0.732
0.01,-0.0861,0.729,0.0114,-0.0709,0.732
0.01,-0.0861,0.729,0.0114,-0.0709,0.732
0.01,-0.0861,0.729,0.0114,-0.0709,0.732
0.01,-0.0861,0.729,0.0114,-0.0709,0.732
0.01,-0.0861,0.729,0.0114,-0.0709,0.732
0.01,-0.0861,0.729,0.0114,-0.0709,0.732
0.01,-0.086,0.729,0.0114,-0.0709,0.732
0.01,-0.086,0.729,0.0114,-0.0709,0.732
0.01,-0.086,0.729,0.0114,-0.0709,0.732
0.01,-0.086,0.729,0.0114,-0.0709,0.732
0.01,-0.086,0.729,0.0114,-0.0709,0.732
0.01,-0.086,0.729,0.0114,-0.0709,0.732
0.01,-0.086,0.729,0.0114,-0.0709,0.732
0.01,-0.086,0.729,0.0114,-0.0709,0.732
0.01,-0.086,0.729,0.0114,-0.0709,0.732
0.01,-0.086,0.729,0.0114,-0.071,0.732
0.01,-0.086,0.729,0.0114,-0.071,0.732
0.01,-0.086,0.729,0.0114,-0.071,0.732
0.01,-0.086,0.729,0.0114,-0.071,0.732
0.01,-0.086,0.729,0.0114,-0.071,0.732
0.01,-0.086,0.729,0.0114,-0.071,0.732
0.01,-0.0859,0.729,0.0114,-0.071,0.732
0.01,-0.0859,0.729,0.0114,-0.071,0.732
0.01,-0.0859,0.729,0.0114,-0.071,0.732
0.01,-0.0859,0.729,0.0114,-0.071,0.732
0.01,-0.0859,0.729,0.0114,-0.071,0.732
0.01,-0.0859,0.729,0.0114,-0.071,0.732
0.01,-0.0859,0.729,0.0114,-0.071,0.732
0.01,-0.0859,0.729,0.0114,-0.071,0.732
0.01,-0.0859,0.729,0.0114,-0.071,0.732
0.01,-0.0859,0.729,0.0114,-0.071,0.732
0.01,-0.0859,0.729,0.0114,-0.071,0.732
0.01,-0.0859,0.729,0.0114,-0.071,0.732
0.01,-0.0859,0.729,0.0114,-0.071,0.732
0.01,-0.0859,0.729,0.0114,-0.071,0.732
0.01,-0.0859,0.729,0.0114,-0.071,0.732
0.01,-0.0858,0.729,0.0114,-0.071,0.732
0.01,-0.0858,0.729,0.0114,-0.071,0.732
0.01,-0.0858,0.729,0.0114,-0.071,0.732
0.01,-0.0858,0.729,0.0114,-0.071,0.732
0.01,-0.0858,0.729,0.0114,-0.071,0.732
0.01,-0.0858,0.729,0.0114,-0.071,0.732
0.01,-0.0858,0.729,0.0114,-0.071,0.732
0.01,-0.0858,0.729,0.0114,-0.071,0.732
0.01,-0.0858,0.729,0.0113,-0.071,0.732
0.01,-0.0858,0.729,0.0113,-0.071,0.732
0.01,-0.0858,0.729,0.0113,-0.071,0.732
0.01,-0.0858,0.729,0.0113,-0.071,0.732
0.01,-0.0858,0.729,0.0113,-0.071,0.732
0.01,-0.0858,0.729,0.0113,-0.071,0.732
0.01,-0.0858,0.729,0.0113,-0.071,0.732
0.01,-0.0857,0.729,0.0113,-0.071,0.732
0.01,-0.0857,0.729,0.0113,-0.071,0.732
0.01,-0.0857,0.729,0.0113,-0.071,0.732
0.01,-0.0857,0.729,0.0113,-0.071,0.732
0.01,-0.0857,0.729,0.0113,-0.071,0.732
0.01,-0.0857,0.729,0.0113,-0.071,0.732
0.01,-0.0857,0.729,0.0113,-0.071,0.732
0.01,-0.0857,0.729,0.0113,-0.071,0.732
0.01,-0.0857,0.729,0.0113,-0.071,0.732
0.01,-0.0857,0.729,0.0113,-0.071,0.732
0.01,-0.0857,0.729,0.0113,-0.071,0.732
0.01,-0.0857,0.729,0.0113,-0.071,0.732
0.01,-0.0857,0.729,0.0113,-0.071,0.732
0.01,-0.0857,0.729,0.0113,-0.071,0.732
0.01,-0.0857,0.729,0.0113,-0.071,0.732
0.01,-0.0856,0.729,0.0113,-0.071,0.732
0.01,-0.0856,0.729,0.0113,-0.071,0.732
0.01,-0.0856,0.729,0.0113,-0.071,0.732
0.01,-0.0856,0.729,0.0113,-0.071,0.732
0.01,-0.0856,0.729,0.0113,-0.071,0.732
0.01,-0.0856,0.729,0.0113,-0.071,0.732
0.01,-0.0856,0.729,0.0113,-0.071,0.732
0.01,-0.0856,0.729,0.0113,-0.071,0.732
0.01,-0.0856,0.729,0.0113,-0.071,0.732
0.01,-0.0856,0.729,0.0113,-0.071,0.732
0.01,-0.0856,0.729,0.0113,-0.071,0.732
0.01,-0.0856,0.729,0.0113,-0.071,0.732
0.01,-0.0856,0.729,0.0113,-0.071,0.732
0.01,-0.0856,0.729,0.0113,-0.071,0.732
0.01,-0.0856,0.729,0.0113,-0.071,0.732
0.01,-0.0855,0.729,0.0113,-0.071,0.732
0.01,-0.0855,0.729,0.0113,-0.071,0.732
0.01,-0.0855,0.729,0.0113,-0.071,0.732
0.01,-0.0855,0.729,0.0113,-0.071,0.732
0.01,-0.0855,0.729,0.0113,-0.071,0.732
0.01,-0.0855,0.729,0.0113,-0.071,0.732
0.01,-0.0855,0.729,0.0113,-0.071,0.732
0.01,-0.0855,0.729,0.0113,-0.071,0.732
0.01,-0.0855,0.729,0.0113,-0.071,0.732
0.01,-0.0855,0.729,0.0113,-0.071,0.732
0.01,-0.0855,0.729,0.0113,-0.071,0.732
0.01,-0.0855,0.729,0.0113,-0.0711,0.732
0.01,-0.0855,0.729,0.0113,-0.0711,0.732
0.01,-0.0855,0.729,0.0113,-0.0711,0.732
0.01,-0.0855,0.729,0.0113,-0.0711,0.732
0.01,-0.0855,0.729,0.0113,-0.0711,0.732
0.01,-0.0854,0.729,0.0113,-0.0711,0.732
0.01,-0.0854,0.729,0.0113,-0.0711,0.732
0.01,-0.0854,0.729,0.0113,-0.0711,0.732
0.01,-0.0854,0.729,0.0113,-0.0711,0.732
0.01,-0.0854,0.729,0.0113,-0.0711,0.732
0.01,-0.0854,0.729,0.0113,-0.0711,0.732
0.01,-0.0854,0.729,0.0113,-0.0711,0.732
0.01,-0.0854,0.729,0.0113,-0.0711,0.732
0.01,-0.0854,0.729,0.0113,-0.0711,0.732
0.01,-0.0854,0.729,0.0113,-0.0711,0.732
0.01,-0.0854,0.729,0.0113,-0.0711,0.732
0.01,-0.0854,0.729,0.0113,-0.0711,0.732
0.01,-0.0854,0.729,0.0113,-0.0711,0.732
0.01,-0.0854,0.729,0.0113,-0.0711,0.732
0.01,-0.0854,0.729,0.0113,-0.0711,0.732
0.01,-0.0854,0.729,0.0113,-0.0711,0.732
0.01,-0.0853,0.729,0.0113,-0.0711,0.732
0.01,-0.0853,0.729,0.0113,-0.0711,0.732
0.01,-0.0853,0.729,0.0113,-0.0711,0.732
0.01,-0.0853,0.729,0.0113,-0.0711,0.732
0.01,-0.0853,0.729,0.0113,-0.0711,0.732
0.01,-0.0853,0.729,0.0113,-0.0711,0.732
0.01,-0.0853,0.729,0.0113,-0.0711,0.732
0.01,-0.0853,0.729,0.0113,-0.0711,0.732
0.01,-0.0853,0.729,0.0113,-0.0711,0.732
0.01,-0.0853,0.729,0.0113,-0.0711,0.732
0.01,-0.0853,0.729,0.0113,-0.0711,0.732
0.01,-0.0853,0.729,0.0113,-0.0711,0.732
0.01,-0.0853,0.729,0.0113,-0.0711,0.732
0.01,-0.0853,0.729,0.0113,-0.0711,0.732
0.01,-0.0853,0.729,0.0113,-0.0711,0.732
0.01,-0.0853,0.729,0.0113,-0.0711,0.732
0.01,-0.0852,0.729,0.0113,-0.0711,0.732
0.01,-0.0852,0.729,0.0113,-0.0711,0.732
0.01,-0.0852,0.729,0.0113,-0.0711,0.732
0.01,-0.0852,0.729,0.0113,-0.0711,0.732
0.01,-0.0852,0.729,0.0113,-0.0711,0.732
0.01,-0.0852,0.729,0.0113,-0.0711,0.732
0.01,-0.0852,0.729,0.0113,-0.0711,0.732
0.01,-0.0852,0.729,0.0113,-0.0711,0.732
0.01,-0.0852,0.729,0.0113,-0.0711,0.732
0.01,-0.0852,0.729,0.0113,-0.0711,0.732
0.01,-0.0852,0.729,0.0113,-0.0711,0.732
0.01,-0.0852,0.729,0.0113,-0.0711,0.732
0.01,-0.0852,0.729,0.0113,-0.0711,0.732
0.01,-0.0852,0.729,0.0112,-0.0711,0.732
0.01,-0.0852,0.729,0.0112,-0.0711,0.732
0.01,-0.0852,0.729,0.0112,-0.0711,0.732
0.01,-0.0852,0.729,0.0112,-0.0711,0.732
0.01,-0.0851,0.729,0.0112,-0.0711,0.732
0.01,-0.0851,0.729,0.0112,-0.0711,0.732
0.01,-0.0851,0.729,0.0112,-0.0711,0.732
0.01,-0.0851,0.729,0.0112,-0.0711,0.732
0.01,-0.0851,0.729,0.0112,-0.0711,0.732
0.01,-0.0851,0.729,0.0112,-0.0711,0.732
0.01,-0.0851,0.729,0.0112,-0.0711,0.732
0.01,-0.0851,0.729,0.0112,-0.0711,0.732
0.01,-0.0851,0.729,0.0112,-0.0711,0.732
0.01,-0.0851,0.729,0.0112,-0.0711,0.732
0.01,-0.0851,0.729,0.0112,-0.0711,0.732
0.01,-0.0851,0.729,0.0112,-0.0711,0.732
0.01,-0.0851,0.729,0.0112,-0.0711,0.732
0.01,-0.0851,0.729,0.0112,-0.0711,0.732
0.01,-0.0851,0.729,0.0112,-0.0711,0.732
0.01,-0.0851,0.729,0.0112,-0.0712,0.732
0.01,-0.0851,0.729,0.0112,-0.0712,0.732
0.01,-0.085,0.729,0.0112,-0.0712,0.732
0.01,-0.085,0.729,0.0112,-0.0712,0.732
0.01,-0.085,0.729,0.0112,-0.0712,0.732
0.01,-0.085,0.729,0.0112,-0.0712,0.732
0.01,-0.085,0.729,0.0112,-0.0712,0.732
0.01,-0.085,0.729,0.0112,-0.0712,0.732
0.01,-0.085,0.729,0.0112,-0.0712,0.732
0.01,-0.085,0.729,0.0112,-0.0712,0.732
0.01,-0.085,0.729,0.0112,-0.0712,0.732
0.01,-0.085,0.729,0.0112,-0.0712,0.732
0.01,-0.085,0.729,0.0112,-0.0712,0.732
0.01,-0.085,0.729,0.0112,-0.0712,0.732
0.01,-0.085,0.729,0.0112,-0.0712,0.732
0.01,-0.085,0.729,0.0112,-0.0712,0.732
0.01,-0.085,0.729,0.0112,-0.0712,0.732
0.01,-0.085,0.729,0.0112,-0.0712,0.732
0.01,-0.085,0.729,0.0112,-0.0712,0.732
0.01,-0.0849,0.729,0.0112,-0.0712,0.732
0.01,-0.0849,0.729,0.0112,-0.0712,0.732
0.01,-0.0849,0.729,0.0112,-0.0712,0.732
0.01,-0.0849,0.729,0.0112,-0.0712,0.732
0.01,-0.0849,0.729,0.0112,-0.0712,0.732
0.01,-0.0849,0.729,0.0112,-0.0712,0.732
0.01,-0.0849,0.729,0.0112,-0.0712,0.732
0.01,-0.0849,0.729,0.0112,-0.0712,0.732
0.01,-0.0849,0.729,0.0112,-0.0712,0.732
0.01,-0.0849,0.729,0.0112,-0.0712,0.732
0.01,-0.0849,0.729,0.0112,-0.0712,0.732
0.01,-0.0849,0.729,0.0112,-0.0712,0.732
0.01,-0.0849,0.729,0.0112,-0.0712,0.732
0.01,-0.0849,0.729,0.0112,-0.0712,0.732
0.01,-0.0849,0.729,0.0112,-0.0712,0.732
0.01,-0.0849,0.729,0.0112,-0.0712,0.732
0.01,-0.0849,0.729,0.0112,-0.0712,0.732
0.01,-0.0848,0.729,0.0111,-0.0712,0.732
0.01,-0.0848,0.729,0.0111,-0.0712,0.732
0.01,-0.0848,0.729,0.0111,-0.0712,0.732
0.01,-0.0848,0.729,0.0111,-0.0712,0.732
0.01,-0.0848,0.729,0.0111,-0.0712,0.732
0.01,-0.0848,0.729,0.0111,-0.0712,0.732
0.01,-0.0848,0.729,0.0111,-0.0712,0.732
0.01,-0.0848,0.729,0.0111,-0.0712,0.732
0.01,-0.0848,0.729,0.0111,-0.0712,0.732
0.01,-0.0848,0.729,0.0111,-0.0713,0.732
0.01,-0.0848,0.729,0.0111,-0.0713,0.732
0.01,-0.0848,0.729,0.0111,-0.0713,0.732
0.01,-0.0848,0.729,0.0111,-0.0713,0.732
0.01,-0.0848,0.729,0.0111,-0.0713,0.732
0.01,-0.0848,0.729,0.0111,-0.0713,0.732
0.01,-0.0848,0.729,0.0111,-0.0713,0.732
0.01,-0.0848,0.729,0.0111,-0.0713,0.732
0.01,-0.0848,0.729,0.0111,-0.0713,0.732
0.01,-0.0847,0.729,0.0111,-0.0713,0.732
0.01,-0.0847,0.73,0.0111,-0.0713,0.732
0.01,-0.0847,0.73,0.0111,-0.0713,0.732
0.01,-0.0847,0.73,0.0111,-0.0713,0.732
0.01,-0.0847,0.73,0.0111,-0.0713,0.732
0.01,-0.0847,0.73,0.0111,-0.0713,0.732
0.01,-0.0847,0.73,0.0111,-0.0713,0.732
0.01,-0.0847,0.73,0.0111,-0.0713,0.732
0.01,-0.0847,0.73,0.0111,-0.0713,0.732
0.01,-0.0847,0.73,0.0111,-0.0713,0.732
0.01,-0.0847,0.73,0.0111,-0.0713,0.732
0.01,-0.0847,0.73,0.0111,-0.0713,0.732
0.01,-0.0847,0.73,0.0111,-0.0713,0.732
0.01,-0.0847,0.73,0.0111,-0.0713,0.732
0.01,-0.0847,0.73,0.0111,-0.0713,0.732
0.01,-0.0847,0.73,0.0111,-0.0713,0.732
0.01,-0.0847,0.73,0.0111,-0.0713,0.732
0.01,-0.0847,0.73,0.0111,-0.0713,0.732
0.01,-0.0847,0.73,0.0111,-0.0713,0.732
0.01,-0.0846,0.73,0.0111,-0.0713,0.732
0.01,-0.0846,0.73,0.0111,-0.0713,0.732
0.01,-0.0846,0.73,0.0111,-0.0713,0.732
0.01,-0.0846,0.73,0.0111,-0.0713,0.732
0.01,-0.0846,0.73,0.0111,-0.0713,0.732
0.01,-0.0846,0.73,0.0111,-0.0714,0.732
0.01,-0.0846,0.73,0.0111,-0.0714,0.732
0.01,-0.0846,0.73,0.0111,-0.0714,0.732
0.01,-0.0846,0.73,0.0111,-0.0714,0.732
0.01,-0.0846,0.73,0.0111,-0.0714,0.732
0.01,-0.0846,0.73,0.0111,-0.0714,0.732
0.01,-0.0846,0.73,0.0111,-0.0714,0.732
0.01,-0.0846,0.73,0.0111,-0.0714,0.732
0.01,-0.0846,0.73,0.0111,-0.0714,0.732
0.01,-0.0846,0.73,0.0111,-0.0714,0.732
0.01,-0.0846,0.73,0.0111,-0.0714,0.732
0.01,-0.0846,0.73,0.0111,-0.0714,0.732
0.01,-0.0846,0.73,0.0111,-0.0714,0.732
0.01,-0.0845,0.73,0.0111,-0.0714,0.732
0.01,-0.0845,0.73,0.0111,-0.0714,0.732
0.01,-0.0845,0.73,0.0111,-0.0714,0.732
0.01,-0.0845,0.73,0.0111,-0.0714,0.732
0.01,-0.0845,0.73,0.0111,-0.0714,0.732
0.01,-0.0845,0.73,0.0111,-0.0714,0.732
0.01,-0.0845,0.73,0.0111,-0.0714,0.732
0.01,-0.0845,0.73,0.0111,-0.0714,0.732
0.01,-0.0845,0.73,0.0111,-0.0714,0.732
0.01,-0.0845,0.73,0.0111,-0.0714,0.732
0.01,-0.0845,0.73,0.0111,-0.0714,0.732
0.01,-0.0845,0.73,0.0111,-0.0714,0.732
0.01,-0.0845,0.73,0.011,-0.0715,0.732
0.01,-0.0845,0.73,0.011,-0.0715,0.732
0.01,-0.0845,0.73,0.011,-0.0715,0.732
0.01,-0.0845,0.73,0.011,-0.0715,0.732
0.01,-0.0845,0.73,0.011,-0.0715,0.732
0.01,-0.0845,0.73,0.011,-0.0715,0.732
0.01,-0.0845,0.73,0.011,-0.0715,0.732
0.01,-0.0845,0.73,0.011,-0.0715,0.732
0.01,-0.0844,0.73,0.011,-0.0715,0.732
0.01,-0.0844,0.73,0.011,-0.0715,0.732
0.01,-0.0844,0.73,0.011,-0.0715,0.732
0.01,-0.0844,0.73,0.011,-0.0715,0.732
0.01,-0.0844,0.73,0.011,-0.0715,0.732
0.01,-0.0844,0.73,0.011,-0.0715,0.732
0.01,-0.0844,0.73,0.011,-0.0715,0.732
0.01,-0.0844,0.73,0.011,-0.0715,0.732
0.01,-0.0844,0.73,0.011,-0.0715,0.732
0.01,-0.0844,0.73,0.011,-0.0715,0.732
0.01,-0.0844,0.73,0.011,-0.0715,0.732
0.01,-0.0844,0.73,0.011,-0.0715,0.732
0.01,-0.0844,0.73,0.011,-0.0715,0.732
0.01,-0.0844,0.73,0.011,-0.0715,0.732
0.01,-0.0844,0.73,0.011,-0.0716,0.732
0.01,-0.0844,0.73,0.011,-0.0716,0.732
0.01,-0.0844,0.73,0.011,-0.0716,0.732
0.01,-0.0844,0.73,0.011,-0.0716,0.732
0.01,-0.0844,0.73,0.011,-0.0716,0.732
0.01,-0.0844,0.73,0.011,-0.0716,0.732
0.01,-0.0843,0.73,0.011,-0.0716,0.732
0.01,-0.0843,0.73,0.011,-0.0716,0.732
0.01,-0.0843,0.73,0.011,-0.0716,0.732
0.01,-0.0843,0.73,0.011,-0.0716,0.732
0.01,-0.0843,0.73,0.011,-0.0716,0.732
0.01,-0.0843,0.73,0.011,-0.0716,0.732
0.01,-0.0843,0.73,0.011,-0.0716,0.732
0.01,-0.0843,0.73,0.011,-0.0716,0.732
0.01,-0.0843,0.73,0.011,-0.0716,0.732
0.01,-0.0843,0.73,0.011,-0.0716,0.732
0.01,-0.0843,0.73,0.011,-0.0716,0.732
0.01,-0.0843,0.73,0.011,-0.0716,0.732
0.01,-0.0843,0.73,0.011,-0.0716,0.732
0.01,-0.0843,0.73,0.011,-0.0716,0.732
0.01,-0.0843,0.73,0.011,-0.0717,0.732
0.01,-0.0843,0.73,0.011,-0.0717,0.732
0.01,-0.0843,0.73,0.0109,-0.0717,0.732
0.01,-0.0843,0.73,0.0109,-0.0717,0.732
0.01,-0.0843,0.73,0.0109,-0.0717,0.732
0.01,-0.0843,0.73,0.0109,-0.0717,0.732
0.01,-0.0842,0.73,0.0109,-0.0717,0.732
0.01,-0.0842,0.73,0.0109,-0.0717,0.732
0.01,-0.0842,0.73,0.0109,-0.0717,0.732
0.01,-0.0842,0.73,0.0109,-0.0717,0.732
0.01,-0.0842,0.73,0.0109,-0.0717,0.732
0.01,-0.0842,0.73,0.0109,-0.0717,0.732
0.01,-0.0842,0.73,0.0109,-0.0717,0.732
0.01,-0.0842,0.73,0.0109,-0.0717,0.732
0.01,-0.0842,0.73,0.0109,-0.0717,0.732
0.01,-0.0842,0.73,0.0109,-0.0717,0.732
0.01,-0.0842,0.73,0.0109,-0.0717,0.732
0.01,-0.0842,0.73,0.0109,-0.0718,0.732
0.01,-0.0842,0.73,0.0109,-0.0718,0.732
0.01,-0.0842,0.73,0.0109,-0.0718,0.732
0.01,-0.0842,0.73,0.0109,-0.0718,0.732
0.01,-0.0842,0.73,0.0109,-0.0718,0.732
0.01,-0.0842,0.73,0.0109,-0.0718,0.732
0.01,-0.0842,0.73,0.0109,-0.0718,0.732
0.01,-0.0842,0.73,0.0109,-0.0718,0.732
0.01,-0.0842,0.73,0.0109,-0.0718,0.732
0.01,-0.0842,0.73,0.0109,-0.0718,0.732
0.01,-0.0841,0.73,0.0109,-0.0718,0.732
0.01,-0.0841,0.73,0.0109,-0.0718,0.732
0.01,-0.0841,0.73,0.0109,-0.0718,0.732
0.01,-0.0841,0.73,0.0109,-0.0718,0.732
0.01,-0.0841,0.73,0.0109,-0.0718,0.732
0.01,-0.0841,0.73,0.0108,-0.0718,0.732
0.01,-0.0841,0.73,0.0108,-0.0719,0.732
0.01,-0.0841,0.73,0.0108,-0.0719,0.732
0.01,-0.0841,0.73,0.0108,-0.0719,0.732
0.01,-0.0841,0.73,0.0108,-0.0719,0.732
0.01,-0.0841,0.73,0.0108,-0.0719,0.732
0.01,-0.0841,0.73,0.0108,-0.0719,0.732
0.01,-0.0841,0.73,0.0108,-0.0719,0.732
0.01,-0.0841,0.73,0.0108,-0.0719,0.732
0.01,-0.0841,0.73,0.0108,-0.0719,0.732
0.01,-0.0841,0.73,0.0108,-0.0719,0.732
0.01,-0.0841,0.73,0.0108,-0.0719,0.732
0.01,-0.0841,0.73,0.0108,-0.0719,0.732
0.01,-0.0841,0.73,0.0108,-0.0719,0.732
0.01,-0.0841,0.73,0.0108,-0.0719,0.732
0.01,-0.0841,0.73,0.0108,-0.0719,0.732
0.01,-0.0841,0.73,0.0108,-0.072,0.732
0.01,-0.084,0.73,0.0108,-0.072,0.732
0.01,-0.084,0.73,0.0108,-0.072,0.732
0.01,-0.084,0.73,0.0108,-0.072,0.732
0.01,-0.084,0.73,0.0108,-0.072,0.732
0.01,-0.084,0.73,0.0108,-0.072,0.732
0.01,-0.084,0.73,0.0108,-0.072,0.732
0.01,-0.084,0.73,0.0108,-0.072,0.732
0.01,-0.084,0.73,0.0108,-0.072,0.732
0.01,-0.084,0.73,0.0107,-0.072,0.732
0.01,-0.084,0.73,0.0107,-0.072,0.732
0.01,-0.084,0.73,0.0107,-0.072,0.732
0.01,-0.084,0.73,0.0107,-0.072,0.732
0.01,-0.084,0.73,0.0107,-0.072,0.732
0.01,-0.084,0.73,0.0107,-0.0721,0.732
0.01,-0.084,0.73,0.0107,-0.0721,0.732
0.01,-0.084,0.73,0.0107,-0.0721,0.732
0.01,-0.084,0.73,0.0107,-0.0721,0.732
0.01,-0.084,0.73,0.0107,-0.0721,0.732
0.01,-0.084,0.73,0.0107,-0.0721,0.732
0.01,-0.084,0.73,0.0107,-0.0721,0.732
0.01,-0.084,0.73,0.0107,-0.0721,0.732
0.01,-0.084,0.73,0.0107,-0.0721,0.732
0.01,-0.0839,0.73,0.0107,-0.0721,0.732
0.01,-0.0839,0.73,0.0107,-0.0721,0.732
0.01,-0.0839,0.73,0.0107,-0.0721,0.732
0.01,-0.0839,0.73,0.0107,-0.0721,0.732
0.01,-0.0839,0.73,0.0107,-0.0722,0.732
0.01,-0.0839,0.73,0.0107,-0.0722,0.732
0.01,-0.0839,0.73,0.0107,-0.0722,0.732
0.01,-0.0839,0.73,0.0107,-0.0722,0.732
0.01,-0.0839,0.73,0.0107,-0.0722,0.732
0.01,-0.0839,0.73,0.0107,-0.0722,0.732
0.01,-0.0839,0.73,0.0106,-0.0722,0.732
0.01,-0.0839,0.73,0.0106,-0.0722,0.732
0.01,-0.0839,0.73,0.0106,-0.0722,0.732
0.01,-0.0839,0.73,0.0106,-0.0722,0.732
0.01,-0.0839,0.73,0.0106,-0.0722,0.732
0.01,-0.0839,0.73,0.0106,-0.0722,0.732
0.01,-0.0839,0.73,0.0106,-0.0722,0.732
0.01,-0.0839,0.73,0.0106,-0.0723,0.732
0.01,-0.0839,0.73,0.0106,-0.0723,0.732
0.01,-0.0839,0.73,0.0106,-0.0723,0.732
0.01,-0.0839,0.73,0.0106,-0.0723,0.732
0.01,-0.0839,0.73,0.0106,-0.0723,0.732
0.01,-0.0839,0.73,0.0106,-0.0723,0.732
0.01,-0.0838,0.73,0.0106,-0.0723,0.732
0.01,-0.0838,0.73,0.0106,-0.0723,0.732
0.01,-0.0838,0.73,0.0106,-0.0723,0.732
0.01,-0.0838,0.73,0.0106,-0.0723,0.732
0.01,-0.0838,0.73,0.0106,-0.0723,0.732
0.01,-0.0838,0.73,0.0106,-0.0723,0.732
0.01,-0.0838,0.73,0.0106,-0.0724,0.732
0.01,-0.0838,0.73,0.0106,-0.0724,0.732
0.01,-0.0838,0.73,0.0105,-0.0724,0.732
0.01,-0.0838,0.73,0.0105,-0.0724,0.732
0.01,-0.0838,0.73,0.0105,-0.0724,0.732
0.01,-0.0838,0.73,0.0105,-0.0724,0.732
0.01,-0.0838,0.73,0.0105,-0.0724,0.732
0.01,-0.0838,0.73,0.0105,-0.0724,0.732
0.01,-0.0838,0.73,0.0105,-0.0724,0.732
0.01,-0.0838,0.73,0.0105,-0.0724,0.732
0.01,-0.0838,0.73,0.0105,-0.0724,0.732
0.01,-0.0838,0.73,0.0105,-0.0724,0.732
0.01,-0.0838,0.73,0.0105,-0.0725,0.732
0.01,-0.0838,0.73,0.0105,-0.0725,0.732
0.01,-0.0838,0.73,0.0105,-0.0725,0.732
0.01,-0.0838,0.73,0.0105,-0.0725,0.732
0.01,-0.0838,0.73,0.0105,-0.0725,0.732
0.01,-0.0838,0.73,0.0105,-0.0725,0.732
0.01,-0.0838,0.73,0.0105,-0.0725,0.732
0.01,-0.0837,0.73,0.0105,-0.0725,0.732
0.01,-0.0837,0.73,0.0105,-0.0725,0.732
0.01,-0.0837,0.73,0.0105,-0.0725,0.732
0.01,-0.0837,0.73,0.0105,-0.0725,0.732
0.01,-0.0837,0.73,0.0104,-0.0726,0.732
0.01,-0.0837,0.73,0.0104,-0.0726,0.732
0.01,-0.0837,0.73,0.0104,-0.0726,0.732
0.01,-0.0837,0.73,0.0104,-0.0726,0.732
0.01,-0.0837,0.73,0.0104,-0.0726,0.732
0.01,-0.0837,0.73,0.0104,-0.0726,0.732
0.01,-0.0837,0.73,0.0104,-0.0726,0.732
0.01,-0.0837,0.73,0.0104,-0.0726,0.732
0.01,-0.0837,0.73,0.0104,-0.0726,0.732
0.01,-0.0837,0.73,0.0104,-0.0726,0.732
0.01,-0.0837,0.73,0.0104,-0.0726,0.732
0.01,-0.0837,0.73,0.0104,-0.0727,0.732
0.01,-0.0837,0.73,0.0104,-0.0727,0.732
0.01,-0.0837,0.73,0.0104,-0.0727,0.732
0.01,-0.0837,0.73,0.0104,-0.0727,0.732
0.01,-0.0837,0.73,0.0104,-0.0727,0.732
0.01,-0.0837,0.73,0.0104,-0.0727,0.732
0.01,-0.0837,0.73,0.0104,-0.0727,0.732
0.01,-0.0837,0.73,0.0104,-0.0727,0.732
0.01,-0.0837,0.73,0.0104,-0.0727,0.732
0.01,-0.0837,0.73,0.0104,-0.0727,0.732
0.01,-0.0836,0.73,0.0103,-0.0728,0.732
0.01,-0.0836,0.73,0.0103,-0.0728,0.732
0.01,-0.0836,0.73,0.0103,-0.0728,0.732
0.01,-0.0836,0.73,0.0103,-0.0728,0.732
0.01,-0.0836,0.73,0.0103,-0.0728,0.732
0.01,-0.0836,0.73,0.0103,-0.0728,0.732
0.01,-0.0836,0.73,0.0103,-0.0728,0.732
0.01,-0.0836,0.73,0.0103,-0.0728,0.732
0.01,-0.0836,0.73,0.0103,-0.0728,0.732
0.01,-0.0836,0.73,0.0103,-0.0728,0.732
0.01,-0.0836,0.73,0.0103,-0.0729,0.732
0.01,-0.0836,0.73,0.0103,-0.0729,0.732
0.01,-0.0836,0.73,0.0103,-0.0729,0.732
0.01,-0.0836,0.73,0.0103,-0.0729,0.732
0.01,-0.0836,0.73,0.0103,-0.0729,0.732
0.01,-0.0836,0.73,0.0103,-0.0729,0.732
0.01,-0.0836,0.73,0.0103,-0.0729,0.732
0.01,-0.0836,0.73,0.0103,-0.0729,0.732
0.01,-0.0836,0.73,0.0103,-0.0729,0.732
0.01,-0.0836,0.73,0.0103,-0.0729,0.732
0.01,-0.0836,0.73,0.0102,-0.0729,0.732
0.01,-0.0836,0.73,0.0102,-0.073,0.732
0.01,-0.0836,0.73,0.0102,-0.073,0.732
0.01,-0.0836,0.73,0.0102,-0.073,0.732
0.01,-0.0836,0.73,0.0102,-0.073,0.732
0.01,-0.0836,0.73,0.0102,-0.073,0.732
0.01,-0.0836,0.73,0.0102,-0.073,0.732
0.01,-0.0835,0.73,0.0102,-0.073,0.732
0.01,-0.0835,0.73,0.0102,-0.073,0.732
0.01,-0.0835,0.73,0.0102,-0.073,0.732
0.01,-0.0835,0.73,0.0102,-0.0731,0.732
0.01,-0.0835,0.73,0.0102,-0.0731,0.732
0.01,-0.0835,0.73,0.0102,-0.0731,0.732
0.01,-0.0835,0.73,0.0102,-0.0731,0.732
0.01,-0.0835,0.73,0.0102,-0.0731,0.732
0.01,-0.0835,0.73,0.0102,-0.0731,0.732
0.01,-0.0835,0.73,0.0102,-0.0731,0.732
0.01,-0.0835,0.73,0.0102,-0.0731,0.732
0.01,-0.0835,0.73,0.0102,-0.0731,0.732
0.01,-0.0835,0.73,0.0101,-0.0731,0.732
0.01,-0.0835,0.73,0.0101,-0.0732,0.732
0.01,-0.0835,0.73,0.0101,-0.0732,0.732
0.01,-0.0835,0.73,0.0101,-0.0732,0.732
0.01,-0.0835,0.73,0.0101,-0.0732,0.732
0.01,-0.0835,0.73,0.0101,-0.0732,0.732
0.01,-0.0835,0.73,0.0101,-0.0732,0.732
0.01,-0.0835,0.73,0.0101,-0.0732,0.732
0.01,-0.0835,0.73,0.0101,-0.0732,0.732
0.01,-0.0835,0.73,0.0101,-0.0732,0.732
0.01,-0.0835,0.73,0.0101,-0.0733,0.732
0.01,-0.0835,0.73,0.0101,-0.0733,0.732
0.01,-0.0835,0.73,0.0101,-0.0733,0.732
0.01,-0.0835,0.73,0.0101,-0.0733,0.732
0.01,-0.0835,0.73,0.0101,-0.0733,0.732
0.01,-0.0835,0.73,0.0101,-0.0733,0.732
0.01,-0.0834,0.73,0.0101,-0.0733,0.732
0.01,-0.0834,0.73,0.0101,-0.0733,0.732
0.01,-0.0834,0.73,0.0101,-0.0734,0.732
0.01,-0.0834,0.73,0.0101,-0.0734,0.732
0.01,-0.0834,0.73,0.01,-0.0734,0.732
0.01,-0.0834,0.73,0.01,-0.0734,0.732
0.01,-0.0834,0.73,0.01,-0.0734,0.732
0.01,-0.0834,0.73,0.01,-0.0734,0.732
0.01,-0.0834,0.73,0.01,-0.0734,0.732
0.01,-0.0834,0.73,0.01,-0.0734,0.732
0.01,-0.0834,0.73,0.01,-0.0735,0.732
0.01,-0.0834,0.73,0.01,-0.0735,0.732
0.01,-0.0834,0.73,0.01,-0.0735,0.732
0.01,-0.0834,0.73,0.01,-0.0735,0.732
0.01,-0.0834,0.73,0.00999,-0.0735,0.732
0.01,-0.0834,0.73,0.00999,-0.0735,0.732
0.01,-0.0834,0.73,0.00998,-0.0735,0.732
0.01,-0.0834,0.73,0.00998,-0.0735,0.732
0.01,-0.0834,0.73,0.00997,-0.0736,0.732
0.01,-0.0834,0.73,0.00997,-0.0736,0.732
0.01,-0.0834,0.73,0.00996,-0.0736,0.732
0.01,-0.0834,0.73,0.00996,-0.0736,0.732
0.01,-0.0834,0.73,0.00995,-0.0736,0.732
0.01,-0.0834,0.73,0.00995,-0.0736,0.732
0.01,-0.0834,0.73,0.00994,-0.0736,0.732
0.01,-0.0834,0.73,0.00994,-0.0736,0.732
0.01,-0.0834,0.73,0.00993,-0.0737,0.732
0.01,-0.0834,0.73,0.00993,-0.0737,0.732
0.01,-0.0834,0.73,0.00992,-0.0737,0.732
0.01,-0.0834,0.73,0.00992,-0.0737,0.732
0.01,-0.0833,0.73,0.00991,-0.0737,0.732
0.01,-0.0833,0.73,0.00991,-0.0737,0.732
0.01,-0.0833,0.73,0.0099,-0.0737,0.732
0.01,-0.0833,0.73,0.0099,-0.0737,0.732
0.01,-0.0833,0.73,0.00989,-0.0738,0.732
0.01,-0.0833,0.73,0.00989,-0.0738,0.732
0.01,-0.0833,0.73,0.00988,-0.0738,0.732
0.01,-0.0833,0.73,0.00987,-0.0738,0.732
0.01,-0.0833,0.73,0.00987,-0.0738,0.732
0.01,-0.0833,0.73,0.00986,-0.0738,0.732
0.01,-0.0833,0.73,0.00986,-0.0738,0.732
0.01,-0.0833,0.73,0.00985,-0.0738,0.732
0.01,-0.0833,0.73,0.00985,-0.0739,0.731
0.01,-0.0833,0.73,0.00984,-0.0739,0.731
0.01,-0.0833,0.73,0.00984,-0.0739,0.731
0.01,-0.0833,0.73,0.00983,-0.0739,0.731
0.01,-0.0833,0.73,0.00983,-0.0739,0.731
0.01,-0.0833,0.73,0.00982,-0.0739,0.731
0.01,-0.0833,0.73,0.00982,-0.0739,0.731
0.01,-0.0833,0.73,0.00981,-0.074,0.731
0.01,-0.0833,0.73,0.00981,-0.074,0.731
0.01,-0.0833,0.73,0.0098,-0.074,0.731
0.01,-0.0833,0.73,0.0098,-0.074,0.731
0.01,-0.0833,0.73,0.00979,-0.074,0.731
0.01,-0.0833,0.73,0.00979,-0.074,0.731
0.01,-0.0833,0.73,0.00978,-0.074,0.731
0.01,-0.0833,0.73,0.00978,-0.074,0.731
0.01,-0.0833,0.73,0.00978,-0.0741,0.731
0.01,-0.0833,0.73,0.00977,-0.0741,0.731
0.01,-0.0833,0.73,0.00977,-0.0741,0.731
0.01,-0.0833,0.73,0.00976,-0.0741,0.731
0.01,-0.0833,0.73,0.00976,-0.0741,0.731
0.01,-0.0832,0.73,0.00975,-0.0741,0.731
0.01,-0.0832,0.73,0.00975,-0.0741,0.731
0.01,-0.0832,0.73,0.00974,-0.0741,0.731
0.01,-0.0832,0.73,0.00974,-0.0742,0.731
0.01,-0.0832,0.73,0.00973,-0.0742,0.731
0.01,-0.0832,0.73,0.00973,-0.0742,0.731
0.01,-0.0832,0.73,0.00972,-0.0742,0.731
0.01,-0.0832,0.73,0.00972,-0.0742,0.731
0.01,-0.0832,0.73,0.00971,-0.0742,0.731
0.01,-0.0832,0.73,0.00971,-0.0742,0.731
0.01,-0.0832,0.73,0.0097,-0.0742,0.731
0.01,-0.0832,0.73,0.0097,-0.0743,0.731
0.01,-0.0832,0.73,0.00969,-0.0743,0.731
0.01,-0.0832,0.73,0.00969,-0.0743,0.731
0.01,-0.0832,0.73,0.00968,-0.0743,0.731
0.01,-0.0832,0.73,0.00968,-0.0743,0.731
0.01,-0.0832,0.73,0.00967,-0.0743,0.731
0.01,-0.0832,0.73,0.00967,-0.0743,0.731
0.01,-0.0832,0.73,0.00966,-0.0744,0.731
0.01,-0.0832,0.73,0.00966,-0.0744,0.731
0.01,-0.0832,0.73,0.00965,-0.0744,0.731
0.01,-0.0832,0.73,0.00965,-0.0744,0.731
0.01,-0.0832,0.73,0.00964,-0.0744,0.731
0.01,-0.0832,0.73,0.00964,-0.0744,0.731
0.01,-0.0832,0.73,0.00963,-0.0744,0.731
0.01,-0.0832,0.73,0.00963,-0.0744,0.731
0.01,-0.0832,0.73,0.00962,-0.0745,0.731
0.01,-0.0832,0.73,0.00962,-0.0745,0.731
0.01,-0.0832,0.73,0.00962,-0.0745,0.731
0.01,-0.0832,0.73,0.00961,-0.0745,0.731
0.01,-0.0832,0.73,0.00961,-0.0745,0.731
0.01,-0.0832,0.73,0.0096,-0.0745,0.731
0.01,-0.0832,0.73,0.0096,-0.0745,0.731
0.01,-0.0832,0.73,0.00959,-0.0745,0.731
0.01,-0.0831,0.73,0.00959,-0.0746,0.731
0.01,-0.0831,0.73,0.00958,-0.0746,0.731
0.01,-0.0831,0.73,0.00958,-0.0746,0.731
0.01,-0.0831,0.73,0.00957,-0.0746,0.731
0.01,-0.0831,0.73,0.00957,-0.0746,0.731
0.01,-0.0831,0.73,0.00956,-0.0746,0.731
0.01,-0.0831,0.73,0.00956,-0.0746,0.731
0.01,-0.0831,0.73,0.00955,-0.0746,0.731
0.01,-0.0831,0.73,0.00955,-0.0747,0.731
0.01,-0.0831,0.73,0.00954,-0.0747,0.731
0.01,-0.0831,0.73,0.00954,-0.0747,0.731
0.01,-0.0831,0.73,0.00954,-0.0747,0.731
0.01,-0.0831,0.73,0.00953,-0.0747,0.731
0.01,-0.0831,0.73,0.00953,-0.0747,0.731
0.01,-0.0831,0.73,0.00952,-0.0747,0.731
0.01,-0.0831,0.73,0.00952,-0.0747,0.731
0.01,-0.0831,0.73,0.00951,-0.0748,0.731
0.01,-0.0831,0.73,0.00951,-0.0748,0.731
0.01,-0.0831,0.73,0.0095,-0.0748,0.731
0.01,-0.0831,0.73,0.0095,-0.0748,0.731
0.01,-0.0831,0.73,0.00949,-0.0748,0.731
0.01,-0.0831,0.73,0.00949,-0.0748,0.731
0.01,-0.0831,0.73,0.00948,-0.0748,0.731
0.01,-0.0831,0.73,0.00948,-0.0748,0.731
0.01,-0.0831,0.73,0.00948,-0.0749,0.731
0.01,-0.0831,0.73,0.00947,-0.0749,0.731
0.01,-0.0831,0.73,0.00947,-0.0749,0.731
0.01,-0.0831,0.73,0.00946,-0.0749,0.731
0.01,-0.0831,0.73,0.00946,-0.0749,0.731
0.01,-0.0831,0.73,0.00945,-0.0749,0.731
0.01,-0.0831,0.73,0.00945,-0.0749,0.731
0.01,-0.0831,0.73,0.00944,-0.0749,0.731
0.01,-0.0831,0.73,0.00944,-0.075,0.731
0.01,-0.0831,0.73,0.00943,-0.075,0.731
0.01,-0.0831,0.73,0.00943,-0.075,0.731
0.01,-0.0831,0.73,0.00943,-0.075,0.731
0.01,-0.0831,0.73,0.00942,-0.075,0.731
0.01,-0.0831,0.73,0.00942,-0.075,0.731
0.01,-0.083,0.73,0.00941,-0.075,0.731
0.01,-0.083,0.73,0.00941,-0.075,0.731
0.01,-0.083,0.73,0.0094,-0.0751,0.731
0.01,-0.083,0.73,0.0094,-0.0751,0.731
0.01,-0.083,0.73,0.00939,-0.0751,0.731
0.01,-0.083,0.73,0.00939,-0.0751,0.731
0.01,-0.083,0.73,0.00939,-0.0751,0.731
0.01,-0.083,0.73,0.00938,-0.0751,0.731
0.01,-0.083,0.73,0.00938,-0.0751,0.731
0.01,-0.083,0.73,0.00937,-0.0751,0.731
0.01,-0.083,0.73,0.00937,-0.0752,0.731
0.01,-0.083,0.73,0.00936,-0.0752,0.731
0.01,-0.083,0.73,0.00936,-0.0752,0.731
0.01,-0.083,0.73,0.00935,-0.0752,0.731
0.01,-0.083,0.73,0.00935,-0.0752,0.731
0.01,-0.083,0.73,0.00935,-0.0752,0.731
0.01,-0.083,0.73,0.00934,-0.0752,0.731
0.01,-0.083,0.73,0.00934,-0.0752,0.731
0.01,-0.083,0.73,0.00933,-0.0753,0.731
0.01,-0.083,0.73,0.00933,-0.0753,0.731
0.01,-0.083,0.73,0.00932,-0.0753,0.731
0.01,-0.083,0.73,0.00932,-0.0753,0.731
0.01,-0.083,0.73,0.00932,-0.0753,0.731
0.01,-0.083,0.73,0.00931,-0.0753,0.731
0.01,-0.083,0.73,0.00931,-0.0753,0.731
0.01,-0.083,0.73,0.0093,-0.0753,0.731
0.01,-0.083,0.73,0.0093,-0.0754,0.731
0.01,-0.083,0.73,0.00929,-0.0754,0.731
0.01,-0.083,0.73,0.00929,-0.0754,0.731
0.01,-0.083,0.73,0.00929,-0.0754,0.731
0.01,-0.083,0.73,0.00928,-0.0754,0.731
0.01,-0.083,0.73,0.00928,-0.0754,0.731
0.01,-0.083,0.73,0.00927,-0.0754,0.731
0.01,-0.083,0.73,0.00927,-0.0754,0.731
0.01,-0.083,0.73,0.00926,-0.0755,0.731
0.01,-0.083,0.73,0.00926,-0.0755,0.731
0.01,-0.083,0.73,0.00926,-0.0755,0.731
0.01,-0.083,0.73,0.00925,-0.0755,0.731
0.01,-0.083,0.73,0.00925,-0.0755,0.731
0.01,-0.083,0.73,0.00924,-0.0755,0.731
0.01,-0.083,0.73,0.00924,-0.0755,0.731
0.01,-0.083,0.73,0.00924,-0.0755,0.731
0.01,-0.0829,0.73,0.00923,-0.0755,0.731
0.01,-0.0829,0.73,0.00923,-0.0756,0.731
0.01,-0.0829,0.73,0.00922,-0.0756,0.731
0.01,-0.0829,0.73,0.00922,-0.0756,0.731
0.01,-0.0829,0.73,0.00921,-0.0756,0.731
0.01,-0.0829,0.73,0.00921,-0.0756,0.731
0.01,-0.0829,0.73,0.00921,-0.0756,0.731
0.01,-0.0829,0.73,0.0092,-0.0756,0.731
0.01,-0.0829,0.73,0.0092,-0.0756,0.731
0.01,-0.0829,0.73,0.00919,-0.0757,0.731
0.01,-0.0829,0.73,0.00919,-0.0757,0.731
0.01,-0.0829,0.73,0.00919,-0.0757,0.731
0.01,-0.0829,0.73,0.00918,-0.0757,0.731
0.01,-0.0829,0.73,0.00918,-0.0757,0.731
0.01,-0.0829,0.73,0.00917,-0.0757,0.731
0.01,-0.0829,0.73,0.00917,-0.0757,0.731
0.01,-0.0829,0.73,0.00917,-0.0757,0.731
0.01,-0.0829,0.73,0.00916,-0.0758,0.731
0.01,-0.0829,0.73,0.00916,-0.0758,0.731
0.01,-0.0829,0.73,0.00915,-0.0758,0.731
0.01,-0.0829,0.73,0.00915,-0.0758,0.731
0.01,-0.0829,0.73,0.00915,-0.0758,0.731
0.01,-0.0829,0.73,0.00914,-0.0758,0.731
0.01,-0.0829,0.73,0.00914,-0.0758,0.731
0.01,-0.0829,0.73,0.00913,-0.0758,0.731
0.01,-0.0829,0.73,0.00913,-0.0758,0.731
0.01,-0.0829,0.73,0.00913,-0.0759,0.731
0.01,-0.0829,0.73,0.00912,-0.0759,0.731
0.01,-0.0829,0.73,0.00912,-0.0759,0.731
0.01,-0.0829,0.73,0.00912,-0.0759,0.731
0.01,-0.0829,0.73,0.00911,-0.0759,0.731
0.01,-0.0829,0.73,0.00911,-0.0759,0.731
0.01,-0.0829,0.73,0.0091,-0.0759,0.731
0.01,-0.0829,0.73,0.0091,-0.0759,0.731
0.01,-0.0829,0.73,0.0091,-0.076,0.731
0.01,-0.0829,0.73,0.00909,-0.076,0.731
0.01,-0.0829,0.73,0.00909,-0.076,0.731
0.01,-0.0829,0.73,0.00909,-0.076,0.731
0.01,-0.0829,0.73,0.00908,-0.076,0.731
0.01,-0.0829,0.73,0.00908,-0.076,0.731
0.01,-0.0829,0.73,0.00907,-0.076,0.731
0.01,-0.0829,0.73,0.00907,-0.076,0.731
0.01,-0.0829,0.73,0.00907,-0.076,0.731
0.01,-0.0829,0.73,0.00906,-0.0761,0.731
0.01,-0.0829,0.73,0.00906,-0.0761,0.731
0.01,-0.0829,0.73,0.00906,-0.0761,0.731
0.01,-0.0829,0.73,0.00905,-0.0761,0.731
0.01,-0.0829,0.73,0.00905,-0.0761,0.731
0.01,-0.0829,0.73,0.00904,-0.0761,0.731
0.01,-0.0828,0.73,0.00904,-0.0761,0.731
0.01,-0.0828,0.73,0.00904,-0.0761,0.731
0.01,-0.0828,0.73,0.00903,-0.0762,0.731
0.01,-0.0828,0.73,0.00903,-0.0762,0.731
0.01,-0.0828,0.73,0.00903,-0.0762,0.731
0.01,-0.0828,0.73,0.00902,-0.0762,0.731
0.01,-0.0828,0.73,0.00902,-0.0762,0.731
0.01,-0.0828,0.73,0.00902,-0.0762,0.731
0.01,-0.0828,0.73,0.00901,-0.0762,0.731
0.01,-0.0828,0.73,0.00901,-0.0762,0.731
0.01,-0.0828,0.73,0.009,-0.0762,0.731
0.01,-0.0828,0.73,0.009,-0.0763,0.731
0.01,-0.0828,0.73,0.009,-0.0763,0.731
0.01,-0.0828,0.73,0.00899,-0.0763,0.731
0.01,-0.0828,0.73,0.00899,-0.0763,0.731
0.01,-0.0828,0.73,0.00899,-0.0763,0.731
0.01,-0.0828,0.73,0.00898,-0.0763,0.731
0.01,-0.0828,0.73,0.00898,-0.0763,0.731
0.01,-0.0828,0.73,0.00898,-0.0763,0.731
0.01,-0.0828,0.73,0.00897,-0.0763,0.731
0.01,-0.0828,0.73,0.00897,-0.0764,0.731
0.01,-0.0828,0.73,0.00897,-0.0764,0.731
0.01,-0.0828,0.73,0.00896,-0.0764,0.731
0.01,-0.0828,0.73,0.00896,-0.0764,0.731
0.01,-0.0828,0.73,0.00896,-0.0764,0.731
0.01,-0.0828,0.73,0.00895,-0.0764,0.731
0.01,-0.0828,0.73,0.00895,-0.0764,0.731
0.01,-0.0828,0.73,0.00895,-0.0764,0.731
0.01,-0.0828,0.73,0.00894,-0.0765,0.731
0.01,-0.0828,0.73,0.00894,-0.0765,0.731
0.01,-0.0828,0.73,0.00894,-0.0765,0.731
0.01,-0.0828,0.73,0.00893,-0.0765,0.731
0.01,-0.0828,0.73,0.00893,-0.0765,0.731
0.01,-0.0828,0.73,0.00893,-0.0765,0.731
0.01,-0.0828,0.73,0.00892,-0.0765,0.731
0.01,-0.0828,0.73,0.00892,-0.0765,0.731
0.01,-0.0828,0.73,0.00892,-0.0765,0.731
0.01,-0.0828,0.73,0.00891,-0.0766,0.731
0.01,-0.0828,0.73,0.00891,-0.0766,0.731
0.01,-0.0828,0.73,0.00891,-0.0766,0.731
0.01,-0.0828,0.73,0.0089,-0.0766,0.731
0.01,-0.0828,0.73,0.0089,-0.0766,0.731
0.01,-0.0828,0.73,0.0089,-0.0766,0.731
0.01,-0.0828,0.73,0.00889,-0.0766,0.731
0.01,-0.0828,0.73,0.00889,-0.0766,0.731
0.01,-0.0828,0.73,0.00889,-0.0766,0.731
0.01,-0.0828,0.73,0.00888,-0.0767,0.731
0.01,-0.0828,0.73,0.00888,-0.0767,0.731
0.01,-0.0828,0.73,0.00888,-0.0767,0.731
0.01,-0.0828,0.73,0.00888,-0.0767,0.731
0.01,-0.0828,0.73,0.00887,-0.0767,0.731
0.01,-0.0828,0.73,0.00887,-0.0767,0.731
0.01,-0.0828,0.73,0.00887,-0.0767,0.731
0.01,-0.0828,0.73,0.00886,-0.0767,0.731
0.01,-0.0828,0.73,0.00886,-0.0767,0.731
0.01,-0.0828,0.73,0.00886,-0.0768,0.731
0.01,-0.0828,0.73,0.00885,-0.0768,0.731
0.01,-0.0827,0.73,0.00885,-0.0768,0.731
0.01,-0.0827,0.73,0.00885,-0.0768,0.731
0.01,-0.0827,0.73,0.00885,-0.0768,0.731
0.01,-0.0827,0.73,0.00884,-0.0768,0.731
0.01,-0.0827,0.73,0.00884,-0.0768,0.731
0.01,-0.0827,0.73,0.00884,-0.0768,0.731
0.01,-0.0827,0.73,0.00883,-0.0768,0.731
0.01,-0.0827,0.73,0.00883,-0.0769,0.731
0.01,-0.0827,0.73,0.00883,-0.0769,0.731
0.01,-0.0827,0.73,0.00883,-0.0769,0.731
0.01,-0.0827,0.73,0.00882,-0.0769,0.731
0.01,-0.0827,0.73,0.00882,-0.0769,0.731
0.01,-0.0827,0.73,0.00882,-0.0769,0.731
0.01,-0.0827,0.73,0.00881,-0.0769,0.731
0.01,-0.0827,0.73,0.00881,-0.0769,0.731
0.01,-0.0827,0.73,0.00881,-0.0769,0.731
0.01,-0.0827,0.73,0.00881,-0.077,0.731
0.01,-0.0827,0.73,0.0088,-0.077,0.731
0.01,-0.0827,0.73,0.0088,-0.077,0.731
0.01,-0.0827,0.73,0.0088,-0.077,0.731
0.01,-0.0827,0.73,0.00879,-0.077,0.731
0.01,-0.0827,0.73,0.00879,-0.077,0.731
0.01,-0.0827,0.73,0.00879,-0.077,0.731
0.01,-0.0827,0.73,0.00879,-0.077,0.731
0.01,-0.0827,0.73,0.00878,-0.077,0.731
0.01,-0.0827,0.73,0.00878,-0.0771,0.731
0.01,-0.0827,0.73,0.00878,-0.0771,0.731
0.01,-0.0827,0.73,0.00878,-0.0771,0.731
0.01,-0.0827,0.73,0.00877,-0.0771,0.731
0.01,-0.0827,0.73,0.00877,-0.0771,0.731
0.01,-0.0827,0.73,0.00877,-0.0771,0.731
0.01,-0.0827,0.73,0.00877,-0.0771,0.731
0.01,-0.0827,0.73,0.00876,-0.0771,0.731
0.01,-0.0827,0.73,0.00876,-0.0771,0.731
0.01,-0.0827,0.73,0.00876,-0.0772,0.731
0.01,-0.0827,0.73,0.00876,-0.0772,0.731
0.01,-0.0827,0.73,0.00875,-0.0772,0.731
0.01,-0.0827,0.73,0.00875,-0.0772,0.731
0.01,-0.0827,0.73,0.00875,-0.0772,0.731
0.01,-0.0827,0.73,0.00875,-0.0772,0.731
0.01,-0.0827,0.73,0.00874,-0.0772,0.731
0.01,-0.0827,0.73,0.00874,-0.0772,0.731
0.01,-0.0827,0.73,0.00874,-0.0772,0.731
0.01,-0.0827,0.73,0.00874,-0.0773,0.731
0.01,-0.0827,0.73,0.00873,-0.0773,0.731
0.01,-0.0827,0.73,0.00873,-0.0773,0.731
0.01,-0.0827,0.73,0.00873,-0.0773,0.731
0.01,-0.0827,0.73,0.00873,-0.0773,0.731
0.01,-0.0827,0.73,0.00872,-0.0773,0.731
0.01,-0.0827,0.73,0.00872,-0.0773,0.731
0.01,-0.0827,0.73,0.00872,-0.0773,0.731
0.01,-0.0827,0.73,0.00872,-0.0773,0.731
0.01,-0.0827,0.73,0.00871,-0.0773,0.731
0.01,-0.0827,0.73,0.00871,-0.0774,0.731
0.01,-0.0827,0.73,0.00871,-0.0774,0.731
0.01,-0.0827,0.73,0.00871,-0.0774,0.731
0.01,-0.0827,0.73,0.0087,-0.0774,0.731
0.01,-0.0827,0.73,0.0087,-0.0774,0.731
0.01,-0.0827,0.73,0.0087,-0.0774,0.731
0.01,-0.0827,0.73,0.0087,-0.0774,0.731
0.01,-0.0827,0.73,0.0087,-0.0774,0.731
0.01,-0.0827,0.73,0.00869,-0.0774,0.731
0.01,-0.0827,0.73,0.00869,-0.0775,0.731
0.01,-0.0827,0.73,0.00869,-0.0775,0.731
0.01,-0.0827,0.73,0.00869,-0.0775,0.731
0.01,-0.0827,0.73,0.00869,-0.0775,0.731
0.01,-0.0827,0.73,0.00868,-0.0775,0.731
0.01,-0.0827,0.73,0.00868,-0.0775,0.731
0.01,-0.0827,0.73,0.00868,-0.0775,0.731
0.01,-0.0827,0.73,0.00868,-0.0775,0.731
0.01,-0.0827,0.73,0.00867,-0.0775,0.731
0.01,-0.0827,0.73,0.00867,-0.0776,0.731
0.01,-0.0827,0.73,0.00867,-0.0776,0.731
0.01,-0.0826,0.73,0.00867,-0.0776,0.731
0.01,-0.0826,0.73,0.00867,-0.0776,0.731
0.01,-0.0826,0.73,0.00866,-0.0776,0.731
0.01,-0.0826,0.73,0.00866,-0.0776,0.731
0.01,-0.0826,0.73,0.00866,-0.0776,0.731
0.01,-0.0826,0.73,0.00866,-0.0776,0.731
0.01,-0.0826,0.73,0.00866,-0.0776,0.731
0.01,-0.0826,0.73,0.00865,-0.0776,0.731
0.01,-0.0826,0.73,0.00865,-0.0777,0.731
0.01,-0.0826,0.73,0.00865,-0.0777,0.731
0.01,-0.0826,0.73,0.00865,-0.0777,0.731
0.01,-0.0826,0.73,0.00865,-0.0777,0.731
0.01,-0.0826,0.73,0.00865,-0.0777,0.731
0.01,-0.0826,0.73,0.00864,-0.0777,0.731
0.01,-0.0826,0.73,0.00864,-0.0777,0.731
0.01,-0.0826,0.73,0.00864,-0.0777,0.731
0.01,-0.0826,0.73,0.00864,-0.0777,0.731
0.01,-0.0826,0.73,0.00864,-0.0778,0.731
0.01,-0.0826,0.73,0.00863,-0.0778,0.731
0.01,-0.0826,0.73,0.00863,-0.0778,0.731
0.01,-0.0826,0.73,0.00863,-0.0778,0.731
0.01,-0.0826,0.73,0.00863,-0.0778,0.731
0.01,-0.0826,0.73,0.00863,-0.0778,0.731
0.01,-0.0826,0.73,0.00863,-0.0778,0.731
0.01,-0.0826,0.73,0.00862,-0.0778,0.731
0.01,-0.0826,0.73,0.00862,-0.0778,0.731
0.01,-0.0826,0.73,0.00862,-0.0778,0.731
0.01,-0.0826,0.73,0.00862,-0.0779,0.731
0.01,-0.0826,0.73,0.00862,-0.0779,0.731
0.01,-0.0826,0.73,0.00862,-0.0779,0.731
0.01,-0.0826,0.73,0.00861,-0.0779,0.731
0.01,-0.0826,0.73,0.00861,-0.0779,0.731
0.01,-0.0826,0.73,0.00861,-0.0779,0.731
0.01,-0.0826,0.73,0.00861,-0.0779,0.731
0.01,-0.0826,0.73,0.00861,-0.0779,0.731
0.01,-0.0826,0.73,0.00861,-0.0779,0.731
0.01,-0.0826,0.73,0.0086,-0.0779,0.731
0.01,-0.0826,0.73,0.0086,-0.078,0.731
0.01,-0.0826,0.73,0.0086,-0.078,0.731
0.01,-0.0826,0.73,0.0086,-0.078,0.731
0.01,-0.0826,0.73,0.0086,-0.078,0.731
0.01,-0.0826,0.73,0.0086,-0.078,0.731
0.01,-0.0826,0.73,0.0086,-0.078,0.731
0.01,-0.0826,0.73,0.00859,-0.078,0.731
0.01,-0.0826,0.73,0.00859,-0.078,0.731
0.01,-0.0826,0.73,0.00859,-0.078,0.731
0.01,-0.0826,0.73,0.00859,-0.0781,0.731
0.01,-0.0826,0.73,0.00859,-0.0781,0.731
0.01,-0.0826,0.73,0.00859,-0.0781,0.731
0.01,-0.0826,0.73,0.00859,-0.0781,0.731
0.01,-0.0826,0.73,0.00858,-0.0781,0.731
0.01,-0.0826,0.73,0.00858,-0.0781,0.731
0.01,-0.0826,0.73,0.00858,-0.0781,0.731
0.01,-0.0826,0.73,0.00858,-0.0781,0.731
0.01,-0.0826,0.73,0.00858,-0.0781,0.731
0.01,-0.0826,0.73,0.00858,-0.0781,0.731
0.01,-0.0826,0.73,0.00858,-0.0782,0.731
0.01,-0.0826,0.73,0.00857,-0.0782,0.731
0.01,-0.0826,0.73,0.00857,-0.0782,0.731
0.01,-0.0826,0.73,0.00857,-0.0782,0.731
0.01,-0.0826,0.73,0.00857,-0.0782,0.731
0.01,-0.0826,0.73,0.00857,-0.0782,0.731
0.01,-0.0826,0.73,0.00857,-0.0782,0.731
0.01,-0.0826,0.73,0.00857,-0.0782,0.731
0.01,-0.0826,0.73,0.00857,-0.0782,0.731
0.01,-0.0826,0.73,0.00857,-0.0782,0.731
0.01,-0.0826,0.73,0.00856,-0.0783,0.731
0.01,-0.0826,0.73,0.00856,-0.0783,0.731
0.01,-0.0826,0.73,0.00856,-0.0783,0.731
0.01,-0.0826,0.73,0.00856,-0.0783,0.731
0.01,-0.0826,0.73,0.00856,-0.0783,0.731
0.01,-0.0826,0.73,0.00856,-0.0783,0.731
0.01,-0.0826,0.73,0.00856,-0.0783,0.731
0.01,-0.0826,0.73,0.00856,-0.0783,0.731
0.01,-0.0826,0.73,0.00856,-0.0783,0.731
0.01,-0.0826,0.73,0.00855,-0.0783,0.731
0.01,-0.0826,0.73,0.00855,-0.0784,0.731
0.01,-0.0826,0.73,0.00855,-0.0784,0.731
0.01,-0.0826,0.73,0.00855,-0.0784,0.731
0.01,-0.0826,0.73,0.00855,-0.0784,0.731
0.01,-0.0826,0.73,0.00855,-0.0784,0.731
0.01,-0.0826,0.73,0.00855,-0.0784,0.731
0.01,-0.0826,0.73,0.00855,-0.0784,0.731
0.01,-0.0826,0.73,0.00855,-0.0784,0.731
0.01,-0.0826,0.73,0.00855,-0.0784,0.731
0.01,-0.0826,0.73,0.00855,-0.0784,0.731
0.01,-0.0826,0.73,0.00854,-0.0785,0.731
0.01,-0.0826,0.73,0.00854,-0.0785,0.73
0.01,-0.0826,0.73,0.00854,-0.0785,0.73
0.01,-0.0826,0.73,0.00854,-0.0785,0.73
0.01,-0.0826,0.73,0.00854,-0.0785,0.73
0.01,-0.0826,0.73,0.00854,-0.0785,0.73
0.01,-0.0826,0.73,0.00854,-0.0785,0.73
0.01,-0.0826,0.73,0.00854,-0.0785,0.73
0.01,-0.0826,0.73,0.00854,-0.0785,0.73
0.01,-0.0826,0.73,0.00854,-0.0785,0.73
0.01,-0.0826,0.73,0.00854,-0.0786,0.73
0.01,-0.0826,0.73,0.00854,-0.0786,0.73
0.01,-0.0826,0.73,0.00853,-0.0786,0.73
0.01,-0.0826,0.73,0.00853,-0.0786,0.73
0.01,-0.0826,0.73,0.00853,-0.0786,0.73
0.01,-0.0826,0.73,0.00853,-0.0786,0.73
0.01,-0.0826,0.73,0.00853,-0.0786,0.73
0.01,-0.0826,0.73,0.00853,-0.0786,0.73
0.01,-0.0826,0.73,0.00853,-0.0786,0.73
0.01,-0.0826,0.73,0.00853,-0.0786,0.73
0.01,-0.0826,0.73,0.00853,-0.0786,0.73
0.01,-0.0826,0.73,0.00853,-0.0787,0.73
0.01,-0.0826,0.73,0.00853,-0.0787,0.73
0.01,-0.0826,0.73,0.00853,-0.0787,0.73
0.01,-0.0826,0.73,0.00853,-0.0787,0.73
0.01,-0.0826,0.73,0.00853,-0.0787,0.73
0.01,-0.0826,0.73,0.00853,-0.0787,0.73
0.01,-0.0825,0.73,0.00853,-0.0787,0.73
0.01,-0.0825,0.73,0.00853,-0.0787,0.73
0.01,-0.0825,0.73,0.00852,-0.0787,0.73
0.01,-0.0825,0.73,0.00852,-0.0787,0.73
0.01,-0.0825,0.73,0.00852,-0.0788,0.73
0.01,-0.0825,0.73,0.00852,-0.0788,0.73
0.01,-0.0825,0.73,0.00852,-0.0788,0.73
0.01,-0.0825,0.73,0.00852,-0.0788,0.73
0.01,-0.0825,0.73,0.00852,-0.0788,0.73
0.01,-0.0825,0.73,0.00852,-0.0788,0.73
0.01,-0.0825,0.73,0.00852,-0.0788,0.73
0.01,-0.0825,0.73,0.00852,-0.0788,0.73
0.01,-0.0825,0.73,0.00852,-0.0788,0.73
0.01,-0.0825,0.73,0.00852,-0.0788,0.73
0.01,-0.0825,0.73,0.00852,-0.0788,0.73
0.01,-0.0825,0.73,0.00852,-0.0789,0.73
0.01,-0.0825,0.73,0.00852,-0.0789,0.73
0.01,-0.0825,0.73,0.00852,-0.0789,0.73
0.01,-0.0825,0.73,0.00852,-0.0789,0.73
0.01,-0.0825,0.73,0.00852,-0.0789,0.73
0.01,-0.0825,0.73,0.00852,-0.0789,0.73
0.01,-0.0825,0.73,0.00852,-0.0789,0.73
0.01,-0.0825,0.73,0.00852,-0.0789,0.73
0.01,-0.0825,0.73,0.00852,-0.0789,0.73
0.01,-0.0825,0.73,0.00852,-0.0789,0.73
0.01,-0.0825,0.73,0.00852,-0.079,0.73
0.01,-0.0825,0.73,0.00852,-0.079,0.73
0.01,-0.0825,0.73,0.00852,-0.079,0.73
0.01,-0.0825,0.73,0.00852,-0.079,0.73
0.01,-0.0825,0.73,0.00852,-0.079,0.73
0.01,-0.0825,0.73,0.00852,-0.079,0.73
0.01,-0.0825,0.73,0.00852,-0.079,0.73
0.01,-0.0825,0.73,0.00852,-0.079,0.73
0.01,-0.0825,0.73,0.00852,-0.079,0.73
0.01,-0.0825,0.73,0.00852,-0.079,0.73
0.01,-0.0825,0.73,0.00852,-0.079,0.73
0.01,-0.0825,0.73,0.00852,-0.0791,0.73
0.01,-0.0825,0.73,0.00852,-0.0791,0.73
0.01,-0.0825,0.73,0.00852,-0.0791,0.73
0.01,-0.0825,0.73,0.00852,-0.0791,0.73
0.01,-0.0825,0.73,0.00852,-0.0791,0.73
0.01,-0.0825,0.73,0.00852,-0.0791,0.73
0.01,-0.0825,0.73,0.00852,-0.0791,0.73
0.01,-0.0825,0.73,0.00852,-0.0791,0.73
0.01,-0.0825,0.73,0.00852,-0.0791,0.73
0.01,-0.0825,0.73,0.00852,-0.0791,0.73
0.01,-0.0825,0.73,0.00852,-0.0791,0.73
0.01,-0.0825,0.73,0.00852,-0.0792,0.73
0.01,-0.0825,0.73,0.00852,-0.0792,0.73
0.01,-0.0825,0.73,0.00852,-0.0792,0.73
0.01,-0.0825,0.73,0.00852,-0.0792,0.73
0.01,-0.0825,0.73,0.00852,-0.0792,0.73
0.01,-0.0825,0.73,0.00852,-0.0792,0.73
0.01,-0.0825,0.73,0.00852,-0.0792,0.73
0.01,-0.0825,0.73,0.00852,-0.0792,0.73
0.01,-0.0825,0.73,0.00852,-0.0792,0.73
0.01,-0.0825,0.73,0.00852,-0.0792,0.73
0.01,-0.0825,0.73,0.00852,-0.0792,0.73
0.01,-0.0825,0.73,0.00852,-0.0793,0.73
0.01,-0.0825,0.73,0.00852,-0.0793,0.73
0.01,-0.0825,0.73,0.00852,-0.0793,0.73
0.01,-0.0825,0.73,0.00852,-0.0793,0.73
0.01,-0.0825,0.73,0.00852,-0.0793,0.73
0.01,-0.0825,0.73,0.00852,-0.0793,0.73
0.01,-0.0825,0.73,0.00852,-0.0793,0.73
0.01,-0.0825,0.73,0.00852,-0.0793,0.73
0.01,-0.0825,0.73,0.00852,-0.0793,0.73
0.01,-0.0825,0.73,0.00852,-0.0793,0.73
0.01,-0.0825,0.73,0.00852,-0.0793,0.73
0.01,-0.0825,0.73,0.00852,-0.0794,0.73
0.01,-0.0825,0.73,0.00852,-0.0794,0.73
0.01,-0.0825,0.73,0.00852,-0.0794,0.73
0.01,-0.0825,0.73,0.00853,-0.0794,0.73
0.01,-0.0825,0.73,0.00853,-0.0794,0.73
0.01,-0.0825,0.73,0.00853,-0.0794,0.73
0.01,-0.0825,0.73,0.00853,-0.0794,0.73
0.01,-0.0825,0.73,0.00853,-0.0794,0.73
0.01,-0.0825,0.73,0.00853,-0.0794,0.73
0.01,-0.0825,0.73,0.00853,-0.0794,0.73
0.01,-0.0825,0.73,0.00853,-0.0794,0.73
0.01,-0.0825,0.73,0.00853,-0.0794,0.73
0.01,-0.0825,0.73,0.00853,-0.0795,0.73
0.01,-0.0825,0.73,0.00853,-0.0795,0.73
0.01,-0.0825,0.73,0.00853,-0.0795,0.73
0.01,-0.0825,0.73,0.00853,-0.0795,0.73
0.01,-0.0825,0.73,0.00853,-0.0795,0.73
0.01,-0.0825,0.73,0.00853,-0.0795,0.73
0.01,-0.0825,0.73,0.00853,-0.0795,0.73
0.01,-0.0825,0.73,0.00853,-0.0795,0.73
0.01,-0.0825,0.73,0.00854,-0.0795,0.73
0.01,-0.0825,0.73,0.00854,-0.0795,0.73
0.01,-0.0825,0.73,0.00854,-0.0795,0.73
0.01,-0.0825,0.73,0.00854,-0.0796,0.73
0.01,-0.0825,0.73,0.00854,-0.0796,0.73
0.01,-0.0825,0.73,0.00854,-0.0796,0.73
0.01,-0.0825,0.73,0.00854,-0.0796,0.73
0.01,-0.0825,0.73,0.00854,-0.0796,0.73
0.01,-0.0825,0.73,0.00854,-0.0796,0.73
0.01,-0.0825,0.73,0.00854,-0.0796,0.73
0.01,-0.0825,0.73,0.00854,-0.0796,0.73
0.01,-0.0825,0.73,0.00854,-0.0796,0.73
0.01,-0.0825,0.73,0.00854,-0.0796,0.73
0.01,-0.0825,0.73,0.00854,-0.0796,0.73
0.01,-0.0825,0.73,0.00855,-0.0796,0.73
0.01,-0.0825,0.73,0.00855,-0.0797,0.73
0.01,-0.0825,0.73,0.00855,-0.0797,0.73
0.01,-0.0825,0.73,0.00855,-0.0797,0.73
0.01,-0.0825,0.73,0.00855,-0.0797,0.73
0.01,-0.0825,0.73,0.00855,-0.0797,0.73
0.01,-0.0825,0.73,0.00855,-0.0797,0.73
0.01,-0.0825,0.73,0.00855,-0.0797,0.73
0.01,-0.0825,0.73,0.00855,-0.0797,0.73
0.01,-0.0825,0.73,0.00855,-0.0797,0.73
0.01,-0.0825,0.73,0.00855,-0.0797,0.73
0.01,-0.0825,0.73,0.00856,-0.0797,0.73
0.01,-0.0825,0.73,0.00856,-0.0797,0.73
0.01,-0.0825,0.73,0.00856,-0.0798,0.73
0.01,-0.0825,0.73,0.00856,-0.0798,0.73
0.01,-0.0825,0.73,0.00856,-0.0798,0.73
0.01,-0.0825,0.73,0.00856,-0.0798,0.73
0.01,-0.0825,0.73,0.00856,-0.0798,0.73
0.01,-0.0825,0.73,0.00856,-0.0798,0.73
0.01,-0.0825,0.73,0.00856,-0.0798,0.73
0.01,-0.0825,0.73,0.00856,-0.0798,0.73
0.01,-0.0825,0.73,0.00857,-0.0798,0.73
0.01,-0.0825,0.73,0.00857,-0.0798,0.73
0.01,-0.0825,0.73,0.00857,-0.0798,0.73
0.01,-0.0825,0.73,0.00857,-0.0798,0.73
0.01,-0.0825,0.73,0.00857,-0.0798,0.73
0.01,-0.0825,0.73,0.00857,-0.0799,0.73
0.01,-0.0825,0.73,0.00857,-0.0799,0.73
0.01,-0.0825,0.73,0.00857,-0.0799,0.73
0.01,-0.0825,0.73,0.00857,-0.0799,0.73
0.01,-0.0825,0.73,0.00857,-0.0799,0.73
0.01,-0.0825,0.73,0.00858,-0.0799,0.73
0.01,-0.0825,0.73,0.00858,-0.0799,0.73
0.01,-0.0825,0.73,0.00858,-0.0799,0.73
0.01,-0.0825,0.73,0.00858,-0.0799,0.73
0.01,-0.0825,0.73,0.00858,-0.0799,0.73
0.01,-0.0825,0.73,0.00858,-0.0799,0.73
0.01,-0.0825,0.73,0.00858,-0.0799,0.73
0.01,-0.0825,0.73,0.00858,-0.0799,0.73
0.01,-0.0825,0.73,0.00859,-0.08,0.73
0.01,-0.0825,0.73,0.00859,-0.08,0.73
0.01,-0.0825,0.73,0.00859,-0.08,0.73
0.01,-0.0825,0.73,0.00859,-0.08,0.73
0.01,-0.0825,0.73,0.00859,-0.08,0.73
0.01,-0.0825,0.73,0.00859,-0.08,0.73
0.01,-0.0825,0.73,0.00859,-0.08,0.73
0.01,-0.0825,0.73,0.00859,-0.08,0.73
0.01,-0.0825,0.73,0.0086,-0.08,0.73
0.01,-0.0825,0.73,0.0086,-0.08,0.73
0.01,-0.0825,0.73,0.0086,-0.08,0.73
0.01,-0.0825,0.73,0.0086,-0.08,0.73
0.01,-0.0825,0.73,0.0086,-0.08,0.73
0.01,-0.0825,0.73,0.0086,-0.0801,0.73
0.01,-0.0825,0.73,0.0086,-0.0801,0.73
0.01,-0.0825,0.73,0.00861,-0.0801,0.73
0.01,-0.0825,0.73,0.00861,-0.0801,0.73
0.01,-0.0825,0.73,0.00861,-0.0801,0.73
0.01,-0.0825,0.73,0.00861,-0.0801,0.73
0.01,-0.0825,0.73,0.00861,-0.0801,0.73
0.01,-0.0825,0.73,0.00861,-0.0801,0.73
0.01,-0.0825,0.73,0.00861,-0.0801,0.73
0.01,-0.0825,0.73,0.00861,-0.0801,0.73
0.01,-0.0825,0.73,0.00862,-0.0801,0.73
0.01,-0.0825,0.73,0.00862,-0.0801,0.73
0.01,-0.0825,0.73,0.00862,-0.0801,0.73
0.01,-0.0825,0.73,0.00862,-0.0801,0.73
0.01,-0.0825,0.73,0.00862,-0.0802,0.73
0.01,-0.0825,0.73,0.00862,-0.0802,0.73
0.01,-0.0825,0.73,0.00863,-0.0802,0.73
0.01,-0.0825,0.73,0.00863,-0.0802,0.73
0.01,-0.0825,0.73,0.00863,-0.0802,0.73
0.01,-0.0825,0.73,0.00863,-0.0802,0.73
0.01,-0.0825,0.73,0.00863,-0.0802,0.73
0.01,-0.0825,0.73,0.00863,-0.0802,0.73
0.01,-0.0825,0.73,0.00863,-0.0802,0.73
0.01,-0.0825,0.73,0.00864,-0.0802,0.73
0.01,-0.0825,0.73,0.00864,-0.0802,0.73
0.01,-0.0825,0.73,0.00864,-0.0802,0.73
0.01,-0.0825,0.73,0.00864,-0.0802,0.73
0.01,-0.0825,0.73,0.00864,-0.0802,0.73
0.01,-0.0825,0.73,0.00864,-0.0803,0.73
0.01,-0.0825,0.73,0.00865,-0.0803,0.73
0.01,-0.0825,0.73,0.00865,-0.0803,0.73
0.01,-0.0825,0.73,0.00865,-0.0803,0.73
0.01,-0.0825,0.73,0.00865,-0.0803,0.73
0.01,-0.0825,0.73,0.00865,-0.0803,0.73
0.01,-0.0825,0.73,0.00865,-0.0803,0.73
0.01,-0.0825,0.73,0.00866,-0.0803,0.73
0.01,-0.0825,0.73,0.00866,-0.0803,0.73
0.01,-0.0825,0.73,0.00866,-0.0803,0.73
0.01,-0.0825,0.73,0.00866,-0.0803,0.73
0.01,-0.0825,0.73,0.00866,-0.0803,0.73
0.01,-0.0825,0.73,0.00866,-0.0803,0.73
0.01,-0.0825,0.73,0.00867,-0.0803,0.73
0.01,-0.0825,0.73,0.00867,-0.0803,0.73
0.01,-0.0825,0.73,0.00867,-0.0804,0.73
0.01,-0.0825,0.73,0.00867,-0.0804,0.73
0.01,-0.0825,0.73,0.00867,-0.0804,0.73
0.01,-0.0825,0.73,0.00867,-0.0804,0.73
0.01,-0.0825,0.73,0.00868,-0.0804,0.73
0.01,-0.0825,0.73,0.00868,-0.0804,0.73
0.01,-0.0825,0.73,0.00868,-0.0804,0.73
0.01,-0.0825,0.73,0.00868,-0.0804,0.73
0.01,-0.0825,0.73,0.00868,-0.0804,0.73
0.01,-0.0825,0.73,0.00869,-0.0804,0.73
0.01,-0.0825,0.73,0.00869,-0.0804,0.73
0.01,-0.0825,0.73,0.00869,-0.0804,0.73
0.01,-0.0825,0.73,0.00869,-0.0804,0.73
0.01,-0.0825,0.73,0.00869,-0.0804,0.73
0.01,-0.0825,0.73,0.00869,-0.0804,0.73
0.01,-0.0825,0.73,0.0087,-0.0804,0.73
0.01,-0.0825,0.73,0.0087,-0.0805,0.73
0.01,-0.0825,0.73,0.0087,-0.0805,0.73
0.01,-0.0825,0.73,0.0087,-0.0805,0.73
0.01,-0.0825,0.73,0.0087,-0.0805,0.73
0.01,-0.0825,0.73,0.00871,-0.0805,0.73
0.01,-0.0825,0.73,0.00871,-0.0805,0.73
0.01,-0.0825,0.73,0.00871,-0.0805,0.73
0.01,-0.0825,0.73,0.00871,-0.0805,0.73
0.01,-0.0825,0.73,0.00871,-0.0805,0.73
0.01,-0.0825,0.73,0.00872,-0.0805,0.73
0.01,-0.0825,0.73,0.00872,-0.0805,0.73
0.01,-0.0825,0.73,0.00872,-0.0805,0.73
0.01,-0.0825,0.73,0.00872,-0.0805,0.73
0.01,-0.0825,0.73,0.00872,-0.0805,0.73
0.01,-0.0825,0.73,0.00873,-0.0805,0.73
0.01,-0.0825,0.73,0.00873,-0.0805,0.73
0.01,-0.0825,0.73,0.00873,-0.0805,0.73
0.01,-0.0825,0.73,0.00873,-0.0806,0.73
0.01,-0.0825,0.73,0.00873,-0.0806,0.73
0.01,-0.0825,0.73,0.00874,-0.0806,0.73
0.01,-0.0825,0.73,0.00874,-0.0806,0.73
0.01,-0.0825,0.73,0.00874,-0.0806,0.73
0.01,-0.0825,0.73,0.00874,-0.0806,0.73
0.01,-0.0825,0.73,0.00874,-0.0806,0.73
0.01,-0.0825,0.73,0.00875,-0.0806,0.73
0.01,-0.0825,0.73,0.00875,-0.0806,0.73
0.01,-0.0825,0.73,0.00875,-0.0806,0.73
0.01,-0.0825,0.73,0.00875,-0.0806,0.73
0.01,-0.0825,0.73,0.00875,-0.0806,0.73
0.01,-0.0825,0.73,0.00876,-0.0806,0.73
0.01,-0.0825,0.73,0.00876,-0.0806,0.73
0.01,-0.0825,0.73,0.00876,-0.0806,0.73
0.01,-0.0825,0.73,0.00876,-0.0806,0.73
0.01,-0.0825,0.73,0.00876,-0.0806,0.73
0.01,-0.0825,0.73,0.00877,-0.0806,0.73
0.01,-0.0825,0.73,0.00877,-0.0806,0.73
0.01,-0.0825,0.73,0.00877,-0.0807,0.73
0.01,-0.0825,0.73,0.00877,-0.0807,0.73
0.01,-0.0825,0.73,0.00878,-0.0807,0.73
0.01,-0.0825,0.73,0.00878,-0.0807,0.73
0.01,-0.0825,0.73,0.00878,-0.0807,0.73
0.01,-0.0825,0.73,0.00878,-0.0807,0.73
0.01,-0.0825,0.73,0.00878,-0.0807,0.73
0.01,-0.0825,0.73,0.00879,-0.0807,0.73
0.01,-0.0825,0.73,0.00879,-0.0807,0.73
0.01,-0.0825,0.73,0.00879,-0.0807,0.73
0.01,-0.0825,0.73,0.00879,-0.0807,0.73
0.01,-0.0825,0.73,0.0088,-0.0807,0.73
0.01,-0.0825,0.73,0.0088,-0.0807,0.73
0.01,-0.0825,0.73,0.0088,-0.0807,0.73
0.01,-0.0825,0.73,0.0088,-0.0807,0.73
0.01,-0.0825,0.73,0.0088,-0.0807,0.73
0.01,-0.0825,0.73,0.00881,-0.0807,0.73
0.01,-0.0825,0.73,0.00881,-0.0807,0.73
0.01,-0.0825,0.73,0.00881,-0.0807,0.73
0.01,-0.0825,0.73,0.00881,-0.0807,0.73
0.01,-0.0825,0.73,0.00882,-0.0808,0.73
0.01,-0.0825,0.73,0.00882,-0.0808,0.73
0.01,-0.0825,0.73,0.00882,-0.0808,0.73
0.01,-0.0825,0.73,0.00882,-0.0808,0.73
0.01,-0.0825,0.73,0.00883,-0.0808,0.73
0.01,-0.0825,0.73,0.00883,-0.0808,0.73
0.01,-0.0825,0.73,0.00883,-0.0808,0.73
0.00883,-0.0808,0.73,0.00883,-0.0808,0.73
0.00883,-0.0808,0.73,0.00884,-0.0808,0.73
0.00883,-0.0808,0.73,0.00884,-0.0808,0.73
0.00883,-0.0808,0.73,0.00884,-0.0808,0.73
0.00883,-0.0808,0.73,0.00884,-0.0808,0.73
0.00883,-0.0808,0.73,0.00884,-0.0808,0.73
0.00883,-0.0808,0.73,0.00885,-0.0808,0.73
0.00883,-0.0808,0.73,0.00885,-0.0808,0.73
0.00883,-0.0808,0.73,0.00885,-0.0808,0.73
0.00883,-0.0808,0.73,0.00886,-0.0808,0.73
0.00883,-0.0808,0.73,0.00886,-0.0808,0.73
0.00883,-0.0808,0.73,0.00886,-0.0808,0.73
0.00883,-0.0808,0.73,0.00886,-0.0808,0.73
0.00883,-0.0808,0.73,0.00887,-0.0808,0.73
0.00883,-0.0808,0.73,0.00887,-0.0808,0.73
0.00883,-0.0808,0.73,0.00887,-0.0808,0.73
0.00883,-0.0808,0.73,0.00888,-0.0809,0.73
0.00883,-0.0808,0.73,0.00888,-0.0809,0.73
0.00883,-0.0808,0.73,0.00888,-0.0809,0.73
0.00883,-0.0808,0.73,0.00889,-0.0809,0.73
0.00883,-0.0808,0.73,0.00889,-0.0809,0.73
0.00883,-0.0808,0.73,0.0089,-0.0809,0.73
0.00883,-0.0808,0.73,0.0089,-0.0809,0.73
0.00883,-0.0808,0.73,0.0089,-0.0809,0.73
0.00883,-0.0808,0.73,0.00891,-0.0809,0.73
0.00883,-0.0808,0.73,0.00891,-0.0809,0.73
0.00883,-0.0808,0.73,0.00892,-0.0809,0.73
0.00883,-0.0808,0.73,0.00892,-0.0809,0.73
0.00883,-0.0808,0.73,0.00893,-0.0809,0.73
0.00883,-0.0808,0.73,0.00893,-0.0809,0.73
0.00883,-0.0808,0.73,0.00894,-0.0809,0.73
0.00883,-0.0808,0.73,0.00894,-0.0809,0.73
0.00883,-0.0808,0.73,0.00895,-0.0809,0.73
0.00883,-0.0808,0.73,0.00895,-0.0809,0.73
0.00883,-0.0808,0.73,0.00896,-0.0809,0.73
0.00883,-0.0808,0.73,0.00896,-0.0809,0.73
0.00883,-0.0808,0.73,0.00897,-0.081,0.73
0.00883,-0.0808,0.73,0.00897,-0.081,0.73
0.00883,-0.0808,0.73,0.00898,-0.081,0.73
0.00883,-0.0808,0.73,0.00899,-0.081,0.73
0.00883,-0.0808,0.73,0.00899,-0.081,0.73
0.00883,-0.0808,0.73,0.009,-0.081,0.73
0.00883,-0.0808,0.73,0.009,-0.081,0.73
0.00883,-0.0808,0.73,0.00901,-0.081,0.73
0.00883,-0.0808,0.73,0.00902,-0.081,0.73
0.00883,-0.0808,0.73,0.00902,-0.081,0.73
0.00883,-0.0808,0.73,0.00903,-0.081,0.73
0.00883,-0.0808,0.73,0.00904,-0.081,0.73
0.00883,-0.0808,0.73,0.00905,-0.081,0.73
0.00883,-0.0808,0.73,0.00905,-0.081,0.73
0.00883,-0.0808,0.73,0.00906,-0.081,0.73
0.00883,-0.0808,0.73,0.00907,-0.081,0.73
0.00883,-0.0808,0.73,0.00907,-0.081,0.73
0.00883,-0.0808,0.73,0.00908,-0.0811,0.73
0.00883,-0.0808,0.73,0.00909,-0.0811,0.73
0.00882,-0.0808,0.73,0.0091,-0.0811,0.73
0.00882,-0.0808,0.73,0.00911,-0.0811,0.73
0.00882,-0.0808,0.73,0.00911,-0.0811,0.73
0.00882,-0.0808,0.73,0.00912,-0.0811,0.73
0.00882,-0.0808,0.73,0.00913,-0.0811,0.73
0.00882,-0.0808,0.73,0.00914,-0.0811,0.73
0.00882,-0.0808,0.73,0.00915,-0.0811,0.73
0.00882,-0.0808,0.73,0.00915,-0.0811,0.73
0.00882,-0.0808,0.73,0.00916,-0.0811,0.73
0.00882,-0.0808,0.73,0.00917,-0.0811,0.73
0.00882,-0.0808,0.73,0.00918,-0.0811,0.73
0.00882,-0.0808,0.73,0.00919,-0.0811,0.73
0.00882,-0.0808,0.73,0.00919,-0.0811,0.73
0.00882,-0.0808,0.73,0.0092,-0.0811,0.73
0.00882,-0.0808,0.73,0.00921,-0.0812,0.73
0.00882,-0.0808,0.73,0.00922,-0.0812,0.73
0.00882,-0.0808,0.73,0.00923,-0.0812,0.73
0.00882,-0.0808,0.73,0.00923,-0.0812,0.73
0.00881,-0.0808,0.73,0.00924,-0.0812,0.73
0.00881,-0.0808,0.73,0.00925,-0.0812,0.73
0.00881,-0.0808,0.73,0.00926,-0.0812,0.73
0.00881,-0.0808,0.73,0.00927,-0.0812,0.731
0.00881,-0.0808,0.73,0.00928,-0.0812,0.731
0.00881,-0.0808,0.73,0.00928,-0.0812,0.731
0.00881,-0.0808,0.73,0.00929,-0.0812,0.731
0.00881,-0.0808,0.73,0.0093,-0.0812,0.731
0.00881,-0.0808,0.73,0.00931,-0.0813,0.731
0.00881,-0.0808,0.73,0.00931,-0.0813,0.731
0.00881,-0.0808,0.73,0.00932,-0.0813,0.731
0.00881,-0.0808,0.73,0.00933,-0.0813,0.731
0.0088,-0.0809,0.73,0.00934,-0.0813,0.731
0.0088,-0.0809,0.73,0.00935,-0.0813,0.731
0.0088,-0.0809,0.73,0.00935,-0.0813,0.731
0.0088,-0.0809,0.73,0.00936,-0.0813,0.731
0.0088,-0.0809,0.73,0.00937,-0.0813,0.731
0.0088,-0.0809,0.73,0.00938,-0.0814,0.731
0.0088,-0.0809,0.73,0.00938,-0.0814,0.731
0.0088,-0.0809,0.73,0.00939,-0.0814,0.731
0.0088,-0.0809,0.73,0.0094,-0.0814,0.731
0.0088,-0.0809,0.73,0.00941,-0.0814,0.731
0.00879,-0.0809,0.73,0.00941,-0.0814,0.731
0.00879,-0.0809,0.73,0.00942,-0.0814,0.731
0.00879,-0.0809,0.73,0.00943,-0.0815,0.731
0.00879,-0.0809,0.73,0.00943,-0.0815,0.731
0.00879,-0.0809,0.73,0.00944,-0.0815,0.731
0.00879,-0.0809,0.73,0.00945,-0.0815,0.731
0.00879,-0.0809,0.73,0.00945,-0.0815,0.731
0.00879,-0.0809,0.73,0.00946,-0.0815,0.731
0.00878,-0.0809,0.73,0.00947,-0.0816,0.731
0.00878,-0.0809,0.73,0.00947,-0.0816,0.731
0.00878,-0.0809,0.73,0.00948,-0.0816,0.731
0.00878,-0.0809,0.73,0.00949,-0.0816,0.731
0.00878,-0.0809,0.73,0.00949,-0.0816,0.731
0.00878,-0.0809,0.73,0.0095,-0.0816,0.731
0.00878,-0.0809,0.73,0.0095,-0.0817,0.731
0.00877,-0.0809,0.73,0.00951,-0.0817,0.731
0.00877,-0.0809,0.73,0.00951,-0.0817,0.731
0.00877,-0.0809,0.73,0.00952,-0.0817,0.731
0.00877,-0.0809,0.73,0.00953,-0.0817,0.731
0.00877,-0.0809,0.73,0.00953,-0.0818,0.731
0.00877,-0.0809,0.73,0.00954,-0.0818,0.731
0.00876,-0.081,0.73,0.00954,-0.0818,0.731
0.00876,-0.081,0.73,0.00955,-0.0818,0.731
0.00876,-0.081,0.73,0.00955,-0.0819,0.731
0.00876,-0.081,0.73,0.00956,-0.0819,0.731
0.00876,-0.081,0.73,0.00956,-0.0819,0.731
0.00876,-0.081,0.73,0.00956,-0.0819,0.731
0.00875,-0.081,0.73,0.00957,-0.0819,0.731
0.00875,-0.081,0.73,0.00957,-0.082,0.731
0.00875,-0.081,0.73,0.00958,-0.082,0.731
0.00875,-0.081,0.73,0.00958,-0.082,0.731
0.00875,-0.081,0.73,0.00959,-0.082,0.731
0.00874,-0.081,0.73,0.00959,-0.0821,0.731
0.00874,-0.081,0.73,0.00959,-0.0821,0.731
0.00874,-0.081,0.73,0.0096,-0.0821,0.731
0.00874,-0.081,0.73,0.0096,-0.0821,0.731
0.00874,-0.081,0.73,0.0096,-0.0822,0.731
0.00873,-0.081,0.73,0.00961,-0.0822,0.731
0.00873,-0.081,0.73,0.00961,-0.0822,0.731
0.00873,-0.081,0.73,0.00961,-0.0822,0.731
0.00873,-0.081,0.73,0.00961,-0.0823,0.731
0.00873,-0.081,0.73,0.00962,-0.0823,0.731
0.00872,-0.0811,0.73,0.00962,-0.0823,0.731
0.00872,-0.0811,0.73,0.00962,-0.0823,0.731
0.00872,-0.0811,0.73,0.00962,-0.0824,0.731
0.00872,-0.0811,0.73,0.00962,-0.0824,0.731
0.00871,-0.0811,0.73,0.00963,-0.0824,0.731
0.00871,-0.0811,0.73,0.00963,-0.0824,0.731
0.00871,-0.0811,0.73,0.00963,-0.0825,0.731
0.00871,-0.0811,0.73,0.00963,-0.0825,0.731
0.0087,-0.0811,0.73,0.00963,-0.0825,0.731
0.0087,-0.0811,0.73,0.00963,-0.0826,0.731
0.0087,-0.0811,0.73,0.00963,-0.0826,0.731
0.0087,-0.0811,0.73,0.00963,-0.0826,0.731
0.00869,-0.0811,0.73,0.00963,-0.0826,0.731
0.00869,-0.0811,0.73,0.00963,-0.0827,0.731
0.00869,-0.0811,0.73,0.00963,-0.0827,0.731
0.00869,-0.0811,0.73,0.00963,-0.0827,0.731
0.00868,-0.0812,0.73,0.00963,-0.0828,0.731
0.00868,-0.0812,0.73,0.00963,-0.0828,0.731
0.00868,-0.0812,0.73,0.00963,-0.0828,0.731
0.00868,-0.0812,0.73,0.00963,-0.0829,0.731
0.00867,-0.0812,0.73,0.00963,-0.0829,0.731
0.00867,-0.0812,0.73,0.00963,-0.0829,0.731
0.00867,-0.0812,0.73,0.00963,-0.083,0.731
0.00866,-0.0812,0.73,0.00963,-0.083,0.731
0.00866,-0.0812,0.73,0.00962,-0.083,0.731
0.00866,-0.0812,0.73,0.00962,-0.0831,0.731
0.00865,-0.0812,0.73,0.00962,-0.0831,0.731
0.00865,-0.0812,0.73,0.00962,-0.0831,0.731
0.00865,-0.0812,0.73,0.00962,-0.0832,0.731
0.00865,-0.0812,0.73,0.00961,-0.0832,0.731
0.00864,-0.0813,0.73,0.00961,-0.0832,0.731
0.00864,-0.0813,0.73,0.00961,-0.0833,0.731
0.00864,-0.0813,0.73,0.0096,-0.0833,0.731
0.00863,-0.0813,0.73,0.0096,-0.0833,0.731
0.00863,-0.0813,0.73,0.0096,-0.0834,0.731
0.00863,-0.0813,0.73,0.00959,-0.0834,0.731
0.00862,-0.0813,0.73,0.00959,-0.0835,0.731
0.00862,-0.0813,0.73,0.00959,-0.0835,0.731
0.00862,-0.0813,0.73,0.00958,-0.0835,0.731
0.00861,-0.0813,0.73,0.00958,-0.0836,0.731
0.00861,-0.0813,0.73,0.00957,-0.0836,0.731
0.00861,-0.0813,0.73,0.00957,-0.0837,0.731
0.0086,-0.0814,0.73,0.00956,-0.0837,0.731
0.0086,-0.0814,0.73,0.00956,-0.0837,0.731
0.00859,-0.0814,0.73,0.00955,-0.0838,0.731
0.00859,-0.0814,0.73,0.00955,-0.0838,0.731
0.00859,-0.0814,0.73,0.00954,-0.0839,0.731
0.00858,-0.0814,0.73,0.00954,-0.0839,0.731
0.00858,-0.0814,0.73,0.00953,-0.0839,0.731
0.00858,-0.0814,0.73,0.00952,-0.084,0.731
0.00857,-0.0814,0.73,0.00952,-0.084,0.731
0.00857,-0.0814,0.73,0.00951,-0.0841,0.731
0.00856,-0.0814,0.73,0.00951,-0.0841,0.731
0.00856,-0.0815,0.73,0.0095,-0.0841,0.731
0.00856,-0.0815,0.73,0.00949,-0.0842,0.731
0.00855,-0.0815,0.73,0.00948,-0.0842,0.731
0.00855,-0.0815,0.73,0.00948,-0.0843,0.731
0.00855,-0.0815,0.73,0.00947,-0.0843,0.731
0.00854,-0.0815,0.73,0.00946,-0.0844,0.731
0.00854,-0.0815,0.73,0.00945,-0.0844,0.731
0.00853,-0.0815,0.73,0.00944,-0.0845,0.731
0.00853,-0.0815,0.73,0.00944,-0.0845,0.731
0.00852,-0.0815,0.73,0.00943,-0.0845,0.731
0.00852,-0.0816,0.73,0.00942,-0.0846,0.731
0.00852,-0.0816,0.73,0.00941,-0.0846,0.731
0.00851,-0.0816,0.73,0.0094,-0.0847,0.732
0.00851,-0.0816,0.73,0.00939,-0.0847,0.732
0.0085,-0.0816,0.73,0.00938,-0.0848,0.732
0.0085,-0.0816,0.73,0.00937,-0.0848,0.732
0.00849,-0.0816,0.73,0.00936,-0.0849,0.732
0.00849,-0.0816,0.73,0.00935,-0.0849,0.732
0.00849,-0.0816,0.73,0.00934,-0.085,0.732
0.00848,-0.0817,0.73,0.00933,-0.085,0.732
0.00848,-0.0817,0.73,0.00932,-0.0851,0.732
0.00847,-0.0817,0.73,0.00931,-0.0851,0.732
0.00847,-0.0817,0.73,0.0093,-0.0852,0.732
0.00846,-0.0817,0.73,0.00929,-0.0852,0.732
0.00846,-0.0817,0.73,0.00928,-0.0853,0.732
0.00845,-0.0817,0.73,0.00926,-0.0853,0.732
0.00845,-0.0817,0.73,0.00925,-0.0854,0.732
0.00844,-0.0817,0.73,0.00924,-0.0854,0.732
0.00844,-0.0818,0.73,0.00923,-0.0855,0.732
0.00843,-0.0818,0.73,0.00921,-0.0856,0.732
0.00843,-0.0818,0.73,0.0092,-0.0856,0.732
0.00842,-0.0818,0.73,0.00919,-0.0857,0.732
0.00842,-0.0818,0.73,0.00917,-0.0857,0.732
0.00841,-0.0818,0.73,0.00916,-0.0858,0.732
0.00841,-0.0818,0.73,0.00915,-0.0858,0.732
0.0084,-0.0818,0.73,0.00913,-0.0859,0.732
0.0084,-0.0819,0.73,0.00912,-0.0859,0.732
0.00839,-0.0819,0.73,0.00911,-0.086,0.732
0.00839,-0.0819,0.73,0.00909,-0.0861,0.732
0.00838,-0.0819,0.73,0.00908,-0.0861,0.732
0.00838,-0.0819,0.73,0.00906,-0.0862,0.732
0.00837,-0.0819,0.73,0.00905,-0.0862,0.732
0.00837,-0.0819,0.73,0.00903,-0.0863,0.732
0.00836,-0.0819,0.73,0.00901,-0.0863,0.732
0.00836,-0.082,0.73,0.009,-0.0864,0.732
0.00835,-0.082,0.73,0.00898,-0.0865,0.732
0.00834,-0.082,0.73,0.00897,-0.0865,0.732
0.00834,-0.082,0.73,0.00895,-0.0866,0.732
0.00833,-0.082,0.73,0.00893,-0.0866,0.732
0.00833,-0.082,0.73,0.00892,-0.0867,0.732
0.00832,-0.082,0.73,0.0089,-0.0868,0.732
0.00832,-0.0821,0.73,0.00888,-0.0868,0.732
0.00831,-0.0821,0.73,0.00886,-0.0869,0.732
0.00831,-0.0821,0.73,0.00884,-0.087,0.732
0.0083,-0.0821,0.73,0.00882,-0.087,0.732
0.00829,-0.0821,0.73,0.00881,-0.0871,0.732
0.00829,-0.0821,0.73,0.00879,-0.0872,0.732
0.00828,-0.0821,0.73,0.00877,-0.0872,0.732
0.00828,-0.0822,0.73,0.00875,-0.0873,0.732
0.00827,-0.0822,0.73,0.00873,-0.0873,0.732
0.00826,-0.0822,0.73,0.00871,-0.0874,0.732
0.00826,-0.0822,0.73,0.00868,-0.0875,0.732
0.00825,-0.0822,0.73,0.00866,-0.0876,0.732
0.00825,-0.0822,0.73,0.00864,-0.0876,0.732
0.00824,-0.0822,0.73,0.00862,-0.0877,0.732
0.00823,-0.0823,0.73,0.0086,-0.0878,0.732
0.00823,-0.0823,0.73,0.00858,-0.0878,0.732
0.00822,-0.0823,0.73,0.00856,-0.0879,0.732
0.00822,-0.0823,0.73,0.00853,-0.088,0.732
0.00821,-0.0823,0.73,0.00851,-0.088,0.732
0.0082,-0.0823,0.73,0.00849,-0.0881,0.732
0.0082,-0.0824,0.73,0.00846,-0.0882,0.732
0.00819,-0.0824,0.73,0.00844,-0.0883,0.732
0.00818,-0.0824,0.73,0.00842,-0.0883,0.732
0.00818,-0.0824,0.73,0.00839,-0.0884,0.732
0.00817,-0.0824,0.73,0.00837,-0.0885,0.732
0.00816,-0.0824,0.73,0.00835,-0.0886,0.732
0.00816,-0.0824,0.73,0.00832,-0.0886,0.732
0.00815,-0.0825,0.73,0.0083,-0.0887,0.732
0.00814,-0.0825,0.73,0.00827,-0.0888,0.733
0.00814,-0.0825,0.73,0.00825,-0.0889,0.733
0.00813,-0.0825,0.73,0.00822,-0.089,0.733
0.00812,-0.0825,0.73,0.0082,-0.089,0.733
0.00812,-0.0825,0.73,0.00817,-0.0891,0.733
0.00811,-0.0826,0.73,0.00815,-0.0892,0.733
0.0081,-0.0826,0.73,0.00812,-0.0893,0.733
0.0081,-0.0826,0.73,0.00809,-0.0894,0.733
0.00809,-0.0826,0.73,0.00807,-0.0894,0.733
0.00808,-0.0826,0.73,0.00804,-0.0895,0.733
0.00808,-0.0826,0.73,0.00802,-0.0896,0.733
0.00807,-0.0827,0.73,0.00799,-0.0897,0.733
0.00806,-0.0827,0.73,0.00796,-0.0898,0.733
0.00805,-0.0827,0.73,0.00793,-0.0899,0.733
0.00805,-0.0827,0.73,0.00791,-0.09,0.733
0.00804,-0.0827,0.73,0.00788,-0.09,0.733
0.00803,-0.0828,0.73,0.00785,-0.0901,0.733
0.00803,-0.0828,0.73,0.00782,-0.0902,0.733
0.00802,-0.0828,0.73,0.0078,-0.0903,0.733
0.00801,-0.0828,0.73,0.00777,-0.0904,0.733
0.008,-0.0828,0.73,0.00774,-0.0905,0.733
0.008,-0.0828,0.73,0.00771,-0.0906,0.733
0.00799,-0.0829,0.73,0.00768,-0.0907,0.733
0.00798,-0.0829,0.73,0.00765,-0.0908,0.733
0.00797,-0.0829,0.73,0.00762,-0.0909,0.733
0.00797,-0.0829,0.73,0.0076,-0.0909,0.733
0.00796,-0.0829,0.73,0.00757,-0.091,0.733
0.00795,-0.083,0.73,0.00754,-0.0911,0.733
0.00794,-0.083,0.73,0.00751,-0.0912,0.733
0.00794,-0.083,0.73,0.00748,-0.0913,0.733
0.00793,-0.083,0.73,0.00745,-0.0914,0.733
0.00792,-0.083,0.73,0.00742,-0.0915,0.733
0.00791,-0.083,0.73,0.00739,-0.0916,0.733
0.00791,-0.0831,0.73,0.00736,-0.0917,0.733
0.0079,-0.0831,0.73,0.00733,-0.0918,0.733
0.00789,-0.0831,0.73,0.0073,-0.0919,0.733
0.00788,-0.0831,0.73,0.00727,-0.092,0.733
0.00787,-0.0831,0.73,0.00723,-0.0921,0.733
0.00787,-0.0832,0.73,0.0072,-0.0922,0.733
0.00786,-0.0832,0.73,0.00717,-0.0923,0.733
0.00785,-0.0832,0.73,0.00714,-0.0924,0.733
0.00784,-0.0832,0.73,0.00711,-0.0925,0.733
0.00783,-0.0832,0.73,0.00708,-0.0926,0.733
0.00783,-0.0833,0.73,0.00705,-0.0927,0.733
0.00782,-0.0833,0.73,0.00701,-0.0928,0.733
0.00781,-0.0833,0.73,0.00698,-0.0929,0.733
0.0078,-0.0833,0.73,0.00695,-0.093,0.733
0.00779,-0.0833,0.73,0.00692,-0.0931,0.733
0.00778,-0.0834,0.73,0.00689,-0.0932,0.733
0.00778,-0.0834,0.73,0.00685,-0.0933,0.733
0.00777,-0.0834,0.73,0.00682,-0.0934,0.733
0.00776,-0.0834,0.73,0.00679,-0.0935,0.733
0.00775,-0.0834,0.73,0.00676,-0.0936,0.733
0.00774,-0.0835,0.73,0.00672,-0.0937,0.733
0.00773,-0.0835,0.73,0.00669,-0.0938,0.733
0.00773,-0.0835,0.73,0.00666,-0.0939,0.733
0.00772,-0.0835,0.73,0.00662,-0.0941,0.733
0.00771,-0.0836,0.73,0.00659,-0.0942,0.733
0.0077,-0.0836,0.73,0.00655,-0.0943,0.733
0.00769,-0.0836,0.73,0.00652,-0.0944,0.733
0.00768,-0.0836,0.73,0.00648,-0.0945,0.733
0.00767,-0.0836,0.73,0.00645,-0.0946,0.733
0.00766,-0.0837,0.73,0.00641,-0.0947,0.733
0.00766,-0.0837,0.73,0.00638,-0.0948,0.733
0.00765,-0.0837,0.73,0.00634,-0.0949,0.733
0.00764,-0.0837,0.73,0.00631,-0.095,0.733
0.00763,-0.0837,0.73,0.00627,-0.0951,0.733
0.00762,-0.0838,0.73,0.00623,-0.0952,0.733
0.00761,-0.0838,0.73,0.0062,-0.0954,0.733
0.0076,-0.0838,0.73,0.00616,-0.0955,0.734
0.00759,-0.0838,0.73,0.00612,-0.0956,0.734
0.00758,-0.0839,0.73,0.00608,-0.0957,0.734
0.00758,-0.0839,0.73,0.00605,-0.0958,0.734
0.00757,-0.0839,0.73,0.00601,-0.0959,0.734
0.00756,-0.0839,0.73,0.00597,-0.096,0.734
0.00755,-0.084,0.73,0.00593,-0.0961,0.734
0.00754,-0.084,0.73,0.00589,-0.0962,0.734
0.00753,-0.084,0.73,0.00585,-0.0964,0.734
0.00752,-0.084,0.73,0.00581,-0.0965,0.734
0.00751,-0.084,0.73,0.00577,-0.0966,0.734
0.0075,-0.0841,0.73,0.00573,-0.0967,0.734
0.00749,-0.0841,0.73,0.00569,-0.0968,0.734
0.00748,-0.0841,0.73,0.00565,-0.0969,0.734
0.00747,-0.0841,0.73,0.00561,-0.097,0.734
0.00746,-0.0842,0.73,0.00557,-0.0972,0.734
0.00745,-0.0842,0.73,0.00553,-0.0973,0.734
0.00744,-0.0842,0.73,0.00549,-0.0974,0.734
0.00744,-0.0842,0.73,0.00544,-0.0975,0.734
0.00743,-0.0843,0.73,0.0054,-0.0976,0.734
0.00742,-0.0843,0.73,0.00536,-0.0977,0.734
0.00741,-0.0843,0.73,0.00532,-0.0979,0.734
0.0074,-0.0843,0.73,0.00527,-0.098,0.734
0.00739,-0.0843,0.73,0.00523,-0.0981,0.734
0.00738,-0.0844,0.73,0.00519,-0.0982,0.734
0.00737,-0.0844,0.73,0.00514,-0.0983,0.734
0.00736,-0.0844,0.73,0.0051,-0.0984,0.734
0.00735,-0.0844,0.73,0.00505,-0.0986,0.734
0.00734,-0.0845,0.73,0.00501,-0.0987,0.734
0.00733,-0.0845,0.73,0.00496,-0.0988,0.734
0.00732,-0.0845,0.73,0.00492,-0.0989,0.734
0.00731,-0.0845,0.73,0.00487,-0.099,0.734
0.0073,-0.0846,0.73,0.00483,-0.0991,0.734
0.00729,-0.0846,0.73,0.00478,-0.0993,0.734
0.00728,-0.0846,0.73,0.00474,-0.0994,0.734
0.00727,-0.0846,0.73,0.00469,-0.0995,0.734
0.00726,-0.0847,0.73,0.00464,-0.0996,0.734
0.00725,-0.0847,0.73,0.0046,-0.0997,0.734
0.00724,-0.0847,0.73,0.00455,-0.0999,0.734
0.00723,-0.0847,0.73,0.0045,-0.1,0.734
0.00722,-0.0848,0.73,0.00445,-0.1,0.734
0.00721,-0.0848,0.73,0.00441,-0.1,0.734
0.0072,-0.0848,0.73,0.00436,-0.1,0.734
0.00719,-0.0848,0.73,0.00431,-0.1,0.734
0.00718,-0.0849,0.73,0.00426,-0.101,0.734
0.00717,-0.0849,0.73,0.00421,-0.101,0.734
0.00715,-0.0849,0.73,0.00416,-0.101,0.734
0.00714,-0.0849,0.73,0.00411,-0.101,0.734
0.00713,-0.085,0.73,0.00407,-0.101,0.734
0.00712,-0.085,0.73,0.00402,-0.101,0.734
0.00711,-0.085,0.73,0.00397,-0.101,0.734
0.0071,-0.085,0.73,0.00392,-0.101,0.734
0.00709,-0.0851,0.73,0.00386,-0.102,0.734
0.00708,-0.0851,0.73,0.00381,-0.102,0.734
0.00707,-0.0851,0.73,0.00376,-0.102,0.734
0.00706,-0.0852,0.73,0.00371,-0.102,0.734
0.00705,-0.0852,0.73,0.00366,-0.102,0.734
0.00704,-0.0852,0.73,0.00361,-0.102,0.734
0.00703,-0.0852,0.73,0.00356,-0.102,0.734
0.00702,-0.0853,0.73,0.0035,-0.102,0.734
0.00701,-0.0853,0.73,0.00345,-0.103,0.734
0.007,-0.0853,0.73,0.0034,-0.103,0.734
0.00698,-0.0853,0.73,0.00335,-0.103,0.734
0.00697,-0.0854,0.73,0.00329,-0.103,0.734
0.00696,-0.0854,0.73,0.00324,-0.103,0.734
0.00695,-0.0854,0.73,0.00319,-0.103,0.734
0.00694,-0.0854,0.73,0.00313,-0.103,0.734
0.00693,-0.0855,0.73,0.00308,-0.103,0.734
0.00692,-0.0855,0.73,0.00302,-0.104,0.734
0.00691,-0.0855,0.73,0.00297,-0.104,0.734
0.0069,-0.0856,0.73,0.00291,-0.104,0.734
0.00689,-0.0856,0.73,0.00286,-0.104,0.734
0.00687,-0.0856,0.73,0.0028,-0.104,0.735
0.00686,-0.0856,0.73,0.00275,-0.104,0.735
0.00685,-0.0857,0.73,0.00269,-0.104,0.735
0.00684,-0.0857,0.73,0.00264,-0.104,0.735
0.00683,-0.0857,0.73,0.00258,-0.105,0.735
0.00682,-0.0857,0.73,0.00253,-0.105,0.735
0.00681,-0.0858,0.73,0.00247,-0.105,0.735
0.0068,-0.0858,0.73,0.00241,-0.105,0.735
0.00678,-0.0858,0.73,0.00236,-0.105,0.735
0.00677,-0.0859,0.73,0.0023,-0.105,0.735
0.00676,-0.0859,0.73,0.00224,-0.105,0.735
0.00675,-0.0859,0.73,0.00218,-0.105,0.735
0.00674,-0.0859,0.73,0.00212,-0.106,0.735
0.00673,-0.086,0.73,0.00207,-0.106,0.735
0.00672,-0.086,0.73,0.00201,-0.106,0.735
0.0067,-0.086,0.73,0.00195,-0.106,0.735
0.00669,-0.0861,0.73,0.00189,-0.106,0.735
0.00668,-0.0861,0.73,0.00183,-0.106,0.735
0.00667,-0.0861,0.73,0.00177,-0.106,0.735
0.00666,-0.0861,0.73,0.00171,-0.106,0.735
0.00665,-0.0862,0.73,0.00165,-0.107,0.735
0.00663,-0.0862,0.73,0.00159,-0.107,0.735
0.00662,-0.0862,0.73,0.00153,-0.107,0.735
0.00661,-0.0863,0.73,0.00147,-0.107,0.735
0.0066,-0.0863,0.73,0.00141,-0.107,0.735
0.00659,-0.0863,0.73,0.00135,-0.107,0.735
0.00658,-0.0863,0.73,0.00129,-0.107,0.735
0.00656,-0.0864,0.73,0.00123,-0.108,0.735
0.00655,-0.0864,0.73,0.00117,-0.108,0.735
0.00654,-0.0864,0.73,0.00111,-0.108,0.735
0.00653,-0.0865,0.73,0.00105,-0.108,0.735
0.00652,-0.0865,0.73,0.000984,-0.108,0.735
0.00651,-0.0865,0.73,0.000922,-0.108,0.735
0.00649,-0.0866,0.73,0.00086,-0.108,0.735
0.00648,-0.0866,0.73,0.000797,-0.108,0.735
0.00647,-0.0866,0.73,0.000734,-0.109,0.735
0.00646,-0.0866,0.73,0.000671,-0.109,0.735
0.00645,-0.0867,0.73,0.000608,-0.109,0.735
0.00643,-0.0867,0.73,0.000544,-0.109,0.735
0.00642,-0.0867,0.73,0.000481,-0.109,0.735
0.00641,-0.0868,0.73,0.000417,-0.109,0.735
0.0064,-0.0868,0.73,0.000353,-0.109,0.735
0.00638,-0.0868,0.73,0.000288,-0.109,0.735
0.00637,-0.0868,0.73,0.000224,-0.11,0.735
0.00636,-0.0869,0.73,0.000159,-0.11,0.735
0.00635,-0.0869,0.73,9.42e-05,-0.11,0.735
0.00634,-0.0869,0.73,2.9e-05,-0.11,0.735
0.00632,-0.087,0.73,-3.63e-05,-0.11,0.735
0.00631,-0.087,0.73,-0.000102,-0.11,0.735
0.0063,-0.087,0.73,-0.000168,-0.11,0.735
0.00629,-0.0871,0.73,-0.000233,-0.111,0.735
0.00627,-0.0871,0.73,-0.0003,-0.111,0.735
0.00626,-0.0871,0.73,-0.000366,-0.111,0.735
0.00625,-0.0872,0.73,-0.000432,-0.111,0.735
0.00624,-0.0872,0.73,-0.000499,-0.111,0.735
0.00623,-0.0872,0.73,-0.000566,-0.111,0.735
0.00621,-0.0872,0.73,-0.000633,-0.111,0.735
0.0062,-0.0873,0.73,-0.0007,-0.112,0.735
0.00619,-0.0873,0.73,-0.000767,-0.112,0.735
0.00618,-0.0873,0.73,-0.000835,-0.112,0.735
0.00616,-0.0874,0.73,-0.000903,-0.112,0.735
0.00615,-0.0874,0.73,-0.000971,-0.112,0.735
0.00614,-0.0874,0.73,-0.00104,-0.112,0.735
0.00613,-0.0875,0.73,-0.00111,-0.112,0.735
0.00611,-0.0875,0.73,-0.00118,-0.112,0.735
0.0061,-0.0875,0.73,-0.00124,-0.113,0.735
0.00609,-0.0876,0.73,-0.00131,-0.113,0.735
0.00608,-0.0876,0.73,-0.00138,-0.113,0.735
0.00606,-0.0876,0.73,-0.00145,-0.113,0.735
0.00605,-0.0876,0.73,-0.00152,-0.113,0.735
0.00604,-0.0877,0.73,-0.00159,-0.113,0.735
0.00602,-0.0877,0.73,-0.00166,-0.113,0.735
0.00601,-0.0877,0.73,-0.00173,-0.114,0.735
0.006,-0.0878,0.73,-0.0018,-0.114,0.735
0.00599,-0.0878,0.73,-0.00187,-0.114,0.735
0.00597,-0.0878,0.73,-0.00194,-0.114,0.735
0.00596,-0.0879,0.73,-0.00201,-0.114,0.735
0.00595,-0.0879,0.73,-0.00208,-0.114,0.735
0.00594,-0.0879,0.73,-0.00215,-0.114,0.735
0.00592,-0.088,0.73,-0.00222,-0.114,0.735
0.00591,-0.088,0.73,-0.00229,-0.115,0.735
0.0059,-0.088,0.73,-0.00236,-0.115,0.735
0.00588,-0.0881,0.73,-0.00243,-0.115,0.735
0.00587,-0.0881,0.73,-0.00251,-0.115,0.735
0.00586,-0.0881,0.73,-0.00258,-0.115,0.735
0.00585,-0.0881,0.73,-0.00265,-0.115,0.735
0.00583,-0.0882,0.73,-0.00272,-0.115,0.735
0.00582,-0.0882,0.73,-0.00279,-0.116,0.735
0.00581,-0.0882,0.73,-0.00286,-0.116,0.735
0.00579,-0.0883,0.73,-0.00294,-0.116,0.735
0.00578,-0.0883,0.73,-0.00301,-0.116,0.735
0.00577,-0.0883,0.73,-0.00308,-0.116,0.735
0.00575,-0.0884,0.73,-0.00315,-0.116,0.735
0.00574,-0.0884,0.73,-0.00323,-0.116,0.735
0.00573,-0.0884,0.73,-0.0033,-0.117,0.735
0.00571,-0.0885,0.73,-0.00337,-0.117,0.735
0.0057,-0.0885,0.73,-0.00345,-0.117,0.735
0.00569,-0.0885,0.73,-0.00352,-0.117,0.735
0.00568,-0.0886,0.73,-0.00359,-0.117,0.735
0.00566,-0.0886,0.73,-0.00367,-0.117,0.735
0.00565,-0.0886,0.73,-0.00374,-0.117,0.735
0.00564,-0.0887,0.73,-0.00381,-0.118,0.735
0.00562,-0.0887,0.73,-0.00389,-0.118,0.735
0.00561,-0.0887,0.73,-0.00396,-0.118,0.735
0.0056,-0.0888,0.73,-0.00404,-0.118,0.735
0.00558,-0.0888,0.73,-0.00411,-0.118,0.735
0.00557,-0.0888,0.73,-0.00419,-0.118,0.735
0.00556,-0.0889,0.73,-0.00426,-0.118,0.735
0.00554,-0.0889,0.73,-0.00434,-0.119,0.735
0.00553,-0.0889,0.73,-0.00441,-0.119,0.735
0.00552,-0.089,0.73,-0.00449,-0.119,0.735
0.0055,-0.089,0.73,-0.00456,-0.119,0.735
0.00549,-0.089,0.73,-0.00464,-0.119,0.735
0.00548,-0.0891,0.73,-0.00471,-0.119,0.735
0.00546,-0.0891,0.73,-0.00479,-0.119,0.735
0.00545,-0.0891,0.73,-0.00486,-0.119,0.735
0.00544,-0.0892,0.73,-0.00494,-0.12,0.735
0.00542,-0.0892,0.73,-0.00502,-0.12,0.735
0.00541,-0.0892,0.73,-0.00509,-0.12,0.735
0.0054,-0.0893,0.73,-0.00517,-0.12,0.735
0.00538,-0.0893,0.73,-0.00525,-0.12,0.735
0.00537,-0.0893,0.73,-0.00532,-0.12,0.735
0.00536,-0.0894,0.73,-0.0054,-0.12,0.735
0.00534,-0.0894,0.73,-0.00548,-0.121,0.735
0.00533,-0.0894,0.73,-0.00555,-0.121,0.735
0.00532,-0.0895,0.73,-0.00563,-0.121,0.735
0.0053,-0.0895,0.73,-0.00571,-0.121,0.735
0.00529,-0.0895,0.73,-0.00579,-0.121,0.735
0.00528,-0.0896,0.73,-0.00587,-0.121,0.735
0.00526,-0.0896,0.73,-0.00594,-0.121,0.735
0.00525,-0.0896,0.73,-0.00602,-0.122,0.735
0.00524,-0.0897,0.73,-0.0061,-0.122,0.735
0.00522,-0.0897,0.73,-0.00618,-0.122,0.735
0.00521,-0.0897,0.73,-0.00626,-0.122,0.735
0.0052,-0.0898,0.73,-0.00633,-0.122,0.735
0.00518,-0.0898,0.73,-0.00641,-0.122,0.735
0.00517,-0.0898,0.73,-0.00649,-0.122,0.735
0.00515,-0.0899,0.73,-0.00657,-0.123,0.735
0.00514,-0.0899,0.73,-0.00665,-0.123,0.735
0.00513,-0.0899,0.73,-0.00673,-0.123,0.735
0.00511,-0.09,0.73,-0.00681,-0.123,0.735
0.0051,-0.09,0.73,-0.00689,-0.123,0.735
0.00509,-0.09,0.73,-0.00697,-0.123,0.735
0.00507,-0.0901,0.73,-0.00705,-0.124,0.735
0.00506,-0.0901,0.73,-0.00713,-0.124,0.735
0.00505,-0.0901,0.73,-0.00721,-0.124,0.735
0.00503,-0.0902,0.73,-0.00729,-0.124,0.735
0.00502,-0.0902,0.73,-0.00737,-0.124,0.735
0.00501,-0.0902,0.73,-0.00745,-0.124,0.735
0.00499,-0.0903,0.73,-0.00753,-0.124,0.735
0.00498,-0.0903,0.73,-0.00761,-0.125,0.735
0.00496,-0.0903,0.73,-0.00769,-0.125,0.735
0.00495,-0.0904,0.73,-0.00777,-0.125,0.735
0.00494,-0.0904,0.73,-0.00785,-0.125,0.735
0.00492,-0.0904,0.73,-0.00793,-0.125,0.735
0.00491,-0.0905,0.73,-0.00801,-0.125,0.735
0.0049,-0.0905,0.73,-0.00809,-0.125,0.735
0.00488,-0.0905,0.73,-0.00817,-0.126,0.735
0.00487,-0.0906,0.73,-0.00825,-0.126,0.735
0.00486,-0.0906,0.73,-0.00833,-0.126,0.735
0.00484,-0.0906,0.73,-0.00842,-0.126,0.735
0.00483,-0.0907,0.73,-0.0085,-0.126,0.735
0.00481,-0.0907,0.73,-0.00858,-0.126,0.735
0.0048,-0.0907,0.73,-0.00866,-0.126,0.735
0.00479,-0.0908,0.73,-0.00874,-0.127,0.735
0.00477,-0.0908,0.73,-0.00882,-0.127,0.735
0.00476,-0.0908,0.73,-0.0089,-0.127,0.735
0.00475,-0.0909,0.73,-0.00899,-0.127,0.735
0.00473,-0.0909,0.73,-0.00907,-0.127,0.735
0.00472,-0.0909,0.73,-0.00915,-0.127,0.735
0.0047,-0.091,0.73,-0.00923,-0.128,0.735
0.00469,-0.091,0.73,-0.00931,-0.128,0.735
0.00468,-0.091,0.73,-0.00939,-0.128,0.735
0.00466,-0.0911,0.73,-0.00948,-0.128,0.735
0.00465,-0.0911,0.73,-0.00956,-0.128,0.735
0.00464,-0.0911,0.73,-0.00964,-0.128,0.735
0.00462,-0.0912,0.73,-0.00972,-0.128,0.735
0.00461,-0.0912,0.73,-0.00981,-0.129,0.735
0.00459,-0.0912,0.73,-0.00989,-0.129,0.735
0.00458,-0.0913,0.73,-0.00997,-0.129,0.735
0.00457,-0.0913,0.73,-0.0101,-0.129,0.735
0.00455,-0.0913,0.73,-0.0101,-0.129,0.735
0.00454,-0.0914,0.73,-0.0102,-0.129,0.735
0.00453,-0.0914,0.73,-0.0103,-0.13,0.735
0.00451,-0.0914,0.73,-0.0104,-0.13,0.735
0.0045,-0.0915,0.73,-0.0105,-0.13,0.735
0.00448,-0.0915,0.73,-0.0105,-0.13,0.735
0.00447,-0.0915,0.73,-0.0106,-0.13,0.735
0.00446,-0.0916,0.73,-0.0107,-0.13,0.735
0.00444,-0.0916,0.73,-0.0108,-0.13,0.735
0.00443,-0.0916,0.73,-0.0109,-0.131,0.735
0.00442,-0.0917,0.73,-0.011,-0.131,0.735
0.0044,-0.0917,0.73,-0.011,-0.131,0.735
0.00439,-0.0917,0.73,-0.0111,-0.131,0.735
0.00437,-0.0918,0.73,-0.0112,-0.131,0.735
0.00436,-0.0918,0.73,-0.0113,-0.131,0.735
0.00435,-0.0918,0.73,-0.0114,-0.132,0.735
0.00433,-0.0919,0.73,-0.0115,-0.132,0.735
0.00432,-0.0919,0.73,-0.0115,-0.132,0.735
0.00431,-0.0919,0.73,-0.0116,-0.132,0.735
0.00429,-0.092,0.73,-0.0117,-0.132,0.735
0.00428,-0.092,0.73,-0.0118,-0.132,0.735
0.00426,-0.092,0.73,-0.0119,-0.132,0.735
0.00425,-0.0921,0.73,-0.012,-0.133,0.735
0.00424,-0.0921,0.73,-0.012,-0.133,0.735
0.00422,-0.0921,0.73,-0.0121,-0.133,0.735
0.00421,-0.0922,0.73,-0.0122,-0.133,0.735
0.0042,-0.0922,0.73,-0.0123,-0.133,0.735
0.00418,-0.0923,0.73,-0.0124,-0.133,0.735
0.00417,-0.0923,0.73,-0.0125,-0.134,0.735
0.00415,-0.0923,0.73,-0.0126,-0.134,0.735
0.00414,-0.0924,0.73,-0.0126,-0.134,0.735
0.00413,-0.0924,0.73,-0.0127,-0.134,0.735
0.00411,-0.0924,0.73,-0.0128,-0.134,0.735
0.0041,-0.0925,0.73,-0.0129,-0.134,0.735
0.00409,-0.0925,0.73,-0.013,-0.134,0.735
0.00407,-0.0925,0.73,-0.0131,-0.135,0.735
0.00406,-0.0926,0.73,-0.0131,-0.135,0.735
0.00404,-0.0926,0.73,-0.0132,-0.135,0.735
0.00403,-0.0926,0.73,-0.0133,-0.135,0.734
0.00402,-0.0927,0.73,-0.0134,-0.135,0.734
0.004,-0.0927,0.73,-0.0135,-0.135,0.734
0.00399,-0.0927,0.73,-0.0136,-0.136,0.734
0.00398,-0.0928,0.73,-0.0136,-0.136,0.734
0.00396,-0.0928,0.73,-0.0137,-0.136,0.734
0.00395,-0.0928,0.73,-0.0138,-0.136,0.734
0.00394,-0.0929,0.73,-0.0139,-0.136,0.734
0.00392,-0.0929,0.73,-0.014,-0.136,0.734
0.00391,-0.0929,0.73,-0.0141,-0.137,0.734
0.00389,-0.093,0.73,-0.0141,-0.137,0.734
0.00388,-0.093,0.73,-0.0142,-0.137,0.734
0.00387,-0.093,0.73,-0.0143,-0.137,0.734
0.00385,-0.0931,0.73,-0.0144,-0.137,0.734
0.00384,-0.0931,0.73,-0.0145,-0.138,0.734
0.00383,-0.0931,0.73,-0.0146,-0.138,0.734
0.00381,-0.0932,0.73,-0.0146,-0.138,0.734
0.0038,-0.0932,0.73,-0.0147,-0.138,0.734
0.00379,-0.0932,0.73,-0.0148,-0.138,0.734
0.00377,-0.0933,0.73,-0.0149,-0.138,0.734
0.00376,-0.0933,0.73,-0.015,-0.139,0.734
0.00374,-0.0933,0.73,-0.0151,-0.139,0.734
0.00373,-0.0934,0.73,-0.0151,-0.139,0.734
0.00372,-0.0934,0.73,-0.0152,-0.139,0.734
0.0037,-0.0934,0.73,-0.0153,-0.139,0.734
0.00369,-0.0935,0.73,-0.0154,-0.14,0.734
0.00368,-0.0935,0.73,-0.0155,-0.14,0.734
0.00366,-0.0935,0.73,-0.0156,-0.14,0.734
0.00365,-0.0936,0.73,-0.0156,-0.14,0.734
0.00364,-0.0936,0.73,-0.0157,-0.14,0.734
0.00362,-0.0936,0.73,-0.0158,-0.141,0.734
0.00361,-0.0937,0.73,-0.0159,-0.141,0.734
0.0036,-0.0937,0.73,-0.016,-0.141,0.734
0.00358,-0.0937,0.73,-0.0161,-0.141,0.734
0.00357,-0.0938,0.73,-0.0162,-0.141,0.734
0.00356,-0.0938,0.73,-0.0162,-0.142,0.734
0.00354,-0.0938,0.73,-0.0163,-0.142,0.734
0.00353,-0.0939,0.73,-0.0164,-0.142,0.734
0.00352,-0.0939,0.73,-0.0165,-0.142,0.734
0.0035,-0.0939,0.73,-0.0166,-0.142,0.733
0.00349,-0.094,0.73,-0.0167,-0.143,0.733
0.00347,-0.094,0.73,-0.0167,-0.143,0.733
0.00346,-0.094,0.73,-0.0168,-0.143,0.733
0.00345,-0.0941,0.73,-0.0169,-0.143,0.733
0.00343,-0.0941,0.73,-0.017,-0.143,0.733
0.00342,-0.0941,0.73,-0.0171,-0.143,0.733
0.00341,-0.0942,0.73,-0.0172,-0.144,0.733
0.00339,-0.0942,0.73,-0.0173,-0.144,0.733
0.00338,-0.0942,0.73,-0.0173,-0.144,0.733
0.00337,-0.0943,0.73,-0.0174,-0.144,0.733
0.00335,-0.0943,0.73,-0.0175,-0.144,0.733
0.00334,-0.0943,0.73,-0.0176,-0.145,0.733
0.00333,-0.0944,0.73,-0.0177,-0.145,0.733
0.00331,-0.0944,0.73,-0.0178,-0.145,0.733
0.0033,-0.0944,0.73,-0.0178,-0.145,0.733
0.00329,-0.0945,0.73,-0.0179,-0.145,0.733
0.00328,-0.0945,0.73,-0.018,-0.146,0.733
0.00326,-0.0945,0.73,-0.0181,-0.146,0.733
0.00325,-0.0946,0.73,-0.0182,-0.146,0.733
0.00324,-0.0946,0.73,-0.0183,-0.146,0.733
0.00322,-0.0946,0.73,-0.0184,-0.146,0.733
0.00321,-0.0946,0.73,-0.0184,-0.147,0.733
0.0032,-0.0947,0.73,-0.0185,-0.147,0.733
0.00318,-0.0947,0.73,-0.0186,-0.147,0.733
0.00317,-0.0947,0.73,-0.0187,-0.147,0.733
0.00316,-0.0948,0.73,-0.0188,-0.147,0.733
0.00314,-0.0948,0.73,-0.0189,-0.148,0.733
0.00313,-0.0948,0.73,-0.0189,-0.148,0.733
0.00312,-0.0949,0.73,-0.019,-0.148,0.732
0.0031,-0.0949,0.73,-0.0191,-0.148,0.732
0.00309,-0.0949,0.73,-0.0192,-0.148,0.732
0.00308,-0.095,0.73,-0.0193,-0.149,0.732
0.00307,-0.095,0.73,-0.0194,-0.149,0.732
0.00305,-0.095,0.73,-0.0195,-0.149,0.732
0.00304,-0.0951,0.73,-0.0195,-0.149,0.732
0.00303,-0.0951,0.73,-0.0196,-0.149,0.732
0.00301,-0.0951,0.73,-0.0197,-0.15,0.732
0.003,-0.0952,0.73,-0.0198,-0.15,0.732
0.00299,-0.0952,0.73,-0.0199,-0.15,0.732
0.00297,-0.0952,0.73,-0.02,-0.15,0.732
0.00296,-0.0953,0.73,-0.02,-0.15,0.732
0.00295,-0.0953,0.73,-0.0201,-0.151,0.732
0.00294,-0.0953,0.73,-0.0202,-0.151,0.732
0.00292,-0.0954,0.73,-0.0203,-0.151,0.732
0.00291,-0.0954,0.73,-0.0204,-0.151,0.732
0.0029,-0.0954,0.73,-0.0205,-0.151,0.732
0.00289,-0.0954,0.73,-0.0205,-0.151,0.732
0.00287,-0.0955,0.73,-0.0206,-0.152,0.732
0.00286,-0.0955,0.73,-0.0207,-0.152,0.732
0.00285,-0.0955,0.73,-0.0208,-0.152,0.732
0.00283,-0.0956,0.73,-0.0209,-0.152,0.732
0.00282,-0.0956,0.73,-0.021,-0.152,0.732
0.00281,-0.0956,0.73,-0.021,-0.153,0.731
0.0028,-0.0957,0.73,-0.0211,-0.153,0.731
0.00278,-0.0957,0.73,-0.0212,-0.153,0.731
0.00277,-0.0957,0.73,-0.0213,-0.153,0.731
0.00276,-0.0958,0.73,-0.0214,-0.153,0.731
0.00275,-0.0958,0.73,-0.0215,-0.153,0.731
0.00273,-0.0958,0.73,-0.0215,-0.154,0.731
0.00272,-0.0959,0.73,-0.0216,-0.154,0.731
0.00271,-0.0959,0.73,-0.0217,-0.154,0.731
0.0027,-0.0959,0.73,-0.0218,-0.154,0.731
0.00268,-0.0959,0.73,-0.0219,-0.154,0.731
0.00267,-0.096,0.73,-0.022,-0.155,0.731
0.00266,-0.096,0.73,-0.022,-0.155,0.731
0.00265,-0.096,0.73,-0.0221,-0.155,0.731
0.00263,-0.0961,0.73,-0.0222,-0.155,0.731
0.00262,-0.0961,0.73,-0.0223,-0.155,0.731
0.00261,-0.0961,0.73,-0.0224,-0.155,0.731
0.0026,-0.0962,0.73,-0.0225,-0.156,0.731
0.00258,-0.0962,0.73,-0.0225,-0.156,0.731
0.00257,-0.0962,0.73,-0.0226,-0.156,0.731
0.00256,-0.0963,0.73,-0.0227,-0.156,0.731
0.00255,-0.0963,0.73,-0.0228,-0.156,0.731
0.00253,-0.0963,0.73,-0.0229,-0.156,0.73
0.00252,-0.0963,0.73,-0.0229,-0.157,0.73
0.00251,-0.0964,0.73,-0.023,-0.157,0.73
0.0025,-0.0964,0.73,-0.0231,-0.157,0.73
0.00249,-0.0964,0.73,-0.0232,-0.157,0.73
0.00247,-0.0965,0.73,-0.0233,-0.157,0.73
0.00246,-0.0965,0.73,-0.0233,-0.158,0.73
0.00245,-0.0965,0.73,-0.0234,-0.158,0.73
0.00244,-0.0966,0.73,-0.0235,-0.158,0.73
0.00243,-0.0966,0.73,-0.0236,-0.158,0.73
0.00241,-0.0966,0.73,-0.0237,-0.158,0.73
0.0024,-0.0966,0.73,-0.0238,-0.158,0.73
0.00239,-0.0967,0.73,-0.0238,-0.159,0.73
0.00238,-0.0967,0.73,-0.0239,-0.159,0.73
0.00237,-0.0967,0.73,-0.024,-0.159,0.73
0.00235,-0.0968,0.73,-0.0241,-0.159,0.73
0.00234,-0.0968,0.73,-0.0241,-0.159,0.73
0.00233,-0.0968,0.73,-0.0242,-0.159,0.73
0.00232,-0.0968,0.73,-0.0243,-0.16,0.73
0.00231,-0.0969,0.73,-0.0244,-0.16,0.73
0.00229,-0.0969,0.73,-0.0245,-0.16,0.729
0.00228,-0.0969,0.73,-0.0245,-0.16,0.729
0.00227,-0.097,0.73,-0.0246,-0.16,0.729
0.00226,-0.097,0.73,-0.0247,-0.161,0.729
0.00225,-0.097,0.73,-0.0248,-0.161,0.729
0.00224,-0.097,0.73,-0.0249,-0.161,0.729
0.00222,-0.0971,0.73,-0.0249,-0.161,0.729
0.00221,-0.0971,0.73,-0.025,-0.161,0.729
0.0022,-0.0971,0.73,-0.0251,-0.161,0.729
0.00219,-0.0972,0.73,-0.0252,-0.162,0.729
0.00218,-0.0972,0.73,-0.0252,-0.162,0.729
0.00217,-0.0972,0.73,-0.0253,-0.162,0.729
0.00215,-0.0973,0.73,-0.0254,-0.162,0.729
0.00214,-0.0973,0.73,-0.0255,-0.162,0.729
0.00213,-0.0973,0.73,-0.0256,-0.162,0.729
0.00212,-0.0973,0.73,-0.0256,-0.163,0.729
0.00211,-0.0974,0.73,-0.0257,-0.163,0.729
0.0021,-0.0974,0.73,-0.0258,-0.163,0.729
0.00209,-0.0974,0.73,-0.0259,-0.163,0.728
0.00207,-0.0974,0.73,-0.0259,-0.163,0.728
0.00206,-0.0975,0.73,-0.026,-0.164,0.728
0.00205,-0.0975,0.73,-0.0261,-0.164,0.728
0.00204,-0.0975,0.73,-0.0262,-0.164,0.728
0.00203,-0.0976,0.73,-0.0262,-0.164,0.728
0.00202,-0.0976,0.73,-0.0263,-0.164,0.728
0.00201,-0.0976,0.73,-0.0264,-0.164,0.728
0.002,-0.0976,0.73,-0.0265,-0.165,0.728
0.00198,-0.0977,0.73,-0.0265,-0.165,0.728
0.00197,-0.0977,0.73,-0.0266,-0.165,0.728
0.00196,-0.0977,0.73,-0.0267,-0.165,0.728
0.00195,-0.0978,0.73,-0.0268,-0.165,0.728
0.00194,-0.0978,0.73,-0.0268,-0.165,0.728
0.00193,-0.0978,0.73,-0.0269,-0.166,0.728
0.00192,-0.0978,0.73,-0.027,-0.166,0.728
0.00191,-0.0979,0.73,-0.027,-0.166,0.727
0.0019,-0.0979,0.73,-0.0271,-0.166,0.727
0.00189,-0.0979,0.73,-0.0272,-0.166,0.727
0.00187,-0.0979,0.73,-0.0273,-0.166,0.727
0.00186,-0.098,0.73,-0.0273,-0.167,0.727
0.00185,-0.098,0.73,-0.0274,-0.167,0.727
0.00184,-0.098,0.73,-0.0275,-0.167,0.727
0.00183,-0.098,0.73,-0.0275,-0.167,0.727
0.00182,-0.0981,0.73,-0.0276,-0.167,0.727
0.00181,-0.0981,0.73,-0.0277,-0.167,0.727
0.0018,-0.0981,0.73,-0.0278,-0.168,0.727
0.00179,-0.0982,0.73,-0.0278,-0.168,0.727
0.00178,-0.0982,0.73,-0.0279,-0.168,0.727
0.00177,-0.0982,0.73,-0.028,-0.168,0.727
0.00176,-0.0982,0.73,-0.028,-0.168,0.727
0.00175,-0.0983,0.73,-0.0281,-0.168,0.727
0.00174,-0.0983,0.73,-0.0282,-0.169,0.726
0.00172,-0.0983,0.73,-0.0283,-0.169,0.726
0.00171,-0.0983,0.73,-0.0283,-0.169,0.726
0.0017,-0.0984,0.73,-0.0284,-0.169,0.726
0.00169,-0.0984,0.73,-0.0285,-0.169,0.726
0.00168,-0.0984,0.73,-0.0285,-0.169,0.726
0.00167,-0.0984,0.73,-0.0286,-0.169,0.726
0.00166,-0.0985,0.73,-0.0287,-0.17,0.726
0.00165,-0.0985,0.73,-0.0287,-0.17,0.726
0.00164,-0.0985,0.73,-0.0288,-0.17,0.726
0.00163,-0.0985,0.73,-0.0289,-0.17,0.726
0.00162,-0.0986,0.73,-0.0289,-0.17,0.726
0.00161,-0.0986,0.73,-0.029,-0.17,0.726
0.0016,-0.0986,0.73,-0.0291,-0.171,0.726
0.00159,-0.0986,0.73,-0.0292,-0.171,0.725
0.00158,-0.0987,0.73,-0.0292,-0.171,0.725
0.00157,-0.0987,0.73,-0.0293,-0.171,0.725
0.00156,-0.0987,0.73,-0.0294,-0.171,0.725
0.00155,-0.0987,0.73,-0.0294,-0.171,0.725
0.00154,-0.0988,0.73,-0.0295,-0.172,0.725
0.00153,-0.0988,0.73,-0.0296,-0.172,0.725
0.00152,-0.0988,0.73,-0.0296,-0.172,0.725
0.00151,-0.0988,0.73,-0.0297,-0.172,0.725
0.0015,-0.0989,0.73,-0.0298,-0.172,0.725
0.00149,-0.0989,0.73,-0.0298,-0.172,0.725
0.00148,-0.0989,0.73,-0.0299,-0.173,0.725
0.00147,-0.0989,0.73,-0.03,-0.173,0.725
0.00146,-0.099,0.73,-0.03,-0.173,0.725
0.00145,-0.099,0.73,-0.0301,-0.173,0.725
0.00144,-0.099,0.73,-0.0302,-0.173,0.724
0.00143,-0.099,0.73,-0.0302,-0.173,0.724
0.00142,-0.0991,0.73,-0.0303,-0.174,0.724
0.00141,-0.0991,0.73,-0.0304,-0.174,0.724
0.0014,-0.0991,0.73,-0.0304,-0.174,0.724
0.00139,-0.0991,0.73,-0.0305,-0.174,0.724
0.00139,-0.0991,0.73,-0.0306,-0.174,0.724
0.00138,-0.0992,0.73,-0.0306,-0.174,0.724
0.00137,-0.0992,0.73,-0.0307,-0.175,0.724
0.00136,-0.0992,0.73,-0.0308,-0.175,0.724
0.00135,-0.0992,0.73,-0.0308,-0.175,0.724
0.00134,-0.0993,0.73,-0.0309,-0.175,0.724
0.00133,-0.0993,0.73,-0.031,-0.175,0.724
0.00132,-0.0993,0.73,-0.031,-0.175,0.723
0.00131,-0.0993,0.73,-0.0311,-0.176,0.723
0.0013,-0.0994,0.73,-0.0312,-0.176,0.723
0.00129,-0.0994,0.73,-0.0312,-0.176,0.723
0.00128,-0.0994,0.73,-0.0313,-0.176,0.723
0.00127,-0.0994,0.73,-0.0313,-0.176,0.723
0.00127,-0.0994,0.73,-0.0314,-0.176,0.723
0.00126,-0.0995,0.73,-0.0315,-0.176,0.723
0.00125,-0.0995,0.73,-0.0315,-0.177,0.723
0.00124,-0.0995,0.73,-0.0316,-0.177,0.723
0.00123,-0.0995,0.73,-0.0317,-0.177,0.723
0.00122,-0.0996,0.73,-0.0317,-0.177,0.723
0.00121,-0.0996,0.73,-0.0318,-0.177,0.723
0.0012,-0.0996,0.73,-0.0318,-0.177,0.722
0.00119,-0.0996,0.73,-0.0319,-0.178,0.722
0.00119,-0.0996,0.73,-0.032,-0.178,0.722
0.00118,-0.0997,0.73,-0.032,-0.178,0.722
0.00117,-0.0997,0.73,-0.0321,-0.178,0.722
0.00116,-0.0997,0.73,-0.0321,-0.178,0.722
0.00115,-0.0997,0.73,-0.0322,-0.178,0.722
0.00114,-0.0997,0.73,-0.0323,-0.179,0.722
0.00113,-0.0998,0.73,-0.0323,-0.179,0.722
0.00112,-0.0998,0.73,-0.0324,-0.179,0.722
0.00112,-0.0998,0.73,-0.0324,-0.179,0.722
0.00111,-0.0998,0.73,-0.0325,-0.179,0.722
0.0011,-0.0999,0.73,-0.0326,-0.179,0.722
0.00109,-0.0999,0.73,-0.0326,-0.18,0.721
0.00108,-0.0999,0.73,-0.0327,-0.18,0.721
0.00107,-0.0999,0.73,-0.0327,-0.18,0.721
0.00107,-0.0999,0.73,-0.0328,-0.18,0.721
0.00106,-0.1,0.73,-0.0328,-0.18,0.721
0.00105,-0.1,0.73,-0.0329,-0.18,0.721
0.00104,-0.1,0.73,-0.0329,-0.181,0.721
0.00103,-0.1,0.73,-0.033,-0.181,0.721
0.00102,-0.1,0.73,-0.0331,-0.181,0.721
0.00102,-0.1,0.73,-0.0331,-0.181,0.721
0.00101,-0.1,0.73,-0.0332,-0.181,0.721
0.001,-0.1,0.73,-0.0332,-0.181,0.721
0.000993,-0.1,0.73,-0.0333,-0.182,0.72
0.000985,-0.1,0.73,-0.0333,-0.182,0.72
0.000977,-0.1,0.73,-0.0334,-0.182,0.72
0.000969,-0.1,0.73,-0.0334,-0.182,0.72
0.000961,-0.1,0.73,-0.0335,-0.182,0.72
0.000953,-0.1,0.73,-0.0335,-0.182,0.72
0.000945,-0.1,0.73,-0.0336,-0.183,0.72
0.000938,-0.1,0.73,-0.0336,-0.183,0.72
0.00093,-0.1,0.73,-0.0337,-0.183,0.72
0.000922,-0.1,0.73,-0.0337,-0.183,0.72
0.000915,-0.1,0.73,-0.0338,-0.183,0.72
0.000907,-0.1,0.73,-0.0338,-0.183,0.719
0.000899,-0.1,0.73,-0.0339,-0.184,0.719
0.000892,-0.1,0.73,-0.0339,-0.184,0.719
0.000884,-0.1,0.73,-0.034,-0.184,0.719
0.000877,-0.1,0.73,-0.034,-0.184,0.719
0.000869,-0.1,0.73,-0.0341,-0.184,0.719
0.000862,-0.1,0.73,-0.0341,-0.184,0.719
0.000855,-0.1,0.73,-0.0342,-0.185,0.719
0.000847,-0.1,0.73,-0.0342,-0.185,0.719
0.00084,-0.1,0.73,-0.0343,-0.185,0.719
0.000833,-0.101,0.73,-0.0343,-0.185,0.719
0.000825,-0.101,0.73,-0.0344,-0.185,0.718
0.000818,-0.101,0.73,-0.0344,-0.185,0.718
0.000811,-0.101,0.73,-0.0345,-0.186,0.718
0.000804,-0.101,0.73,-0.0345,-0.186,0.718
0.000797,-0.101,0.73,-0.0346,-0.186,0.718
0.00079,-0.101,0.73,-0.0346,-0.186,0.718
0.000783,-0.101,0.73,-0.0347,-0.186,0.718
0.000776,-0.101,0.73,-0.0347,-0.186,0.718
0.000769,-0.101,0.73,-0.0348,-0.187,0.718
0.000762,-0.101,0.73,-0.0348,-0.187,0.718
0.000755,-0.101,0.73,-0.0349,-0.187,0.718
0.000748,-0.101,0.73,-0.0349,-0.187,0.717
0.000741,-0.101,0.73,-0.0349,-0.187,0.717
0.000734,-0.101,0.73,-0.035,-0.187,0.717
0.000728,-0.101,0.73,-0.035,-0.188,0.717
0.000721,-0.101,0.73,-0.0351,-0.188,0.717
0.000714,-0.101,0.73,-0.0351,-0.188,0.717
0.000708,-0.101,0.73,-0.0352,-0.188,0.717
0.000701,-0.101,0.73,-0.0352,-0.188,0.717
0.000694,-0.101,0.73,-0.0353,-0.188,0.717
0.000688,-0.101,0.73,-0.0353,-0.189,0.717
0.000681,-0.101,0.73,-0.0353,-0.189,0.716
0.000675,-0.101,0.73,-0.0354,-0.189,0.716
0.000669,-0.101,0.73,-0.0354,-0.189,0.716
0.000662,-0.101,0.73,-0.0355,-0.189,0.716
0.000656,-0.101,0.73,-0.0355,-0.189,0.716
0.000649,-0.101,0.73,-0.0356,-0.19,0.716
0.000643,-0.101,0.73,-0.0356,-0.19,0.716
0.000637,-0.101,0.73,-0.0356,-0.19,0.716
0.000631,-0.101,0.73,-0.0357,-0.19,0.716
0.000625,-0.101,0.73,-0.0357,-0.19,0.716
0.000618,-0.101,0.73,-0.0358,-0.191,0.716
0.000612,-0.101,0.73,-0.0358,-0.191,0.715
0.000606,-0.101,0.73,-0.0358,-0.191,0.715
0.0006,-0.101,0.73,-0.0359,-0.191,0.715
0.000594,-0.101,0.73,-0.0359,-0.191,0.715
0.000588,-0.101,0.73,-0.036,-0.191,0.715
0.000582,-0.101,0.73,-0.036,-0.192,0.715
0.000576,-0.101,0.73,-0.036,-0.192,0.715
0.00057,-0.101,0.73,-0.0361,-0.192,0.715
0.000565,-0.101,0.73,-0.0361,-0.192,0.715
0.000559,-0.101,0.73,-0.0361,-0.192,0.714
0.000553,-0.101,0.73,-0.0362,-0.192,0.714
0.000547,-0.101,0.73,-0.0362,-0.193,0.714
0.000542,-0.101,0.73,-0.0363,-0.193,0.714
0.000536,-0.101,0.73,-0.0363,-0.193,0.714
0.00053,-0.101,0.73,-0.0363,-0.193,0.714
0.000525,-0.101,0.73,-0.0364,-0.193,0.714
0.000519,-0.101,0.73,-0.0364,-0.193,0.714
0.000514,-0.101,0.73,-0.0364,-0.194,0.714
0.000508,-0.101,0.73,-0.0365,-0.194,0.714
0.000503,-0.101,0.73,-0.0365,-0.194,0.713
0.000497,-0.101,0.73,-0.0366,-0.194,0.713
0.000492,-0.101,0.73,-0.0366,-0.194,0.713
0.000487,-0.101,0.73,-0.0366,-0.194,0.713
0.000481,-0.101,0.73,-0.0367,-0.195,0.713
0.000476,-0.101,0.73,-0.0367,-0.195,0.713
0.000471,-0.101,0.73,-0.0367,-0.195,0.713
0.000466,-0.101,0.73,-0.0368,-0.195,0.713
0.000461,-0.101,0.73,-0.0368,-0.195,0.713
0.000455,-0.101,0.73,-0.0368,-0.196,0.712
0.00045,-0.101,0.73,-0.0369,-0.196,0.712
0.000445,-0.101,0.73,-0.0369,-0.196,0.712
0.00044,-0.101,0.73,-0.0369,-0.196,0.712
0.000435,-0.101,0.73,-0.037,-0.196,0.712
0.00043,-0.102,0.73,-0.037,-0.196,0.712
0.000425,-0.102,0.73,-0.037,-0.197,0.712
0.000421,-0.102,0.73,-0.0371,-0.197,0.712
0.000416,-0.102,0.73,-0.0371,-0.197,0.712
0.000411,-0.102,0.73,-0.0371,-0.197,0.712
0.000406,-0.102,0.73,-0.0372,-0.197,0.711
0.000401,-0.102,0.73,-0.0372,-0.197,0.711
0.000397,-0.102,0.73,-0.0372,-0.198,0.711
0.000392,-0.102,0.73,-0.0372,-0.198,0.711
0.000387,-0.102,0.73,-0.0373,-0.198,0.711
0.000383,-0.102,0.73,-0.0373,-0.198,0.711
0.000378,-0.102,0.73,-0.0373,-0.198,0.711
0.000374,-0.102,0.73,-0.0374,-0.198,0.711
0.000369,-0.102,0.73,-0.0374,-0.199,0.711
0.000365,-0.102,0.73,-0.0374,-0.199,0.71
0.00036,-0.102,0.73,-0.0375,-0.199,0.71
0.000356,-0.102,0.73,-0.0375,-0.199,0.71
0.000351,-0.102,0.73,-0.0375,-0.199,0.71
0.000347,-0.102,0.73,-0.0375,-0.2,0.71
0.000343,-0.102,0.73,-0.0376,-0.2,0.71
0.000339,-0.102,0.73,-0.0376,-0.2,0.71
0.000334,-0.102,0.73,-0.0376,-0.2,0.71
0.00033,-0.102,0.73,-0.0376,-0.2,0.709
0.000326,-0.102,0.73,-0.0377,-0.2,0.709
0.000322,-0.102,0.73,-0.0377,-0.201,0.709
0.000318,-0.102,0.73,-0.0377,-0.201,0.709
0.000314,-0.102,0.73,-0.0377,-0.201,0.709
0.00031,-0.102,0.73,-0.0378,-0.201,0.709
0.000306,-0.102,0.73,-0.0378,-0.201,0.709
0.000302,-0.102,0.73,-0.0378,-0.201,0.709
0.000298,-0.102,0.73,-0.0378,-0.202,0.709
0.000294,-0.102,0.73,-0.0379,-0.202,0.708
0.00029,-0.102,0.73,-0.0379,-0.202,0.708
0.000286,-0.102,0.73,-0.0379,-0.202,0.708
0.000282,-0.102,0.73,-0.0379,-0.202,0.708
0.000279,-0.102,0.73,-0.038,-0.203,0.708
0.000275,-0.102,0.73,-0.038,-0.203,0.708
0.000271,-0.102,0.73,-0.038,-0.203,0.708
0.000268,-0.102,0.73,-0.038,-0.203,0.708
0.000264,-0.102,0.73,-0.038,-0.203,0.707
0.00026,-0.102,0.73,-0.0381,-0.203,0.707
0.000257,-0.102,0.73,-0.0381,-0.204,0.707
0.000253,-0.102,0.73,-0.0381,-0.204,0.707
0.00025,-0.102,0.73,-0.0381,-0.204,0.707
0.000246,-0.102,0.73,-0.0381,-0.204,0.707
0.000243,-0.102,0.73,-0.0382,-0.204,0.707
0.000239,-0.102,0.73,-0.0382,-0.204,0.707
0.000236,-0.102,0.73,-0.0382,-0.205,0.706
0.000233,-0.102,0.73,-0.0382,-0.205,0.706
0.000229,-0.102,0.73,-0.0382,-0.205,0.706
0.000226,-0.102,0.73,-0.0382,-0.205,0.706
0.000223,-0.102,0.73,-0.0383,-0.205,0.706
0.00022,-0.102,0.73,-0.0383,-0.205,0.706
0.000217,-0.102,0.73,-0.0383,-0.206,0.706
0.000213,-0.102,0.73,-0.0383,-0.206,0.706
0.00021,-0.102,0.73,-0.0383,-0.206,0.705
0.000207,-0.102,0.73,-0.0383,-0.206,0.705
0.000204,-0.102,0.73,-0.0383,-0.206,0.705
0.000201,-0.102,0.73,-0.0383,-0.206,0.705
0.000198,-0.102,0.73,-0.0384,-0.207,0.705
0.000195,-0.102,0.73,-0.0384,-0.207,0.705
0.000192,-0.102,0.73,-0.0384,-0.207,0.705
0.000189,-0.102,0.73,-0.0384,-0.207,0.704
0.000186,-0.102,0.73,-0.0384,-0.207,0.704
0.000184,-0.102,0.73,-0.0384,-0.207,0.704
0.000181,-0.102,0.73,-0.0384,-0.208,0.704
0.000178,-0.102,0.73,-0.0384,-0.208,0.704
0.000175,-0.102,0.73,-0.0385,-0.208,0.704
0.000173,-0.102,0.73,-0.0385,-0.208,0.703
0.00017,-0.102,0.73,-0.0385,-0.208,0.703
0.000167,-0.102,0.73,-0.0385,-0.208,0.703
0.000165,-0.102,0.73,-0.0385,-0.209,0.703
0.000162,-0.102,0.73,-0.0385,-0.209,0.703
0.00016,-0.102,0.73,-0.0386,-0.209,0.703
0.000157,-0.102,0.73,-0.0386,-0.209,0.703
0.000155,-0.102,0.73,-0.0386,-0.209,0.702
0.000152,-0.102,0.73,-0.0386,-0.209,0.702
0.00015,-0.102,0.73,-0.0387,-0.21,0.702
0.000147,-0.102,0.73,-0.0387,-0.21,0.702
0.000145,-0.102,0.73,-0.0387,-0.21,0.702
0.000142,-0.102,0.73,-0.0388,-0.21,0.702
0.00014,-0.102,0.73,-0.0388,-0.21,0.701
0.000138,-0.102,0.73,-0.0389,-0.21,0.701
0.000136,-0.102,0.73,-0.0389,-0.21,0.701
0.000133,-0.102,0.73,-0.039,-0.211,0.701
0.000131,-0.102,0.73,-0.039,-0.211,0.701
0.000129,-0.102,0.73,-0.0391,-0.211,0.7
0.000127,-0.102,0.73,-0.0391,-0.211,0.7
0.000125,-0.102,0.73,-0.0392,-0.211,0.7
0.000123,-0.102,0.73,-0.0393,-0.211,0.7
0.00012,-0.102,0.73,-0.0393,-0.211,0.7
0.000118,-0.102,0.73,-0.0394,-0.212,0.7
0.000116,-0.102,0.73,-0.0395,-0.212,0.699
0.000114,-0.102,0.73,-0.0395,-0.212,0.699
0.000112,-0.102,0.73,-0.0396,-0.212,0.699
0.000111,-0.102,0.73,-0.0397,-0.212,0.699
0.000109,-0.102,0.73,-0.0398,-0.212,0.699
0.000107,-0.102,0.73,-0.0398,-0.213,0.698
0.000105,-0.102,0.73,-0.0399,-0.213,0.698
0.000103,-0.102,0.73,-0.04,-0.213,0.698
0.000101,-0.102,0.73,-0.04,-0.213,0.698
9.95e-05,-0.102,0.73,-0.0401,-0.213,0.698
9.78e-05,-0.102,0.73,-0.0402,-0.213,0.698
9.61e-05,-0.102,0.73,-0.0403,-0.214,0.697
9.44e-05,-0.102,0.73,-0.0403,-0.214,0.697
9.27e-05,-0.102,0.73,-0.0404,-0.214,0.697
9.11e-05,-0.102,0.73,-0.0405,-0.214,0.697
8.95e-05,-0.102,0.73,-0.0405,-0.214,0.697
8.79e-05,-0.102,0.73,-0.0406,-0.214,0.697
8.63e-05,-0.102,0.73,-0.0407,-0.214,0.696
8.48e-05,-0.102,0.73,-0.0407,-0.215,0.696
8.33e-05,-0.102,0.73,-0.0408,-0.215,0.696
8.18e-05,-0.102,0.73,-0.0409,-0.215,0.696
8.03e-05,-0.102,0.73,-0.0409,-0.215,0.696
7.89e-05,-0.102,0.73,-0.041,-0.215,0.696
7.75e-05,-0.102,0.73,-0.041,-0.215,0.695
7.61e-05,-0.102,0.73,-0.0411,-0.216,0.695
7.47e-05,-0.102,0.73,-0.0411,-0.216,0.695
7.34e-05,-0.102,0.73,-0.0412,-0.216,0.695
7.2e-05,-0.102,0.73,-0.0412,-0.216,0.695
7.07e-05,-0.102,0.73,-0.0413,-0.216,0.695
6.95e-05,-0.102,0.73,-0.0414,-0.216,0.695
6.82e-05,-0.102,0.73,-0.0414,-0.216,0.695
6.7e-05,-0.102,0.73,-0.0414,-0.217,0.694
6.58e-05,-0.102,0.73,-0.0415,-0.217,0.694
6.46e-05,-0.102,0.73,-0.0415,-0.217,0.694
6.34e-05,-0.102,0.73,-0.0415,-0.217,0.694
6.23e-05,-0.102,0.73,-0.0416,-0.217,0.694
6.12e-05,-0.102,0.73,-0.0416,-0.217,0.694
6.01e-05,-0.102,0.73,-0.0417,-0.218,0.694
5.9e-05,-0.102,0.73,-0.0417,-0.218,0.694
5.8e-05,-0.102,0.73,-0.0417,-0.218,0.693
5.7e-05,-0.102,0.73,-0.0418,-0.218,0.693
5.59e-05,-0.102,0.73,-0.0418,-0.218,0.693
5.5e-05,-0.102,0.73,-0.0418,-0.218,0.693
5.4e-05,-0.102,0.73,-0.0418,-0.218,0.693
5.31e-05,-0.102,0.73,-0.0418,-0.219,0.693
5.21e-05,-0.102,0.73,-0.0418,-0.219,0.693
5.12e-05,-0.102,0.73,-0.0419,-0.219,0.693
5.03e-05,-0.102,0.73,-0.0419,-0.219,0.693
4.95e-05,-0.102,0.73,-0.0419,-0.219,0.692
4.86e-05,-0.102,0.73,-0.042,-0.219,0.692
4.78e-05,-0.102,0.73,-0.042,-0.219,0.692
4.7e-05,-0.102,0.73,-0.042,-0.22,0.692
4.62e-05,-0.102,0.73,-0.042,-0.22,0.692
4.55e-05,-0.102,0.73,-0.042,-0.22,0.692
4.47e-05,-0.102,0.73,-0.042,-0.22,0.692
4.4e-05,-0.102,0.73,-0.042,-0.22,0.692
4.33e-05,-0.102,0.73,-0.0421,-0.22,0.692
4.26e-05,-0.102,0.73,-0.0421,-0.221,0.692
4.19e-05,-0.102,0.73,-0.0421,-0.221,0.692
4.13e-05,-0.102,0.73,-0.0422,-0.221,0.691
4.06e-05,-0.102,0.73,-0.0422,-0.221,0.691
4e-05,-0.102,0.73,-0.0422,-0.221,0.691
3.94e-05,-0.102,0.73,-0.0422,-0.221,0.691
3.88e-05,-0.102,0.73,-0.0422,-0.221,0.691
3.82e-05,-0.102,0.73,-0.0422,-0.222,0.691
3.77e-05,-0.102,0.73,-0.0423,-0.222,0.691
3.72e-05,-0.102,0.73,-0.0424,-0.222,0.691
3.66e-05,-0.102,0.73,-0.0424,-0.222,0.691
3.61e-05,-0.102,0.73,-0.0425,-0.222,0.691
3.56e-05,-0.102,0.73,-0.0425,-0.222,0.691
3.52e-05,-0.102,0.73,-0.0425,-0.222,0.691
3.47e-05,-0.102,0.73,-0.0425,-0.223,0.691
3.43e-05,-0.102,0.73,-0.0425,-0.223,0.691
3.38e-05,-0.102,0.73,-0.0425,-0.223,0.691
3.34e-05,-0.102,0.73,-0.0426,-0.223,0.69
3.3e-05,-0.102,0.73,-0.0427,-0.223,0.69
3.26e-05,-0.102,0.73,-0.0428,-0.223,0.69
3.23e-05,-0.102,0.73,-0.0428,-0.224,0.69
3.19e-05,-0.102,0.73,-0.0428,-0.224,0.69
3.16e-05,-0.102,0.73,-0.0428,-0.224,0.69
3.12e-05,-0.102,0.73,-0.0427,-0.224,0.69
3.09e-05,-0.102,0.73,-0.0427,-0.224,0.69
3.06e-05,-0.102,0.73,-0.0427,-0.224,0.69
3.03e-05,-0.102,0.73,-0.0428,-0.225,0.69
3e-05,-0.102,0.73,-0.043,-0.225,0.69
2.98e-05,-0.102,0.73,-0.0431,-0.225,0.69
2.95e-05,-0.102,0.73,-0.0433,-0.225,0.69
2.93e-05,-0.102,0.73,-0.0433,-0.225,0.69
2.9e-05,-0.102,0.73,-0.0434,-0.225,0.69
2.88e-05,-0.102,0.73,-0.0433,-0.225,0.69
2.86e-05,-0.102,0.73,-0.0433,-0.226,0.69
2.84e-05,-0.102,0.73,-0.0432,-0.226,0.69
2.82e-05,-0.102,0.73,-0.0432,-0.226,0.69
2.8e-05,-0.102,0.73,-0.0433,-0.226,0.69
2.78e-05,-0.102,0.73,-0.0435,-0.226,0.69
2.77e-05,-0.102,0.73,-0.0436,-0.226,0.69
2.75e-05,-0.102,0.73,-0.0438,-0.227,0.69
2.74e-05,-0.102,0.73,-0.0439,-0.227,0.689
2.73e-05,-0.102,0.73,-0.0439,-0.227,0.689
2.71e-05,-0.102,0.73,-0.0439,-0.227,0.689
2.7e-05,-0.102,0.73,-0.0439,-0.227,0.689
2.69e-05,-0.102,0.73,-0.0438,-0.227,0.689
2.68e-05,-0.102,0.73,-0.0438,-0.228,0.689
2.67e-05,-0.102,0.73,-0.0439,-0.228,0.689
2.66e-05,-0.102,0.73,-0.0441,-0.228,0.689
2.65e-05,-0.102,0.73,-0.0443,-0.228,0.689
2.65e-05,-0.102,0.73,-0.0444,-0.228,0.689
2.64e-05,-0.102,0.73,-0.0446,-0.228,0.689
2.63e-05,-0.102,0.73,-0.0446,-0.228,0.689
2.63e-05,-0.102,0.73,-0.0447,-0.229,0.689
2.62e-05,-0.102,0.73,-0.0446,-0.229,0.689
2.62e-05,-0.102,0.73,-0.0446,-0.229,0.689
2.61e-05,-0.102,0.73,-0.0446,-0.229,0.689
2.61e-05,-0.102,0.73,-0.0446,-0.229,0.689
2.61e-05,-0.102,0.73,-0.0448,-0.229,0.689
2.6e-05,-0.102,0.73,-0.045,-0.229,0.689
2.6e-05,-0.102,0.73,-0.0452,-0.229,0.689
2.6e-05,-0.102,0.73,-0.0453,-0.23,0.689
2.6e-05,-0.102,0.73,-0.0454,-0.23,0.689
2.6e-05,-0.102,0.73,-0.0454,-0.23,0.689
2.6e-05,-0.102,0.73,-0.0454,-0.23,0.689
2.59e-05,-0.102,0.73,-0.0453,-0.23,0.689
2.59e-05,-0.102,0.73,-0.0453,-0.23,0.689
2.59e-05,-0.102,0.73,-0.0454,-0.231,0.689
2.59e-05,-0.102,0.73,-0.0455,-0.231,0.688
2.59e-05,-0.102,0.73,-0.0457,-0.231,0.688
2.59e-05,-0.102,0.73,-0.0459,-0.231,0.688
-0.0702,-0.0187,0.7,-0.0702,-0.0187,0.7
-0.0702,-0.0187,0.7,-0.0703,-0.0189,0.7
-0.0702,-0.0187,0.7,-0.0703,-0.0192,0.7
-0.0702,-0.0187,0.7,-0.0703,-0.0194,0.701
-0.0702,-0.0187,0.7,-0.0703,-0.0196,0.701
-0.0702,-0.0187,0.7,-0.0703,-0.0199,0.701
-0.0702,-0.0187,0.7,-0.0703,-0.0201,0.701
-0.0702,-0.0187,0.7,-0.0702,-0.0203,0.701
-0.0702,-0.0187,0.7,-0.0701,-0.0205,0.701
-0.0702,-0.0187,0.7,-0.0701,-0.0208,0.701
-0.0702,-0.0187,0.7,-0.07,-0.021,0.701
-0.0702,-0.0187,0.7,-0.07,-0.0213,0.701
-0.0702,-0.0187,0.7,-0.0699,-0.0216,0.701
-0.0702,-0.0187,0.7,-0.0699,-0.022,0.701
-0.0702,-0.0187,0.7,-0.0699,-0.0224,0.701
-0.0702,-0.0187,0.7,-0.0699,-0.0228,0.701
-0.0702,-0.0187,0.7,-0.0698,-0.0232,0.701
-0.0702,-0.0187,0.7,-0.0697,-0.0237,0.701
-0.0702,-0.0187,0.7,-0.0697,-0.0242,0.7
-0.0702,-0.0187,0.7,-0.0696,-0.0246,0.7
-0.0702,-0.0187,0.7,-0.0695,-0.0251,0.7
-0.0702,-0.0187,0.7,-0.0694,-0.0256,0.7
-0.0702,-0.0187,0.7,-0.0692,-0.0261,0.7
-0.0702,-0.0187,0.7,-0.0691,-0.0267,0.7
-0.0702,-0.0187,0.7,-0.069,-0.0272,0.7
-0.0702,-0.0187,0.7,-0.0688,-0.0278,0.7
-0.0702,-0.0187,0.7,-0.0687,-0.0284,0.7
-0.0702,-0.0187,0.7,-0.0685,-0.0289,0.7
-0.0702,-0.0187,0.7,-0.0683,-0.0295,0.7
-0.0702,-0.0187,0.7,-0.0682,-0.03,0.7
-0.0702,-0.0187,0.7,-0.068,-0.0305,0.7
-0.0702,-0.0187,0.7,-0.0678,-0.031,0.7
-0.0702,-0.0187,0.7,-0.0676,-0.0316,0.7
-0.0702,-0.0187,0.7,-0.0674,-0.0321,0.7
-0.0702,-0.0187,0.7,-0.0672,-0.0327,0.7
-0.0702,-0.0187,0.7,-0.0669,-0.0333,0.7
-0.0702,-0.0187,0.7,-0.0667,-0.0339,0.7
-0.0702,-0.0187,0.7,-0.0664,-0.0345,0.7
-0.0702,-0.0187,0.7,-0.0662,-0.0351,0.699
-0.0702,-0.0187,0.7,-0.0659,-0.0356,0.699
-0.0702,-0.0187,0.7,-0.0656,-0.0361,0.699
-0.0702,-0.0187,0.7,-0.0654,-0.0367,0.699
-0.0702,-0.0187,0.7,-0.0651,-0.0373,0.699
-0.0702,-0.0187,0.7,-0.0648,-0.0378,0.699
-0.0702,-0.0186,0.7,-0.0645,-0.0384,0.699
-0.0702,-0.0186,0.7,-0.0641,-0.0391,0.699
-0.0702,-0.0186,0.7,-0.0638,-0.0397,0.699
-0.0702,-0.0186,0.7,-0.0635,-0.0403,0.699
-0.0702,-0.0186,0.7,-0.0631,-0.0409,0.699
-0.0702,-0.0186,0.7,-0.0628,-0.0415,0.699
-0.0702,-0.0186,0.7,-0.0624,-0.0421,0.699
-0.0702,-0.0186,0.7,-0.0621,-0.0426,0.699
-0.0702,-0.0186,0.7,-0.0617,-0.0432,0.699
-0.0702,-0.0186,0.7,-0.0614,-0.0438,0.699
-0.0702,-0.0186,0.7,-0.061,-0.0445,0.699
-0.0702,-0.0186,0.7,-0.0606,-0.0451,0.699
-0.0702,-0.0186,0.7,-0.0601,-0.0457,0.699
-0.0702,-0.0186,0.7,-0.0597,-0.0464,0.699
-0.0702,-0.0186,0.7,-0.0593,-0.0469,0.699
-0.0702,-0.0186,0.7,-0.0589,-0.0475,0.699
-0.0702,-0.0186,0.7,-0.0585,-0.0481,0.699
-0.0702,-0.0186,0.7,-0.0581,-0.0486,0.699
-0.0702,-0.0185,0.7,-0.0577,-0.0492,0.699
-0.0701,-0.0185,0.7,-0.0573,-0.0498,0.699
-0.0701,-0.0185,0.7,-0.0569,-0.0504,0.699
-0.0701,-0.0185,0.7,-0.0564,-0.051,0.699
-0.0701,-0.0185,0.7,-0.056,-0.0516,0.699
-0.0701,-0.0185,0.7,-0.0555,-0.0522,0.699
-0.0701,-0.0185,0.7,-0.055,-0.0528,0.699
-0.0701,-0.0185,0.7,-0.0546,-0.0533,0.699
-0.0701,-0.0185,0.7,-0.0542,-0.0539,0.699
-0.0701,-0.0185,0.7,-0.0538,-0.0544,0.699
-0.0701,-0.0185,0.7,-0.0533,-0.0549,0.699
-0.0701,-0.0185,0.7,-0.0529,-0.0555,0.699
-0.0701,-0.0184,0.7,-0.0524,-0.0561,0.699
-0.0701,-0.0184,0.7,-0.0519,-0.0566,0.699
-0.0701,-0.0184,0.7,-0.0514,-0.0572,0.699
-0.0701,-0.0184,0.7,-0.0509,-0.0577,0.699
-0.0701,-0.0184,0.7,-0.0504,-0.0583,0.699
-0.0701,-0.0184,0.7,-0.0499,-0.0588,0.699
-0.0701,-0.0184,0.7,-0.0494,-0.0593,0.699
-0.0701,-0.0184,0.7,-0.049,-0.0598,0.699
-0.0701,-0.0183,0.7,-0.0485,-0.0602,0.699
-0.0701,-0.0183,0.7,-0.048,-0.0607,0.699
-0.07,-0.0183,0.7,-0.0475,-0.0612,0.699
-0.07,-0.0183,0.7,-0.047,-0.0617,0.699
-0.07,-0.0183,0.7,-0.0464,-0.0622,0.699
-0.07,-0.0183,0.7,-0.0459,-0.0626,0.699
-0.07,-0.0183,0.7,-0.0454,-0.0631,0.699
-0.07,-0.0183,0.7,-0.0448,-0.0635,0.699
-0.07,-0.0182,0.7,-0.0443,-0.064,0.699
-0.07,-0.0182,0.7,-0.0438,-0.0644,0.699
-0.07,-0.0182,0.7,-0.0433,-0.0648,0.699
-0.07,-0.0182,0.7,-0.0428,-0.0652,0.699
-0.07,-0.0182,0.7,-0.0423,-0.0656,0.699
-0.07,-0.0182,0.7,-0.0417,-0.066,0.699
-0.07,-0.0181,0.7,-0.0412,-0.0664,0.699
-0.07,-0.0181,0.7,-0.0406,-0.0668,0.699
-0.0699,-0.0181,0.7,-0.04,-0.0672,0.699
-0.0699,-0.0181,0.7,-0.0395,-0.0676,0.699
-0.0699,-0.0181,0.7,-0.0389,-0.0679,0.699
-0.0699,-0.0181,0.7,-0.0384,-0.0682,0.699
-0.0699,-0.018,0.7,-0.0379,-0.0686,0.699
-0.0699,-0.018,0.7,-0.0373,-0.0689,0.7
-0.0699,-0.018,0.7,-0.0368,-0.0692,0.7
-0.0699,-0.018,0.7,-0.0362,-0.0696,0.7
-0.0699,-0.018,0.7,-0.0356,-0.0699,0.7
-0.0699,-0.0179,0.7,-0.035,-0.0702,0.7
-0.0699,-0.0179,0.7,-0.0344,-0.0705,0.7
-0.0698,-0.0179,0.7,-0.0338,-0.0708,0.7
-0.0698,-0.0179,0.7,-0.0333,-0.0711,0.7
-0.0698,-0.0179,0.7,-0.0327,-0.0714,0.7
-0.0698,-0.0178,0.7,-0.0321,-0.0717,0.7
-0.0698,-0.0178,0.7,-0.0316,-0.0719,0.7
-0.0698,-0.0178,0.7,-0.031,-0.0722,0.7
-0.0698,-0.0178,0.7,-0.0304,-0.0725,0.7
-0.0698,-0.0177,0.7,-0.0297,-0.0727,0.7
-0.0698,-0.0177,0.7,-0.0291,-0.073,0.7
-0.0698,-0.0177,0.7,-0.0285,-0.0732,0.7
-0.0697,-0.0177,0.7,-0.0279,-0.0734,0.701
-0.0697,-0.0176,0.7,-0.0273,-0.0737,0.701
-0.0697,-0.0176,0.7,-0.0267,-0.0739,0.701
-0.0697,-0.0176,0.7,-0.0261,-0.0741,0.701
-0.0697,-0.0176,0.7,-0.0256,-0.0743,0.701
-0.0697,-0.0175,0.7,-0.025,-0.0745,0.701
-0.0697,-0.0175,0.7,-0.0243,-0.0747,0.701
-0.0697,-0.0175,0.7,-0.0237,-0.0749,0.701
-0.0696,-0.0175,0.7,-0.0231,-0.0751,0.701
-0.0696,-0.0174,0.7,-0.0225,-0.0753,0.701
-0.0696,-0.0174,0.7,-0.0219,-0.0754,0.701
-0.0696,-0.0174,0.7,-0.0213,-0.0756,0.701
-0.0696,-0.0173,0.7,-0.0208,-0.0758,0.701
-0.0696,-0.0173,0.7,-0.0203,-0.0759,0.701
-0.0696,-0.0173,0.7,-0.0197,-0.0761,0.701
-0.0695,-0.0172,0.7,-0.0191,-0.0762,0.702
-0.0695,-0.0172,0.7,-0.0186,-0.0764,0.702
-0.0695,-0.0172,0.7,-0.018,-0.0765,0.702
-0.0695,-0.0172,0.7,-0.0174,-0.0766,0.702
-0.0695,-0.0171,0.7,-0.0168,-0.0768,0.702
-0.0695,-0.0171,0.701,-0.0163,-0.0769,0.702
-0.0695,-0.0171,0.701,-0.0158,-0.077,0.702
-0.0694,-0.017,0.701,-0.0153,-0.0771,0.702
-0.0694,-0.017,0.701,-0.0148,-0.0772,0.702
-0.0694,-0.017,0.701,-0.0143,-0.0773,0.702
-0.0694,-0.0169,0.701,-0.0138,-0.0774,0.702
-0.0694,-0.0169,0.701,-0.0133,-0.0775,0.702
-0.0694,-0.0168,0.701,-0.0127,-0.0776,0.702
-0.0693,-0.0168,0.701,-0.0122,-0.0777,0.702
-0.0693,-0.0168,0.701,-0.0117,-0.0778,0.702
-0.0693,-0.0167,0.701,-0.0112,-0.0779,0.702
-0.0693,-0.0167,0.701,-0.0107,-0.078,0.702
-0.0693,-0.0167,0.701,-0.0103,-0.0781,0.702
-0.0693,-0.0166,0.701,-0.00987,-0.0782,0.703
-0.0692,-0.0166,0.701,-0.00944,-0.0783,0.703
-0.0692,-0.0166,0.701,-0.009,-0.0783,0.703
-0.0692,-0.0165,0.701,-0.00855,-0.0784,0.703
-0.0692,-0.0165,0.701,-0.0081,-0.0785,0.703
-0.0692,-0.0164,0.701,-0.00766,-0.0786,0.703
-0.0691,-0.0164,0.701,-0.00726,-0.0787,0.703
-0.0691,-0.0163,0.701,-0.00689,-0.0788,0.703
-0.0691,-0.0163,0.701,-0.00656,-0.0789,0.703
-0.0691,-0.0163,0.701,-0.00625,-0.079,0.703
-0.0691,-0.0162,0.701,-0.00597,-0.0791,0.703
-0.069,-0.0162,0.701,-0.00567,-0.0792,0.703
-0.069,-0.0161,0.701,-0.00536,-0.0793,0.703
-0.069,-0.0161,0.701,-0.00504,-0.0794,0.703
-0.069,-0.016,0.701,-0.0047,-0.0795,0.703
-0.069,-0.016,0.701,-0.00439,-0.0796,0.703
-0.0689,-0.016,0.701,-0.0041,-0.0797,0.703
-0.0689,-0.0159,0.701,-0.00385,-0.0798,0.703
-0.0689,-0.0159,0.701,-0.00363,-0.0799,0.703
-0.0689,-0.0158,0.701,-0.00344,-0.0801,0.703
-0.0689,-0.0158,0.701,-0.00326,-0.0802,0.703
-0.0688,-0.0157,0.701,-0.00306,-0.0803,0.703
-0.0688,-0.0157,0.701,-0.00285,-0.0804,0.703
-0.0688,-0.0156,0.701,-0.00263,-0.0805,0.703
-0.0688,-0.0156,0.701,-0.00239,-0.0806,0.703
-0.0687,-0.0155,0.701,-0.00216,-0.0807,0.703
-0.0687,-0.0155,0.701,-0.00195,-0.0808,0.703
-0.0687,-0.0154,0.701,-0.00178,-0.0809,0.703
-0.0687,-0.0154,0.701,-0.00164,-0.0811,0.703
-0.0687,-0.0153,0.701,-0.00152,-0.0812,0.703
-0.0686,-0.0153,0.701,-0.00141,-0.0813,0.703
-0.0686,-0.0152,0.701,-0.00128,-0.0814,0.703
-0.0686,-0.0152,0.701,-0.00113,-0.0815,0.703
-0.0686,-0.0151,0.701,-0.00096,-0.0816,0.703
-0.0685,-0.0151,0.701,-0.000777,-0.0817,0.703
-0.0685,-0.015,0.701,-0.0006,-0.0818,0.703
-0.0685,-0.015,0.701,-0.000448,-0.0819,0.703
-0.0685,-0.0149,0.701,-0.000323,-0.082,0.703
-0.0684,-0.0149,0.701,-0.000225,-0.0821,0.703
-0.0684,-0.0148,0.701,-0.00015,-0.0822,0.703
-0.0684,-0.0147,0.701,-7.92e-05,-0.0823,0.703
-0.0684,-0.0147,0.701,4.14e-06,-0.0824,0.703
-0.0683,-0.0146,0.701,0.000105,-0.0825,0.703
-0.0683,-0.0146,0.701,0.000222,-0.0826,0.703
-0.0683,-0.0145,0.701,0.000352,-0.0827,0.703
-0.0682,-0.0145,0.701,0.000474,-0.0828,0.704
-0.0682,-0.0144,0.701,0.000567,-0.083,0.704
-0.0682,-0.0143,0.701,0.000628,-0.0831,0.704
-0.0682,-0.0143,0.701,0.000657,-0.0832,0.704
-0.0681,-0.0142,0.701,0.000659,-0.0833,0.704
-0.0681,-0.0142,0.701,0.000658,-0.0834,0.704
-0.0681,-0.0141,0.701,0.000671,-0.0835,0.704
-0.068,-0.014,0.701,0.000701,-0.0836,0.704
