-2.68e-06,-0.205,3.73e-06,-2.68e-06,-0.205,3.73e-06
-2.68e-06,-0.205,3.73e-06,-2.63e-06,-0.205,3.73e-06
-2.68e-06,-0.205,3.73e-06,-2.63e-06,-0.205,3.73e-06
-2.68e-06,-0.205,3.73e-06,-2.6e-06,-0.205,3.73e-06
-2.68e-06,-0.205,3.73e-06,-2.58e-06,-0.205,3.73e-06
-2.68e-06,-0.205,3.73e-06,-2.58e-06,-0.205,3.74e-06
-2.68e-06,-0.205,3.73e-06,-2.56e-06,-0.205,3.74e-06
-2.68e-06,-0.205,3.73e-06,-2.54e-06,-0.205,3.74e-06
-2.68e-06,-0.205,3.73e-06,-2.53e-06,-0.205,3.75e-06
-2.68e-06,-0.205,3.73e-06,-2.5e-06,-0.205,3.75e-06
-2.68e-06,-0.205,3.73e-06,-2.49e-06,-0.205,3.75e-06
-2.68e-06,-0.205,3.73e-06,-2.48e-06,-0.205,3.76e-06
-2.68e-06,-0.205,3.73e-06,-2.46e-06,-0.205,3.76e-06
-2.68e-06,-0.205,3.73e-06,-2.43e-06,-0.205,3.76e-06
-2.68e-06,-0.205,3.73e-06,-2.43e-06,-0.205,3.77e-06
-2.68e-06,-0.205,3.73e-06,-2.42e-06,-0.205,3.77e-06
-2.68e-06,-0.205,3.73e-06,-2.41e-06,-0.205,3.78e-06
-2.68e-06,-0.205,3.73e-06,-2.38e-06,-0.205,3.78e-06
-2.68e-06,-0.205,3.73e-06,-2.38e-06,-0.205,3.78e-06
-2.68e-06,-0.205,3.73e-06,-2.37e-06,-0.205,3.79e-06
-2.68e-06,-0.205,3.73e-06,-2.35e-06,-0.205,3.79e-06
-2.68e-06,-0.205,3.73e-06,-2.34e-06,-0.205,3.8e-06
-2.68e-06,-0.205,3.73e-06,-2.32e-06,-0.205,3.8e-06
-2.68e-06,-0.205,3.73e-06,-2.32e-06,-0.205,3.8e-06
-2.68e-06,-0.205,3.73e-06,-2.3e-06,-0.205,3.81e-06
-2.68e-06,-0.205,3.73e-06,-2.3e-06,-0.205,3.82e-06
-2.68e-06,-0.205,3.73e-06,-2.27e-06,-0.205,3.81e-06
-2.68e-06,-0.205,3.73e-06,-2.29e-06,-0.205,3.83e-06
-2.68e-06,-0.205,3.73e-06,-2.26e-06,-0.205,3.83e-06
-2.68e-06,-0.205,3.73e-06,-2.24e-06,-0.205,3.83e-06
-2.68e-06,-0.205,3.73e-06,-2.25e-06,-0.205,3.84e-06
-2.68e-06,-0.205,3.73e-06,-2.22e-06,-0.205,3.84e-06
-2.68e-06,-0.205,3.73e-06,-2.23e-06,-0.205,3.85e-06
-2.68e-06,-0.205,3.73e-06,-2.22e-06,-0.205,3.86e-06
-2.68e-06,-0.205,3.73e-06,-2.22e-06,-0.205,3.87e-06
-2.68e-06,-0.205,3.73e-06,-2.18e-06,-0.205,3.87e-06
-2.68e-06,-0.205,3.73e-06,-2.2e-06,-0.205,3.88e-06
-2.68e-06,-0.205,3.73e-06,-2.18e-06,-0.205,3.88e-06
-2.68e-06,-0.205,3.73e-06,-2.15e-06,-0.205,3.88e-06
-2.68e-06,-0.205,3.73e-06,-2.15e-06,-0.205,3.89e-06
-2.68e-06,-0.205,3.73e-06,-2.13e-06,-0.205,3.9e-06
-2.68e-06,-0.205,3.73e-06,-2.14e-06,-0.205,3.91e-06
-2.68e-06,-0.205,3.73e-06,-2.13e-06,-0.205,3.92e-06
-2.68e-06,-0.205,3.73e-06,-2.11e-06,-0.205,3.92e-06
-2.68e-06,-0.205,3.73e-06,-2.12e-06,-0.205,3.94e-06
-2.68e-06,-0.205,3.73e-06,-2.11e-06,-0.205,3.94e-06
-2.68e-06,-0.205,3.73e-06,-2.1e-06,-0.205,3.95e-06
-2.68e-06,-0.205,3.73e-06,-2.08e-06,-0.205,3.95e-06
-2.68e-06,-0.205,3.73e-06,-2.08e-06,-0.205,3.96e-06
-2.68e-06,-0.205,3.73e-06,-2.08e-06,-0.205,3.97e-06
-2.68e-06,-0.205,3.73e-06,-2.08e-06,-0.205,3.99e-06
-2.68e-06,-0.205,3.73e-06,-2.08e-06,-0.205,4e-06
-2.68e-06,-0.205,3.73e-06,-2.04e-06,-0.205,4e-06
-2.68e-06,-0.205,3.73e-06,-2.04e-06,-0.205,4.01e-06
-2.68e-06,-0.205,3.73e-06,-2.02e-06,-0.205,4.02e-06
-2.68e-06,-0.205,3.73e-06,-2.04e-06,-0.205,4.04e-06
-2.68e-06,-0.205,3.73e-06,-2.03e-06,-0.205,4.05e-06
-2.68e-06,-0.205,3.73e-06,-2.03e-06,-0.205,4.06e-06
-2.68e-06,-0.205,3.73e-06,-2.03e-06,-0.205,4.07e-06
-2.68e-06,-0.205,3.73e-06,-2e-06,-0.205,4.08e-06
-2.68e-06,-0.205,3.73e-06,-2e-06,-0.205,4.1e-06
-2.68e-06,-0.205,3.73e-06,-2e-06,-0.205,4.11e-06
-2.68e-06,-0.205,3.73e-06,-2e-06,-0.205,4.13e-06
-2.68e-06,-0.205,3.73e-06,-2e-06,-0.205,4.14e-06
-2.68e-06,-0.205,3.73e-06,-1.98e-06,-0.205,4.15e-06
-2.68e-06,-0.205,3.73e-06,-1.98e-06,-0.205,4.17e-06
-2.68e-06,-0.205,3.73e-06,-1.98e-06,-0.205,4.19e-06
-2.68e-06,-0.205,3.73e-06,-1.96e-06,-0.205,4.2e-06
-2.68e-06,-0.205,3.73e-06,-1.96e-06,-0.205,4.22e-06
-2.68e-06,-0.205,3.73e-06,-1.96e-06,-0.205,4.24e-06
-2.68e-06,-0.205,3.73e-06,-1.97e-06,-0.205,4.26e-06
-2.68e-06,-0.205,3.73e-06,-1.97e-06,-0.205,4.28e-06
-2.68e-06,-0.205,3.73e-06,-1.96e-06,-0.205,4.3e-06
-2.68e-06,-0.205,3.73e-06,-1.94e-06,-0.205,4.32e-06
-2.68e-06,-0.205,3.73e-06,-1.94e-06,-0.205,4.34e-06
-2.68e-06,-0.205,3.73e-06,-1.94e-06,-0.205,4.36e-06
-2.68e-06,-0.205,3.73e-06,-1.93e-06,-0.205,4.38e-06
-2.68e-06,-0.205,3.73e-06,-1.93e-06,-0.205,4.41e-06
-2.68e-06,-0.205,3.73e-06,-1.93e-06,-0.205,4.43e-06
-2.68e-06,-0.205,3.73e-06,-1.91e-06,-0.205,4.45e-06
-2.68e-06,-0.205,3.73e-06,-1.91e-06,-0.205,4.48e-06
-2.68e-06,-0.205,3.73e-06,-1.91e-06,-0.205,4.5e-06
-2.68e-06,-0.205,3.73e-06,-1.91e-06,-0.205,4.53e-06
-2.68e-06,-0.205,3.73e-06,-1.92e-06,-0.205,4.56e-06
-2.68e-06,-0.205,3.73e-06,-1.92e-06,-0.205,4.59e-06
-2.68e-06,-0.205,3.73e-06,-1.9e-06,-0.205,4.62e-06
-2.68e-06,-0.205,3.73e-06,-1.91e-06,-0.205,4.65e-06
-2.68e-06,-0.205,3.73e-06,-1.91e-06,-0.205,4.68e-06
-2.68e-06,-0.205,3.73e-06,-1.91e-06,-0.205,4.72e-06
-2.68e-06,-0.205,3.73e-06,-1.89e-06,-0.205,4.74e-06
-2.68e-06,-0.205,3.73e-06,-1.89e-06,-0.205,4.78e-06
-2.68e-06,-0.205,3.73e-06,-1.9e-06,-0.205,4.82e-06
-2.68e-06,-0.205,3.73e-06,-1.88e-06,-0.205,4.85e-06
-2.68e-06,-0.205,3.73e-06,-1.88e-06,-0.205,4.89e-06
-2.68e-06,-0.205,3.73e-06,-1.89e-06,-0.205,4.93e-06
-2.68e-06,-0.205,3.73e-06,-1.9e-06,-0.205,4.97e-06
-2.68e-06,-0.205,3.73e-06,-1.88e-06,-0.205,5e-06
-2.68e-06,-0.205,3.73e-06,-1.88e-06,-0.205,5.04e-06
-2.68e-06,-0.205,3.73e-06,-1.88e-06,-0.205,5.09e-06
-2.68e-06,-0.205,3.73e-06,-1.89e-06,-0.205,5.13e-06
-2.68e-06,-0.205,3.73e-06,-1.87e-06,-0.205,5.17e-06
-2.68e-06,-0.205,3.73e-06,-1.88e-06,-0.205,5.22e-06
-2.68e-06,-0.205,3.73e-06,-1.87e-06,-0.205,5.27e-06
-2.68e-06,-0.205,3.73e-06,-1.88e-06,-0.205,5.32e-06
-2.68e-06,-0.205,3.73e-06,-1.87e-06,-0.205,5.36e-06
-2.68e-06,-0.205,3.73e-06,-1.87e-06,-0.205,5.42e-06
-2.68e-06,-0.205,3.73e-06,-1.87e-06,-0.205,5.47e-06
-2.68e-06,-0.205,3.73e-06,-1.88e-06,-0.205,5.53e-06
-2.68e-06,-0.205,3.73e-06,-1.86e-06,-0.205,5.57e-06
-2.68e-06,-0.205,3.73e-06,-1.86e-06,-0.205,5.63e-06
-2.68e-06,-0.205,3.73e-06,-1.87e-06,-0.205,5.69e-06
-2.68e-06,-0.205,3.73e-06,-1.87e-06,-0.205,5.75e-06
-2.68e-06,-0.205,3.73e-06,-1.85e-06,-0.205,5.81e-06
-2.68e-06,-0.205,3.73e-06,-1.86e-06,-0.205,5.87e-06
-2.68e-06,-0.205,3.73e-06,-1.86e-06,-0.205,5.94e-06
-2.68e-06,-0.205,3.73e-06,-1.88e-06,-0.205,6e-06
-2.68e-06,-0.205,3.73e-06,-1.87e-06,-0.205,6.06e-06
-2.68e-06,-0.205,3.73e-06,-1.87e-06,-0.205,6.13e-06
-2.68e-06,-0.205,3.73e-06,-1.88e-06,-0.205,6.2e-06
-2.68e-06,-0.205,3.73e-06,-1.87e-06,-0.205,6.27e-06
-2.68e-06,-0.205,3.73e-06,-1.87e-06,-0.205,6.34e-06
-2.68e-06,-0.205,3.73e-06,-1.9e-06,-0.205,6.43e-06
-2.68e-06,-0.205,3.73e-06,-1.88e-06,-0.205,6.5e-06
-2.68e-06,-0.205,3.73e-06,-1.89e-06,-0.205,6.58e-06
-2.68e-06,-0.205,3.73e-06,-1.89e-06,-0.205,6.66e-06
-2.68e-06,-0.205,3.73e-06,-1.89e-06,-0.205,6.73e-06
-2.68e-06,-0.205,3.73e-06,-1.89e-06,-0.205,6.82e-06
-2.68e-06,-0.205,3.73e-06,-1.91e-06,-0.205,6.9e-06
-2.68e-06,-0.205,3.73e-06,-1.9e-06,-0.205,6.98e-06
-2.68e-06,-0.205,3.73e-06,-1.9e-06,-0.205,7.07e-06
-2.68e-06,-0.205,3.73e-06,-1.91e-06,-0.205,7.17e-06
-2.68e-06,-0.205,3.73e-06,-1.9e-06,-0.205,7.25e-06
-2.68e-06,-0.205,3.73e-06,-1.91e-06,-0.205,7.35e-06
-2.68e-06,-0.205,3.73e-06,-1.91e-06,-0.205,7.44e-06
-2.68e-06,-0.205,3.73e-06,-1.9e-06,-0.205,7.54e-06
-2.68e-06,-0.205,3.73e-06,-1.92e-06,-0.205,7.64e-06
-2.68e-06,-0.205,3.73e-06,-1.92e-06,-0.205,7.74e-06
-2.68e-06,-0.205,3.73e-06,-1.92e-06,-0.205,7.84e-06
-2.68e-06,-0.205,3.73e-06,-1.92e-06,-0.205,7.95e-06
-2.68e-06,-0.205,3.73e-06,-1.93e-06,-0.205,8.05e-06
-2.68e-06,-0.205,3.73e-06,-1.92e-06,-0.205,8.16e-06
-2.68e-06,-0.205,3.73e-06,-1.93e-06,-0.205,8.27e-06
-2.68e-06,-0.205,3.73e-06,-1.95e-06,-0.205,8.39e-06
-2.68e-06,-0.205,3.73e-06,-1.93e-06,-0.205,8.5e-06
-2.68e-06,-0.205,3.73e-06,-1.95e-06,-0.205,8.62e-06
-2.68e-06,-0.205,3.73e-06,-1.95e-06,-0.205,8.74e-06
-2.68e-06,-0.205,3.73e-06,-1.95e-06,-0.205,8.86e-06
-2.68e-06,-0.205,3.73e-06,-1.95e-06,-0.205,8.98e-06
-2.68e-06,-0.205,3.73e-06,-1.97e-06,-0.205,9.11e-06
-2.68e-06,-0.205,3.73e-06,-1.96e-06,-0.205,9.24e-06
-2.68e-06,-0.205,3.73e-06,-1.97e-06,-0.205,9.37e-06
-2.68e-06,-0.205,3.73e-06,-1.98e-06,-0.205,9.51e-06
-2.68e-06,-0.205,3.73e-06,-1.97e-06,-0.205,9.64e-06
-2.68e-06,-0.205,3.73e-06,-1.98e-06,-0.205,9.78e-06
-2.68e-06,-0.205,3.73e-06,-2e-06,-0.205,9.92e-06
-2.68e-06,-0.205,3.73e-06,-1.99e-06,-0.205,1.01e-05
-2.68e-06,-0.205,3.73e-06,-2e-06,-0.205,1.02e-05
-2.68e-06,-0.205,3.73e-06,-2.01e-06,-0.205,1.04e-05
-2.68e-06,-0.205,3.73e-06,-1.99e-06,-0.205,1.05e-05
-2.68e-06,-0.205,3.73e-06,-2.02e-06,-0.205,1.07e-05
-2.68e-06,-0.205,3.73e-06,-2.03e-06,-0.205,1.08e-05
-2.68e-06,-0.205,3.73e-06,-2.02e-06,-0.205,1.1e-05
-2.68e-06,-0.205,3.73e-06,-2.04e-06,-0.205,1.11e-05
-2.68e-06,-0.205,3.73e-06,-2.06e-06,-0.205,1.13e-05
-2.68e-06,-0.205,3.73e-06,-2.04e-06,-0.205,1.15e-05
-2.68e-06,-0.205,3.73e-06,-2.05e-06,-0.205,1.16e-05
-2.68e-06,-0.205,3.73e-06,-2.07e-06,-0.205,1.18e-05
-2.68e-06,-0.205,3.73e-06,-2.07e-06,-0.205,1.2e-05
-2.68e-06,-0.205,3.73e-06,-2.08e-06,-0.205,1.22e-05
-2.68e-06,-0.205,3.73e-06,-2.07e-06,-0.205,1.23e-05
-2.68e-06,-0.205,3.73e-06,-2.09e-06,-0.205,1.25e-05
-2.68e-06,-0.205,3.73e-06,-2.11e-06,-0.205,1.27e-05
-2.68e-06,-0.205,3.73e-06,-2.1e-06,-0.205,1.29e-05
-2.68e-06,-0.205,3.73e-06,-2.11e-06,-0.205,1.31e-05
-2.68e-06,-0.205,3.73e-06,-2.12e-06,-0.205,1.33e-05
-2.68e-06,-0.205,3.73e-06,-2.13e-06,-0.205,1.35e-05
-2.68e-06,-0.205,3.73e-06,-2.14e-06,-0.205,1.37e-05
-2.68e-06,-0.205,3.73e-06,-2.15e-06,-0.205,1.39e-05
-2.68e-06,-0.205,3.73e-06,-2.15e-06,-0.205,1.41e-05
-2.68e-06,-0.205,3.73e-06,-2.17e-06,-0.205,1.43e-05
-2.68e-06,-0.205,3.73e-06,-2.16e-06,-0.205,1.45e-05
-2.68e-06,-0.205,3.73e-06,-2.18e-06,-0.205,1.47e-05
-2.68e-06,-0.205,3.73e-06,-2.19e-06,-0.205,1.49e-05
-2.68e-06,-0.205,3.73e-06,-2.19e-06,-0.205,1.51e-05
-2.68e-06,-0.205,3.73e-06,-2.21e-06,-0.205,1.54e-05
-2.68e-06,-0.205,3.73e-06,-2.22e-06,-0.205,1.56e-05
-2.68e-06,-0.205,3.73e-06,-2.21e-06,-0.205,1.58e-05
-2.68e-06,-0.205,3.73e-06,-2.23e-06,-0.205,1.61e-05
-2.68e-06,-0.205,3.73e-06,-2.25e-06,-0.205,1.63e-05
-2.68e-06,-0.205,3.73e-06,-2.25e-06,-0.205,1.65e-05
-2.68e-06,-0.205,3.73e-06,-2.27e-06,-0.205,1.68e-05
-2.68e-06,-0.205,3.73e-06,-2.28e-06,-0.205,1.7e-05
-2.68e-06,-0.205,3.73e-06,-2.28e-06,-0.205,1.73e-05
-2.68e-06,-0.205,3.73e-06,-2.3e-06,-0.205,1.75e-05
-2.68e-06,-0.205,3.73e-06,-2.3e-06,-0.205,1.78e-05
-2.68e-06,-0.205,3.73e-06,-2.32e-06,-0.205,1.8e-05
-2.68e-06,-0.205,3.73e-06,-2.33e-06,-0.205,1.83e-05
-2.68e-06,-0.205,3.73e-06,-2.33e-06,-0.205,1.86e-05
-2.68e-06,-0.205,3.73e-06,-2.35e-06,-0.205,1.89e-05
-2.68e-06,-0.205,3.73e-06,-2.37e-06,-0.205,1.91e-05
-2.68e-06,-0.205,3.73e-06,-2.37e-06,-0.205,1.94e-05
-2.68e-06,-0.205,3.73e-06,-2.39e-06,-0.205,1.97e-05
-2.68e-06,-0.205,3.73e-06,-2.39e-06,-0.205,2e-05
-2.68e-06,-0.205,3.73e-06,-2.41e-06,-0.205,2.03e-05
-2.68e-06,-0.205,3.73e-06,-2.41e-06,-0.205,2.06e-05
-2.68e-06,-0.205,3.73e-06,-2.42e-06,-0.205,2.08e-05
-2.68e-06,-0.205,3.73e-06,-2.43e-06,-0.205,2.11e-05
-2.68e-06,-0.205,3.73e-06,-2.46e-06,-0.205,2.14e-05
-2.68e-06,-0.205,3.73e-06,-2.46e-06,-0.205,2.17e-05
-2.68e-06,-0.205,3.73e-06,-2.48e-06,-0.205,2.2e-05
-2.68e-06,-0.205,3.73e-06,-2.47e-06,-0.205,2.23e-05
-2.68e-06,-0.205,3.73e-06,-2.5e-06,-0.205,2.26e-05
-2.68e-06,-0.205,3.73e-06,-2.51e-06,-0.205,2.29e-05
-2.68e-06,-0.205,3.73e-06,-2.51e-06,-0.205,2.31e-05
-2.68e-06,-0.205,3.73e-06,-2.52e-06,-0.205,2.34e-05
-2.68e-06,-0.205,3.73e-06,-2.54e-06,-0.205,2.36e-05
-2.68e-06,-0.205,3.73e-06,-2.54e-06,-0.205,2.39e-05
-2.68e-06,-0.205,3.73e-06,-2.56e-06,-0.205,2.41e-05
-2.68e-06,-0.205,3.73e-06,-2.58e-06,-0.205,2.43e-05
-2.68e-06,-0.205,3.73e-06,-2.58e-06,-0.205,2.45e-05
-2.68e-06,-0.205,3.73e-06,-2.61e-06,-0.205,2.47e-05
-2.68e-06,-0.205,3.73e-06,-2.6e-06,-0.205,2.49e-05
-2.68e-06,-0.205,3.73e-06,-2.62e-06,-0.205,2.51e-05
-2.68e-06,-0.205,3.73e-06,-2.65e-06,-0.205,2.52e-05
-2.68e-06,-0.205,3.73e-06,-2.65e-06,-0.205,2.54e-05
-2.68e-06,-0.205,3.73e-06,-2.67e-06,-0.205,2.55e-05
-2.68e-06,-0.205,3.73e-06,-2.68e-06,-0.205,2.56e-05
-2.68e-06,-0.205,3.73e-06,-2.7e-06,-0.205,2.57e-05
-2.68e-06,-0.205,3.73e-06,-2.73e-06,-0.205,2.58e-05
-2.68e-06,-0.205,3.73e-06,-2.73e-06,-0.205,2.58e-05
-2.68e-06,-0.205,3.73e-06,-2.75e-06,-0.205,2.59e-05
-2.68e-06,-0.205,3.73e-06,-2.76e-06,-0.205,2.59e-05
-2.68e-06,-0.205,3.73e-06,-2.78e-06,-0.205,2.6e-05
-2.68e-06,-0.205,3.73e-06,-2.81e-06,-0.205,2.6e-05
-2.68e-06,-0.205,3.73e-06,-2.82e-06,-0.205,2.6e-05
-2.68e-06,-0.205,3.73e-06,-2.85e-06,-0.205,2.6e-05
-2.68e-06,-0.205,3.73e-06,-2.85e-06,-0.205,2.59e-05
-2.68e-06,-0.205,3.73e-06,-2.88e-06,-0.205,2.59e-05
-2.68e-06,-0.205,3.73e-06,-2.91e-06,-0.205,2.58e-05
-2.68e-06,-0.205,3.73e-06,-2.92e-06,-0.205,2.57e-05
-2.68e-06,-0.205,3.73e-06,-2.94e-06,-0.205,2.56e-05
-2.68e-06,-0.205,3.73e-06,-2.96e-06,-0.205,2.55e-05
-2.68e-06,-0.205,3.73e-06,-2.99e-06,-0.205,2.54e-05
-2.68e-06,-0.205,3.73e-06,-3.01e-06,-0.205,2.52e-05
-2.68e-06,-0.205,3.73e-06,-3.04e-06,-0.205,2.51e-05
-2.68e-06,-0.205,3.73e-06,-3.07e-06,-0.205,2.49e-05
-2.68e-06,-0.205,3.73e-06,-3.07e-06,-0.205,2.47e-05
-2.68e-06,-0.205,3.73e-06,-3.11e-06,-0.205,2.45e-05
-2.68e-06,-0.205,3.73e-06,-3.14e-06,-0.205,2.43e-05
-2.68e-06,-0.205,3.73e-06,-3.17e-06,-0.205,2.41e-05
-2.68e-06,-0.205,3.73e-06,-3.17e-06,-0.205,2.38e-05
-2.68e-06,-0.205,3.73e-06,-3.2e-06,-0.205,2.36e-05
-2.68e-06,-0.205,3.73e-06,-3.21e-06,-0.205,2.33e-05
-2.68e-06,-0.205,3.73e-06,-3.23e-06,-0.205,2.3e-05
-2.68e-06,-0.205,3.73e-06,-3.26e-06,-0.205,2.27e-05
-2.68e-06,-0.205,3.73e-06,-3.27e-06,-0.205,2.24e-05
-2.68e-06,-0.205,3.73e-06,-3.28e-06,-0.205,2.21e-05
-2.68e-06,-0.205,3.73e-06,-3.29e-06,-0.205,2.18e-05
-2.68e-06,-0.205,3.73e-06,-3.29e-06,-0.205,2.14e-05
-2.68e-06,-0.205,3.73e-06,-3.34e-06,-0.205,2.11e-05
-2.68e-06,-0.205,3.73e-06,-3.36e-06,-0.205,2.07e-05
-2.68e-06,-0.205,3.73e-06,-3.36e-06,-0.205,2.04e-05
-2.68e-06,-0.205,3.73e-06,-3.38e-06,-0.205,2e-05
-2.68e-06,-0.205,3.73e-06,-3.4e-06,-0.205,1.96e-05
-2.68e-06,-0.205,3.73e-06,-3.42e-06,-0.205,1.91e-05
-2.68e-06,-0.205,3.73e-06,-3.45e-06,-0.205,1.87e-05
-2.68e-06,-0.205,3.73e-06,-3.46e-06,-0.205,1.83e-05
-2.68e-06,-0.205,3.73e-06,-3.5e-06,-0.205,1.78e-05
-2.68e-06,-0.205,3.73e-06,-3.55e-06,-0.205,1.74e-05
-2.68e-06,-0.205,3.73e-06,-3.6e-06,-0.205,1.69e-05
-2.68e-06,-0.205,3.73e-06,-3.61e-06,-0.205,1.64e-05
-2.68e-06,-0.205,3.73e-06,-3.68e-06,-0.205,1.59e-05
-2.68e-06,-0.205,3.73e-06,-3.69e-06,-0.205,1.53e-05
-2.68e-06,-0.205,3.73e-06,-3.75e-06,-0.205,1.48e-05
-2.68e-06,-0.205,3.73e-06,-3.77e-06,-0.205,1.43e-05
-2.68e-06,-0.205,3.73e-06,-3.82e-06,-0.205,1.38e-05
-2.68e-06,-0.205,3.73e-06,-3.83e-06,-0.205,1.33e-05
-2.68e-06,-0.205,3.73e-06,-3.84e-06,-0.205,1.28e-05
-2.68e-06,-0.205,3.73e-06,-3.81e-06,-0.205,1.23e-05
-2.68e-06,-0.205,3.73e-06,-3.78e-06,-0.205,1.19e-05
-2.68e-06,-0.205,3.73e-06,-3.69e-06,-0.205,1.15e-05
-2.68e-06,-0.205,3.73e-06,-3.6e-06,-0.205,1.11e-05
-2.68e-06,-0.205,3.73e-06,-3.46e-06,-0.205,1.07e-05
-2.68e-06,-0.205,3.73e-06,-3.32e-06,-0.205,1.04e-05
-2.68e-06,-0.205,3.73e-06,-3.16e-06,-0.205,1.01e-05
-2.68e-06,-0.205,3.73e-06,-2.97e-06,-0.205,9.85e-06
-2.68e-06,-0.205,3.73e-06,-2.79e-06,-0.205,9.62e-06
-2.68e-06,-0.205,3.73e-06,-2.54e-06,-0.205,9.38e-06
-2.68e-06,-0.205,3.73e-06,-2.31e-06,-0.205,9.18e-06
-2.68e-06,-0.205,3.73e-06,-2.05e-06,-0.205,8.99e-06
-2.68e-06,-0.205,3.73e-06,-1.78e-06,-0.205,8.83e-06
-2.68e-06,-0.205,3.73e-06,-1.49e-06,-0.205,8.67e-06
-2.68e-06,-0.205,3.73e-06,-1.18e-06,-0.205,8.53e-06
-2.68e-06,-0.205,3.73e-06,-8.76e-07,-0.205,8.4e-06
-2.68e-06,-0.205,3.73e-06,-5.37e-07,-0.205,8.28e-06
-2.68e-06,-0.205,3.73e-06,-2.06e-07,-0.205,8.18e-06
-2.68e-06,-0.205,3.73e-06,1.55e-07,-0.205,8.09e-06
-2.68e-06,-0.205,3.73e-06,5.07e-07,-0.205,8.01e-06
-2.68e-06,-0.205,3.73e-06,8.81e-07,-0.205,7.93e-06
-2.68e-06,-0.205,3.73e-06,1.26e-06,-0.205,7.87e-06
-2.68e-06,-0.205,3.73e-06,1.66e-06,-0.205,7.81e-06
-2.68e-06,-0.205,3.73e-06,2.06e-06,-0.205,7.76e-06
-2.68e-06,-0.205,3.73e-06,2.47e-06,-0.205,7.72e-06
-2.68e-06,-0.205,3.73e-06,2.87e-06,-0.205,7.68e-06
-2.68e-06,-0.205,3.73e-06,3.3e-06,-0.205,7.65e-06
-2.68e-06,-0.205,3.73e-06,3.73e-06,-0.205,7.62e-06
-2.68e-06,-0.205,3.73e-06,4.17e-06,-0.205,7.59e-06
-2.68e-06,-0.205,3.73e-06,4.64e-06,-0.205,7.56e-06
-2.68e-06,-0.205,3.73e-06,5.08e-06,-0.205,7.55e-06
-2.68e-06,-0.205,3.73e-06,5.54e-06,-0.205,7.53e-06
-2.68e-06,-0.205,3.73e-06,6.03e-06,-0.205,7.51e-06
-2.68e-06,-0.205,3.73e-06,6.48e-06,-0.205,7.51e-06
-2.68e-06,-0.205,3.73e-06,6.95e-06,-0.205,7.5e-06
-2.68e-06,-0.205,3.73e-06,7.45e-06,-0.205,7.49e-06
-2.68e-06,-0.205,3.73e-06,7.93e-06,-0.205,7.49e-06
-2.68e-06,-0.205,3.73e-06,8.38e-06,-0.205,7.51e-06
-2.68e-06,-0.205,3.73e-06,8.83e-06,-0.205,7.53e-06
-2.68e-06,-0.205,3.73e-06,9.22e-06,-0.205,7.58e-06
-2.68e-06,-0.205,3.73e-06,9.55e-06,-0.205,7.66e-06
-2.68e-06,-0.205,3.73e-06,9.84e-06,-0.205,7.76e-06
-2.68e-06,-0.205,3.73e-06,1.01e-05,-0.205,7.89e-06
-2.68e-06,-0.205,3.73e-06,1.03e-05,-0.205,8.04e-06
-2.68e-06,-0.205,3.73e-06,1.04e-05,-0.205,8.22e-06
-2.68e-06,-0.205,3.73e-06,1.05e-05,-0.205,8.43e-06
-2.68e-06,-0.205,3.73e-06,1.05e-05,-0.205,8.66e-06
-2.68e-06,-0.205,3.73e-06,1.05e-05,-0.205,8.91e-06
-2.68e-06,-0.205,3.73e-06,1.04e-05,-0.205,9.2e-06
-2.68e-06,-0.205,3.73e-06,1.03e-05,-0.205,9.49e-06
-2.68e-06,-0.205,3.73e-06,1.01e-05,-0.205,9.81e-06
-2.68e-06,-0.205,3.73e-06,9.81e-06,-0.205,1.02e-05
-2.68e-06,-0.205,3.73e-06,9.33e-06,-0.205,1.07e-05
-2.68e-06,-0.205,3.73e-06,8.74e-06,-0.205,1.12e-05
-2.68e-06,-0.205,3.73e-06,8.01e-06,-0.205,1.17e-05
-2.68e-06,-0.205,3.73e-06,7.15e-06,-0.205,1.24e-05
-2.68e-06,-0.205,3.73e-06,6.18e-06,-0.205,1.3e-05
-2.68e-06,-0.205,3.73e-06,5.11e-06,-0.205,1.37e-05
-2.68e-06,-0.205,3.73e-06,4.02e-06,-0.205,1.43e-05
-2.68e-06,-0.205,3.73e-06,2.94e-06,-0.205,1.49e-05
-2.68e-06,-0.205,3.73e-06,1.87e-06,-0.205,1.54e-05
-2.68e-06,-0.205,3.73e-06,7.72e-07,-0.205,1.59e-05
-2.68e-06,-0.205,3.73e-06,-2.8e-07,-0.205,1.64e-05
-2.68e-06,-0.205,3.73e-06,-1.34e-06,-0.205,1.68e-05
-2.68e-06,-0.205,3.73e-06,-2.39e-06,-0.205,1.72e-05
-2.68e-06,-0.205,3.73e-06,-3.43e-06,-0.205,1.75e-05
-2.68e-06,-0.205,3.73e-06,-4.45e-06,-0.205,1.79e-05
-2.68e-06,-0.205,3.73e-06,-5.49e-06,-0.205,1.82e-05
-2.68e-06,-0.205,3.73e-06,-6.5e-06,-0.205,1.86e-05
-2.68e-06,-0.205,3.73e-06,-7.49e-06,-0.205,1.89e-05
-2.68e-06,-0.205,3.73e-06,-8.44e-06,-0.205,1.92e-05
-2.68e-06,-0.205,3.73e-06,-9.4e-06,-0.205,1.95e-05
-2.68e-06,-0.205,3.73e-06,-1.04e-05,-0.205,1.98e-05
-2.68e-06,-0.205,3.73e-06,-1.13e-05,-0.205,2.01e-05
-2.68e-06,-0.205,3.73e-06,-1.21e-05,-0.205,2.04e-05
-2.68e-06,-0.205,3.73e-06,-1.3e-05,-0.205,2.06e-05
-2.68e-06,-0.205,3.73e-06,-1.38e-05,-0.205,2.09e-05
-2.68e-06,-0.205,3.73e-06,-1.46e-05,-0.205,2.12e-05
-2.68e-06,-0.205,3.73e-06,-1.54e-05,-0.205,2.14e-05
-2.68e-06,-0.205,3.73e-06,-1.61e-05,-0.205,2.16e-05
-2.68e-06,-0.205,3.73e-06,-1.69e-05,-0.205,2.19e-05
-2.68e-06,-0.205,3.73e-06,-1.76e-05,-0.205,2.21e-05
-2.68e-06,-0.205,3.73e-06,-1.82e-05,-0.205,2.23e-05
-2.68e-06,-0.205,3.73e-06,-1.87e-05,-0.205,2.23e-05
-2.68e-06,-0.205,3.73e-06,-1.89e-05,-0.205,2.21e-05
-2.68e-06,-0.205,3.73e-06,-1.9e-05,-0.205,2.18e-05
-2.68e-06,-0.205,3.73e-06,-1.89e-05,-0.205,2.14e-05
-2.68e-06,-0.205,3.73e-06,-1.86e-05,-0.205,2.08e-05
-2.68e-06,-0.205,3.73e-06,-1.81e-05,-0.205,2.01e-05
-2.68e-06,-0.205,3.73e-06,-1.78e-05,-0.205,1.94e-05
-2.68e-06,-0.205,3.73e-06,-1.74e-05,-0.205,1.89e-05
-2.68e-06,-0.205,3.73e-06,-1.71e-05,-0.205,1.85e-05
-2.68e-06,-0.205,3.73e-06,-1.69e-05,-0.205,1.82e-05
-2.68e-06,-0.205,3.73e-06,-1.68e-05,-0.205,1.79e-05
-2.68e-06,-0.205,3.73e-06,-1.68e-05,-0.205,1.78e-05
-2.68e-06,-0.205,3.73e-06,-1.68e-05,-0.205,1.77e-05
-2.68e-06,-0.205,3.73e-06,-1.7e-05,-0.205,1.77e-05
-2.68e-06,-0.205,3.73e-06,-1.72e-05,-0.205,1.77e-05
-2.68e-06,-0.205,3.73e-06,-1.75e-05,-0.205,1.77e-05
-2.68e-06,-0.205,3.73e-06,-1.77e-05,-0.205,1.76e-05
-2.68e-06,-0.205,3.73e-06,-1.76e-05,-0.205,1.74e-05
-2.68e-06,-0.205,3.73e-06,-1.75e-05,-0.205,1.7e-05
-2.68e-06,-0.205,3.73e-06,-1.74e-05,-0.205,1.67e-05
-2.68e-06,-0.205,3.73e-06,-1.74e-05,-0.205,1.64e-05
-2.68e-06,-0.205,3.73e-06,-1.74e-05,-0.205,1.62e-05
-2.68e-06,-0.205,3.73e-06,-1.75e-05,-0.205,1.6e-05
-2.68e-06,-0.205,3.73e-06,-1.76e-05,-0.205,1.59e-05
-2.68e-06,-0.205,3.73e-06,-1.78e-05,-0.205,1.58e-05
-2.68e-06,-0.205,3.73e-06,-1.81e-05,-0.205,1.57e-05
-2.68e-06,-0.205,3.73e-06,-1.85e-05,-0.205,1.56e-05
-2.68e-06,-0.205,3.73e-06,-1.89e-05,-0.205,1.56e-05
-2.68e-06,-0.205,3.73e-06,-1.92e-05,-0.205,1.54e-05
-2.68e-06,-0.205,3.73e-06,-1.93e-05,-0.205,1.51e-05
-2.68e-06,-0.205,3.73e-06,-1.94e-05,-0.205,1.48e-05
-2.68e-06,-0.205,3.73e-06,-1.96e-05,-0.205,1.46e-05
-2.68e-06,-0.205,3.73e-06,-1.99e-05,-0.205,1.43e-05
-2.68e-06,-0.205,3.73e-06,-2.02e-05,-0.205,1.41e-05
-2.68e-06,-0.205,3.73e-06,-2.06e-05,-0.205,1.39e-05
-2.68e-06,-0.205,3.73e-06,-2.1e-05,-0.205,1.37e-05
-2.68e-06,-0.205,3.73e-06,-2.14e-05,-0.205,1.36e-05
-2.68e-06,-0.205,3.73e-06,-2.19e-05,-0.205,1.34e-05
-2.68e-06,-0.205,3.73e-06,-2.24e-05,-0.205,1.33e-05
-2.68e-06,-0.205,3.73e-06,-2.28e-05,-0.205,1.3e-05
-2.68e-06,-0.205,3.73e-06,-2.3e-05,-0.205,1.26e-05
-2.68e-06,-0.205,3.73e-06,-2.32e-05,-0.205,1.22e-05
-2.68e-06,-0.205,3.73e-06,-2.35e-05,-0.205,1.19e-05
-2.68e-06,-0.205,3.73e-06,-2.38e-05,-0.205,1.15e-05
-2.68e-06,-0.205,3.73e-06,-2.42e-05,-0.205,1.12e-05
-2.68e-06,-0.205,3.73e-06,-2.46e-05,-0.205,1.09e-05
-2.68e-06,-0.205,3.73e-06,-2.5e-05,-0.205,1.07e-05
-2.68e-06,-0.205,3.73e-06,-2.55e-05,-0.205,1.04e-05
-2.68e-06,-0.205,3.73e-06,-2.6e-05,-0.205,1.02e-05
-2.68e-06,-0.205,3.73e-06,-2.65e-05,-0.205,9.94e-06
-2.68e-06,-0.205,3.73e-06,-2.7e-05,-0.205,9.72e-06
-2.68e-06,-0.205,3.73e-06,-2.75e-05,-0.205,9.49e-06
-2.68e-06,-0.205,3.73e-06,-2.81e-05,-0.205,9.27e-06
-2.68e-06,-0.205,3.73e-06,-2.86e-05,-0.205,9.05e-06
-2.68e-06,-0.205,3.73e-06,-2.9e-05,-0.205,8.7e-06
-2.68e-06,-0.205,3.73e-06,-2.93e-05,-0.205,8.36e-06
-2.68e-06,-0.205,3.73e-06,-2.97e-05,-0.205,8.02e-06
-2.68e-06,-0.205,3.73e-06,-3.01e-05,-0.205,7.69e-06
-2.68e-06,-0.205,3.73e-06,-3.05e-05,-0.205,7.38e-06
-2.68e-06,-0.205,3.73e-06,-3.09e-05,-0.205,7.08e-06
-2.68e-06,-0.205,3.73e-06,-3.14e-05,-0.205,6.79e-06
-2.68e-06,-0.205,3.73e-06,-3.16e-05,-0.205,6.38e-06
-2.68e-06,-0.205,3.73e-06,-3.19e-05,-0.205,5.97e-06
-2.68e-06,-0.205,3.73e-06,-3.22e-05,-0.205,5.58e-06
-2.68e-06,-0.205,3.73e-06,-3.25e-05,-0.205,5.2e-06
-2.68e-06,-0.205,3.73e-06,-3.29e-05,-0.205,4.92e-06
-2.68e-06,-0.205,3.73e-06,-3.35e-05,-0.205,4.72e-06
-2.68e-06,-0.205,3.73e-06,-3.42e-05,-0.205,4.61e-06
-2.68e-06,-0.205,3.73e-06,-3.49e-05,-0.205,4.48e-06
-2.68e-06,-0.205,3.73e-06,-3.53e-05,-0.205,4.19e-06
-2.68e-06,-0.205,3.73e-06,-3.57e-05,-0.205,3.85e-06
-2.68e-06,-0.205,3.73e-06,-3.6e-05,-0.205,3.46e-06
-2.68e-06,-0.205,3.73e-06,-3.62e-05,-0.205,3.03e-06
-2.68e-06,-0.205,3.73e-06,-3.63e-05,-0.205,2.59e-06
-2.68e-06,-0.205,3.73e-06,-3.65e-05,-0.205,2.13e-06
-2.68e-06,-0.205,3.73e-06,-3.67e-05,-0.205,1.75e-06
-2.68e-06,-0.205,3.73e-06,-3.71e-05,-0.205,1.43e-06
-2.68e-06,-0.205,3.73e-06,-3.75e-05,-0.205,1.17e-06
-2.68e-06,-0.205,3.73e-06,-3.78e-05,-0.205,7.98e-07
-2.68e-06,-0.205,3.73e-06,-3.8e-05,-0.205,3.93e-07
-2.68e-06,-0.205,3.73e-06,-3.81e-05,-0.205,-5.74e-08
-2.68e-06,-0.205,3.73e-06,-3.82e-05,-0.205,-5.25e-07
-2.68e-06,-0.205,3.73e-06,-3.82e-05,-0.205,-1.01e-06
-2.68e-06,-0.205,3.73e-06,-3.83e-05,-0.205,-1.51e-06
-2.68e-06,-0.205,3.73e-06,-3.83e-05,-0.205,-2.02e-06
-2.68e-06,-0.205,3.73e-06,-3.83e-05,-0.205,-2.52e-06
-2.68e-06,-0.205,3.73e-06,-3.83e-05,-0.205,-3.01e-06
-2.68e-06,-0.205,3.73e-06,-3.83e-05,-0.205,-3.48e-06
-2.68e-06,-0.205,3.73e-06,-3.85e-05,-0.205,-3.88e-06
-2.68e-06,-0.205,3.73e-06,-3.87e-05,-0.205,-4.21e-06
-2.68e-06,-0.205,3.73e-06,-3.89e-05,-0.205,-4.53e-06
-2.68e-06,-0.205,3.73e-06,-3.92e-05,-0.205,-4.85e-06
-2.68e-06,-0.205,3.73e-06,-3.93e-05,-0.205,-5.2e-06
-2.68e-06,-0.205,3.73e-06,-3.95e-05,-0.205,-5.56e-06
-2.68e-06,-0.205,3.73e-06,-3.94e-05,-0.205,-6.07e-06
-2.68e-06,-0.205,3.73e-06,-3.93e-05,-0.205,-6.59e-06
-2.68e-06,-0.205,3.73e-06,-3.92e-05,-0.205,-7.12e-06
-2.68e-06,-0.205,3.73e-06,-3.91e-05,-0.205,-7.64e-06
-2.68e-06,-0.205,3.73e-06,-3.9e-05,-0.205,-8.15e-06
-2.68e-06,-0.205,3.73e-06,-3.9e-05,-0.205,-8.56e-06
-2.68e-06,-0.205,3.73e-06,-3.92e-05,-0.205,-8.9e-06
-2.68e-06,-0.205,3.73e-06,-3.94e-05,-0.205,-9.22e-06
-2.68e-06,-0.205,3.73e-06,-3.96e-05,-0.205,-9.54e-06
-2.68e-06,-0.205,3.73e-06,-3.97e-05,-0.205,-9.89e-06
-2.68e-06,-0.205,3.73e-06,-3.98e-05,-0.205,-1.03e-05
-2.68e-06,-0.205,3.73e-06,-3.98e-05,-0.205,-1.06e-05
-2.68e-06,-0.205,3.73e-06,-3.99e-05,-0.205,-1.1e-05
-2.68e-06,-0.205,3.73e-06,-3.99e-05,-0.205,-1.14e-05
-2.68e-06,-0.205,3.73e-06,-3.99e-05,-0.205,-1.18e-05
-2.68e-06,-0.205,3.73e-06,-4e-05,-0.205,-1.22e-05
-2.68e-06,-0.205,3.73e-06,-4.02e-05,-0.205,-1.24e-05
-2.68e-06,-0.205,3.73e-06,-4.04e-05,-0.205,-1.27e-05
-2.68e-06,-0.205,3.73e-06,-4.06e-05,-0.205,-1.29e-05
-2.68e-06,-0.205,3.73e-06,-4.08e-05,-0.205,-1.32e-05
-2.68e-06,-0.205,3.73e-06,-4.09e-05,-0.205,-1.36e-05
-2.68e-06,-0.205,3.73e-06,-4.09e-05,-0.205,-1.39e-05
-2.68e-06,-0.205,3.73e-06,-4.09e-05,-0.205,-1.43e-05
-2.68e-06,-0.205,3.73e-06,-4.09e-05,-0.205,-1.46e-05
-2.68e-06,-0.205,3.73e-06,-4.1e-05,-0.205,-1.5e-05
-2.68e-06,-0.205,3.73e-06,-4.09e-05,-0.205,-1.54e-05
-2.68e-06,-0.205,3.73e-06,-4.09e-05,-0.205,-1.57e-05
-2.68e-06,-0.205,3.73e-06,-4.1e-05,-0.205,-1.6e-05
-2.68e-06,-0.205,3.73e-06,-4.12e-05,-0.205,-1.62e-05
-2.68e-06,-0.205,3.73e-06,-4.15e-05,-0.205,-1.64e-05
-2.68e-06,-0.205,3.73e-06,-4.16e-05,-0.205,-1.67e-05
-2.68e-06,-0.205,3.73e-06,-4.18e-05,-0.205,-1.69e-05
-2.68e-06,-0.205,3.73e-06,-4.19e-05,-0.205,-1.72e-05
-2.68e-06,-0.205,3.73e-06,-4.19e-05,-0.205,-1.75e-05
-2.68e-06,-0.205,3.73e-06,-4.19e-05,-0.205,-1.78e-05
-2.68e-06,-0.205,3.73e-06,-4.19e-05,-0.205,-1.82e-05
-2.68e-06,-0.205,3.73e-06,-4.19e-05,-0.205,-1.85e-05
-2.68e-06,-0.205,3.73e-06,-4.19e-05,-0.205,-1.88e-05
-2.68e-06,-0.205,3.73e-06,-4.2e-05,-0.205,-1.91e-05
-2.68e-06,-0.205,3.73e-06,-4.22e-05,-0.205,-1.93e-05
-2.68e-06,-0.205,3.73e-06,-4.24e-05,-0.205,-1.95e-05
-2.68e-06,-0.205,3.73e-06,-4.25e-05,-0.205,-1.96e-05
-2.68e-06,-0.205,3.73e-06,-4.27e-05,-0.205,-1.99e-05
-2.68e-06,-0.205,3.73e-06,-4.27e-05,-0.205,-2.01e-05
-2.68e-06,-0.205,3.73e-06,-4.28e-05,-0.205,-2.04e-05
-2.68e-06,-0.205,3.73e-06,-4.28e-05,-0.205,-2.07e-05
-2.68e-06,-0.205,3.73e-06,-4.28e-05,-0.205,-2.1e-05
-2.68e-06,-0.205,3.73e-06,-4.28e-05,-0.205,-2.12e-05
-2.68e-06,-0.205,3.73e-06,-4.28e-05,-0.205,-2.15e-05
-2.68e-06,-0.205,3.73e-06,-4.28e-05,-0.205,-2.18e-05
-2.68e-06,-0.205,3.73e-06,-4.29e-05,-0.205,-2.21e-05
-2.68e-06,-0.205,3.73e-06,-4.3e-05,-0.205,-2.23e-05
-2.68e-06,-0.205,3.73e-06,-4.32e-05,-0.205,-2.24e-05
-2.68e-06,-0.205,3.73e-06,-4.34e-05,-0.205,-2.25e-05
-2.68e-06,-0.205,3.73e-06,-4.37e-05,-0.205,-2.27e-05
-2.68e-06,-0.205,3.73e-06,-4.38e-05,-0.205,-2.28e-05
-2.68e-06,-0.205,3.73e-06,-4.4e-05,-0.205,-2.3e-05
-2.68e-06,-0.205,3.73e-06,-4.4e-05,-0.205,-2.32e-05
-2.68e-06,-0.205,3.73e-06,-4.41e-05,-0.205,-2.35e-05
-2.68e-06,-0.205,3.73e-06,-4.41e-05,-0.205,-2.37e-05
-2.68e-06,-0.205,3.73e-06,-4.41e-05,-0.205,-2.39e-05
-2.68e-06,-0.205,3.73e-06,-4.42e-05,-0.205,-2.42e-05
-2.68e-06,-0.205,3.73e-06,-4.42e-05,-0.205,-2.44e-05
-2.68e-06,-0.205,3.73e-06,-4.42e-05,-0.205,-2.46e-05
-2.68e-06,-0.205,3.73e-06,-4.43e-05,-0.205,-2.49e-05
-2.68e-06,-0.205,3.73e-06,-4.43e-05,-0.205,-2.51e-05
-2.68e-06,-0.205,3.73e-06,-4.45e-05,-0.205,-2.52e-05
-2.68e-06,-0.205,3.73e-06,-4.47e-05,-0.205,-2.53e-05
-2.68e-06,-0.205,3.73e-06,-4.49e-05,-0.205,-2.55e-05
-2.68e-06,-0.205,3.73e-06,-4.5e-05,-0.205,-2.56e-05
-2.68e-06,-0.205,3.73e-06,-4.52e-05,-0.205,-2.58e-05
-2.68e-06,-0.205,3.73e-06,-4.52e-05,-0.205,-2.59e-05
-2.68e-06,-0.205,3.73e-06,-4.54e-05,-0.205,-2.61e-05
-2.68e-06,-0.205,3.73e-06,-4.54e-05,-0.205,-2.63e-05
-2.68e-06,-0.205,3.73e-06,-4.55e-05,-0.205,-2.65e-05
-2.68e-06,-0.205,3.73e-06,-4.56e-05,-0.205,-2.67e-05
-2.68e-06,-0.205,3.73e-06,-4.56e-05,-0.205,-2.69e-05
-2.68e-06,-0.205,3.73e-06,-4.58e-05,-0.205,-2.7e-05
-2.68e-06,-0.205,3.73e-06,-4.6e-05,-0.205,-2.71e-05
-2.68e-06,-0.205,3.73e-06,-4.61e-05,-0.205,-2.73e-05
-2.68e-06,-0.205,3.73e-06,-4.63e-05,-0.205,-2.74e-05
-2.68e-06,-0.205,3.73e-06,-4.64e-05,-0.205,-2.76e-05
-2.68e-06,-0.205,3.73e-06,-4.65e-05,-0.205,-2.77e-05
-2.68e-06,-0.205,3.73e-06,-4.66e-05,-0.205,-2.79e-05
-2.68e-06,-0.205,3.73e-06,-4.67e-05,-0.205,-2.81e-05
-2.68e-06,-0.205,3.73e-06,-4.67e-05,-0.205,-2.82e-05
-2.68e-06,-0.205,3.73e-06,-4.68e-05,-0.205,-2.84e-05
-2.68e-06,-0.205,3.73e-06,-4.69e-05,-0.205,-2.86e-05
-2.68e-06,-0.205,3.73e-06,-4.7e-05,-0.205,-2.88e-05
-2.68e-06,-0.205,3.73e-06,-4.71e-05,-0.205,-2.89e-05
-2.68e-06,-0.205,3.73e-06,-4.71e-05,-0.205,-2.91e-05
-2.68e-06,-0.205,3.73e-06,-4.72e-05,-0.205,-2.93e-05
-2.68e-06,-0.205,3.73e-06,-4.73e-05,-0.205,-2.94e-05
-2.68e-06,-0.205,3.73e-06,-4.74e-05,-0.205,-2.96e-05
-2.68e-06,-0.205,3.73e-06,-4.75e-05,-0.205,-2.98e-05
-2.68e-06,-0.205,3.73e-06,-4.77e-05,-0.205,-2.99e-05
-2.68e-06,-0.205,3.73e-06,-4.79e-05,-0.205,-2.99e-05
-2.68e-06,-0.205,3.73e-06,-4.81e-05,-0.205,-3e-05
-2.68e-06,-0.205,3.73e-06,-4.83e-05,-0.205,-3.01e-05
-2.68e-06,-0.205,3.73e-06,-4.84e-05,-0.205,-3.03e-05
-2.68e-06,-0.205,3.73e-06,-4.85e-05,-0.205,-3.04e-05
-2.68e-06,-0.205,3.73e-06,-4.86e-05,-0.205,-3.06e-05
-2.68e-06,-0.205,3.73e-06,-4.88e-05,-0.205,-3.07e-05
-2.68e-06,-0.205,3.73e-06,-4.88e-05,-0.205,-3.09e-05
-2.68e-06,-0.205,3.73e-06,-4.89e-05,-0.205,-3.1e-05
-2.68e-06,-0.205,3.73e-06,-4.9e-05,-0.205,-3.12e-05
-2.68e-06,-0.205,3.73e-06,-4.91e-05,-0.205,-3.14e-05
-2.68e-06,-0.205,3.73e-06,-4.93e-05,-0.205,-3.14e-05
-2.68e-06,-0.205,3.73e-06,-4.97e-05,-0.205,-3.14e-05
-2.68e-06,-0.205,3.73e-06,-5e-05,-0.205,-3.14e-05
-2.68e-06,-0.205,3.73e-06,-5.04e-05,-0.205,-3.14e-05
-2.68e-06,-0.205,3.73e-06,-5.06e-05,-0.205,-3.15e-05
-2.68e-06,-0.205,3.73e-06,-5.09e-05,-0.205,-3.15e-05
-2.68e-06,-0.205,3.73e-06,-5.12e-05,-0.205,-3.16e-05
-2.68e-06,-0.205,3.73e-06,-5.14e-05,-0.205,-3.17e-05
-2.68e-06,-0.205,3.73e-06,-5.17e-05,-0.205,-3.17e-05
-2.68e-06,-0.205,3.73e-06,-5.22e-05,-0.205,-3.16e-05
-2.68e-06,-0.205,3.73e-06,-5.26e-05,-0.205,-3.16e-05
-2.68e-06,-0.205,3.73e-06,-5.3e-05,-0.205,-3.16e-05
-2.68e-06,-0.205,3.73e-06,-5.33e-05,-0.205,-3.16e-05
-2.68e-06,-0.205,3.73e-06,-5.36e-05,-0.205,-3.17e-05
-2.68e-06,-0.205,3.73e-06,-5.38e-05,-0.205,-3.18e-05
-2.68e-06,-0.205,3.73e-06,-5.4e-05,-0.205,-3.19e-05
-2.68e-06,-0.205,3.73e-06,-5.41e-05,-0.205,-3.2e-05
-2.68e-06,-0.205,3.73e-06,-5.43e-05,-0.205,-3.22e-05
-2.68e-06,-0.205,3.73e-06,-5.45e-05,-0.205,-3.22e-05
-2.68e-06,-0.205,3.73e-06,-5.48e-05,-0.205,-3.22e-05
-2.68e-06,-0.205,3.73e-06,-5.53e-05,-0.205,-3.22e-05
-2.68e-06,-0.205,3.73e-06,-5.58e-05,-0.205,-3.21e-05
-2.68e-06,-0.205,3.73e-06,-5.61e-05,-0.205,-3.21e-05
-2.68e-06,-0.205,3.73e-06,-5.64e-05,-0.205,-3.22e-05
-2.68e-06,-0.205,3.73e-06,-5.67e-05,-0.205,-3.22e-05
-2.68e-06,-0.205,3.73e-06,-5.69e-05,-0.205,-3.23e-05
-2.68e-06,-0.205,3.73e-06,-5.71e-05,-0.205,-3.24e-05
-2.68e-06,-0.205,3.73e-06,-5.72e-05,-0.205,-3.26e-05
-2.68e-06,-0.205,3.73e-06,-5.73e-05,-0.205,-3.28e-05
-2.68e-06,-0.205,3.73e-06,-5.75e-05,-0.205,-3.29e-05
-2.68e-06,-0.205,3.73e-06,-5.78e-05,-0.205,-3.29e-05
-2.68e-06,-0.205,3.73e-06,-5.82e-05,-0.205,-3.29e-05
-2.68e-06,-0.205,3.73e-06,-5.85e-05,-0.205,-3.29e-05
-2.68e-06,-0.205,3.73e-06,-5.89e-05,-0.205,-3.29e-05
-2.68e-06,-0.205,3.73e-06,-5.91e-05,-0.205,-3.29e-05
-2.68e-06,-0.205,3.73e-06,-5.93e-05,-0.205,-3.3e-05
-2.68e-06,-0.205,3.73e-06,-5.95e-05,-0.205,-3.31e-05
-2.68e-06,-0.205,3.73e-06,-5.96e-05,-0.205,-3.33e-05
-2.68e-06,-0.205,3.73e-06,-5.97e-05,-0.205,-3.34e-05
-2.68e-06,-0.205,3.73e-06,-5.99e-05,-0.205,-3.35e-05
-2.68e-06,-0.205,3.73e-06,-6.01e-05,-0.205,-3.36e-05
-2.68e-06,-0.205,3.73e-06,-6.06e-05,-0.205,-3.35e-05
-2.68e-06,-0.205,3.73e-06,-6.09e-05,-0.205,-3.35e-05
-2.68e-06,-0.205,3.73e-06,-6.12e-05,-0.205,-3.35e-05
-2.68e-06,-0.205,3.73e-06,-6.14e-05,-0.205,-3.36e-05
-2.68e-06,-0.205,3.73e-06,-6.16e-05,-0.205,-3.37e-05
-2.68e-06,-0.205,3.73e-06,-6.18e-05,-0.205,-3.38e-05
-2.68e-06,-0.205,3.73e-06,-6.18e-05,-0.205,-3.4e-05
-2.68e-06,-0.205,3.73e-06,-6.21e-05,-0.205,-3.4e-05
-2.68e-06,-0.205,3.73e-06,-6.24e-05,-0.205,-3.41e-05
-2.68e-06,-0.205,3.73e-06,-6.28e-05,-0.205,-3.4e-05
-2.68e-06,-0.205,3.73e-06,-6.32e-05,-0.205,-3.4e-05
-2.68e-06,-0.205,3.73e-06,-6.35e-05,-0.205,-3.4e-05
-2.68e-06,-0.205,3.73e-06,-6.37e-05,-0.205,-3.41e-05
-2.68e-06,-0.205,3.73e-06,-6.39e-05,-0.205,-3.41e-05
-2.68e-06,-0.205,3.73e-06,-6.4e-05,-0.205,-3.43e-05
-2.68e-06,-0.205,3.73e-06,-6.41e-05,-0.205,-3.44e-05
-2.68e-06,-0.205,3.73e-06,-6.43e-05,-0.205,-3.45e-05
-2.68e-06,-0.205,3.73e-06,-6.46e-05,-0.205,-3.45e-05
-2.68e-06,-0.205,3.73e-06,-6.49e-05,-0.205,-3.45e-05
-2.68e-06,-0.205,3.73e-06,-6.5e-05,-0.205,-3.46e-05
-2.68e-06,-0.205,3.73e-06,-6.52e-05,-0.205,-3.47e-05
-2.68e-06,-0.205,3.73e-06,-6.54e-05,-0.205,-3.47e-05
-2.68e-06,-0.205,3.73e-06,-6.56e-05,-0.205,-3.48e-05
-2.68e-06,-0.205,3.73e-06,-6.6e-05,-0.205,-3.48e-05
-2.68e-06,-0.205,3.73e-06,-6.62e-05,-0.205,-3.48e-05
-2.68e-06,-0.205,3.73e-06,-6.65e-05,-0.205,-3.49e-05
-2.68e-06,-0.205,3.73e-06,-6.66e-05,-0.205,-3.5e-05
-2.68e-06,-0.205,3.73e-06,-6.67e-05,-0.205,-3.51e-05
-2.68e-06,-0.205,3.73e-06,-6.69e-05,-0.205,-3.51e-05
-2.68e-06,-0.205,3.73e-06,-6.73e-05,-0.205,-3.51e-05
-2.68e-06,-0.205,3.73e-06,-6.77e-05,-0.205,-3.5e-05
-2.68e-06,-0.205,3.73e-06,-6.81e-05,-0.205,-3.5e-05
-2.68e-06,-0.205,3.73e-06,-6.84e-05,-0.205,-3.5e-05
-2.68e-06,-0.205,3.73e-06,-6.87e-05,-0.205,-3.5e-05
-2.68e-06,-0.205,3.73e-06,-6.89e-05,-0.205,-3.51e-05
-2.68e-06,-0.205,3.73e-06,-6.9e-05,-0.205,-3.51e-05
-2.68e-06,-0.205,3.73e-06,-6.91e-05,-0.205,-3.53e-05
-2.68e-06,-0.205,3.73e-06,-6.91e-05,-0.205,-3.54e-05
-2.68e-06,-0.205,3.73e-06,-6.92e-05,-0.205,-3.55e-05
-2.68e-06,-0.205,3.73e-06,-6.95e-05,-0.205,-3.56e-05
-2.68e-06,-0.205,3.73e-06,-6.98e-05,-0.205,-3.55e-05
-2.68e-06,-0.205,3.73e-06,-7.03e-05,-0.205,-3.54e-05
-2.68e-06,-0.205,3.73e-06,-7.07e-05,-0.205,-3.54e-05
-2.68e-06,-0.205,3.73e-06,-7.1e-05,-0.205,-3.53e-05
-2.68e-06,-0.205,3.73e-06,-7.13e-05,-0.205,-3.53e-05
-2.68e-06,-0.205,3.73e-06,-7.15e-05,-0.205,-3.54e-05
-2.68e-06,-0.205,3.73e-06,-7.18e-05,-0.205,-3.54e-05
-2.68e-06,-0.205,3.73e-06,-7.19e-05,-0.205,-3.55e-05
-2.68e-06,-0.205,3.73e-06,-7.19e-05,-0.205,-3.56e-05
-2.68e-06,-0.205,3.73e-06,-7.21e-05,-0.205,-3.57e-05
-2.68e-06,-0.205,3.73e-06,-7.23e-05,-0.205,-3.57e-05
-2.68e-06,-0.205,3.73e-06,-7.27e-05,-0.205,-3.56e-05
-2.68e-06,-0.205,3.73e-06,-7.32e-05,-0.205,-3.55e-05
-2.68e-06,-0.205,3.73e-06,-7.36e-05,-0.205,-3.55e-05
-2.68e-06,-0.205,3.73e-06,-7.39e-05,-0.205,-3.54e-05
-2.68e-06,-0.205,3.73e-06,-7.42e-05,-0.205,-3.54e-05
-2.68e-06,-0.205,3.73e-06,-7.45e-05,-0.205,-3.54e-05
-2.68e-06,-0.205,3.73e-06,-7.47e-05,-0.205,-3.54e-05
-2.68e-06,-0.205,3.73e-06,-7.48e-05,-0.205,-3.55e-05
-2.68e-06,-0.205,3.73e-06,-7.49e-05,-0.205,-3.56e-05
-2.68e-06,-0.205,3.73e-06,-7.48e-05,-0.205,-3.58e-05
-2.68e-06,-0.205,3.73e-06,-7.49e-05,-0.205,-3.59e-05
-2.68e-06,-0.205,3.73e-06,-7.51e-05,-0.205,-3.59e-05
-2.68e-06,-0.205,3.73e-06,-7.54e-05,-0.205,-3.59e-05
-2.68e-06,-0.205,3.73e-06,-7.58e-05,-0.205,-3.58e-05
-2.68e-06,-0.205,3.73e-06,-7.61e-05,-0.205,-3.58e-05
-2.68e-06,-0.205,3.73e-06,-7.64e-05,-0.205,-3.57e-05
-2.68e-06,-0.205,3.73e-06,-7.67e-05,-0.205,-3.57e-05
-2.68e-06,-0.205,3.73e-06,-7.69e-05,-0.205,-3.57e-05
-2.68e-06,-0.205,3.73e-06,-7.71e-05,-0.205,-3.58e-05
-2.68e-06,-0.205,3.73e-06,-7.72e-05,-0.205,-3.58e-05
-2.68e-06,-0.205,3.73e-06,-7.74e-05,-0.205,-3.59e-05
-2.68e-06,-0.205,3.73e-06,-7.78e-05,-0.205,-3.58e-05
-2.68e-06,-0.205,3.73e-06,-7.82e-05,-0.205,-3.57e-05
-2.68e-06,-0.205,3.73e-06,-7.85e-05,-0.205,-3.57e-05
-2.68e-06,-0.205,3.73e-06,-7.87e-05,-0.205,-3.57e-05
-2.68e-06,-0.205,3.73e-06,-7.89e-05,-0.205,-3.57e-05
-2.68e-06,-0.205,3.73e-06,-7.9e-05,-0.205,-3.57e-05
-2.68e-06,-0.205,3.73e-06,-7.91e-05,-0.205,-3.58e-05
-2.68e-06,-0.205,3.73e-06,-7.94e-05,-0.205,-3.58e-05
-2.68e-06,-0.205,3.73e-06,-7.97e-05,-0.205,-3.57e-05
-2.68e-06,-0.205,3.73e-06,-8e-05,-0.205,-3.57e-05
-2.68e-06,-0.205,3.73e-06,-8.02e-05,-0.205,-3.57e-05
-2.68e-06,-0.205,3.73e-06,-8.03e-05,-0.205,-3.58e-05
-2.68e-06,-0.205,3.73e-06,-8.05e-05,-0.205,-3.58e-05
-2.68e-06,-0.205,3.73e-06,-8.09e-05,-0.205,-3.57e-05
-2.68e-06,-0.205,3.73e-06,-8.12e-05,-0.205,-3.56e-05
-2.68e-06,-0.205,3.73e-06,-8.15e-05,-0.205,-3.56e-05
-2.68e-06,-0.205,3.73e-06,-8.17e-05,-0.205,-3.56e-05
-2.68e-06,-0.205,3.73e-06,-8.18e-05,-0.205,-3.57e-05
-2.68e-06,-0.205,3.73e-06,-8.19e-05,-0.205,-3.58e-05
-2.68e-06,-0.205,3.73e-06,-8.2e-05,-0.205,-3.58e-05
-2.68e-06,-0.205,3.73e-06,-8.24e-05,-0.205,-3.57e-05
-2.68e-06,-0.205,3.73e-06,-8.28e-05,-0.205,-3.56e-05
-2.68e-06,-0.205,3.73e-06,-8.31e-05,-0.205,-3.55e-05
-2.68e-06,-0.205,3.73e-06,-8.34e-05,-0.205,-3.55e-05
-2.68e-06,-0.205,3.73e-06,-8.36e-05,-0.205,-3.55e-05
-2.68e-06,-0.205,3.73e-06,-8.37e-05,-0.205,-3.55e-05
-2.68e-06,-0.205,3.73e-06,-8.38e-05,-0.205,-3.56e-05
-2.68e-06,-0.205,3.73e-06,-8.41e-05,-0.205,-3.55e-05
-2.68e-06,-0.205,3.73e-06,-8.44e-05,-0.205,-3.54e-05
-2.68e-06,-0.205,3.73e-06,-8.47e-05,-0.205,-3.54e-05
-2.68e-06,-0.205,3.73e-06,-8.49e-05,-0.205,-3.54e-05
-2.68e-06,-0.205,3.73e-06,-8.5e-05,-0.205,-3.55e-05
-2.68e-06,-0.205,3.73e-06,-8.52e-05,-0.205,-3.54e-05
-2.68e-06,-0.205,3.73e-06,-8.56e-05,-0.205,-3.53e-05
-2.68e-06,-0.205,3.73e-06,-8.59e-05,-0.205,-3.53e-05
-2.68e-06,-0.205,3.73e-06,-8.61e-05,-0.205,-3.52e-05
-2.68e-06,-0.205,3.73e-06,-8.63e-05,-0.205,-3.52e-05
-2.68e-06,-0.205,3.73e-06,-8.64e-05,-0.205,-3.53e-05
-2.68e-06,-0.205,3.73e-06,-8.65e-05,-0.205,-3.53e-05
-2.68e-06,-0.205,3.73e-06,-8.67e-05,-0.205,-3.53e-05
-2.68e-06,-0.205,3.73e-06,-8.7e-05,-0.205,-3.53e-05
-2.68e-06,-0.205,3.73e-06,-8.74e-05,-0.205,-3.51e-05
-2.68e-06,-0.205,3.73e-06,-8.77e-05,-0.205,-3.5e-05
-2.68e-06,-0.205,3.73e-06,-8.8e-05,-0.205,-3.5e-05
-2.68e-06,-0.205,3.73e-06,-8.82e-05,-0.205,-3.5e-05
-2.68e-06,-0.205,3.73e-06,-8.83e-05,-0.205,-3.5e-05
-2.68e-06,-0.205,3.73e-06,-8.84e-05,-0.205,-3.5e-05
-2.68e-06,-0.205,3.73e-06,-8.86e-05,-0.205,-3.5e-05
-2.68e-06,-0.205,3.73e-06,-8.9e-05,-0.205,-3.49e-05
-2.68e-06,-0.205,3.73e-06,-8.92e-05,-0.205,-3.49e-05
-2.68e-06,-0.205,3.73e-06,-8.94e-05,-0.205,-3.49e-05
-2.68e-06,-0.205,3.73e-06,-8.95e-05,-0.205,-3.49e-05
-2.68e-06,-0.205,3.73e-06,-8.97e-05,-0.205,-3.49e-05
-2.68e-06,-0.205,3.73e-06,-9e-05,-0.205,-3.48e-05
-2.68e-06,-0.205,3.73e-06,-9.03e-05,-0.205,-3.47e-05
-2.68e-06,-0.205,3.73e-06,-9.05e-05,-0.205,-3.47e-05
-2.68e-06,-0.205,3.73e-06,-9.06e-05,-0.205,-3.47e-05
-2.68e-06,-0.205,3.73e-06,-9.09e-05,-0.205,-3.47e-05
-2.68e-06,-0.205,3.73e-06,-9.11e-05,-0.205,-3.46e-05
-2.68e-06,-0.205,3.73e-06,-9.14e-05,-0.205,-3.46e-05
-2.68e-06,-0.205,3.73e-06,-9.16e-05,-0.205,-3.45e-05
-2.68e-06,-0.205,3.73e-06,-9.17e-05,-0.205,-3.45e-05
-2.68e-06,-0.205,3.73e-06,-9.2e-05,-0.205,-3.45e-05
-2.68e-06,-0.205,3.73e-06,-9.22e-05,-0.205,-3.44e-05
-2.68e-06,-0.205,3.73e-06,-9.24e-05,-0.205,-3.44e-05
-2.68e-06,-0.205,3.73e-06,-9.27e-05,-0.205,-3.43e-05
-2.68e-06,-0.205,3.73e-06,-9.28e-05,-0.205,-3.43e-05
-2.68e-06,-0.205,3.73e-06,-9.29e-05,-0.205,-3.43e-05
-2.68e-06,-0.205,3.73e-06,-9.31e-05,-0.205,-3.43e-05
-2.68e-06,-0.205,3.73e-06,-9.34e-05,-0.205,-3.42e-05
-2.68e-06,-0.205,3.73e-06,-9.38e-05,-0.205,-3.41e-05
-2.68e-06,-0.205,3.73e-06,-9.41e-05,-0.205,-3.4e-05
-2.68e-06,-0.205,3.73e-06,-9.44e-05,-0.205,-3.39e-05
-2.68e-06,-0.205,3.73e-06,-9.46e-05,-0.205,-3.38e-05
-2.68e-06,-0.205,3.73e-06,-9.48e-05,-0.205,-3.38e-05
-2.68e-06,-0.205,3.73e-06,-9.48e-05,-0.205,-3.39e-05
-2.68e-06,-0.205,3.73e-06,-9.49e-05,-0.205,-3.39e-05
-2.68e-06,-0.205,3.73e-06,-9.5e-05,-0.205,-3.39e-05
-2.68e-06,-0.205,3.73e-06,-9.52e-05,-0.205,-3.39e-05
-2.68e-06,-0.205,3.73e-06,-9.55e-05,-0.205,-3.38e-05
-2.68e-06,-0.205,3.73e-06,-9.59e-05,-0.205,-3.36e-05
-2.68e-06,-0.205,3.73e-06,-9.63e-05,-0.205,-3.35e-05
-2.68e-06,-0.205,3.73e-06,-9.66e-05,-0.205,-3.34e-05
-2.68e-06,-0.205,3.73e-06,-9.68e-05,-0.205,-3.33e-05
-2.68e-06,-0.205,3.73e-06,-9.7e-05,-0.205,-3.33e-05
-2.68e-06,-0.205,3.73e-06,-9.72e-05,-0.205,-3.32e-05
-2.68e-06,-0.205,3.73e-06,-9.73e-05,-0.205,-3.33e-05
-2.68e-06,-0.205,3.73e-06,-9.74e-05,-0.205,-3.32e-05
-2.68e-06,-0.205,3.73e-06,-9.77e-05,-0.205,-3.31e-05
-2.68e-06,-0.205,3.73e-06,-9.8e-05,-0.205,-3.3e-05
-2.68e-06,-0.205,3.73e-06,-9.82e-05,-0.205,-3.3e-05
-2.68e-06,-0.205,3.73e-06,-9.84e-05,-0.205,-3.29e-05
-2.68e-06,-0.205,3.73e-06,-9.85e-05,-0.205,-3.29e-05
-2.68e-06,-0.205,3.73e-06,-9.86e-05,-0.205,-3.29e-05
-2.68e-06,-0.205,3.73e-06,-9.87e-05,-0.205,-3.29e-05
-2.68e-06,-0.205,3.73e-06,-9.9e-05,-0.205,-3.28e-05
-2.68e-06,-0.205,3.73e-06,-9.93e-05,-0.205,-3.27e-05
-2.68e-06,-0.205,3.73e-06,-9.96e-05,-0.205,-3.26e-05
-2.68e-06,-0.205,3.73e-06,-9.97e-05,-0.205,-3.26e-05
-2.68e-06,-0.205,3.73e-06,-9.99e-05,-0.205,-3.25e-05
-2.68e-06,-0.205,3.73e-06,-0.0001,-0.205,-3.25e-05
-2.68e-06,-0.205,3.73e-06,-0.0001,-0.205,-3.24e-05
-2.68e-06,-0.205,3.73e-06,-0.000101,-0.205,-3.23e-05
-2.68e-06,-0.205,3.73e-06,-0.000101,-0.205,-3.23e-05
-2.68e-06,-0.205,3.73e-06,-0.000101,-0.205,-3.23e-05
-2.68e-06,-0.205,3.73e-06,-0.000101,-0.205,-3.23e-05
-2.68e-06,-0.205,3.73e-06,-0.000101,-0.205,-3.22e-05
-2.68e-06,-0.205,3.73e-06,-0.000101,-0.205,-3.21e-05
-2.68e-06,-0.205,3.73e-06,-0.000102,-0.205,-3.2e-05
-2.68e-06,-0.205,3.73e-06,-0.000102,-0.205,-3.2e-05
-2.68e-06,-0.205,3.73e-06,-0.000102,-0.205,-3.2e-05
-2.68e-06,-0.205,3.73e-06,-0.000102,-0.205,-3.19e-05
-2.68e-06,-0.205,3.73e-06,-0.000102,-0.205,-3.19e-05
-2.68e-06,-0.205,3.73e-06,-0.000102,-0.205,-3.18e-05
-2.68e-06,-0.205,3.73e-06,-0.000103,-0.205,-3.18e-05
-2.68e-06,-0.205,3.73e-06,-0.000103,-0.205,-3.17e-05
-2.68e-06,-0.205,3.73e-06,-0.000103,-0.205,-3.17e-05
-2.68e-06,-0.205,3.73e-06,-0.000103,-0.205,-3.16e-05
-2.68e-06,-0.205,3.73e-06,-0.000103,-0.205,-3.16e-05
-2.68e-06,-0.205,3.73e-06,-0.000103,-0.205,-3.16e-05
-2.68e-06,-0.205,3.73e-06,-0.000104,-0.205,-3.15e-05
-2.68e-06,-0.205,3.73e-06,-0.000104,-0.205,-3.14e-05
-2.68e-06,-0.205,3.73e-06,-0.000104,-0.205,-3.14e-05
-2.68e-06,-0.205,3.73e-06,-0.000104,-0.205,-3.14e-05
-2.68e-06,-0.205,3.73e-06,-0.000104,-0.205,-3.13e-05
-2.68e-06,-0.205,3.73e-06,-0.000104,-0.205,-3.12e-05
-2.68e-06,-0.205,3.73e-06,-0.000105,-0.205,-3.11e-05
-2.68e-06,-0.205,3.73e-06,-0.000105,-0.205,-3.1e-05
-2.68e-06,-0.205,3.73e-06,-0.000105,-0.205,-3.1e-05
-2.68e-06,-0.205,3.73e-06,-0.000105,-0.205,-3.1e-05
-2.68e-06,-0.205,3.73e-06,-0.000105,-0.205,-3.1e-05
-2.68e-06,-0.205,3.73e-06,-0.000105,-0.205,-3.1e-05
-2.68e-06,-0.205,3.73e-06,-0.000105,-0.205,-3.09e-05
-2.68e-06,-0.205,3.73e-06,-0.000106,-0.205,-3.08e-05
-2.68e-06,-0.205,3.73e-06,-0.000106,-0.205,-3.06e-05
-2.68e-06,-0.205,3.73e-06,-0.000106,-0.205,-3.05e-05
-2.68e-06,-0.205,3.73e-06,-0.000106,-0.205,-3.04e-05
-2.68e-06,-0.205,3.73e-06,-0.000107,-0.205,-3.03e-05
-2.68e-06,-0.205,3.73e-06,-0.000107,-0.205,-3.03e-05
-2.68e-06,-0.205,3.73e-06,-0.000107,-0.205,-3.03e-05
-2.68e-06,-0.205,3.73e-06,-0.000107,-0.205,-3.03e-05
-2.68e-06,-0.205,3.73e-06,-0.000107,-0.205,-3.02e-05
-2.68e-06,-0.205,3.73e-06,-0.000107,-0.205,-3.01e-05
-2.68e-06,-0.205,3.73e-06,-0.000107,-0.205,-3e-05
-2.68e-06,-0.205,3.73e-06,-0.000108,-0.205,-2.99e-05
-2.68e-06,-0.205,3.73e-06,-0.000108,-0.205,-2.98e-05
-2.68e-06,-0.205,3.73e-06,-0.000108,-0.205,-2.97e-05
-2.68e-06,-0.205,3.73e-06,-0.000108,-0.205,-2.97e-05
-2.68e-06,-0.205,3.73e-06,-0.000108,-0.205,-2.96e-05
-2.68e-06,-0.205,3.73e-06,-0.000108,-0.205,-2.96e-05
-2.68e-06,-0.205,3.73e-06,-0.000108,-0.205,-2.96e-05
-2.68e-06,-0.205,3.73e-06,-0.000109,-0.205,-2.95e-05
-2.68e-06,-0.205,3.73e-06,-0.000109,-0.205,-2.95e-05
-2.68e-06,-0.205,3.73e-06,-0.000109,-0.205,-2.94e-05
-2.68e-06,-0.205,3.73e-06,-0.000109,-0.205,-2.92e-05
-2.68e-06,-0.205,3.73e-06,-0.00011,-0.205,-2.91e-05
-2.68e-06,-0.205,3.73e-06,-0.00011,-0.205,-2.9e-05
-2.68e-06,-0.205,3.73e-06,-0.00011,-0.205,-2.89e-05
-2.68e-06,-0.205,3.73e-06,-0.00011,-0.205,-2.88e-05
-2.68e-06,-0.205,3.73e-06,-0.00011,-0.205,-2.88e-05
-2.68e-06,-0.205,3.73e-06,-0.00011,-0.205,-2.88e-05
-2.68e-06,-0.205,3.73e-06,-0.00011,-0.205,-2.89e-05
-2.68e-06,-0.205,3.73e-06,-0.00011,-0.205,-2.9e-05
-2.68e-06,-0.205,3.73e-06,-0.00011,-0.205,-2.9e-05
-2.68e-06,-0.205,3.73e-06,-0.00011,-0.205,-2.9e-05
-2.68e-06,-0.205,3.73e-06,-0.00011,-0.205,-2.89e-05
-2.68e-06,-0.205,3.73e-06,-0.00011,-0.205,-2.89e-05
-2.68e-06,-0.205,3.73e-06,-0.00011,-0.205,-2.88e-05
-2.68e-06,-0.205,3.73e-06,-0.00011,-0.205,-2.87e-05
-2.68e-06,-0.205,3.73e-06,-0.000111,-0.205,-2.86e-05
-2.68e-06,-0.205,3.73e-06,-0.000111,-0.205,-2.85e-05
-2.68e-06,-0.205,3.73e-06,-0.000111,-0.205,-2.84e-05
-2.68e-06,-0.205,3.73e-06,-0.000111,-0.205,-2.85e-05
-2.68e-06,-0.205,3.73e-06,-0.000111,-0.205,-2.86e-05
-2.68e-06,-0.205,3.73e-06,-0.00011,-0.205,-2.86e-05
-2.68e-06,-0.205,3.73e-06,-0.00011,-0.205,-2.87e-05
-2.68e-06,-0.205,3.73e-06,-0.00011,-0.205,-2.86e-05
-2.68e-06,-0.205,3.73e-06,-0.00011,-0.205,-2.86e-05
-2.68e-06,-0.205,3.73e-06,-0.00011,-0.205,-2.86e-05
-2.68e-06,-0.205,3.73e-06,-0.000111,-0.205,-2.85e-05
-2.68e-06,-0.205,3.73e-06,-0.000111,-0.205,-2.84e-05
-2.68e-06,-0.205,3.73e-06,-0.000111,-0.205,-2.84e-05
-2.68e-06,-0.205,3.73e-06,-0.000111,-0.205,-2.83e-05
-2.68e-06,-0.205,3.73e-06,-0.000111,-0.205,-2.83e-05
-2.68e-06,-0.205,3.73e-06,-0.000111,-0.205,-2.82e-05
-2.68e-06,-0.205,3.73e-06,-0.000111,-0.205,-2.82e-05
-2.68e-06,-0.205,3.73e-06,-0.000111,-0.205,-2.82e-05
-2.68e-06,-0.205,3.73e-06,-0.000111,-0.205,-2.83e-05
-2.68e-06,-0.205,3.73e-06,-0.000111,-0.205,-2.83e-05
-2.68e-06,-0.205,3.73e-06,-0.000111,-0.205,-2.84e-05
-2.68e-06,-0.205,3.73e-06,-0.00011,-0.205,-2.84e-05
-2.68e-06,-0.205,3.73e-06,-0.00011,-0.205,-2.85e-05
-2.68e-06,-0.205,3.73e-06,-0.00011,-0.205,-2.86e-05
-2.68e-06,-0.205,3.73e-06,-0.00011,-0.205,-2.86e-05
-2.68e-06,-0.205,3.73e-06,-0.00011,-0.205,-2.85e-05
-2.68e-06,-0.205,3.73e-06,-0.00011,-0.205,-2.85e-05
-2.68e-06,-0.205,3.73e-06,-0.00011,-0.205,-2.84e-05
-2.68e-06,-0.205,3.73e-06,-0.000111,-0.205,-2.83e-05
-2.68e-06,-0.205,3.73e-06,-0.000111,-0.205,-2.82e-05
-2.68e-06,-0.205,3.73e-06,-0.000111,-0.205,-2.8e-05
-2.68e-06,-0.205,3.73e-06,-0.000111,-0.205,-2.79e-05
-2.68e-06,-0.205,3.73e-06,-0.000111,-0.205,-2.78e-05
-2.68e-06,-0.205,3.73e-06,-0.000111,-0.205,-2.78e-05
-2.68e-06,-0.205,3.73e-06,-0.000111,-0.205,-2.79e-05
-2.68e-06,-0.205,3.73e-06,-0.000111,-0.205,-2.81e-05
-2.68e-06,-0.205,3.73e-06,-0.000111,-0.205,-2.82e-05
-2.68e-06,-0.205,3.73e-06,-0.00011,-0.205,-2.83e-05
-2.68e-06,-0.205,3.73e-06,-0.00011,-0.205,-2.83e-05
-2.68e-06,-0.205,3.73e-06,-0.00011,-0.205,-2.83e-05
-2.68e-06,-0.205,3.73e-06,-0.00011,-0.205,-2.83e-05
-2.68e-06,-0.205,3.73e-06,-0.00011,-0.205,-2.83e-05
-2.68e-06,-0.205,3.73e-06,-0.00011,-0.205,-2.83e-05
-2.68e-06,-0.205,3.73e-06,-0.00011,-0.205,-2.82e-05
-2.68e-06,-0.205,3.73e-06,-0.000111,-0.205,-2.81e-05
-2.68e-06,-0.205,3.73e-06,-0.000111,-0.205,-2.8e-05
-2.68e-06,-0.205,3.73e-06,-0.000111,-0.205,-2.79e-05
-2.68e-06,-0.205,3.73e-06,-0.000111,-0.205,-2.78e-05
-2.68e-06,-0.205,3.73e-06,-0.000111,-0.205,-2.78e-05
-2.68e-06,-0.205,3.73e-06,-0.000111,-0.205,-2.78e-05
-2.68e-06,-0.205,3.73e-06,-0.000111,-0.205,-2.79e-05
-2.68e-06,-0.205,3.73e-06,-0.000111,-0.205,-2.8e-05
-2.68e-06,-0.205,3.73e-06,-0.00011,-0.205,-2.81e-05
-2.68e-06,-0.205,3.73e-06,-0.00011,-0.205,-2.81e-05
-2.68e-06,-0.205,3.73e-06,-0.00011,-0.205,-2.82e-05
-2.68e-06,-0.205,3.73e-06,-0.00011,-0.205,-2.82e-05
-2.68e-06,-0.205,3.73e-06,-0.00011,-0.205,-2.82e-05
-2.68e-06,-0.205,3.73e-06,-0.00011,-0.205,-2.82e-05
-2.68e-06,-0.205,3.73e-06,-0.00011,-0.205,-2.81e-05
-2.68e-06,-0.205,3.73e-06,-0.00011,-0.205,-2.81e-05
-2.68e-06,-0.205,3.73e-06,-0.00011,-0.205,-2.8e-05
-2.68e-06,-0.205,3.73e-06,-0.00011,-0.205,-2.79e-05
-2.68e-06,-0.205,3.73e-06,-0.000111,-0.205,-2.78e-05
-2.68e-06,-0.205,3.73e-06,-0.00011,-0.205,-2.79e-05
-2.68e-06,-0.205,3.73e-06,-0.00011,-0.205,-2.79e-05
-2.68e-06,-0.205,3.73e-06,-0.00011,-0.205,-2.8e-05
-2.68e-06,-0.205,3.73e-06,-0.00011,-0.205,-2.8e-05
-2.68e-06,-0.205,3.73e-06,-0.00011,-0.205,-2.8e-05
-2.68e-06,-0.205,3.73e-06,-0.00011,-0.205,-2.8e-05
-2.68e-06,-0.205,3.73e-06,-0.00011,-0.205,-2.79e-05
-2.68e-06,-0.205,3.73e-06,-0.00011,-0.205,-2.79e-05
-2.68e-06,-0.205,3.73e-06,-0.00011,-0.205,-2.78e-05
-2.68e-06,-0.205,3.73e-06,-0.00011,-0.205,-2.78e-05
-2.68e-06,-0.205,3.73e-06,-0.00011,-0.205,-2.79e-05
-2.68e-06,-0.205,3.73e-06,-0.00011,-0.205,-2.79e-05
-2.68e-06,-0.205,3.73e-06,-0.00011,-0.205,-2.79e-05
-2.68e-06,-0.205,3.73e-06,-0.00011,-0.205,-2.79e-05
-2.68e-06,-0.205,3.73e-06,-0.00011,-0.205,-2.79e-05
-2.68e-06,-0.205,3.73e-06,-0.00011,-0.205,-2.79e-05
-2.68e-06,-0.205,3.73e-06,-0.00011,-0.205,-2.78e-05
-2.68e-06,-0.205,3.73e-06,-0.00011,-0.205,-2.78e-05
-2.68e-06,-0.205,3.73e-06,-0.00011,-0.205,-2.77e-05
-2.68e-06,-0.205,3.73e-06,-0.00011,-0.205,-2.77e-05
-2.68e-06,-0.205,3.73e-06,-0.00011,-0.205,-2.78e-05
-2.68e-06,-0.205,3.73e-06,-0.00011,-0.205,-2.78e-05
-2.68e-06,-0.205,3.73e-06,-0.00011,-0.205,-2.78e-05
-2.68e-06,-0.205,3.73e-06,-0.000109,-0.205,-2.78e-05
-2.68e-06,-0.205,3.73e-06,-0.00011,-0.205,-2.77e-05
-2.68e-06,-0.205,3.73e-06,-0.00011,-0.205,-2.77e-05
-2.68e-06,-0.205,3.73e-06,-0.00011,-0.205,-2.77e-05
-2.68e-06,-0.205,3.73e-06,-0.00011,-0.205,-2.76e-05
-2.68e-06,-0.205,3.73e-06,-0.000109,-0.205,-2.76e-05
-2.68e-06,-0.205,3.73e-06,-0.000109,-0.205,-2.77e-05
-2.68e-06,-0.205,3.73e-06,-0.000109,-0.205,-2.77e-05
-2.68e-06,-0.205,3.73e-06,-0.000109,-0.205,-2.77e-05
-2.68e-06,-0.205,3.73e-06,-0.000109,-0.205,-2.77e-05
-2.68e-06,-0.205,3.73e-06,-0.000109,-0.205,-2.77e-05
-2.68e-06,-0.205,3.73e-06,-0.000109,-0.205,-2.76e-05
-2.68e-06,-0.205,3.73e-06,-0.000109,-0.205,-2.75e-05
-2.68e-06,-0.205,3.73e-06,-0.000109,-0.205,-2.75e-05
-2.68e-06,-0.205,3.73e-06,-0.000109,-0.205,-2.74e-05
-2.68e-06,-0.205,3.73e-06,-0.000109,-0.205,-2.73e-05
-2.68e-06,-0.205,3.73e-06,-0.000109,-0.205,-2.74e-05
-2.68e-06,-0.205,3.73e-06,-0.000109,-0.205,-2.74e-05
-2.68e-06,-0.205,3.73e-06,-0.000109,-0.205,-2.75e-05
-2.68e-06,-0.205,3.73e-06,-0.000108,-0.205,-2.76e-05
-2.68e-06,-0.205,3.73e-06,-0.000108,-0.205,-2.76e-05
-2.68e-06,-0.205,3.73e-06,-0.000108,-0.205,-2.76e-05
-2.68e-06,-0.205,3.73e-06,-0.000108,-0.205,-2.76e-05
-2.68e-06,-0.205,3.73e-06,-0.000108,-0.205,-2.76e-05
-2.68e-06,-0.205,3.73e-06,-0.000108,-0.205,-2.75e-05
-2.68e-06,-0.205,3.73e-06,-0.000108,-0.205,-2.75e-05
-2.68e-06,-0.205,3.73e-06,-0.000108,-0.205,-2.74e-05
-2.68e-06,-0.205,3.73e-06,-0.000108,-0.205,-2.73e-05
-2.68e-06,-0.205,3.73e-06,-0.000108,-0.205,-2.72e-05
-2.68e-06,-0.205,3.73e-06,-0.000108,-0.205,-2.71e-05
-2.68e-06,-0.205,3.73e-06,-0.000108,-0.205,-2.71e-05
-2.68e-06,-0.205,3.73e-06,-0.000108,-0.205,-2.72e-05
-2.68e-06,-0.205,3.73e-06,-0.000108,-0.205,-2.73e-05
-2.68e-06,-0.205,3.73e-06,-0.000108,-0.205,-2.73e-05
-2.68e-06,-0.205,3.73e-06,-0.000107,-0.205,-2.73e-05
-2.68e-06,-0.205,3.73e-06,-0.000107,-0.205,-2.74e-05
-2.68e-06,-0.205,3.73e-06,-0.000107,-0.205,-2.73e-05
-2.68e-06,-0.205,3.73e-06,-0.000107,-0.205,-2.73e-05
-2.68e-06,-0.205,3.73e-06,-0.000107,-0.205,-2.73e-05
-2.68e-06,-0.205,3.73e-06,-0.000107,-0.205,-2.72e-05
-2.68e-06,-0.205,3.73e-06,-0.000107,-0.205,-2.71e-05
-2.68e-06,-0.205,3.73e-06,-0.000107,-0.205,-2.7e-05
-2.68e-06,-0.205,3.73e-06,-0.000108,-0.205,-2.69e-05
-2.68e-06,-0.205,3.73e-06,-0.000108,-0.205,-2.68e-05
-2.68e-06,-0.205,3.73e-06,-0.000107,-0.205,-2.68e-05
-2.68e-06,-0.205,3.73e-06,-0.000107,-0.205,-2.68e-05
-2.68e-06,-0.205,3.73e-06,-0.000107,-0.205,-2.68e-05
-2.68e-06,-0.205,3.73e-06,-0.000107,-0.205,-2.68e-05
-2.68e-06,-0.205,3.73e-06,-0.000107,-0.205,-2.68e-05
-2.68e-06,-0.205,3.73e-06,-0.000107,-0.205,-2.68e-05
-2.68e-06,-0.205,3.73e-06,-0.000107,-0.205,-2.68e-05
-2.68e-06,-0.205,3.73e-06,-0.000107,-0.205,-2.67e-05
-2.68e-06,-0.205,3.73e-06,-0.000107,-0.205,-2.67e-05
-2.68e-06,-0.205,3.73e-06,-0.000107,-0.205,-2.66e-05
-2.68e-06,-0.205,3.73e-06,-0.000107,-0.205,-2.64e-05
-2.68e-06,-0.205,3.73e-06,-0.000107,-0.205,-2.64e-05
-2.68e-06,-0.205,3.73e-06,-0.000107,-0.205,-2.64e-05
-2.68e-06,-0.205,3.73e-06,-0.000106,-0.205,-2.64e-05
-2.68e-06,-0.205,3.73e-06,-0.000106,-0.205,-2.65e-05
-2.68e-06,-0.205,3.73e-06,-0.000106,-0.205,-2.65e-05
-2.68e-06,-0.205,3.73e-06,-0.000106,-0.205,-2.65e-05
-2.68e-06,-0.205,3.73e-06,-0.000106,-0.205,-2.65e-05
-2.68e-06,-0.205,3.73e-06,-0.000106,-0.205,-2.64e-05
-2.68e-06,-0.205,3.73e-06,-0.000106,-0.205,-2.64e-05
-2.68e-06,-0.205,3.73e-06,-0.000106,-0.205,-2.63e-05
-2.68e-06,-0.205,3.73e-06,-0.000106,-0.205,-2.62e-05
-2.68e-06,-0.205,3.73e-06,-0.000106,-0.205,-2.61e-05
-2.68e-06,-0.205,3.73e-06,-0.000106,-0.205,-2.6e-05
-2.68e-06,-0.205,3.73e-06,-0.000106,-0.205,-2.6e-05
-2.68e-06,-0.205,3.73e-06,-0.000106,-0.205,-2.61e-05
-2.68e-06,-0.205,3.73e-06,-0.000105,-0.205,-2.61e-05
-2.68e-06,-0.205,3.73e-06,-0.000105,-0.205,-2.61e-05
-2.68e-06,-0.205,3.73e-06,-0.000105,-0.205,-2.61e-05
-2.68e-06,-0.205,3.73e-06,-0.000105,-0.205,-2.6e-05
-2.68e-06,-0.205,3.73e-06,-0.000105,-0.205,-2.6e-05
-2.68e-06,-0.205,3.73e-06,-0.000105,-0.205,-2.59e-05
-2.68e-06,-0.205,3.73e-06,-0.000105,-0.205,-2.58e-05
-2.68e-06,-0.205,3.73e-06,-0.000105,-0.205,-2.57e-05
-2.68e-06,-0.205,3.73e-06,-0.000105,-0.205,-2.56e-05
-2.68e-06,-0.205,3.73e-06,-0.000105,-0.205,-2.55e-05
-2.68e-06,-0.205,3.73e-06,-0.000105,-0.205,-2.55e-05
-2.68e-06,-0.205,3.73e-06,-0.000105,-0.205,-2.56e-05
-2.68e-06,-0.205,3.73e-06,-0.000105,-0.205,-2.56e-05
-2.68e-06,-0.205,3.73e-06,-0.000104,-0.205,-2.56e-05
-2.68e-06,-0.205,3.73e-06,-0.000104,-0.205,-2.57e-05
-2.68e-06,-0.205,3.73e-06,-0.000104,-0.205,-2.57e-05
-2.68e-06,-0.205,3.73e-06,-0.000104,-0.205,-2.56e-05
-2.68e-06,-0.205,3.73e-06,-0.000104,-0.205,-2.56e-05
-2.68e-06,-0.205,3.73e-06,-0.000104,-0.205,-2.56e-05
-2.68e-06,-0.205,3.73e-06,-0.000104,-0.205,-2.55e-05
-2.68e-06,-0.205,3.73e-06,-0.000104,-0.205,-2.54e-05
-2.68e-06,-0.205,3.73e-06,-0.000104,-0.205,-2.53e-05
-2.68e-06,-0.205,3.73e-06,-0.000104,-0.205,-2.52e-05
-2.68e-06,-0.205,3.73e-06,-0.000104,-0.205,-2.5e-05
-2.68e-06,-0.205,3.73e-06,-0.000104,-0.205,-2.49e-05
-2.68e-06,-0.205,3.73e-06,-0.000104,-0.205,-2.49e-05
-2.68e-06,-0.205,3.73e-06,-0.000104,-0.205,-2.49e-05
-2.68e-06,-0.205,3.73e-06,-0.000103,-0.205,-2.49e-05
-2.68e-06,-0.205,3.73e-06,-0.000103,-0.205,-2.49e-05
-2.68e-06,-0.205,3.73e-06,-0.000103,-0.205,-2.49e-05
-2.68e-06,-0.205,3.73e-06,-0.000103,-0.205,-2.48e-05
-2.68e-06,-0.205,3.73e-06,-0.000103,-0.205,-2.48e-05
-2.68e-06,-0.205,3.73e-06,-0.000103,-0.205,-2.47e-05
-2.68e-06,-0.205,3.73e-06,-0.000103,-0.205,-2.47e-05
-2.68e-06,-0.205,3.73e-06,-0.000103,-0.205,-2.46e-05
-2.68e-06,-0.205,3.73e-06,-0.000103,-0.205,-2.45e-05
-2.68e-06,-0.205,3.73e-06,-0.000103,-0.205,-2.44e-05
-2.68e-06,-0.205,3.73e-06,-0.000103,-0.205,-2.44e-05
-2.68e-06,-0.205,3.73e-06,-0.000103,-0.205,-2.44e-05
-2.68e-06,-0.205,3.73e-06,-0.000102,-0.205,-2.44e-05
-2.68e-06,-0.205,3.73e-06,-0.000102,-0.205,-2.43e-05
-2.68e-06,-0.205,3.73e-06,-0.000102,-0.205,-2.43e-05
-2.68e-06,-0.205,3.73e-06,-0.000102,-0.205,-2.42e-05
-2.68e-06,-0.205,3.73e-06,-0.000102,-0.205,-2.41e-05
-2.68e-06,-0.205,3.73e-06,-0.000102,-0.205,-2.4e-05
-2.68e-06,-0.205,3.73e-06,-0.000102,-0.205,-2.4e-05
-2.68e-06,-0.205,3.73e-06,-0.000102,-0.205,-2.39e-05
-2.68e-06,-0.205,3.73e-06,-0.000102,-0.205,-2.39e-05
-2.68e-06,-0.205,3.73e-06,-0.000102,-0.205,-2.39e-05
-2.68e-06,-0.205,3.73e-06,-0.000102,-0.205,-2.39e-05
-2.68e-06,-0.205,3.73e-06,-0.000102,-0.205,-2.38e-05
-2.68e-06,-0.205,3.73e-06,-0.000102,-0.205,-2.37e-05
-2.68e-06,-0.205,3.73e-06,-0.000102,-0.205,-2.36e-05
-2.68e-06,-0.205,3.73e-06,-0.000102,-0.205,-2.35e-05
-2.68e-06,-0.205,3.73e-06,-0.000102,-0.205,-2.35e-05
-2.68e-06,-0.205,3.73e-06,-0.000101,-0.205,-2.34e-05
-2.68e-06,-0.205,3.73e-06,-0.000101,-0.205,-2.34e-05
-2.68e-06,-0.205,3.73e-06,-0.000101,-0.205,-2.34e-05
-2.68e-06,-0.205,3.73e-06,-0.000101,-0.205,-2.34e-05
-2.68e-06,-0.205,3.73e-06,-0.000101,-0.205,-2.34e-05
-2.68e-06,-0.205,3.73e-06,-0.000101,-0.205,-2.33e-05
-2.68e-06,-0.205,3.73e-06,-0.000101,-0.205,-2.33e-05
-2.68e-06,-0.205,3.73e-06,-0.000101,-0.205,-2.32e-05
-2.68e-06,-0.205,3.73e-06,-0.000101,-0.205,-2.31e-05
-2.68e-06,-0.205,3.73e-06,-0.000101,-0.205,-2.3e-05
-2.68e-06,-0.205,3.73e-06,-0.000101,-0.205,-2.29e-05
-2.68e-06,-0.205,3.73e-06,-0.0001,-0.205,-2.29e-05
-2.68e-06,-0.205,3.73e-06,-0.0001,-0.205,-2.29e-05
-2.68e-06,-0.205,3.73e-06,-0.0001,-0.205,-2.29e-05
-2.68e-06,-0.205,3.73e-06,-0.0001,-0.205,-2.29e-05
-2.68e-06,-0.205,3.73e-06,-9.99e-05,-0.205,-2.28e-05
-2.68e-06,-0.205,3.73e-06,-9.98e-05,-0.205,-2.28e-05
-2.68e-06,-0.205,3.73e-06,-9.97e-05,-0.205,-2.27e-05
-2.68e-06,-0.205,3.73e-06,-9.97e-05,-0.205,-2.26e-05
-2.68e-06,-0.205,3.73e-06,-9.97e-05,-0.205,-2.25e-05
-2.68e-06,-0.205,3.73e-06,-9.97e-05,-0.205,-2.24e-05
-2.68e-06,-0.205,3.73e-06,-9.97e-05,-0.205,-2.23e-05
-2.68e-06,-0.205,3.73e-06,-9.96e-05,-0.205,-2.23e-05
-2.68e-06,-0.205,3.73e-06,-9.95e-05,-0.205,-2.23e-05
-2.68e-06,-0.205,3.73e-06,-9.93e-05,-0.205,-2.23e-05
-2.68e-06,-0.205,3.73e-06,-9.91e-05,-0.205,-2.23e-05
-2.68e-06,-0.205,3.73e-06,-9.9e-05,-0.205,-2.22e-05
-2.68e-06,-0.205,3.73e-06,-9.88e-05,-0.205,-2.22e-05
-2.68e-06,-0.205,3.73e-06,-9.87e-05,-0.205,-2.22e-05
-2.68e-06,-0.205,3.73e-06,-9.87e-05,-0.205,-2.21e-05
-2.68e-06,-0.205,3.73e-06,-9.86e-05,-0.205,-2.2e-05
-2.68e-06,-0.205,3.73e-06,-9.86e-05,-0.205,-2.19e-05
-2.68e-06,-0.205,3.73e-06,-9.87e-05,-0.205,-2.18e-05
-2.68e-06,-0.205,3.73e-06,-9.87e-05,-0.205,-2.17e-05
-2.68e-06,-0.205,3.73e-06,-9.86e-05,-0.205,-2.17e-05
-2.68e-06,-0.205,3.73e-06,-9.85e-05,-0.205,-2.16e-05
-2.68e-06,-0.205,3.73e-06,-9.84e-05,-0.205,-2.16e-05
-2.68e-06,-0.205,3.73e-06,-9.82e-05,-0.205,-2.16e-05
-2.68e-06,-0.205,3.73e-06,-9.81e-05,-0.205,-2.15e-05
-2.68e-06,-0.205,3.73e-06,-9.81e-05,-0.205,-2.15e-05
-2.68e-06,-0.205,3.73e-06,-9.81e-05,-0.205,-2.14e-05
-2.68e-06,-0.205,3.73e-06,-9.81e-05,-0.205,-2.13e-05
-2.68e-06,-0.205,3.73e-06,-9.81e-05,-0.205,-2.12e-05
-2.68e-06,-0.205,3.73e-06,-9.8e-05,-0.205,-2.11e-05
-2.68e-06,-0.205,3.73e-06,-9.79e-05,-0.205,-2.11e-05
-2.68e-06,-0.205,3.73e-06,-9.78e-05,-0.205,-2.1e-05
-2.68e-06,-0.205,3.73e-06,-9.77e-05,-0.205,-2.1e-05
-2.68e-06,-0.205,3.73e-06,-9.75e-05,-0.205,-2.09e-05
-2.68e-06,-0.205,3.73e-06,-9.75e-05,-0.205,-2.09e-05
-2.68e-06,-0.205,3.73e-06,-9.74e-05,-0.205,-2.08e-05
-2.68e-06,-0.205,3.73e-06,-9.74e-05,-0.205,-2.07e-05
-2.68e-06,-0.205,3.73e-06,-9.74e-05,-0.205,-2.06e-05
-2.68e-06,-0.205,3.73e-06,-9.75e-05,-0.205,-2.05e-05
-2.68e-06,-0.205,3.73e-06,-9.74e-05,-0.205,-2.04e-05
-2.68e-06,-0.205,3.73e-06,-9.73e-05,-0.205,-2.04e-05
-2.68e-06,-0.205,3.73e-06,-9.72e-05,-0.205,-2.03e-05
-2.68e-06,-0.205,3.73e-06,-9.72e-05,-0.205,-2.03e-05
-2.68e-06,-0.205,3.73e-06,-9.71e-05,-0.205,-2.02e-05
-2.68e-06,-0.205,3.73e-06,-9.71e-05,-0.205,-2.01e-05
-2.68e-06,-0.205,3.73e-06,-9.71e-05,-0.205,-2e-05
-2.68e-06,-0.205,3.73e-06,-9.71e-05,-0.205,-1.99e-05
-2.68e-06,-0.205,3.73e-06,-9.7e-05,-0.205,-1.98e-05
-2.68e-06,-0.205,3.73e-06,-9.7e-05,-0.205,-1.98e-05
-2.68e-06,-0.205,3.73e-06,-9.69e-05,-0.205,-1.97e-05
-2.68e-06,-0.205,3.73e-06,-9.69e-05,-0.205,-1.96e-05
-2.68e-06,-0.205,3.73e-06,-9.69e-05,-0.205,-1.95e-05
-2.68e-06,-0.205,3.73e-06,-9.69e-05,-0.205,-1.94e-05
-2.68e-06,-0.205,3.73e-06,-9.69e-05,-0.205,-1.93e-05
-2.68e-06,-0.205,3.73e-06,-9.69e-05,-0.205,-1.92e-05
-2.68e-06,-0.205,3.73e-06,-9.68e-05,-0.205,-1.91e-05
-2.68e-06,-0.205,3.73e-06,-9.68e-05,-0.205,-1.9e-05
-2.68e-06,-0.205,3.73e-06,-9.68e-05,-0.205,-1.89e-05
-2.68e-06,-0.205,3.73e-06,-9.68e-05,-0.205,-1.88e-05
-2.68e-06,-0.205,3.73e-06,-9.68e-05,-0.205,-1.87e-05
-2.68e-06,-0.205,3.73e-06,-9.68e-05,-0.205,-1.86e-05
-2.68e-06,-0.205,3.73e-06,-9.68e-05,-0.205,-1.85e-05
-2.68e-06,-0.205,3.73e-06,-9.67e-05,-0.205,-1.85e-05
-2.68e-06,-0.205,3.73e-06,-9.66e-05,-0.205,-1.84e-05
-2.68e-06,-0.205,3.73e-06,-9.66e-05,-0.205,-1.83e-05
-2.68e-06,-0.205,3.73e-06,-9.66e-05,-0.205,-1.82e-05
-2.68e-06,-0.205,3.73e-06,-9.66e-05,-0.205,-1.81e-05
-2.68e-06,-0.205,3.73e-06,-9.66e-05,-0.205,-1.8e-05
-2.68e-06,-0.205,3.73e-06,-9.67e-05,-0.205,-1.79e-05
-2.68e-06,-0.205,3.73e-06,-9.66e-05,-0.205,-1.78e-05
-2.68e-06,-0.205,3.73e-06,-9.66e-05,-0.205,-1.77e-05
-2.68e-06,-0.205,3.73e-06,-9.65e-05,-0.205,-1.76e-05
-2.68e-06,-0.205,3.73e-06,-9.64e-05,-0.205,-1.76e-05
-2.68e-06,-0.205,3.73e-06,-9.64e-05,-0.205,-1.75e-05
-2.68e-06,-0.205,3.73e-06,-9.64e-05,-0.205,-1.74e-05
-2.68e-06,-0.205,3.73e-06,-9.64e-05,-0.205,-1.73e-05
-2.68e-06,-0.205,3.73e-06,-9.65e-05,-0.205,-1.72e-05
-2.68e-06,-0.205,3.73e-06,-9.65e-05,-0.205,-1.71e-05
-2.68e-06,-0.205,3.73e-06,-9.65e-05,-0.205,-1.7e-05
-2.68e-06,-0.205,3.73e-06,-9.65e-05,-0.205,-1.69e-05
-2.68e-06,-0.205,3.73e-06,-9.65e-05,-0.205,-1.68e-05
-2.68e-06,-0.205,3.73e-06,-9.64e-05,-0.205,-1.67e-05
-2.68e-06,-0.205,3.73e-06,-9.64e-05,-0.205,-1.67e-05
-2.68e-06,-0.205,3.73e-06,-9.63e-05,-0.205,-1.66e-05
-2.68e-06,-0.205,3.73e-06,-9.62e-05,-0.205,-1.65e-05
-2.68e-06,-0.205,3.73e-06,-9.62e-05,-0.205,-1.64e-05
-2.68e-06,-0.205,3.73e-06,-9.62e-05,-0.205,-1.63e-05
-2.68e-06,-0.205,3.73e-06,-9.62e-05,-0.205,-1.62e-05
-2.68e-06,-0.205,3.73e-06,-9.62e-05,-0.205,-1.61e-05
-2.68e-06,-0.205,3.73e-06,-9.62e-05,-0.205,-1.6e-05
-2.68e-06,-0.205,3.73e-06,-9.62e-05,-0.205,-1.6e-05
-2.68e-06,-0.205,3.73e-06,-9.61e-05,-0.205,-1.59e-05
-2.68e-06,-0.205,3.73e-06,-9.61e-05,-0.205,-1.58e-05
-2.68e-06,-0.205,3.73e-06,-9.6e-05,-0.205,-1.57e-05
-2.68e-06,-0.205,3.73e-06,-9.61e-05,-0.205,-1.56e-05
-2.68e-06,-0.205,3.73e-06,-9.61e-05,-0.205,-1.55e-05
-2.68e-06,-0.205,3.73e-06,-9.61e-05,-0.205,-1.54e-05
-2.68e-06,-0.205,3.73e-06,-9.61e-05,-0.205,-1.53e-05
-2.68e-06,-0.205,3.73e-06,-9.61e-05,-0.205,-1.52e-05
-2.68e-06,-0.205,3.73e-06,-9.6e-05,-0.205,-1.51e-05
-2.68e-06,-0.205,3.73e-06,-9.6e-05,-0.205,-1.5e-05
-2.68e-06,-0.205,3.73e-06,-9.6e-05,-0.205,-1.5e-05
-2.68e-06,-0.205,3.73e-06,-9.6e-05,-0.205,-1.48e-05
-2.68e-06,-0.205,3.73e-06,-9.61e-05,-0.205,-1.47e-05
-2.68e-06,-0.205,3.73e-06,-9.61e-05,-0.205,-1.46e-05
-2.68e-06,-0.205,3.73e-06,-9.61e-05,-0.205,-1.45e-05
-2.68e-06,-0.205,3.73e-06,-9.61e-05,-0.205,-1.44e-05
-2.68e-06,-0.205,3.73e-06,-9.61e-05,-0.205,-1.43e-05
-2.68e-06,-0.205,3.73e-06,-9.61e-05,-0.205,-1.42e-05
-2.68e-06,-0.205,3.73e-06,-9.61e-05,-0.205,-1.41e-05
-2.68e-06,-0.205,3.73e-06,-9.61e-05,-0.205,-1.4e-05
-2.68e-06,-0.205,3.73e-06,-9.61e-05,-0.205,-1.39e-05
-2.68e-06,-0.205,3.73e-06,-9.61e-05,-0.205,-1.38e-05
-2.68e-06,-0.205,3.73e-06,-9.61e-05,-0.205,-1.37e-05
-2.68e-06,-0.205,3.73e-06,-9.61e-05,-0.205,-1.36e-05
-2.68e-06,-0.205,3.73e-06,-9.62e-05,-0.205,-1.35e-05
-2.68e-06,-0.205,3.73e-06,-9.62e-05,-0.205,-1.34e-05
-2.68e-06,-0.205,3.73e-06,-9.62e-05,-0.205,-1.33e-05
-2.68e-06,-0.205,3.73e-06,-9.62e-05,-0.205,-1.32e-05
-2.68e-06,-0.205,3.73e-06,-9.62e-05,-0.205,-1.31e-05
-2.68e-06,-0.205,3.73e-06,-9.61e-05,-0.205,-1.3e-05
-2.68e-06,-0.205,3.73e-06,-9.62e-05,-0.205,-1.29e-05
-2.68e-06,-0.205,3.73e-06,-9.61e-05,-0.205,-1.28e-05
-2.68e-06,-0.205,3.73e-06,-9.61e-05,-0.205,-1.27e-05
-2.68e-06,-0.205,3.73e-06,-9.62e-05,-0.205,-1.26e-05
-2.68e-06,-0.205,3.73e-06,-9.61e-05,-0.205,-1.25e-05
-2.68e-06,-0.205,3.73e-06,-9.62e-05,-0.205,-1.24e-05
-2.68e-06,-0.205,3.73e-06,-9.62e-05,-0.205,-1.23e-05
-2.68e-06,-0.205,3.73e-06,-9.62e-05,-0.205,-1.22e-05
-2.68e-06,-0.205,3.73e-06,-9.62e-05,-0.205,-1.21e-05
-2.68e-06,-0.205,3.73e-06,-9.62e-05,-0.205,-1.2e-05
-2.68e-06,-0.205,3.73e-06,-9.62e-05,-0.205,-1.19e-05
-2.68e-06,-0.205,3.73e-06,-9.63e-05,-0.205,-1.18e-05
-2.68e-06,-0.205,3.73e-06,-9.63e-05,-0.205,-1.17e-05
-2.68e-06,-0.205,3.73e-06,-9.63e-05,-0.205,-1.16e-05
-2.68e-06,-0.205,3.73e-06,-9.63e-05,-0.205,-1.15e-05
-2.68e-06,-0.205,3.73e-06,-9.63e-05,-0.205,-1.14e-05
-2.68e-06,-0.205,3.73e-06,-9.62e-05,-0.205,-1.13e-05
-2.68e-06,-0.205,3.73e-06,-9.62e-05,-0.205,-1.12e-05
-2.68e-06,-0.205,3.73e-06,-9.62e-05,-0.205,-1.11e-05
-2.68e-06,-0.205,3.73e-06,-9.63e-05,-0.205,-1.1e-05
-2.68e-06,-0.205,3.73e-06,-9.63e-05,-0.205,-1.09e-05
-2.68e-06,-0.205,3.73e-06,-9.63e-05,-0.205,-1.08e-05
-2.68e-06,-0.205,3.73e-06,-9.63e-05,-0.205,-1.07e-05
-2.68e-06,-0.205,3.73e-06,-9.63e-05,-0.205,-1.06e-05
-2.68e-06,-0.205,3.73e-06,-9.63e-05,-0.205,-1.05e-05
-2.68e-06,-0.205,3.73e-06,-9.63e-05,-0.205,-1.04e-05
-2.68e-06,-0.205,3.73e-06,-9.63e-05,-0.205,-1.03e-05
-2.68e-06,-0.205,3.73e-06,-9.63e-05,-0.205,-1.02e-05
-2.68e-06,-0.205,3.73e-06,-9.63e-05,-0.205,-1.01e-05
-2.68e-06,-0.205,3.73e-06,-9.63e-05,-0.205,-9.99e-06
-2.68e-06,-0.205,3.73e-06,-9.63e-05,-0.205,-9.89e-06
-2.68e-06,-0.205,3.73e-06,-9.63e-05,-0.205,-9.8e-06
-2.68e-06,-0.205,3.73e-06,-9.63e-05,-0.205,-9.7e-06
-2.68e-06,-0.205,3.73e-06,-9.63e-05,-0.205,-9.6e-06
-2.68e-06,-0.205,3.73e-06,-9.63e-05,-0.205,-9.5e-06
-2.68e-06,-0.205,3.73e-06,-9.64e-05,-0.205,-9.4e-06
-2.68e-06,-0.205,3.73e-06,-9.63e-05,-0.205,-9.31e-06
-2.68e-06,-0.205,3.73e-06,-9.63e-05,-0.205,-9.22e-06
-2.68e-06,-0.205,3.73e-06,-9.63e-05,-0.205,-9.13e-06
-2.68e-06,-0.205,3.73e-06,-9.64e-05,-0.205,-9.03e-06
-2.68e-06,-0.205,3.73e-06,-9.63e-05,-0.205,-8.95e-06
-2.68e-06,-0.205,3.73e-06,-9.63e-05,-0.205,-8.86e-06
-2.68e-06,-0.205,3.73e-06,-9.64e-05,-0.205,-8.76e-06
-2.68e-06,-0.205,3.73e-06,-9.63e-05,-0.205,-8.67e-06
-2.68e-06,-0.205,3.73e-06,-9.63e-05,-0.205,-8.59e-06
-2.68e-06,-0.205,3.73e-06,-9.63e-05,-0.205,-8.5e-06
-2.68e-06,-0.205,3.73e-06,-9.63e-05,-0.205,-8.42e-06
-2.68e-06,-0.205,3.73e-06,-9.63e-05,-0.205,-8.33e-06
-2.68e-06,-0.205,3.73e-06,-9.62e-05,-0.205,-8.25e-06
-2.68e-06,-0.205,3.73e-06,-9.62e-05,-0.205,-8.16e-06
-2.68e-06,-0.205,3.73e-06,-9.63e-05,-0.205,-8.07e-06
-2.68e-06,-0.205,3.73e-06,-9.63e-05,-0.205,-7.98e-06
-2.68e-06,-0.205,3.73e-06,-9.63e-05,-0.205,-7.89e-06
-2.68e-06,-0.205,3.73e-06,-9.63e-05,-0.205,-7.8e-06
-2.68e-06,-0.205,3.73e-06,-9.63e-05,-0.205,-7.71e-06
-2.68e-06,-0.205,3.73e-06,-9.62e-05,-0.205,-7.64e-06
-2.68e-06,-0.205,3.73e-06,-9.63e-05,-0.205,-7.55e-06
-2.68e-06,-0.205,3.73e-06,-9.62e-05,-0.205,-7.47e-06
-2.68e-06,-0.205,3.73e-06,-9.62e-05,-0.205,-7.39e-06
-2.68e-06,-0.205,3.73e-06,-9.62e-05,-0.205,-7.31e-06
-2.68e-06,-0.205,3.73e-06,-9.62e-05,-0.205,-7.23e-06
-2.68e-06,-0.205,3.73e-06,-9.62e-05,-0.205,-7.14e-06
-2.68e-06,-0.205,3.73e-06,-9.61e-05,-0.205,-7.07e-06
-2.68e-06,-0.205,3.73e-06,-9.6e-05,-0.205,-7.02e-06
-2.68e-06,-0.205,3.73e-06,-9.6e-05,-0.205,-6.97e-06
-2.68e-06,-0.205,3.73e-06,-9.59e-05,-0.205,-6.91e-06
-2.68e-06,-0.205,3.73e-06,-9.58e-05,-0.205,-6.85e-06
-2.68e-06,-0.205,3.73e-06,-9.58e-05,-0.205,-6.78e-06
-2.68e-06,-0.205,3.73e-06,-9.58e-05,-0.205,-6.71e-06
-2.68e-06,-0.205,3.73e-06,-9.57e-05,-0.205,-6.65e-06
-2.68e-06,-0.205,3.73e-06,-9.57e-05,-0.205,-6.59e-06
-2.68e-06,-0.205,3.73e-06,-9.56e-05,-0.205,-6.52e-06
-2.68e-06,-0.205,3.73e-06,-9.56e-05,-0.205,-6.45e-06
-2.68e-06,-0.205,3.73e-06,-9.55e-05,-0.205,-6.39e-06
-2.68e-06,-0.205,3.73e-06,-9.55e-05,-0.205,-6.31e-06
-2.68e-06,-0.205,3.73e-06,-9.55e-05,-0.205,-6.25e-06
-2.68e-06,-0.205,3.73e-06,-9.54e-05,-0.205,-6.17e-06
-2.68e-06,-0.205,3.73e-06,-9.54e-05,-0.205,-6.09e-06
-2.68e-06,-0.205,3.73e-06,-9.54e-05,-0.205,-6.01e-06
-2.68e-06,-0.205,3.73e-06,-9.54e-05,-0.205,-5.94e-06
-2.68e-06,-0.205,3.73e-06,-9.53e-05,-0.205,-5.89e-06
-2.68e-06,-0.205,3.73e-06,-9.52e-05,-0.205,-5.88e-06
-2.68e-06,-0.205,3.73e-06,-9.5e-05,-0.205,-5.89e-06
-2.68e-06,-0.205,3.73e-06,-9.48e-05,-0.205,-5.9e-06
-2.68e-06,-0.205,3.73e-06,-9.46e-05,-0.205,-5.9e-06
-2.68e-06,-0.205,3.73e-06,-9.45e-05,-0.205,-5.9e-06
-2.68e-06,-0.205,3.73e-06,-9.44e-05,-0.205,-5.86e-06
-2.68e-06,-0.205,3.73e-06,-9.44e-05,-0.205,-5.82e-06
-2.68e-06,-0.205,3.73e-06,-9.44e-05,-0.205,-5.78e-06
-2.68e-06,-0.205,3.73e-06,-9.43e-05,-0.205,-5.74e-06
-2.68e-06,-0.205,3.73e-06,-9.43e-05,-0.205,-5.69e-06
-2.68e-06,-0.205,3.73e-06,-9.42e-05,-0.205,-5.64e-06
-2.68e-06,-0.205,3.73e-06,-9.41e-05,-0.205,-5.61e-06
-2.68e-06,-0.205,3.73e-06,-9.4e-05,-0.205,-5.57e-06
-2.68e-06,-0.205,3.73e-06,-9.39e-05,-0.205,-5.54e-06
-2.68e-06,-0.205,3.73e-06,-9.38e-05,-0.205,-5.5e-06
-2.68e-06,-0.205,3.73e-06,-9.37e-05,-0.205,-5.47e-06
-2.68e-06,-0.205,3.73e-06,-9.36e-05,-0.205,-5.43e-06
-2.68e-06,-0.205,3.73e-06,-9.35e-05,-0.205,-5.39e-06
-2.68e-06,-0.205,3.73e-06,-9.34e-05,-0.205,-5.34e-06
-2.68e-06,-0.205,3.73e-06,-9.33e-05,-0.205,-5.29e-06
-2.68e-06,-0.205,3.73e-06,-9.32e-05,-0.205,-5.24e-06
-2.68e-06,-0.205,3.73e-06,-9.31e-05,-0.205,-5.18e-06
-2.68e-06,-0.205,3.73e-06,-9.31e-05,-0.205,-5.12e-06
-2.68e-06,-0.205,3.73e-06,-9.3e-05,-0.205,-5.07e-06
-2.68e-06,-0.205,3.73e-06,-9.28e-05,-0.205,-5.02e-06
-2.68e-06,-0.205,3.73e-06,-9.28e-05,-0.205,-4.95e-06
-2.68e-06,-0.205,3.73e-06,-9.27e-05,-0.205,-4.88e-06
-2.68e-06,-0.205,3.73e-06,-9.27e-05,-0.205,-4.8e-06
-2.68e-06,-0.205,3.73e-06,-9.27e-05,-0.205,-4.73e-06
-2.68e-06,-0.205,3.73e-06,-9.26e-05,-0.205,-4.65e-06
-2.68e-06,-0.205,3.73e-06,-9.26e-05,-0.205,-4.58e-06
-2.68e-06,-0.205,3.73e-06,-9.26e-05,-0.205,-4.51e-06
-2.68e-06,-0.205,3.73e-06,-9.25e-05,-0.205,-4.45e-06
-2.68e-06,-0.205,3.73e-06,-9.24e-05,-0.205,-4.4e-06
-2.68e-06,-0.205,3.73e-06,-9.23e-05,-0.205,-4.33e-06
-2.68e-06,-0.205,3.73e-06,-9.22e-05,-0.205,-4.27e-06
-2.68e-06,-0.205,3.73e-06,-9.22e-05,-0.205,-4.2e-06
-2.68e-06,-0.205,3.73e-06,-9.21e-05,-0.205,-4.14e-06
-2.68e-06,-0.205,3.73e-06,-9.2e-05,-0.205,-4.07e-06
-2.68e-06,-0.205,3.73e-06,-9.2e-05,-0.205,-4.01e-06
-2.68e-06,-0.205,3.73e-06,-9.19e-05,-0.205,-3.93e-06
-2.68e-06,-0.205,3.73e-06,-9.19e-05,-0.205,-3.86e-06
-2.68e-06,-0.205,3.73e-06,-9.19e-05,-0.205,-3.77e-06
-2.68e-06,-0.205,3.73e-06,-9.18e-05,-0.205,-3.69e-06
-2.68e-06,-0.205,3.73e-06,-9.18e-05,-0.205,-3.62e-06
-2.68e-06,-0.205,3.73e-06,-9.17e-05,-0.205,-3.56e-06
-2.68e-06,-0.205,3.73e-06,-9.16e-05,-0.205,-3.51e-06
-2.68e-06,-0.205,3.73e-06,-9.15e-05,-0.205,-3.45e-06
-2.68e-06,-0.205,3.73e-06,-9.15e-05,-0.205,-3.38e-06
-2.68e-06,-0.205,3.73e-06,-9.14e-05,-0.205,-3.31e-06
-2.68e-06,-0.205,3.73e-06,-9.14e-05,-0.205,-3.24e-06
-2.68e-06,-0.205,3.73e-06,-9.14e-05,-0.205,-3.16e-06
-2.68e-06,-0.205,3.73e-06,-9.13e-05,-0.205,-3.1e-06
-2.68e-06,-0.205,3.73e-06,-9.13e-05,-0.205,-3.01e-06
-2.68e-06,-0.205,3.73e-06,-9.13e-05,-0.205,-2.94e-06
-2.68e-06,-0.205,3.73e-06,-9.12e-05,-0.205,-2.88e-06
-2.68e-06,-0.205,3.73e-06,-9.11e-05,-0.205,-2.83e-06
-2.68e-06,-0.205,3.73e-06,-9.11e-05,-0.205,-2.77e-06
-2.68e-06,-0.205,3.73e-06,-9.1e-05,-0.205,-2.71e-06
-2.68e-06,-0.205,3.73e-06,-9.09e-05,-0.205,-2.66e-06
-2.68e-06,-0.205,3.73e-06,-9.08e-05,-0.205,-2.59e-06
-2.68e-06,-0.205,3.73e-06,-9.08e-05,-0.205,-2.52e-06
-2.68e-06,-0.205,3.73e-06,-9.08e-05,-0.205,-2.45e-06
-2.68e-06,-0.205,3.73e-06,-9.08e-05,-0.205,-2.36e-06
-2.68e-06,-0.205,3.73e-06,-9.08e-05,-0.205,-2.29e-06
-2.68e-06,-0.205,3.73e-06,-9.08e-05,-0.205,-2.22e-06
-2.68e-06,-0.205,3.73e-06,-9.07e-05,-0.205,-2.17e-06
-2.68e-06,-0.205,3.73e-06,-9.07e-05,-0.205,-2.12e-06
-2.68e-06,-0.205,3.73e-06,-9.06e-05,-0.205,-2.07e-06
-2.68e-06,-0.205,3.73e-06,-9.05e-05,-0.205,-2.02e-06
-2.68e-06,-0.205,3.73e-06,-9.05e-05,-0.205,-1.96e-06
-2.68e-06,-0.205,3.73e-06,-9.04e-05,-0.205,-1.9e-06
-2.68e-06,-0.205,3.73e-06,-9.03e-05,-0.205,-1.85e-06
-2.68e-06,-0.205,3.73e-06,-9.03e-05,-0.205,-1.79e-06
-2.68e-06,-0.205,3.73e-06,-9.02e-05,-0.205,-1.73e-06
-2.68e-06,-0.205,3.73e-06,-9.02e-05,-0.205,-1.66e-06
-2.68e-06,-0.205,3.73e-06,-9.01e-05,-0.205,-1.6e-06
-2.68e-06,-0.205,3.73e-06,-9.01e-05,-0.205,-1.54e-06
-2.68e-06,-0.205,3.73e-06,-9e-05,-0.205,-1.48e-06
-2.68e-06,-0.205,3.73e-06,-8.99e-05,-0.205,-1.44e-06
-2.68e-06,-0.205,3.73e-06,-8.98e-05,-0.205,-1.39e-06
-2.68e-06,-0.205,3.73e-06,-8.97e-05,-0.205,-1.34e-06
-2.68e-06,-0.205,3.73e-06,-8.97e-05,-0.205,-1.28e-06
-2.68e-06,-0.205,3.73e-06,-8.97e-05,-0.205,-1.22e-06
-2.68e-06,-0.205,3.73e-06,-8.97e-05,-0.205,-1.14e-06
-2.68e-06,-0.205,3.73e-06,-8.96e-05,-0.205,-1.08e-06
-2.68e-06,-0.205,3.73e-06,-8.96e-05,-0.205,-1.01e-06
-2.68e-06,-0.205,3.73e-06,-8.96e-05,-0.205,-9.51e-07
-2.68e-06,-0.205,3.73e-06,-8.95e-05,-0.205,-9.04e-07
-2.68e-06,-0.205,3.73e-06,-8.94e-05,-0.205,-8.62e-07
-2.68e-06,-0.205,3.73e-06,-8.93e-05,-0.205,-8.23e-07
-2.68e-06,-0.205,3.73e-06,-8.93e-05,-0.205,-7.75e-07
-2.68e-06,-0.205,3.73e-06,-8.92e-05,-0.205,-7.36e-07
-2.68e-06,-0.205,3.73e-06,-8.91e-05,-0.205,-6.83e-07
-2.68e-06,-0.205,3.73e-06,-8.91e-05,-0.205,-6.33e-07
-2.68e-06,-0.205,3.73e-06,-8.9e-05,-0.205,-5.72e-07
-2.68e-06,-0.205,3.73e-06,-8.9e-05,-0.205,-5.22e-07
-2.68e-06,-0.205,3.73e-06,-8.89e-05,-0.205,-4.64e-07
-2.68e-06,-0.205,3.73e-06,-8.88e-05,-0.205,-4.17e-07
-2.68e-06,-0.205,3.73e-06,-8.87e-05,-0.205,-3.75e-07
-2.68e-06,-0.205,3.73e-06,-8.86e-05,-0.205,-3.4e-07
-2.68e-06,-0.205,3.73e-06,-8.86e-05,-0.205,-2.88e-07
-2.68e-06,-0.205,3.73e-06,-8.85e-05,-0.205,-2.44e-07
-2.68e-06,-0.205,3.73e-06,-8.85e-05,-0.205,-1.93e-07
-2.68e-06,-0.205,3.73e-06,-8.84e-05,-0.205,-1.36e-07
-2.68e-06,-0.205,3.73e-06,-8.84e-05,-0.205,-8.21e-08
-2.68e-06,-0.205,3.73e-06,-8.84e-05,-0.205,-2.6e-08
-2.68e-06,-0.205,3.73e-06,-8.83e-05,-0.205,3.87e-08
-2.68e-06,-0.205,3.73e-06,-8.83e-05,-0.205,9.49e-08
-2.68e-06,-0.205,3.73e-06,-8.82e-05,-0.205,1.48e-07
-2.68e-06,-0.205,3.73e-06,-8.82e-05,-0.205,1.9e-07
-2.68e-06,-0.205,3.73e-06,-8.81e-05,-0.205,2.28e-07
-2.68e-06,-0.205,3.73e-06,-8.8e-05,-0.205,2.6e-07
-2.68e-06,-0.205,3.73e-06,-8.79e-05,-0.205,3.04e-07
-2.68e-06,-0.205,3.73e-06,-8.78e-05,-0.205,3.45e-07
-2.68e-06,-0.205,3.73e-06,-8.77e-05,-0.205,3.9e-07
-2.68e-06,-0.205,3.73e-06,-8.76e-05,-0.205,4.34e-07
-2.68e-06,-0.205,3.73e-06,-8.76e-05,-0.205,5e-07
-2.68e-06,-0.205,3.73e-06,-8.76e-05,-0.205,5.63e-07
-2.68e-06,-0.205,3.73e-06,-8.76e-05,-0.205,6.15e-07
-2.68e-06,-0.205,3.73e-06,-8.75e-05,-0.205,6.66e-07
-2.68e-06,-0.205,3.73e-06,-8.75e-05,-0.205,7.05e-07
-2.68e-06,-0.205,3.73e-06,-8.74e-05,-0.205,7.52e-07
-2.68e-06,-0.205,3.73e-06,-8.73e-05,-0.205,7.95e-07
-2.68e-06,-0.205,3.73e-06,-8.73e-05,-0.205,8.4e-07
-2.68e-06,-0.205,3.73e-06,-8.72e-05,-0.205,8.86e-07
-2.68e-06,-0.205,3.73e-06,-8.71e-05,-0.205,9.38e-07
-2.68e-06,-0.205,3.73e-06,-8.71e-05,-0.205,9.95e-07
-2.68e-06,-0.205,3.73e-06,-8.7e-05,-0.205,1.04e-06
-2.68e-06,-0.205,3.73e-06,-8.7e-05,-0.205,1.08e-06
-2.68e-06,-0.205,3.73e-06,-8.69e-05,-0.205,1.12e-06
-2.68e-06,-0.205,3.73e-06,-8.68e-05,-0.205,1.17e-06
-2.68e-06,-0.205,3.73e-06,-8.67e-05,-0.205,1.22e-06
-2.68e-06,-0.205,3.73e-06,-8.67e-05,-0.205,1.26e-06
-2.68e-06,-0.205,3.73e-06,-8.66e-05,-0.205,1.32e-06
-2.68e-06,-0.205,3.73e-06,-8.66e-05,-0.205,1.37e-06
-2.68e-06,-0.205,3.73e-06,-8.65e-05,-0.205,1.41e-06
-2.68e-06,-0.205,3.73e-06,-8.64e-05,-0.205,1.45e-06
-2.68e-06,-0.205,3.73e-06,-8.64e-05,-0.205,1.49e-06
-2.68e-06,-0.205,3.73e-06,-8.63e-05,-0.205,1.54e-06
-2.68e-06,-0.205,3.73e-06,-8.62e-05,-0.205,1.59e-06
-2.68e-06,-0.205,3.73e-06,-8.62e-05,-0.205,1.64e-06
-2.68e-06,-0.205,3.73e-06,-8.62e-05,-0.205,1.7e-06
-2.68e-06,-0.205,3.73e-06,-8.61e-05,-0.205,1.75e-06
-2.68e-06,-0.205,3.73e-06,-8.6e-05,-0.205,1.78e-06
-2.68e-06,-0.205,3.73e-06,-8.59e-05,-0.205,1.82e-06
-2.68e-06,-0.205,3.73e-06,-8.58e-05,-0.205,1.86e-06
-2.68e-06,-0.205,3.73e-06,-8.58e-05,-0.205,1.91e-06
-2.68e-06,-0.205,3.73e-06,-8.58e-05,-0.205,1.96e-06
-2.68e-06,-0.205,3.73e-06,-8.58e-05,-0.205,2.02e-06
-2.68e-06,-0.205,3.73e-06,-8.57e-05,-0.205,2.08e-06
-2.68e-06,-0.205,3.73e-06,-8.57e-05,-0.205,2.13e-06
-2.68e-06,-0.205,3.73e-06,-8.56e-05,-0.205,2.17e-06
-2.68e-06,-0.205,3.73e-06,-8.55e-05,-0.205,2.21e-06
-2.68e-06,-0.205,3.73e-06,-8.55e-05,-0.205,2.25e-06
-2.68e-06,-0.205,3.73e-06,-8.54e-05,-0.205,2.29e-06
-2.68e-06,-0.205,3.73e-06,-8.53e-05,-0.205,2.34e-06
-2.68e-06,-0.205,3.73e-06,-8.53e-05,-0.205,2.39e-06
-2.68e-06,-0.205,3.73e-06,-8.52e-05,-0.205,2.44e-06
-2.68e-06,-0.205,3.73e-06,-8.51e-05,-0.205,2.49e-06
-2.68e-06,-0.205,3.73e-06,-8.51e-05,-0.205,2.53e-06
-2.68e-06,-0.205,3.73e-06,-8.5e-05,-0.205,2.57e-06
-2.68e-06,-0.205,3.73e-06,-8.49e-05,-0.205,2.61e-06
-2.68e-06,-0.205,3.73e-06,-8.48e-05,-0.205,2.65e-06
-2.68e-06,-0.205,3.73e-06,-8.48e-05,-0.205,2.71e-06
-2.68e-06,-0.205,3.73e-06,-8.48e-05,-0.205,2.76e-06
-2.68e-06,-0.205,3.73e-06,-8.47e-05,-0.205,2.82e-06
-2.68e-06,-0.205,3.73e-06,-8.47e-05,-0.205,2.88e-06
-2.68e-06,-0.205,3.73e-06,-8.46e-05,-0.205,2.92e-06
-2.68e-06,-0.205,3.73e-06,-8.45e-05,-0.205,2.95e-06
-2.68e-06,-0.205,3.73e-06,-8.44e-05,-0.205,3e-06
-2.68e-06,-0.205,3.73e-06,-8.43e-05,-0.205,3.04e-06
-2.68e-06,-0.205,3.73e-06,-8.43e-05,-0.205,3.09e-06
-2.68e-06,-0.205,3.73e-06,-8.43e-05,-0.205,3.15e-06
-2.68e-06,-0.205,3.73e-06,-8.42e-05,-0.205,3.2e-06
-2.68e-06,-0.205,3.73e-06,-8.42e-05,-0.205,3.24e-06
-2.68e-06,-0.205,3.73e-06,-8.4e-05,-0.205,3.27e-06
-2.68e-06,-0.205,3.73e-06,-8.4e-05,-0.205,3.31e-06
-2.68e-06,-0.205,3.73e-06,-8.39e-05,-0.205,3.37e-06
-2.68e-06,-0.205,3.73e-06,-8.39e-05,-0.205,3.42e-06
-2.68e-06,-0.205,3.73e-06,-8.39e-05,-0.205,3.47e-06
-2.68e-06,-0.205,3.73e-06,-8.38e-05,-0.205,3.53e-06
-2.68e-06,-0.205,3.73e-06,-8.38e-05,-0.205,3.58e-06
-2.68e-06,-0.205,3.73e-06,-8.37e-05,-0.205,3.62e-06
-2.68e-06,-0.205,3.73e-06,-8.36e-05,-0.205,3.67e-06
-2.68e-06,-0.205,3.73e-06,-8.35e-05,-0.205,3.7e-06
-2.68e-06,-0.205,3.73e-06,-8.35e-05,-0.205,3.74e-06
-2.68e-06,-0.205,3.73e-06,-8.34e-05,-0.205,3.79e-06
-2.68e-06,-0.205,3.73e-06,-8.33e-05,-0.205,3.84e-06
-2.68e-06,-0.205,3.73e-06,-8.33e-05,-0.205,3.89e-06
-2.68e-06,-0.205,3.73e-06,-8.33e-05,-0.205,3.95e-06
-2.68e-06,-0.205,3.73e-06,-8.32e-05,-0.205,4e-06
-2.68e-06,-0.205,3.73e-06,-8.32e-05,-0.205,4.05e-06
-2.68e-06,-0.205,3.73e-06,-8.31e-05,-0.205,4.09e-06
-2.68e-06,-0.205,3.73e-06,-8.3e-05,-0.205,4.12e-06
-2.68e-06,-0.205,3.73e-06,-8.29e-05,-0.205,4.16e-06
-2.68e-06,-0.205,3.73e-06,-8.28e-05,-0.205,4.2e-06
-2.68e-06,-0.205,3.73e-06,-8.28e-05,-0.205,4.27e-06
-2.68e-06,-0.205,3.73e-06,-8.28e-05,-0.205,4.32e-06
-2.68e-06,-0.205,3.73e-06,-8.28e-05,-0.205,4.39e-06
-2.68e-06,-0.205,3.73e-06,-8.28e-05,-0.205,4.45e-06
-2.68e-06,-0.205,3.73e-06,-8.27e-05,-0.205,4.5e-06
-2.68e-06,-0.205,3.73e-06,-8.26e-05,-0.205,4.54e-06
-2.68e-06,-0.205,3.73e-06,-8.25e-05,-0.205,4.57e-06
-2.68e-06,-0.205,3.73e-06,-8.25e-05,-0.205,4.61e-06
-2.68e-06,-0.205,3.73e-06,-8.23e-05,-0.205,4.64e-06
-2.68e-06,-0.205,3.73e-06,-8.22e-05,-0.205,4.68e-06
-2.68e-06,-0.205,3.73e-06,-8.22e-05,-0.205,4.72e-06
-2.68e-06,-0.205,3.73e-06,-8.21e-05,-0.205,4.78e-06
-2.68e-06,-0.205,3.73e-06,-8.21e-05,-0.205,4.84e-06
-2.68e-06,-0.205,3.73e-06,-8.21e-05,-0.205,4.91e-06
-2.68e-06,-0.205,3.73e-06,-8.21e-05,-0.205,4.98e-06
-2.68e-06,-0.205,3.73e-06,-8.21e-05,-0.205,5.03e-06
-2.68e-06,-0.205,3.73e-06,-8.2e-05,-0.205,5.07e-06
-2.68e-06,-0.205,3.73e-06,-8.19e-05,-0.205,5.11e-06
-2.68e-06,-0.205,3.73e-06,-8.18e-05,-0.205,5.14e-06
-2.68e-06,-0.205,3.73e-06,-8.17e-05,-0.205,5.17e-06
-2.68e-06,-0.205,3.73e-06,-8.16e-05,-0.205,5.21e-06
-2.68e-06,-0.205,3.73e-06,-8.15e-05,-0.205,5.24e-06
-2.68e-06,-0.205,3.73e-06,-8.14e-05,-0.205,5.29e-06
-2.68e-06,-0.205,3.73e-06,-8.14e-05,-0.205,5.35e-06
-2.68e-06,-0.205,3.73e-06,-8.14e-05,-0.205,5.42e-06
-2.68e-06,-0.205,3.73e-06,-8.15e-05,-0.205,5.49e-06
-2.68e-06,-0.205,3.73e-06,-8.15e-05,-0.205,5.56e-06
-2.68e-06,-0.205,3.73e-06,-8.14e-05,-0.205,5.61e-06
-2.68e-06,-0.205,3.73e-06,-8.14e-05,-0.205,5.67e-06
-2.68e-06,-0.205,3.73e-06,-8.13e-05,-0.205,5.71e-06
-2.68e-06,-0.205,3.73e-06,-8.13e-05,-0.205,5.75e-06
-2.68e-06,-0.205,3.73e-06,-8.12e-05,-0.205,5.79e-06
-2.68e-06,-0.205,3.73e-06,-8.11e-05,-0.205,5.82e-06
-2.68e-06,-0.205,3.73e-06,-8.1e-05,-0.205,5.87e-06
-2.68e-06,-0.205,3.73e-06,-8.09e-05,-0.205,5.92e-06
-2.68e-06,-0.205,3.73e-06,-8.09e-05,-0.205,5.97e-06
-2.68e-06,-0.205,3.73e-06,-8.08e-05,-0.205,6.03e-06
-2.68e-06,-0.205,3.73e-06,-8.07e-05,-0.205,6.09e-06
-2.68e-06,-0.205,3.73e-06,-8.07e-05,-0.205,6.14e-06
-2.68e-06,-0.205,3.73e-06,-8.06e-05,-0.205,6.19e-06
-2.68e-06,-0.205,3.73e-06,-8.06e-05,-0.205,6.25e-06
-2.68e-06,-0.205,3.73e-06,-8.06e-05,-0.205,6.3e-06
-2.68e-06,-0.205,3.73e-06,-8.05e-05,-0.205,6.34e-06
-2.68e-06,-0.205,3.73e-06,-8.04e-05,-0.205,6.39e-06
-2.68e-06,-0.205,3.73e-06,-8.04e-05,-0.205,6.45e-06
-2.68e-06,-0.205,3.73e-06,-8.04e-05,-0.205,6.51e-06
-2.68e-06,-0.205,3.73e-06,-8.04e-05,-0.205,6.58e-06
-2.68e-06,-0.205,3.73e-06,-8.03e-05,-0.205,6.64e-06
-2.68e-06,-0.205,3.73e-06,-8.03e-05,-0.205,6.7e-06
-2.68e-06,-0.205,3.73e-06,-8.02e-05,-0.205,6.75e-06
-2.68e-06,-0.205,3.73e-06,-8.01e-05,-0.205,6.79e-06
-2.68e-06,-0.205,3.73e-06,-8e-05,-0.205,6.83e-06
-2.68e-06,-0.205,3.73e-06,-8e-05,-0.205,6.88e-06
-2.68e-06,-0.205,3.73e-06,-7.99e-05,-0.205,6.93e-06
-2.68e-06,-0.205,3.73e-06,-7.99e-05,-0.205,6.99e-06
-2.68e-06,-0.205,3.73e-06,-7.98e-05,-0.205,7.06e-06
-2.68e-06,-0.205,3.73e-06,-7.99e-05,-0.205,7.14e-06
-2.68e-06,-0.205,3.73e-06,-7.98e-05,-0.205,7.2e-06
-2.68e-06,-0.205,3.73e-06,-7.98e-05,-0.205,7.27e-06
-2.68e-06,-0.205,3.73e-06,-7.98e-05,-0.205,7.33e-06
-2.68e-06,-0.205,3.73e-06,-7.97e-05,-0.205,7.39e-06
-2.68e-06,-0.205,3.73e-06,-7.97e-05,-0.205,7.44e-06
-2.68e-06,-0.205,3.73e-06,-7.96e-05,-0.205,7.49e-06
-2.68e-06,-0.205,3.73e-06,-7.95e-05,-0.205,7.53e-06
-2.68e-06,-0.205,3.73e-06,-7.94e-05,-0.205,7.57e-06
-2.68e-06,-0.205,3.73e-06,-7.94e-05,-0.205,7.62e-06
-2.68e-06,-0.205,3.73e-06,-7.93e-05,-0.205,7.69e-06
-2.68e-06,-0.205,3.73e-06,-7.93e-05,-0.205,7.77e-06
-2.68e-06,-0.205,3.73e-06,-7.94e-05,-0.205,7.86e-06
-2.68e-06,-0.205,3.73e-06,-7.94e-05,-0.205,7.94e-06
-2.68e-06,-0.205,3.73e-06,-7.94e-05,-0.205,8.02e-06
-2.68e-06,-0.205,3.73e-06,-7.94e-05,-0.205,8.09e-06
-2.68e-06,-0.205,3.73e-06,-7.94e-05,-0.205,8.16e-06
-2.68e-06,-0.205,3.73e-06,-7.93e-05,-0.205,8.22e-06
-2.68e-06,-0.205,3.73e-06,-7.92e-05,-0.205,8.27e-06
-2.68e-06,-0.205,3.73e-06,-7.91e-05,-0.205,8.31e-06
-2.68e-06,-0.205,3.73e-06,-7.91e-05,-0.205,8.36e-06
-2.68e-06,-0.205,3.73e-06,-7.9e-05,-0.205,8.4e-06
-2.68e-06,-0.205,3.73e-06,-7.9e-05,-0.205,8.45e-06
-2.68e-06,-0.205,3.73e-06,-7.89e-05,-0.205,8.51e-06
-2.68e-06,-0.205,3.73e-06,-7.89e-05,-0.205,8.58e-06
-2.68e-06,-0.205,3.73e-06,-7.89e-05,-0.205,8.66e-06
-2.68e-06,-0.205,3.73e-06,-7.89e-05,-0.205,8.74e-06
-2.68e-06,-0.205,3.73e-06,-7.88e-05,-0.205,8.81e-06
-2.68e-06,-0.205,3.73e-06,-7.88e-05,-0.205,8.88e-06
-2.68e-06,-0.205,3.73e-06,-7.88e-05,-0.205,8.94e-06
-2.68e-06,-0.205,3.73e-06,-7.88e-05,-0.205,9.01e-06
-2.68e-06,-0.205,3.73e-06,-7.88e-05,-0.205,9.08e-06
-2.68e-06,-0.205,3.73e-06,-7.87e-05,-0.205,9.13e-06
-2.68e-06,-0.205,3.73e-06,-7.87e-05,-0.205,9.17e-06
-2.68e-06,-0.205,3.73e-06,-7.86e-05,-0.205,9.2e-06
-2.68e-06,-0.205,3.73e-06,-7.84e-05,-0.205,9.21e-06
-2.68e-06,-0.205,3.73e-06,-7.83e-05,-0.205,9.24e-06
-2.68e-06,-0.205,3.73e-06,-7.83e-05,-0.205,9.29e-06
-2.68e-06,-0.205,3.73e-06,-7.82e-05,-0.205,9.34e-06
-2.68e-06,-0.205,3.73e-06,-7.81e-05,-0.205,9.39e-06
-2.68e-06,-0.205,3.73e-06,-7.81e-05,-0.205,9.44e-06
-2.68e-06,-0.205,3.73e-06,-7.8e-05,-0.205,9.49e-06
-2.68e-06,-0.205,3.73e-06,-7.8e-05,-0.205,9.54e-06
-2.68e-06,-0.205,3.73e-06,-7.8e-05,-0.205,9.59e-06
-2.68e-06,-0.205,3.73e-06,-7.79e-05,-0.205,9.63e-06
-2.68e-06,-0.205,3.73e-06,-7.78e-05,-0.205,9.68e-06
-2.68e-06,-0.205,3.73e-06,-7.78e-05,-0.205,9.72e-06
-2.68e-06,-0.205,3.73e-06,-7.76e-05,-0.205,9.73e-06
-2.68e-06,-0.205,3.73e-06,-7.75e-05,-0.205,9.74e-06
-2.68e-06,-0.205,3.73e-06,-7.74e-05,-0.205,9.76e-06
-2.68e-06,-0.205,3.73e-06,-7.72e-05,-0.205,9.78e-06
-2.68e-06,-0.205,3.73e-06,-7.71e-05,-0.205,9.81e-06
-2.68e-06,-0.205,3.73e-06,-7.7e-05,-0.205,9.86e-06
-2.68e-06,-0.205,3.73e-06,-7.7e-05,-0.205,9.9e-06
-2.68e-06,-0.205,3.73e-06,-7.7e-05,-0.205,9.94e-06
-2.68e-06,-0.205,3.73e-06,-7.69e-05,-0.205,9.99e-06
-2.68e-06,-0.205,3.73e-06,-7.69e-05,-0.205,1e-05
-2.68e-06,-0.205,3.73e-06,-7.68e-05,-0.205,1.01e-05
-2.68e-06,-0.205,3.73e-06,-7.67e-05,-0.205,1.01e-05
-2.68e-06,-0.205,3.73e-06,-7.66e-05,-0.205,1.02e-05
-2.68e-06,-0.205,3.73e-06,-7.65e-05,-0.205,1.02e-05
-2.68e-06,-0.205,3.73e-06,-7.64e-05,-0.205,1.02e-05
-2.68e-06,-0.205,3.73e-06,-7.62e-05,-0.205,1.02e-05
-2.68e-06,-0.205,3.73e-06,-7.61e-05,-0.205,1.02e-05
-2.68e-06,-0.205,3.73e-06,-7.61e-05,-0.205,1.03e-05
-2.68e-06,-0.205,3.73e-06,-7.6e-05,-0.205,1.03e-05
-2.68e-06,-0.205,3.73e-06,-7.6e-05,-0.205,1.04e-05
-2.68e-06,-0.205,3.73e-06,-7.6e-05,-0.205,1.05e-05
-2.68e-06,-0.205,3.73e-06,-7.6e-05,-0.205,1.05e-05
-2.68e-06,-0.205,3.73e-06,-7.59e-05,-0.205,1.06e-05
-2.68e-06,-0.205,3.73e-06,-7.59e-05,-0.205,1.06e-05
-2.68e-06,-0.205,3.73e-06,-7.58e-05,-0.205,1.07e-05
-2.68e-06,-0.205,3.73e-06,-7.57e-05,-0.205,1.07e-05
-2.68e-06,-0.205,3.73e-06,-7.56e-05,-0.205,1.08e-05
-2.68e-06,-0.205,3.73e-06,-7.56e-05,-0.205,1.08e-05
-2.68e-06,-0.205,3.73e-06,-7.56e-05,-0.205,1.09e-05
-2.68e-06,-0.205,3.73e-06,-7.56e-05,-0.205,1.09e-05
-2.68e-06,-0.205,3.73e-06,-7.55e-05,-0.205,1.1e-05
-2.68e-06,-0.205,3.73e-06,-7.54e-05,-0.205,1.1e-05
-2.68e-06,-0.205,3.73e-06,-7.52e-05,-0.205,1.1e-05
-2.68e-06,-0.205,3.73e-06,-7.5e-05,-0.205,1.1e-05
-2.68e-06,-0.205,3.73e-06,-7.48e-05,-0.205,1.1e-05
-2.68e-06,-0.205,3.73e-06,-7.47e-05,-0.205,1.1e-05
-2.68e-06,-0.205,3.73e-06,-7.46e-05,-0.205,1.1e-05
-2.68e-06,-0.205,3.73e-06,-7.45e-05,-0.205,1.1e-05
-2.68e-06,-0.205,3.73e-06,-7.44e-05,-0.205,1.1e-05
-2.68e-06,-0.205,3.73e-06,-7.43e-05,-0.205,1.11e-05
-2.68e-06,-0.205,3.73e-06,-7.41e-05,-0.205,1.1e-05
-2.68e-06,-0.205,3.73e-06,-7.4e-05,-0.205,1.11e-05
-2.68e-06,-0.205,3.73e-06,-7.4e-05,-0.205,1.11e-05
-2.68e-06,-0.205,3.73e-06,-7.39e-05,-0.205,1.12e-05
-2.68e-06,-0.205,3.73e-06,-7.38e-05,-0.205,1.12e-05
-2.68e-06,-0.205,3.73e-06,-7.38e-05,-0.205,1.13e-05
-2.68e-06,-0.205,3.73e-06,-7.37e-05,-0.205,1.13e-05
-2.68e-06,-0.205,3.73e-06,-7.37e-05,-0.205,1.14e-05
-2.68e-06,-0.205,3.73e-06,-7.36e-05,-0.205,1.14e-05
-2.68e-06,-0.205,3.73e-06,-7.35e-05,-0.205,1.14e-05
-2.68e-06,-0.205,3.73e-06,-7.33e-05,-0.205,1.14e-05
-2.68e-06,-0.205,3.73e-06,-7.32e-05,-0.205,1.15e-05
-2.68e-06,-0.205,3.73e-06,-7.31e-05,-0.205,1.15e-05
-2.68e-06,-0.205,3.73e-06,-7.3e-05,-0.205,1.15e-05
-2.68e-06,-0.205,3.73e-06,-7.3e-05,-0.205,1.16e-05
-2.68e-06,-0.205,3.73e-06,-7.29e-05,-0.205,1.16e-05
-2.68e-06,-0.205,3.73e-06,-7.29e-05,-0.205,1.17e-05
-2.68e-06,-0.205,3.73e-06,-7.29e-05,-0.205,1.18e-05
-2.68e-06,-0.205,3.73e-06,-7.27e-05,-0.205,1.18e-05
-2.68e-06,-0.205,3.73e-06,-7.27e-05,-0.205,1.18e-05
-2.68e-06,-0.205,3.73e-06,-7.26e-05,-0.205,1.19e-05
-2.68e-06,-0.205,3.73e-06,-7.25e-05,-0.205,1.19e-05
-2.68e-06,-0.205,3.73e-06,-7.25e-05,-0.205,1.2e-05
-2.68e-06,-0.205,3.73e-06,-7.25e-05,-0.205,1.2e-05
-2.68e-06,-0.205,3.73e-06,-7.24e-05,-0.205,1.21e-05
-2.68e-06,-0.205,3.73e-06,-7.22e-05,-0.205,1.21e-05
-2.68e-06,-0.205,3.73e-06,-7.21e-05,-0.205,1.21e-05
-2.68e-06,-0.205,3.73e-06,-7.2e-05,-0.205,1.21e-05
-2.68e-06,-0.205,3.73e-06,-7.18e-05,-0.205,1.21e-05
-2.68e-06,-0.205,3.73e-06,-7.17e-05,-0.205,1.21e-05
-2.68e-06,-0.205,3.73e-06,-7.17e-05,-0.205,1.22e-05
-2.68e-06,-0.205,3.73e-06,-7.16e-05,-0.205,1.22e-05
-2.68e-06,-0.205,3.73e-06,-7.16e-05,-0.205,1.23e-05
-2.68e-06,-0.205,3.73e-06,-7.14e-05,-0.205,1.23e-05
-2.68e-06,-0.205,3.73e-06,-7.12e-05,-0.205,1.23e-05
-2.68e-06,-0.205,3.73e-06,-7.11e-05,-0.205,1.23e-05
-2.68e-06,-0.205,3.73e-06,-7.1e-05,-0.205,1.23e-05
-2.68e-06,-0.205,3.73e-06,-7.09e-05,-0.205,1.23e-05
-2.68e-06,-0.205,3.73e-06,-7.08e-05,-0.205,1.23e-05
-2.68e-06,-0.205,3.73e-06,-7.07e-05,-0.205,1.23e-05
-2.68e-06,-0.205,3.73e-06,-7.06e-05,-0.205,1.24e-05
-2.68e-06,-0.205,3.73e-06,-7.04e-05,-0.205,1.23e-05
-2.68e-06,-0.205,3.73e-06,-7.03e-05,-0.205,1.24e-05
-2.68e-06,-0.205,3.73e-06,-7.01e-05,-0.205,1.24e-05
-2.68e-06,-0.205,3.73e-06,-7.01e-05,-0.205,1.24e-05
-2.68e-06,-0.205,3.73e-06,-7e-05,-0.205,1.24e-05
-2.68e-06,-0.205,3.73e-06,-6.99e-05,-0.205,1.25e-05
-2.68e-06,-0.205,3.73e-06,-6.99e-05,-0.205,1.25e-05
-2.68e-06,-0.205,3.73e-06,-6.98e-05,-0.205,1.26e-05
-2.68e-06,-0.205,3.73e-06,-6.98e-05,-0.205,1.26e-05
-2.68e-06,-0.205,3.73e-06,-6.97e-05,-0.205,1.27e-05
-2.68e-06,-0.205,3.73e-06,-6.97e-05,-0.205,1.28e-05
-2.68e-06,-0.205,3.73e-06,-6.97e-05,-0.205,1.28e-05
-2.68e-06,-0.205,3.73e-06,-6.97e-05,-0.205,1.29e-05
-2.68e-06,-0.205,3.73e-06,-6.97e-05,-0.205,1.3e-05
-2.68e-06,-0.205,3.73e-06,-6.95e-05,-0.205,1.3e-05
-2.68e-06,-0.205,3.73e-06,-6.95e-05,-0.205,1.31e-05
-2.68e-06,-0.205,3.73e-06,-6.94e-05,-0.205,1.31e-05
-2.68e-06,-0.205,3.73e-06,-6.94e-05,-0.205,1.32e-05
-2.68e-06,-0.205,3.73e-06,-6.94e-05,-0.205,1.32e-05
-2.68e-06,-0.205,3.73e-06,-6.93e-05,-0.205,1.33e-05
-2.68e-06,-0.205,3.73e-06,-6.92e-05,-0.205,1.33e-05
-2.68e-06,-0.205,3.73e-06,-6.91e-05,-0.205,1.33e-05
-2.68e-06,-0.205,3.73e-06,-6.9e-05,-0.205,1.34e-05
-2.68e-06,-0.205,3.73e-06,-6.89e-05,-0.205,1.34e-05
-2.68e-06,-0.205,3.73e-06,-6.88e-05,-0.205,1.34e-05
-2.68e-06,-0.205,3.73e-06,-6.87e-05,-0.205,1.35e-05
-2.68e-06,-0.205,3.73e-06,-6.87e-05,-0.205,1.35e-05
-2.68e-06,-0.205,3.73e-06,-6.87e-05,-0.205,1.36e-05
-2.68e-06,-0.205,3.73e-06,-6.87e-05,-0.205,1.37e-05
-2.68e-06,-0.205,3.73e-06,-6.85e-05,-0.205,1.37e-05
-2.68e-06,-0.205,3.73e-06,-6.84e-05,-0.205,1.37e-05
-2.68e-06,-0.205,3.73e-06,-6.82e-05,-0.205,1.37e-05
-2.68e-06,-0.205,3.73e-06,-6.81e-05,-0.205,1.37e-05
-2.68e-06,-0.205,3.73e-06,-6.8e-05,-0.205,1.37e-05
-2.68e-06,-0.205,3.73e-06,-6.8e-05,-0.205,1.38e-05
-2.68e-06,-0.205,3.73e-06,-6.79e-05,-0.205,1.38e-05
-2.68e-06,-0.205,3.73e-06,-6.79e-05,-0.205,1.39e-05
-2.68e-06,-0.205,3.73e-06,-6.79e-05,-0.205,1.39e-05
-2.68e-06,-0.205,3.73e-06,-6.78e-05,-0.205,1.4e-05
-2.68e-06,-0.205,3.73e-06,-6.77e-05,-0.205,1.4e-05
-2.68e-06,-0.205,3.73e-06,-6.75e-05,-0.205,1.4e-05
-2.68e-06,-0.205,3.73e-06,-6.73e-05,-0.205,1.4e-05
-2.68e-06,-0.205,3.73e-06,-6.72e-05,-0.205,1.4e-05
-2.68e-06,-0.205,3.73e-06,-6.71e-05,-0.205,1.4e-05
-2.68e-06,-0.205,3.73e-06,-6.7e-05,-0.205,1.4e-05
-2.68e-06,-0.205,3.73e-06,-6.7e-05,-0.205,1.41e-05
-2.68e-06,-0.205,3.73e-06,-6.69e-05,-0.205,1.41e-05
-2.68e-06,-0.205,3.73e-06,-6.69e-05,-0.205,1.42e-05
-2.68e-06,-0.205,3.73e-06,-6.69e-05,-0.205,1.42e-05
-2.68e-06,-0.205,3.73e-06,-6.67e-05,-0.205,1.43e-05
-2.68e-06,-0.205,3.73e-06,-6.65e-05,-0.205,1.42e-05
-2.68e-06,-0.205,3.73e-06,-6.64e-05,-0.205,1.42e-05
-2.68e-06,-0.205,3.73e-06,-6.62e-05,-0.205,1.43e-05
-2.68e-06,-0.205,3.73e-06,-6.61e-05,-0.205,1.43e-05
-2.68e-06,-0.205,3.73e-06,-6.6e-05,-0.205,1.43e-05
-2.68e-06,-0.205,3.73e-06,-6.6e-05,-0.205,1.44e-05
-2.68e-06,-0.205,3.73e-06,-6.6e-05,-0.205,1.44e-05
-2.68e-06,-0.205,3.73e-06,-6.6e-05,-0.205,1.45e-05
-2.68e-06,-0.205,3.73e-06,-6.6e-05,-0.205,1.46e-05
-2.68e-06,-0.205,3.73e-06,-6.6e-05,-0.205,1.47e-05
-2.68e-06,-0.205,3.73e-06,-6.6e-05,-0.205,1.47e-05
-2.68e-06,-0.205,3.73e-06,-6.59e-05,-0.205,1.48e-05
-2.68e-06,-0.205,3.73e-06,-6.57e-05,-0.205,1.48e-05
-2.68e-06,-0.205,3.73e-06,-6.55e-05,-0.205,1.48e-05
-2.68e-06,-0.205,3.73e-06,-6.54e-05,-0.205,1.48e-05
-2.68e-06,-0.205,3.73e-06,-6.53e-05,-0.205,1.48e-05
-2.68e-06,-0.205,3.73e-06,-6.53e-05,-0.205,1.49e-05
-2.68e-06,-0.205,3.73e-06,-6.52e-05,-0.205,1.49e-05
-2.68e-06,-0.205,3.73e-06,-6.52e-05,-0.205,1.5e-05
-2.68e-06,-0.205,3.73e-06,-6.52e-05,-0.205,1.51e-05
-2.68e-06,-0.205,3.73e-06,-6.53e-05,-0.205,1.52e-05
-2.68e-06,-0.205,3.73e-06,-6.53e-05,-0.205,1.53e-05
-2.68e-06,-0.205,3.73e-06,-6.53e-05,-0.205,1.54e-05
-2.68e-06,-0.205,3.73e-06,-6.52e-05,-0.205,1.54e-05
-2.68e-06,-0.205,3.73e-06,-6.5e-05,-0.205,1.54e-05
-2.68e-06,-0.205,3.73e-06,-6.49e-05,-0.205,1.54e-05
-2.68e-06,-0.205,3.73e-06,-6.48e-05,-0.205,1.55e-05
-2.68e-06,-0.205,3.73e-06,-6.47e-05,-0.205,1.55e-05
-2.68e-06,-0.205,3.73e-06,-6.47e-05,-0.205,1.56e-05
-2.68e-06,-0.205,3.73e-06,-6.47e-05,-0.205,1.56e-05
-2.68e-06,-0.205,3.73e-06,-6.47e-05,-0.205,1.57e-05
-2.68e-06,-0.205,3.73e-06,-6.47e-05,-0.205,1.58e-05
-2.68e-06,-0.205,3.73e-06,-6.47e-05,-0.205,1.59e-05
-2.68e-06,-0.205,3.73e-06,-6.48e-05,-0.205,1.61e-05
-2.68e-06,-0.205,3.73e-06,-6.5e-05,-0.205,1.62e-05
-2.68e-06,-0.205,3.73e-06,-6.5e-05,-0.205,1.63e-05
-2.68e-06,-0.205,3.73e-06,-6.49e-05,-0.205,1.64e-05
-2.68e-06,-0.205,3.73e-06,-6.49e-05,-0.205,1.65e-05
-2.68e-06,-0.205,3.73e-06,-6.5e-05,-0.205,1.66e-05
-2.68e-06,-0.205,3.73e-06,-6.5e-05,-0.205,1.67e-05
-2.68e-06,-0.205,3.73e-06,-6.5e-05,-0.205,1.67e-05
-2.68e-06,-0.205,3.73e-06,-6.5e-05,-0.205,1.69e-05
-2.68e-06,-0.205,3.73e-06,-6.51e-05,-0.205,1.7e-05
-2.68e-06,-0.205,3.73e-06,-6.51e-05,-0.205,1.7e-05
-2.68e-06,-0.205,3.73e-06,-6.51e-05,-0.205,1.71e-05
-2.68e-06,-0.205,3.73e-06,-6.51e-05,-0.205,1.72e-05
-2.68e-06,-0.205,3.73e-06,-6.51e-05,-0.205,1.73e-05
-2.68e-06,-0.205,3.73e-06,-6.51e-05,-0.205,1.74e-05
-2.68e-06,-0.205,3.73e-06,-6.51e-05,-0.205,1.75e-05
-2.68e-06,-0.205,3.73e-06,-6.51e-05,-0.205,1.76e-05
-2.68e-06,-0.205,3.73e-06,-6.52e-05,-0.205,1.77e-05
-2.68e-06,-0.205,3.73e-06,-6.53e-05,-0.205,1.78e-05
-2.68e-06,-0.205,3.73e-06,-6.54e-05,-0.205,1.8e-05
-2.68e-06,-0.205,3.73e-06,-6.55e-05,-0.205,1.81e-05
-2.68e-06,-0.205,3.73e-06,-6.54e-05,-0.205,1.82e-05
-2.68e-06,-0.205,3.73e-06,-6.54e-05,-0.205,1.82e-05
-2.68e-06,-0.205,3.73e-06,-6.55e-05,-0.205,1.83e-05
-2.68e-06,-0.205,3.73e-06,-6.56e-05,-0.205,1.85e-05
-2.68e-06,-0.205,3.73e-06,-6.56e-05,-0.205,1.86e-05
-2.68e-06,-0.205,3.73e-06,-6.56e-05,-0.205,1.87e-05
-2.68e-06,-0.205,3.73e-06,-6.58e-05,-0.205,1.88e-05
-2.68e-06,-0.205,3.73e-06,-6.59e-05,-0.205,1.89e-05
-2.68e-06,-0.205,3.73e-06,-6.6e-05,-0.205,1.91e-05
-2.68e-06,-0.205,3.73e-06,-6.61e-05,-0.205,1.92e-05
-2.68e-06,-0.205,3.73e-06,-6.62e-05,-0.205,1.93e-05
-2.68e-06,-0.205,3.73e-06,-6.62e-05,-0.205,1.94e-05
-2.68e-06,-0.205,3.73e-06,-6.61e-05,-0.205,1.95e-05
-2.68e-06,-0.205,3.73e-06,-6.61e-05,-0.205,1.95e-05
-2.68e-06,-0.205,3.73e-06,-6.61e-05,-0.205,1.96e-05
-2.68e-06,-0.205,3.73e-06,-6.62e-05,-0.205,1.98e-05
-2.68e-06,-0.205,3.73e-06,-6.63e-05,-0.205,1.99e-05
-2.68e-06,-0.205,3.73e-06,-6.64e-05,-0.205,2.01e-05
-2.68e-06,-0.205,3.73e-06,-6.66e-05,-0.205,2.02e-05
-2.68e-06,-0.205,3.73e-06,-6.66e-05,-0.205,2.03e-05
-2.68e-06,-0.205,3.73e-06,-6.67e-05,-0.205,2.04e-05
-2.68e-06,-0.205,3.73e-06,-6.68e-05,-0.205,2.05e-05
-2.68e-06,-0.205,3.73e-06,-6.68e-05,-0.205,2.06e-05
-2.68e-06,-0.205,3.73e-06,-6.67e-05,-0.205,2.06e-05
-2.68e-06,-0.205,3.73e-06,-6.67e-05,-0.205,2.07e-05
-2.68e-06,-0.205,3.73e-06,-6.67e-05,-0.205,2.08e-05
-2.68e-06,-0.205,3.73e-06,-6.68e-05,-0.205,2.09e-05
-2.68e-06,-0.205,3.73e-06,-6.69e-05,-0.205,2.1e-05
-2.68e-06,-0.205,3.73e-06,-6.69e-05,-0.205,2.11e-05
-2.68e-06,-0.205,3.73e-06,-6.7e-05,-0.205,2.12e-05
-2.68e-06,-0.205,3.73e-06,-6.7e-05,-0.205,2.13e-05
-2.68e-06,-0.205,3.73e-06,-6.7e-05,-0.205,2.14e-05
-2.68e-06,-0.205,3.73e-06,-6.71e-05,-0.205,2.15e-05
-2.68e-06,-0.205,3.73e-06,-6.73e-05,-0.205,2.16e-05
-2.68e-06,-0.205,3.73e-06,-6.74e-05,-0.205,2.18e-05
-2.68e-06,-0.205,3.73e-06,-6.75e-05,-0.205,2.19e-05
-2.68e-06,-0.205,3.73e-06,-6.77e-05,-0.205,2.21e-05
-2.68e-06,-0.205,3.73e-06,-6.78e-05,-0.205,2.22e-05
-2.68e-06,-0.205,3.73e-06,-6.8e-05,-0.205,2.23e-05
-2.68e-06,-0.205,3.73e-06,-6.79e-05,-0.205,2.24e-05
-2.68e-06,-0.205,3.73e-06,-6.78e-05,-0.205,2.24e-05
-2.68e-06,-0.205,3.73e-06,-6.77e-05,-0.205,2.24e-05
-2.68e-06,-0.205,3.73e-06,-6.76e-05,-0.205,2.25e-05
-2.68e-06,-0.205,3.73e-06,-6.77e-05,-0.205,2.25e-05
-2.68e-06,-0.205,3.73e-06,-6.77e-05,-0.205,2.27e-05
-2.68e-06,-0.205,3.73e-06,-6.78e-05,-0.205,2.28e-05
-2.68e-06,-0.205,3.73e-06,-6.8e-05,-0.205,2.29e-05
-2.68e-06,-0.205,3.73e-06,-6.81e-05,-0.205,2.31e-05
-2.68e-06,-0.205,3.73e-06,-6.82e-05,-0.205,2.32e-05
-2.68e-06,-0.205,3.73e-06,-6.83e-05,-0.205,2.33e-05
-2.68e-06,-0.205,3.73e-06,-6.84e-05,-0.205,2.34e-05
-2.68e-06,-0.205,3.73e-06,-6.85e-05,-0.205,2.35e-05
-2.68e-06,-0.205,3.73e-06,-6.86e-05,-0.205,2.36e-05
-2.68e-06,-0.205,3.73e-06,-6.87e-05,-0.205,2.37e-05
-2.68e-06,-0.205,3.73e-06,-6.87e-05,-0.205,2.38e-05
-2.68e-06,-0.205,3.73e-06,-6.88e-05,-0.205,2.39e-05
-2.68e-06,-0.205,3.73e-06,-6.89e-05,-0.205,2.4e-05
-2.68e-06,-0.205,3.73e-06,-6.89e-05,-0.205,2.41e-05
-2.68e-06,-0.205,3.73e-06,-6.89e-05,-0.205,2.41e-05
-2.68e-06,-0.205,3.73e-06,-6.88e-05,-0.205,2.42e-05
-2.68e-06,-0.205,3.73e-06,-6.88e-05,-0.205,2.42e-05
-2.68e-06,-0.205,3.73e-06,-6.89e-05,-0.205,2.43e-05
-2.68e-06,-0.205,3.73e-06,-6.91e-05,-0.205,2.45e-05
-2.68e-06,-0.205,3.73e-06,-6.93e-05,-0.205,2.47e-05
-2.68e-06,-0.205,3.73e-06,-6.96e-05,-0.205,2.49e-05
-2.68e-06,-0.205,3.73e-06,-6.97e-05,-0.205,2.5e-05
-2.68e-06,-0.205,3.73e-06,-6.97e-05,-0.205,2.51e-05
-2.68e-06,-0.205,3.73e-06,-6.98e-05,-0.205,2.52e-05
-2.68e-06,-0.205,3.73e-06,-6.98e-05,-0.205,2.52e-05
-2.68e-06,-0.205,3.73e-06,-6.98e-05,-0.205,2.53e-05
-2.68e-06,-0.205,3.73e-06,-6.97e-05,-0.205,2.53e-05
-2.68e-06,-0.205,3.73e-06,-6.97e-05,-0.205,2.53e-05
-2.68e-06,-0.205,3.73e-06,-6.98e-05,-0.205,2.55e-05
-2.68e-06,-0.205,3.73e-06,-6.99e-05,-0.205,2.56e-05
-2.68e-06,-0.205,3.73e-06,-7.01e-05,-0.205,2.58e-05
-2.68e-06,-0.205,3.73e-06,-7.04e-05,-0.205,2.6e-05
-2.68e-06,-0.205,3.73e-06,-7.06e-05,-0.205,2.61e-05
-2.68e-06,-0.205,3.73e-06,-7.08e-05,-0.205,2.63e-05
-2.68e-06,-0.205,3.73e-06,-7.08e-05,-0.205,2.64e-05
-2.68e-06,-0.205,3.73e-06,-7.07e-05,-0.205,2.64e-05
-2.68e-06,-0.205,3.73e-06,-7.07e-05,-0.205,2.64e-05
-2.68e-06,-0.205,3.73e-06,-7.06e-05,-0.205,2.64e-05
-2.68e-06,-0.205,3.73e-06,-7.05e-05,-0.205,2.64e-05
-2.68e-06,-0.205,3.73e-06,-7.04e-05,-0.205,2.65e-05
-2.68e-06,-0.205,3.73e-06,-7.04e-05,-0.205,2.65e-05
-2.68e-06,-0.205,3.73e-06,-7.05e-05,-0.205,2.67e-05
-2.68e-06,-0.205,3.73e-06,-7.07e-05,-0.205,2.68e-05
-2.68e-06,-0.205,3.73e-06,-7.1e-05,-0.205,2.7e-05
-2.68e-06,-0.205,3.73e-06,-7.12e-05,-0.205,2.72e-05
-2.68e-06,-0.205,3.73e-06,-7.13e-05,-0.205,2.73e-05
-2.68e-06,-0.205,3.73e-06,-7.14e-05,-0.205,2.74e-05
-2.68e-06,-0.205,3.73e-06,-7.15e-05,-0.205,2.75e-05
-2.68e-06,-0.205,3.73e-06,-7.15e-05,-0.205,2.76e-05
-2.68e-06,-0.205,3.73e-06,-7.14e-05,-0.205,2.76e-05
-2.68e-06,-0.205,3.73e-06,-7.12e-05,-0.205,2.76e-05
-2.68e-06,-0.205,3.73e-06,-7.11e-05,-0.205,2.76e-05
-2.68e-06,-0.205,3.73e-06,-7.11e-05,-0.205,2.76e-05
-2.68e-06,-0.205,3.73e-06,-7.12e-05,-0.205,2.77e-05
-2.68e-06,-0.205,3.73e-06,-7.12e-05,-0.205,2.78e-05
-2.68e-06,-0.205,3.73e-06,-7.13e-05,-0.205,2.79e-05
-2.68e-06,-0.205,3.73e-06,-7.12e-05,-0.205,2.8e-05
-2.68e-06,-0.205,3.73e-06,-7.12e-05,-0.205,2.8e-05
-2.68e-06,-0.205,3.73e-06,-7.11e-05,-0.205,2.8e-05
-2.68e-06,-0.205,3.73e-06,-7.11e-05,-0.205,2.8e-05
-2.68e-06,-0.205,3.73e-06,-7.11e-05,-0.205,2.81e-05
-2.68e-06,-0.205,3.73e-06,-7.11e-05,-0.205,2.82e-05
-2.68e-06,-0.205,3.73e-06,-7.13e-05,-0.205,2.83e-05
-2.68e-06,-0.205,3.73e-06,-7.16e-05,-0.205,2.85e-05
-2.68e-06,-0.205,3.73e-06,-7.18e-05,-0.205,2.87e-05
-2.68e-06,-0.205,3.73e-06,-7.18e-05,-0.205,2.88e-05
-2.68e-06,-0.205,3.73e-06,-7.19e-05,-0.205,2.89e-05
-2.68e-06,-0.205,3.73e-06,-7.2e-05,-0.205,2.89e-05
-2.68e-06,-0.205,3.73e-06,-7.2e-05,-0.205,2.9e-05
-2.68e-06,-0.205,3.73e-06,-7.19e-05,-0.205,2.9e-05
-2.68e-06,-0.205,3.73e-06,-7.19e-05,-0.205,2.9e-05
-2.68e-06,-0.205,3.73e-06,-7.2e-05,-0.205,2.91e-05
-2.68e-06,-0.205,3.73e-06,-7.23e-05,-0.205,2.93e-05
-2.68e-06,-0.205,3.73e-06,-7.25e-05,-0.205,2.95e-05
-2.68e-06,-0.205,3.73e-06,-7.28e-05,-0.205,2.97e-05
-2.68e-06,-0.205,3.73e-06,-7.29e-05,-0.205,2.98e-05
-2.68e-06,-0.205,3.73e-06,-7.29e-05,-0.205,2.98e-05
-2.68e-06,-0.205,3.73e-06,-7.29e-05,-0.205,2.99e-05
-2.68e-06,-0.205,3.73e-06,-7.28e-05,-0.205,2.98e-05
-2.68e-06,-0.205,3.73e-06,-7.26e-05,-0.205,2.98e-05
-2.68e-06,-0.205,3.73e-06,-7.25e-05,-0.205,2.98e-05
-2.68e-06,-0.205,3.73e-06,-7.24e-05,-0.205,2.98e-05
-2.68e-06,-0.205,3.73e-06,-7.24e-05,-0.205,2.98e-05
-2.68e-06,-0.205,3.73e-06,-7.26e-05,-0.205,3e-05
-2.68e-06,-0.205,3.73e-06,-7.28e-05,-0.205,3.02e-05
-2.68e-06,-0.205,3.73e-06,-7.3e-05,-0.205,3.03e-05
-2.68e-06,-0.205,3.73e-06,-7.3e-05,-0.205,3.04e-05
-2.68e-06,-0.205,3.73e-06,-7.29e-05,-0.205,3.04e-05
-2.68e-06,-0.205,3.73e-06,-7.29e-05,-0.205,3.05e-05
-2.68e-06,-0.205,3.73e-06,-7.28e-05,-0.205,3.05e-05
-2.68e-06,-0.205,3.73e-06,-7.27e-05,-0.205,3.04e-05
-2.68e-06,-0.205,3.73e-06,-7.25e-05,-0.205,3.04e-05
-2.68e-06,-0.205,3.73e-06,-7.24e-05,-0.205,3.04e-05
-2.68e-06,-0.205,3.73e-06,-7.25e-05,-0.205,3.05e-05
-2.68e-06,-0.205,3.73e-06,-7.26e-05,-0.205,3.06e-05
-2.68e-06,-0.205,3.73e-06,-7.27e-05,-0.205,3.07e-05
-2.68e-06,-0.205,3.73e-06,-7.27e-05,-0.205,3.08e-05
-2.68e-06,-0.205,3.73e-06,-7.26e-05,-0.205,3.08e-05
-2.68e-06,-0.205,3.73e-06,-7.24e-05,-0.205,3.07e-05
-2.68e-06,-0.205,3.73e-06,-7.23e-05,-0.205,3.07e-05
-2.68e-06,-0.205,3.73e-06,-7.2e-05,-0.205,3.06e-05
-2.68e-06,-0.205,3.73e-06,-7.2e-05,-0.205,3.06e-05
-2.68e-06,-0.205,3.73e-06,-7.2e-05,-0.205,3.07e-05
-2.68e-06,-0.205,3.73e-06,-7.21e-05,-0.205,3.08e-05
-2.68e-06,-0.205,3.73e-06,-7.22e-05,-0.205,3.09e-05
-2.68e-06,-0.205,3.73e-06,-7.22e-05,-0.205,3.1e-05
-2.68e-06,-0.205,3.73e-06,-7.22e-05,-0.205,3.1e-05
-2.68e-06,-0.205,3.73e-06,-7.21e-05,-0.205,3.1e-05
-2.68e-06,-0.205,3.73e-06,-7.2e-05,-0.205,3.1e-05
-2.68e-06,-0.205,3.73e-06,-7.18e-05,-0.205,3.1e-05
-2.68e-06,-0.205,3.73e-06,-7.16e-05,-0.205,3.09e-05
-2.68e-06,-0.205,3.73e-06,-7.14e-05,-0.205,3.09e-05
-2.68e-06,-0.205,3.73e-06,-7.14e-05,-0.205,3.09e-05
-2.68e-06,-0.205,3.73e-06,-7.15e-05,-0.205,3.1e-05
-2.68e-06,-0.205,3.73e-06,-7.15e-05,-0.205,3.11e-05
-2.68e-06,-0.205,3.73e-06,-7.14e-05,-0.205,3.11e-05
-2.68e-06,-0.205,3.73e-06,-7.14e-05,-0.205,3.11e-05
-2.68e-06,-0.205,3.73e-06,-7.13e-05,-0.205,3.11e-05
-2.68e-06,-0.205,3.73e-06,-7.11e-05,-0.205,3.11e-05
-2.68e-06,-0.205,3.73e-06,-7.09e-05,-0.205,3.1e-05
-2.68e-06,-0.205,3.73e-06,-7.08e-05,-0.205,3.1e-05
-2.68e-06,-0.205,3.73e-06,-7.08e-05,-0.205,3.11e-05
-2.68e-06,-0.205,3.73e-06,-7.08e-05,-0.205,3.11e-05
-2.68e-06,-0.205,3.73e-06,-7.07e-05,-0.205,3.11e-05
-2.68e-06,-0.205,3.73e-06,-7.05e-05,-0.205,3.11e-05
-2.68e-06,-0.205,3.73e-06,-7.02e-05,-0.205,3.1e-05
-2.68e-06,-0.205,3.73e-06,-6.99e-05,-0.205,3.09e-05
-2.68e-06,-0.205,3.73e-06,-6.97e-05,-0.205,3.09e-05
-2.68e-06,-0.205,3.73e-06,-6.97e-05,-0.205,3.09e-05
-2.68e-06,-0.205,3.73e-06,-6.96e-05,-0.205,3.09e-05
-2.68e-06,-0.205,3.73e-06,-6.95e-05,-0.205,3.09e-05
-2.68e-06,-0.205,3.73e-06,-6.93e-05,-0.205,3.09e-05
-2.68e-06,-0.205,3.73e-06,-6.91e-05,-0.205,3.08e-05
-2.68e-06,-0.205,3.73e-06,-6.89e-05,-0.205,3.08e-05
-2.68e-06,-0.205,3.73e-06,-6.88e-05,-0.205,3.08e-05
-2.68e-06,-0.205,3.73e-06,-6.87e-05,-0.205,3.08e-05
-2.68e-06,-0.205,3.73e-06,-6.86e-05,-0.205,3.08e-05
-2.68e-06,-0.205,3.73e-06,-6.85e-05,-0.205,3.08e-05
-2.68e-06,-0.205,3.73e-06,-6.82e-05,-0.205,3.07e-05
-2.68e-06,-0.205,3.73e-06,-6.8e-05,-0.205,3.07e-05
-2.68e-06,-0.205,3.73e-06,-6.77e-05,-0.205,3.06e-05
-2.68e-06,-0.205,3.73e-06,-6.74e-05,-0.205,3.05e-05
-2.68e-06,-0.205,3.73e-06,-6.72e-05,-0.205,3.04e-05
-2.68e-06,-0.205,3.73e-06,-6.72e-05,-0.205,3.05e-05
-2.68e-06,-0.205,3.73e-06,-6.72e-05,-0.205,3.06e-05
-2.68e-06,-0.205,3.73e-06,-6.72e-05,-0.205,3.07e-05
-2.68e-06,-0.205,3.73e-06,-6.71e-05,-0.205,3.07e-05
-2.68e-06,-0.205,3.73e-06,-6.7e-05,-0.205,3.07e-05
-2.68e-06,-0.205,3.73e-06,-6.69e-05,-0.205,3.07e-05
-2.68e-06,-0.205,3.73e-06,-6.67e-05,-0.205,3.06e-05
-2.68e-06,-0.205,3.73e-06,-6.64e-05,-0.205,3.06e-05
-2.68e-06,-0.205,3.73e-06,-6.61e-05,-0.205,3.04e-05
-2.68e-06,-0.205,3.73e-06,-6.57e-05,-0.205,3.03e-05
-2.68e-06,-0.205,3.73e-06,-6.54e-05,-0.205,3.02e-05
-2.68e-06,-0.205,3.73e-06,-6.53e-05,-0.205,3.02e-05
-2.68e-06,-0.205,3.73e-06,-6.52e-05,-0.205,3.03e-05
-2.68e-06,-0.205,3.73e-06,-6.51e-05,-0.205,3.03e-05
-2.68e-06,-0.205,3.73e-06,-6.5e-05,-0.205,3.03e-05
-2.68e-06,-0.205,3.73e-06,-6.48e-05,-0.205,3.03e-05
-2.68e-06,-0.205,3.73e-06,-6.46e-05,-0.205,3.02e-05
-2.68e-06,-0.205,3.73e-06,-6.43e-05,-0.205,3.01e-05
-2.68e-06,-0.205,3.73e-06,-6.4e-05,-0.205,3.01e-05
-2.68e-06,-0.205,3.73e-06,-6.37e-05,-0.205,3e-05
-2.68e-06,-0.205,3.73e-06,-6.35e-05,-0.205,2.99e-05
-2.68e-06,-0.205,3.73e-06,-6.35e-05,-0.205,3e-05
-2.68e-06,-0.205,3.73e-06,-6.35e-05,-0.205,3.01e-05
-2.68e-06,-0.205,3.73e-06,-6.34e-05,-0.205,3.01e-05
-2.68e-06,-0.205,3.73e-06,-6.33e-05,-0.205,3.01e-05
-2.68e-06,-0.205,3.73e-06,-6.32e-05,-0.205,3.01e-05
-2.68e-06,-0.205,3.73e-06,-6.29e-05,-0.205,3.01e-05
-2.68e-06,-0.205,3.73e-06,-6.27e-05,-0.205,3e-05
-2.68e-06,-0.205,3.73e-06,-6.24e-05,-0.205,3e-05
-2.68e-06,-0.205,3.73e-06,-6.21e-05,-0.205,2.99e-05
-2.68e-06,-0.205,3.73e-06,-6.18e-05,-0.205,2.97e-05
-2.68e-06,-0.205,3.73e-06,-6.14e-05,-0.205,2.96e-05
-2.68e-06,-0.205,3.73e-06,-6.11e-05,-0.205,2.95e-05
-2.68e-06,-0.205,3.73e-06,-6.09e-05,-0.205,2.95e-05
-2.68e-06,-0.205,3.73e-06,-6.08e-05,-0.205,2.95e-05
-2.68e-06,-0.205,3.73e-06,-6.09e-05,-0.205,2.96e-05
-2.68e-06,-0.205,3.73e-06,-6.08e-05,-0.205,2.97e-05
-2.68e-06,-0.205,3.73e-06,-6.08e-05,-0.205,2.98e-05
-2.68e-06,-0.205,3.73e-06,-6.07e-05,-0.205,2.98e-05
-2.68e-06,-0.205,3.73e-06,-6.06e-05,-0.205,2.98e-05
-2.68e-06,-0.205,3.73e-06,-6.04e-05,-0.205,2.98e-05
-2.68e-06,-0.205,3.73e-06,-6.01e-05,-0.205,2.97e-05
-2.68e-06,-0.205,3.73e-06,-5.98e-05,-0.205,2.96e-05
-2.68e-06,-0.205,3.73e-06,-5.95e-05,-0.205,2.95e-05
-2.68e-06,-0.205,3.73e-06,-5.9e-05,-0.205,2.93e-05
-2.68e-06,-0.205,3.73e-06,-5.85e-05,-0.205,2.91e-05
-2.68e-06,-0.205,3.73e-06,-5.81e-05,-0.205,2.89e-05
-2.68e-06,-0.205,3.73e-06,-5.77e-05,-0.205,2.88e-05
-2.68e-06,-0.205,3.73e-06,-5.74e-05,-0.205,2.88e-05
-2.68e-06,-0.205,3.73e-06,-5.73e-05,-0.205,2.88e-05
-2.68e-06,-0.205,3.73e-06,-5.73e-05,-0.205,2.89e-05
-2.68e-06,-0.205,3.73e-06,-5.73e-05,-0.205,2.9e-05
-2.68e-06,-0.205,3.73e-06,-5.72e-05,-0.205,2.9e-05
-2.68e-06,-0.205,3.73e-06,-5.71e-05,-0.205,2.91e-05
-2.68e-06,-0.205,3.73e-06,-5.7e-05,-0.205,2.91e-05
-2.68e-06,-0.205,3.73e-06,-5.68e-05,-0.205,2.9e-05
-2.68e-06,-0.205,3.73e-06,-5.66e-05,-0.205,2.9e-05
-2.68e-06,-0.205,3.73e-06,-5.63e-05,-0.205,2.89e-05
-2.68e-06,-0.205,3.73e-06,-5.59e-05,-0.205,2.88e-05
-2.68e-06,-0.205,3.73e-06,-5.54e-05,-0.205,2.86e-05
-2.68e-06,-0.205,3.73e-06,-5.5e-05,-0.205,2.84e-05
-2.68e-06,-0.205,3.73e-06,-5.45e-05,-0.205,2.82e-05
-2.68e-06,-0.205,3.73e-06,-5.4e-05,-0.205,2.8e-05
-2.68e-06,-0.205,3.73e-06,-5.36e-05,-0.205,2.79e-05
-2.68e-06,-0.205,3.73e-06,-5.34e-05,-0.205,2.79e-05
-2.68e-06,-0.205,3.73e-06,-5.33e-05,-0.205,2.79e-05
-2.68e-06,-0.205,3.73e-06,-5.32e-05,-0.205,2.79e-05
-2.68e-06,-0.205,3.73e-06,-5.3e-05,-0.205,2.79e-05
-2.68e-06,-0.205,3.73e-06,-5.29e-05,-0.205,2.79e-05
-2.68e-06,-0.205,3.73e-06,-5.26e-05,-0.205,2.79e-05
-2.68e-06,-0.205,3.73e-06,-5.24e-05,-0.205,2.79e-05
-2.68e-06,-0.205,3.73e-06,-5.21e-05,-0.205,2.78e-05
-2.68e-06,-0.205,3.73e-06,-5.18e-05,-0.205,2.77e-05
-2.68e-06,-0.205,3.73e-06,-5.14e-05,-0.205,2.75e-05
-2.68e-06,-0.205,3.73e-06,-5.1e-05,-0.205,2.74e-05
-2.68e-06,-0.205,3.73e-06,-5.06e-05,-0.205,2.72e-05
-2.68e-06,-0.205,3.73e-06,-5.01e-05,-0.205,2.71e-05
-2.68e-06,-0.205,3.73e-06,-4.98e-05,-0.205,2.7e-05
-2.68e-06,-0.205,3.73e-06,-4.97e-05,-0.205,2.7e-05
-2.68e-06,-0.205,3.73e-06,-4.97e-05,-0.205,2.71e-05
-2.68e-06,-0.205,3.73e-06,-4.97e-05,-0.205,2.72e-05
-2.68e-06,-0.205,3.73e-06,-4.97e-05,-0.205,2.72e-05
-2.68e-06,-0.205,3.73e-06,-4.96e-05,-0.205,2.73e-05
-2.68e-06,-0.205,3.73e-06,-4.94e-05,-0.205,2.72e-05
-2.68e-06,-0.205,3.73e-06,-4.91e-05,-0.205,2.72e-05
-2.68e-06,-0.205,3.73e-06,-4.88e-05,-0.205,2.71e-05
-2.68e-06,-0.205,3.73e-06,-4.85e-05,-0.205,2.69e-05
-2.68e-06,-0.205,3.73e-06,-4.81e-05,-0.205,2.68e-05
-2.68e-06,-0.205,3.73e-06,-4.77e-05,-0.205,2.67e-05
-2.68e-06,-0.205,3.73e-06,-4.73e-05,-0.205,2.65e-05
-2.68e-06,-0.205,3.73e-06,-4.68e-05,-0.205,2.64e-05
-2.68e-06,-0.205,3.73e-06,-4.66e-05,-0.205,2.63e-05
-2.68e-06,-0.205,3.73e-06,-4.64e-05,-0.205,2.63e-05
-2.68e-06,-0.205,3.73e-06,-4.62e-05,-0.205,2.63e-05
-2.68e-06,-0.205,3.73e-06,-4.6e-05,-0.205,2.63e-05
-2.68e-06,-0.205,3.73e-06,-4.58e-05,-0.205,2.62e-05
-2.68e-06,-0.205,3.73e-06,-4.56e-05,-0.205,2.62e-05
-2.68e-06,-0.205,3.73e-06,-4.53e-05,-0.205,2.61e-05
-2.68e-06,-0.205,3.73e-06,-4.5e-05,-0.205,2.6e-05
-2.68e-06,-0.205,3.73e-06,-4.47e-05,-0.205,2.6e-05
-2.68e-06,-0.205,3.73e-06,-4.44e-05,-0.205,2.59e-05
-2.68e-06,-0.205,3.73e-06,-4.41e-05,-0.205,2.59e-05
-2.68e-06,-0.205,3.73e-06,-4.39e-05,-0.205,2.58e-05
-2.68e-06,-0.205,3.73e-06,-4.37e-05,-0.205,2.58e-05
-2.68e-06,-0.205,3.73e-06,-4.35e-05,-0.205,2.58e-05
-2.68e-06,-0.205,3.73e-06,-4.34e-05,-0.205,2.59e-05
-2.68e-06,-0.205,3.73e-06,-4.32e-05,-0.205,2.59e-05
-2.68e-06,-0.205,3.73e-06,-4.3e-05,-0.205,2.59e-05
-2.68e-06,-0.205,3.73e-06,-4.29e-05,-0.205,2.59e-05
-2.68e-06,-0.205,3.73e-06,-4.29e-05,-0.205,2.6e-05
-2.68e-06,-0.205,3.73e-06,-4.28e-05,-0.205,2.61e-05
-2.68e-06,-0.205,3.73e-06,-4.27e-05,-0.205,2.62e-05
-2.68e-06,-0.205,3.73e-06,-4.27e-05,-0.205,2.62e-05
-2.68e-06,-0.205,3.73e-06,-4.25e-05,-0.205,2.63e-05
-2.68e-06,-0.205,3.73e-06,-4.24e-05,-0.205,2.63e-05
-2.68e-06,-0.205,3.73e-06,-4.23e-05,-0.205,2.64e-05
-2.68e-06,-0.205,3.73e-06,-4.24e-05,-0.205,2.65e-05
-2.68e-06,-0.205,3.73e-06,-4.24e-05,-0.205,2.66e-05
-2.68e-06,-0.205,3.73e-06,-4.24e-05,-0.205,2.67e-05
-2.68e-06,-0.205,3.73e-06,-4.24e-05,-0.205,2.68e-05
-2.68e-06,-0.205,3.73e-06,-4.23e-05,-0.205,2.69e-05
-2.68e-06,-0.205,3.73e-06,-4.22e-05,-0.205,2.69e-05
-2.68e-06,-0.205,3.73e-06,-4.21e-05,-0.205,2.69e-05
-2.68e-06,-0.205,3.73e-06,-4.19e-05,-0.205,2.7e-05
-2.68e-06,-0.205,3.73e-06,-4.16e-05,-0.205,2.69e-05
-2.68e-06,-0.205,3.73e-06,-4.14e-05,-0.205,2.69e-05
-2.68e-06,-0.205,3.73e-06,-4.12e-05,-0.205,2.7e-05
-2.68e-06,-0.205,3.73e-06,-4.11e-05,-0.205,2.7e-05
-2.68e-06,-0.205,3.73e-06,-4.1e-05,-0.205,2.71e-05
-2.68e-06,-0.205,3.73e-06,-4.1e-05,-0.205,2.72e-05
-2.68e-06,-0.205,3.73e-06,-4.09e-05,-0.205,2.73e-05
-2.68e-06,-0.205,3.73e-06,-4.08e-05,-0.205,2.73e-05
-2.68e-06,-0.205,3.73e-06,-4.07e-05,-0.205,2.74e-05
-2.68e-06,-0.205,3.73e-06,-4.06e-05,-0.205,2.75e-05
-2.68e-06,-0.205,3.73e-06,-4.04e-05,-0.205,2.75e-05
-2.68e-06,-0.205,3.73e-06,-4.03e-05,-0.205,2.76e-05
-2.68e-06,-0.205,3.73e-06,-4.01e-05,-0.205,2.76e-05
-2.68e-06,-0.205,3.73e-06,-4e-05,-0.205,2.77e-05
-2.68e-06,-0.205,3.73e-06,-4.01e-05,-0.205,2.78e-05
-2.68e-06,-0.205,3.73e-06,-4e-05,-0.205,2.79e-05
-2.68e-06,-0.205,3.73e-06,-4.01e-05,-0.205,2.81e-05
-2.68e-06,-0.205,3.73e-06,-4.01e-05,-0.205,2.82e-05
-2.68e-06,-0.205,3.73e-06,-4.01e-05,-0.205,2.83e-05
-2.68e-06,-0.205,3.73e-06,-4e-05,-0.205,2.84e-05
-2.68e-06,-0.205,3.73e-06,-3.98e-05,-0.205,2.84e-05
-2.68e-06,-0.205,3.73e-06,-3.97e-05,-0.205,2.85e-05
-2.68e-06,-0.205,3.73e-06,-3.95e-05,-0.205,2.85e-05
-2.68e-06,-0.205,3.73e-06,-3.94e-05,-0.205,2.86e-05
-2.68e-06,-0.205,3.73e-06,-3.93e-05,-0.205,2.87e-05
-2.68e-06,-0.205,3.73e-06,-3.93e-05,-0.205,2.88e-05
-2.68e-06,-0.205,3.73e-06,-3.94e-05,-0.205,2.89e-05
-2.68e-06,-0.205,3.73e-06,-3.94e-05,-0.205,2.91e-05
-2.68e-06,-0.205,3.73e-06,-3.94e-05,-0.205,2.92e-05
-2.68e-06,-0.205,3.73e-06,-3.93e-05,-0.205,2.93e-05
-2.68e-06,-0.205,3.73e-06,-3.92e-05,-0.205,2.94e-05
-2.68e-06,-0.205,3.73e-06,-3.91e-05,-0.205,2.95e-05
-2.68e-06,-0.205,3.73e-06,-3.9e-05,-0.205,2.95e-05
-2.68e-06,-0.205,3.73e-06,-3.88e-05,-0.205,2.96e-05
-2.68e-06,-0.205,3.73e-06,-3.88e-05,-0.205,2.97e-05
-2.68e-06,-0.205,3.73e-06,-3.88e-05,-0.205,2.99e-05
-2.68e-06,-0.205,3.73e-06,-3.89e-05,-0.205,3e-05
-2.68e-06,-0.205,3.73e-06,-3.9e-05,-0.205,3.02e-05
-2.68e-06,-0.205,3.73e-06,-3.9e-05,-0.205,3.04e-05
-2.68e-06,-0.205,3.73e-06,-3.9e-05,-0.205,3.05e-05
-2.68e-06,-0.205,3.73e-06,-3.89e-05,-0.205,3.06e-05
-2.68e-06,-0.205,3.73e-06,-3.88e-05,-0.205,3.07e-05
-2.68e-06,-0.205,3.73e-06,-3.86e-05,-0.205,3.07e-05
-2.68e-06,-0.205,3.73e-06,-3.85e-05,-0.205,3.08e-05
-2.68e-06,-0.205,3.73e-06,-3.83e-05,-0.205,3.08e-05
-2.68e-06,-0.205,3.73e-06,-3.82e-05,-0.205,3.09e-05
-2.68e-06,-0.205,3.73e-06,-3.83e-05,-0.205,3.11e-05
-2.68e-06,-0.205,3.73e-06,-3.84e-05,-0.205,3.13e-05
-2.68e-06,-0.205,3.73e-06,-3.85e-05,-0.205,3.15e-05
-2.68e-06,-0.205,3.73e-06,-3.86e-05,-0.205,3.17e-05
-2.68e-06,-0.205,3.73e-06,-3.87e-05,-0.205,3.18e-05
-2.68e-06,-0.205,3.73e-06,-3.86e-05,-0.205,3.19e-05
-2.68e-06,-0.205,3.73e-06,-3.85e-05,-0.205,3.2e-05
-2.68e-06,-0.205,3.73e-06,-3.85e-05,-0.205,3.21e-05
-2.68e-06,-0.205,3.73e-06,-3.83e-05,-0.205,3.21e-05
-2.68e-06,-0.205,3.73e-06,-3.82e-05,-0.205,3.21e-05
-2.68e-06,-0.205,3.73e-06,-3.8e-05,-0.205,3.21e-05
-2.68e-06,-0.205,3.73e-06,-3.78e-05,-0.205,3.21e-05
-2.68e-06,-0.205,3.73e-06,-3.76e-05,-0.205,3.22e-05
-2.68e-06,-0.205,3.73e-06,-3.75e-05,-0.205,3.22e-05
-2.68e-06,-0.205,3.73e-06,-3.74e-05,-0.205,3.23e-05
-2.68e-06,-0.205,3.73e-06,-3.74e-05,-0.205,3.24e-05
-2.68e-06,-0.205,3.73e-06,-3.76e-05,-0.205,3.27e-05
-2.68e-06,-0.205,3.73e-06,-3.78e-05,-0.205,3.29e-05
-2.68e-06,-0.205,3.73e-06,-3.79e-05,-0.205,3.31e-05
-2.68e-06,-0.205,3.73e-06,-3.79e-05,-0.205,3.33e-05
-2.68e-06,-0.205,3.73e-06,-3.8e-05,-0.205,3.34e-05
-2.68e-06,-0.205,3.73e-06,-3.8e-05,-0.205,3.35e-05
-2.68e-06,-0.205,3.73e-06,-3.8e-05,-0.205,3.36e-05
-2.68e-06,-0.205,3.73e-06,-3.79e-05,-0.205,3.37e-05
-2.68e-06,-0.205,3.73e-06,-3.77e-05,-0.205,3.37e-05
-2.68e-06,-0.205,3.73e-06,-3.76e-05,-0.205,3.37e-05
-2.68e-06,-0.205,3.73e-06,-3.74e-05,-0.205,3.37e-05
-2.68e-06,-0.205,3.73e-06,-3.72e-05,-0.205,3.37e-05
-2.68e-06,-0.205,3.73e-06,-3.7e-05,-0.205,3.38e-05
-2.68e-06,-0.205,3.73e-06,-3.69e-05,-0.205,3.39e-05
-2.68e-06,-0.205,3.73e-06,-3.7e-05,-0.205,3.4e-05
-2.68e-06,-0.205,3.73e-06,-3.71e-05,-0.205,3.42e-05
-2.68e-06,-0.205,3.73e-06,-3.73e-05,-0.205,3.45e-05
-2.68e-06,-0.205,3.73e-06,-3.74e-05,-0.205,3.47e-05
-2.68e-06,-0.205,3.73e-06,-3.75e-05,-0.205,3.49e-05
-2.68e-06,-0.205,3.73e-06,-3.76e-05,-0.205,3.51e-05
-2.68e-06,-0.205,3.73e-06,-3.76e-05,-0.205,3.52e-05
-2.68e-06,-0.205,3.73e-06,-3.75e-05,-0.205,3.53e-05
-2.68e-06,-0.205,3.73e-06,-3.74e-05,-0.205,3.53e-05
-2.68e-06,-0.205,3.73e-06,-3.73e-05,-0.205,3.53e-05
-2.68e-06,-0.205,3.73e-06,-3.71e-05,-0.205,3.53e-05
-2.68e-06,-0.205,3.73e-06,-3.69e-05,-0.205,3.54e-05
-2.68e-06,-0.205,3.73e-06,-3.67e-05,-0.205,3.53e-05
-2.68e-06,-0.205,3.73e-06,-3.66e-05,-0.205,3.54e-05
-2.68e-06,-0.205,3.73e-06,-3.66e-05,-0.205,3.55e-05
-2.68e-06,-0.205,3.73e-06,-3.66e-05,-0.205,3.57e-05
-2.68e-06,-0.205,3.73e-06,-3.66e-05,-0.205,3.58e-05
-2.68e-06,-0.205,3.73e-06,-3.65e-05,-0.205,3.59e-05
-2.68e-06,-0.205,3.73e-06,-3.64e-05,-0.205,3.61e-05
-2.68e-06,-0.205,3.73e-06,-3.63e-05,-0.205,3.62e-05
-2.68e-06,-0.205,3.73e-06,-3.63e-05,-0.205,3.64e-05
-2.68e-06,-0.205,3.73e-06,-3.64e-05,-0.205,3.66e-05
-2.68e-06,-0.205,3.73e-06,-3.64e-05,-0.205,3.68e-05
-2.68e-06,-0.205,3.73e-06,-3.64e-05,-0.205,3.7e-05
-2.68e-06,-0.205,3.73e-06,-3.64e-05,-0.205,3.71e-05
-2.68e-06,-0.205,3.73e-06,-3.62e-05,-0.205,3.72e-05
-2.68e-06,-0.205,3.73e-06,-3.6e-05,-0.205,3.73e-05
-2.68e-06,-0.205,3.73e-06,-3.58e-05,-0.205,3.73e-05
-2.68e-06,-0.205,3.73e-06,-3.55e-05,-0.205,3.73e-05
-2.68e-06,-0.205,3.73e-06,-3.53e-05,-0.205,3.74e-05
-2.68e-06,-0.205,3.73e-06,-3.53e-05,-0.205,3.76e-05
-2.68e-06,-0.205,3.73e-06,-3.53e-05,-0.205,3.78e-05
-2.68e-06,-0.205,3.73e-06,-3.54e-05,-0.205,3.8e-05
-2.68e-06,-0.205,3.73e-06,-3.54e-05,-0.205,3.82e-05
-2.68e-06,-0.205,3.73e-06,-3.53e-05,-0.205,3.84e-05
-2.68e-06,-0.205,3.73e-06,-3.53e-05,-0.205,3.85e-05
-2.68e-06,-0.205,3.73e-06,-3.51e-05,-0.205,3.86e-05
-2.68e-06,-0.205,3.73e-06,-3.5e-05,-0.205,3.87e-05
-2.68e-06,-0.205,3.73e-06,-3.48e-05,-0.205,3.87e-05
-2.68e-06,-0.205,3.73e-06,-3.45e-05,-0.205,3.88e-05
-2.68e-06,-0.205,3.73e-06,-3.43e-05,-0.205,3.88e-05
-2.68e-06,-0.205,3.73e-06,-3.4e-05,-0.205,3.88e-05
-2.68e-06,-0.205,3.73e-06,-3.38e-05,-0.205,3.89e-05
-2.68e-06,-0.205,3.73e-06,-3.37e-05,-0.205,3.91e-05
-2.68e-06,-0.205,3.73e-06,-3.38e-05,-0.205,3.93e-05
-2.68e-06,-0.205,3.73e-06,-3.38e-05,-0.205,3.95e-05
-2.68e-06,-0.205,3.73e-06,-3.38e-05,-0.205,3.98e-05
-2.68e-06,-0.205,3.73e-06,-3.37e-05,-0.205,3.99e-05
-2.68e-06,-0.205,3.73e-06,-3.36e-05,-0.205,4e-05
-2.68e-06,-0.205,3.73e-06,-3.34e-05,-0.205,3.99e-05
-2.68e-06,-0.205,3.73e-06,-3.31e-05,-0.205,3.97e-05
-2.68e-06,-0.205,3.73e-06,-3.29e-05,-0.205,3.96e-05
-2.68e-06,-0.205,3.73e-06,-3.26e-05,-0.205,3.95e-05
-2.68e-06,-0.205,3.73e-06,-3.23e-05,-0.205,3.94e-05
-2.68e-06,-0.205,3.73e-06,-3.22e-05,-0.205,3.94e-05
-2.68e-06,-0.205,3.73e-06,-3.22e-05,-0.205,3.95e-05
-2.68e-06,-0.205,3.73e-06,-3.23e-05,-0.205,3.97e-05
-2.68e-06,-0.205,3.73e-06,-3.26e-05,-0.205,4e-05
-2.68e-06,-0.205,3.73e-06,-3.27e-05,-0.205,4.02e-05
-2.68e-06,-0.205,3.73e-06,-3.29e-05,-0.205,4.04e-05
-2.68e-06,-0.205,3.73e-06,-3.29e-05,-0.205,4.05e-05
-2.68e-06,-0.205,3.73e-06,-3.29e-05,-0.205,4.04e-05
-2.68e-06,-0.205,3.73e-06,-3.28e-05,-0.205,4.03e-05
-2.68e-06,-0.205,3.73e-06,-3.27e-05,-0.205,4.02e-05
-2.68e-06,-0.205,3.73e-06,-3.25e-05,-0.205,4.01e-05
-2.68e-06,-0.205,3.73e-06,-3.24e-05,-0.205,4e-05
-2.68e-06,-0.205,3.73e-06,-3.22e-05,-0.205,3.99e-05
-2.68e-06,-0.205,3.73e-06,-3.21e-05,-0.205,3.99e-05
-2.68e-06,-0.205,3.73e-06,-3.2e-05,-0.205,3.99e-05
-2.68e-06,-0.205,3.73e-06,-3.19e-05,-0.205,4e-05
-2.68e-06,-0.205,3.73e-06,-3.2e-05,-0.205,4.01e-05
-2.68e-06,-0.205,3.73e-06,-3.21e-05,-0.205,4.04e-05
-2.68e-06,-0.205,3.73e-06,-3.23e-05,-0.205,4.05e-05
-2.68e-06,-0.205,3.73e-06,-3.24e-05,-0.205,4.06e-05
-2.68e-06,-0.205,3.73e-06,-3.25e-05,-0.205,4.06e-05
-2.68e-06,-0.205,3.73e-06,-3.25e-05,-0.205,4.06e-05
-2.68e-06,-0.205,3.73e-06,-3.26e-05,-0.205,4.06e-05
-2.68e-06,-0.205,3.73e-06,-3.27e-05,-0.205,4.06e-05
-2.68e-06,-0.205,3.73e-06,-3.27e-05,-0.205,4.07e-05
-2.68e-06,-0.205,3.73e-06,-3.27e-05,-0.205,4.07e-05
-2.68e-06,-0.205,3.73e-06,-3.27e-05,-0.205,4.07e-05
-2.68e-06,-0.205,3.73e-06,-3.26e-05,-0.205,4.07e-05
-2.68e-06,-0.205,3.73e-06,-3.25e-05,-0.205,4.07e-05
-2.68e-06,-0.205,3.73e-06,-3.24e-05,-0.205,4.08e-05
-2.68e-06,-0.205,3.73e-06,-3.22e-05,-0.205,4.07e-05
-2.68e-06,-0.205,3.73e-06,-3.21e-05,-0.205,4.06e-05
-2.68e-06,-0.205,3.73e-06,-3.21e-05,-0.205,4.06e-05
-2.68e-06,-0.205,3.73e-06,-3.22e-05,-0.205,4.07e-05
-2.68e-06,-0.205,3.73e-06,-3.23e-05,-0.205,4.09e-05
-2.68e-06,-0.205,3.73e-06,-3.23e-05,-0.205,4.1e-05
-2.68e-06,-0.205,3.73e-06,-3.24e-05,-0.205,4.12e-05
-2.68e-06,-0.205,3.73e-06,-3.24e-05,-0.205,4.13e-05
-2.68e-06,-0.205,3.73e-06,-3.24e-05,-0.205,4.15e-05
-2.68e-06,-0.205,3.73e-06,-3.24e-05,-0.205,4.16e-05
-2.68e-06,-0.205,3.73e-06,-3.23e-05,-0.205,4.16e-05
-2.68e-06,-0.205,3.73e-06,-3.22e-05,-0.205,4.15e-05
-2.68e-06,-0.205,3.73e-06,-3.23e-05,-0.205,4.16e-05
-2.68e-06,-0.205,3.73e-06,-3.24e-05,-0.205,4.17e-05
-2.68e-06,-0.205,3.73e-06,-3.25e-05,-0.205,4.19e-05
-2.68e-06,-0.205,3.73e-06,-3.26e-05,-0.205,4.2e-05
-2.68e-06,-0.205,3.73e-06,-3.26e-05,-0.205,4.21e-05
-2.68e-06,-0.205,3.73e-06,-3.27e-05,-0.205,4.23e-05
-2.68e-06,-0.205,3.73e-06,-3.27e-05,-0.205,4.24e-05
-2.68e-06,-0.205,3.73e-06,-3.27e-05,-0.205,4.25e-05
-2.68e-06,-0.205,3.73e-06,-3.27e-05,-0.205,4.26e-05
-2.68e-06,-0.205,3.73e-06,-3.25e-05,-0.205,4.27e-05
-2.68e-06,-0.205,3.73e-06,-3.25e-05,-0.205,4.28e-05
-2.68e-06,-0.205,3.73e-06,-3.24e-05,-0.205,4.28e-05
-2.68e-06,-0.205,3.73e-06,-3.25e-05,-0.205,4.29e-05
-2.68e-06,-0.205,3.73e-06,-3.25e-05,-0.205,4.3e-05
-2.68e-06,-0.205,3.73e-06,-3.26e-05,-0.205,4.31e-05
-2.68e-06,-0.205,3.73e-06,-3.26e-05,-0.205,4.32e-05
-2.68e-06,-0.205,3.73e-06,-3.26e-05,-0.205,4.34e-05
-2.68e-06,-0.205,3.73e-06,-3.26e-05,-0.205,4.35e-05
-2.68e-06,-0.205,3.73e-06,-3.25e-05,-0.205,4.36e-05
-2.68e-06,-0.205,3.73e-06,-3.24e-05,-0.205,4.37e-05
-2.68e-06,-0.205,3.73e-06,-3.24e-05,-0.205,4.38e-05
-2.68e-06,-0.205,3.73e-06,-3.24e-05,-0.205,4.38e-05
-2.68e-06,-0.205,3.73e-06,-3.24e-05,-0.205,4.39e-05
-2.68e-06,-0.205,3.73e-06,-3.23e-05,-0.205,4.39e-05
-2.68e-06,-0.205,3.73e-06,-3.22e-05,-0.205,4.39e-05
-2.68e-06,-0.205,3.73e-06,-3.21e-05,-0.205,4.4e-05
-2.68e-06,-0.205,3.73e-06,-3.22e-05,-0.205,4.42e-05
-2.68e-06,-0.205,3.73e-06,-3.23e-05,-0.205,4.45e-05
-2.68e-06,-0.205,3.73e-06,-3.24e-05,-0.205,4.48e-05
-2.68e-06,-0.205,3.73e-06,-3.24e-05,-0.205,4.5e-05
-2.68e-06,-0.205,3.73e-06,-3.23e-05,-0.205,4.5e-05
-2.68e-06,-0.205,3.73e-06,-3.22e-05,-0.205,4.5e-05
-2.68e-06,-0.205,3.73e-06,-3.2e-05,-0.205,4.49e-05
-2.68e-06,-0.205,3.73e-06,-3.2e-05,-0.205,4.51e-05
-2.68e-06,-0.205,3.73e-06,-3.21e-05,-0.205,4.53e-05
-2.68e-06,-0.205,3.73e-06,-3.24e-05,-0.205,4.57e-05
-2.68e-06,-0.205,3.73e-06,-3.25e-05,-0.205,4.6e-05
-2.68e-06,-0.205,3.73e-06,-3.27e-05,-0.205,4.64e-05
-2.68e-06,-0.205,3.73e-06,-3.28e-05,-0.205,4.66e-05
-2.68e-06,-0.205,3.73e-06,-3.27e-05,-0.205,4.66e-05
-2.68e-06,-0.205,3.73e-06,-3.27e-05,-0.205,4.66e-05
-2.68e-06,-0.205,3.73e-06,-3.26e-05,-0.205,4.66e-05
-2.68e-06,-0.205,3.73e-06,-3.25e-05,-0.205,4.67e-05
-2.68e-06,-0.205,3.73e-06,-3.24e-05,-0.205,4.67e-05
-2.68e-06,-0.205,3.73e-06,-3.24e-05,-0.205,4.69e-05
-2.68e-06,-0.205,3.73e-06,-3.25e-05,-0.205,4.72e-05
-2.68e-06,-0.205,3.73e-06,-3.28e-05,-0.205,4.76e-05
-2.68e-06,-0.205,3.73e-06,-3.29e-05,-0.205,4.78e-05
-2.68e-06,-0.205,3.73e-06,-3.3e-05,-0.205,4.79e-05
-2.68e-06,-0.205,3.73e-06,-3.3e-05,-0.205,4.8e-05
-2.68e-06,-0.205,3.73e-06,-3.3e-05,-0.205,4.81e-05
-2.68e-06,-0.205,3.73e-06,-3.3e-05,-0.205,4.81e-05
-2.68e-06,-0.205,3.73e-06,-3.29e-05,-0.205,4.82e-05
-2.68e-06,-0.205,3.73e-06,-3.29e-05,-0.205,4.83e-05
-2.68e-06,-0.205,3.73e-06,-3.3e-05,-0.205,4.85e-05
-2.68e-06,-0.205,3.73e-06,-3.32e-05,-0.205,4.89e-05
-2.68e-06,-0.205,3.73e-06,-3.33e-05,-0.205,4.91e-05
-2.68e-06,-0.205,3.73e-06,-3.33e-05,-0.205,4.91e-05
-2.68e-06,-0.205,3.73e-06,-3.33e-05,-0.205,4.91e-05
-2.68e-06,-0.205,3.73e-06,-3.32e-05,-0.205,4.91e-05
-2.68e-06,-0.205,3.73e-06,-3.32e-05,-0.205,4.92e-05
-2.68e-06,-0.205,3.73e-06,-3.34e-05,-0.205,4.95e-05
-2.68e-06,-0.205,3.73e-06,-3.35e-05,-0.205,4.97e-05
-2.68e-06,-0.205,3.73e-06,-3.36e-05,-0.205,5e-05
-2.68e-06,-0.205,3.73e-06,-3.37e-05,-0.205,5.03e-05
-2.68e-06,-0.205,3.73e-06,-3.37e-05,-0.205,5.03e-05
-2.68e-06,-0.205,3.73e-06,-3.38e-05,-0.205,5.04e-05
-2.68e-06,-0.205,3.73e-06,-3.39e-05,-0.205,5.03e-05
-2.68e-06,-0.205,3.73e-06,-3.39e-05,-0.205,5.03e-05
-2.68e-06,-0.205,3.73e-06,-3.4e-05,-0.205,5.03e-05
-2.68e-06,-0.205,3.73e-06,-3.4e-05,-0.205,5.03e-05
-2.68e-06,-0.205,3.73e-06,-3.4e-05,-0.205,5.03e-05
-2.68e-06,-0.205,3.73e-06,-3.4e-05,-0.205,5.04e-05
-2.68e-06,-0.205,3.73e-06,-3.4e-05,-0.205,5.04e-05
-2.68e-06,-0.205,3.73e-06,-3.41e-05,-0.205,5.06e-05
-2.68e-06,-0.205,3.73e-06,-3.43e-05,-0.205,5.09e-05
-2.68e-06,-0.205,3.73e-06,-3.46e-05,-0.205,5.13e-05
-2.68e-06,-0.205,3.73e-06,-3.49e-05,-0.205,5.17e-05
-2.68e-06,-0.205,3.73e-06,-3.51e-05,-0.205,5.21e-05
-2.68e-06,-0.205,3.73e-06,-3.52e-05,-0.205,5.23e-05
-2.68e-06,-0.205,3.73e-06,-3.52e-05,-0.205,5.23e-05
-2.68e-06,-0.205,3.73e-06,-3.51e-05,-0.205,5.22e-05
-2.68e-06,-0.205,3.73e-06,-3.51e-05,-0.205,5.21e-05
-2.68e-06,-0.205,3.73e-06,-3.5e-05,-0.205,5.2e-05
-2.68e-06,-0.205,3.73e-06,-3.49e-05,-0.205,5.19e-05
-2.68e-06,-0.205,3.73e-06,-3.48e-05,-0.205,5.19e-05
-2.68e-06,-0.205,3.73e-06,-3.48e-05,-0.205,5.2e-05
-2.68e-06,-0.205,3.73e-06,-3.49e-05,-0.205,5.22e-05
-2.68e-06,-0.205,3.73e-06,-3.51e-05,-0.205,5.26e-05
-2.68e-06,-0.205,3.73e-06,-3.53e-05,-0.205,5.29e-05
-2.68e-06,-0.205,3.73e-06,-3.55e-05,-0.205,5.32e-05
-2.68e-06,-0.205,3.73e-06,-3.55e-05,-0.205,5.34e-05
-2.68e-06,-0.205,3.73e-06,-3.55e-05,-0.205,5.34e-05
-2.68e-06,-0.205,3.73e-06,-3.54e-05,-0.205,5.33e-05
-2.68e-06,-0.205,3.73e-06,-3.53e-05,-0.205,5.31e-05
-2.68e-06,-0.205,3.73e-06,-3.52e-05,-0.205,5.3e-05
-2.68e-06,-0.205,3.73e-06,-3.52e-05,-0.205,5.31e-05
-2.68e-06,-0.205,3.73e-06,-3.53e-05,-0.205,5.32e-05
-2.68e-06,-0.205,3.73e-06,-3.55e-05,-0.205,5.35e-05
-2.68e-06,-0.205,3.73e-06,-3.57e-05,-0.205,5.38e-05
-2.68e-06,-0.205,3.73e-06,-3.59e-05,-0.205,5.41e-05
-2.68e-06,-0.205,3.73e-06,-3.6e-05,-0.205,5.42e-05
-2.68e-06,-0.205,3.73e-06,-3.6e-05,-0.205,5.42e-05
-2.68e-06,-0.205,3.73e-06,-3.6e-05,-0.205,5.4e-05
-2.68e-06,-0.205,3.73e-06,-3.6e-05,-0.205,5.38e-05
-2.68e-06,-0.205,3.73e-06,-3.59e-05,-0.205,5.37e-05
-2.68e-06,-0.205,3.73e-06,-3.58e-05,-0.205,5.36e-05
-2.68e-06,-0.205,3.73e-06,-3.58e-05,-0.205,5.36e-05
-2.68e-06,-0.205,3.73e-06,-3.6e-05,-0.205,5.38e-05
-2.68e-06,-0.205,3.73e-06,-3.62e-05,-0.205,5.41e-05
-2.68e-06,-0.205,3.73e-06,-3.64e-05,-0.205,5.44e-05
-2.68e-06,-0.205,3.73e-06,-3.65e-05,-0.205,5.47e-05
-2.68e-06,-0.205,3.73e-06,-3.66e-05,-0.205,5.49e-05
-2.68e-06,-0.205,3.73e-06,-3.67e-05,-0.205,5.49e-05
-2.68e-06,-0.205,3.73e-06,-3.67e-05,-0.205,5.47e-05
-2.68e-06,-0.205,3.73e-06,-3.66e-05,-0.205,5.44e-05
-2.68e-06,-0.205,3.73e-06,-3.65e-05,-0.205,5.41e-05
-2.68e-06,-0.205,3.73e-06,-3.64e-05,-0.205,5.39e-05
-2.68e-06,-0.205,3.73e-06,-3.63e-05,-0.205,5.37e-05
-2.68e-06,-0.205,3.73e-06,-3.62e-05,-0.205,5.37e-05
-2.68e-06,-0.205,3.73e-06,-3.63e-05,-0.205,5.38e-05
-2.68e-06,-0.205,3.73e-06,-3.65e-05,-0.205,5.4e-05
-2.68e-06,-0.205,3.73e-06,-3.67e-05,-0.205,5.44e-05
-2.68e-06,-0.205,3.73e-06,-3.69e-05,-0.205,5.47e-05
-2.68e-06,-0.205,3.73e-06,-3.71e-05,-0.205,5.5e-05
-2.68e-06,-0.205,3.73e-06,-3.73e-05,-0.205,5.52e-05
-2.68e-06,-0.205,3.73e-06,-3.74e-05,-0.205,5.53e-05
-2.68e-06,-0.205,3.73e-06,-3.75e-05,-0.205,5.51e-05
-2.68e-06,-0.205,3.73e-06,-3.75e-05,-0.205,5.5e-05
-2.68e-06,-0.205,3.73e-06,-3.76e-05,-0.205,5.49e-05
-2.68e-06,-0.205,3.73e-06,-3.76e-05,-0.205,5.49e-05
-2.68e-06,-0.205,3.73e-06,-3.76e-05,-0.205,5.49e-05
-2.68e-06,-0.205,3.73e-06,-3.75e-05,-0.205,5.49e-05
-2.68e-06,-0.205,3.73e-06,-3.75e-05,-0.205,5.48e-05
-2.68e-06,-0.205,3.73e-06,-3.74e-05,-0.205,5.45e-05
-2.68e-06,-0.205,3.73e-06,-3.72e-05,-0.205,5.42e-05
-2.68e-06,-0.205,3.73e-06,-3.72e-05,-0.205,5.4e-05
-2.68e-06,-0.205,3.73e-06,-3.73e-05,-0.205,5.39e-05
-2.68e-06,-0.205,3.73e-06,-3.74e-05,-0.205,5.4e-05
-2.68e-06,-0.205,3.73e-06,-3.77e-05,-0.205,5.42e-05
-2.68e-06,-0.205,3.73e-06,-3.79e-05,-0.205,5.44e-05
-2.68e-06,-0.205,3.73e-06,-3.8e-05,-0.205,5.46e-05
-2.68e-06,-0.205,3.73e-06,-3.82e-05,-0.205,5.47e-05
-2.68e-06,-0.205,3.73e-06,-3.83e-05,-0.205,5.47e-05
-2.68e-06,-0.205,3.73e-06,-3.85e-05,-0.205,5.45e-05
-2.68e-06,-0.205,3.73e-06,-3.86e-05,-0.205,5.43e-05
-2.68e-06,-0.205,3.73e-06,-3.87e-05,-0.205,5.4e-05
-2.68e-06,-0.205,3.73e-06,-3.88e-05,-0.205,5.38e-05
-2.68e-06,-0.205,3.73e-06,-3.88e-05,-0.205,5.37e-05
-2.68e-06,-0.205,3.73e-06,-3.88e-05,-0.205,5.36e-05
-2.68e-06,-0.205,3.73e-06,-3.87e-05,-0.205,5.35e-05
-2.68e-06,-0.205,3.73e-06,-3.88e-05,-0.205,5.36e-05
-2.68e-06,-0.205,3.73e-06,-3.89e-05,-0.205,5.38e-05
-2.68e-06,-0.205,3.73e-06,-3.92e-05,-0.205,5.39e-05
-2.68e-06,-0.205,3.73e-06,-3.95e-05,-0.205,5.4e-05
-2.68e-06,-0.205,3.73e-06,-3.98e-05,-0.205,5.4e-05
-2.68e-06,-0.205,3.73e-06,-4.01e-05,-0.205,5.39e-05
-2.68e-06,-0.205,3.73e-06,-4.03e-05,-0.205,5.37e-05
-2.68e-06,-0.205,3.73e-06,-4.05e-05,-0.205,5.36e-05
-2.68e-06,-0.205,3.73e-06,-4.07e-05,-0.205,5.36e-05
-2.68e-06,-0.205,3.73e-06,-4.08e-05,-0.205,5.35e-05
-2.68e-06,-0.205,3.73e-06,-4.09e-05,-0.205,5.35e-05
-2.68e-06,-0.205,3.73e-06,-4.1e-05,-0.205,5.36e-05
-2.68e-06,-0.205,3.73e-06,-4.1e-05,-0.205,5.35e-05
-2.68e-06,-0.205,3.73e-06,-4.11e-05,-0.205,5.33e-05
-2.68e-06,-0.205,3.73e-06,-4.11e-05,-0.205,5.3e-05
-2.68e-06,-0.205,3.73e-06,-4.1e-05,-0.205,5.27e-05
-2.68e-06,-0.205,3.73e-06,-4.11e-05,-0.205,5.26e-05
-2.68e-06,-0.205,3.73e-06,-4.12e-05,-0.205,5.26e-05
-2.68e-06,-0.205,3.73e-06,-4.14e-05,-0.205,5.27e-05
-2.68e-06,-0.205,3.73e-06,-4.17e-05,-0.205,5.28e-05
-2.68e-06,-0.205,3.73e-06,-4.2e-05,-0.205,5.28e-05
-2.68e-06,-0.205,3.73e-06,-4.24e-05,-0.205,5.27e-05
-2.68e-06,-0.205,3.73e-06,-4.26e-05,-0.205,5.26e-05
-2.68e-06,-0.205,3.73e-06,-4.28e-05,-0.205,5.26e-05
-2.68e-06,-0.205,3.73e-06,-4.3e-05,-0.205,5.26e-05
-2.68e-06,-0.205,3.73e-06,-4.32e-05,-0.205,5.25e-05
-2.68e-06,-0.205,3.73e-06,-4.34e-05,-0.205,5.23e-05
-2.68e-06,-0.205,3.73e-06,-4.35e-05,-0.205,5.21e-05
-2.68e-06,-0.205,3.73e-06,-4.36e-05,-0.205,5.2e-05
-2.68e-06,-0.205,3.73e-06,-4.37e-05,-0.205,5.18e-05
-2.68e-06,-0.205,3.73e-06,-4.38e-05,-0.205,5.16e-05
-2.68e-06,-0.205,3.73e-06,-4.39e-05,-0.205,5.14e-05
-2.68e-06,-0.205,3.73e-06,-4.42e-05,-0.205,5.14e-05
-2.68e-06,-0.205,3.73e-06,-4.45e-05,-0.205,5.14e-05
-2.68e-06,-0.205,3.73e-06,-4.48e-05,-0.205,5.13e-05
-2.68e-06,-0.205,3.73e-06,-4.51e-05,-0.205,5.13e-05
-2.68e-06,-0.205,3.73e-06,-4.54e-05,-0.205,5.13e-05
-2.68e-06,-0.205,3.73e-06,-4.56e-05,-0.205,5.13e-05
-2.68e-06,-0.205,3.73e-06,-4.59e-05,-0.205,5.11e-05
-2.68e-06,-0.205,3.73e-06,-4.61e-05,-0.205,5.1e-05
-2.68e-06,-0.205,3.73e-06,-4.62e-05,-0.205,5.09e-05
-2.68e-06,-0.205,3.73e-06,-4.64e-05,-0.205,5.08e-05
-2.68e-06,-0.205,3.73e-06,-4.65e-05,-0.205,5.05e-05
-2.68e-06,-0.205,3.73e-06,-4.67e-05,-0.205,5.04e-05
-2.68e-06,-0.205,3.73e-06,-4.69e-05,-0.205,5.04e-05
-2.68e-06,-0.205,3.73e-06,-4.71e-05,-0.205,5.04e-05
-2.68e-06,-0.205,3.73e-06,-4.72e-05,-0.205,5.04e-05
-2.68e-06,-0.205,3.73e-06,-4.74e-05,-0.205,5.03e-05
-2.68e-06,-0.205,3.73e-06,-4.75e-05,-0.205,5e-05
-2.68e-06,-0.205,3.73e-06,-4.77e-05,-0.205,4.98e-05
-2.68e-06,-0.205,3.73e-06,-4.79e-05,-0.205,4.97e-05
-2.68e-06,-0.205,3.73e-06,-4.82e-05,-0.205,4.96e-05
-2.68e-06,-0.205,3.73e-06,-4.83e-05,-0.205,4.97e-05
-2.68e-06,-0.205,3.73e-06,-4.85e-05,-0.205,4.97e-05
-2.68e-06,-0.205,3.73e-06,-4.86e-05,-0.205,4.98e-05
-2.68e-06,-0.205,3.73e-06,-4.87e-05,-0.205,4.98e-05
-2.68e-06,-0.205,3.73e-06,-4.88e-05,-0.205,4.97e-05
-2.68e-06,-0.205,3.73e-06,-4.88e-05,-0.205,4.95e-05
-2.68e-06,-0.205,3.73e-06,-4.89e-05,-0.205,4.93e-05
-2.68e-06,-0.205,3.73e-06,-4.9e-05,-0.205,4.91e-05
-2.68e-06,-0.205,3.73e-06,-4.91e-05,-0.205,4.91e-05
-2.68e-06,-0.205,3.73e-06,-4.93e-05,-0.205,4.91e-05
-2.68e-06,-0.205,3.73e-06,-4.94e-05,-0.205,4.92e-05
-2.68e-06,-0.205,3.73e-06,-4.95e-05,-0.205,4.93e-05
-2.68e-06,-0.205,3.73e-06,-4.95e-05,-0.205,4.93e-05
-2.68e-06,-0.205,3.73e-06,-4.97e-05,-0.205,4.93e-05
-2.68e-06,-0.205,3.73e-06,-4.97e-05,-0.205,4.92e-05
-2.68e-06,-0.205,3.73e-06,-4.98e-05,-0.205,4.9e-05
-2.68e-06,-0.205,3.73e-06,-4.99e-05,-0.205,4.88e-05
-2.68e-06,-0.205,3.73e-06,-5e-05,-0.205,4.86e-05
-2.68e-06,-0.205,3.73e-06,-5.01e-05,-0.205,4.85e-05
-2.68e-06,-0.205,3.73e-06,-5.03e-05,-0.205,4.84e-05
-2.68e-06,-0.205,3.73e-06,-5.04e-05,-0.205,4.84e-05
-2.68e-06,-0.205,3.73e-06,-5.06e-05,-0.205,4.85e-05
-2.68e-06,-0.205,3.73e-06,-5.07e-05,-0.205,4.86e-05
-2.68e-06,-0.205,3.73e-06,-5.08e-05,-0.205,4.88e-05
-2.68e-06,-0.205,3.73e-06,-5.09e-05,-0.205,4.89e-05
-2.68e-06,-0.205,3.73e-06,-5.09e-05,-0.205,4.89e-05
-2.68e-06,-0.205,3.73e-06,-5.1e-05,-0.205,4.88e-05
-2.68e-06,-0.205,3.73e-06,-5.11e-05,-0.205,4.87e-05
-2.68e-06,-0.205,3.73e-06,-5.12e-05,-0.205,4.85e-05
-2.68e-06,-0.205,3.73e-06,-5.13e-05,-0.205,4.83e-05
-2.68e-06,-0.205,3.73e-06,-5.14e-05,-0.205,4.81e-05
-2.68e-06,-0.205,3.73e-06,-5.14e-05,-0.205,4.8e-05
-2.68e-06,-0.205,3.73e-06,-5.15e-05,-0.205,4.8e-05
-2.68e-06,-0.205,3.73e-06,-5.15e-05,-0.205,4.8e-05
-2.68e-06,-0.205,3.73e-06,-5.16e-05,-0.205,4.81e-05
-2.68e-06,-0.205,3.73e-06,-5.17e-05,-0.205,4.81e-05
-2.68e-06,-0.205,3.73e-06,-5.17e-05,-0.205,4.82e-05
-2.68e-06,-0.205,3.73e-06,-5.18e-05,-0.205,4.82e-05
-2.68e-06,-0.205,3.73e-06,-5.19e-05,-0.205,4.82e-05
-2.68e-06,-0.205,3.73e-06,-5.2e-05,-0.205,4.82e-05
-2.68e-06,-0.205,3.73e-06,-5.21e-05,-0.205,4.81e-05
-2.68e-06,-0.205,3.73e-06,-5.21e-05,-0.205,4.8e-05
-2.68e-06,-0.205,3.73e-06,-5.22e-05,-0.205,4.79e-05
-2.68e-06,-0.205,3.73e-06,-5.22e-05,-0.205,4.79e-05
-2.68e-06,-0.205,3.73e-06,-5.22e-05,-0.205,4.79e-05
-2.68e-06,-0.205,3.73e-06,-5.22e-05,-0.205,4.78e-05
-2.68e-06,-0.205,3.73e-06,-5.22e-05,-0.205,4.77e-05
-2.68e-06,-0.205,3.73e-06,-5.23e-05,-0.205,4.76e-05
-2.68e-06,-0.205,3.73e-06,-5.23e-05,-0.205,4.75e-05
-2.68e-06,-0.205,3.73e-06,-5.23e-05,-0.205,4.74e-05
-2.68e-06,-0.205,3.73e-06,-5.24e-05,-0.205,4.75e-05
-2.68e-06,-0.205,3.73e-06,-5.24e-05,-0.205,4.75e-05
-2.68e-06,-0.205,3.73e-06,-5.24e-05,-0.205,4.76e-05
-2.68e-06,-0.205,3.73e-06,-5.24e-05,-0.205,4.76e-05
-2.68e-06,-0.205,3.73e-06,-5.24e-05,-0.205,4.75e-05
-2.68e-06,-0.205,3.73e-06,-5.24e-05,-0.205,4.75e-05
-2.68e-06,-0.205,3.73e-06,-5.23e-05,-0.205,4.74e-05
-2.68e-06,-0.205,3.73e-06,-5.23e-05,-0.205,4.73e-05
-2.68e-06,-0.205,3.73e-06,-5.23e-05,-0.205,4.73e-05
-2.68e-06,-0.205,3.73e-06,-5.23e-05,-0.205,4.73e-05
-2.68e-06,-0.205,3.73e-06,-5.23e-05,-0.205,4.73e-05
-2.68e-06,-0.205,3.73e-06,-5.23e-05,-0.205,4.74e-05
-2.68e-06,-0.205,3.73e-06,-5.22e-05,-0.205,4.74e-05
-2.68e-06,-0.205,3.73e-06,-5.22e-05,-0.205,4.75e-05
-2.68e-06,-0.205,3.73e-06,-5.22e-05,-0.205,4.75e-05
-2.68e-06,-0.205,3.73e-06,-5.22e-05,-0.205,4.75e-05
-2.68e-06,-0.205,3.73e-06,-5.22e-05,-0.205,4.75e-05
-2.68e-06,-0.205,3.73e-06,-5.21e-05,-0.205,4.74e-05
-2.68e-06,-0.205,3.73e-06,-5.21e-05,-0.205,4.74e-05
-2.68e-06,-0.205,3.73e-06,-5.21e-05,-0.205,4.73e-05
-2.68e-06,-0.205,3.73e-06,-5.21e-05,-0.205,4.73e-05
-2.68e-06,-0.205,3.73e-06,-5.21e-05,-0.205,4.72e-05
-2.68e-06,-0.205,3.73e-06,-5.2e-05,-0.205,4.72e-05
-2.68e-06,-0.205,3.73e-06,-5.2e-05,-0.205,4.72e-05
-2.68e-06,-0.205,3.73e-06,-5.2e-05,-0.205,4.72e-05
-2.68e-06,-0.205,3.73e-06,-5.19e-05,-0.205,4.73e-05
-2.68e-06,-0.205,3.73e-06,-5.19e-05,-0.205,4.73e-05
-2.68e-06,-0.205,3.73e-06,-5.18e-05,-0.205,4.73e-05
-2.68e-06,-0.205,3.73e-06,-5.18e-05,-0.205,4.74e-05
-2.68e-06,-0.205,3.73e-06,-5.17e-05,-0.205,4.74e-05
-2.68e-06,-0.205,3.73e-06,-5.16e-05,-0.205,4.75e-05
-2.68e-06,-0.205,3.73e-06,-5.16e-05,-0.205,4.75e-05
-2.68e-06,-0.205,3.73e-06,-5.15e-05,-0.205,4.75e-05
-2.68e-06,-0.205,3.73e-06,-5.15e-05,-0.205,4.75e-05
-2.68e-06,-0.205,3.73e-06,-5.14e-05,-0.205,4.76e-05
-2.68e-06,-0.205,3.73e-06,-5.14e-05,-0.205,4.76e-05
-2.68e-06,-0.205,3.73e-06,-5.13e-05,-0.205,4.76e-05
-2.68e-06,-0.205,3.73e-06,-5.13e-05,-0.205,4.76e-05
-2.68e-06,-0.205,3.73e-06,-5.13e-05,-0.205,4.75e-05
-2.68e-06,-0.205,3.73e-06,-5.12e-05,-0.205,4.75e-05
-2.68e-06,-0.205,3.73e-06,-5.12e-05,-0.205,4.75e-05
-2.68e-06,-0.205,3.73e-06,-5.11e-05,-0.205,4.74e-05
-2.68e-06,-0.205,3.73e-06,-5.11e-05,-0.205,4.74e-05
-2.68e-06,-0.205,3.73e-06,-5.1e-05,-0.205,4.73e-05
-2.68e-06,-0.205,3.73e-06,-5.1e-05,-0.205,4.73e-05
-2.68e-06,-0.205,3.73e-06,-5.09e-05,-0.205,4.73e-05
-2.68e-06,-0.205,3.73e-06,-5.09e-05,-0.205,4.73e-05
-2.68e-06,-0.205,3.73e-06,-5.08e-05,-0.205,4.72e-05
-2.68e-06,-0.205,3.73e-06,-5.08e-05,-0.205,4.72e-05
-2.68e-06,-0.205,3.73e-06,-5.07e-05,-0.205,4.72e-05
-2.68e-06,-0.205,3.73e-06,-5.07e-05,-0.205,4.71e-05
-2.68e-06,-0.205,3.73e-06,-5.06e-05,-0.205,4.71e-05
-2.68e-06,-0.205,3.73e-06,-5.05e-05,-0.205,4.71e-05
-2.68e-06,-0.205,3.73e-06,-5.05e-05,-0.205,4.71e-05
-2.68e-06,-0.205,3.73e-06,-5.04e-05,-0.205,4.71e-05
-2.68e-06,-0.205,3.73e-06,-5.04e-05,-0.205,4.7e-05
-2.68e-06,-0.205,3.73e-06,-5.03e-05,-0.205,4.7e-05
-2.68e-06,-0.205,3.73e-06,-5.02e-05,-0.205,4.7e-05
-2.68e-06,-0.205,3.73e-06,-5.02e-05,-0.205,4.69e-05
-2.68e-06,-0.205,3.73e-06,-5.01e-05,-0.205,4.69e-05
-2.68e-06,-0.205,3.73e-06,-5e-05,-0.205,4.69e-05
-2.68e-06,-0.205,3.73e-06,-5e-05,-0.205,4.68e-05
-2.68e-06,-0.205,3.73e-06,-4.99e-05,-0.205,4.68e-05
-2.68e-06,-0.205,3.73e-06,-4.98e-05,-0.205,4.67e-05
-2.68e-06,-0.205,3.73e-06,-4.97e-05,-0.205,4.67e-05
-2.68e-06,-0.205,3.73e-06,-4.97e-05,-0.205,4.66e-05
-2.68e-06,-0.205,3.73e-06,-4.96e-05,-0.205,4.66e-05
-2.68e-06,-0.205,3.73e-06,-4.96e-05,-0.205,4.66e-05
-2.68e-06,-0.205,3.73e-06,-4.95e-05,-0.205,4.65e-05
-2.68e-06,-0.205,3.73e-06,-4.94e-05,-0.205,4.65e-05
-2.68e-06,-0.205,3.73e-06,-4.93e-05,-0.205,4.64e-05
-2.68e-06,-0.205,3.73e-06,-4.93e-05,-0.205,4.64e-05
-2.68e-06,-0.205,3.73e-06,-4.92e-05,-0.205,4.63e-05
-2.68e-06,-0.205,3.73e-06,-4.91e-05,-0.205,4.62e-05
-2.68e-06,-0.205,3.73e-06,-4.9e-05,-0.205,4.62e-05
-2.68e-06,-0.205,3.73e-06,-4.9e-05,-0.205,4.61e-05
-2.68e-06,-0.205,3.73e-06,-4.89e-05,-0.205,4.61e-05
-2.68e-06,-0.205,3.73e-06,-4.89e-05,-0.205,4.6e-05
-2.68e-06,-0.205,3.73e-06,-4.88e-05,-0.205,4.59e-05
-2.68e-06,-0.205,3.73e-06,-4.87e-05,-0.205,4.58e-05
-2.68e-06,-0.205,3.73e-06,-4.86e-05,-0.205,4.58e-05
-2.68e-06,-0.205,3.73e-06,-4.85e-05,-0.205,4.57e-05
-2.68e-06,-0.205,3.73e-06,-4.85e-05,-0.205,4.56e-05
-2.68e-06,-0.205,3.73e-06,-4.84e-05,-0.205,4.56e-05
-2.68e-06,-0.205,3.73e-06,-4.84e-05,-0.205,4.55e-05
-2.68e-06,-0.205,3.73e-06,-4.83e-05,-0.205,4.54e-05
-2.68e-06,-0.205,3.73e-06,-4.82e-05,-0.205,4.53e-05
-2.68e-06,-0.205,3.73e-06,-4.81e-05,-0.205,4.52e-05
-2.68e-06,-0.205,3.73e-06,-4.8e-05,-0.205,4.51e-05
-2.68e-06,-0.205,3.73e-06,-4.8e-05,-0.205,4.5e-05
-2.68e-06,-0.205,3.73e-06,-4.79e-05,-0.205,4.49e-05
-2.68e-06,-0.205,3.73e-06,-4.78e-05,-0.205,4.48e-05
-2.68e-06,-0.205,3.73e-06,-4.78e-05,-0.205,4.47e-05
-2.68e-06,-0.205,3.73e-06,-4.77e-05,-0.205,4.46e-05
-2.68e-06,-0.205,3.73e-06,-4.76e-05,-0.205,4.45e-05
-2.68e-06,-0.205,3.73e-06,-4.76e-05,-0.205,4.44e-05
-2.68e-06,-0.205,3.73e-06,-4.75e-05,-0.205,4.43e-05
-2.68e-06,-0.205,3.73e-06,-4.74e-05,-0.205,4.42e-05
-2.68e-06,-0.205,3.73e-06,-4.74e-05,-0.205,4.41e-05
-2.68e-06,-0.205,3.73e-06,-4.73e-05,-0.205,4.39e-05
-2.68e-06,-0.205,3.73e-06,-4.72e-05,-0.205,4.38e-05
-2.68e-06,-0.205,3.73e-06,-4.71e-05,-0.205,4.37e-05
-2.68e-06,-0.205,3.73e-06,-4.71e-05,-0.205,4.36e-05
-2.68e-06,-0.205,3.73e-06,-4.7e-05,-0.205,4.34e-05
-2.68e-06,-0.205,3.73e-06,-4.69e-05,-0.205,4.33e-05
-2.68e-06,-0.205,3.73e-06,-4.69e-05,-0.205,4.32e-05
-2.68e-06,-0.205,3.73e-06,-4.68e-05,-0.205,4.3e-05
-2.68e-06,-0.205,3.73e-06,-4.67e-05,-0.205,4.29e-05
-2.68e-06,-0.205,3.73e-06,-4.67e-05,-0.205,4.27e-05
-2.68e-06,-0.205,3.73e-06,-4.66e-05,-0.205,4.26e-05
-2.68e-06,-0.205,3.73e-06,-4.65e-05,-0.205,4.24e-05
-2.68e-06,-0.205,3.73e-06,-4.64e-05,-0.205,4.23e-05
-2.68e-06,-0.205,3.73e-06,-4.64e-05,-0.205,4.21e-05
-2.68e-06,-0.205,3.73e-06,-4.63e-05,-0.205,4.2e-05
-2.68e-06,-0.205,3.73e-06,-4.62e-05,-0.205,4.18e-05
-2.68e-06,-0.205,3.73e-06,-4.62e-05,-0.205,4.17e-05
-2.68e-06,-0.205,3.73e-06,-4.61e-05,-0.205,4.15e-05
-2.68e-06,-0.205,3.73e-06,-4.6e-05,-0.205,4.13e-05
-2.68e-06,-0.205,3.73e-06,-4.6e-05,-0.205,4.12e-05
-2.68e-06,-0.205,3.73e-06,-4.59e-05,-0.205,4.1e-05
-2.68e-06,-0.205,3.73e-06,-4.58e-05,-0.205,4.08e-05
-2.68e-06,-0.205,3.73e-06,-4.58e-05,-0.205,4.06e-05
-2.68e-06,-0.205,3.73e-06,-4.57e-05,-0.205,4.04e-05
-2.68e-06,-0.205,3.73e-06,-4.56e-05,-0.205,4.02e-05
-2.68e-06,-0.205,3.73e-06,-4.56e-05,-0.205,4.01e-05
-2.68e-06,-0.205,3.73e-06,-4.55e-05,-0.205,3.99e-05
-2.68e-06,-0.205,3.73e-06,-4.54e-05,-0.205,3.97e-05
-2.68e-06,-0.205,3.73e-06,-4.54e-05,-0.205,3.95e-05
-2.68e-06,-0.205,3.73e-06,-4.53e-05,-0.205,3.93e-05
-2.68e-06,-0.205,3.73e-06,-4.52e-05,-0.205,3.91e-05
-2.68e-06,-0.205,3.73e-06,-4.52e-05,-0.205,3.89e-05
-2.68e-06,-0.205,3.73e-06,-4.51e-05,-0.205,3.87e-05
-2.68e-06,-0.205,3.73e-06,-4.5e-05,-0.205,3.84e-05
-2.68e-06,-0.205,3.73e-06,-4.5e-05,-0.205,3.82e-05
-2.68e-06,-0.205,3.73e-06,-4.49e-05,-0.205,3.8e-05
-2.68e-06,-0.205,3.73e-06,-4.49e-05,-0.205,3.78e-05
-2.68e-06,-0.205,3.73e-06,-4.48e-05,-0.205,3.76e-05
-2.68e-06,-0.205,3.73e-06,-4.47e-05,-0.205,3.73e-05
-2.68e-06,-0.205,3.73e-06,-4.47e-05,-0.205,3.71e-05
-2.68e-06,-0.205,3.73e-06,-4.46e-05,-0.205,3.69e-05
-2.68e-06,-0.205,3.73e-06,-4.45e-05,-0.205,3.66e-05
-2.68e-06,-0.205,3.73e-06,-4.45e-05,-0.205,3.64e-05
-2.68e-06,-0.205,3.73e-06,-4.44e-05,-0.205,3.61e-05
-2.68e-06,-0.205,3.73e-06,-4.43e-05,-0.205,3.59e-05
-2.68e-06,-0.205,3.73e-06,-4.43e-05,-0.205,3.57e-05
-2.68e-06,-0.205,3.73e-06,-4.42e-05,-0.205,3.54e-05
-2.68e-06,-0.205,3.73e-06,-4.42e-05,-0.205,3.51e-05
-2.68e-06,-0.205,3.73e-06,-4.41e-05,-0.205,3.49e-05
-2.68e-06,-0.205,3.73e-06,-4.4e-05,-0.205,3.46e-05
-2.68e-06,-0.205,3.73e-06,-4.4e-05,-0.205,3.44e-05
-2.68e-06,-0.205,3.73e-06,-4.39e-05,-0.205,3.41e-05
-2.68e-06,-0.205,3.73e-06,-4.39e-05,-0.205,3.38e-05
-2.68e-06,-0.205,3.73e-06,-4.38e-05,-0.205,3.36e-05
-2.68e-06,-0.205,3.73e-06,-4.37e-05,-0.205,3.33e-05
-2.68e-06,-0.205,3.73e-06,-4.37e-05,-0.205,3.3e-05
-2.68e-06,-0.205,3.73e-06,-4.36e-05,-0.205,3.27e-05
-2.68e-06,-0.205,3.73e-06,-4.35e-05,-0.205,3.24e-05
-2.68e-06,-0.205,3.73e-06,-4.35e-05,-0.205,3.22e-05
-2.68e-06,-0.205,3.73e-06,-4.34e-05,-0.205,3.19e-05
-2.68e-06,-0.205,3.73e-06,-4.34e-05,-0.205,3.16e-05
-2.68e-06,-0.205,3.73e-06,-4.33e-05,-0.205,3.13e-05
-2.68e-06,-0.205,3.73e-06,-4.32e-05,-0.205,3.1e-05
-2.68e-06,-0.205,3.73e-06,-4.32e-05,-0.205,3.07e-05
-2.68e-06,-0.205,3.73e-06,-4.31e-05,-0.205,3.04e-05
-2.68e-06,-0.205,3.73e-06,-4.3e-05,-0.205,3.01e-05
-2.68e-06,-0.205,3.73e-06,-4.3e-05,-0.205,2.98e-05
-2.68e-06,-0.205,3.73e-06,-4.29e-05,-0.205,2.95e-05
-2.68e-06,-0.205,3.73e-06,-4.29e-05,-0.205,2.92e-05
-2.68e-06,-0.205,3.73e-06,-4.28e-05,-0.205,2.88e-05
-2.68e-06,-0.205,3.73e-06,-4.27e-05,-0.205,2.85e-05
-2.68e-06,-0.205,3.73e-06,-4.27e-05,-0.205,2.82e-05
-2.68e-06,-0.205,3.73e-06,-4.26e-05,-0.205,2.79e-05
-2.68e-06,-0.205,3.73e-06,-4.25e-05,-0.205,2.75e-05
-2.68e-06,-0.205,3.73e-06,-4.25e-05,-0.205,2.72e-05
-2.68e-06,-0.205,3.73e-06,-4.24e-05,-0.205,2.69e-05
-2.68e-06,-0.205,3.73e-06,-4.23e-05,-0.205,2.65e-05
-2.68e-06,-0.205,3.73e-06,-4.23e-05,-0.205,2.62e-05
-2.68e-06,-0.205,3.73e-06,-4.22e-05,-0.205,2.59e-05
-2.68e-06,-0.205,3.73e-06,-4.22e-05,-0.205,2.55e-05
-2.68e-06,-0.205,3.73e-06,-4.21e-05,-0.205,2.52e-05
-2.68e-06,-0.205,3.73e-06,-4.2e-05,-0.205,2.48e-05
-2.68e-06,-0.205,3.73e-06,-4.2e-05,-0.205,2.45e-05
-2.68e-06,-0.205,3.73e-06,-4.19e-05,-0.205,2.41e-05
-2.68e-06,-0.205,3.73e-06,-4.18e-05,-0.205,2.38e-05
-2.68e-06,-0.205,3.73e-06,-4.18e-05,-0.205,2.34e-05
-2.68e-06,-0.205,3.73e-06,-4.17e-05,-0.205,2.3e-05
-2.68e-06,-0.205,3.73e-06,-4.16e-05,-0.205,2.27e-05
-2.68e-06,-0.205,3.73e-06,-4.16e-05,-0.205,2.23e-05
-2.68e-06,-0.205,3.73e-06,-4.15e-05,-0.205,2.19e-05
-2.68e-06,-0.205,3.73e-06,-4.15e-05,-0.205,2.16e-05
-2.68e-06,-0.205,3.73e-06,-4.14e-05,-0.205,2.12e-05
-2.68e-06,-0.205,3.73e-06,-4.14e-05,-0.205,2.08e-05
-2.68e-06,-0.205,3.73e-06,-4.13e-05,-0.205,2.04e-05
-2.68e-06,-0.205,3.73e-06,-4.12e-05,-0.205,2.01e-05
-2.68e-06,-0.205,3.73e-06,-4.12e-05,-0.205,1.97e-05
-2.68e-06,-0.205,3.73e-06,-4.11e-05,-0.205,1.93e-05
-2.68e-06,-0.205,3.73e-06,-4.11e-05,-0.205,1.89e-05
-2.68e-06,-0.205,3.73e-06,-4.1e-05,-0.205,1.85e-05
-2.68e-06,-0.205,3.73e-06,-4.09e-05,-0.205,1.81e-05
-2.68e-06,-0.205,3.73e-06,-4.09e-05,-0.205,1.77e-05
-2.68e-06,-0.205,3.73e-06,-4.08e-05,-0.205,1.73e-05
-2.68e-06,-0.205,3.73e-06,-4.08e-05,-0.205,1.69e-05
-2.68e-06,-0.205,3.73e-06,-4.07e-05,-0.205,1.65e-05
-2.68e-06,-0.205,3.73e-06,-4.06e-05,-0.205,1.61e-05
-2.68e-06,-0.205,3.73e-06,-4.06e-05,-0.205,1.57e-05
-2.68e-06,-0.205,3.73e-06,-4.05e-05,-0.205,1.53e-05
-2.68e-06,-0.205,3.73e-06,-4.04e-05,-0.205,1.49e-05
-2.68e-06,-0.205,3.73e-06,-4.04e-05,-0.205,1.44e-05
-2.68e-06,-0.205,3.73e-06,-4.03e-05,-0.205,1.4e-05
-2.68e-06,-0.205,3.73e-06,-4.03e-05,-0.205,1.36e-05
-2.68e-06,-0.205,3.73e-06,-4.02e-05,-0.205,1.32e-05
-2.68e-06,-0.205,3.73e-06,-4.02e-05,-0.205,1.27e-05
-2.68e-06,-0.205,3.73e-06,-4.01e-05,-0.205,1.23e-05
-2.68e-06,-0.205,3.73e-06,-4.01e-05,-0.205,1.19e-05
-2.68e-06,-0.205,3.73e-06,-4e-05,-0.205,1.15e-05
-2.68e-06,-0.205,3.73e-06,-4e-05,-0.205,1.1e-05
-2.68e-06,-0.205,3.73e-06,-3.99e-05,-0.205,1.06e-05
-2.68e-06,-0.205,3.73e-06,-3.98e-05,-0.205,1.01e-05
-2.68e-06,-0.205,3.73e-06,-3.98e-05,-0.205,9.69e-06
-2.68e-06,-0.205,3.73e-06,-3.97e-05,-0.205,9.25e-06
-2.68e-06,-0.205,3.73e-06,-3.97e-05,-0.205,8.8e-06
-2.68e-06,-0.205,3.73e-06,-3.96e-05,-0.205,8.35e-06
-2.68e-06,-0.205,3.73e-06,-3.96e-05,-0.205,7.89e-06
-2.68e-06,-0.205,3.73e-06,-3.95e-05,-0.205,7.43e-06
-2.68e-06,-0.205,3.73e-06,-3.95e-05,-0.205,6.98e-06
-2.68e-06,-0.205,3.73e-06,-3.94e-05,-0.205,6.52e-06
-2.68e-06,-0.205,3.73e-06,-3.94e-05,-0.205,6.05e-06
-2.68e-06,-0.205,3.73e-06,-3.93e-05,-0.205,5.58e-06
-2.68e-06,-0.205,3.73e-06,-3.93e-05,-0.205,5.12e-06
-2.68e-06,-0.205,3.73e-06,-3.92e-05,-0.205,4.65e-06
-2.68e-06,-0.205,3.73e-06,-3.91e-05,-0.205,4.17e-06
-2.68e-06,-0.205,3.73e-06,-3.91e-05,-0.205,3.7e-06
-2.68e-06,-0.205,3.73e-06,-3.91e-05,-0.205,3.23e-06
-2.68e-06,-0.205,3.73e-06,-3.9e-05,-0.205,2.75e-06
-2.68e-06,-0.205,3.73e-06,-3.89e-05,-0.205,2.28e-06
-2.68e-06,-0.205,3.73e-06,-3.89e-05,-0.205,1.81e-06
-2.68e-06,-0.205,3.73e-06,-3.88e-05,-0.205,1.34e-06
-2.68e-06,-0.205,3.73e-06,-3.88e-05,-0.205,8.71e-07
-2.68e-06,-0.205,3.73e-06,-3.87e-05,-0.205,4.1e-07
-2.68e-06,-0.205,3.73e-06,-3.87e-05,-0.205,-5.57e-08
-2.68e-06,-0.205,3.73e-06,-3.86e-05,-0.205,-5.27e-07
-2.68e-06,-0.205,3.73e-06,-3.86e-05,-0.205,-9.84e-07
-2.68e-06,-0.205,3.73e-06,-3.85e-05,-0.205,-1.45e-06
-2.68e-06,-0.205,3.73e-06,-3.85e-05,-0.205,-1.9e-06
-2.68e-06,-0.205,3.73e-06,-3.84e-05,-0.205,-2.37e-06
-2.68e-06,-0.205,3.73e-06,-3.83e-05,-0.205,-2.83e-06
-2.68e-06,-0.205,3.73e-06,-3.83e-05,-0.205,-3.28e-06
-2.68e-06,-0.205,3.73e-06,-3.82e-05,-0.205,-3.74e-06
-2.68e-06,-0.205,3.73e-06,-3.82e-05,-0.205,-4.19e-06
-2.68e-06,-0.205,3.73e-06,-3.81e-05,-0.205,-4.65e-06
-2.68e-06,-0.205,3.73e-06,-3.8e-05,-0.205,-5.11e-06
-2.68e-06,-0.205,3.73e-06,-3.8e-05,-0.205,-5.55e-06
-2.68e-06,-0.205,3.73e-06,-3.79e-05,-0.205,-6e-06
-2.68e-06,-0.205,3.73e-06,-3.79e-05,-0.205,-6.45e-06
-2.68e-06,-0.205,3.73e-06,-3.78e-05,-0.205,-6.91e-06
-2.68e-06,-0.205,3.73e-06,-3.78e-05,-0.205,-7.35e-06
-2.68e-06,-0.205,3.73e-06,-3.77e-05,-0.205,-7.8e-06
-2.68e-06,-0.205,3.73e-06,-3.76e-05,-0.205,-8.25e-06
-2.68e-06,-0.205,3.73e-06,-3.76e-05,-0.205,-8.69e-06
-2.68e-06,-0.205,3.73e-06,-3.75e-05,-0.205,-9.13e-06
-2.68e-06,-0.205,3.73e-06,-3.74e-05,-0.205,-9.57e-06
-2.68e-06,-0.205,3.73e-06,-3.74e-05,-0.205,-1e-05
-2.68e-06,-0.205,3.73e-06,-3.73e-05,-0.205,-1.04e-05
-2.68e-06,-0.205,3.73e-06,-3.73e-05,-0.205,-1.09e-05
-2.68e-06,-0.205,3.73e-06,-3.72e-05,-0.205,-1.13e-05
-2.68e-06,-0.205,3.73e-06,-3.71e-05,-0.205,-1.17e-05
-2.68e-06,-0.205,3.73e-06,-3.71e-05,-0.205,-1.21e-05
-2.68e-06,-0.205,3.73e-06,-3.7e-05,-0.205,-1.26e-05
-2.68e-06,-0.205,3.73e-06,-3.69e-05,-0.205,-1.3e-05
-2.68e-06,-0.205,3.73e-06,-3.69e-05,-0.205,-1.34e-05
-2.68e-06,-0.205,3.73e-06,-3.68e-05,-0.205,-1.38e-05
-2.68e-06,-0.205,3.73e-06,-3.68e-05,-0.205,-1.42e-05
-2.68e-06,-0.205,3.73e-06,-3.67e-05,-0.205,-1.46e-05
-2.68e-06,-0.205,3.73e-06,-3.66e-05,-0.205,-1.5e-05
-2.68e-06,-0.205,3.73e-06,-3.66e-05,-0.205,-1.55e-05
-2.68e-06,-0.205,3.73e-06,-3.65e-05,-0.205,-1.59e-05
-2.68e-06,-0.205,3.73e-06,-3.64e-05,-0.205,-1.63e-05
-2.68e-06,-0.205,3.73e-06,-3.64e-05,-0.205,-1.67e-05
-2.68e-06,-0.205,3.73e-06,-3.63e-05,-0.205,-1.71e-05
-2.68e-06,-0.205,3.73e-06,-3.62e-05,-0.205,-1.75e-05
-2.68e-06,-0.205,3.73e-06,-3.62e-05,-0.205,-1.79e-05
-2.68e-06,-0.205,3.73e-06,-3.61e-05,-0.205,-1.83e-05
-2.68e-06,-0.205,3.73e-06,-3.61e-05,-0.205,-1.86e-05
-2.68e-06,-0.205,3.73e-06,-3.6e-05,-0.205,-1.9e-05
-2.68e-06,-0.205,3.73e-06,-3.59e-05,-0.205,-1.94e-05
-2.68e-06,-0.205,3.73e-06,-3.59e-05,-0.205,-1.98e-05
-2.68e-06,-0.205,3.73e-06,-3.58e-05,-0.205,-2.02e-05
-2.68e-06,-0.205,3.73e-06,-3.57e-05,-0.205,-2.06e-05
-2.68e-06,-0.205,3.73e-06,-3.57e-05,-0.205,-2.09e-05
-2.68e-06,-0.205,3.73e-06,-3.56e-05,-0.205,-2.13e-05
-2.68e-06,-0.205,3.73e-06,-3.55e-05,-0.205,-2.17e-05
-2.68e-06,-0.205,3.73e-06,-3.55e-05,-0.205,-2.21e-05
-2.68e-06,-0.205,3.73e-06,-3.54e-05,-0.205,-2.25e-05
-2.68e-06,-0.205,3.73e-06,-3.53e-05,-0.205,-2.28e-05
-2.68e-06,-0.205,3.73e-06,-3.53e-05,-0.205,-2.32e-05
-2.68e-06,-0.205,3.73e-06,-3.52e-05,-0.205,-2.36e-05
-2.68e-06,-0.205,3.73e-06,-3.52e-05,-0.205,-2.39e-05
-2.68e-06,-0.205,3.73e-06,-3.51e-05,-0.205,-2.43e-05
-2.68e-06,-0.205,3.73e-06,-3.5e-05,-0.205,-2.47e-05
-2.68e-06,-0.205,3.73e-06,-3.5e-05,-0.205,-2.5e-05
-2.68e-06,-0.205,3.73e-06,-3.49e-05,-0.205,-2.54e-05
-2.68e-06,-0.205,3.73e-06,-3.48e-05,-0.205,-2.58e-05
-2.68e-06,-0.205,3.73e-06,-3.48e-05,-0.205,-2.61e-05
-2.68e-06,-0.205,3.73e-06,-3.47e-05,-0.205,-2.65e-05
-2.68e-06,-0.205,3.73e-06,-3.46e-05,-0.205,-2.68e-05
-2.68e-06,-0.205,3.73e-06,-3.46e-05,-0.205,-2.72e-05
-2.68e-06,-0.205,3.73e-06,-3.45e-05,-0.205,-2.75e-05
-2.68e-06,-0.205,3.73e-06,-3.45e-05,-0.205,-2.79e-05
-2.68e-06,-0.205,3.73e-06,-3.44e-05,-0.205,-2.83e-05
-2.68e-06,-0.205,3.73e-06,-3.44e-05,-0.205,-2.86e-05
-2.68e-06,-0.205,3.73e-06,-3.43e-05,-0.205,-2.9e-05
-2.68e-06,-0.205,3.73e-06,-3.42e-05,-0.205,-2.93e-05
-2.68e-06,-0.205,3.73e-06,-3.42e-05,-0.205,-2.97e-05
-2.68e-06,-0.205,3.73e-06,-3.41e-05,-0.205,-3e-05
-2.68e-06,-0.205,3.73e-06,-3.41e-05,-0.205,-3.04e-05
-2.68e-06,-0.205,3.73e-06,-3.4e-05,-0.205,-3.07e-05
-2.68e-06,-0.205,3.73e-06,-3.39e-05,-0.205,-3.11e-05
-2.68e-06,-0.205,3.73e-06,-3.39e-05,-0.205,-3.14e-05
-2.68e-06,-0.205,3.73e-06,-3.38e-05,-0.205,-3.17e-05
-2.68e-06,-0.205,3.73e-06,-3.37e-05,-0.205,-3.21e-05
-2.68e-06,-0.205,3.73e-06,-3.37e-05,-0.205,-3.24e-05
-2.68e-06,-0.205,3.73e-06,-3.36e-05,-0.205,-3.28e-05
-2.68e-06,-0.205,3.73e-06,-3.36e-05,-0.205,-3.31e-05
-2.68e-06,-0.205,3.73e-06,-3.35e-05,-0.205,-3.35e-05
-2.68e-06,-0.205,3.73e-06,-3.35e-05,-0.205,-3.38e-05
-2.68e-06,-0.205,3.73e-06,-3.34e-05,-0.205,-3.42e-05
-2.68e-06,-0.205,3.73e-06,-3.33e-05,-0.205,-3.45e-05
-2.68e-06,-0.205,3.73e-06,-3.33e-05,-0.205,-3.48e-05
-2.68e-06,-0.205,3.73e-06,-3.32e-05,-0.205,-3.52e-05
-2.68e-06,-0.205,3.73e-06,-3.32e-05,-0.205,-3.55e-05
-2.68e-06,-0.205,3.73e-06,-3.31e-05,-0.205,-3.59e-05
-2.68e-06,-0.205,3.73e-06,-3.3e-05,-0.205,-3.62e-05
-2.68e-06,-0.205,3.73e-06,-3.3e-05,-0.205,-3.65e-05
-2.68e-06,-0.205,3.73e-06,-3.29e-05,-0.205,-3.69e-05
-2.68e-06,-0.205,3.73e-06,-3.29e-05,-0.205,-3.72e-05
-2.68e-06,-0.205,3.73e-06,-3.28e-05,-0.205,-3.76e-05
-2.68e-06,-0.205,3.73e-06,-3.27e-05,-0.205,-3.79e-05
-2.68e-06,-0.205,3.73e-06,-3.27e-05,-0.205,-3.82e-05
-2.68e-06,-0.205,3.73e-06,-3.27e-05,-0.205,-3.86e-05
-2.68e-06,-0.205,3.73e-06,-3.26e-05,-0.205,-3.89e-05
-2.68e-06,-0.205,3.73e-06,-3.25e-05,-0.205,-3.93e-05
-2.68e-06,-0.205,3.73e-06,-3.25e-05,-0.205,-3.96e-05
-2.68e-06,-0.205,3.73e-06,-3.24e-05,-0.205,-3.99e-05
-2.68e-06,-0.205,3.73e-06,-3.24e-05,-0.205,-4.03e-05
-2.68e-06,-0.205,3.73e-06,-3.23e-05,-0.205,-4.06e-05
-2.68e-06,-0.205,3.73e-06,-3.23e-05,-0.205,-4.09e-05
-2.68e-06,-0.205,3.73e-06,-3.22e-05,-0.205,-4.13e-05
-2.68e-06,-0.205,3.73e-06,-3.22e-05,-0.205,-4.16e-05
-2.68e-06,-0.205,3.73e-06,-3.21e-05,-0.205,-4.2e-05
-2.68e-06,-0.205,3.73e-06,-3.2e-05,-0.205,-4.23e-05
-2.68e-06,-0.205,3.73e-06,-3.2e-05,-0.205,-4.27e-05
-2.68e-06,-0.205,3.73e-06,-3.2e-05,-0.205,-4.3e-05
-2.68e-06,-0.205,3.73e-06,-3.19e-05,-0.205,-4.33e-05
-2.68e-06,-0.205,3.73e-06,-3.18e-05,-0.205,-4.37e-05
-2.68e-06,-0.205,3.73e-06,-3.18e-05,-0.205,-4.4e-05
-2.68e-06,-0.205,3.73e-06,-3.17e-05,-0.205,-4.44e-05
-2.68e-06,-0.205,3.73e-06,-3.17e-05,-0.205,-4.47e-05
-2.68e-06,-0.205,3.73e-06,-3.16e-05,-0.205,-4.51e-05
-2.68e-06,-0.205,3.73e-06,-3.16e-05,-0.205,-4.54e-05
-2.68e-06,-0.205,3.73e-06,-3.15e-05,-0.205,-4.57e-05
-2.68e-06,-0.205,3.73e-06,-3.15e-05,-0.205,-4.61e-05
-2.68e-06,-0.205,3.73e-06,-3.14e-05,-0.205,-4.64e-05
-2.68e-06,-0.205,3.73e-06,-3.13e-05,-0.205,-4.68e-05
-2.68e-06,-0.205,3.73e-06,-3.13e-05,-0.205,-4.71e-05
-2.68e-06,-0.205,3.73e-06,-3.13e-05,-0.205,-4.74e-05
-2.68e-06,-0.205,3.73e-06,-3.12e-05,-0.205,-4.78e-05
-2.68e-06,-0.205,3.73e-06,-3.12e-05,-0.205,-4.81e-05
-2.68e-06,-0.205,3.73e-06,-3.11e-05,-0.205,-4.84e-05
-2.68e-06,-0.205,3.73e-06,-3.11e-05,-0.205,-4.88e-05
-2.68e-06,-0.205,3.73e-06,-3.1e-05,-0.205,-4.91e-05
-2.68e-06,-0.205,3.73e-06,-3.1e-05,-0.205,-4.94e-05
-2.68e-06,-0.205,3.73e-06,-3.1e-05,-0.205,-4.98e-05
-2.68e-06,-0.205,3.73e-06,-3.09e-05,-0.205,-5.01e-05
-2.68e-06,-0.205,3.73e-06,-3.09e-05,-0.205,-5.05e-05
-2.68e-06,-0.205,3.73e-06,-3.09e-05,-0.205,-5.08e-05
-2.68e-06,-0.205,3.73e-06,-3.09e-05,-0.205,-5.11e-05
-2.68e-06,-0.205,3.73e-06,-3.08e-05,-0.205,-5.15e-05
-2.68e-06,-0.205,3.73e-06,-3.08e-05,-0.205,-5.18e-05
-2.68e-06,-0.205,3.73e-06,-3.08e-05,-0.205,-5.21e-05
-2.68e-06,-0.205,3.73e-06,-3.08e-05,-0.205,-5.25e-05
-2.68e-06,-0.205,3.73e-06,-3.08e-05,-0.205,-5.28e-05
-2.68e-06,-0.205,3.73e-06,-3.08e-05,-0.205,-5.32e-05
-2.68e-06,-0.205,3.73e-06,-3.08e-05,-0.205,-5.35e-05
-2.68e-06,-0.205,3.73e-06,-3.08e-05,-0.205,-5.39e-05
-2.68e-06,-0.205,3.73e-06,-3.08e-05,-0.205,-5.42e-05
-2.68e-06,-0.205,3.73e-06,-3.08e-05,-0.205,-5.45e-05
-2.68e-06,-0.205,3.73e-06,-3.08e-05,-0.205,-5.49e-05
-2.68e-06,-0.205,3.73e-06,-3.08e-05,-0.205,-5.52e-05
-2.68e-06,-0.205,3.73e-06,-3.08e-05,-0.205,-5.56e-05
-2.68e-06,-0.205,3.73e-06,-3.08e-05,-0.205,-5.59e-05
-2.68e-06,-0.205,3.73e-06,-3.08e-05,-0.205,-5.63e-05
-2.68e-06,-0.205,3.73e-06,-3.09e-05,-0.205,-5.66e-05
-2.68e-06,-0.205,3.73e-06,-3.09e-05,-0.205,-5.69e-05
-2.68e-06,-0.205,3.73e-06,-3.09e-05,-0.205,-5.73e-05
-2.68e-06,-0.205,3.73e-06,-3.09e-05,-0.205,-5.76e-05
-2.68e-06,-0.205,3.73e-06,-3.09e-05,-0.205,-5.79e-05
-2.68e-06,-0.205,3.73e-06,-3.09e-05,-0.205,-5.82e-05
-2.68e-06,-0.205,3.73e-06,-3.1e-05,-0.205,-5.85e-05
-2.68e-06,-0.205,3.73e-06,-3.1e-05,-0.205,-5.88e-05
-2.68e-06,-0.205,3.73e-06,-3.1e-05,-0.205,-5.9e-05
-2.68e-06,-0.205,3.73e-06,-3.1e-05,-0.205,-5.93e-05
-2.68e-06,-0.205,3.73e-06,-3.1e-05,-0.205,-5.95e-05
-2.68e-06,-0.205,3.73e-06,-3.11e-05,-0.205,-5.97e-05
-2.68e-06,-0.205,3.73e-06,-3.11e-05,-0.205,-6e-05
-2.68e-06,-0.205,3.73e-06,-3.11e-05,-0.205,-6.02e-05
-2.68e-06,-0.205,3.73e-06,-3.11e-05,-0.205,-6.03e-05
-2.68e-06,-0.205,3.73e-06,-3.12e-05,-0.205,-6.05e-05
-2.68e-06,-0.205,3.73e-06,-3.12e-05,-0.205,-6.06e-05
-2.68e-06,-0.205,3.73e-06,-3.12e-05,-0.205,-6.08e-05
-2.68e-06,-0.205,3.73e-06,-3.12e-05,-0.205,-6.09e-05
-2.68e-06,-0.205,3.73e-06,-3.13e-05,-0.205,-6.1e-05
-2.68e-06,-0.205,3.73e-06,-3.13e-05,-0.205,-6.11e-05
-2.68e-06,-0.205,3.73e-06,-3.13e-05,-0.205,-6.11e-05
-2.68e-06,-0.205,3.73e-06,-3.14e-05,-0.205,-6.12e-05
-2.68e-06,-0.205,3.73e-06,-3.14e-05,-0.205,-6.12e-05
-2.68e-06,-0.205,3.73e-06,-3.14e-05,-0.205,-6.12e-05
-2.68e-06,-0.205,3.73e-06,-3.14e-05,-0.205,-6.12e-05
-2.68e-06,-0.205,3.73e-06,-3.14e-05,-0.205,-6.11e-05
-2.68e-06,-0.205,3.73e-06,-3.15e-05,-0.205,-6.11e-05
-2.68e-06,-0.205,3.73e-06,-3.15e-05,-0.205,-6.1e-05
-2.68e-06,-0.205,3.73e-06,-3.16e-05,-0.205,-6.09e-05
-2.68e-06,-0.205,3.73e-06,-3.16e-05,-0.205,-6.08e-05
-2.68e-06,-0.205,3.73e-06,-3.16e-05,-0.205,-6.06e-05
-2.68e-06,-0.205,3.73e-06,-3.16e-05,-0.205,-6.05e-05
-2.68e-06,-0.205,3.73e-06,-3.17e-05,-0.205,-6.03e-05
-2.68e-06,-0.205,3.73e-06,-3.17e-05,-0.205,-6.01e-05
-2.68e-06,-0.205,3.73e-06,-3.17e-05,-0.205,-5.99e-05
-2.68e-06,-0.205,3.73e-06,-3.18e-05,-0.205,-5.96e-05
-2.68e-06,-0.205,3.73e-06,-3.18e-05,-0.205,-5.94e-05
-2.68e-06,-0.205,3.73e-06,-3.18e-05,-0.205,-5.91e-05
-2.68e-06,-0.205,3.73e-06,-3.19e-05,-0.205,-5.88e-05
-2.68e-06,-0.205,3.73e-06,-3.19e-05,-0.205,-5.85e-05
-2.68e-06,-0.205,3.73e-06,-3.2e-05,-0.205,-5.81e-05
-2.68e-06,-0.205,3.73e-06,-3.2e-05,-0.205,-5.78e-05
-2.68e-06,-0.205,3.73e-06,-3.2e-05,-0.205,-5.74e-05
-2.68e-06,-0.205,3.73e-06,-3.21e-05,-0.205,-5.7e-05
-2.68e-06,-0.205,3.73e-06,-3.22e-05,-0.205,-5.66e-05
-2.68e-06,-0.205,3.73e-06,-3.22e-05,-0.205,-5.62e-05
-2.68e-06,-0.205,3.73e-06,-3.23e-05,-0.205,-5.57e-05
-2.68e-06,-0.205,3.73e-06,-3.25e-05,-0.205,-5.52e-05
-2.68e-06,-0.205,3.73e-06,-3.26e-05,-0.205,-5.47e-05
-2.68e-06,-0.205,3.73e-06,-3.29e-05,-0.205,-5.41e-05
-2.68e-06,-0.205,3.73e-06,-3.32e-05,-0.205,-5.35e-05
-2.68e-06,-0.205,3.73e-06,-3.35e-05,-0.205,-5.29e-05
-2.68e-06,-0.205,3.73e-06,-3.38e-05,-0.205,-5.23e-05
-2.68e-06,-0.205,3.73e-06,-3.43e-05,-0.205,-5.16e-05
-2.68e-06,-0.205,3.73e-06,-3.47e-05,-0.205,-5.09e-05
-2.68e-06,-0.205,3.73e-06,-3.52e-05,-0.205,-5.01e-05
-2.68e-06,-0.205,3.73e-06,-3.57e-05,-0.205,-4.94e-05
-2.68e-06,-0.205,3.73e-06,-3.63e-05,-0.205,-4.86e-05
-2.68e-06,-0.205,3.73e-06,-3.68e-05,-0.205,-4.78e-05
-2.68e-06,-0.205,3.73e-06,-3.73e-05,-0.205,-4.7e-05
-2.68e-06,-0.205,3.73e-06,-3.78e-05,-0.205,-4.61e-05
-2.68e-06,-0.205,3.73e-06,-3.83e-05,-0.205,-4.53e-05
-2.68e-06,-0.205,3.73e-06,-3.87e-05,-0.205,-4.44e-05
-2.68e-06,-0.205,3.73e-06,-3.91e-05,-0.205,-4.36e-05
-2.68e-06,-0.205,3.73e-06,-3.95e-05,-0.205,-4.27e-05
-2.68e-06,-0.205,3.73e-06,-3.99e-05,-0.205,-4.19e-05
-2.68e-06,-0.205,3.73e-06,-4.02e-05,-0.205,-4.1e-05
-2.68e-06,-0.205,3.73e-06,-4.05e-05,-0.205,-4.02e-05
-2.68e-06,-0.205,3.73e-06,-4.07e-05,-0.205,-3.93e-05
-2.68e-06,-0.205,3.73e-06,-4.09e-05,-0.205,-3.84e-05
-2.68e-06,-0.205,3.73e-06,-4.11e-05,-0.205,-3.76e-05
-2.68e-06,-0.205,3.73e-06,-4.12e-05,-0.205,-3.68e-05
-2.68e-06,-0.205,3.73e-06,-4.13e-05,-0.205,-3.59e-05
-2.68e-06,-0.205,3.73e-06,-4.13e-05,-0.205,-3.51e-05
-2.68e-06,-0.205,3.73e-06,-4.14e-05,-0.205,-3.42e-05
-2.68e-06,-0.205,3.73e-06,-4.13e-05,-0.205,-3.34e-05
-2.68e-06,-0.205,3.73e-06,-4.13e-05,-0.205,-3.25e-05
-2.68e-06,-0.205,3.73e-06,-4.12e-05,-0.205,-3.17e-05
-2.68e-06,-0.205,3.73e-06,-4.1e-05,-0.205,-3.09e-05
-2.68e-06,-0.205,3.73e-06,-4.09e-05,-0.205,-3e-05
-2.68e-06,-0.205,3.73e-06,-4.07e-05,-0.205,-2.92e-05
-2.68e-06,-0.205,3.73e-06,-4.06e-05,-0.205,-2.84e-05
-2.68e-06,-0.205,3.73e-06,-4.03e-05,-0.205,-2.76e-05
-2.68e-06,-0.205,3.73e-06,-4.01e-05,-0.205,-2.68e-05
-2.68e-06,-0.205,3.73e-06,-3.98e-05,-0.205,-2.6e-05
-2.68e-06,-0.205,3.73e-06,-3.95e-05,-0.205,-2.52e-05
-2.68e-06,-0.205,3.73e-06,-3.92e-05,-0.205,-2.44e-05
-2.68e-06,-0.205,3.73e-06,-3.89e-05,-0.205,-2.36e-05
-2.68e-06,-0.205,3.73e-06,-3.86e-05,-0.205,-2.28e-05
-2.68e-06,-0.205,3.73e-06,-3.82e-05,-0.205,-2.2e-05
-2.68e-06,-0.205,3.73e-06,-3.79e-05,-0.205,-2.12e-05
-2.68e-06,-0.205,3.73e-06,-3.75e-05,-0.205,-2.04e-05
-2.68e-06,-0.205,3.73e-06,-3.71e-05,-0.205,-1.96e-05
-2.68e-06,-0.205,3.73e-06,-3.67e-05,-0.205,-1.88e-05
-2.68e-06,-0.205,3.73e-06,-3.63e-05,-0.205,-1.8e-05
-2.68e-06,-0.205,3.73e-06,-3.59e-05,-0.205,-1.73e-05
-2.68e-06,-0.205,3.73e-06,-3.55e-05,-0.205,-1.65e-05
-2.68e-06,-0.205,3.73e-06,-3.51e-05,-0.205,-1.57e-05
-2.68e-06,-0.205,3.73e-06,-3.47e-05,-0.205,-1.49e-05
-2.68e-06,-0.205,3.73e-06,-3.42e-05,-0.205,-1.41e-05
-2.68e-06,-0.205,3.73e-06,-3.38e-05,-0.205,-1.34e-05
-2.68e-06,-0.205,3.73e-06,-3.34e-05,-0.205,-1.26e-05
-2.68e-06,-0.205,3.73e-06,-3.29e-05,-0.205,-1.18e-05
-2.68e-06,-0.205,3.73e-06,-3.25e-05,-0.205,-1.11e-05
-2.68e-06,-0.205,3.73e-06,-3.2e-05,-0.205,-1.03e-05
-2.68e-06,-0.205,3.73e-06,-3.16e-05,-0.205,-9.53e-06
-2.68e-06,-0.205,3.73e-06,-3.11e-05,-0.205,-8.77e-06
-2.68e-06,-0.205,3.73e-06,-3.07e-05,-0.205,-8e-06
-2.68e-06,-0.205,3.73e-06,-3.02e-05,-0.205,-7.24e-06
-2.68e-06,-0.205,3.73e-06,-2.98e-05,-0.205,-6.47e-06
-2.68e-06,-0.205,3.73e-06,-2.93e-05,-0.205,-5.71e-06
-2.68e-06,-0.205,3.73e-06,-2.89e-05,-0.205,-4.95e-06
-2.68e-06,-0.205,3.73e-06,-2.84e-05,-0.205,-4.19e-06
-2.68e-06,-0.205,3.73e-06,-2.8e-05,-0.205,-3.44e-06
-2.68e-06,-0.205,3.73e-06,-2.76e-05,-0.205,-2.67e-06
-2.68e-06,-0.205,3.73e-06,-2.71e-05,-0.205,-1.9e-06
-2.68e-06,-0.205,3.73e-06,-2.67e-05,-0.205,-1.12e-06
-2.68e-06,-0.205,3.73e-06,-2.62e-05,-0.205,-3.38e-07
-2.68e-06,-0.205,3.73e-06,-2.58e-05,-0.205,4.68e-07
-2.68e-06,-0.205,3.73e-06,-2.53e-05,-0.205,1.28e-06
-2.68e-06,-0.205,3.73e-06,-2.48e-05,-0.205,2.11e-06
-2.68e-06,-0.205,3.73e-06,-2.44e-05,-0.205,2.96e-06
-2.68e-06,-0.205,3.73e-06,-2.39e-05,-0.205,3.83e-06
-2.68e-06,-0.205,3.73e-06,-2.34e-05,-0.205,4.7e-06
-2.68e-06,-0.205,3.73e-06,-2.29e-05,-0.205,5.6e-06
-2.68e-06,-0.205,3.73e-06,-2.24e-05,-0.205,6.5e-06
-2.68e-06,-0.205,3.73e-06,-2.19e-05,-0.205,7.43e-06
-2.68e-06,-0.205,3.73e-06,-2.14e-05,-0.205,8.37e-06
-2.68e-06,-0.205,3.73e-06,-2.09e-05,-0.205,9.33e-06
-2.68e-06,-0.205,3.73e-06,-2.03e-05,-0.205,1.03e-05
-2.68e-06,-0.205,3.73e-06,-1.97e-05,-0.205,1.13e-05
-2.68e-06,-0.205,3.73e-06,-1.92e-05,-0.205,1.23e-05
-2.68e-06,-0.205,3.73e-06,-1.86e-05,-0.205,1.33e-05
-2.68e-06,-0.205,3.73e-06,-1.8e-05,-0.205,1.42e-05
-2.68e-06,-0.205,3.73e-06,-1.74e-05,-0.205,1.52e-05
-2.68e-06,-0.205,3.73e-06,-1.68e-05,-0.205,1.62e-05
-2.68e-06,-0.205,3.73e-06,-1.61e-05,-0.205,1.72e-05
-2.68e-06,-0.205,3.73e-06,-1.55e-05,-0.205,1.81e-05
-2.68e-06,-0.205,3.73e-06,-1.49e-05,-0.205,1.91e-05
-2.68e-06,-0.205,3.73e-06,-1.42e-05,-0.205,2e-05
-2.68e-06,-0.205,3.73e-06,-1.36e-05,-0.205,2.09e-05
-2.68e-06,-0.205,3.73e-06,-1.3e-05,-0.205,2.18e-05
-2.68e-06,-0.205,3.73e-06,-1.24e-05,-0.205,2.27e-05
-2.68e-06,-0.205,3.73e-06,-1.18e-05,-0.205,2.36e-05
-2.68e-06,-0.205,3.73e-06,-1.12e-05,-0.205,2.45e-05
-2.68e-06,-0.205,3.73e-06,-1.06e-05,-0.205,2.54e-05
-2.68e-06,-0.205,3.73e-06,-1e-05,-0.205,2.62e-05
-2.68e-06,-0.205,3.73e-06,-9.42e-06,-0.205,2.71e-05
-2.68e-06,-0.205,3.73e-06,-8.86e-06,-0.205,2.79e-05
-2.68e-06,-0.205,3.73e-06,-8.32e-06,-0.205,2.87e-05
-2.68e-06,-0.205,3.73e-06,-7.81e-06,-0.205,2.95e-05
-2.68e-06,-0.205,3.73e-06,-7.28e-06,-0.205,3.03e-05
-2.68e-06,-0.205,3.73e-06,-6.78e-06,-0.205,3.11e-05
-2.68e-06,-0.205,3.73e-06,-6.3e-06,-0.205,3.19e-05
-2.68e-06,-0.205,3.73e-06,-5.86e-06,-0.205,3.26e-05
-2.68e-06,-0.205,3.73e-06,-5.4e-06,-0.205,3.34e-05
-2.68e-06,-0.205,3.73e-06,-4.95e-06,-0.205,3.41e-05
-2.68e-06,-0.205,3.73e-06,-4.55e-06,-0.205,3.48e-05
-2.68e-06,-0.205,3.73e-06,-4.18e-06,-0.205,3.55e-05
-2.68e-06,-0.205,3.73e-06,-3.78e-06,-0.205,3.62e-05
-2.68e-06,-0.205,3.73e-06,-3.43e-06,-0.205,3.69e-05
-2.68e-06,-0.205,3.73e-06,-3.09e-06,-0.205,3.75e-05
-2.68e-06,-0.205,3.73e-06,-2.75e-06,-0.205,3.82e-05
-2.68e-06,-0.205,3.73e-06,-2.45e-06,-0.205,3.88e-05
-2.68e-06,-0.205,3.73e-06,-2.17e-06,-0.205,3.94e-05
-2.68e-06,-0.205,3.73e-06,-1.89e-06,-0.205,4.01e-05
-2.68e-06,-0.205,3.73e-06,-1.61e-06,-0.205,4.07e-05
-2.68e-06,-0.205,3.73e-06,-1.37e-06,-0.205,4.13e-05
-2.68e-06,-0.205,3.73e-06,-1.14e-06,-0.205,4.19e-05
-2.68e-06,-0.205,3.73e-06,-8.97e-07,-0.205,4.24e-05
-2.68e-06,-0.205,3.73e-06,-6.68e-07,-0.205,4.3e-05
-2.68e-06,-0.205,3.73e-06,-4.79e-07,-0.205,4.36e-05
-2.68e-06,-0.205,3.73e-06,-2.91e-07,-0.205,4.41e-05
-2.68e-06,-0.205,3.73e-06,-9.24e-08,-0.205,4.46e-05
-2.68e-06,-0.205,3.73e-06,6.53e-08,-0.205,4.52e-05
-2.68e-06,-0.205,3.73e-06,2.22e-07,-0.205,4.57e-05
-2.68e-06,-0.205,3.73e-06,3.89e-07,-0.205,4.62e-05
-2.68e-06,-0.205,3.73e-06,5.46e-07,-0.205,4.67e-05
-2.68e-06,-0.205,3.73e-06,6.72e-07,-0.205,4.72e-05
-2.68e-06,-0.205,3.73e-06,8.18e-07,-0.205,4.77e-05
-2.68e-06,-0.205,3.73e-06,9.33e-07,-0.205,4.82e-05
-2.68e-06,-0.205,3.73e-06,1.05e-06,-0.205,4.87e-05
-2.68e-06,-0.205,3.73e-06,1.16e-06,-0.205,4.91e-05
-2.68e-06,-0.205,3.73e-06,1.25e-06,-0.205,4.96e-05
-2.68e-06,-0.205,3.73e-06,1.36e-06,-0.205,5e-05
-2.68e-06,-0.205,3.73e-06,1.45e-06,-0.205,5.05e-05
-2.68e-06,-0.205,3.73e-06,1.54e-06,-0.205,5.09e-05
-2.68e-06,-0.205,3.73e-06,1.62e-06,-0.205,5.13e-05
-2.68e-06,-0.205,3.73e-06,1.7e-06,-0.205,5.17e-05
-2.68e-06,-0.205,3.73e-06,1.76e-06,-0.205,5.21e-05
-2.68e-06,-0.205,3.73e-06,1.84e-06,-0.205,5.25e-05
-2.68e-06,-0.205,3.73e-06,1.89e-06,-0.205,5.29e-05
-2.68e-06,-0.205,3.73e-06,1.95e-06,-0.205,5.33e-05
-2.68e-06,-0.205,3.73e-06,2e-06,-0.205,5.37e-05
-2.68e-06,-0.205,3.73e-06,2.04e-06,-0.205,5.41e-05
-2.68e-06,-0.205,3.73e-06,2.08e-06,-0.205,5.45e-05
-2.68e-06,-0.205,3.73e-06,2.13e-06,-0.205,5.48e-05
-2.68e-06,-0.205,3.73e-06,2.18e-06,-0.205,5.52e-05
-2.68e-06,-0.205,3.73e-06,2.2e-06,-0.205,5.55e-05
-2.68e-06,-0.205,3.73e-06,2.23e-06,-0.205,5.59e-05
-2.68e-06,-0.205,3.73e-06,2.25e-06,-0.205,5.62e-05
-2.68e-06,-0.205,3.73e-06,2.28e-06,-0.205,5.65e-05
-2.68e-06,-0.205,3.73e-06,2.32e-06,-0.205,5.69e-05
-2.68e-06,-0.205,3.73e-06,2.33e-06,-0.205,5.72e-05
-2.68e-06,-0.205,3.73e-06,2.36e-06,-0.205,5.75e-05
-2.68e-06,-0.205,3.73e-06,2.39e-06,-0.205,5.78e-05
-2.68e-06,-0.205,3.73e-06,2.41e-06,-0.205,5.81e-05
-2.68e-06,-0.205,3.73e-06,2.41e-06,-0.205,5.84e-05
-2.68e-06,-0.205,3.73e-06,2.44e-06,-0.205,5.87e-05
-2.68e-06,-0.205,3.73e-06,2.45e-06,-0.205,5.9e-05
-2.68e-06,-0.205,3.73e-06,2.44e-06,-0.205,5.93e-05
-2.68e-06,-0.205,3.73e-06,2.45e-06,-0.205,5.96e-05
-2.68e-06,-0.205,3.73e-06,2.46e-06,-0.205,5.98e-05
-2.68e-06,-0.205,3.73e-06,2.48e-06,-0.205,6.01e-05
-2.68e-06,-0.205,3.73e-06,2.48e-06,-0.205,6.04e-05
-2.68e-06,-0.205,3.73e-06,2.5e-06,-0.205,6.06e-05
-2.68e-06,-0.205,3.73e-06,2.47e-06,-0.205,6.09e-05
-2.68e-06,-0.205,3.73e-06,2.48e-06,-0.205,6.12e-05
-2.68e-06,-0.205,3.73e-06,2.5e-06,-0.205,6.14e-05
-2.68e-06,-0.205,3.73e-06,2.49e-06,-0.205,6.16e-05
-2.68e-06,-0.205,3.73e-06,2.49e-06,-0.205,6.19e-05
-2.68e-06,-0.205,3.73e-06,2.49e-06,-0.205,6.21e-05
-2.68e-06,-0.205,3.73e-06,2.47e-06,-0.205,6.24e-05
-2.68e-06,-0.205,3.73e-06,2.5e-06,-0.205,6.26e-05
-2.68e-06,-0.205,3.73e-06,2.48e-06,-0.205,6.28e-05
-2.68e-06,-0.205,3.73e-06,2.49e-06,-0.205,6.3e-05
-2.68e-06,-0.205,3.73e-06,2.46e-06,-0.205,6.32e-05
-2.68e-06,-0.205,3.73e-06,2.48e-06,-0.205,6.34e-05
-2.68e-06,-0.205,3.73e-06,2.48e-06,-0.205,6.36e-05
-2.68e-06,-0.205,3.73e-06,2.47e-06,-0.205,6.39e-05
-2.68e-06,-0.205,3.73e-06,2.48e-06,-0.205,6.4e-05
-2.68e-06,-0.205,3.73e-06,2.47e-06,-0.205,6.42e-05
-2.68e-06,-0.205,3.73e-06,2.47e-06,-0.205,6.44e-05
-2.68e-06,-0.205,3.73e-06,2.46e-06,-0.205,6.46e-05
-2.68e-06,-0.205,3.73e-06,2.46e-06,-0.205,6.48e-05
-2.68e-06,-0.205,3.73e-06,2.44e-06,-0.205,6.5e-05
-2.68e-06,-0.205,3.73e-06,2.45e-06,-0.205,6.52e-05
-2.68e-06,-0.205,3.73e-06,2.45e-06,-0.205,6.54e-05
-2.68e-06,-0.205,3.73e-06,2.44e-06,-0.205,6.55e-05
-2.68e-06,-0.205,3.73e-06,2.45e-06,-0.205,6.57e-05
-2.68e-06,-0.205,3.73e-06,2.42e-06,-0.205,6.59e-05
-2.68e-06,-0.205,3.73e-06,2.42e-06,-0.205,6.6e-05
-2.68e-06,-0.205,3.73e-06,2.41e-06,-0.205,6.62e-05
-2.68e-06,-0.205,3.73e-06,2.4e-06,-0.205,6.63e-05
-2.68e-06,-0.205,3.73e-06,2.41e-06,-0.205,6.65e-05
-2.68e-06,-0.205,3.73e-06,2.4e-06,-0.205,6.66e-05
-2.68e-06,-0.205,3.73e-06,2.4e-06,-0.205,6.68e-05
-2.68e-06,-0.205,3.73e-06,2.39e-06,-0.205,6.69e-05
-2.68e-06,-0.205,3.73e-06,2.39e-06,-0.205,6.71e-05
-2.68e-06,-0.205,3.73e-06,2.37e-06,-0.205,6.72e-05
-2.68e-06,-0.205,3.73e-06,2.39e-06,-0.205,6.74e-05
-2.68e-06,-0.205,3.73e-06,2.39e-06,-0.205,6.75e-05
-2.68e-06,-0.205,3.73e-06,2.37e-06,-0.205,6.76e-05
-2.68e-06,-0.205,3.73e-06,2.37e-06,-0.205,6.78e-05
-2.68e-06,-0.205,3.73e-06,2.35e-06,-0.205,6.79e-05
-2.68e-06,-0.205,3.73e-06,2.35e-06,-0.205,6.8e-05
-2.68e-06,-0.205,3.73e-06,2.36e-06,-0.205,6.81e-05
-2.68e-06,-0.205,3.73e-06,2.35e-06,-0.205,6.82e-05
-2.68e-06,-0.205,3.73e-06,2.33e-06,-0.205,6.84e-05
-2.68e-06,-0.205,3.73e-06,2.33e-06,-0.205,6.85e-05
-2.68e-06,-0.205,3.73e-06,2.33e-06,-0.205,6.86e-05
-2.68e-06,-0.205,3.73e-06,2.34e-06,-0.205,6.87e-05
-2.68e-06,-0.205,3.73e-06,2.33e-06,-0.205,6.88e-05
-2.68e-06,-0.205,3.73e-06,2.31e-06,-0.205,6.89e-05
-2.68e-06,-0.205,3.73e-06,2.3e-06,-0.205,6.9e-05
-2.68e-06,-0.205,3.73e-06,2.31e-06,-0.205,6.91e-05
-2.68e-06,-0.205,3.73e-06,2.31e-06,-0.205,6.92e-05
-2.68e-06,-0.205,3.73e-06,2.28e-06,-0.205,6.93e-05
-2.68e-06,-0.205,3.73e-06,2.29e-06,-0.205,6.94e-05
-2.68e-06,-0.205,3.73e-06,2.3e-06,-0.205,6.95e-05
-2.68e-06,-0.205,3.73e-06,2.28e-06,-0.205,6.96e-05
-2.68e-06,-0.205,3.73e-06,2.29e-06,-0.205,6.96e-05
-2.68e-06,-0.205,3.73e-06,2.28e-06,-0.205,6.97e-05
-2.68e-06,-0.205,3.73e-06,2.27e-06,-0.205,6.98e-05
-2.68e-06,-0.205,3.73e-06,2.24e-06,-0.205,6.99e-05
-2.68e-06,-0.205,3.73e-06,2.21e-06,-0.205,7e-05
-2.68e-06,-0.205,3.73e-06,2.2e-06,-0.205,7.01e-05
-2.68e-06,-0.205,3.73e-06,2.19e-06,-0.205,7.01e-05
-2.68e-06,-0.205,3.73e-06,2.17e-06,-0.205,7.02e-05
-2.68e-06,-0.205,3.73e-06,2.18e-06,-0.205,7.03e-05
-2.68e-06,-0.205,3.73e-06,2.16e-06,-0.205,7.04e-05
-2.68e-06,-0.205,3.73e-06,2.18e-06,-0.205,7.04e-05
-2.68e-06,-0.205,3.73e-06,2.15e-06,-0.205,7.05e-05
-2.68e-06,-0.205,3.73e-06,2.18e-06,-0.205,7.05e-05
-2.68e-06,-0.205,3.73e-06,2.17e-06,-0.205,7.06e-05
-2.68e-06,-0.205,3.73e-06,2.17e-06,-0.205,7.06e-05
-2.68e-06,-0.205,3.73e-06,2.16e-06,-0.205,7.07e-05
-2.68e-06,-0.205,3.73e-06,2.17e-06,-0.205,7.07e-05
-2.68e-06,-0.205,3.73e-06,2.18e-06,-0.205,7.08e-05
-2.68e-06,-0.205,3.73e-06,2.18e-06,-0.205,7.08e-05
-2.68e-06,-0.205,3.73e-06,2.18e-06,-0.205,7.09e-05
-2.68e-06,-0.205,3.73e-06,2.18e-06,-0.205,7.09e-05
-2.68e-06,-0.205,3.73e-06,2.18e-06,-0.205,7.1e-05
-2.68e-06,-0.205,3.73e-06,2.18e-06,-0.205,7.1e-05
-2.68e-06,-0.205,3.73e-06,2.2e-06,-0.205,7.1e-05
-2.68e-06,-0.205,3.73e-06,2.19e-06,-0.205,7.11e-05
-2.68e-06,-0.205,3.73e-06,2.19e-06,-0.205,7.11e-05
-2.68e-06,-0.205,3.73e-06,2.21e-06,-0.205,7.11e-05
-2.68e-06,-0.205,3.73e-06,2.21e-06,-0.205,7.11e-05
-2.68e-06,-0.205,3.73e-06,2.19e-06,-0.205,7.12e-05
-2.68e-06,-0.205,3.73e-06,2.19e-06,-0.205,7.12e-05
-2.68e-06,-0.205,3.73e-06,2.2e-06,-0.205,7.12e-05
-2.68e-06,-0.205,3.73e-06,2.22e-06,-0.205,7.12e-05
-2.68e-06,-0.205,3.73e-06,2.21e-06,-0.205,7.13e-05
-2.68e-06,-0.205,3.73e-06,2.22e-06,-0.205,7.13e-05
-2.68e-06,-0.205,3.73e-06,2.22e-06,-0.205,7.13e-05
-2.68e-06,-0.205,3.73e-06,2.23e-06,-0.205,7.13e-05
-2.68e-06,-0.205,3.73e-06,2.23e-06,-0.205,7.13e-05
-2.68e-06,-0.205,3.73e-06,2.22e-06,-0.205,7.13e-05
-2.68e-06,-0.205,3.73e-06,2.23e-06,-0.205,7.13e-05
-2.68e-06,-0.205,3.73e-06,2.23e-06,-0.205,7.13e-05
-2.68e-06,-0.205,3.73e-06,2.23e-06,-0.205,7.14e-05
-2.68e-06,-0.205,3.73e-06,2.25e-06,-0.205,7.13e-05
-2.68e-06,-0.205,3.73e-06,2.24e-06,-0.205,7.14e-05
-2.68e-06,-0.205,3.73e-06,2.26e-06,-0.205,7.13e-05
-2.68e-06,-0.205,3.73e-06,2.28e-06,-0.205,7.13e-05
-2.68e-06,-0.205,3.73e-06,2.27e-06,-0.205,7.13e-05
-2.68e-06,-0.205,3.73e-06,2.27e-06,-0.205,7.13e-05
-2.68e-06,-0.205,3.73e-06,2.26e-06,-0.205,7.13e-05
-2.68e-06,-0.205,3.73e-06,2.27e-06,-0.205,7.13e-05
-2.68e-06,-0.205,3.73e-06,2.28e-06,-0.205,7.13e-05
-2.68e-06,-0.205,3.73e-06,2.27e-06,-0.205,7.13e-05
-2.68e-06,-0.205,3.73e-06,2.27e-06,-0.205,7.13e-05
-2.68e-06,-0.205,3.73e-06,2.3e-06,-0.205,7.13e-05
-2.68e-06,-0.205,3.73e-06,2.29e-06,-0.205,7.12e-05
-2.68e-06,-0.205,3.73e-06,2.29e-06,-0.205,7.12e-05
-2.68e-06,-0.205,3.73e-06,2.31e-06,-0.205,7.12e-05
-2.68e-06,-0.205,3.73e-06,2.33e-06,-0.205,7.12e-05
-2.68e-06,-0.205,3.73e-06,2.33e-06,-0.205,7.12e-05
-2.68e-06,-0.205,3.73e-06,2.33e-06,-0.205,7.11e-05
-2.68e-06,-0.205,3.73e-06,2.34e-06,-0.205,7.11e-05
-2.68e-06,-0.205,3.73e-06,2.33e-06,-0.205,7.11e-05
-2.68e-06,-0.205,3.73e-06,2.35e-06,-0.205,7.1e-05
-2.68e-06,-0.205,3.73e-06,2.35e-06,-0.205,7.1e-05
-2.68e-06,-0.205,3.73e-06,2.37e-06,-0.205,7.1e-05
-2.68e-06,-0.205,3.73e-06,2.36e-06,-0.205,7.09e-05
-2.68e-06,-0.205,3.73e-06,2.38e-06,-0.205,7.09e-05
-2.68e-06,-0.205,3.73e-06,2.36e-06,-0.205,7.09e-05
-2.68e-06,-0.205,3.73e-06,2.38e-06,-0.205,7.08e-05
-2.68e-06,-0.205,3.73e-06,2.39e-06,-0.205,7.08e-05
-2.68e-06,-0.205,3.73e-06,2.4e-06,-0.205,7.07e-05
-2.68e-06,-0.205,3.73e-06,2.41e-06,-0.205,7.07e-05
-2.68e-06,-0.205,3.73e-06,2.42e-06,-0.205,7.06e-05
-2.68e-06,-0.205,3.73e-06,2.41e-06,-0.205,7.06e-05
-2.68e-06,-0.205,3.73e-06,2.43e-06,-0.205,7.05e-05
-2.68e-06,-0.205,3.73e-06,2.45e-06,-0.205,7.05e-05
-2.68e-06,-0.205,3.73e-06,2.46e-06,-0.205,7.04e-05
-2.68e-06,-0.205,3.73e-06,2.45e-06,-0.205,7.03e-05
-2.68e-06,-0.205,3.73e-06,2.45e-06,-0.205,7.03e-05
-2.68e-06,-0.205,3.73e-06,2.45e-06,-0.205,7.02e-05
-2.68e-06,-0.205,3.73e-06,2.44e-06,-0.205,7.02e-05
-2.68e-06,-0.205,3.73e-06,2.4e-06,-0.205,7.01e-05
-2.68e-06,-0.205,3.73e-06,2.38e-06,-0.205,7.01e-05
-2.68e-06,-0.205,3.73e-06,2.32e-06,-0.205,7e-05
-2.68e-06,-0.205,3.73e-06,2.24e-06,-0.205,7e-05
-2.68e-06,-0.205,3.73e-06,2.16e-06,-0.205,7e-05
-2.68e-06,-0.205,3.73e-06,2.04e-06,-0.205,7e-05
-2.68e-06,-0.205,3.73e-06,1.92e-06,-0.205,7.01e-05
-2.68e-06,-0.205,3.73e-06,1.79e-06,-0.205,7.01e-05
-2.68e-06,-0.205,3.73e-06,1.61e-06,-0.205,7.01e-05
-2.68e-06,-0.205,3.73e-06,1.44e-06,-0.205,7.02e-05
-2.68e-06,-0.205,3.73e-06,1.23e-06,-0.205,7.03e-05
-2.68e-06,-0.205,3.73e-06,1.02e-06,-0.205,7.03e-05
-2.68e-06,-0.205,3.73e-06,7.92e-07,-0.205,7.04e-05
-2.68e-06,-0.205,3.73e-06,5.61e-07,-0.205,7.05e-05
-2.68e-06,-0.205,3.73e-06,3.11e-07,-0.205,7.06e-05
-2.68e-06,-0.205,3.73e-06,6.21e-08,-0.205,7.07e-05
-2.68e-06,-0.205,3.73e-06,-2.06e-07,-0.205,7.09e-05
-2.68e-06,-0.205,3.73e-06,-4.84e-07,-0.205,7.1e-05
-2.68e-06,-0.205,3.73e-06,-7.6e-07,-0.205,7.11e-05
-2.68e-06,-0.205,3.73e-06,-1.05e-06,-0.205,7.12e-05
-2.68e-06,-0.205,3.73e-06,-1.33e-06,-0.205,7.14e-05
-2.68e-06,-0.205,3.73e-06,-1.63e-06,-0.205,7.15e-05
-2.68e-06,-0.205,3.73e-06,-1.91e-06,-0.205,7.16e-05
-2.68e-06,-0.205,3.73e-06,-2.2e-06,-0.205,7.18e-05
-2.68e-06,-0.205,3.73e-06,-2.49e-06,-0.205,7.19e-05
-2.68e-06,-0.205,3.73e-06,-2.76e-06,-0.205,7.2e-05
-2.68e-06,-0.205,3.73e-06,-3.05e-06,-0.205,7.22e-05
-2.68e-06,-0.205,3.73e-06,-3.33e-06,-0.205,7.23e-05
-2.68e-06,-0.205,3.73e-06,-3.58e-06,-0.205,7.24e-05
-2.68e-06,-0.205,3.73e-06,-3.87e-06,-0.205,7.25e-05
-2.68e-06,-0.205,3.73e-06,-4.14e-06,-0.205,7.27e-05
-2.68e-06,-0.205,3.73e-06,-4.39e-06,-0.205,7.28e-05
-2.68e-06,-0.205,3.73e-06,-4.65e-06,-0.205,7.29e-05
-2.68e-06,-0.205,3.73e-06,-4.89e-06,-0.205,7.3e-05
-2.68e-06,-0.205,3.73e-06,-5.11e-06,-0.205,7.31e-05
-2.68e-06,-0.205,3.73e-06,-5.38e-06,-0.205,7.32e-05
-2.68e-06,-0.205,3.73e-06,-5.58e-06,-0.205,7.33e-05
-2.68e-06,-0.205,3.73e-06,-5.82e-06,-0.205,7.34e-05
-2.68e-06,-0.205,3.73e-06,-6e-06,-0.205,7.35e-05
-2.68e-06,-0.205,3.73e-06,-6.21e-06,-0.205,7.35e-05
-2.68e-06,-0.205,3.73e-06,-6.39e-06,-0.205,7.36e-05
-2.68e-06,-0.205,3.73e-06,-6.59e-06,-0.205,7.37e-05
-2.68e-06,-0.205,3.73e-06,-6.74e-06,-0.205,7.37e-05
-2.68e-06,-0.205,3.73e-06,-6.93e-06,-0.205,7.38e-05
-2.68e-06,-0.205,3.73e-06,-7.07e-06,-0.205,7.38e-05
-2.68e-06,-0.205,3.73e-06,-7.21e-06,-0.205,7.39e-05
-2.68e-06,-0.205,3.73e-06,-7.36e-06,-0.205,7.39e-05
-2.68e-06,-0.205,3.73e-06,-7.49e-06,-0.205,7.39e-05
-2.68e-06,-0.205,3.73e-06,-7.59e-06,-0.205,7.4e-05
-2.68e-06,-0.205,3.73e-06,-7.7e-06,-0.205,7.4e-05
-2.68e-06,-0.205,3.73e-06,-7.81e-06,-0.205,7.4e-05
-2.68e-06,-0.205,3.73e-06,-7.92e-06,-0.205,7.4e-05
-2.68e-06,-0.205,3.73e-06,-8e-06,-0.205,7.4e-05
-2.68e-06,-0.205,3.73e-06,-8.06e-06,-0.205,7.4e-05
-2.68e-06,-0.205,3.73e-06,-8.13e-06,-0.205,7.39e-05
-2.68e-06,-0.205,3.73e-06,-8.19e-06,-0.205,7.39e-05
-2.68e-06,-0.205,3.73e-06,-8.23e-06,-0.205,7.39e-05
-2.68e-06,-0.205,3.73e-06,-8.28e-06,-0.205,7.38e-05
-2.68e-06,-0.205,3.73e-06,-8.31e-06,-0.205,7.38e-05
-2.68e-06,-0.205,3.73e-06,-8.33e-06,-0.205,7.37e-05
-2.68e-06,-0.205,3.73e-06,-8.33e-06,-0.205,7.37e-05
-2.68e-06,-0.205,3.73e-06,-8.34e-06,-0.205,7.36e-05
-2.68e-06,-0.205,3.73e-06,-8.36e-06,-0.205,7.35e-05
-2.68e-06,-0.205,3.73e-06,-8.35e-06,-0.205,7.35e-05
-2.68e-06,-0.205,3.73e-06,-8.34e-06,-0.205,7.34e-05
-2.68e-06,-0.205,3.73e-06,-8.33e-06,-0.205,7.33e-05
-2.68e-06,-0.205,3.73e-06,-8.28e-06,-0.205,7.32e-05
-2.68e-06,-0.205,3.73e-06,-8.24e-06,-0.205,7.31e-05
-2.68e-06,-0.205,3.73e-06,-8.2e-06,-0.205,7.3e-05
-2.68e-06,-0.205,3.73e-06,-8.15e-06,-0.205,7.29e-05
-2.68e-06,-0.205,3.73e-06,-8.12e-06,-0.205,7.28e-05
-2.68e-06,-0.205,3.73e-06,-8.05e-06,-0.205,7.27e-05
-2.68e-06,-0.205,3.73e-06,-7.98e-06,-0.205,7.25e-05
-2.68e-06,-0.205,3.73e-06,-7.91e-06,-0.205,7.24e-05
-2.68e-06,-0.205,3.73e-06,-7.81e-06,-0.205,7.23e-05
-2.68e-06,-0.205,3.73e-06,-7.73e-06,-0.205,7.21e-05
-2.68e-06,-0.205,3.73e-06,-7.64e-06,-0.205,7.2e-05
-2.68e-06,-0.205,3.73e-06,-7.55e-06,-0.205,7.18e-05
-2.68e-06,-0.205,3.73e-06,-7.46e-06,-0.205,7.17e-05
-2.68e-06,-0.205,3.73e-06,-7.37e-06,-0.205,7.15e-05
-2.68e-06,-0.205,3.73e-06,-7.25e-06,-0.205,7.14e-05
-2.68e-06,-0.205,3.73e-06,-7.13e-06,-0.205,7.12e-05
-2.68e-06,-0.205,3.73e-06,-7.02e-06,-0.205,7.1e-05
-2.68e-06,-0.205,3.73e-06,-6.9e-06,-0.205,7.09e-05
-2.68e-06,-0.205,3.73e-06,-6.78e-06,-0.205,7.07e-05
-2.68e-06,-0.205,3.73e-06,-6.65e-06,-0.205,7.05e-05
-2.68e-06,-0.205,3.73e-06,-6.5e-06,-0.205,7.03e-05
-2.68e-06,-0.205,3.73e-06,-6.36e-06,-0.205,7.01e-05
-2.68e-06,-0.205,3.73e-06,-6.23e-06,-0.205,7e-05
-2.68e-06,-0.205,3.73e-06,-6.09e-06,-0.205,6.98e-05
-2.68e-06,-0.205,3.73e-06,-5.95e-06,-0.205,6.96e-05
-2.68e-06,-0.205,3.73e-06,-5.81e-06,-0.205,6.94e-05
-2.68e-06,-0.205,3.73e-06,-5.66e-06,-0.205,6.92e-05
-2.68e-06,-0.205,3.73e-06,-5.51e-06,-0.205,6.9e-05
-2.68e-06,-0.205,3.73e-06,-5.35e-06,-0.205,6.88e-05
-2.68e-06,-0.205,3.73e-06,-5.19e-06,-0.205,6.86e-05
-2.68e-06,-0.205,3.73e-06,-5.05e-06,-0.205,6.84e-05
-2.68e-06,-0.205,3.73e-06,-4.87e-06,-0.205,6.82e-05
-2.68e-06,-0.205,3.73e-06,-4.7e-06,-0.205,6.8e-05
-2.68e-06,-0.205,3.73e-06,-4.53e-06,-0.205,6.78e-05
-2.68e-06,-0.205,3.73e-06,-4.38e-06,-0.205,6.76e-05
-2.68e-06,-0.205,3.73e-06,-4.22e-06,-0.205,6.74e-05
-2.68e-06,-0.205,3.73e-06,-4.02e-06,-0.205,6.71e-05
-2.68e-06,-0.205,3.73e-06,-3.86e-06,-0.205,6.69e-05
-2.68e-06,-0.205,3.73e-06,-3.67e-06,-0.205,6.67e-05
-2.68e-06,-0.205,3.73e-06,-3.52e-06,-0.205,6.65e-05
-2.68e-06,-0.205,3.73e-06,-3.35e-06,-0.205,6.63e-05
-2.68e-06,-0.205,3.73e-06,-3.13e-06,-0.205,6.6e-05
-2.68e-06,-0.205,3.73e-06,-2.98e-06,-0.205,6.58e-05
-2.68e-06,-0.205,3.73e-06,-2.81e-06,-0.205,6.56e-05
-2.68e-06,-0.205,3.73e-06,-2.62e-06,-0.205,6.54e-05
-2.68e-06,-0.205,3.73e-06,-2.44e-06,-0.205,6.52e-05
-2.68e-06,-0.205,3.73e-06,-2.26e-06,-0.205,6.5e-05
-2.68e-06,-0.205,3.73e-06,-2.07e-06,-0.205,6.47e-05
-2.68e-06,-0.205,3.73e-06,-1.9e-06,-0.205,6.45e-05
-2.68e-06,-0.205,3.73e-06,-1.71e-06,-0.205,6.43e-05
-2.68e-06,-0.205,3.73e-06,-1.53e-06,-0.205,6.41e-05
-2.68e-06,-0.205,3.73e-06,-1.32e-06,-0.205,6.38e-05
-2.68e-06,-0.205,3.73e-06,-1.17e-06,-0.205,6.36e-05
-2.68e-06,-0.205,3.73e-06,-9.62e-07,-0.205,6.34e-05
-2.68e-06,-0.205,3.73e-06,-7.86e-07,-0.205,6.32e-05
-2.68e-06,-0.205,3.73e-06,-5.9e-07,-0.205,6.3e-05
-2.68e-06,-0.205,3.73e-06,-4.24e-07,-0.205,6.27e-05
-2.68e-06,-0.205,3.73e-06,-2.19e-07,-0.205,6.25e-05
-2.68e-06,-0.205,3.73e-06,-4.33e-08,-0.205,6.23e-05
-2.68e-06,-0.205,3.73e-06,1.32e-07,-0.205,6.21e-05
-2.68e-06,-0.205,3.73e-06,3.17e-07,-0.205,6.19e-05
-2.68e-06,-0.205,3.73e-06,5.01e-07,-0.205,6.17e-05
-2.68e-06,-0.205,3.73e-06,6.86e-07,-0.205,6.14e-05
-2.68e-06,-0.205,3.73e-06,8.6e-07,-0.205,6.12e-05
-2.68e-06,-0.205,3.73e-06,1.07e-06,-0.205,6.1e-05
-2.68e-06,-0.205,3.73e-06,1.23e-06,-0.205,6.08e-05
-2.68e-06,-0.205,3.73e-06,1.43e-06,-0.205,6.06e-05
-2.68e-06,-0.205,3.73e-06,1.6e-06,-0.205,6.04e-05
-2.68e-06,-0.205,3.73e-06,1.78e-06,-0.205,6.02e-05
-2.68e-06,-0.205,3.73e-06,1.97e-06,-0.205,5.99e-05
-2.68e-06,-0.205,3.73e-06,2.16e-06,-0.205,5.97e-05
-2.68e-06,-0.205,3.73e-06,2.33e-06,-0.205,5.95e-05
-2.68e-06,-0.205,3.73e-06,2.49e-06,-0.205,5.93e-05
-2.68e-06,-0.205,3.73e-06,2.68e-06,-0.205,5.91e-05
-2.68e-06,-0.205,3.73e-06,2.86e-06,-0.205,5.89e-05
-2.68e-06,-0.205,3.73e-06,3.05e-06,-0.205,5.87e-05
-2.68e-06,-0.205,3.73e-06,3.2e-06,-0.205,5.85e-05
-2.68e-06,-0.205,3.73e-06,3.39e-06,-0.205,5.83e-05
-2.68e-06,-0.205,3.73e-06,3.56e-06,-0.205,5.81e-05
-2.68e-06,-0.205,3.73e-06,3.76e-06,-0.205,5.79e-05
-2.68e-06,-0.205,3.73e-06,3.92e-06,-0.205,5.77e-05
-2.68e-06,-0.205,3.73e-06,4.09e-06,-0.205,5.75e-05
-2.68e-06,-0.205,3.73e-06,4.28e-06,-0.205,5.73e-05
-2.68e-06,-0.205,3.73e-06,4.45e-06,-0.205,5.71e-05
-2.68e-06,-0.205,3.73e-06,4.6e-06,-0.205,5.69e-05
-2.68e-06,-0.205,3.73e-06,4.79e-06,-0.205,5.68e-05
-2.68e-06,-0.205,3.73e-06,4.94e-06,-0.205,5.66e-05
-2.68e-06,-0.205,3.73e-06,5.13e-06,-0.205,5.64e-05
-2.68e-06,-0.205,3.73e-06,5.29e-06,-0.205,5.62e-05
-2.68e-06,-0.205,3.73e-06,5.46e-06,-0.205,5.6e-05
-2.68e-06,-0.205,3.73e-06,5.64e-06,-0.205,5.58e-05
-2.68e-06,-0.205,3.73e-06,5.78e-06,-0.205,5.57e-05
-2.68e-06,-0.205,3.73e-06,5.96e-06,-0.205,5.55e-05
-2.68e-06,-0.205,3.73e-06,6.14e-06,-0.205,5.53e-05
-2.68e-06,-0.205,3.73e-06,6.29e-06,-0.205,5.51e-05
-2.68e-06,-0.205,3.73e-06,6.46e-06,-0.205,5.49e-05
-2.68e-06,-0.205,3.73e-06,6.63e-06,-0.205,5.48e-05
-2.68e-06,-0.205,3.73e-06,6.78e-06,-0.205,5.46e-05
-2.68e-06,-0.205,3.73e-06,6.94e-06,-0.205,5.44e-05
-2.68e-06,-0.205,3.73e-06,7.11e-06,-0.205,5.43e-05
-2.68e-06,-0.205,3.73e-06,7.29e-06,-0.205,5.41e-05
-2.68e-06,-0.205,3.73e-06,7.44e-06,-0.205,5.39e-05
-2.68e-06,-0.205,3.73e-06,7.58e-06,-0.205,5.38e-05
-2.68e-06,-0.205,3.73e-06,7.76e-06,-0.205,5.36e-05
-2.68e-06,-0.205,3.73e-06,7.91e-06,-0.205,5.34e-05
-2.68e-06,-0.205,3.73e-06,8.06e-06,-0.205,5.33e-05
-2.68e-06,-0.205,3.73e-06,8.21e-06,-0.205,5.31e-05
-2.68e-06,-0.205,3.73e-06,8.39e-06,-0.205,5.3e-05
-2.68e-06,-0.205,3.73e-06,8.52e-06,-0.205,5.28e-05
-2.68e-06,-0.205,3.73e-06,8.67e-06,-0.205,5.27e-05
-2.68e-06,-0.205,3.73e-06,8.86e-06,-0.205,5.25e-05
-2.68e-06,-0.205,3.73e-06,8.98e-06,-0.205,5.24e-05
-2.68e-06,-0.205,3.73e-06,9.14e-06,-0.205,5.22e-05
-2.68e-06,-0.205,3.73e-06,9.3e-06,-0.205,5.21e-05
-2.68e-06,-0.205,3.73e-06,9.44e-06,-0.205,5.19e-05
-2.68e-06,-0.205,3.73e-06,9.58e-06,-0.205,5.18e-05
-2.68e-06,-0.205,3.73e-06,9.73e-06,-0.205,5.16e-05
-2.68e-06,-0.205,3.73e-06,9.9e-06,-0.205,5.15e-05
-2.68e-06,-0.205,3.73e-06,1e-05,-0.205,5.14e-05
-2.68e-06,-0.205,3.73e-06,1.02e-05,-0.205,5.12e-05
-2.68e-06,-0.205,3.73e-06,1.03e-05,-0.205,5.11e-05
-2.68e-06,-0.205,3.73e-06,1.05e-05,-0.205,5.1e-05
-2.68e-06,-0.205,3.73e-06,1.06e-05,-0.205,5.08e-05
-2.68e-06,-0.205,3.73e-06,1.07e-05,-0.205,5.07e-05
-2.68e-06,-0.205,3.73e-06,1.09e-05,-0.205,5.06e-05
-2.68e-06,-0.205,3.73e-06,1.1e-05,-0.205,5.04e-05
-2.68e-06,-0.205,3.73e-06,1.12e-05,-0.205,5.03e-05
-2.68e-06,-0.205,3.73e-06,1.13e-05,-0.205,5.02e-05
-2.68e-06,-0.205,3.73e-06,1.14e-05,-0.205,5.01e-05
-2.68e-06,-0.205,3.73e-06,1.16e-05,-0.205,4.99e-05
-2.68e-06,-0.205,3.73e-06,1.18e-05,-0.205,4.98e-05
-2.68e-06,-0.205,3.73e-06,1.19e-05,-0.205,4.97e-05
-2.68e-06,-0.205,3.73e-06,1.2e-05,-0.205,4.96e-05
-2.68e-06,-0.205,3.73e-06,1.22e-05,-0.205,4.95e-05
-2.68e-06,-0.205,3.73e-06,1.23e-05,-0.205,4.94e-05
-2.68e-06,-0.205,3.73e-06,1.24e-05,-0.205,4.92e-05
-2.68e-06,-0.205,3.73e-06,1.26e-05,-0.205,4.91e-05
-2.68e-06,-0.205,3.73e-06,1.27e-05,-0.205,4.9e-05
-2.68e-06,-0.205,3.73e-06,1.28e-05,-0.205,4.89e-05
-2.68e-06,-0.205,3.73e-06,1.3e-05,-0.205,4.88e-05
-2.68e-06,-0.205,3.73e-06,1.31e-05,-0.205,4.87e-05
-2.68e-06,-0.205,3.73e-06,1.32e-05,-0.205,4.86e-05
-2.68e-06,-0.205,3.73e-06,1.34e-05,-0.205,4.85e-05
-2.68e-06,-0.205,3.73e-06,1.35e-05,-0.205,4.84e-05
-2.68e-06,-0.205,3.73e-06,1.36e-05,-0.205,4.83e-05
-2.68e-06,-0.205,3.73e-06,1.38e-05,-0.205,4.82e-05
-2.68e-06,-0.205,3.73e-06,1.39e-05,-0.205,4.81e-05
-2.68e-06,-0.205,3.73e-06,1.4e-05,-0.205,4.8e-05
-2.68e-06,-0.205,3.73e-06,1.42e-05,-0.205,4.79e-05
-2.68e-06,-0.205,3.73e-06,1.43e-05,-0.205,4.78e-05
-2.68e-06,-0.205,3.73e-06,1.44e-05,-0.205,4.77e-05
-2.68e-06,-0.205,3.73e-06,1.45e-05,-0.205,4.76e-05
-2.68e-06,-0.205,3.73e-06,1.47e-05,-0.205,4.75e-05
-2.68e-06,-0.205,3.73e-06,1.48e-05,-0.205,4.74e-05
-2.68e-06,-0.205,3.73e-06,1.49e-05,-0.205,4.73e-05
-2.68e-06,-0.205,3.73e-06,1.51e-05,-0.205,4.72e-05
-2.68e-06,-0.205,3.73e-06,1.52e-05,-0.205,4.71e-05
-2.68e-06,-0.205,3.73e-06,1.53e-05,-0.205,4.7e-05
-2.68e-06,-0.205,3.73e-06,1.54e-05,-0.205,4.7e-05
-2.68e-06,-0.205,3.73e-06,1.56e-05,-0.205,4.69e-05
-2.68e-06,-0.205,3.73e-06,1.57e-05,-0.205,4.68e-05
-2.68e-06,-0.205,3.73e-06,1.58e-05,-0.205,4.67e-05
-2.68e-06,-0.205,3.73e-06,1.59e-05,-0.205,4.66e-05
-2.68e-06,-0.205,3.73e-06,1.61e-05,-0.205,4.65e-05
-2.68e-06,-0.205,3.73e-06,1.62e-05,-0.205,4.65e-05
-2.68e-06,-0.205,3.73e-06,1.63e-05,-0.205,4.64e-05
-2.68e-06,-0.205,3.73e-06,1.64e-05,-0.205,4.63e-05
-2.68e-06,-0.205,3.73e-06,1.65e-05,-0.205,4.62e-05
-2.68e-06,-0.205,3.73e-06,1.67e-05,-0.205,4.61e-05
-2.68e-06,-0.205,3.73e-06,1.68e-05,-0.205,4.61e-05
-2.68e-06,-0.205,3.73e-06,1.69e-05,-0.205,4.6e-05
-2.68e-06,-0.205,3.73e-06,1.7e-05,-0.205,4.59e-05
-2.68e-06,-0.205,3.73e-06,1.71e-05,-0.205,4.59e-05
-2.68e-06,-0.205,3.73e-06,1.73e-05,-0.205,4.58e-05
-2.68e-06,-0.205,3.73e-06,1.74e-05,-0.205,4.57e-05
-2.68e-06,-0.205,3.73e-06,1.75e-05,-0.205,4.56e-05
-2.68e-06,-0.205,3.73e-06,1.76e-05,-0.205,4.56e-05
-2.68e-06,-0.205,3.73e-06,1.77e-05,-0.205,4.55e-05
-2.68e-06,-0.205,3.73e-06,1.79e-05,-0.205,4.54e-05
-2.68e-06,-0.205,3.73e-06,1.8e-05,-0.205,4.54e-05
-2.68e-06,-0.205,3.73e-06,1.81e-05,-0.205,4.53e-05
-2.68e-06,-0.205,3.73e-06,1.82e-05,-0.205,4.52e-05
-2.68e-06,-0.205,3.73e-06,1.83e-05,-0.205,4.52e-05
-2.68e-06,-0.205,3.73e-06,1.84e-05,-0.205,4.51e-05
-2.68e-06,-0.205,3.73e-06,1.85e-05,-0.205,4.5e-05
-2.68e-06,-0.205,3.73e-06,1.87e-05,-0.205,4.5e-05
-2.68e-06,-0.205,3.73e-06,1.88e-05,-0.205,4.49e-05
-2.68e-06,-0.205,3.73e-06,1.89e-05,-0.205,4.48e-05
-2.68e-06,-0.205,3.73e-06,1.9e-05,-0.205,4.48e-05
-2.68e-06,-0.205,3.73e-06,1.91e-05,-0.205,4.47e-05
-2.68e-06,-0.205,3.73e-06,1.92e-05,-0.205,4.47e-05
-2.68e-06,-0.205,3.73e-06,1.94e-05,-0.205,4.46e-05
-2.68e-06,-0.205,3.73e-06,1.95e-05,-0.205,4.45e-05
-2.68e-06,-0.205,3.73e-06,1.95e-05,-0.205,4.45e-05
-2.68e-06,-0.205,3.73e-06,1.97e-05,-0.205,4.44e-05
-2.68e-06,-0.205,3.73e-06,1.98e-05,-0.205,4.44e-05
-2.68e-06,-0.205,3.73e-06,1.99e-05,-0.205,4.43e-05
-2.68e-06,-0.205,3.73e-06,2e-05,-0.205,4.43e-05
-2.68e-06,-0.205,3.73e-06,2.01e-05,-0.205,4.42e-05
-2.68e-06,-0.205,3.73e-06,2.02e-05,-0.205,4.41e-05
-2.68e-06,-0.205,3.73e-06,2.03e-05,-0.205,4.41e-05
-2.68e-06,-0.205,3.73e-06,2.04e-05,-0.205,4.4e-05
-2.68e-06,-0.205,3.73e-06,2.05e-05,-0.205,4.4e-05
-2.68e-06,-0.205,3.73e-06,2.07e-05,-0.205,4.39e-05
-2.68e-06,-0.205,3.73e-06,2.08e-05,-0.205,4.39e-05
-2.68e-06,-0.205,3.73e-06,2.09e-05,-0.205,4.38e-05
-2.68e-06,-0.205,3.73e-06,2.1e-05,-0.205,4.38e-05
-2.68e-06,-0.205,3.73e-06,2.11e-05,-0.205,4.37e-05
-2.68e-06,-0.205,3.73e-06,2.12e-05,-0.205,4.37e-05
-2.68e-06,-0.205,3.73e-06,2.13e-05,-0.205,4.36e-05
-2.68e-06,-0.205,3.73e-06,2.14e-05,-0.205,4.36e-05
-2.68e-06,-0.205,3.73e-06,2.15e-05,-0.205,4.35e-05
-2.68e-06,-0.205,3.73e-06,2.16e-05,-0.205,4.35e-05
-2.68e-06,-0.205,3.73e-06,2.17e-05,-0.205,4.34e-05
-2.68e-06,-0.205,3.73e-06,2.18e-05,-0.205,4.34e-05
-2.68e-06,-0.205,3.73e-06,2.19e-05,-0.205,4.34e-05
-2.68e-06,-0.205,3.73e-06,2.2e-05,-0.205,4.33e-05
-2.68e-06,-0.205,3.73e-06,2.21e-05,-0.205,4.33e-05
-2.68e-06,-0.205,3.73e-06,2.22e-05,-0.205,4.32e-05
-2.68e-06,-0.205,3.73e-06,2.23e-05,-0.205,4.32e-05
-2.68e-06,-0.205,3.73e-06,2.25e-05,-0.205,4.31e-05
-2.68e-06,-0.205,3.73e-06,2.25e-05,-0.205,4.31e-05
-2.68e-06,-0.205,3.73e-06,2.27e-05,-0.205,4.3e-05
-2.68e-06,-0.205,3.73e-06,2.28e-05,-0.205,4.3e-05
-2.68e-06,-0.205,3.73e-06,2.28e-05,-0.205,4.3e-05
-2.68e-06,-0.205,3.73e-06,2.29e-05,-0.205,4.29e-05
-2.68e-06,-0.205,3.73e-06,2.31e-05,-0.205,4.29e-05
-2.68e-06,-0.205,3.73e-06,2.31e-05,-0.205,4.28e-05
-2.68e-06,-0.205,3.73e-06,2.33e-05,-0.205,4.28e-05
-2.68e-06,-0.205,3.73e-06,2.34e-05,-0.205,4.27e-05
-2.68e-06,-0.205,3.73e-06,2.34e-05,-0.205,4.27e-05
-2.68e-06,-0.205,3.73e-06,2.35e-05,-0.205,4.27e-05
-2.68e-06,-0.205,3.73e-06,2.37e-05,-0.205,4.26e-05
-2.68e-06,-0.205,3.73e-06,2.37e-05,-0.205,4.26e-05
-2.68e-06,-0.205,3.73e-06,2.38e-05,-0.205,4.25e-05
-2.68e-06,-0.205,3.73e-06,2.39e-05,-0.205,4.25e-05
-2.68e-06,-0.205,3.73e-06,2.4e-05,-0.205,4.25e-05
-2.68e-06,-0.205,3.73e-06,2.41e-05,-0.205,4.24e-05
-2.68e-06,-0.205,3.73e-06,2.42e-05,-0.205,4.24e-05
-2.68e-06,-0.205,3.73e-06,2.43e-05,-0.205,4.24e-05
-2.68e-06,-0.205,3.73e-06,2.44e-05,-0.205,4.23e-05
-2.68e-06,-0.205,3.73e-06,2.45e-05,-0.205,4.23e-05
-2.68e-06,-0.205,3.73e-06,2.46e-05,-0.205,4.22e-05
-2.68e-06,-0.205,3.73e-06,2.47e-05,-0.205,4.22e-05
-2.68e-06,-0.205,3.73e-06,2.48e-05,-0.205,4.22e-05
-2.68e-06,-0.205,3.73e-06,2.49e-05,-0.205,4.21e-05
-2.68e-06,-0.205,3.73e-06,2.5e-05,-0.205,4.21e-05
-2.68e-06,-0.205,3.73e-06,2.51e-05,-0.205,4.21e-05
-2.68e-06,-0.205,3.73e-06,2.52e-05,-0.205,4.2e-05
-2.68e-06,-0.205,3.73e-06,2.53e-05,-0.205,4.2e-05
-2.68e-06,-0.205,3.73e-06,2.54e-05,-0.205,4.2e-05
-2.68e-06,-0.205,3.73e-06,2.55e-05,-0.205,4.19e-05
-2.68e-06,-0.205,3.73e-06,2.55e-05,-0.205,4.19e-05
-2.68e-06,-0.205,3.73e-06,2.57e-05,-0.205,4.19e-05
-2.68e-06,-0.205,3.73e-06,2.57e-05,-0.205,4.18e-05
-2.68e-06,-0.205,3.73e-06,2.58e-05,-0.205,4.18e-05
-2.68e-06,-0.205,3.73e-06,2.59e-05,-0.205,4.18e-05
-2.68e-06,-0.205,3.73e-06,2.6e-05,-0.205,4.17e-05
-2.68e-06,-0.205,3.73e-06,2.61e-05,-0.205,4.17e-05
-2.68e-06,-0.205,3.73e-06,2.62e-05,-0.205,4.17e-05
-2.68e-06,-0.205,3.73e-06,2.63e-05,-0.205,4.16e-05
-2.68e-06,-0.205,3.73e-06,2.64e-05,-0.205,4.16e-05
-2.68e-06,-0.205,3.73e-06,2.65e-05,-0.205,4.16e-05
-2.68e-06,-0.205,3.73e-06,2.66e-05,-0.205,4.15e-05
-2.68e-06,-0.205,3.73e-06,2.67e-05,-0.205,4.15e-05
-2.68e-06,-0.205,3.73e-06,2.67e-05,-0.205,4.15e-05
-2.68e-06,-0.205,3.73e-06,2.68e-05,-0.205,4.15e-05
-2.68e-06,-0.205,3.73e-06,2.69e-05,-0.205,4.14e-05
-2.68e-06,-0.205,3.73e-06,2.7e-05,-0.205,4.14e-05
-2.68e-06,-0.205,3.73e-06,2.71e-05,-0.205,4.14e-05
-2.68e-06,-0.205,3.73e-06,2.72e-05,-0.205,4.13e-05
-2.68e-06,-0.205,3.73e-06,2.73e-05,-0.205,4.13e-05
-2.68e-06,-0.205,3.73e-06,2.74e-05,-0.205,4.13e-05
-2.68e-06,-0.205,3.73e-06,2.75e-05,-0.205,4.12e-05
-2.68e-06,-0.205,3.73e-06,2.75e-05,-0.205,4.12e-05
-2.68e-06,-0.205,3.73e-06,2.76e-05,-0.205,4.12e-05
-2.68e-06,-0.205,3.73e-06,2.77e-05,-0.205,4.12e-05
-2.68e-06,-0.205,3.73e-06,2.78e-05,-0.205,4.11e-05
-2.68e-06,-0.205,3.73e-06,2.79e-05,-0.205,4.11e-05
-2.68e-06,-0.205,3.73e-06,2.8e-05,-0.205,4.11e-05
-2.68e-06,-0.205,3.73e-06,2.81e-05,-0.205,4.1e-05
-2.68e-06,-0.205,3.73e-06,2.82e-05,-0.205,4.1e-05
-2.68e-06,-0.205,3.73e-06,2.82e-05,-0.205,4.1e-05
-2.68e-06,-0.205,3.73e-06,2.83e-05,-0.205,4.1e-05
-2.68e-06,-0.205,3.73e-06,2.84e-05,-0.205,4.09e-05
-2.68e-06,-0.205,3.73e-06,2.85e-05,-0.205,4.09e-05
-2.68e-06,-0.205,3.73e-06,2.86e-05,-0.205,4.09e-05
-2.68e-06,-0.205,3.73e-06,2.87e-05,-0.205,4.08e-05
-2.68e-06,-0.205,3.73e-06,2.88e-05,-0.205,4.08e-05
-2.68e-06,-0.205,3.73e-06,2.88e-05,-0.205,4.08e-05
-2.68e-06,-0.205,3.73e-06,2.89e-05,-0.205,4.08e-05
-2.68e-06,-0.205,3.73e-06,2.9e-05,-0.205,4.07e-05
-2.68e-06,-0.205,3.73e-06,2.91e-05,-0.205,4.07e-05
-2.68e-06,-0.205,3.73e-06,2.92e-05,-0.205,4.07e-05
-2.68e-06,-0.205,3.73e-06,2.92e-05,-0.205,4.07e-05
-2.68e-06,-0.205,3.73e-06,2.93e-05,-0.205,4.06e-05
-2.68e-06,-0.205,3.73e-06,2.94e-05,-0.205,4.06e-05
-2.68e-06,-0.205,3.73e-06,2.95e-05,-0.205,4.06e-05
-2.68e-06,-0.205,3.73e-06,2.96e-05,-0.205,4.06e-05
-2.68e-06,-0.205,3.73e-06,2.97e-05,-0.205,4.05e-05
-2.68e-06,-0.205,3.73e-06,2.97e-05,-0.205,4.05e-05
-2.68e-06,-0.205,3.73e-06,2.98e-05,-0.205,4.05e-05
-2.68e-06,-0.205,3.73e-06,2.99e-05,-0.205,4.05e-05
-2.68e-06,-0.205,3.73e-06,3e-05,-0.205,4.04e-05
-2.68e-06,-0.205,3.73e-06,3.01e-05,-0.205,4.04e-05
-2.68e-06,-0.205,3.73e-06,3.02e-05,-0.205,4.04e-05
-2.68e-06,-0.205,3.73e-06,3.02e-05,-0.205,4.03e-05
-2.68e-06,-0.205,3.73e-06,3.03e-05,-0.205,4.03e-05
-2.68e-06,-0.205,3.73e-06,3.04e-05,-0.205,4.03e-05
-2.68e-06,-0.205,3.73e-06,3.05e-05,-0.205,4.03e-05
-2.68e-06,-0.205,3.73e-06,3.05e-05,-0.205,4.02e-05
-2.68e-06,-0.205,3.73e-06,3.06e-05,-0.205,4.02e-05
-2.68e-06,-0.205,3.73e-06,3.07e-05,-0.205,4.02e-05
-2.68e-06,-0.205,3.73e-06,3.08e-05,-0.205,4.02e-05
-2.68e-06,-0.205,3.73e-06,3.09e-05,-0.205,4.01e-05
-2.68e-06,-0.205,3.73e-06,3.09e-05,-0.205,4.01e-05
-2.68e-06,-0.205,3.73e-06,3.1e-05,-0.205,4.01e-05
-2.68e-06,-0.205,3.73e-06,3.11e-05,-0.205,4.01e-05
-2.68e-06,-0.205,3.73e-06,3.12e-05,-0.205,4e-05
-2.68e-06,-0.205,3.73e-06,3.13e-05,-0.205,4e-05
-2.68e-06,-0.205,3.73e-06,3.13e-05,-0.205,4e-05
-2.68e-06,-0.205,3.73e-06,3.14e-05,-0.205,4e-05
-2.68e-06,-0.205,3.73e-06,3.15e-05,-0.205,3.99e-05
-2.68e-06,-0.205,3.73e-06,3.16e-05,-0.205,3.99e-05
-2.68e-06,-0.205,3.73e-06,3.16e-05,-0.205,3.99e-05
-2.68e-06,-0.205,3.73e-06,3.17e-05,-0.205,3.99e-05
-2.68e-06,-0.205,3.73e-06,3.18e-05,-0.205,3.98e-05
-2.68e-06,-0.205,3.73e-06,3.19e-05,-0.205,3.98e-05
-2.68e-06,-0.205,3.73e-06,3.2e-05,-0.205,3.98e-05
-2.68e-06,-0.205,3.73e-06,3.2e-05,-0.205,3.98e-05
-2.68e-06,-0.205,3.73e-06,3.21e-05,-0.205,3.97e-05
-2.68e-06,-0.205,3.73e-06,3.22e-05,-0.205,3.97e-05
-2.68e-06,-0.205,3.73e-06,3.22e-05,-0.205,3.97e-05
-2.68e-06,-0.205,3.73e-06,3.23e-05,-0.205,3.97e-05
-2.68e-06,-0.205,3.73e-06,3.24e-05,-0.205,3.96e-05
-2.68e-06,-0.205,3.73e-06,3.25e-05,-0.205,3.96e-05
-2.68e-06,-0.205,3.73e-06,3.25e-05,-0.205,3.96e-05
-2.68e-06,-0.205,3.73e-06,3.26e-05,-0.205,3.96e-05
-2.68e-06,-0.205,3.73e-06,3.27e-05,-0.205,3.95e-05
-2.68e-06,-0.205,3.73e-06,3.27e-05,-0.205,3.95e-05
-2.68e-06,-0.205,3.73e-06,3.28e-05,-0.205,3.95e-05
-2.68e-06,-0.205,3.73e-06,3.29e-05,-0.205,3.95e-05
-2.68e-06,-0.205,3.73e-06,3.3e-05,-0.205,3.94e-05
-2.68e-06,-0.205,3.73e-06,3.3e-05,-0.205,3.94e-05
-2.68e-06,-0.205,3.73e-06,3.31e-05,-0.205,3.94e-05
-2.68e-06,-0.205,3.73e-06,3.32e-05,-0.205,3.94e-05
-2.68e-06,-0.205,3.73e-06,3.33e-05,-0.205,3.93e-05
-2.68e-06,-0.205,3.73e-06,3.33e-05,-0.205,3.93e-05
-2.68e-06,-0.205,3.73e-06,3.34e-05,-0.205,3.93e-05
-2.68e-06,-0.205,3.73e-06,3.35e-05,-0.205,3.92e-05
-2.68e-06,-0.205,3.73e-06,3.35e-05,-0.205,3.92e-05
-2.68e-06,-0.205,3.73e-06,3.36e-05,-0.205,3.92e-05
-2.68e-06,-0.205,3.73e-06,3.37e-05,-0.205,3.92e-05
-2.68e-06,-0.205,3.73e-06,3.38e-05,-0.205,3.91e-05
-2.68e-06,-0.205,3.73e-06,3.38e-05,-0.205,3.91e-05
-2.68e-06,-0.205,3.73e-06,3.39e-05,-0.205,3.91e-05
-2.68e-06,-0.205,3.73e-06,3.4e-05,-0.205,3.91e-05
-2.68e-06,-0.205,3.73e-06,3.4e-05,-0.205,3.9e-05
-2.68e-06,-0.205,3.73e-06,3.41e-05,-0.205,3.9e-05
-2.68e-06,-0.205,3.73e-06,3.42e-05,-0.205,3.9e-05
-2.68e-06,-0.205,3.73e-06,3.42e-05,-0.205,3.9e-05
-2.68e-06,-0.205,3.73e-06,3.43e-05,-0.205,3.89e-05
-2.68e-06,-0.205,3.73e-06,3.44e-05,-0.205,3.89e-05
-2.68e-06,-0.205,3.73e-06,3.45e-05,-0.205,3.89e-05
-2.68e-06,-0.205,3.73e-06,3.45e-05,-0.205,3.88e-05
-2.68e-06,-0.205,3.73e-06,3.46e-05,-0.205,3.88e-05
-2.68e-06,-0.205,3.73e-06,3.47e-05,-0.205,3.88e-05
-2.68e-06,-0.205,3.73e-06,3.47e-05,-0.205,3.88e-05
-2.68e-06,-0.205,3.73e-06,3.48e-05,-0.205,3.87e-05
-2.68e-06,-0.205,3.73e-06,3.49e-05,-0.205,3.87e-05
-2.68e-06,-0.205,3.73e-06,3.49e-05,-0.205,3.87e-05
-2.68e-06,-0.205,3.73e-06,3.5e-05,-0.205,3.86e-05
-2.68e-06,-0.205,3.73e-06,3.51e-05,-0.205,3.86e-05
-2.68e-06,-0.205,3.73e-06,3.51e-05,-0.205,3.86e-05
-2.68e-06,-0.205,3.73e-06,3.52e-05,-0.205,3.86e-05
-2.68e-06,-0.205,3.73e-06,3.53e-05,-0.205,3.85e-05
-2.68e-06,-0.205,3.73e-06,3.53e-05,-0.205,3.85e-05
-2.68e-06,-0.205,3.73e-06,3.54e-05,-0.205,3.85e-05
-2.68e-06,-0.205,3.73e-06,3.55e-05,-0.205,3.84e-05
-2.68e-06,-0.205,3.73e-06,3.55e-05,-0.205,3.84e-05
-2.68e-06,-0.205,3.73e-06,3.56e-05,-0.205,3.84e-05
-2.68e-06,-0.205,3.73e-06,3.57e-05,-0.205,3.83e-05
-2.68e-06,-0.205,3.73e-06,3.57e-05,-0.205,3.83e-05
-2.68e-06,-0.205,3.73e-06,3.58e-05,-0.205,3.83e-05
-2.68e-06,-0.205,3.73e-06,3.59e-05,-0.205,3.83e-05
-2.68e-06,-0.205,3.73e-06,3.59e-05,-0.205,3.82e-05
-2.68e-06,-0.205,3.73e-06,3.6e-05,-0.205,3.82e-05
-2.68e-06,-0.205,3.73e-06,3.61e-05,-0.205,3.82e-05
-2.68e-06,-0.205,3.73e-06,3.61e-05,-0.205,3.81e-05
-2.68e-06,-0.205,3.73e-06,3.62e-05,-0.205,3.81e-05
-2.68e-06,-0.205,3.73e-06,3.62e-05,-0.205,3.81e-05
-2.68e-06,-0.205,3.73e-06,3.63e-05,-0.205,3.8e-05
-2.68e-06,-0.205,3.73e-06,3.64e-05,-0.205,3.8e-05
-2.68e-06,-0.205,3.73e-06,3.64e-05,-0.205,3.8e-05
-2.68e-06,-0.205,3.73e-06,3.65e-05,-0.205,3.79e-05
-2.68e-06,-0.205,3.73e-06,3.65e-05,-0.205,3.79e-05
-2.68e-06,-0.205,3.73e-06,3.66e-05,-0.205,3.79e-05
-2.68e-06,-0.205,3.73e-06,3.67e-05,-0.205,3.78e-05
-2.68e-06,-0.205,3.73e-06,3.68e-05,-0.205,3.78e-05
-2.68e-06,-0.205,3.73e-06,3.68e-05,-0.205,3.78e-05
-2.68e-06,-0.205,3.73e-06,3.69e-05,-0.205,3.77e-05
-2.68e-06,-0.205,3.73e-06,3.69e-05,-0.205,3.77e-05
-2.68e-06,-0.205,3.73e-06,3.7e-05,-0.205,3.77e-05
-2.68e-06,-0.205,3.73e-06,3.71e-05,-0.205,3.76e-05
-2.68e-06,-0.205,3.73e-06,3.71e-05,-0.205,3.76e-05
-2.68e-06,-0.205,3.73e-06,3.72e-05,-0.205,3.76e-05
-2.68e-06,-0.205,3.73e-06,3.72e-05,-0.205,3.75e-05
-2.68e-06,-0.205,3.73e-06,3.73e-05,-0.205,3.75e-05
-2.68e-06,-0.205,3.73e-06,3.74e-05,-0.205,3.74e-05
-2.68e-06,-0.205,3.73e-06,3.74e-05,-0.205,3.74e-05
-2.68e-06,-0.205,3.73e-06,3.75e-05,-0.205,3.74e-05
-2.68e-06,-0.205,3.73e-06,3.76e-05,-0.205,3.73e-05
-2.68e-06,-0.205,3.73e-06,3.76e-05,-0.205,3.73e-05
-2.68e-06,-0.205,3.73e-06,3.77e-05,-0.205,3.73e-05
-2.68e-06,-0.205,3.73e-06,3.77e-05,-0.205,3.72e-05
-2.68e-06,-0.205,3.73e-06,3.78e-05,-0.205,3.72e-05
-2.68e-06,-0.205,3.73e-06,3.79e-05,-0.205,3.71e-05
-2.68e-06,-0.205,3.73e-06,3.79e-05,-0.205,3.71e-05
-2.68e-06,-0.205,3.73e-06,3.8e-05,-0.205,3.71e-05
-2.68e-06,-0.205,3.73e-06,3.8e-05,-0.205,3.7e-05
-2.68e-06,-0.205,3.73e-06,3.81e-05,-0.205,3.7e-05
-2.68e-06,-0.205,3.73e-06,3.81e-05,-0.205,3.7e-05
-2.68e-06,-0.205,3.73e-06,3.82e-05,-0.205,3.69e-05
-2.68e-06,-0.205,3.73e-06,3.82e-05,-0.205,3.69e-05
-2.68e-06,-0.205,3.73e-06,3.83e-05,-0.205,3.68e-05
-2.68e-06,-0.205,3.73e-06,3.84e-05,-0.205,3.68e-05
-2.68e-06,-0.205,3.73e-06,3.84e-05,-0.205,3.68e-05
-2.68e-06,-0.205,3.73e-06,3.85e-05,-0.205,3.67e-05
-2.68e-06,-0.205,3.73e-06,3.85e-05,-0.205,3.67e-05
-2.68e-06,-0.205,3.73e-06,3.86e-05,-0.205,3.66e-05
-2.68e-06,-0.205,3.73e-06,3.86e-05,-0.205,3.66e-05
-2.68e-06,-0.205,3.73e-06,3.87e-05,-0.205,3.66e-05
-2.68e-06,-0.205,3.73e-06,3.88e-05,-0.205,3.65e-05
-2.68e-06,-0.205,3.73e-06,3.88e-05,-0.205,3.65e-05
-2.68e-06,-0.205,3.73e-06,3.89e-05,-0.205,3.64e-05
-2.68e-06,-0.205,3.73e-06,3.89e-05,-0.205,3.64e-05
-2.68e-06,-0.205,3.73e-06,3.9e-05,-0.205,3.63e-05
-2.68e-06,-0.205,3.73e-06,3.9e-05,-0.205,3.63e-05
-2.68e-06,-0.205,3.73e-06,3.91e-05,-0.205,3.63e-05
-2.68e-06,-0.205,3.73e-06,3.92e-05,-0.205,3.62e-05
-2.68e-06,-0.205,3.73e-06,3.92e-05,-0.205,3.62e-05
-2.68e-06,-0.205,3.73e-06,3.93e-05,-0.205,3.61e-05
-2.68e-06,-0.205,3.73e-06,3.93e-05,-0.205,3.61e-05
-2.68e-06,-0.205,3.73e-06,3.94e-05,-0.205,3.6e-05
-2.68e-06,-0.205,3.73e-06,3.94e-05,-0.205,3.6e-05
-2.68e-06,-0.205,3.73e-06,3.95e-05,-0.205,3.6e-05
-2.68e-06,-0.205,3.73e-06,3.96e-05,-0.205,3.59e-05
-2.68e-06,-0.205,3.73e-06,3.96e-05,-0.205,3.59e-05
-2.68e-06,-0.205,3.73e-06,3.97e-05,-0.205,3.59e-05
-2.68e-06,-0.205,3.73e-06,3.98e-05,-0.205,3.58e-05
-2.68e-06,-0.205,3.73e-06,3.98e-05,-0.205,3.58e-05
-2.68e-06,-0.205,3.73e-06,3.99e-05,-0.205,3.58e-05
-2.68e-06,-0.205,3.73e-06,4e-05,-0.205,3.57e-05
-2.68e-06,-0.205,3.73e-06,4e-05,-0.205,3.57e-05
-2.68e-06,-0.205,3.73e-06,4.01e-05,-0.205,3.57e-05
-2.68e-06,-0.205,3.73e-06,4.02e-05,-0.205,3.56e-05
-2.68e-06,-0.205,3.73e-06,4.03e-05,-0.205,3.56e-05
-2.68e-06,-0.205,3.73e-06,4.03e-05,-0.205,3.56e-05
-2.68e-06,-0.205,3.73e-06,4.04e-05,-0.205,3.56e-05
-2.68e-06,-0.205,3.73e-06,4.05e-05,-0.205,3.55e-05
-2.68e-06,-0.205,3.73e-06,4.06e-05,-0.205,3.55e-05
-2.68e-06,-0.205,3.73e-06,4.07e-05,-0.205,3.55e-05
-2.68e-06,-0.205,3.73e-06,4.08e-05,-0.205,3.55e-05
-2.68e-06,-0.205,3.73e-06,4.08e-05,-0.205,3.55e-05
-2.68e-06,-0.205,3.73e-06,4.09e-05,-0.205,3.55e-05
-2.68e-06,-0.205,3.73e-06,4.11e-05,-0.205,3.54e-05
-2.68e-06,-0.205,3.73e-06,4.11e-05,-0.205,3.54e-05
-2.68e-06,-0.205,3.73e-06,4.12e-05,-0.205,3.54e-05
-2.68e-06,-0.205,3.73e-06,4.13e-05,-0.205,3.54e-05
-2.68e-06,-0.205,3.73e-06,4.14e-05,-0.205,3.54e-05
-2.68e-06,-0.205,3.73e-06,4.15e-05,-0.205,3.54e-05
-2.68e-06,-0.205,3.73e-06,4.16e-05,-0.205,3.54e-05
-2.68e-06,-0.205,3.73e-06,4.17e-05,-0.205,3.54e-05
-2.68e-06,-0.205,3.73e-06,4.19e-05,-0.205,3.54e-05
-2.68e-06,-0.205,3.73e-06,4.2e-05,-0.205,3.54e-05
-2.68e-06,-0.205,3.73e-06,4.21e-05,-0.205,3.54e-05
-2.68e-06,-0.205,3.73e-06,4.22e-05,-0.205,3.54e-05
-2.68e-06,-0.205,3.73e-06,4.23e-05,-0.205,3.54e-05
-2.68e-06,-0.205,3.73e-06,4.24e-05,-0.205,3.54e-05
-2.68e-06,-0.205,3.73e-06,4.25e-05,-0.205,3.54e-05
-2.68e-06,-0.205,3.73e-06,4.26e-05,-0.205,3.54e-05
-2.68e-06,-0.205,3.73e-06,4.28e-05,-0.205,3.54e-05
-2.68e-06,-0.205,3.73e-06,4.29e-05,-0.205,3.55e-05
-2.68e-06,-0.205,3.73e-06,4.3e-05,-0.205,3.55e-05
-2.68e-06,-0.205,3.73e-06,4.31e-05,-0.205,3.55e-05
-2.68e-06,-0.205,3.73e-06,4.33e-05,-0.205,3.55e-05
-2.68e-06,-0.205,3.73e-06,4.34e-05,-0.205,3.55e-05
-2.68e-06,-0.205,3.73e-06,4.35e-05,-0.205,3.55e-05
-2.68e-06,-0.205,3.73e-06,4.36e-05,-0.205,3.56e-05
-2.68e-06,-0.205,3.73e-06,4.38e-05,-0.205,3.56e-05
-2.68e-06,-0.205,3.73e-06,4.39e-05,-0.205,3.56e-05
-2.68e-06,-0.205,3.73e-06,4.4e-05,-0.205,3.56e-05
-2.68e-06,-0.205,3.73e-06,4.41e-05,-0.205,3.57e-05
-2.68e-06,-0.205,3.73e-06,4.43e-05,-0.205,3.57e-05
-2.68e-06,-0.205,3.73e-06,4.44e-05,-0.205,3.57e-05
-2.68e-06,-0.205,3.73e-06,4.46e-05,-0.205,3.57e-05
-2.68e-06,-0.205,3.73e-06,4.47e-05,-0.205,3.58e-05
-2.68e-06,-0.205,3.73e-06,4.48e-05,-0.205,3.58e-05
-2.68e-06,-0.205,3.73e-06,4.49e-05,-0.205,3.58e-05
-2.68e-06,-0.205,3.73e-06,4.51e-05,-0.205,3.59e-05
-2.68e-06,-0.205,3.73e-06,4.52e-05,-0.205,3.59e-05
-2.68e-06,-0.205,3.73e-06,4.53e-05,-0.205,3.59e-05
-2.68e-06,-0.205,3.73e-06,4.55e-05,-0.205,3.59e-05
-2.68e-06,-0.205,3.73e-06,4.56e-05,-0.205,3.6e-05
-2.68e-06,-0.205,3.73e-06,4.57e-05,-0.205,3.6e-05
-2.68e-06,-0.205,3.73e-06,4.59e-05,-0.205,3.6e-05
-2.68e-06,-0.205,3.73e-06,4.6e-05,-0.205,3.6e-05
-2.68e-06,-0.205,3.73e-06,4.61e-05,-0.205,3.61e-05
-2.68e-06,-0.205,3.73e-06,4.62e-05,-0.205,3.61e-05
-2.68e-06,-0.205,3.73e-06,4.64e-05,-0.205,3.61e-05
-2.68e-06,-0.205,3.73e-06,4.65e-05,-0.205,3.61e-05
-2.68e-06,-0.205,3.73e-06,4.66e-05,-0.205,3.61e-05
-2.68e-06,-0.205,3.73e-06,4.67e-05,-0.205,3.62e-05
-2.68e-06,-0.205,3.73e-06,4.68e-05,-0.205,3.62e-05
-2.68e-06,-0.205,3.73e-06,4.7e-05,-0.205,3.62e-05
-2.68e-06,-0.205,3.73e-06,4.71e-05,-0.205,3.62e-05
-2.68e-06,-0.205,3.73e-06,4.71e-05,-0.205,3.62e-05
-2.68e-06,-0.205,3.73e-06,4.73e-05,-0.205,3.62e-05
-2.68e-06,-0.205,3.73e-06,4.74e-05,-0.205,3.62e-05
-2.68e-06,-0.205,3.73e-06,4.74e-05,-0.205,3.62e-05
-2.68e-06,-0.205,3.73e-06,4.75e-05,-0.205,3.62e-05
-2.68e-06,-0.205,3.73e-06,4.76e-05,-0.205,3.62e-05
-2.68e-06,-0.205,3.73e-06,4.77e-05,-0.205,3.62e-05
-2.68e-06,-0.205,3.73e-06,4.78e-05,-0.205,3.62e-05
-2.68e-06,-0.205,3.73e-06,4.79e-05,-0.205,3.62e-05
-2.68e-06,-0.205,3.73e-06,4.8e-05,-0.205,3.62e-05
-2.68e-06,-0.205,3.73e-06,4.81e-05,-0.205,3.62e-05
-2.68e-06,-0.205,3.73e-06,4.81e-05,-0.205,3.62e-05
-2.68e-06,-0.205,3.73e-06,4.82e-05,-0.205,3.62e-05
-2.68e-06,-0.205,3.73e-06,4.83e-05,-0.205,3.62e-05
-2.68e-06,-0.205,3.73e-06,4.84e-05,-0.205,3.62e-05
-2.68e-06,-0.205,3.73e-06,4.84e-05,-0.205,3.61e-05
-2.68e-06,-0.205,3.73e-06,4.85e-05,-0.205,3.61e-05
-2.68e-06,-0.205,3.73e-06,4.86e-05,-0.205,3.61e-05
-2.68e-06,-0.205,3.73e-06,4.86e-05,-0.205,3.61e-05
-2.68e-06,-0.205,3.73e-06,4.87e-05,-0.205,3.61e-05
-2.68e-06,-0.205,3.73e-06,4.87e-05,-0.205,3.6e-05
-2.68e-06,-0.205,3.73e-06,4.88e-05,-0.205,3.6e-05
-2.68e-06,-0.205,3.73e-06,4.89e-05,-0.205,3.6e-05
-2.68e-06,-0.205,3.73e-06,4.89e-05,-0.205,3.6e-05
-2.68e-06,-0.205,3.73e-06,4.9e-05,-0.205,3.59e-05
-2.68e-06,-0.205,3.73e-06,4.9e-05,-0.205,3.59e-05
-2.68e-06,-0.205,3.73e-06,4.91e-05,-0.205,3.59e-05
-2.68e-06,-0.205,3.73e-06,4.91e-05,-0.205,3.58e-05
-2.68e-06,-0.205,3.73e-06,4.92e-05,-0.205,3.58e-05
-2.68e-06,-0.205,3.73e-06,4.92e-05,-0.205,3.58e-05
-2.68e-06,-0.205,3.73e-06,4.92e-05,-0.205,3.57e-05
-2.68e-06,-0.205,3.73e-06,4.93e-05,-0.205,3.57e-05
-2.68e-06,-0.205,3.73e-06,4.93e-05,-0.205,3.56e-05
-2.68e-06,-0.205,3.73e-06,4.94e-05,-0.205,3.56e-05
-2.68e-06,-0.205,3.73e-06,4.94e-05,-0.205,3.56e-05
-2.68e-06,-0.205,3.73e-06,4.95e-05,-0.205,3.55e-05
-2.68e-06,-0.205,3.73e-06,4.95e-05,-0.205,3.55e-05
-2.68e-06,-0.205,3.73e-06,4.95e-05,-0.205,3.54e-05
-2.68e-06,-0.205,3.73e-06,4.96e-05,-0.205,3.54e-05
-2.68e-06,-0.205,3.73e-06,4.96e-05,-0.205,3.53e-05
-2.68e-06,-0.205,3.73e-06,4.96e-05,-0.205,3.53e-05
-2.68e-06,-0.205,3.73e-06,4.97e-05,-0.205,3.52e-05
-2.68e-06,-0.205,3.73e-06,4.97e-05,-0.205,3.52e-05
-2.68e-06,-0.205,3.73e-06,4.97e-05,-0.205,3.51e-05
-2.68e-06,-0.205,3.73e-06,4.98e-05,-0.205,3.51e-05
-2.68e-06,-0.205,3.73e-06,4.98e-05,-0.205,3.5e-05
-2.68e-06,-0.205,3.73e-06,4.98e-05,-0.205,3.49e-05
-2.68e-06,-0.205,3.73e-06,4.99e-05,-0.205,3.49e-05
-2.68e-06,-0.205,3.73e-06,4.99e-05,-0.205,3.48e-05
-2.68e-06,-0.205,3.73e-06,4.99e-05,-0.205,3.48e-05
-2.68e-06,-0.205,3.73e-06,5e-05,-0.205,3.47e-05
-2.68e-06,-0.205,3.73e-06,5e-05,-0.205,3.46e-05
-2.68e-06,-0.205,3.73e-06,5e-05,-0.205,3.46e-05
-2.68e-06,-0.205,3.73e-06,5e-05,-0.205,3.45e-05
-2.68e-06,-0.205,3.73e-06,5.01e-05,-0.205,3.44e-05
-2.68e-06,-0.205,3.73e-06,5.01e-05,-0.205,3.44e-05
-2.68e-06,-0.205,3.73e-06,5.02e-05,-0.205,3.43e-05
-2.68e-06,-0.205,3.73e-06,5.02e-05,-0.205,3.43e-05
-2.68e-06,-0.205,3.73e-06,5.02e-05,-0.205,3.42e-05
-2.68e-06,-0.205,3.73e-06,5.02e-05,-0.205,3.41e-05
-2.68e-06,-0.205,3.73e-06,5.03e-05,-0.205,3.4e-05
-2.68e-06,-0.205,3.73e-06,5.03e-05,-0.205,3.4e-05
-2.68e-06,-0.205,3.73e-06,5.03e-05,-0.205,3.39e-05
-2.68e-06,-0.205,3.73e-06,5.04e-05,-0.205,3.38e-05
-2.68e-06,-0.205,3.73e-06,5.04e-05,-0.205,3.38e-05
-2.68e-06,-0.205,3.73e-06,5.04e-05,-0.205,3.37e-05
-2.68e-06,-0.205,3.73e-06,5.04e-05,-0.205,3.36e-05
-2.68e-06,-0.205,3.73e-06,5.05e-05,-0.205,3.35e-05
-2.68e-06,-0.205,3.73e-06,5.05e-05,-0.205,3.35e-05
-2.68e-06,-0.205,3.73e-06,5.05e-05,-0.205,3.34e-05
-2.68e-06,-0.205,3.73e-06,5.06e-05,-0.205,3.33e-05
-2.68e-06,-0.205,3.73e-06,5.06e-05,-0.205,3.32e-05
-2.68e-06,-0.205,3.73e-06,5.06e-05,-0.205,3.31e-05
-2.68e-06,-0.205,3.73e-06,5.06e-05,-0.205,3.31e-05
-2.68e-06,-0.205,3.73e-06,5.06e-05,-0.205,3.3e-05
-2.68e-06,-0.205,3.73e-06,5.07e-05,-0.205,3.29e-05
-2.68e-06,-0.205,3.73e-06,5.07e-05,-0.205,3.28e-05
-2.68e-06,-0.205,3.73e-06,5.07e-05,-0.205,3.27e-05
-2.68e-06,-0.205,3.73e-06,5.08e-05,-0.205,3.26e-05
-2.68e-06,-0.205,3.73e-06,5.08e-05,-0.205,3.26e-05
-2.68e-06,-0.205,3.73e-06,5.08e-05,-0.205,3.25e-05
-2.68e-06,-0.205,3.73e-06,5.08e-05,-0.205,3.24e-05
-2.68e-06,-0.205,3.73e-06,5.08e-05,-0.205,3.23e-05
-2.68e-06,-0.205,3.73e-06,5.09e-05,-0.205,3.22e-05
-2.68e-06,-0.205,3.73e-06,5.09e-05,-0.205,3.21e-05
-2.68e-06,-0.205,3.73e-06,5.09e-05,-0.205,3.2e-05
-2.68e-06,-0.205,3.73e-06,5.1e-05,-0.205,3.19e-05
-2.68e-06,-0.205,3.73e-06,5.1e-05,-0.205,3.19e-05
-2.68e-06,-0.205,3.73e-06,5.1e-05,-0.205,3.18e-05
-2.68e-06,-0.205,3.73e-06,5.1e-05,-0.205,3.17e-05
-2.68e-06,-0.205,3.73e-06,5.11e-05,-0.205,3.16e-05
-2.68e-06,-0.205,3.73e-06,5.11e-05,-0.205,3.15e-05
-2.68e-06,-0.205,3.73e-06,5.11e-05,-0.205,3.14e-05
-2.68e-06,-0.205,3.73e-06,5.11e-05,-0.205,3.13e-05
-2.68e-06,-0.205,3.73e-06,5.12e-05,-0.205,3.12e-05
-2.68e-06,-0.205,3.73e-06,5.12e-05,-0.205,3.11e-05
-2.68e-06,-0.205,3.73e-06,5.12e-05,-0.205,3.1e-05
-2.68e-06,-0.205,3.73e-06,5.12e-05,-0.205,3.09e-05
-2.68e-06,-0.205,3.73e-06,5.12e-05,-0.205,3.08e-05
-2.68e-06,-0.205,3.73e-06,5.12e-05,-0.205,3.07e-05
-2.68e-06,-0.205,3.73e-06,5.13e-05,-0.205,3.06e-05
-2.68e-06,-0.205,3.73e-06,5.13e-05,-0.205,3.05e-05
-2.68e-06,-0.205,3.73e-06,5.13e-05,-0.205,3.04e-05
-2.68e-06,-0.205,3.73e-06,5.13e-05,-0.205,3.03e-05
-2.68e-06,-0.205,3.73e-06,5.13e-05,-0.205,3.02e-05
-2.68e-06,-0.205,3.73e-06,5.14e-05,-0.205,3.01e-05
-2.68e-06,-0.205,3.73e-06,5.14e-05,-0.205,3e-05
-2.68e-06,-0.205,3.73e-06,5.14e-05,-0.205,2.99e-05
-2.68e-06,-0.205,3.73e-06,5.14e-05,-0.205,2.98e-05
-2.68e-06,-0.205,3.73e-06,5.14e-05,-0.205,2.97e-05
-2.68e-06,-0.205,3.73e-06,5.15e-05,-0.205,2.96e-05
-2.68e-06,-0.205,3.73e-06,5.15e-05,-0.205,2.95e-05
-2.68e-06,-0.205,3.73e-06,5.15e-05,-0.205,2.94e-05
-2.68e-06,-0.205,3.73e-06,5.15e-05,-0.205,2.93e-05
-2.68e-06,-0.205,3.73e-06,5.15e-05,-0.205,2.92e-05
-2.68e-06,-0.205,3.73e-06,5.15e-05,-0.205,2.91e-05
-2.68e-06,-0.205,3.73e-06,5.16e-05,-0.205,2.9e-05
-2.68e-06,-0.205,3.73e-06,5.16e-05,-0.205,2.89e-05
-2.68e-06,-0.205,3.73e-06,5.16e-05,-0.205,2.88e-05
-2.68e-06,-0.205,3.73e-06,5.16e-05,-0.205,2.86e-05
-2.68e-06,-0.205,3.73e-06,5.16e-05,-0.205,2.85e-05
-2.68e-06,-0.205,3.73e-06,5.16e-05,-0.205,2.84e-05
-2.68e-06,-0.205,3.73e-06,5.16e-05,-0.205,2.83e-05
-2.68e-06,-0.205,3.73e-06,5.16e-05,-0.205,2.82e-05
-2.68e-06,-0.205,3.73e-06,5.17e-05,-0.205,2.81e-05
-2.68e-06,-0.205,3.73e-06,5.17e-05,-0.205,2.8e-05
-2.68e-06,-0.205,3.73e-06,5.17e-05,-0.205,2.79e-05
-2.68e-06,-0.205,3.73e-06,5.17e-05,-0.205,2.78e-05
-2.68e-06,-0.205,3.73e-06,5.17e-05,-0.205,2.76e-05
-2.68e-06,-0.205,3.73e-06,5.17e-05,-0.205,2.75e-05
-2.68e-06,-0.205,3.73e-06,5.17e-05,-0.205,2.74e-05
-2.68e-06,-0.205,3.73e-06,5.17e-05,-0.205,2.73e-05
-2.68e-06,-0.205,3.73e-06,5.17e-05,-0.205,2.72e-05
-2.68e-06,-0.205,3.73e-06,5.17e-05,-0.205,2.71e-05
-2.68e-06,-0.205,3.73e-06,5.17e-05,-0.205,2.69e-05
-2.68e-06,-0.205,3.73e-06,5.17e-05,-0.205,2.68e-05
-2.68e-06,-0.205,3.73e-06,5.18e-05,-0.205,2.67e-05
-2.68e-06,-0.205,3.73e-06,5.17e-05,-0.205,2.66e-05
-2.68e-06,-0.205,3.73e-06,5.17e-05,-0.205,2.65e-05
-2.68e-06,-0.205,3.73e-06,5.18e-05,-0.205,2.64e-05
-2.68e-06,-0.205,3.73e-06,5.18e-05,-0.205,2.62e-05
-2.68e-06,-0.205,3.73e-06,5.18e-05,-0.205,2.61e-05
-2.68e-06,-0.205,3.73e-06,5.17e-05,-0.205,2.6e-05
-2.68e-06,-0.205,3.73e-06,5.18e-05,-0.205,2.59e-05
-2.68e-06,-0.205,3.73e-06,5.18e-05,-0.205,2.58e-05
-2.68e-06,-0.205,3.73e-06,5.18e-05,-0.205,2.57e-05
-2.68e-06,-0.205,3.73e-06,5.18e-05,-0.205,2.56e-05
-2.68e-06,-0.205,3.73e-06,5.18e-05,-0.205,2.55e-05
-2.68e-06,-0.205,3.73e-06,5.18e-05,-0.205,2.54e-05
-2.68e-06,-0.205,3.73e-06,5.18e-05,-0.205,2.53e-05
-2.68e-06,-0.205,3.73e-06,5.18e-05,-0.205,2.52e-05
-2.68e-06,-0.205,3.73e-06,5.18e-05,-0.205,2.51e-05
-2.68e-06,-0.205,3.73e-06,5.18e-05,-0.205,2.5e-05
-2.68e-06,-0.205,3.73e-06,5.18e-05,-0.205,2.49e-05
-2.68e-06,-0.205,3.73e-06,5.18e-05,-0.205,2.48e-05
-2.68e-06,-0.205,3.73e-06,5.18e-05,-0.205,2.47e-05
-2.68e-06,-0.205,3.73e-06,5.18e-05,-0.205,2.46e-05
-2.68e-06,-0.205,3.73e-06,5.18e-05,-0.205,2.44e-05
-2.68e-06,-0.205,3.73e-06,5.18e-05,-0.205,2.43e-05
-2.68e-06,-0.205,3.73e-06,5.18e-05,-0.205,2.42e-05
-2.68e-06,-0.205,3.73e-06,5.18e-05,-0.205,2.41e-05
-2.68e-06,-0.205,3.73e-06,5.18e-05,-0.205,2.4e-05
-2.68e-06,-0.205,3.73e-06,5.19e-05,-0.205,2.39e-05
-2.68e-06,-0.205,3.73e-06,5.19e-05,-0.205,2.38e-05
-2.68e-06,-0.205,3.73e-06,5.19e-05,-0.205,2.37e-05
-2.68e-06,-0.205,3.73e-06,5.19e-05,-0.205,2.36e-05
-2.68e-06,-0.205,3.73e-06,5.19e-05,-0.205,2.35e-05
-2.68e-06,-0.205,3.73e-06,5.19e-05,-0.205,2.33e-05
-2.68e-06,-0.205,3.73e-06,5.19e-05,-0.205,2.32e-05
-2.68e-06,-0.205,3.73e-06,5.19e-05,-0.205,2.31e-05
-2.68e-06,-0.205,3.73e-06,5.19e-05,-0.205,2.3e-05
-2.68e-06,-0.205,3.73e-06,5.19e-05,-0.205,2.29e-05
-2.68e-06,-0.205,3.73e-06,5.19e-05,-0.205,2.28e-05
-2.68e-06,-0.205,3.73e-06,5.19e-05,-0.205,2.26e-05
-2.68e-06,-0.205,3.73e-06,5.19e-05,-0.205,2.25e-05
-2.68e-06,-0.205,3.73e-06,5.19e-05,-0.205,2.24e-05
-2.68e-06,-0.205,3.73e-06,5.19e-05,-0.205,2.23e-05
-2.68e-06,-0.205,3.73e-06,5.19e-05,-0.205,2.22e-05
-2.68e-06,-0.205,3.73e-06,5.19e-05,-0.205,2.21e-05
-2.68e-06,-0.205,3.73e-06,5.19e-05,-0.205,2.19e-05
-2.68e-06,-0.205,3.73e-06,5.19e-05,-0.205,2.18e-05
-2.68e-06,-0.205,3.73e-06,5.19e-05,-0.205,2.17e-05
-2.68e-06,-0.205,3.73e-06,5.19e-05,-0.205,2.16e-05
5.19e-05,-0.205,2.14e-05,5.19e-05,-0.205,2.14e-05
5.19e-05,-0.205,0.000221,5.18e-05,-0.205,2.13e-05
5.19e-05,-0.205,0.000421,5.18e-05,-0.205,2.12e-05
5.19e-05,-0.205,0.00062,5.21e-05,-0.205,2.14e-05
5.19e-05,-0.205,0.000819,5.31e-05,-0.205,2.25e-05
5.19e-05,-0.205,0.00102,5.38e-05,-0.205,2.58e-05
5.19e-05,-0.205,0.00122,5.36e-05,-0.205,3.22e-05
5.19e-05,-0.205,0.00141,5.15e-05,-0.205,4.29e-05
5.19e-05,-0.205,0.00161,4.73e-05,-0.205,5.84e-05
5.19e-05,-0.205,0.00181,4.11e-05,-0.205,7.84e-05
5.19e-05,-0.205,0.002,3.36e-05,-0.205,0.000103
5.19e-05,-0.205,0.0022,2.54e-05,-0.205,0.00013
5.19e-05,-0.205,0.0024,1.75e-05,-0.205,0.00016
5.19e-05,-0.205,0.00259,1.04e-05,-0.205,0.000192
5.19e-05,-0.205,0.00279,3.9e-06,-0.205,0.000227
5.19e-05,-0.205,0.00298,-2.28e-06,-0.205,0.000264
5.19e-05,-0.205,0.00318,-8.83e-06,-0.205,0.000304
5.19e-05,-0.205,0.00337,-1.63e-05,-0.205,0.000347
5.19e-05,-0.205,0.00357,-2.52e-05,-0.205,0.000395
5.19e-05,-0.205,0.00376,-3.56e-05,-0.205,0.000446
5.19e-05,-0.205,0.00395,-4.76e-05,-0.205,0.000501
5.19e-05,-0.205,0.00415,-6.05e-05,-0.205,0.00056
5.19e-05,-0.205,0.00434,-7.41e-05,-0.205,0.000622
5.19e-05,-0.205,0.00453,-8.78e-05,-0.205,0.000687
5.19e-05,-0.205,0.00472,-0.000102,-0.205,0.000754
5.19e-05,-0.205,0.00492,-0.000115,-0.205,0.000823
5.19e-05,-0.205,0.00511,-0.000129,-0.205,0.000895
5.19e-05,-0.205,0.0053,-0.000144,-0.205,0.000969
5.19e-05,-0.205,0.00549,-0.00016,-0.205,0.00105
5.19e-05,-0.205,0.00568,-0.000177,-0.205,0.00113
5.19e-05,-0.205,0.00587,-0.000195,-0.205,0.00121
5.19e-05,-0.205,0.00606,-0.000214,-0.205,0.0013
5.19e-05,-0.205,0.00625,-0.000235,-0.205,0.00139
5.19e-05,-0.205,0.00644,-0.000256,-0.205,0.00148
5.19e-05,-0.205,0.00663,-0.000277,-0.205,0.00158
5.19e-05,-0.205,0.00682,-0.000299,-0.205,0.00167
5.19e-05,-0.205,0.007,-0.000321,-0.205,0.00177
5.19e-05,-0.205,0.00719,-0.000344,-0.205,0.00187
5.19e-05,-0.205,0.00738,-0.000367,-0.205,0.00198
5.19e-05,-0.205,0.00757,-0.000391,-0.205,0.00208
5.19e-05,-0.205,0.00775,-0.000416,-0.205,0.00219
5.19e-05,-0.205,0.00794,-0.000443,-0.205,0.0023
5.19e-05,-0.205,0.00813,-0.000469,-0.205,0.00241
5.19e-05,-0.205,0.00831,-0.000497,-0.205,0.00253
5.19e-05,-0.205,0.0085,-0.000525,-0.205,0.00264
5.19e-05,-0.205,0.00868,-0.000553,-0.205,0.00276
5.19e-05,-0.205,0.00887,-0.000582,-0.205,0.00288
5.19e-05,-0.205,0.00905,-0.000612,-0.205,0.003
5.19e-05,-0.205,0.00923,-0.000641,-0.205,0.00313
5.19e-05,-0.205,0.00942,-0.000672,-0.205,0.00325
5.19e-05,-0.205,0.0096,-0.000703,-0.205,0.00338
5.19e-05,-0.205,0.00979,-0.000735,-0.205,0.0035
5.19e-05,-0.205,0.00997,-0.000767,-0.205,0.00363
5.19e-05,-0.205,0.0102,-0.0008,-0.205,0.00377
5.19e-05,-0.205,0.0103,-0.000834,-0.205,0.0039
5.19e-05,-0.205,0.0105,-0.000868,-0.205,0.00403
5.19e-05,-0.205,0.0107,-0.000903,-0.205,0.00417
5.19e-05,-0.205,0.0109,-0.000938,-0.205,0.00431
5.19e-05,-0.205,0.0111,-0.000973,-0.205,0.00445
5.19e-05,-0.205,0.0112,-0.00101,-0.205,0.00459
5.19e-05,-0.205,0.0114,-0.00105,-0.205,0.00473
5.19e-05,-0.205,0.0116,-0.00108,-0.205,0.00487
5.19e-05,-0.205,0.0118,-0.00112,-0.205,0.00502
5.19e-05,-0.205,0.012,-0.00116,-0.205,0.00516
5.19e-05,-0.205,0.0121,-0.0012,-0.205,0.00531
5.19e-05,-0.205,0.0123,-0.00123,-0.205,0.00546
5.19e-05,-0.205,0.0125,-0.00127,-0.205,0.00561
5.19e-05,-0.205,0.0127,-0.00131,-0.205,0.00576
5.19e-05,-0.205,0.0128,-0.00135,-0.205,0.00591
5.19e-05,-0.205,0.013,-0.00139,-0.205,0.00606
5.19e-05,-0.205,0.0132,-0.00143,-0.205,0.00622
5.19e-05,-0.205,0.0134,-0.00147,-0.205,0.00637
5.19e-05,-0.205,0.0136,-0.00151,-0.205,0.00653
5.19e-05,-0.205,0.0137,-0.00155,-0.205,0.00668
5.19e-05,-0.205,0.0139,-0.0016,-0.205,0.00684
5.19e-05,-0.205,0.0141,-0.00164,-0.205,0.007
5.19e-05,-0.205,0.0143,-0.00168,-0.205,0.00716
5.19e-05,-0.205,0.0144,-0.00172,-0.205,0.00732
5.19e-05,-0.205,0.0146,-0.00176,-0.205,0.00749
5.19e-05,-0.205,0.0148,-0.00181,-0.205,0.00765
5.19e-05,-0.205,0.015,-0.00185,-0.205,0.00781
5.19e-05,-0.205,0.0151,-0.00189,-0.205,0.00798
5.19e-05,-0.205,0.0153,-0.00193,-0.205,0.00814
5.19e-05,-0.205,0.0155,-0.00198,-0.204,0.00831
5.19e-05,-0.205,0.0156,-0.00202,-0.204,0.00848
5.19e-05,-0.205,0.0158,-0.00206,-0.204,0.00865
5.19e-05,-0.205,0.016,-0.00211,-0.204,0.00882
5.19e-05,-0.205,0.0162,-0.00215,-0.204,0.00899
5.19e-05,-0.205,0.0163,-0.00219,-0.204,0.00916
5.19e-05,-0.205,0.0165,-0.00223,-0.204,0.00933
5.19e-05,-0.205,0.0167,-0.00228,-0.204,0.0095
5.19e-05,-0.205,0.0168,-0.00232,-0.204,0.00967
5.19e-05,-0.205,0.017,-0.00236,-0.204,0.00985
5.19e-05,-0.205,0.0172,-0.00241,-0.204,0.01
5.19e-05,-0.205,0.0173,-0.00245,-0.204,0.0102
5.19e-05,-0.205,0.0175,-0.00249,-0.204,0.0104
5.19e-05,-0.205,0.0177,-0.00253,-0.204,0.0105
5.19e-05,-0.205,0.0178,-0.00258,-0.204,0.0107
5.19e-05,-0.205,0.018,-0.00262,-0.204,0.0109
5.19e-05,-0.205,0.0182,-0.00266,-0.204,0.0111
5.19e-05,-0.205,0.0183,-0.0027,-0.204,0.0113
5.19e-05,-0.205,0.0185,-0.00274,-0.204,0.0114
5.19e-05,-0.205,0.0187,-0.00279,-0.204,0.0116
5.19e-05,-0.205,0.0188,-0.00283,-0.204,0.0118
5.19e-05,-0.205,0.019,-0.00287,-0.204,0.012
5.19e-05,-0.205,0.0192,-0.00291,-0.204,0.0121
5.19e-05,-0.205,0.0193,-0.00295,-0.204,0.0123
5.19e-05,-0.205,0.0195,-0.00299,-0.204,0.0125
5.19e-05,-0.205,0.0197,-0.00303,-0.204,0.0127
5.19e-05,-0.205,0.0198,-0.00307,-0.204,0.0129
5.19e-05,-0.205,0.02,-0.00311,-0.204,0.0131
5.19e-05,-0.205,0.0202,-0.00315,-0.204,0.0132
5.19e-05,-0.205,0.0203,-0.00319,-0.204,0.0134
5.19e-05,-0.205,0.0205,-0.00323,-0.204,0.0136
5.19e-05,-0.205,0.0206,-0.00327,-0.204,0.0138
5.19e-05,-0.205,0.0208,-0.0033,-0.204,0.014
5.19e-05,-0.205,0.021,-0.00334,-0.204,0.0141
5.19e-05,-0.205,0.0211,-0.00338,-0.204,0.0143
5.19e-05,-0.205,0.0213,-0.00341,-0.204,0.0145
5.19e-05,-0.205,0.0215,-0.00345,-0.204,0.0147
5.19e-05,-0.205,0.0216,-0.00349,-0.204,0.0149
5.19e-05,-0.205,0.0218,-0.00352,-0.204,0.0151
5.19e-05,-0.205,0.0219,-0.00356,-0.204,0.0153
5.19e-05,-0.205,0.0221,-0.00359,-0.204,0.0154
5.19e-05,-0.205,0.0223,-0.00363,-0.204,0.0156
5.19e-05,-0.205,0.0224,-0.00366,-0.204,0.0158
5.19e-05,-0.205,0.0226,-0.00369,-0.204,0.016
5.19e-05,-0.205,0.0227,-0.00373,-0.204,0.0162
5.19e-05,-0.205,0.0229,-0.00376,-0.204,0.0164
5.19e-05,-0.205,0.023,-0.00379,-0.204,0.0165
5.19e-05,-0.205,0.0232,-0.00382,-0.204,0.0167
5.19e-05,-0.205,0.0234,-0.00386,-0.204,0.0169
5.19e-05,-0.205,0.0235,-0.00389,-0.204,0.0171
5.19e-05,-0.205,0.0237,-0.00392,-0.204,0.0173
5.19e-05,-0.205,0.0238,-0.00395,-0.204,0.0175
5.19e-05,-0.205,0.024,-0.00398,-0.204,0.0177
5.19e-05,-0.205,0.0241,-0.004,-0.204,0.0179
5.19e-05,-0.205,0.0243,-0.00403,-0.204,0.018
5.19e-05,-0.205,0.0244,-0.00406,-0.204,0.0182
5.19e-05,-0.205,0.0246,-0.00409,-0.204,0.0184
5.19e-05,-0.205,0.0247,-0.00411,-0.204,0.0186
5.19e-05,-0.205,0.0249,-0.00414,-0.204,0.0188
5.19e-05,-0.205,0.0251,-0.00417,-0.204,0.019
5.19e-05,-0.205,0.0252,-0.00419,-0.204,0.0192
5.19e-05,-0.205,0.0254,-0.00422,-0.204,0.0193
5.19e-05,-0.205,0.0255,-0.00424,-0.204,0.0195
5.19e-05,-0.205,0.0257,-0.00426,-0.203,0.0197
5.19e-05,-0.205,0.0258,-0.00429,-0.203,0.0199
5.19e-05,-0.205,0.026,-0.00431,-0.203,0.0201
5.19e-05,-0.205,0.0261,-0.00433,-0.203,0.0203
5.19e-05,-0.205,0.0263,-0.00435,-0.203,0.0205
5.19e-05,-0.205,0.0264,-0.00437,-0.203,0.0206
5.19e-05,-0.205,0.0266,-0.00439,-0.203,0.0208
5.19e-05,-0.205,0.0267,-0.00441,-0.203,0.021
5.19e-05,-0.205,0.0269,-0.00443,-0.203,0.0212
5.19e-05,-0.205,0.027,-0.00445,-0.203,0.0214
5.19e-05,-0.205,0.0272,-0.00447,-0.203,0.0216
5.19e-05,-0.205,0.0273,-0.00449,-0.203,0.0218
5.19e-05,-0.205,0.0275,-0.0045,-0.203,0.022
5.19e-05,-0.205,0.0276,-0.00452,-0.203,0.0221
5.19e-05,-0.205,0.0277,-0.00454,-0.203,0.0223
5.19e-05,-0.205,0.0279,-0.00455,-0.203,0.0225
5.19e-05,-0.205,0.028,-0.00457,-0.203,0.0227
5.19e-05,-0.205,0.0282,-0.00458,-0.203,0.0229
5.19e-05,-0.205,0.0283,-0.00459,-0.203,0.0231
5.19e-05,-0.205,0.0285,-0.00461,-0.203,0.0233
5.19e-05,-0.205,0.0286,-0.00462,-0.203,0.0234
5.19e-05,-0.205,0.0288,-0.00463,-0.203,0.0236
5.19e-05,-0.205,0.0289,-0.00464,-0.203,0.0238
5.19e-05,-0.205,0.0291,-0.00466,-0.203,0.024
5.19e-05,-0.205,0.0292,-0.00467,-0.203,0.0242
5.19e-05,-0.205,0.0293,-0.00468,-0.203,0.0244
5.19e-05,-0.205,0.0295,-0.00469,-0.203,0.0245
5.19e-05,-0.205,0.0296,-0.00469,-0.203,0.0247
5.19e-05,-0.205,0.0298,-0.0047,-0.203,0.0249
5.19e-05,-0.205,0.0299,-0.00471,-0.203,0.0251
5.19e-05,-0.205,0.0301,-0.00472,-0.203,0.0253
5.19e-05,-0.205,0.0302,-0.00472,-0.203,0.0255
5.19e-05,-0.205,0.0303,-0.00473,-0.203,0.0256
5.19e-05,-0.205,0.0305,-0.00474,-0.203,0.0258
5.19e-05,-0.205,0.0306,-0.00474,-0.203,0.026
5.19e-05,-0.205,0.0308,-0.00475,-0.203,0.0262
5.19e-05,-0.205,0.0309,-0.00475,-0.203,0.0264
5.19e-05,-0.205,0.031,-0.00475,-0.203,0.0266
5.19e-05,-0.205,0.0312,-0.00476,-0.203,0.0267
5.19e-05,-0.205,0.0313,-0.00476,-0.203,0.0269
5.19e-05,-0.205,0.0314,-0.00476,-0.203,0.0271
5.19e-05,-0.205,0.0316,-0.00476,-0.203,0.0273
5.19e-05,-0.205,0.0317,-0.00477,-0.203,0.0275
5.19e-05,-0.205,0.0319,-0.00477,-0.203,0.0277
5.19e-05,-0.205,0.032,-0.00477,-0.203,0.0278
5.19e-05,-0.205,0.0321,-0.00477,-0.203,0.028
5.19e-05,-0.205,0.0323,-0.00477,-0.203,0.0282
5.19e-05,-0.205,0.0324,-0.00476,-0.203,0.0284
5.19e-05,-0.205,0.0325,-0.00476,-0.203,0.0286
5.19e-05,-0.205,0.0327,-0.00476,-0.203,0.0287
5.19e-05,-0.205,0.0328,-0.00476,-0.203,0.0289
5.19e-05,-0.205,0.0329,-0.00475,-0.203,0.0291
5.19e-05,-0.205,0.0331,-0.00475,-0.203,0.0293
5.19e-05,-0.205,0.0332,-0.00475,-0.203,0.0295
5.19e-05,-0.205,0.0333,-0.00474,-0.203,0.0296
5.19e-05,-0.205,0.0335,-0.00474,-0.203,0.0298
5.19e-05,-0.205,0.0336,-0.00473,-0.203,0.03
5.19e-05,-0.205,0.0337,-0.00473,-0.203,0.0302
5.19e-05,-0.205,0.0339,-0.00472,-0.203,0.0304
5.19e-05,-0.205,0.034,-0.00471,-0.203,0.0305
5.19e-05,-0.205,0.0341,-0.00471,-0.203,0.0307
5.19e-05,-0.205,0.0343,-0.0047,-0.203,0.0309
5.19e-05,-0.205,0.0344,-0.00469,-0.203,0.0311
5.19e-05,-0.205,0.0345,-0.00468,-0.203,0.0312
5.19e-05,-0.205,0.0347,-0.00467,-0.203,0.0314
5.19e-05,-0.205,0.0348,-0.00467,-0.202,0.0316
5.19e-05,-0.205,0.0349,-0.00466,-0.202,0.0318
5.19e-05,-0.205,0.0351,-0.00465,-0.202,0.0319
5.19e-05,-0.205,0.0352,-0.00464,-0.202,0.0321
5.19e-05,-0.205,0.0353,-0.00463,-0.202,0.0323
5.19e-05,-0.205,0.0354,-0.00461,-0.202,0.0325
5.19e-05,-0.205,0.0356,-0.0046,-0.202,0.0326
5.19e-05,-0.205,0.0357,-0.00459,-0.202,0.0328
5.19e-05,-0.205,0.0358,-0.00458,-0.202,0.033
5.19e-05,-0.205,0.0359,-0.00457,-0.202,0.0332
5.19e-05,-0.205,0.0361,-0.00456,-0.202,0.0333
5.19e-05,-0.205,0.0362,-0.00454,-0.202,0.0335
5.19e-05,-0.205,0.0363,-0.00453,-0.202,0.0337
5.19e-05,-0.205,0.0364,-0.00451,-0.202,0.0339
5.19e-05,-0.205,0.0366,-0.0045,-0.202,0.034
5.19e-05,-0.205,0.0367,-0.00449,-0.202,0.0342
5.19e-05,-0.205,0.0368,-0.00447,-0.202,0.0344
5.19e-05,-0.205,0.0369,-0.00446,-0.202,0.0345
5.19e-05,-0.205,0.0371,-0.00444,-0.202,0.0347
5.19e-05,-0.205,0.0372,-0.00443,-0.202,0.0349
5.19e-05,-0.205,0.0373,-0.00441,-0.202,0.0351
5.19e-05,-0.205,0.0374,-0.00439,-0.202,0.0352
5.19e-05,-0.205,0.0376,-0.00438,-0.202,0.0354
5.19e-05,-0.205,0.0377,-0.00436,-0.202,0.0356
5.19e-05,-0.205,0.0378,-0.00434,-0.202,0.0357
5.19e-05,-0.205,0.0379,-0.00433,-0.202,0.0359
5.19e-05,-0.205,0.038,-0.00431,-0.202,0.0361
5.19e-05,-0.205,0.0382,-0.00429,-0.202,0.0362
5.19e-05,-0.205,0.0383,-0.00427,-0.202,0.0364
5.19e-05,-0.205,0.0384,-0.00426,-0.202,0.0366
5.19e-05,-0.205,0.0385,-0.00424,-0.202,0.0367
5.19e-05,-0.205,0.0387,-0.00422,-0.202,0.0369
5.19e-05,-0.205,0.0388,-0.0042,-0.202,0.0371
5.19e-05,-0.205,0.0389,-0.00418,-0.202,0.0372
5.19e-05,-0.205,0.039,-0.00417,-0.202,0.0374
5.19e-05,-0.205,0.0391,-0.00415,-0.202,0.0376
5.19e-05,-0.205,0.0392,-0.00413,-0.202,0.0377
5.19e-05,-0.205,0.0394,-0.00411,-0.202,0.0379
5.19e-05,-0.205,0.0395,-0.00409,-0.202,0.0381
5.19e-05,-0.205,0.0396,-0.00407,-0.202,0.0382
5.19e-05,-0.205,0.0397,-0.00405,-0.202,0.0384
5.19e-05,-0.205,0.0398,-0.00403,-0.202,0.0386
5.19e-05,-0.205,0.0399,-0.00401,-0.202,0.0387
5.19e-05,-0.205,0.0401,-0.00399,-0.202,0.0389
5.19e-05,-0.205,0.0402,-0.00398,-0.202,0.0391
5.19e-05,-0.205,0.0403,-0.00396,-0.202,0.0392
5.19e-05,-0.205,0.0404,-0.00394,-0.202,0.0394
5.19e-05,-0.205,0.0405,-0.00392,-0.202,0.0395
5.19e-05,-0.205,0.0406,-0.0039,-0.202,0.0397
5.19e-05,-0.205,0.0407,-0.00388,-0.202,0.0399
5.19e-05,-0.205,0.0409,-0.00386,-0.202,0.04
5.19e-05,-0.205,0.041,-0.00383,-0.202,0.0402
5.19e-05,-0.205,0.0411,-0.00381,-0.203,0.0404
5.19e-05,-0.205,0.0412,-0.00379,-0.203,0.0405
5.19e-05,-0.205,0.0413,-0.00377,-0.203,0.0407
5.19e-05,-0.205,0.0414,-0.00375,-0.203,0.0408
5.19e-05,-0.205,0.0415,-0.00373,-0.203,0.041
5.19e-05,-0.205,0.0416,-0.00371,-0.203,0.0411
5.19e-05,-0.205,0.0418,-0.00369,-0.203,0.0413
5.19e-05,-0.205,0.0419,-0.00367,-0.203,0.0415
5.19e-05,-0.205,0.042,-0.00365,-0.203,0.0416
5.19e-05,-0.205,0.0421,-0.00363,-0.203,0.0418
5.19e-05,-0.205,0.0422,-0.00361,-0.203,0.0419
5.19e-05,-0.205,0.0423,-0.00358,-0.203,0.0421
5.19e-05,-0.205,0.0424,-0.00356,-0.203,0.0422
5.19e-05,-0.205,0.0425,-0.00354,-0.203,0.0424
5.19e-05,-0.205,0.0426,-0.00352,-0.203,0.0425
5.19e-05,-0.205,0.0427,-0.0035,-0.203,0.0427
5.19e-05,-0.205,0.0428,-0.00348,-0.203,0.0428
5.19e-05,-0.205,0.0429,-0.00345,-0.203,0.043
5.19e-05,-0.205,0.043,-0.00343,-0.203,0.0432
5.19e-05,-0.205,0.0432,-0.00341,-0.203,0.0433
5.19e-05,-0.205,0.0433,-0.00339,-0.203,0.0435
5.19e-05,-0.205,0.0434,-0.00337,-0.203,0.0436
5.19e-05,-0.205,0.0435,-0.00334,-0.203,0.0438
5.19e-05,-0.205,0.0436,-0.00332,-0.203,0.0439
5.19e-05,-0.205,0.0437,-0.0033,-0.203,0.0441
5.19e-05,-0.205,0.0438,-0.00328,-0.203,0.0442
5.19e-05,-0.205,0.0439,-0.00326,-0.203,0.0444
5.19e-05,-0.205,0.044,-0.00323,-0.203,0.0445
5.19e-05,-0.205,0.0441,-0.00321,-0.203,0.0446
5.19e-05,-0.205,0.0442,-0.00319,-0.203,0.0448
5.19e-05,-0.205,0.0443,-0.00316,-0.203,0.0449
5.19e-05,-0.205,0.0444,-0.00314,-0.203,0.0451
5.19e-05,-0.205,0.0445,-0.00312,-0.203,0.0452
5.19e-05,-0.205,0.0446,-0.0031,-0.203,0.0454
5.19e-05,-0.205,0.0447,-0.00307,-0.203,0.0455
5.19e-05,-0.205,0.0448,-0.00305,-0.203,0.0457
5.19e-05,-0.205,0.0449,-0.00303,-0.203,0.0458
5.19e-05,-0.205,0.045,-0.003,-0.203,0.046
5.19e-05,-0.205,0.0451,-0.00298,-0.203,0.0461
5.19e-05,-0.205,0.0452,-0.00295,-0.203,0.0462
5.19e-05,-0.205,0.0453,-0.00293,-0.203,0.0464
5.19e-05,-0.205,0.0454,-0.00291,-0.203,0.0465
5.19e-05,-0.205,0.0455,-0.00288,-0.203,0.0467
5.19e-05,-0.205,0.0456,-0.00286,-0.203,0.0468
5.19e-05,-0.205,0.0457,-0.00283,-0.203,0.047
5.19e-05,-0.205,0.0458,-0.00281,-0.204,0.0471
5.19e-05,-0.205,0.0459,-0.00279,-0.204,0.0472
5.19e-05,-0.205,0.046,-0.00276,-0.204,0.0474
5.19e-05,-0.205,0.0461,-0.00274,-0.204,0.0475
5.19e-05,-0.205,0.0462,-0.00271,-0.204,0.0477
5.19e-05,-0.205,0.0463,-0.00269,-0.204,0.0478
5.19e-05,-0.205,0.0464,-0.00266,-0.204,0.0479
5.19e-05,-0.205,0.0465,-0.00264,-0.204,0.0481
5.19e-05,-0.205,0.0466,-0.00261,-0.204,0.0482
5.19e-05,-0.205,0.0467,-0.00259,-0.204,0.0484
5.19e-05,-0.205,0.0468,-0.00256,-0.204,0.0485
5.19e-05,-0.205,0.0468,-0.00254,-0.204,0.0486
5.19e-05,-0.205,0.0469,-0.00251,-0.204,0.0488
5.19e-05,-0.205,0.047,-0.00249,-0.204,0.0489
5.19e-05,-0.205,0.0471,-0.00246,-0.204,0.049
5.19e-05,-0.205,0.0472,-0.00244,-0.204,0.0492
5.19e-05,-0.205,0.0473,-0.00241,-0.204,0.0493
5.19e-05,-0.205,0.0474,-0.00239,-0.204,0.0494
5.19e-05,-0.205,0.0475,-0.00236,-0.204,0.0496
5.19e-05,-0.205,0.0476,-0.00234,-0.204,0.0497
5.19e-05,-0.205,0.0477,-0.00231,-0.204,0.0498
5.19e-05,-0.205,0.0478,-0.00229,-0.204,0.05
5.19e-05,-0.205,0.0479,-0.00226,-0.204,0.0501
5.19e-05,-0.205,0.0479,-0.00224,-0.204,0.0502
5.19e-05,-0.205,0.048,-0.00221,-0.204,0.0504
5.19e-05,-0.205,0.0481,-0.00219,-0.204,0.0505
5.19e-05,-0.205,0.0482,-0.00216,-0.204,0.0506
5.19e-05,-0.205,0.0483,-0.00214,-0.204,0.0508
5.19e-05,-0.205,0.0484,-0.00211,-0.204,0.0509
5.19e-05,-0.205,0.0485,-0.00209,-0.204,0.051
5.19e-05,-0.205,0.0486,-0.00207,-0.204,0.0511
5.19e-05,-0.205,0.0487,-0.00204,-0.204,0.0513
5.19e-05,-0.205,0.0487,-0.00202,-0.204,0.0514
5.19e-05,-0.205,0.0488,-0.00199,-0.205,0.0515
5.19e-05,-0.205,0.0489,-0.00197,-0.205,0.0517
5.19e-05,-0.205,0.049,-0.00195,-0.205,0.0518
5.19e-05,-0.205,0.0491,-0.00192,-0.205,0.0519
5.19e-05,-0.205,0.0492,-0.0019,-0.205,0.052
5.19e-05,-0.205,0.0493,-0.00188,-0.205,0.0522
5.19e-05,-0.205,0.0493,-0.00185,-0.205,0.0523
5.19e-05,-0.205,0.0494,-0.00183,-0.205,0.0524
5.19e-05,-0.205,0.0495,-0.00181,-0.205,0.0525
5.19e-05,-0.205,0.0496,-0.00179,-0.205,0.0527
5.19e-05,-0.205,0.0497,-0.00176,-0.205,0.0528
5.19e-05,-0.205,0.0498,-0.00174,-0.205,0.0529
5.19e-05,-0.205,0.0498,-0.00172,-0.205,0.053
5.19e-05,-0.205,0.0499,-0.0017,-0.205,0.0531
5.19e-05,-0.205,0.05,-0.00168,-0.205,0.0533
5.19e-05,-0.205,0.0501,-0.00165,-0.205,0.0534
5.19e-05,-0.205,0.0502,-0.00163,-0.205,0.0535
5.19e-05,-0.205,0.0502,-0.00161,-0.205,0.0536
5.19e-05,-0.205,0.0503,-0.00159,-0.205,0.0538
5.19e-05,-0.205,0.0504,-0.00157,-0.205,0.0539
5.19e-05,-0.205,0.0505,-0.00155,-0.205,0.054
5.19e-05,-0.205,0.0506,-0.00153,-0.205,0.0541
5.19e-05,-0.205,0.0506,-0.00151,-0.205,0.0542
5.19e-05,-0.205,0.0507,-0.00149,-0.205,0.0543
5.19e-05,-0.205,0.0508,-0.00147,-0.205,0.0545
5.19e-05,-0.205,0.0509,-0.00145,-0.205,0.0546
5.19e-05,-0.205,0.051,-0.00143,-0.205,0.0547
5.19e-05,-0.205,0.051,-0.00141,-0.205,0.0548
5.19e-05,-0.205,0.0511,-0.00139,-0.205,0.0549
5.19e-05,-0.205,0.0512,-0.00137,-0.205,0.055
5.19e-05,-0.205,0.0513,-0.00135,-0.205,0.0552
5.19e-05,-0.205,0.0513,-0.00133,-0.205,0.0553
5.19e-05,-0.205,0.0514,-0.00131,-0.205,0.0554
5.19e-05,-0.205,0.0515,-0.00129,-0.205,0.0555
5.19e-05,-0.205,0.0516,-0.00128,-0.205,0.0556
5.19e-05,-0.205,0.0516,-0.00126,-0.205,0.0557
5.19e-05,-0.205,0.0517,-0.00124,-0.205,0.0558
5.19e-05,-0.205,0.0518,-0.00122,-0.205,0.0559
5.19e-05,-0.205,0.0519,-0.00121,-0.206,0.056
5.19e-05,-0.205,0.0519,-0.00119,-0.206,0.0562
5.19e-05,-0.205,0.052,-0.00117,-0.206,0.0563
5.19e-05,-0.205,0.0521,-0.00115,-0.206,0.0564
5.19e-05,-0.205,0.0522,-0.00114,-0.206,0.0565
5.19e-05,-0.205,0.0522,-0.00112,-0.206,0.0566
5.19e-05,-0.205,0.0523,-0.00111,-0.206,0.0567
5.19e-05,-0.205,0.0524,-0.00109,-0.206,0.0568
5.19e-05,-0.205,0.0524,-0.00107,-0.206,0.0569
5.19e-05,-0.205,0.0525,-0.00106,-0.206,0.057
5.19e-05,-0.205,0.0526,-0.00104,-0.206,0.0571
5.19e-05,-0.205,0.0527,-0.00103,-0.206,0.0572
5.19e-05,-0.205,0.0527,-0.00101,-0.206,0.0573
5.19e-05,-0.205,0.0528,-0.000999,-0.206,0.0574
5.19e-05,-0.205,0.0529,-0.000985,-0.206,0.0575
5.19e-05,-0.205,0.0529,-0.000971,-0.206,0.0576
5.19e-05,-0.205,0.053,-0.000957,-0.206,0.0577
5.19e-05,-0.205,0.0531,-0.000943,-0.206,0.0578
5.19e-05,-0.205,0.0531,-0.00093,-0.206,0.058
5.19e-05,-0.205,0.0532,-0.000917,-0.206,0.0581
5.19e-05,-0.205,0.0533,-0.000904,-0.206,0.0582
5.19e-05,-0.205,0.0533,-0.000891,-0.206,0.0583
5.19e-05,-0.205,0.0534,-0.000879,-0.206,0.0584
5.19e-05,-0.205,0.0535,-0.000867,-0.206,0.0585
5.19e-05,-0.205,0.0535,-0.000855,-0.206,0.0586
5.19e-05,-0.205,0.0536,-0.000843,-0.206,0.0586
5.19e-05,-0.205,0.0537,-0.000831,-0.206,0.0587
5.19e-05,-0.205,0.0537,-0.00082,-0.206,0.0588
5.19e-05,-0.205,0.0538,-0.000809,-0.206,0.0589
5.19e-05,-0.205,0.0539,-0.000799,-0.206,0.059
5.19e-05,-0.205,0.0539,-0.000788,-0.206,0.0591
5.19e-05,-0.205,0.054,-0.000778,-0.206,0.0592
5.19e-05,-0.205,0.0541,-0.000768,-0.206,0.0593
5.19e-05,-0.205,0.0541,-0.000758,-0.206,0.0594
5.19e-05,-0.205,0.0542,-0.000749,-0.206,0.0595
5.19e-05,-0.205,0.0542,-0.000739,-0.206,0.0596
5.19e-05,-0.205,0.0543,-0.00073,-0.206,0.0597
5.19e-05,-0.205,0.0544,-0.000722,-0.206,0.0598
5.19e-05,-0.205,0.0544,-0.000713,-0.206,0.0599
5.19e-05,-0.205,0.0545,-0.000705,-0.206,0.06
5.19e-05,-0.205,0.0545,-0.000697,-0.206,0.0601
5.19e-05,-0.205,0.0546,-0.000689,-0.206,0.0602
5.19e-05,-0.205,0.0547,-0.000682,-0.206,0.0602
5.19e-05,-0.205,0.0547,-0.000675,-0.206,0.0603
5.19e-05,-0.205,0.0548,-0.000668,-0.206,0.0604
5.19e-05,-0.205,0.0548,-0.000661,-0.206,0.0605
5.19e-05,-0.205,0.0549,-0.000655,-0.206,0.0606
5.19e-05,-0.205,0.055,-0.000648,-0.206,0.0607
5.19e-05,-0.205,0.055,-0.000642,-0.206,0.0608
5.19e-05,-0.205,0.0551,-0.000637,-0.206,0.0609
5.19e-05,-0.205,0.0551,-0.000631,-0.206,0.0609
5.19e-05,-0.205,0.0552,-0.000626,-0.206,0.061
5.19e-05,-0.205,0.0552,-0.000621,-0.206,0.0611
5.19e-05,-0.205,0.0553,-0.000617,-0.206,0.0612
5.19e-05,-0.205,0.0554,-0.000612,-0.206,0.0613
5.19e-05,-0.205,0.0554,-0.000608,-0.206,0.0614
5.19e-05,-0.205,0.0555,-0.000604,-0.206,0.0614
5.19e-05,-0.205,0.0555,-0.000601,-0.206,0.0615
5.19e-05,-0.205,0.0556,-0.000598,-0.206,0.0616
5.19e-05,-0.205,0.0556,-0.000595,-0.206,0.0617
5.19e-05,-0.205,0.0557,-0.000592,-0.206,0.0618
5.19e-05,-0.205,0.0557,-0.000589,-0.206,0.0619
5.19e-05,-0.205,0.0558,-0.000587,-0.206,0.0619
5.19e-05,-0.205,0.0558,-0.000585,-0.206,0.062
5.19e-05,-0.205,0.0559,-0.000584,-0.206,0.0621
5.19e-05,-0.205,0.056,-0.000582,-0.206,0.0622
5.19e-05,-0.205,0.056,-0.000581,-0.206,0.0623
5.19e-05,-0.205,0.0561,-0.00058,-0.206,0.0623
5.19e-05,-0.205,0.0561,-0.00058,-0.206,0.0624
5.19e-05,-0.205,0.0562,-0.000579,-0.206,0.0625
5.19e-05,-0.205,0.0562,-0.000579,-0.206,0.0626
5.19e-05,-0.205,0.0563,-0.000579,-0.206,0.0626
5.19e-05,-0.205,0.0563,-0.00058,-0.206,0.0627
5.19e-05,-0.205,0.0564,-0.000581,-0.206,0.0628
5.19e-05,-0.205,0.0564,-0.000582,-0.206,0.0629
5.19e-05,-0.205,0.0565,-0.000583,-0.207,0.0629
5.19e-05,-0.205,0.0565,-0.000585,-0.207,0.063
5.19e-05,-0.205,0.0566,-0.000586,-0.207,0.0631
5.19e-05,-0.205,0.0566,-0.000588,-0.207,0.0631
5.19e-05,-0.205,0.0566,-0.000591,-0.207,0.0632
5.19e-05,-0.205,0.0567,-0.000593,-0.207,0.0633
5.19e-05,-0.205,0.0567,-0.000596,-0.207,0.0634
5.19e-05,-0.205,0.0568,-0.000599,-0.207,0.0634
5.19e-05,-0.205,0.0568,-0.000603,-0.207,0.0635
5.19e-05,-0.205,0.0569,-0.000606,-0.207,0.0636
5.19e-05,-0.205,0.0569,-0.00061,-0.207,0.0636
5.19e-05,-0.205,0.057,-0.000614,-0.207,0.0637
5.19e-05,-0.205,0.057,-0.000619,-0.207,0.0638
5.19e-05,-0.205,0.0571,-0.000623,-0.207,0.0638
5.19e-05,-0.205,0.0571,-0.000628,-0.207,0.0639
5.19e-05,-0.205,0.0571,-0.000633,-0.207,0.064
5.19e-05,-0.205,0.0572,-0.000639,-0.207,0.064
5.19e-05,-0.205,0.0572,-0.000644,-0.207,0.0641
5.19e-05,-0.205,0.0573,-0.00065,-0.207,0.0642
5.19e-05,-0.205,0.0573,-0.000656,-0.207,0.0642
5.19e-05,-0.205,0.0574,-0.000662,-0.207,0.0643
5.19e-05,-0.205,0.0574,-0.000669,-0.207,0.0643
5.19e-05,-0.205,0.0574,-0.000675,-0.207,0.0644
5.19e-05,-0.205,0.0575,-0.000682,-0.207,0.0645
5.19e-05,-0.205,0.0575,-0.000689,-0.207,0.0645
5.19e-05,-0.205,0.0576,-0.000697,-0.207,0.0646
5.19e-05,-0.205,0.0576,-0.000704,-0.207,0.0646
5.19e-05,-0.205,0.0576,-0.000712,-0.207,0.0647
5.19e-05,-0.205,0.0577,-0.00072,-0.207,0.0648
5.19e-05,-0.205,0.0577,-0.000729,-0.207,0.0648
5.19e-05,-0.205,0.0578,-0.000737,-0.207,0.0649
5.19e-05,-0.205,0.0578,-0.000746,-0.207,0.0649
5.19e-05,-0.205,0.0578,-0.000755,-0.207,0.065
5.19e-05,-0.205,0.0579,-0.000764,-0.207,0.065
5.19e-05,-0.205,0.0579,-0.000773,-0.207,0.0651
5.19e-05,-0.205,0.058,-0.000783,-0.207,0.0651
5.19e-05,-0.205,0.058,-0.000793,-0.207,0.0652
5.19e-05,-0.205,0.058,-0.000802,-0.207,0.0653
5.19e-05,-0.205,0.0581,-0.000813,-0.207,0.0653
5.19e-05,-0.205,0.0581,-0.000823,-0.207,0.0654
5.19e-05,-0.205,0.0581,-0.000834,-0.207,0.0654
5.19e-05,-0.205,0.0582,-0.000844,-0.207,0.0655
5.19e-05,-0.205,0.0582,-0.000855,-0.207,0.0655
5.19e-05,-0.205,0.0582,-0.000866,-0.207,0.0656
5.19e-05,-0.205,0.0583,-0.000878,-0.207,0.0656
5.19e-05,-0.205,0.0583,-0.000889,-0.207,0.0656
5.19e-05,-0.205,0.0583,-0.000901,-0.207,0.0657
5.19e-05,-0.205,0.0584,-0.000913,-0.207,0.0657
5.19e-05,-0.205,0.0584,-0.000925,-0.207,0.0658
5.19e-05,-0.205,0.0584,-0.000937,-0.207,0.0658
5.19e-05,-0.205,0.0585,-0.000949,-0.207,0.0659
5.19e-05,-0.205,0.0585,-0.000962,-0.207,0.0659
5.19e-05,-0.205,0.0585,-0.000975,-0.207,0.066
5.19e-05,-0.205,0.0586,-0.000988,-0.207,0.066
5.19e-05,-0.205,0.0586,-0.001,-0.207,0.066
5.19e-05,-0.205,0.0586,-0.00101,-0.207,0.0661
5.19e-05,-0.205,0.0587,-0.00103,-0.207,0.0661
5.19e-05,-0.205,0.0587,-0.00104,-0.207,0.0662
5.19e-05,-0.205,0.0587,-0.00105,-0.207,0.0662
5.19e-05,-0.205,0.0587,-0.00107,-0.207,0.0662
5.19e-05,-0.205,0.0588,-0.00108,-0.207,0.0663
5.19e-05,-0.205,0.0588,-0.0011,-0.207,0.0663
5.19e-05,-0.205,0.0588,-0.00111,-0.207,0.0664
5.19e-05,-0.205,0.0589,-0.00113,-0.207,0.0664
5.19e-05,-0.205,0.0589,-0.00114,-0.207,0.0664
5.19e-05,-0.205,0.0589,-0.00115,-0.207,0.0665
5.19e-05,-0.205,0.0589,-0.00117,-0.207,0.0665
5.19e-05,-0.205,0.059,-0.00118,-0.207,0.0665
5.19e-05,-0.205,0.059,-0.0012,-0.207,0.0666
5.19e-05,-0.205,0.059,-0.00121,-0.207,0.0666
5.19e-05,-0.205,0.059,-0.00123,-0.207,0.0666
5.19e-05,-0.205,0.0591,-0.00125,-0.207,0.0667
5.19e-05,-0.205,0.0591,-0.00126,-0.207,0.0667
5.19e-05,-0.205,0.0591,-0.00128,-0.207,0.0667
5.19e-05,-0.205,0.0591,-0.00129,-0.207,0.0668
5.19e-05,-0.205,0.0592,-0.00131,-0.207,0.0668
5.19e-05,-0.205,0.0592,-0.00133,-0.207,0.0668
5.19e-05,-0.205,0.0592,-0.00134,-0.207,0.0668
5.19e-05,-0.205,0.0592,-0.00136,-0.207,0.0669
5.19e-05,-0.205,0.0593,-0.00138,-0.207,0.0669
5.19e-05,-0.205,0.0593,-0.00139,-0.207,0.0669
5.19e-05,-0.205,0.0593,-0.00141,-0.207,0.067
5.19e-05,-0.205,0.0593,-0.00143,-0.207,0.067
5.19e-05,-0.205,0.0593,-0.00144,-0.207,0.067
5.19e-05,-0.205,0.0594,-0.00146,-0.207,0.067
5.19e-05,-0.205,0.0594,-0.00148,-0.207,0.0671
5.19e-05,-0.205,0.0594,-0.0015,-0.207,0.0671
5.19e-05,-0.205,0.0594,-0.00151,-0.207,0.0671
5.19e-05,-0.205,0.0594,-0.00153,-0.207,0.0671
5.19e-05,-0.205,0.0595,-0.00155,-0.207,0.0672
5.19e-05,-0.205,0.0595,-0.00157,-0.207,0.0672
5.19e-05,-0.205,0.0595,-0.00158,-0.207,0.0672
5.19e-05,-0.205,0.0595,-0.0016,-0.207,0.0672
5.19e-05,-0.205,0.0595,-0.00162,-0.207,0.0672
5.19e-05,-0.205,0.0596,-0.00164,-0.207,0.0673
5.19e-05,-0.205,0.0596,-0.00166,-0.207,0.0673
5.19e-05,-0.205,0.0596,-0.00168,-0.207,0.0673
5.19e-05,-0.205,0.0596,-0.00169,-0.207,0.0673
5.19e-05,-0.205,0.0596,-0.00171,-0.207,0.0673
5.19e-05,-0.205,0.0596,-0.00173,-0.207,0.0674
5.19e-05,-0.205,0.0597,-0.00175,-0.207,0.0674
5.19e-05,-0.205,0.0597,-0.00177,-0.207,0.0674
5.19e-05,-0.205,0.0597,-0.00179,-0.207,0.0674
5.19e-05,-0.205,0.0597,-0.00181,-0.207,0.0674
5.19e-05,-0.205,0.0597,-0.00183,-0.207,0.0674
5.19e-05,-0.205,0.0597,-0.00185,-0.207,0.0675
5.19e-05,-0.205,0.0597,-0.00186,-0.207,0.0675
5.19e-05,-0.205,0.0598,-0.00188,-0.207,0.0675
5.19e-05,-0.205,0.0598,-0.0019,-0.207,0.0675
5.19e-05,-0.205,0.0598,-0.00192,-0.207,0.0675
5.19e-05,-0.205,0.0598,-0.00194,-0.207,0.0675
5.19e-05,-0.205,0.0598,-0.00196,-0.207,0.0675
5.19e-05,-0.205,0.0598,-0.00198,-0.207,0.0676
5.19e-05,-0.205,0.0598,-0.002,-0.207,0.0676
5.19e-05,-0.205,0.0598,-0.00202,-0.207,0.0676
5.19e-05,-0.205,0.0598,-0.00204,-0.207,0.0676
5.19e-05,-0.205,0.0599,-0.00206,-0.207,0.0676
5.19e-05,-0.205,0.0599,-0.00208,-0.207,0.0676
5.19e-05,-0.205,0.0599,-0.0021,-0.207,0.0676
5.19e-05,-0.205,0.0599,-0.00212,-0.207,0.0676
5.19e-05,-0.205,0.0599,-0.00214,-0.207,0.0676
5.19e-05,-0.205,0.0599,-0.00216,-0.207,0.0676
5.19e-05,-0.205,0.0599,-0.00218,-0.207,0.0676
5.19e-05,-0.205,0.0599,-0.0022,-0.207,0.0676
5.19e-05,-0.205,0.0599,-0.00222,-0.207,0.0677
5.19e-05,-0.205,0.0599,-0.00224,-0.207,0.0677
5.19e-05,-0.205,0.0599,-0.00226,-0.207,0.0677
5.19e-05,-0.205,0.0599,-0.00227,-0.207,0.0677
5.19e-05,-0.205,0.06,-0.00229,-0.207,0.0677
5.19e-05,-0.205,0.06,-0.00231,-0.207,0.0677
5.19e-05,-0.205,0.06,-0.00233,-0.207,0.0677
5.19e-05,-0.205,0.06,-0.00235,-0.207,0.0677
5.19e-05,-0.205,0.06,-0.00237,-0.207,0.0677
5.19e-05,-0.205,0.06,-0.00239,-0.207,0.0677
5.19e-05,-0.205,0.06,-0.00241,-0.207,0.0677
5.19e-05,-0.205,0.06,-0.00243,-0.207,0.0677
5.19e-05,-0.205,0.06,-0.00245,-0.207,0.0677
5.19e-05,-0.205,0.06,-0.00247,-0.207,0.0677
5.19e-05,-0.205,0.06,-0.00249,-0.207,0.0677
5.19e-05,-0.205,0.06,-0.00251,-0.207,0.0677
5.19e-05,-0.205,0.06,-0.00253,-0.207,0.0677
5.19e-05,-0.205,0.06,-0.00255,-0.207,0.0677
5.19e-05,-0.205,0.06,-0.00257,-0.207,0.0677
5.19e-05,-0.205,0.06,-0.00259,-0.208,0.0676
5.19e-05,-0.205,0.06,-0.00261,-0.208,0.0676
5.19e-05,-0.205,0.06,-0.00262,-0.208,0.0676
5.19e-05,-0.205,0.06,-0.00264,-0.208,0.0676
5.19e-05,-0.205,0.06,-0.00266,-0.208,0.0676
5.19e-05,-0.205,0.06,-0.00268,-0.208,0.0676
5.19e-05,-0.205,0.06,-0.0027,-0.208,0.0676
5.19e-05,-0.205,0.06,-0.00272,-0.208,0.0676
5.19e-05,-0.205,0.06,-0.00274,-0.208,0.0676
5.19e-05,-0.205,0.06,-0.00276,-0.208,0.0676
5.19e-05,-0.205,0.06,-0.00277,-0.208,0.0676
5.19e-05,-0.205,0.06,-0.00279,-0.208,0.0675
5.19e-05,-0.205,0.06,-0.00281,-0.208,0.0675
5.19e-05,-0.205,0.06,-0.00283,-0.208,0.0675
5.19e-05,-0.205,0.06,-0.00285,-0.208,0.0675
5.19e-05,-0.205,0.06,-0.00287,-0.208,0.0675
5.19e-05,-0.205,0.06,-0.00288,-0.208,0.0675
5.19e-05,-0.205,0.06,-0.0029,-0.208,0.0675
5.19e-05,-0.205,0.06,-0.00292,-0.208,0.0674
5.19e-05,-0.205,0.06,-0.00294,-0.208,0.0674
5.19e-05,-0.205,0.06,-0.00295,-0.208,0.0674
5.19e-05,-0.205,0.06,-0.00297,-0.208,0.0674
5.19e-05,-0.205,0.0599,-0.00299,-0.208,0.0674
5.19e-05,-0.205,0.0599,-0.00301,-0.208,0.0674
5.19e-05,-0.205,0.0599,-0.00302,-0.208,0.0673
5.19e-05,-0.205,0.0599,-0.00304,-0.208,0.0673
5.19e-05,-0.205,0.0599,-0.00306,-0.208,0.0673
5.19e-05,-0.205,0.0599,-0.00307,-0.208,0.0673
5.19e-05,-0.205,0.0599,-0.00309,-0.208,0.0673
5.19e-05,-0.205,0.0599,-0.0031,-0.208,0.0672
5.19e-05,-0.205,0.0599,-0.00312,-0.208,0.0672
5.19e-05,-0.205,0.0599,-0.00314,-0.208,0.0672
5.19e-05,-0.205,0.0599,-0.00315,-0.208,0.0672
5.19e-05,-0.205,0.0599,-0.00317,-0.208,0.0672
5.19e-05,-0.205,0.0598,-0.00318,-0.208,0.0671
5.19e-05,-0.205,0.0598,-0.0032,-0.208,0.0671
5.19e-05,-0.205,0.0598,-0.00321,-0.208,0.0671
5.19e-05,-0.205,0.0598,-0.00323,-0.209,0.0671
5.19e-05,-0.205,0.0598,-0.00324,-0.209,0.067
5.19e-05,-0.205,0.0598,-0.00326,-0.209,0.067
5.19e-05,-0.205,0.0598,-0.00327,-0.209,0.067
5.19e-05,-0.205,0.0598,-0.00329,-0.209,0.0669
5.19e-05,-0.205,0.0598,-0.0033,-0.209,0.0669
5.19e-05,-0.205,0.0597,-0.00332,-0.209,0.0669
5.19e-05,-0.205,0.0597,-0.00333,-0.209,0.0668
5.19e-05,-0.205,0.0597,-0.00334,-0.209,0.0668
5.19e-05,-0.205,0.0597,-0.00336,-0.209,0.0668
5.19e-05,-0.205,0.0597,-0.00337,-0.209,0.0667
5.19e-05,-0.205,0.0597,-0.00339,-0.209,0.0667
5.19e-05,-0.205,0.0597,-0.0034,-0.209,0.0667
5.19e-05,-0.205,0.0596,-0.00341,-0.209,0.0666
5.19e-05,-0.205,0.0596,-0.00343,-0.209,0.0666
5.19e-05,-0.205,0.0596,-0.00344,-0.209,0.0666
5.19e-05,-0.205,0.0596,-0.00345,-0.209,0.0665
5.19e-05,-0.205,0.0596,-0.00346,-0.209,0.0665
5.19e-05,-0.205,0.0596,-0.00348,-0.21,0.0664
5.19e-05,-0.205,0.0595,-0.00349,-0.21,0.0664
5.19e-05,-0.205,0.0595,-0.0035,-0.21,0.0664
5.19e-05,-0.205,0.0595,-0.00351,-0.21,0.0663
5.19e-05,-0.205,0.0595,-0.00352,-0.21,0.0663
5.19e-05,-0.205,0.0595,-0.00353,-0.21,0.0662
5.19e-05,-0.205,0.0594,-0.00355,-0.21,0.0662
5.19e-05,-0.205,0.0594,-0.00356,-0.21,0.0662
5.19e-05,-0.205,0.0594,-0.00357,-0.21,0.0661
5.19e-05,-0.205,0.0594,-0.00358,-0.21,0.0661
5.19e-05,-0.205,0.0594,-0.00359,-0.21,0.066
5.19e-05,-0.205,0.0593,-0.0036,-0.21,0.066
5.19e-05,-0.205,0.0593,-0.00361,-0.21,0.0659
5.19e-05,-0.205,0.0593,-0.00362,-0.21,0.0659
5.19e-05,-0.205,0.0593,-0.00363,-0.21,0.0658
5.19e-05,-0.205,0.0593,-0.00364,-0.211,0.0658
5.19e-05,-0.205,0.0592,-0.00365,-0.211,0.0657
5.19e-05,-0.205,0.0592,-0.00365,-0.211,0.0657
5.19e-05,-0.205,0.0592,-0.00366,-0.211,0.0657
5.19e-05,-0.205,0.0592,-0.00367,-0.211,0.0656
5.19e-05,-0.205,0.0591,-0.00368,-0.211,0.0656
5.19e-05,-0.205,0.0591,-0.00369,-0.211,0.0655
5.19e-05,-0.205,0.0591,-0.00369,-0.211,0.0654
5.19e-05,-0.205,0.0591,-0.0037,-0.211,0.0654
5.19e-05,-0.205,0.059,-0.00371,-0.211,0.0653
5.19e-05,-0.205,0.059,-0.00371,-0.211,0.0653
5.19e-05,-0.205,0.059,-0.00372,-0.211,0.0652
5.19e-05,-0.205,0.059,-0.00372,-0.211,0.0652
5.19e-05,-0.205,0.0589,-0.00373,-0.211,0.0651
5.19e-05,-0.205,0.0589,-0.00373,-0.211,0.0651
5.19e-05,-0.205,0.0589,-0.00373,-0.211,0.065
5.19e-05,-0.205,0.0589,-0.00374,-0.211,0.065
5.19e-05,-0.205,0.0588,-0.00374,-0.212,0.0649
5.19e-05,-0.205,0.0588,-0.00374,-0.212,0.0648
5.19e-05,-0.205,0.0588,-0.00374,-0.212,0.0648
5.19e-05,-0.205,0.0587,-0.00374,-0.212,0.0647
5.19e-05,-0.205,0.0587,-0.00375,-0.212,0.0647
5.19e-05,-0.205,0.0587,-0.00375,-0.212,0.0646
5.19e-05,-0.205,0.0587,-0.00375,-0.212,0.0645
5.19e-05,-0.205,0.0586,-0.00375,-0.212,0.0645
5.19e-05,-0.205,0.0586,-0.00374,-0.212,0.0644
5.19e-05,-0.205,0.0586,-0.00374,-0.212,0.0643
5.19e-05,-0.205,0.0585,-0.00374,-0.212,0.0643
5.19e-05,-0.205,0.0585,-0.00374,-0.212,0.0642
5.19e-05,-0.205,0.0585,-0.00374,-0.212,0.0641
5.19e-05,-0.205,0.0584,-0.00373,-0.212,0.0641
5.19e-05,-0.205,0.0584,-0.00373,-0.212,0.064
5.19e-05,-0.205,0.0584,-0.00373,-0.212,0.0639
5.19e-05,-0.205,0.0583,-0.00372,-0.212,0.0638
5.19e-05,-0.205,0.0583,-0.00372,-0.212,0.0638
5.19e-05,-0.205,0.0583,-0.00372,-0.212,0.0637
5.19e-05,-0.205,0.0582,-0.00371,-0.212,0.0636
5.19e-05,-0.205,0.0582,-0.00371,-0.213,0.0636
5.19e-05,-0.205,0.0582,-0.0037,-0.213,0.0635
5.19e-05,-0.205,0.0581,-0.0037,-0.213,0.0634
5.19e-05,-0.205,0.0581,-0.00369,-0.213,0.0633
5.19e-05,-0.205,0.0581,-0.00369,-0.213,0.0632
5.19e-05,-0.205,0.058,-0.00368,-0.213,0.0632
5.19e-05,-0.205,0.058,-0.00367,-0.213,0.0631
5.19e-05,-0.205,0.058,-0.00367,-0.213,0.063
5.19e-05,-0.205,0.0579,-0.00366,-0.213,0.0629
5.19e-05,-0.205,0.0579,-0.00365,-0.213,0.0628
5.19e-05,-0.205,0.0578,-0.00365,-0.213,0.0628
5.19e-05,-0.205,0.0578,-0.00364,-0.213,0.0627
5.19e-05,-0.205,0.0578,-0.00363,-0.213,0.0626
5.19e-05,-0.205,0.0577,-0.00362,-0.213,0.0625
5.19e-05,-0.205,0.0577,-0.00362,-0.213,0.0624
5.19e-05,-0.205,0.0576,-0.00361,-0.213,0.0623
5.19e-05,-0.205,0.0576,-0.0036,-0.213,0.0622
5.19e-05,-0.205,0.0576,-0.00359,-0.213,0.0622
5.19e-05,-0.205,0.0575,-0.00358,-0.213,0.0621
5.19e-05,-0.205,0.0575,-0.00357,-0.213,0.062
5.19e-05,-0.205,0.0574,-0.00356,-0.213,0.0619
5.19e-05,-0.205,0.0574,-0.00355,-0.213,0.0618
5.19e-05,-0.205,0.0574,-0.00354,-0.213,0.0617
5.19e-05,-0.205,0.0573,-0.00354,-0.213,0.0616
5.19e-05,-0.205,0.0573,-0.00353,-0.213,0.0615
5.19e-05,-0.205,0.0572,-0.00352,-0.213,0.0614
5.19e-05,-0.205,0.0572,-0.0035,-0.213,0.0614
5.19e-05,-0.205,0.0571,-0.00349,-0.213,0.0613
5.19e-05,-0.205,0.0571,-0.00348,-0.213,0.0612
5.19e-05,-0.205,0.0571,-0.00347,-0.213,0.0611
5.19e-05,-0.205,0.057,-0.00346,-0.213,0.061
5.19e-05,-0.205,0.057,-0.00345,-0.213,0.0609
5.19e-05,-0.205,0.0569,-0.00344,-0.213,0.0608
5.19e-05,-0.205,0.0569,-0.00343,-0.213,0.0607
5.19e-05,-0.205,0.0568,-0.00342,-0.213,0.0606
5.19e-05,-0.205,0.0568,-0.00341,-0.213,0.0605
5.19e-05,-0.205,0.0567,-0.00339,-0.213,0.0604
5.19e-05,-0.205,0.0567,-0.00338,-0.213,0.0603
5.19e-05,-0.205,0.0566,-0.00337,-0.213,0.0602
5.19e-05,-0.205,0.0566,-0.00336,-0.213,0.0601
5.19e-05,-0.205,0.0566,-0.00335,-0.213,0.06
5.19e-05,-0.205,0.0565,-0.00333,-0.213,0.0599
5.19e-05,-0.205,0.0565,-0.00332,-0.213,0.0598
5.19e-05,-0.205,0.0564,-0.00331,-0.213,0.0597
5.19e-05,-0.205,0.0564,-0.0033,-0.213,0.0596
5.19e-05,-0.205,0.0563,-0.00328,-0.213,0.0595
5.19e-05,-0.205,0.0563,-0.00327,-0.213,0.0594
5.19e-05,-0.205,0.0562,-0.00326,-0.213,0.0593
5.19e-05,-0.205,0.0562,-0.00324,-0.213,0.0592
5.19e-05,-0.205,0.0561,-0.00323,-0.213,0.0591
5.19e-05,-0.205,0.0561,-0.00322,-0.213,0.059
5.19e-05,-0.205,0.056,-0.0032,-0.213,0.0589
5.19e-05,-0.205,0.056,-0.00319,-0.213,0.0588
5.19e-05,-0.205,0.0559,-0.00318,-0.213,0.0587
5.19e-05,-0.205,0.0558,-0.00316,-0.213,0.0586
5.19e-05,-0.205,0.0558,-0.00315,-0.213,0.0585
5.19e-05,-0.205,0.0557,-0.00314,-0.213,0.0584
5.19e-05,-0.205,0.0557,-0.00312,-0.213,0.0582
5.19e-05,-0.205,0.0556,-0.00311,-0.213,0.0581
5.19e-05,-0.205,0.0556,-0.00309,-0.213,0.058
5.19e-05,-0.205,0.0555,-0.00308,-0.213,0.0579
5.19e-05,-0.205,0.0555,-0.00307,-0.213,0.0578
5.19e-05,-0.205,0.0554,-0.00305,-0.213,0.0577
5.19e-05,-0.205,0.0554,-0.00304,-0.213,0.0576
5.19e-05,-0.205,0.0553,-0.00302,-0.213,0.0575
5.19e-05,-0.205,0.0552,-0.00301,-0.213,0.0574
5.19e-05,-0.205,0.0552,-0.00299,-0.213,0.0572
5.19e-05,-0.205,0.0551,-0.00298,-0.213,0.0571
5.19e-05,-0.205,0.0551,-0.00297,-0.213,0.057
5.19e-05,-0.205,0.055,-0.00295,-0.213,0.0569
5.19e-05,-0.205,0.055,-0.00294,-0.213,0.0568
5.19e-05,-0.205,0.0549,-0.00292,-0.213,0.0567
5.19e-05,-0.205,0.0548,-0.00291,-0.213,0.0566
5.19e-05,-0.205,0.0548,-0.00289,-0.213,0.0564
5.19e-05,-0.205,0.0547,-0.00288,-0.213,0.0563
5.19e-05,-0.205,0.0547,-0.00286,-0.213,0.0562
5.19e-05,-0.205,0.0546,-0.00285,-0.213,0.0561
5.19e-05,-0.205,0.0545,-0.00283,-0.213,0.056
5.19e-05,-0.205,0.0545,-0.00282,-0.213,0.0558
5.19e-05,-0.205,0.0544,-0.0028,-0.213,0.0557
5.19e-05,-0.205,0.0544,-0.00278,-0.213,0.0556
5.19e-05,-0.205,0.0543,-0.00277,-0.213,0.0555
5.19e-05,-0.205,0.0542,-0.00275,-0.213,0.0553
5.19e-05,-0.205,0.0542,-0.00274,-0.213,0.0552
5.19e-05,-0.205,0.0541,-0.00272,-0.213,0.0551
5.19e-05,-0.205,0.0541,-0.0027,-0.213,0.055
5.19e-05,-0.205,0.054,-0.00269,-0.213,0.0548
5.19e-05,-0.205,0.0539,-0.00267,-0.213,0.0547
5.19e-05,-0.205,0.0539,-0.00266,-0.213,0.0546
5.19e-05,-0.205,0.0538,-0.00264,-0.213,0.0545
5.19e-05,-0.205,0.0537,-0.00262,-0.213,0.0543
5.19e-05,-0.205,0.0537,-0.00261,-0.213,0.0542
5.19e-05,-0.205,0.0536,-0.00259,-0.213,0.0541
5.19e-05,-0.205,0.0535,-0.00258,-0.213,0.054
5.19e-05,-0.205,0.0535,-0.00256,-0.213,0.0538
5.19e-05,-0.205,0.0534,-0.00254,-0.213,0.0537
5.19e-05,-0.205,0.0533,-0.00253,-0.213,0.0536
5.19e-05,-0.205,0.0533,-0.00251,-0.213,0.0534
5.19e-05,-0.205,0.0532,-0.0025,-0.213,0.0533
5.19e-05,-0.205,0.0531,-0.00248,-0.213,0.0532
5.19e-05,-0.205,0.0531,-0.00246,-0.213,0.053
5.19e-05,-0.205,0.053,-0.00245,-0.213,0.0529
5.19e-05,-0.205,0.0529,-0.00243,-0.213,0.0528
5.19e-05,-0.205,0.0529,-0.00242,-0.213,0.0527
5.19e-05,-0.205,0.0528,-0.0024,-0.213,0.0525
5.19e-05,-0.205,0.0527,-0.00238,-0.213,0.0524
5.19e-05,-0.205,0.0527,-0.00237,-0.213,0.0523
5.19e-05,-0.205,0.0526,-0.00235,-0.213,0.0521
5.19e-05,-0.205,0.0525,-0.00234,-0.213,0.052
5.19e-05,-0.205,0.0524,-0.00232,-0.213,0.0519
5.19e-05,-0.205,0.0524,-0.00231,-0.213,0.0517
5.19e-05,-0.205,0.0523,-0.00229,-0.213,0.0516
5.19e-05,-0.205,0.0522,-0.00228,-0.213,0.0514
5.19e-05,-0.205,0.0522,-0.00226,-0.213,0.0513
5.19e-05,-0.205,0.0521,-0.00224,-0.213,0.0512
5.19e-05,-0.205,0.052,-0.00223,-0.213,0.051
5.19e-05,-0.205,0.0519,-0.00221,-0.213,0.0509
5.19e-05,-0.205,0.0519,-0.0022,-0.213,0.0508
5.19e-05,-0.205,0.0518,-0.00218,-0.213,0.0506
5.19e-05,-0.205,0.0517,-0.00217,-0.213,0.0505
5.19e-05,-0.205,0.0516,-0.00215,-0.213,0.0504
5.19e-05,-0.205,0.0516,-0.00214,-0.213,0.0502
5.19e-05,-0.205,0.0515,-0.00212,-0.213,0.0501
5.19e-05,-0.205,0.0514,-0.00211,-0.213,0.0499
5.19e-05,-0.205,0.0513,-0.0021,-0.213,0.0498
5.19e-05,-0.205,0.0513,-0.00208,-0.213,0.0497
5.19e-05,-0.205,0.0512,-0.00207,-0.213,0.0495
5.19e-05,-0.205,0.0511,-0.00205,-0.213,0.0494
5.19e-05,-0.205,0.051,-0.00204,-0.213,0.0492
5.19e-05,-0.205,0.051,-0.00202,-0.213,0.0491
5.19e-05,-0.205,0.0509,-0.00201,-0.213,0.049
5.19e-05,-0.205,0.0508,-0.002,-0.213,0.0488
5.19e-05,-0.205,0.0507,-0.00198,-0.213,0.0487
5.19e-05,-0.205,0.0506,-0.00197,-0.213,0.0485
5.19e-05,-0.205,0.0506,-0.00196,-0.213,0.0484
5.19e-05,-0.205,0.0505,-0.00194,-0.213,0.0483
5.19e-05,-0.205,0.0504,-0.00193,-0.213,0.0481
5.19e-05,-0.205,0.0503,-0.00192,-0.213,0.048
5.19e-05,-0.205,0.0502,-0.0019,-0.213,0.0478
5.19e-05,-0.205,0.0502,-0.00189,-0.213,0.0477
5.19e-05,-0.205,0.0501,-0.00188,-0.213,0.0475
5.19e-05,-0.205,0.05,-0.00187,-0.213,0.0474
5.19e-05,-0.205,0.0499,-0.00186,-0.213,0.0472
5.19e-05,-0.205,0.0498,-0.00184,-0.213,0.0471
5.19e-05,-0.205,0.0498,-0.00183,-0.213,0.047
5.19e-05,-0.205,0.0497,-0.00182,-0.213,0.0468
5.19e-05,-0.205,0.0496,-0.00181,-0.213,0.0467
5.19e-05,-0.205,0.0495,-0.00179,-0.213,0.0465
5.19e-05,-0.205,0.0494,-0.00178,-0.213,0.0464
5.19e-05,-0.205,0.0493,-0.00177,-0.213,0.0462
5.19e-05,-0.205,0.0493,-0.00176,-0.213,0.0461
5.19e-05,-0.205,0.0492,-0.00175,-0.213,0.0459
5.19e-05,-0.205,0.0491,-0.00173,-0.213,0.0458
5.19e-05,-0.205,0.049,-0.00172,-0.213,0.0456
5.19e-05,-0.205,0.0489,-0.00171,-0.213,0.0455
5.19e-05,-0.205,0.0488,-0.0017,-0.213,0.0453
5.19e-05,-0.205,0.0487,-0.00168,-0.213,0.0451
5.19e-05,-0.205,0.0487,-0.00167,-0.213,0.045
5.19e-05,-0.205,0.0486,-0.00166,-0.213,0.0448
5.19e-05,-0.205,0.0485,-0.00165,-0.213,0.0447
5.19e-05,-0.205,0.0484,-0.00163,-0.213,0.0445
5.19e-05,-0.205,0.0483,-0.00162,-0.213,0.0444
5.19e-05,-0.205,0.0482,-0.00161,-0.213,0.0442
5.19e-05,-0.205,0.0481,-0.0016,-0.213,0.0441
5.19e-05,-0.205,0.048,-0.00158,-0.213,0.0439
5.19e-05,-0.205,0.0479,-0.00157,-0.213,0.0437
5.19e-05,-0.205,0.0479,-0.00156,-0.213,0.0436
5.19e-05,-0.205,0.0478,-0.00155,-0.213,0.0434
5.19e-05,-0.205,0.0477,-0.00153,-0.213,0.0433
5.19e-05,-0.205,0.0476,-0.00152,-0.213,0.0431
5.19e-05,-0.205,0.0475,-0.00151,-0.213,0.0429
5.19e-05,-0.205,0.0474,-0.00149,-0.213,0.0428
5.19e-05,-0.205,0.0473,-0.00148,-0.213,0.0426
5.19e-05,-0.205,0.0472,-0.00147,-0.213,0.0425
5.19e-05,-0.205,0.0471,-0.00146,-0.213,0.0423
5.19e-05,-0.205,0.047,-0.00144,-0.213,0.0421
5.19e-05,-0.205,0.0469,-0.00143,-0.213,0.042
5.19e-05,-0.205,0.0468,-0.00142,-0.213,0.0418
5.19e-05,-0.205,0.0468,-0.0014,-0.213,0.0416
5.19e-05,-0.205,0.0467,-0.00139,-0.213,0.0415
5.19e-05,-0.205,0.0466,-0.00138,-0.213,0.0413
5.19e-05,-0.205,0.0465,-0.00136,-0.213,0.0411
5.19e-05,-0.205,0.0464,-0.00135,-0.213,0.041
5.19e-05,-0.205,0.0463,-0.00134,-0.213,0.0408
5.19e-05,-0.205,0.0462,-0.00132,-0.213,0.0406
5.19e-05,-0.205,0.0461,-0.00131,-0.213,0.0405
5.19e-05,-0.205,0.046,-0.0013,-0.213,0.0403
5.19e-05,-0.205,0.0459,-0.00128,-0.213,0.0401
5.19e-05,-0.205,0.0458,-0.00127,-0.213,0.04
5.19e-05,-0.205,0.0457,-0.00126,-0.213,0.0398
5.19e-05,-0.205,0.0456,-0.00124,-0.213,0.0396
5.19e-05,-0.205,0.0455,-0.00123,-0.214,0.0395
5.19e-05,-0.205,0.0454,-0.00121,-0.214,0.0393
5.19e-05,-0.205,0.0453,-0.0012,-0.214,0.0391
5.19e-05,-0.205,0.0452,-0.00119,-0.214,0.0389
5.19e-05,-0.205,0.0451,-0.00117,-0.214,0.0388
5.19e-05,-0.205,0.045,-0.00116,-0.214,0.0386
5.19e-05,-0.205,0.0449,-0.00114,-0.214,0.0384
5.19e-05,-0.205,0.0448,-0.00113,-0.214,0.0382
5.19e-05,-0.205,0.0447,-0.00111,-0.214,0.0381
5.19e-05,-0.205,0.0446,-0.0011,-0.214,0.0379
5.19e-05,-0.205,0.0445,-0.00109,-0.214,0.0377
5.19e-05,-0.205,0.0444,-0.00107,-0.214,0.0375
5.19e-05,-0.205,0.0443,-0.00106,-0.214,0.0374
5.19e-05,-0.205,0.0442,-0.00104,-0.214,0.0372
5.19e-05,-0.205,0.0441,-0.00103,-0.214,0.037
5.19e-05,-0.205,0.044,-0.00101,-0.214,0.0368
5.19e-05,-0.205,0.0439,-0.000996,-0.214,0.0366
5.19e-05,-0.205,0.0438,-0.000981,-0.214,0.0365
5.19e-05,-0.205,0.0437,-0.000966,-0.214,0.0363
5.19e-05,-0.205,0.0436,-0.000951,-0.214,0.0361
5.19e-05,-0.205,0.0435,-0.000936,-0.214,0.0359
5.19e-05,-0.205,0.0434,-0.00092,-0.214,0.0357
5.19e-05,-0.205,0.0433,-0.000905,-0.214,0.0356
5.19e-05,-0.205,0.0432,-0.000889,-0.214,0.0354
5.19e-05,-0.205,0.043,-0.000873,-0.214,0.0352
5.19e-05,-0.205,0.0429,-0.000858,-0.214,0.035
5.19e-05,-0.205,0.0428,-0.000842,-0.214,0.0348
5.19e-05,-0.205,0.0427,-0.000826,-0.214,0.0346
5.19e-05,-0.205,0.0426,-0.000809,-0.214,0.0345
5.19e-05,-0.205,0.0425,-0.000793,-0.214,0.0343
5.19e-05,-0.205,0.0424,-0.000777,-0.214,0.0341
5.19e-05,-0.205,0.0423,-0.000761,-0.214,0.0339
5.19e-05,-0.205,0.0422,-0.000744,-0.214,0.0337
5.19e-05,-0.205,0.0421,-0.000727,-0.214,0.0335
5.19e-05,-0.205,0.042,-0.000711,-0.214,0.0333
5.19e-05,-0.205,0.0419,-0.000694,-0.214,0.0331
5.19e-05,-0.205,0.0418,-0.000677,-0.214,0.033
5.19e-05,-0.205,0.0416,-0.00066,-0.215,0.0328
5.19e-05,-0.205,0.0415,-0.000643,-0.215,0.0326
5.19e-05,-0.205,0.0414,-0.000625,-0.215,0.0324
5.19e-05,-0.205,0.0413,-0.000608,-0.215,0.0322
5.19e-05,-0.205,0.0412,-0.00059,-0.215,0.032
5.19e-05,-0.205,0.0411,-0.000573,-0.215,0.0318
5.19e-05,-0.205,0.041,-0.000555,-0.215,0.0316
5.19e-05,-0.205,0.0409,-0.000537,-0.215,0.0314
5.19e-05,-0.205,0.0407,-0.000519,-0.215,0.0312
5.19e-05,-0.205,0.0406,-0.000501,-0.215,0.031
5.19e-05,-0.205,0.0405,-0.000482,-0.215,0.0308
5.19e-05,-0.205,0.0404,-0.000464,-0.215,0.0306
5.19e-05,-0.205,0.0403,-0.000445,-0.215,0.0304
5.19e-05,-0.205,0.0402,-0.000427,-0.215,0.0302
5.19e-05,-0.205,0.0401,-0.000408,-0.215,0.0301
5.19e-05,-0.205,0.0399,-0.000389,-0.215,0.0299
5.19e-05,-0.205,0.0398,-0.00037,-0.215,0.0297
5.19e-05,-0.205,0.0397,-0.000351,-0.215,0.0295
5.19e-05,-0.205,0.0396,-0.000331,-0.215,0.0293
5.19e-05,-0.205,0.0395,-0.000312,-0.215,0.0291
5.19e-05,-0.205,0.0394,-0.000292,-0.215,0.0289
5.19e-05,-0.205,0.0392,-0.000272,-0.215,0.0287
5.19e-05,-0.205,0.0391,-0.000252,-0.215,0.0285
5.19e-05,-0.205,0.039,-0.000232,-0.215,0.0283
5.19e-05,-0.205,0.0389,-0.000212,-0.215,0.0281
5.19e-05,-0.205,0.0388,-0.000191,-0.215,0.0279
5.19e-05,-0.205,0.0387,-0.00017,-0.215,0.0277
5.19e-05,-0.205,0.0385,-0.00015,-0.215,0.0274
5.19e-05,-0.205,0.0384,-0.000128,-0.215,0.0272
5.19e-05,-0.205,0.0383,-0.000107,-0.216,0.027
5.19e-05,-0.205,0.0382,-8.59e-05,-0.216,0.0268
5.19e-05,-0.205,0.038,-6.43e-05,-0.216,0.0266
5.19e-05,-0.205,0.0379,-4.24e-05,-0.216,0.0264
5.19e-05,-0.205,0.0378,-2.03e-05,-0.216,0.0262
5.19e-05,-0.205,0.0377,1.95e-06,-0.216,0.026
5.19e-05,-0.205,0.0376,2.45e-05,-0.216,0.0258
5.19e-05,-0.205,0.0374,4.73e-05,-0.216,0.0256
5.19e-05,-0.205,0.0373,7.03e-05,-0.216,0.0254
5.19e-05,-0.205,0.0372,9.36e-05,-0.216,0.0252
5.19e-05,-0.205,0.0371,0.000117,-0.216,0.025
5.19e-05,-0.205,0.0369,0.000141,-0.216,0.0248
5.19e-05,-0.205,0.0368,0.000165,-0.216,0.0246
5.19e-05,-0.205,0.0367,0.00019,-0.216,0.0243
5.19e-05,-0.205,0.0366,0.000214,-0.216,0.0241
5.19e-05,-0.205,0.0364,0.000239,-0.216,0.0239
5.19e-05,-0.205,0.0363,0.000265,-0.216,0.0237
5.19e-05,-0.205,0.0362,0.00029,-0.216,0.0235
5.19e-05,-0.205,0.0361,0.000316,-0.216,0.0233
5.19e-05,-0.205,0.0359,0.000342,-0.216,0.0231
5.19e-05,-0.205,0.0358,0.000369,-0.216,0.0229
5.19e-05,-0.205,0.0357,0.000396,-0.216,0.0227
5.19e-05,-0.205,0.0356,0.000423,-0.216,0.0224
5.19e-05,-0.205,0.0354,0.000451,-0.216,0.0222
5.19e-05,-0.205,0.0353,0.00048,-0.216,0.022
5.19e-05,-0.205,0.0352,0.000509,-0.216,0.0218
5.19e-05,-0.205,0.0351,0.000538,-0.217,0.0216
5.19e-05,-0.205,0.0349,0.000568,-0.217,0.0214
5.19e-05,-0.205,0.0348,0.000599,-0.217,0.0211
5.19e-05,-0.205,0.0347,0.00063,-0.217,0.0209
5.19e-05,-0.205,0.0345,0.000662,-0.217,0.0207
5.19e-05,-0.205,0.0344,0.000695,-0.217,0.0205
5.19e-05,-0.205,0.0343,0.000728,-0.217,0.0203
5.19e-05,-0.205,0.0341,0.000761,-0.217,0.0201
5.19e-05,-0.205,0.034,0.000796,-0.217,0.0198
5.19e-05,-0.205,0.0339,0.000831,-0.217,0.0196
5.19e-05,-0.205,0.0337,0.000867,-0.217,0.0194
5.19e-05,-0.205,0.0336,0.000903,-0.217,0.0192
5.19e-05,-0.205,0.0335,0.000941,-0.217,0.019
5.19e-05,-0.205,0.0333,0.000979,-0.217,0.0187
5.19e-05,-0.205,0.0332,0.00102,-0.217,0.0185
5.19e-05,-0.205,0.0331,0.00106,-0.217,0.0183
5.19e-05,-0.205,0.0329,0.0011,-0.217,0.0181
5.19e-05,-0.205,0.0328,0.00114,-0.217,0.0179
5.19e-05,-0.205,0.0327,0.00118,-0.217,0.0176
5.19e-05,-0.205,0.0325,0.00123,-0.217,0.0174
5.19e-05,-0.205,0.0324,0.00127,-0.217,0.0172
5.19e-05,-0.205,0.0323,0.00132,-0.217,0.017
5.19e-05,-0.205,0.0321,0.00136,-0.217,0.0168
5.19e-05,-0.205,0.032,0.00141,-0.217,0.0165
5.19e-05,-0.205,0.0319,0.00146,-0.217,0.0163
5.19e-05,-0.205,0.0317,0.00151,-0.217,0.0161
5.19e-05,-0.205,0.0316,0.00156,-0.217,0.0159
5.19e-05,-0.205,0.0314,0.00162,-0.218,0.0157
5.19e-05,-0.205,0.0313,0.00167,-0.218,0.0154
5.19e-05,-0.205,0.0312,0.00173,-0.218,0.0152
5.19e-05,-0.205,0.031,0.00179,-0.218,0.015
5.19e-05,-0.205,0.0309,0.00185,-0.218,0.0148
5.19e-05,-0.205,0.0308,0.00191,-0.218,0.0145
5.19e-05,-0.205,0.0306,0.00197,-0.218,0.0143
5.19e-05,-0.205,0.0305,0.00204,-0.218,0.0141
5.19e-05,-0.205,0.0303,0.00211,-0.218,0.0139
5.19e-05,-0.205,0.0302,0.00217,-0.218,0.0137
5.19e-05,-0.205,0.0301,0.00225,-0.218,0.0134
5.19e-05,-0.205,0.0299,0.00232,-0.218,0.0132
5.19e-05,-0.205,0.0298,0.0024,-0.218,0.013
5.19e-05,-0.205,0.0296,0.00248,-0.218,0.0128
5.19e-05,-0.205,0.0295,0.00256,-0.218,0.0125
5.19e-05,-0.205,0.0293,0.00265,-0.218,0.0123
5.19e-05,-0.205,0.0292,0.00274,-0.218,0.0121
5.19e-05,-0.205,0.0291,0.00283,-0.218,0.0119
5.19e-05,-0.205,0.0289,0.00293,-0.218,0.0117
5.19e-05,-0.205,0.0288,0.00303,-0.218,0.0115
5.19e-05,-0.205,0.0286,0.00314,-0.218,0.0112
5.19e-05,-0.205,0.0285,0.00325,-0.218,0.011
5.19e-05,-0.205,0.0283,0.00337,-0.218,0.0108
5.19e-05,-0.205,0.0282,0.00349,-0.218,0.0106
5.19e-05,-0.205,0.028,0.00361,-0.218,0.0104
5.19e-05,-0.205,0.0279,0.00374,-0.218,0.0102
5.19e-05,-0.205,0.0277,0.00387,-0.218,0.00994
5.19e-05,-0.205,0.0276,0.004,-0.218,0.00973
5.19e-05,-0.205,0.0275,0.00414,-0.218,0.00951
5.19e-05,-0.205,0.0273,0.00429,-0.218,0.00929
5.19e-05,-0.205,0.0272,0.00445,-0.218,0.00908
5.19e-05,-0.205,0.027,0.00461,-0.218,0.00886
5.19e-05,-0.205,0.0269,0.00477,-0.218,0.00865
5.19e-05,-0.205,0.0267,0.00494,-0.218,0.00844
5.19e-05,-0.205,0.0266,0.00511,-0.218,0.00823
5.19e-05,-0.205,0.0264,0.00528,-0.218,0.00801
5.19e-05,-0.205,0.0263,0.00545,-0.218,0.0078
5.19e-05,-0.205,0.0261,0.00563,-0.218,0.00759
5.19e-05,-0.205,0.026,0.00581,-0.218,0.00738
5.19e-05,-0.205,0.0258,0.006,-0.218,0.00718
5.19e-05,-0.205,0.0257,0.0062,-0.218,0.00697
5.19e-05,-0.205,0.0255,0.0064,-0.218,0.00676
5.19e-05,-0.205,0.0254,0.00661,-0.218,0.00655
5.19e-05,-0.205,0.0252,0.00681,-0.218,0.00634
5.19e-05,-0.205,0.0251,0.00702,-0.218,0.00613
5.19e-05,-0.205,0.0249,0.00723,-0.218,0.00593
5.19e-05,-0.205,0.0247,0.00744,-0.218,0.00572
5.19e-05,-0.205,0.0246,0.00765,-0.218,0.00551
5.19e-05,-0.205,0.0244,0.00786,-0.218,0.0053
5.19e-05,-0.205,0.0243,0.00808,-0.218,0.00509
5.19e-05,-0.205,0.0241,0.0083,-0.218,0.00488
5.19e-05,-0.205,0.024,0.00852,-0.218,0.00466
5.19e-05,-0.205,0.0238,0.00874,-0.218,0.00445
5.19e-05,-0.205,0.0237,0.00896,-0.218,0.00423
5.19e-05,-0.205,0.0235,0.00919,-0.218,0.00402
5.19e-05,-0.205,0.0234,0.00941,-0.218,0.0038
5.19e-05,-0.205,0.0232,0.00964,-0.218,0.00358
5.19e-05,-0.205,0.023,0.00987,-0.218,0.00335
5.19e-05,-0.205,0.0229,0.0101,-0.218,0.00313
5.19e-05,-0.205,0.0227,0.0103,-0.219,0.0029
5.19e-05,-0.205,0.0226,0.0106,-0.219,0.00266
5.19e-05,-0.205,0.0224,0.0108,-0.219,0.00243
5.19e-05,-0.205,0.0223,0.011,-0.219,0.00219
5.19e-05,-0.205,0.0221,0.0113,-0.219,0.00195
5.19e-05,-0.205,0.0219,0.0115,-0.219,0.0017
5.19e-05,-0.205,0.0218,0.0118,-0.219,0.00146
5.19e-05,-0.205,0.0216,0.012,-0.219,0.00123
5.19e-05,-0.205,0.0215,0.0123,-0.219,0.00101
5.19e-05,-0.205,0.0213,0.0125,-0.219,0.000792
5.19e-05,-0.205,0.0211,0.0127,-0.219,0.000583
5.19e-05,-0.205,0.021,0.0129,-0.219,0.000381
5.19e-05,-0.205,0.0208,0.0132,-0.219,0.000186
5.19e-05,-0.205,0.0206,0.0134,-0.219,-1.79e-06
5.19e-05,-0.205,0.0205,0.0136,-0.219,-0.000184
5.19e-05,-0.205,0.0203,0.0138,-0.219,-0.000359
5.19e-05,-0.205,0.0202,0.014,-0.219,-0.000528
5.19e-05,-0.205,0.02,0.0142,-0.219,-0.000692
5.19e-05,-0.205,0.0198,0.0145,-0.219,-0.00085
5.19e-05,-0.205,0.0197,0.0147,-0.219,-0.001
5.19e-05,-0.205,0.0195,0.0149,-0.219,-0.00115
5.19e-05,-0.205,0.0193,0.0151,-0.218,-0.0013
5.19e-05,-0.205,0.0192,0.0153,-0.218,-0.00144
5.19e-05,-0.205,0.019,0.0155,-0.218,-0.00157
5.19e-05,-0.205,0.0188,0.0157,-0.218,-0.0017
5.19e-05,-0.205,0.0187,0.0159,-0.218,-0.00183
5.19e-05,-0.205,0.0185,0.0161,-0.218,-0.00195
5.19e-05,-0.205,0.0183,0.0162,-0.218,-0.00206
5.19e-05,-0.205,0.0182,0.0164,-0.218,-0.00217
5.19e-05,-0.205,0.018,0.0166,-0.218,-0.00228
5.19e-05,-0.205,0.0178,0.0168,-0.218,-0.00239
5.19e-05,-0.205,0.0177,0.017,-0.218,-0.00249
5.19e-05,-0.205,0.0175,0.0172,-0.218,-0.00259
5.19e-05,-0.205,0.0173,0.0174,-0.218,-0.00268
5.19e-05,-0.205,0.0172,0.0176,-0.218,-0.00277
5.19e-05,-0.205,0.017,0.0178,-0.218,-0.00286
5.19e-05,-0.205,0.0168,0.0179,-0.218,-0.00294
5.19e-05,-0.205,0.0167,0.0181,-0.218,-0.00302
5.19e-05,-0.205,0.0165,0.0183,-0.218,-0.0031
5.19e-05,-0.205,0.0163,0.0185,-0.218,-0.00318
5.19e-05,-0.205,0.0162,0.0187,-0.218,-0.00325
5.19e-05,-0.205,0.016,0.0188,-0.218,-0.00332
5.19e-05,-0.205,0.0158,0.019,-0.218,-0.00339
5.19e-05,-0.205,0.0156,0.0192,-0.217,-0.00346
5.19e-05,-0.205,0.0155,0.0194,-0.217,-0.00353
5.19e-05,-0.205,0.0153,0.0195,-0.217,-0.00359
5.19e-05,-0.205,0.0151,0.0197,-0.217,-0.00365
5.19e-05,-0.205,0.015,0.0199,-0.217,-0.0037
5.19e-05,-0.205,0.0148,0.02,-0.217,-0.00376
5.19e-05,-0.205,0.0146,0.0202,-0.217,-0.00382
5.19e-05,-0.205,0.0144,0.0204,-0.217,-0.00387
5.19e-05,-0.205,0.0143,0.0206,-0.217,-0.00392
5.19e-05,-0.205,0.0141,0.0207,-0.217,-0.00397
5.19e-05,-0.205,0.0139,0.0209,-0.217,-0.00402
5.19e-05,-0.205,0.0137,0.021,-0.217,-0.00407
5.19e-05,-0.205,0.0136,0.0212,-0.217,-0.00411
5.19e-05,-0.205,0.0134,0.0213,-0.217,-0.00416
5.19e-05,-0.205,0.0132,0.0215,-0.217,-0.0042
5.19e-05,-0.205,0.013,0.0216,-0.217,-0.00425
5.19e-05,-0.205,0.0128,0.0217,-0.217,-0.00429
5.19e-05,-0.205,0.0127,0.0219,-0.217,-0.00433
5.19e-05,-0.205,0.0125,0.022,-0.216,-0.00438
5.19e-05,-0.205,0.0123,0.0222,-0.216,-0.00442
5.19e-05,-0.205,0.0121,0.0223,-0.216,-0.00447
5.19e-05,-0.205,0.012,0.0224,-0.216,-0.00451
5.19e-05,-0.205,0.0118,0.0225,-0.216,-0.00456
5.19e-05,-0.205,0.0116,0.0226,-0.216,-0.0046
5.19e-05,-0.205,0.0114,0.0227,-0.216,-0.00465
5.19e-05,-0.205,0.0112,0.0228,-0.216,-0.00469
5.19e-05,-0.205,0.0111,0.0229,-0.216,-0.00474
5.19e-05,-0.205,0.0109,0.0231,-0.216,-0.00479
5.19e-05,-0.205,0.0107,0.0232,-0.216,-0.00484
5.19e-05,-0.205,0.0105,0.0233,-0.216,-0.00489
5.19e-05,-0.205,0.0103,0.0234,-0.216,-0.00494
5.19e-05,-0.205,0.0102,0.0234,-0.216,-0.00499
5.19e-05,-0.205,0.00997,0.0234,-0.216,-0.00505
5.19e-05,-0.205,0.00979,0.0235,-0.216,-0.0051
5.19e-05,-0.205,0.0096,0.0236,-0.216,-0.00516
5.19e-05,-0.205,0.00942,0.0238,-0.216,-0.00521
5.19e-05,-0.205,0.00923,0.0239,-0.215,-0.00527
5.19e-05,-0.205,0.00905,0.0241,-0.215,-0.00532
5.19e-05,-0.205,0.00887,0.0242,-0.215,-0.00539
5.19e-05,-0.205,0.00868,0.0242,-0.215,-0.00546
5.19e-05,-0.205,0.0085,0.0242,-0.215,-0.00553
5.19e-05,-0.205,0.00831,0.0241,-0.215,-0.00561
5.19e-05,-0.205,0.00813,0.0241,-0.215,-0.00569
5.19e-05,-0.205,0.00794,0.0241,-0.215,-0.00577
5.19e-05,-0.205,0.00775,0.0242,-0.215,-0.00585
5.19e-05,-0.205,0.00757,0.0243,-0.215,-0.00593
5.19e-05,-0.205,0.00738,0.0245,-0.215,-0.00601
5.19e-05,-0.205,0.00719,0.0246,-0.215,-0.00609
5.19e-05,-0.205,0.007,0.0247,-0.215,-0.00619
5.19e-05,-0.205,0.00682,0.0247,-0.215,-0.00629
5.19e-05,-0.205,0.00663,0.0246,-0.215,-0.0064
5.19e-05,-0.205,0.00644,0.0245,-0.215,-0.00651
5.19e-05,-0.205,0.00625,0.0245,-0.215,-0.00663
5.19e-05,-0.205,0.00606,0.0244,-0.215,-0.00674
5.19e-05,-0.205,0.00587,0.0245,-0.215,-0.00685
5.19e-05,-0.205,0.00568,0.0246,-0.214,-0.00696
5.19e-05,-0.205,0.00549,0.0247,-0.214,-0.00707
5.19e-05,-0.205,0.0053,0.0249,-0.214,-0.00718
5.19e-05,-0.205,0.00511,0.0249,-0.214,-0.00731
5.19e-05,-0.205,0.00492,0.0249,-0.214,-0.00744
5.19e-05,-0.205,0.00472,0.0248,-0.214,-0.00758
5.19e-05,-0.205,0.00453,0.0247,-0.214,-0.00773
5.19e-05,-0.205,0.00434,0.0246,-0.214,-0.00788
5.19e-05,-0.205,0.00415,0.0245,-0.214,-0.00803
5.19e-05,-0.205,0.00395,0.0245,-0.214,-0.00818
5.19e-05,-0.205,0.00376,0.0246,-0.214,-0.00833
5.19e-05,-0.205,0.00357,0.0247,-0.214,-0.00848
5.19e-05,-0.205,0.00337,0.0248,-0.214,-0.00863
5.19e-05,-0.205,0.00318,0.0249,-0.213,-0.00879
5.19e-05,-0.205,0.00298,0.0248,-0.213,-0.00897
5.19e-05,-0.205,0.00279,0.0248,-0.213,-0.00915
5.19e-05,-0.205,0.00259,0.0246,-0.213,-0.00934
5.19e-05,-0.205,0.0024,0.0245,-0.213,-0.00953
5.19e-05,-0.205,0.0022,0.0244,-0.213,-0.00972
5.19e-05,-0.205,0.002,0.0244,-0.213,-0.00991
5.19e-05,-0.205,0.00181,0.0244,-0.213,-0.0101
5.19e-05,-0.205,0.00161,0.0245,-0.213,-0.0103
5.19e-05,-0.205,0.00141,0.0246,-0.213,-0.0105
5.19e-05,-0.205,0.00122,0.0247,-0.213,-0.0107
5.19e-05,-0.205,0.00102,0.0246,-0.213,-0.0109
5.19e-05,-0.205,0.000819,0.0246,-0.213,-0.0111
5.19e-05,-0.205,0.00062,0.0244,-0.212,-0.0113
5.19e-05,-0.205,0.000421,0.0243,-0.212,-0.0116
0,0,0,0,0,0
0,0,0,0,0,0
0,0,0,0,0,0
0,0,0,0,0,0
0,0,0,0,0,0
0,0,0,0,0,0
0,0,0,0,0,0
0,0,0,0,0,0
0,0,0,0,0,0
0,0,0,0,0,0
0,0,0,0,0,0
0,0,0,0,0,0
0,0,0,0,0,0
0,0,0,0,0,0
0,0,0,0,0,0
0,0,0,0,0,0
0,0,0,0,0,0
0,0,0,0,0,0
0,0,0,0,0,0
0,0,0,0,0,0
0,0,0,0,0,0
0,0,0,0,0,0
0,0,0,0,0,0
0,0,0,0,0,0
0,0,0,0,0,0
0,0,0,0,0,0
0,0,0,0,0,0
0,0,0,0,0,0
0,0,0,0,0,0
0,0,0,0,0,0
0,0,0,0,0,0
0,0,0,0,0,0
0,0,0,0,0,0
0,0,0,0,0,0
0,0,0,0,0,0
0,0,0,0,0,0
0,0,0,0,0,0
0,0,0,0,0,0
0,0,0,0,0,0
0,0,0,0,0,0
0,0,0,0,0,0
0,0,0,0,0,0
0,0,0,0,0,0
0,0,0,0,0,0
0,0,0,0,0,0
0,0,0,0,0,0
0,0,0,0,0,0
0,0,0,0,0,0
0,0,0,0,0,0
0,0,0,0,0,0
0,0,0,0,0,0
0,0,0,0,0,0
0,0,0,0,0,0
0,0,0,0,0,0
0,0,0,0,0,0
0,0,0,0,0,0
0,0,0,0,0,0
0,0,0,0,0,0
0,0,0,0,0,0
0,0,0,0,0,0
0,0,0,0,0,0
0,0,0,0,0,0
0,0,0,0,0,0
0,0,0,0,0,0
0,0,0,0,0,0
0,0,0,0,0,0
0,0,0,0,0,0
0,0,0,0,0,0
0,0,0,0,0,0
0,0,0,0,0,0
0,0,0,0,0,0
0,0,0,0,0,0
0,0,0,0,0,0
0,0,0,0,0,0
0,0,0,0,0,0
0,0,0,0,0,0
0,0,0,0,0,0
0,0,0,0,0,0
0,0,0,0,0,0
0,0,0,0,0,0
0,0,0,0,0,0
0,0,0,0,0,0
0,0,0,0,0,0
0,0,0,0,0,0
0,0,0,0,0,0
0,0,0,0,0,0
0,0,0,0,0,0
0,0,0,0,0,0
0,0,0,0,0,0
0,0,0,0,0,0
0,0,0,0,0,0
0,0,0,0,0,0
0,0,0,0,0,0
0,0,0,0,0,0
0,0,0,0,0,0
0,0,0,0,0,0
0,0,0,0,0,0
0,0,0,0,0,0
0,0,0,0,0,0
0,0,0,0,0,0
0,0,0,0,0,0
0,0,0,0,0,0
0,0,0,0,0,0
0,0,0,0,0,0
0,0,0,0,0,0
0,0,0,0,0,0
0,0,0,0,0,0
0,0,0,0,0,0
0,0,0,0,0,0
0,0,0,0,0,0
0,0,0,0,0,0
0,0,0,0,0,0
0,0,0,0,0,0
0,0,0,0,0,0
0,0,0,0,0,0
0,0,0,0,0,0
0,0,0,0,0,0
0,0,0,0,0,0
0,0,0,0,0,0
0,0,0,0,0,0
0,0,0,0,0,0
0,0,0,0,0,0
0,0,0,0,0,0
0,0,0,0,0,0
0,0,0,0,0,0
0,0,0,0,0,0
0,0,0,0,0,0
0,0,0,0,0,0
0,0,0,0,0,0
0,0,0,0,0,0
0,0,0,0,0,0
0,0,0,0,0,0
0,0,0,0,0,0
0,0,0,0,0,0
0,0,0,0,0,0
0,0,0,0,0,0
0,0,0,0,0,0
0,0,0,0,0,0
0,0,0,0,0,0
0,0,0,0,0,0
0,0,0,0,0,0
0,0,0,0,0,0
0,0,0,0,0,0
0,0,0,0,0,0
0,0,0,0,0,0
0,0,0,0,0,0
0,0,0,0,0,0
0,0,0,0,0,0
0,0,0,0,0,0
0,0,0,0,0,0
0,0,0,0,0,0
0,0,0,0,0,0
0,0,0,0,0,0
0,0,0,0,0,0
0,0,0,0,0,0
0,0,0,0,0,0
0,0,0,0,0,0
0,0,0,0,0,0
0,0,0,0,0,0
0,0,0,0,0,0
0,0,0,0,0,0
0,0,0,0,0,0
0,0,0,0,0,0
0,0,0,0,0,0
0,0,0,0,0,0
0,0,0,0,0,0
0,0,0,0,0,0
0,0,0,0,0,0
0,0,0,0,0,0
0,0,0,0,0,0
0,0,0,0,0,0
0,0,0,0,0,0
0,0,0,0,0,0
0,0,0,0,0,0
0,0,0,0,0,0
0,0,0,0,0,0
0,0,0,0,0,0
0,0,0,0,0,0
0,0,0,0,0,0
0,0,0,0,0,0
0,0,0,0,0,0
0,0,0,0,0,0
0,0,0,0,0,0
0,0,0,0,0,0
0,0,0,0,0,0
0,0,0,0,0,0
0,0,0,0,0,0
0,0,0,0,0,0
0,0,0,0,0,0
0,0,0,0,0,0
0,0,0,0,0,0
0,0,0,0,0,0
0,0,0,0,0,0
0,0,0,0,0,0
0,0,0,0,0,0
0,0,0,0,0,0
0,0,0,0,0,0
0,0,0,0,0,0
0,0,0,0,0,0
0,0,0,0,0,0
0,0,0,0,0,0
0,0,0,0,0,0
0,0,0,0,0,0
0,0,0,0,0,0
0,0,0,0,0,0
